HRHHID,HRHHID2,PULINENO,HRMONTH,base_year,n_obs,returned
094994203002159,79001,1,1,2005,1.0,0.0
094994203002159,79001,2,1,2005,1.0,0.0
942099909100903,79001,2,1,2005,1.0,0.0
050130560992592,79001,1,1,2005,2.0,1.0
256489350769005,79001,1,1,2005,2.0,0.0
687830557640960,79001,1,1,2005,3.0,0.0
090916405001634,79001,2,1,2005,3.0,0.0
400807987835898,79001,1,1,2005,1.0,0.0
028960490781890,79001,2,1,2005,1.0,1.0
989150183390940,79001,1,1,2005,1.0,0.0
989150183390940,79001,2,1,2005,1.0,0.0
654170419000898,79001,1,1,2005,2.0,1.0
089750157720741,79001,4,1,2005,1.0,0.0
711604025905174,79001,1,1,2005,2.0,0.0
920318097014539,79001,2,1,2005,1.0,0.0
399660425370951,79001,2,1,2005,2.0,0.0
631225036907094,79001,1,1,2005,3.0,0.0
021711530698190,79001,2,1,2005,2.0,0.0
196956802024639,79001,2,1,2005,3.0,0.0
877247360349107,79001,2,1,2005,3.0,1.0
871982096909865,79001,2,1,2005,3.0,0.0
028078104160030,79001,1,1,2005,3.0,0.0
644196549800922,79001,1,1,2005,1.0,0.0
644196549800922,79001,3,1,2005,1.0,0.0
919229450459102,79001,2,1,2005,2.0,0.0
999950986560951,79001,2,1,2005,2.0,0.0
502551035908099,79001,1,1,2005,2.0,0.0
966299969000938,79001,2,1,2005,3.0,0.0
983022814269110,79001,2,1,2005,3.0,0.0
206601632995193,79001,1,1,2005,3.0,0.0
263494306056309,79001,1,1,2005,1.0,0.0
445291329300966,79001,1,1,2005,1.0,0.0
078612630698043,79001,1,1,2005,3.0,0.0
420409916064499,79001,2,1,2005,1.0,0.0
106907642992874,79001,2,1,2005,3.0,0.0
291925306041588,79001,1,1,2005,2.0,0.0
296906100013609,79001,1,1,2005,3.0,0.0
984096943259050,79001,2,1,2005,2.0,0.0
063012670954791,79001,1,1,2005,3.0,0.0
264269959900968,79001,1,1,2005,3.0,0.0
946398559000996,79001,1,1,2005,1.0,0.0
086563630768992,79001,2,1,2005,3.0,0.0
843075026909296,79001,1,1,2005,,
992034979359280,79001,1,1,2005,2.0,0.0
399964502028649,79001,1,1,2005,1.0,0.0
126460560970304,79001,2,1,2005,3.0,0.0
863397919600913,79001,2,1,2005,3.0,1.0
463789015908992,79001,1,1,2005,2.0,0.0
829709560129303,79001,2,1,2005,3.0,0.0
959180163440943,79001,2,1,2005,1.0,0.0
989710186730943,79001,1,1,2005,1.0,0.0
506604454991730,79001,1,1,2005,,
540209953544434,79001,2,1,2005,2.0,0.0
545499889200416,79001,2,1,2005,1.0,0.0
624294034909797,79001,1,1,2005,1.0,0.0
924319094909969,79001,2,1,2005,1.0,0.0
982029750909400,79001,1,1,2005,2.0,0.0
354274066909596,79001,2,1,2005,3.0,0.0
854843006909894,79001,1,1,2005,3.0,0.0
440706979205691,79001,1,1,2005,1.0,0.0
493924700024879,79001,1,1,2005,1.0,0.0
496976106026819,79001,1,1,2005,3.0,0.0
640809912902472,79001,1,1,2005,3.0,0.0
938599150659400,79001,2,1,2005,2.0,0.0
495994709089889,79001,2,1,2005,1.0,0.0
952577119000897,79001,2,1,2005,2.0,0.0
015252086909690,79001,4,1,2005,3.0,0.0
260591359100915,79001,3,1,2005,3.0,0.0
406902645997521,79001,1,1,2005,3.0,0.0
078225510992699,79001,2,1,2005,2.0,0.0
884459160716504,79001,1,1,2005,3.0,0.0
499610005930955,79001,1,1,2005,2.0,1.0
544594839500976,79001,2,1,2005,1.0,0.0
052675460987699,79002,1,1,2005,1.0,0.0
052675460987699,79002,2,1,2005,1.0,0.0
074094609200516,79001,1,2,2005,3.0,0.0
687830557640960,79001,1,2,2005,2.0,0.0
407904900592126,79001,1,2,2005,3.0,0.0
090916405001634,79001,2,2,2005,2.0,0.0
925028918079600,79001,2,2,2005,1.0,0.0
790341007001316,79001,1,2,2005,3.0,1.0
654170419000898,79001,1,2,2005,1.0,1.0
955080461179890,79001,1,2,2005,3.0,0.0
972959370949103,79001,3,2,2005,3.0,0.0
399660425370951,79001,2,2,2005,1.0,0.0
631225036907094,79001,1,2,2005,2.0,0.0
021711530698190,79001,2,2,2005,1.0,0.0
519450301230961,79001,2,2,2005,2.0,0.0
196956802024639,79001,2,2,2005,2.0,0.0
860778094715009,79001,2,2,2005,1.0,1.0
917589470609102,79001,1,2,2005,3.0,0.0
507905171895618,79001,1,2,2005,3.0,0.0
028078104160030,79001,1,2,2005,2.0,0.0
919229450459102,79001,2,2,2005,1.0,0.0
979299670199105,79001,2,2,2005,3.0,0.0
999950986560951,79001,2,2,2005,1.0,0.0
502551035908099,79001,1,2,2005,1.0,0.0
370909092027059,79001,1,2,2005,3.0,0.0
007604852942831,79001,1,2,2005,3.0,0.0
620106933949592,79001,2,2,2005,2.0,0.0
294986202043259,79001,1,2,2005,2.0,0.0
983022814269110,79001,2,2,2005,2.0,0.0
206601632995193,79001,1,2,2005,2.0,0.0
078612630698043,79001,1,2,2005,2.0,0.0
106907642992874,79001,2,2,2005,2.0,0.0
430949079627429,79001,1,2,2005,3.0,0.0
940741090027619,79001,2,2,2005,2.0,1.0
274291279500670,79001,2,2,2005,3.0,0.0
291925306041588,79001,1,2,2005,1.0,0.0
296906100013609,79001,1,2,2005,2.0,0.0
699540419650972,79001,1,2,2005,3.0,1.0
984096943259050,79001,2,2,2005,1.0,0.0
172432086909792,79001,1,2,2005,2.0,0.0
063012670954791,79001,1,2,2005,2.0,0.0
921037915259960,79001,2,2,2005,1.0,0.0
977077921279550,79001,2,2,2005,2.0,0.0
264269959900968,79001,1,2,2005,2.0,0.0
028133500695497,79001,1,2,2005,1.0,0.0
304077903035141,79001,2,2,2005,2.0,0.0
086563630768992,79001,2,2,2005,2.0,0.0
770003538369540,79001,1,2,2005,2.0,0.0
733551026904970,79001,1,2,2005,2.0,1.0
908054942359380,79001,2,2,2005,1.0,0.0
992034979359280,79001,1,2,2005,1.0,0.0
340764097637079,79001,2,2,2005,3.0,0.0
699990057570973,79001,1,2,2005,1.0,0.0
126460560970304,79001,2,2,2005,2.0,0.0
463789015908992,79001,1,2,2005,1.0,0.0
705903683892706,79001,1,2,2005,1.0,0.0
947077979359720,79001,2,2,2005,1.0,0.0
829709560129303,79001,2,2,2005,2.0,0.0
999379870006309,79001,4,2,2005,3.0,1.0
540209953544434,79001,1,2,2005,1.0,0.0
540209953544434,79001,2,2,2005,1.0,0.0
982029750909400,79001,1,2,2005,1.0,0.0
794699470017403,79001,1,2,2005,3.0,0.0
354274066909596,79001,2,2,2005,2.0,0.0
854843006909894,79001,1,2,2005,2.0,0.0
946289570359400,79001,2,2,2005,3.0,0.0
640809912902472,79001,1,2,2005,2.0,0.0
938599150659400,79001,2,2,2005,1.0,0.0
084507017001607,79001,1,2,2005,3.0,0.0
907902444597908,79001,2,2,2005,3.0,0.0
260591359100915,79001,3,2,2005,2.0,0.0
406902645997521,79001,1,2,2005,2.0,0.0
078225510992699,79001,2,2,2005,1.0,0.0
884459160716504,79001,1,2,2005,2.0,0.0
499610005930955,79001,1,2,2005,1.0,1.0
599970487430755,79001,3,2,2005,1.0,0.0
074094609200516,79001,1,3,2005,2.0,0.0
206904430796994,79001,2,3,2005,1.0,0.0
370846090108438,79001,1,3,2005,3.0,1.0
687830557640960,79001,1,3,2005,1.0,0.0
090988408016699,79001,3,3,2005,3.0,0.0
946309770849005,79001,2,3,2005,2.0,0.0
090916405001634,79001,2,3,2005,1.0,0.0
990597028904574,79001,2,3,2005,3.0,0.0
195957707017025,79001,2,3,2005,2.0,0.0
955080461179890,79001,1,3,2005,2.0,0.0
520827092018279,79001,2,3,2005,3.0,0.0
972959370949103,79001,3,3,2005,2.0,0.0
631225036907094,79001,1,3,2005,1.0,0.0
731776008909598,79001,2,3,2005,3.0,0.0
810609918096597,79001,1,3,2005,3.0,0.0
917589470609102,79001,1,3,2005,2.0,0.0
018151870984894,79001,1,3,2005,3.0,0.0
191968502039739,79001,1,3,2005,3.0,1.0
867677780099105,79001,1,3,2005,3.0,0.0
608900631990207,79001,1,3,2005,3.0,0.0
028078104160030,79001,1,3,2005,1.0,0.0
059501880986493,79001,1,3,2005,3.0,0.0
583165879800916,79001,2,3,2005,3.0,0.0
979299670199105,79001,2,3,2005,2.0,0.0
370909092027059,79001,1,3,2005,2.0,0.0
010950342990182,79001,1,3,2005,3.0,0.0
620106933949592,79001,2,3,2005,1.0,0.0
294986202043259,79001,1,3,2005,1.0,0.0
983022814269110,79001,2,3,2005,1.0,0.0
010932062528964,79001,1,3,2005,3.0,0.0
206601632995193,79001,1,3,2005,1.0,0.0
078612630698043,79001,1,3,2005,1.0,0.0
106907642992874,79001,2,3,2005,1.0,0.0
690647097528609,79001,2,3,2005,3.0,0.0
940741090027619,79001,2,3,2005,1.0,1.0
274291279500670,79001,2,3,2005,2.0,0.0
299917304098528,79001,2,3,2005,2.0,1.0
762524038907896,79001,2,3,2005,3.0,1.0
296906100013609,79001,1,3,2005,1.0,0.0
906269370579206,79001,2,3,2005,2.0,0.0
063012670954791,79001,1,3,2005,1.0,0.0
972235086909892,79001,2,3,2005,1.0,0.0
977077921279550,79001,2,3,2005,1.0,0.0
820707960492390,79001,1,3,2005,3.0,0.0
264269959900968,79001,1,3,2005,1.0,0.0
265908107051909,79001,1,3,2005,3.0,0.0
397948608004079,79001,1,3,2005,3.0,0.0
397948608004079,79001,2,3,2005,3.0,0.0
970392269100532,79001,2,3,2005,2.0,0.0
304077903035141,79001,2,3,2005,1.0,0.0
086563630768992,79001,2,3,2005,1.0,0.0
770003538369540,79001,1,3,2005,1.0,0.0
543389018909795,79001,2,3,2005,3.0,0.0
830609905412498,79001,1,3,2005,3.0,0.0
689250717140983,79001,3,3,2005,2.0,1.0
126460560970304,79001,2,3,2005,1.0,0.0
708909253993709,79001,1,3,2005,3.0,0.0
829709560129303,79001,2,3,2005,1.0,0.0
999379870006309,79001,4,3,2005,2.0,1.0
289330493800964,79001,3,3,2005,1.0,0.0
794699470017403,79001,1,3,2005,2.0,0.0
354274066909596,79001,2,3,2005,1.0,0.0
854843006909894,79001,1,3,2005,1.0,0.0
766476149600930,79001,2,3,2005,1.0,0.0
946289570359400,79001,2,3,2005,2.0,0.0
640809912902472,79001,1,3,2005,1.0,0.0
660490629800931,79001,2,3,2005,1.0,0.0
084507017001607,79001,1,3,2005,2.0,0.0
907902444597908,79001,2,3,2005,2.0,0.0
260591359100915,79001,3,3,2005,1.0,0.0
406902645997521,79001,1,3,2005,1.0,0.0
515122027908494,79001,1,3,2005,2.0,0.0
884459160716504,79001,1,3,2005,1.0,0.0
065595018909995,79001,1,3,2005,3.0,1.0
094930110994295,80001,1,4,2005,3.0,0.0
074094609200516,79001,1,4,2005,1.0,0.0
617210644690980,79001,1,4,2005,2.0,1.0
946046681087410,79001,3,4,2005,2.0,1.0
950663092108359,79001,2,4,2005,2.0,0.0
090988408016699,79001,3,4,2005,2.0,0.0
401901970894746,80001,1,4,2005,3.0,0.0
093260180994499,80001,2,4,2005,3.0,1.0
140984096101849,80001,1,4,2005,3.0,0.0
968569510617002,80001,2,4,2005,3.0,0.0
094991203002958,80001,2,4,2005,2.0,0.0
100909924593082,80001,1,4,2005,3.0,0.0
194991203002056,80001,1,4,2005,3.0,1.0
195957707017025,79001,2,4,2005,1.0,0.0
955080461179890,79001,1,4,2005,1.0,0.0
570715070711448,80001,1,4,2005,3.0,0.0
316194759200621,80001,2,4,2005,3.0,1.0
520827092018279,79001,2,4,2005,2.0,0.0
389166329300936,79001,1,4,2005,1.0,0.0
766075999119200,80001,2,4,2005,3.0,1.0
810609918096597,79001,1,4,2005,2.0,0.0
699300389410911,80001,1,4,2005,3.0,0.0
917589470609102,79001,1,4,2005,1.0,0.0
018151870984894,79001,1,4,2005,2.0,0.0
708480780600981,79001,2,4,2005,2.0,1.0
799920743610911,80001,2,4,2005,3.0,0.0
810709933125292,79001,2,4,2005,2.0,0.0
867677780099105,79001,1,4,2005,2.0,0.0
120978094111479,80001,1,4,2005,3.0,0.0
780978093911169,80001,1,4,2005,3.0,0.0
608900631990207,79001,1,4,2005,2.0,0.0
074171180999398,80001,2,4,2005,3.0,0.0
059501880986493,79001,1,4,2005,2.0,0.0
583165879800916,79001,2,4,2005,2.0,0.0
979299670199105,79001,2,4,2005,1.0,0.0
370909092027059,79001,1,4,2005,1.0,0.0
681071944219570,80001,1,4,2005,3.0,0.0
299520987050912,80001,2,4,2005,3.0,0.0
010932062528964,79001,1,4,2005,2.0,0.0
684266479300944,79001,1,4,2005,1.0,1.0
690647097528609,79001,2,4,2005,2.0,0.0
274291279500670,79001,2,4,2005,1.0,0.0
071046114280560,79001,1,4,2005,2.0,1.0
043372170972293,80001,1,4,2005,3.0,0.0
977077921279550,79001,2,4,2005,,
820707960492390,79001,1,4,2005,2.0,0.0
265908107051909,79001,1,4,2005,2.0,0.0
397948608004079,79001,2,4,2005,2.0,0.0
830006902317997,79001,2,4,2005,2.0,0.0
970392269100532,79001,2,4,2005,1.0,0.0
199120294040613,80001,1,4,2005,3.0,0.0
199150608760913,80001,2,4,2005,3.0,0.0
304077903035141,79001,2,4,2005,,
313743097001504,79001,2,4,2005,1.0,1.0
315396299100880,80001,1,4,2005,3.0,0.0
394991203002250,80001,2,4,2005,3.0,0.0
830307910003791,79001,2,4,2005,2.0,0.0
543389018909795,79001,2,4,2005,2.0,0.0
007901033891224,79001,2,4,2005,1.0,0.0
479960521980973,79001,2,4,2005,1.0,0.0
499770113960913,80001,1,4,2005,3.0,0.0
830609905412498,79001,1,4,2005,2.0,0.0
340764097637079,79001,2,4,2005,1.0,0.0
937309710909309,80001,2,4,2005,3.0,0.0
788179610269308,80001,1,4,2005,3.0,0.0
708909253993709,79001,1,4,2005,2.0,0.0
999379870006309,79001,4,4,2005,1.0,1.0
070994120993390,80001,2,4,2005,3.0,0.0
499810245680914,80001,2,4,2005,3.0,0.0
794699470017403,79001,1,4,2005,1.0,0.0
946289570359400,79001,2,4,2005,1.0,0.0
084507017001607,79001,1,4,2005,1.0,0.0
768518170949403,79001,1,4,2005,1.0,0.0
907902444597908,79001,2,4,2005,1.0,0.0
608905294992749,79001,2,4,2005,2.0,1.0
315566504000974,80001,2,4,2005,3.0,0.0
908904775799351,79001,1,4,2005,2.0,0.0
515122027908494,79001,1,4,2005,1.0,0.0
941919310977508,80001,1,4,2005,3.0,1.0
500939098551489,80001,1,4,2005,3.0,0.0
301000845101075,80001,2,4,2005,3.0,0.0
065595018909995,79001,1,4,2005,2.0,1.0
094930110994295,80001,1,5,2005,2.0,0.0
619640114480920,80001,1,5,2005,3.0,0.0
916649010139006,80001,1,5,2005,2.0,0.0
946046681087410,79001,3,5,2005,1.0,1.0
090988408016699,79001,3,5,2005,1.0,0.0
401901970894746,80001,1,5,2005,2.0,0.0
866569520349009,80001,1,5,2005,3.0,0.0
140984096101849,80001,1,5,2005,2.0,0.0
968569510617002,80001,2,5,2005,2.0,0.0
100909924593082,80001,1,5,2005,2.0,0.0
040701076911849,80001,1,5,2005,2.0,1.0
174978502052059,79001,2,5,2005,1.0,0.0
570715070711448,80001,1,5,2005,2.0,0.0
740071547128550,80001,2,5,2005,3.0,0.0
520827092018279,79001,2,5,2005,1.0,0.0
389166329300936,79001,1,5,2005,,
195982103013697,80001,1,5,2005,3.0,0.0
810609918096597,79001,1,5,2005,1.0,0.0
699300389410911,80001,1,5,2005,2.0,0.0
210609952580997,80001,2,5,2005,3.0,0.0
018151870984894,79001,1,5,2005,1.0,0.0
191968502039739,79001,1,5,2005,1.0,0.0
799920743610911,80001,2,5,2005,2.0,0.0
867677780099105,79001,1,5,2005,1.0,0.0
120978094111479,80001,1,5,2005,2.0,0.0
780978093911169,80001,1,5,2005,2.0,0.0
608900631990207,79001,1,5,2005,1.0,0.0
074171180999398,80001,2,5,2005,2.0,0.0
059501880986493,79001,1,5,2005,1.0,0.0
583165879800916,79001,2,5,2005,1.0,0.0
210909927901399,80001,2,5,2005,3.0,0.0
602703921991609,80001,1,5,2005,3.0,0.0
681071944219570,80001,1,5,2005,2.0,0.0
299520987050912,80001,2,5,2005,2.0,0.0
010932062528964,79001,1,5,2005,1.0,0.0
690647097528609,79001,2,5,2005,1.0,0.0
033532250961298,80001,2,5,2005,3.0,0.0
292902203010517,80001,1,5,2005,2.0,0.0
043372170972293,80001,1,5,2005,2.0,0.0
202701432997567,80001,2,5,2005,3.0,0.0
892109042907793,80001,2,5,2005,3.0,1.0
265908107051909,79001,1,5,2005,1.0,0.0
630990092021069,80001,2,5,2005,2.0,0.0
397948608004079,79001,2,5,2005,1.0,0.0
830006902317997,79001,2,5,2005,1.0,0.0
102906313996940,80001,1,5,2005,3.0,0.0
199120294040613,80001,1,5,2005,2.0,0.0
199150608760913,80001,2,5,2005,2.0,0.0
315396299100880,80001,1,5,2005,2.0,0.0
394991203002250,80001,2,5,2005,2.0,0.0
399770504750913,80001,3,5,2005,,
543389018909795,79001,2,5,2005,1.0,0.0
937309710909309,80001,2,5,2005,2.0,0.0
901004243103597,80001,2,5,2005,2.0,0.0
227361229700942,80001,1,5,2005,3.0,0.0
230807907755896,80001,1,5,2005,3.0,0.0
802904953993998,80001,2,5,2005,3.0,0.0
788179610269308,80001,1,5,2005,2.0,0.0
708909253993709,79001,1,5,2005,1.0,0.0
093161052909062,80001,4,5,2005,3.0,0.0
502907234994660,80001,1,5,2005,,
401704644894061,80001,1,5,2005,2.0,0.0
070522096942969,80001,1,5,2005,3.0,0.0
070522096942969,80001,2,5,2005,3.0,0.0
070994120993390,80001,2,5,2005,2.0,0.0
494981405093276,80001,1,5,2005,2.0,0.0
499810245680914,80001,2,5,2005,2.0,0.0
479958606026529,79001,1,5,2005,1.0,1.0
498962100015529,80001,2,5,2005,3.0,0.0
789490356220984,79001,2,5,2005,1.0,0.0
370189092042059,80001,1,5,2005,3.0,0.0
502609434997288,80001,1,5,2005,3.0,0.0
608905294992749,79001,2,5,2005,1.0,1.0
044574290985291,80001,1,5,2005,3.0,1.0
010800061652219,80001,1,5,2005,3.0,0.0
047145100690692,80001,1,5,2005,2.0,0.0
926578559000796,80001,1,5,2005,3.0,0.0
811529120319509,80001,2,5,2005,3.0,0.0
808903295995824,79001,1,5,2005,1.0,0.0
301000845101075,80001,2,5,2005,2.0,0.0
065595018909995,79001,1,5,2005,1.0,1.0
094930110994295,80001,1,6,2005,1.0,0.0
053042144020060,80001,2,6,2005,2.0,0.0
098951302056508,80002,1,6,2005,1.0,0.0
200609956102842,80001,2,6,2005,2.0,1.0
619640114480920,80001,1,6,2005,2.0,0.0
802907820997026,80001,1,6,2005,2.0,0.0
866569520349009,80001,1,6,2005,2.0,0.0
093260180994499,80001,2,6,2005,1.0,0.0
140984096101849,80001,1,6,2005,1.0,0.0
290755051906274,80001,1,6,2005,1.0,0.0
040701076911849,80001,1,6,2005,1.0,1.0
210001015983113,80001,8,6,2005,2.0,0.0
570715070711448,80001,1,6,2005,1.0,0.0
436198809200819,80001,1,6,2005,3.0,0.0
735198619200300,80001,1,6,2005,2.0,1.0
195982103013697,80001,1,6,2005,2.0,0.0
571389013905795,80001,2,6,2005,3.0,0.0
120978094111479,80001,1,6,2005,1.0,0.0
271680082909260,80001,2,6,2005,2.0,1.0
780978093911169,80001,1,6,2005,1.0,0.0
330999070711519,80001,1,6,2005,1.0,1.0
918009971139270,80001,2,6,2005,1.0,0.0
037072200980298,80001,2,6,2005,2.0,0.0
780710066321439,80001,2,6,2005,1.0,0.0
681071944219570,80001,1,6,2005,1.0,0.0
299520987050912,80001,2,6,2005,1.0,0.0
932619630059205,80001,2,6,2005,3.0,0.0
620935069722764,80001,1,6,2005,2.0,0.0
292902203010517,80001,1,6,2005,1.0,0.0
640557098222719,80001,1,6,2005,2.0,1.0
739293209600846,80001,2,6,2005,3.0,0.0
932299279600356,80001,2,6,2005,3.0,1.0
043372170972293,80001,1,6,2005,1.0,0.0
020862170992590,80001,1,6,2005,1.0,1.0
057452380992092,80001,1,6,2005,3.0,0.0
087412180696699,80001,2,6,2005,1.0,0.0
892109042907793,80001,2,6,2005,2.0,1.0
999350937540912,80001,2,6,2005,1.0,0.0
199150608760913,80001,2,6,2005,1.0,0.0
078673110994898,80001,1,6,2005,1.0,0.0
315396299100880,80001,1,6,2005,1.0,0.0
394991203002250,80001,2,6,2005,1.0,0.0
709013963339490,80001,2,6,2005,3.0,1.0
133396489400814,80001,2,6,2005,,
033343150994595,80001,1,6,2005,1.0,1.0
981036587329280,80001,2,6,2005,2.0,0.0
937309710909309,80001,2,6,2005,1.0,0.0
227361229700942,80001,1,6,2005,2.0,0.0
227361229700942,80001,2,6,2005,2.0,1.0
230807907755896,80001,1,6,2005,2.0,0.0
326394759800921,80001,2,6,2005,2.0,0.0
330809991273288,80001,1,6,2005,3.0,1.0
802904953993998,80001,2,6,2005,2.0,0.0
228393119800905,80001,1,6,2005,2.0,0.0
788179610269308,80001,1,6,2005,1.0,0.0
102905333997099,80001,1,6,2005,2.0,1.0
325394959900706,80001,2,6,2005,2.0,1.0
011214110997494,80001,1,6,2005,1.0,0.0
401704644894061,80001,1,6,2005,1.0,0.0
070522096942969,80001,1,6,2005,2.0,0.0
070522096942969,80001,2,6,2005,2.0,0.0
070994120993390,80001,2,6,2005,1.0,0.0
140209933096586,80001,1,6,2005,,
140209933096586,80001,2,6,2005,,
499810245680914,80001,2,6,2005,1.0,0.0
498962100015529,80001,2,6,2005,2.0,0.0
240607945806093,80001,2,6,2005,2.0,1.0
026414170998992,80001,2,6,2005,1.0,0.0
967509110029407,80001,2,6,2005,1.0,0.0
140809931408080,80001,1,6,2005,1.0,1.0
970985099741199,80001,1,6,2005,1.0,0.0
240800067533228,80001,2,6,2005,2.0,0.0
494982100097839,80001,2,6,2005,1.0,0.0
502609434997288,80001,1,6,2005,2.0,0.0
010800061652219,80001,1,6,2005,2.0,0.0
560463605028089,80001,2,6,2005,2.0,1.0
047145100690692,80001,1,6,2005,1.0,0.0
926578559000796,80001,1,6,2005,2.0,0.0
086565310993594,80001,1,6,2005,3.0,0.0
434506070100133,80001,1,6,2005,2.0,0.0
936091973539310,80001,2,6,2005,3.0,0.0
080135096052339,80001,2,6,2005,2.0,0.0
954249910629503,80001,2,6,2005,1.0,0.0
565912704081419,80001,2,6,2005,2.0,1.0
566943702067478,80001,1,6,2005,3.0,0.0
568992700090439,80001,1,6,2005,2.0,0.0
785005983519400,80001,1,6,2005,1.0,1.0
979064623049210,80001,1,7,2005,3.0,1.0
930074941038630,80001,3,7,2005,1.0,0.0
400509958214096,80001,2,7,2005,3.0,0.0
589400611360640,80001,1,7,2005,3.0,1.0
093812806051659,80001,1,7,2005,1.0,0.0
619640114480920,80001,1,7,2005,1.0,0.0
846309020649006,80001,1,7,2005,1.0,0.0
300609939750985,80001,1,7,2005,2.0,1.0
300609949225854,80001,1,7,2005,1.0,0.0
637056967039470,80001,2,7,2005,2.0,0.0
520986078203349,80001,2,7,2005,2.0,1.0
744079639900983,80001,1,7,2005,3.0,1.0
754039866029210,80001,2,7,2005,1.0,0.0
720214095513529,80001,1,7,2005,2.0,1.0
310209954516489,80001,2,7,2005,2.0,0.0
436198809200819,80001,1,7,2005,2.0,0.0
882079440279108,80001,2,7,2005,3.0,1.0
195982103013697,80001,1,7,2005,1.0,0.0
195983103013695,80001,1,7,2005,2.0,0.0
571389013905795,80001,2,7,2005,2.0,0.0
020241470019604,80001,1,7,2005,3.0,1.0
191844054909771,80001,1,7,2005,3.0,1.0
191844054909771,80001,2,7,2005,3.0,1.0
037072200980298,80001,2,7,2005,1.0,0.0
048962400691046,80001,1,7,2005,3.0,1.0
420009958076593,80001,2,7,2005,3.0,1.0
220009937926497,80001,1,7,2005,1.0,0.0
932619630059205,80001,2,7,2005,2.0,0.0
620935069722764,80001,1,7,2005,1.0,0.0
904703062991393,80001,1,7,2005,3.0,1.0
420309921262797,80001,1,7,2005,3.0,1.0
420309921262797,80001,2,7,2005,3.0,0.0
220609971034697,80001,1,7,2005,1.0,1.0
739293209600846,80001,2,7,2005,2.0,0.0
420609977619193,80001,2,7,2005,3.0,0.0
420709970528497,80001,2,7,2005,3.0,0.0
892109042907793,80001,2,7,2005,1.0,1.0
379953606026326,80001,1,7,2005,2.0,1.0
004705293999103,80001,1,7,2005,3.0,1.0
392942502026317,80001,1,7,2005,1.0,0.0
546374229300921,80001,1,7,2005,3.0,0.0
014493340978096,80001,1,7,2005,2.0,1.0
643026003908293,80001,1,7,2005,2.0,1.0
740399089600993,80001,1,7,2005,3.0,1.0
393963903098626,80001,1,7,2005,2.0,1.0
981036587329280,80001,2,7,2005,1.0,0.0
227361229700942,80001,1,7,2005,1.0,0.0
430706933504699,80001,2,7,2005,3.0,1.0
230807907755896,80001,1,7,2005,1.0,0.0
326394759800921,80001,2,7,2005,1.0,0.0
330809991273288,80001,1,7,2005,2.0,1.0
175018187320830,80001,1,7,2005,1.0,0.0
204601554992500,80001,2,7,2005,3.0,0.0
497932000099139,80001,1,7,2005,1.0,1.0
993051914439980,80001,2,7,2005,2.0,1.0
240209939555190,80001,2,7,2005,1.0,1.0
469880619500724,80001,2,7,2005,1.0,1.0
498962100015529,80001,2,7,2005,1.0,0.0
764304084909290,80001,2,7,2005,3.0,1.0
802906844994338,80001,2,7,2005,1.0,0.0
240800067533228,80001,2,7,2005,1.0,0.0
494982100097839,80001,2,7,2005,,
502609434997288,80001,1,7,2005,1.0,0.0
497983609097918,80001,2,7,2005,2.0,1.0
010800061652219,80001,1,7,2005,1.0,0.0
560463605028089,80001,2,7,2005,1.0,1.0
910829530546503,80001,2,7,2005,2.0,1.0
089600616920725,80001,2,7,2005,1.0,0.0
089600616920945,80001,2,7,2005,2.0,0.0
348599909100925,80001,1,7,2005,3.0,0.0
909001901539190,80001,1,7,2005,2.0,0.0
936091973539310,80001,2,7,2005,2.0,0.0
080135096052339,80001,2,7,2005,1.0,0.0
499640600030635,80001,2,7,2005,2.0,1.0
568992700090439,80001,1,7,2005,1.0,0.0
350500062997510,80001,2,7,2005,2.0,1.0
175290140831502,80001,1,7,2005,3.0,1.0
365544054909393,80001,1,7,2005,3.0,1.0
810904034909393,80001,1,8,2005,2.0,0.0
852008480100190,80001,2,8,2005,3.0,0.0
120924075909562,80001,1,8,2005,3.0,1.0
299960537490630,80001,1,8,2005,1.0,1.0
299960537490630,80001,2,8,2005,1.0,1.0
930074941038630,80001,3,8,2005,,
400509958214096,80001,2,8,2005,2.0,0.0
599400601730650,80001,1,8,2005,3.0,0.0
140564096104847,80001,1,8,2005,2.0,1.0
300609949225854,80001,1,8,2005,,
300907915983163,80001,1,8,2005,1.0,0.0
205705930590249,80001,2,8,2005,3.0,0.0
201570063903975,80001,2,8,2005,1.0,0.0
950279550779101,80001,1,8,2005,3.0,1.0
711604025808194,80001,1,8,2005,3.0,1.0
951071703139420,80001,1,8,2005,,
951071703139420,80001,3,8,2005,,
198934603089289,80001,1,8,2005,2.0,0.0
310209954516489,80001,2,8,2005,1.0,0.0
436198809200819,80001,1,8,2005,1.0,0.0
890426095513039,80001,2,8,2005,1.0,0.0
403900101692813,80001,1,8,2005,1.0,0.0
195983103013695,80001,1,8,2005,1.0,0.0
257200550570104,80001,2,8,2005,3.0,0.0
571389013905795,80001,2,8,2005,1.0,0.0
020241470019604,80001,1,8,2005,2.0,1.0
999770406690751,80001,2,8,2005,3.0,0.0
160991072015029,80001,3,8,2005,3.0,0.0
191844054909771,80001,1,8,2005,2.0,1.0
191844054909771,80001,2,8,2005,2.0,1.0
048962400691046,80001,1,8,2005,2.0,1.0
950739950139208,80001,2,8,2005,2.0,0.0
932619630059205,80001,2,8,2005,1.0,0.0
904703062991393,80001,1,8,2005,2.0,1.0
075882440768398,80002,1,8,2005,2.0,1.0
870754097825029,80001,1,8,2005,3.0,0.0
739293209600846,80001,2,8,2005,1.0,0.0
320609947716582,80001,2,8,2005,1.0,0.0
420609977619193,80001,2,8,2005,2.0,0.0
351271059700651,80001,2,8,2005,3.0,1.0
420709970528497,80001,2,8,2005,2.0,0.0
444296079800933,80001,1,8,2005,2.0,0.0
051263729900860,80001,1,8,2005,3.0,0.0
909309150389205,80001,1,8,2005,3.0,0.0
711149730789303,80001,1,8,2005,1.0,0.0
379953606026326,80001,1,8,2005,1.0,1.0
057793530692493,80001,2,8,2005,3.0,0.0
140937075733479,80001,1,8,2005,1.0,1.0
363924803035319,80001,2,8,2005,2.0,0.0
394100701300643,80001,1,8,2005,,
399810245680753,80001,1,8,2005,3.0,1.0
371925306041388,80001,1,8,2005,3.0,1.0
546374229300921,80001,1,8,2005,2.0,0.0
530609952384764,80001,1,8,2005,3.0,1.0
756529850489309,80001,2,8,2005,3.0,0.0
363629094904893,80001,1,8,2005,1.0,1.0
393963903098626,80001,1,8,2005,1.0,1.0
730968090633749,80001,2,8,2005,,
330809991273288,80001,1,8,2005,1.0,1.0
204601554992500,80001,2,8,2005,2.0,0.0
993051914439980,80001,2,8,2005,1.0,1.0
054954320599598,80001,1,8,2005,1.0,0.0
764304084909290,80001,2,8,2005,2.0,1.0
400085006030741,80001,1,8,2005,3.0,0.0
557496019700827,80001,1,8,2005,3.0,0.0
232498659700849,80001,1,8,2005,1.0,0.0
017834580999199,80001,2,8,2005,3.0,0.0
910829530546503,80001,2,8,2005,1.0,1.0
199160469400955,80001,1,8,2005,3.0,0.0
909001901539190,80001,1,8,2005,1.0,0.0
936091973539310,80001,2,8,2005,1.0,0.0
470939074955919,80001,2,8,2005,3.0,0.0
365544054909393,80001,1,8,2005,2.0,1.0
852008480100190,80001,2,9,2005,2.0,0.0
400509958214096,80001,2,9,2005,1.0,0.0
599400601730650,80001,1,9,2005,2.0,0.0
140564096104847,80001,1,9,2005,1.0,1.0
647240932180950,80001,1,9,2005,2.0,0.0
039330680787196,80001,1,9,2005,3.0,0.0
460181008206850,80001,2,9,2005,,
868092929800953,80001,2,9,2005,3.0,0.0
071966202077929,80001,2,9,2005,3.0,0.0
205705930590249,80001,2,9,2005,2.0,0.0
510109915983113,80001,2,9,2005,2.0,0.0
260199759200220,80001,1,9,2005,2.0,0.0
193926107054219,80001,1,9,2005,3.0,0.0
206905751993583,80001,1,9,2005,3.0,1.0
257200550570104,80001,2,9,2005,2.0,0.0
857029840859107,80001,1,9,2005,1.0,0.0
068195029700962,80001,1,9,2005,3.0,1.0
999770406690751,80001,2,9,2005,2.0,0.0
160991072015029,80001,3,9,2005,2.0,0.0
620007922212497,80001,1,9,2005,1.0,0.0
295906207054029,80001,2,9,2005,3.0,1.0
044572530695291,80001,1,9,2005,2.0,0.0
011013126260000,80001,2,9,2005,3.0,1.0
935024993259430,80001,2,9,2005,2.0,0.0
870754097825029,80001,1,9,2005,2.0,0.0
420709970528497,80001,2,9,2005,1.0,0.0
850679093424199,80001,2,9,2005,1.0,1.0
444296079800933,80001,1,9,2005,1.0,0.0
051263729900860,80001,1,9,2005,2.0,0.0
062390639000962,80001,2,9,2005,2.0,0.0
561391599100908,80001,2,9,2005,3.0,0.0
057793530692493,80001,2,9,2005,2.0,0.0
399810245680753,80001,1,9,2005,2.0,1.0
371925306041388,80001,1,9,2005,2.0,1.0
546374229300921,80001,1,9,2005,1.0,0.0
469120979480943,80001,1,9,2005,,
918044872369760,80001,2,9,2005,3.0,1.0
704609253993705,80001,1,9,2005,1.0,0.0
756529850489309,80001,2,9,2005,2.0,0.0
630609944477340,80001,3,9,2005,3.0,0.0
918066855369310,80001,1,9,2005,3.0,0.0
092323580693496,80001,2,9,2005,2.0,0.0
978809650479305,80001,1,9,2005,2.0,0.0
080892069236429,80001,1,9,2005,3.0,0.0
046923590690194,80001,1,9,2005,2.0,0.0
204601554992500,80001,2,9,2005,1.0,0.0
640209912190172,80001,2,9,2005,3.0,0.0
705904674894202,80001,2,9,2005,2.0,0.0
084314550994691,80001,2,9,2005,2.0,0.0
400085006030741,80001,1,9,2005,2.0,0.0
557496019700827,80001,1,9,2005,2.0,0.0
071047114460560,80001,1,9,2005,3.0,0.0
869430495640964,80001,1,9,2005,3.0,1.0
984218055908893,80001,1,9,2005,2.0,0.0
505374035409561,80001,3,9,2005,2.0,0.0
199160469400955,80001,1,9,2005,2.0,0.0
470939074955919,80001,2,9,2005,2.0,0.0
980043835549740,80001,1,9,2005,1.0,0.0
545767076909394,80001,1,9,2005,3.0,0.0
162599749500923,80001,1,9,2005,,
704602165993926,80001,2,9,2005,,
852008480100190,80001,2,10,2005,1.0,0.0
599400601730650,80001,1,10,2005,1.0,0.0
407909510898726,80001,2,10,2005,3.0,1.0
699740366100950,80001,1,10,2005,1.0,0.0
039330680787196,80001,1,10,2005,2.0,0.0
899540572250970,80001,1,10,2005,3.0,0.0
899560802210970,80001,2,10,2005,3.0,0.0
868092929800953,80001,2,10,2005,2.0,0.0
071966202077929,80001,2,10,2005,2.0,0.0
205705930590249,80001,2,10,2005,1.0,0.0
270993071507149,80001,1,10,2005,3.0,0.0
480992072307759,80001,2,10,2005,3.0,0.0
047280790970897,80001,2,10,2005,3.0,0.0
279240045430971,80001,1,10,2005,3.0,0.0
206905751993583,80001,1,10,2005,2.0,1.0
257200550570104,80001,2,10,2005,1.0,0.0
799060852940971,80001,2,10,2005,3.0,0.0
771181066909995,80001,1,10,2005,2.0,0.0
840897090116039,80001,2,10,2005,2.0,0.0
999770406690751,80001,2,10,2005,1.0,0.0
160991072015029,80001,3,10,2005,1.0,0.0
620007922212497,80001,1,10,2005,,
295906207054029,80001,2,10,2005,2.0,1.0
011013126260000,80001,2,10,2005,2.0,1.0
720409944503887,80001,2,10,2005,1.0,0.0
870754097825029,80001,1,10,2005,1.0,0.0
943006218259780,80001,2,10,2005,1.0,0.0
730976071127409,80001,2,10,2005,3.0,0.0
540973074127729,80001,1,10,2005,3.0,0.0
051263729900860,80001,1,10,2005,1.0,0.0
062390639000962,80001,2,10,2005,1.0,0.0
561391599100908,80001,2,10,2005,2.0,0.0
630107900828295,80001,2,10,2005,2.0,0.0
423613047903490,80001,2,10,2005,3.0,1.0
057793530692493,80001,2,10,2005,1.0,0.0
352390679400842,80001,1,10,2005,1.0,0.0
730609908227186,80001,1,10,2005,3.0,0.0
756529850489309,80001,2,10,2005,1.0,0.0
630609944477340,80001,3,10,2005,2.0,0.0
976939650719306,80001,1,10,2005,1.0,0.0
092323580693496,80001,2,10,2005,1.0,0.0
080892069236429,80001,1,10,2005,2.0,0.0
990695091136149,80001,3,10,2005,2.0,0.0
046923590690194,80001,1,10,2005,1.0,0.0
640209912190172,80001,2,10,2005,2.0,0.0
495947000087238,80001,1,10,2005,3.0,0.0
705904674894202,80001,2,10,2005,1.0,0.0
544905047901791,80001,2,10,2005,3.0,0.0
084314550994691,80001,2,10,2005,1.0,0.0
059464760690292,80001,2,10,2005,3.0,0.0
400085006030741,80001,1,10,2005,1.0,0.0
557496019700827,80001,1,10,2005,1.0,0.0
071047114460560,80001,1,10,2005,2.0,0.0
640809912902472,80001,1,10,2005,2.0,0.0
869430495640964,80001,1,10,2005,2.0,1.0
960483094447459,80001,1,10,2005,3.0,0.0
440980090647369,80001,2,10,2005,3.0,0.0
899080511340974,80001,1,10,2005,1.0,0.0
505374035409561,80001,3,10,2005,1.0,0.0
199160469400955,80001,1,10,2005,1.0,0.0
991041904559660,80001,2,10,2005,1.0,0.0
904081991579290,80001,1,10,2005,2.0,0.0
199500252510675,80001,2,10,2005,3.0,0.0
470939074955919,80001,2,10,2005,1.0,0.0
545767076909394,80001,1,10,2005,2.0,0.0
305608325941396,80001,1,10,2005,1.0,0.0
637760422530980,80001,1,11,2005,3.0,0.0
039330680787196,80001,1,11,2005,1.0,0.0
899540572250970,80001,1,11,2005,2.0,0.0
899560802210970,80001,2,11,2005,2.0,0.0
868092929800953,80001,2,11,2005,1.0,0.0
076918806044959,80001,1,11,2005,3.0,0.0
071966202077929,80001,2,11,2005,1.0,0.0
270993071507149,80001,1,11,2005,2.0,0.0
480992072307759,80001,2,11,2005,2.0,0.0
047280790970897,80001,2,11,2005,2.0,0.0
181160304000870,80001,2,11,2005,3.0,0.0
508906981291580,80001,1,11,2005,3.0,0.0
199938302013289,80001,2,11,2005,3.0,0.0
260199759200220,80001,1,11,2005,1.0,0.0
279240045430971,80001,1,11,2005,2.0,0.0
799060852940971,80001,2,11,2005,2.0,0.0
083172899900951,80001,1,11,2005,3.0,0.0
820007939753891,80001,1,11,2005,3.0,0.0
708900292998902,80001,4,11,2005,3.0,0.0
174920780181205,80001,1,11,2005,,
820609968466990,80001,2,11,2005,3.0,0.0
016732870017309,80001,2,11,2005,3.0,0.0
730976071127409,80001,2,11,2005,2.0,0.0
510897063226419,80001,2,11,2005,1.0,0.0
708059986279410,80001,5,11,2005,2.0,0.0
062390639000962,80001,2,11,2005,,
377978907092129,80001,2,11,2005,2.0,0.0
561391599100908,80001,2,11,2005,1.0,0.0
489860254230983,80001,2,11,2005,3.0,0.0
918044872369760,80001,2,11,2005,1.0,1.0
687368979500991,80001,1,11,2005,3.0,0.0
035333660934093,80001,1,11,2005,1.0,0.0
053703660968694,80001,1,11,2005,1.0,1.0
630609944477340,80001,3,11,2005,1.0,0.0
080892069236429,80001,1,11,2005,1.0,0.0
293124028909792,80001,2,11,2005,3.0,0.0
506905263999789,80001,1,11,2005,1.0,0.0
552829760969404,80001,5,11,2005,1.0,0.0
108907144790832,80001,2,11,2005,3.0,0.0
208901114998742,80001,1,11,2005,3.0,0.0
495947000087238,80001,1,11,2005,2.0,0.0
544905047901791,80001,2,11,2005,2.0,0.0
493976900015559,80001,1,11,2005,1.0,0.0
059464760690292,80001,2,11,2005,2.0,0.0
079056178480170,80001,1,11,2005,1.0,1.0
071047114460560,80001,1,11,2005,1.0,0.0
013604770690698,80001,2,11,2005,2.0,0.0
640809912902472,80001,1,11,2005,1.0,0.0
684026008907293,80001,1,11,2005,3.0,0.0
440980090647369,80001,2,11,2005,2.0,0.0
608902764991828,80001,3,11,2005,,
899080511340974,80001,1,11,2005,,
593988805020049,80001,2,11,2005,,
904081991579290,80001,1,11,2005,1.0,0.0
199500252510675,80001,2,11,2005,2.0,0.0
043785830955094,80001,2,11,2005,3.0,0.0
545767076909394,80001,1,11,2005,1.0,0.0
563592759400915,80001,2,11,2005,1.0,0.0
782568749600980,80001,1,11,2005,3.0,0.0
801906290896656,81001,2,12,2005,3.0,0.0
637760422530980,80001,1,12,2005,2.0,0.0
899540572250970,80001,1,12,2005,1.0,0.0
899560802210970,80001,2,12,2005,1.0,0.0
215094829800837,81001,2,12,2005,3.0,0.0
076918806044959,80001,1,12,2005,2.0,0.0
094991203002958,81001,1,12,2005,3.0,1.0
270993071507149,80001,1,12,2005,1.0,0.0
480992072307759,80001,2,12,2005,1.0,0.0
490834097906797,80001,3,12,2005,1.0,1.0
047280790970897,80001,2,12,2005,1.0,0.0
181160304000870,80001,2,12,2005,2.0,0.0
508906981291580,80001,1,12,2005,2.0,0.0
110200095394410,81001,1,12,2005,3.0,0.0
279240045430971,80001,1,12,2005,1.0,0.0
799060852940971,80001,2,12,2005,1.0,0.0
083172899900951,80001,1,12,2005,2.0,0.0
820007939753891,80001,1,12,2005,2.0,0.0
199970972720912,81001,1,12,2005,3.0,0.0
632938071906473,81001,1,12,2005,3.0,0.0
963439010559207,81001,1,12,2005,3.0,0.0
298941305064488,81001,1,12,2005,3.0,0.0
820609968466990,80001,2,12,2005,2.0,0.0
016732870017309,80001,2,12,2005,2.0,0.0
730976071127409,80001,2,12,2005,1.0,0.0
383265869900921,80001,2,12,2005,2.0,1.0
377978907092129,80001,2,12,2005,1.0,0.0
489860254230983,80001,2,12,2005,2.0,0.0
130506989450598,81001,1,12,2005,3.0,0.0
996469010029303,81001,3,12,2005,3.0,0.0
620918097741339,81001,2,12,2005,3.0,0.0
108907144790832,80001,2,12,2005,2.0,0.0
300927090941399,81001,1,12,2005,3.0,0.0
932309710909409,81001,1,12,2005,3.0,0.0
140209983217784,81001,1,12,2005,3.0,0.0
208901114998742,80001,1,12,2005,2.0,0.0
495947000087238,80001,1,12,2005,1.0,0.0
544905047901791,80001,2,12,2005,1.0,0.0
901707524690654,81001,1,12,2005,3.0,0.0
059464760690292,80001,2,12,2005,1.0,0.0
687499869800714,80001,2,12,2005,2.0,0.0
960483094447459,80001,1,12,2005,1.0,0.0
440980090647369,80001,2,12,2005,1.0,0.0
810464910306501,81001,2,12,2005,3.0,0.0
199500252510675,80001,2,12,2005,1.0,0.0
043785830955094,80001,2,12,2005,2.0,0.0
135616051908970,81001,2,12,2005,3.0,0.0
782568749600980,80001,1,12,2005,2.0,0.0
099932305043199,81001,1,1,2006,3.0,0.0
031090221693791,81001,2,1,2006,3.0,0.0
053042144020060,81001,1,1,2006,3.0,1.0
100207998506181,81001,2,1,2006,2.0,0.0
100609697800149,81001,1,1,2006,2.0,0.0
637760422530980,80001,1,1,2006,1.0,0.0
215094829800837,81001,2,1,2006,2.0,0.0
076918806044959,80001,1,1,2006,1.0,0.0
181160304000870,80001,2,1,2006,1.0,0.0
069750157720921,81001,2,1,2006,,
177912504077049,81001,2,1,2006,3.0,0.0
508906981291580,80001,1,1,2006,1.0,0.0
069351220960895,81001,1,1,2006,3.0,0.0
110200095394410,81001,1,1,2006,2.0,0.0
912197779200892,81001,2,1,2006,2.0,1.0
108091001022341,81001,1,1,2006,2.0,0.0
451147058909797,80001,1,1,2006,1.0,0.0
210609931112498,81001,1,1,2006,3.0,1.0
037471270982198,81001,2,1,2006,3.0,0.0
818589420609102,81001,2,1,2006,3.0,1.0
083172899900951,80001,1,1,2006,1.0,0.0
820007939753891,80001,1,1,2006,1.0,0.0
327292679000949,81001,1,1,2006,3.0,0.0
199970972720912,81001,1,1,2006,2.0,0.0
963439010559207,81001,1,1,2006,2.0,0.0
298941305064488,81001,1,1,2006,2.0,0.0
296938105050669,80001,1,1,2006,1.0,1.0
016732870017309,80001,2,1,2006,1.0,0.0
276932007013749,81001,1,1,2006,3.0,0.0
062282280981095,81001,1,1,2006,3.0,0.0
383265869900921,80001,2,1,2006,1.0,1.0
684050815329290,81001,2,1,2006,3.0,0.0
377978907092129,80001,2,1,2006,,
583372759100915,80001,2,1,2006,1.0,0.0
631033991324580,81001,1,1,2006,3.0,0.0
489860254230983,80001,2,1,2006,1.0,0.0
829390919400785,81001,1,1,2006,3.0,0.0
130506989450598,81001,1,1,2006,2.0,0.0
996469010029303,81001,3,1,2006,2.0,0.0
368912504006729,81001,2,1,2006,2.0,0.0
129390059700944,81001,2,1,2006,3.0,0.0
093234082907497,81001,2,1,2006,3.0,1.0
201909963395179,81001,1,1,2006,2.0,1.0
620918097741339,81001,2,1,2006,2.0,0.0
081774220984295,81001,1,1,2006,3.0,0.0
108907144790832,80001,2,1,2006,1.0,0.0
240209939555190,81001,2,1,2006,3.0,0.0
300927090941399,81001,1,1,2006,2.0,0.0
932309710909409,81001,1,1,2006,2.0,0.0
140209983217784,81001,1,1,2006,2.0,0.0
901707524690654,81001,1,1,2006,2.0,0.0
726497509500918,81001,1,1,2006,2.0,1.0
471912906090539,81001,1,1,2006,3.0,0.0
687499869800714,80001,2,1,2006,1.0,0.0
928495209800942,81001,2,1,2006,3.0,0.0
468942203075899,81001,2,1,2006,3.0,0.0
043785830955094,80001,2,1,2006,1.0,0.0
135616051908970,81001,2,1,2006,2.0,0.0
782568749600980,80001,1,1,2006,1.0,0.0
923066824529700,81001,2,1,2006,3.0,1.0
099932305043199,81001,1,2,2006,2.0,0.0
731019430119001,81001,2,2,2006,,
951589430236005,81001,1,2,2006,3.0,0.0
053042144020060,81001,1,2,2006,2.0,1.0
100207998506181,81001,2,2,2006,1.0,0.0
068750150999898,81001,3,2,2006,1.0,1.0
599370988430910,81001,2,2,2006,1.0,0.0
034480360990397,81001,1,2,2006,3.0,0.0
300609996757781,81001,1,2,2006,3.0,0.0
100609697800149,81001,1,2,2006,1.0,0.0
098913905090838,81001,1,2,2006,3.0,0.0
215094829800837,81001,2,2,2006,1.0,0.0
531013120800182,81001,2,2,2006,3.0,0.0
999440668240730,81001,2,2,2006,3.0,0.0
177912504077049,81001,2,2,2006,2.0,0.0
069351220960895,81001,1,2,2006,2.0,0.0
110200095394410,81001,1,2,2006,1.0,0.0
912197779200892,81001,2,2,2006,1.0,1.0
108091001022341,81001,1,2,2006,1.0,0.0
232199349500105,81001,1,2,2006,3.0,0.0
959076976139610,81001,2,2,2006,,
310709977669510,81001,2,2,2006,3.0,0.0
037471270982198,81001,2,2,2006,2.0,0.0
327292679000949,81001,1,2,2006,2.0,0.0
199970972720912,81001,1,2,2006,1.0,0.0
320306486352294,81001,2,2,2006,3.0,0.0
399430773420912,81001,2,2,2006,1.0,0.0
632938071906473,81001,1,2,2006,1.0,0.0
963439010559207,81001,1,2,2006,1.0,0.0
298941305064488,81001,1,2,2006,1.0,0.0
200962098523849,81001,1,2,2006,3.0,1.0
292943708062691,81001,1,2,2006,3.0,0.0
935066890229380,81001,1,2,2006,2.0,0.0
276932007013749,81001,1,2,2006,2.0,0.0
303600892945567,81001,2,2,2006,3.0,1.0
987079210899201,81001,2,2,2006,1.0,1.0
062282280981095,81001,1,2,2006,2.0,0.0
095943100691893,81001,1,2,2006,1.0,0.0
684050815329290,81001,2,2,2006,2.0,0.0
362933508042059,81001,2,2,2006,3.0,0.0
631033991324580,81001,1,2,2006,2.0,0.0
833816002909962,81001,2,2,2006,2.0,0.0
829390919400785,81001,1,2,2006,2.0,0.0
130506989450598,81001,1,2,2006,1.0,0.0
661055971339280,81001,1,2,2006,3.0,0.0
935086961339750,81001,2,2,2006,3.0,0.0
996469010029303,81001,3,2,2006,1.0,0.0
997179430479304,81001,2,2,2006,3.0,0.0
129390059700944,81001,2,2,2006,2.0,0.0
380982095433529,81001,2,2,2006,3.0,0.0
601905293592749,81001,1,2,2006,1.0,1.0
620918097741339,81001,2,2,2006,1.0,0.0
340109973396884,81001,1,2,2006,2.0,1.0
081774220984295,81001,1,2,2006,2.0,0.0
240209939555190,81001,2,2,2006,2.0,0.0
300927090941399,81001,1,2,2006,1.0,0.0
537492189200674,81001,2,2,2006,3.0,0.0
932309710909409,81001,1,2,2006,1.0,0.0
901707524690654,81001,1,2,2006,1.0,0.0
471912906090539,81001,1,2,2006,2.0,0.0
654749093001601,81001,1,2,2006,2.0,0.0
070975091543019,81001,2,2,2006,3.0,0.0
975007572429160,81001,1,2,2006,2.0,1.0
928495209800942,81001,2,2,2006,2.0,0.0
468942203075899,81001,2,2,2006,2.0,0.0
928058989439380,81001,2,2,2006,3.0,0.0
199400753640715,81001,2,2,2006,1.0,0.0
135616051908970,81001,2,2,2006,1.0,0.0
380952075453529,81001,2,2,2006,3.0,0.0
099932305043199,81001,1,3,2006,1.0,0.0
099932305043199,81001,2,3,2006,1.0,0.0
951589430236005,81001,1,3,2006,2.0,0.0
034480360990397,81001,1,3,2006,2.0,0.0
300609996757781,81001,1,3,2006,2.0,0.0
945093229600921,81001,2,3,2006,3.0,0.0
044056128040920,81001,1,3,2006,3.0,0.0
081770460938395,81001,2,3,2006,3.0,0.0
531013120800182,81001,2,3,2006,2.0,0.0
942074399800964,81001,2,3,2006,3.0,1.0
904907520790659,81001,1,3,2006,3.0,0.0
160896078404549,81001,2,3,2006,3.0,0.0
504706980991589,81001,2,3,2006,3.0,0.0
999440668240730,81001,2,3,2006,2.0,0.0
989050323630740,81001,2,3,2006,3.0,0.0
177912504077049,81001,2,3,2006,1.0,0.0
401147054909797,81001,2,3,2006,3.0,0.0
069351220960895,81001,1,3,2006,1.0,0.0
232199349500105,81001,1,3,2006,2.0,0.0
598940390160931,81001,2,3,2006,2.0,0.0
170966099613759,81001,1,3,2006,2.0,0.0
310709977669510,81001,2,3,2006,2.0,0.0
571388083906897,81001,1,3,2006,2.0,0.0
847979240289106,81001,2,3,2006,3.0,0.0
327292679000949,81001,1,3,2006,1.0,0.0
267984304098339,81001,2,3,2006,3.0,0.0
320306486352294,81001,2,3,2006,2.0,0.0
292943708062691,81001,1,3,2006,2.0,0.0
935066890229380,81001,1,3,2006,1.0,0.0
276932007013749,81001,1,3,2006,1.0,0.0
303600892945567,81001,2,3,2006,2.0,1.0
693057933239290,81001,2,3,2006,2.0,0.0
062282280981095,81001,1,3,2006,1.0,0.0
002604852992839,81002,3,3,2006,1.0,0.0
684050815329290,81001,2,3,2006,1.0,0.0
642391119100901,81001,1,3,2006,3.0,0.0
631033991324580,81001,1,3,2006,1.0,0.0
829390919400785,81001,1,3,2006,1.0,0.0
661055971339280,81001,1,3,2006,2.0,0.0
997179430479304,81001,2,3,2006,2.0,0.0
368912504006729,81001,2,3,2006,1.0,0.0
129390059700944,81001,2,3,2006,1.0,0.0
047082141430060,81001,2,3,2006,2.0,0.0
081774220984295,81001,1,3,2006,1.0,0.0
240209939555190,81001,2,3,2006,1.0,0.0
537492189200674,81001,2,3,2006,2.0,0.0
440209913450192,81001,1,3,2006,3.0,0.0
471912906090539,81001,1,3,2006,1.0,0.0
654749093001601,81001,1,3,2006,1.0,0.0
859110369450944,81001,2,3,2006,3.0,1.0
990098880429540,81001,1,3,2006,1.0,0.0
900068838448610,81001,2,3,2006,3.0,0.0
928495209800942,81001,2,3,2006,1.0,0.0
440809936946299,81001,2,3,2006,3.0,0.0
468942203075899,81001,2,3,2006,1.0,0.0
928058989439380,81001,2,3,2006,2.0,0.0
747573449100960,81001,2,3,2006,3.0,0.0
095325450988097,81001,2,3,2006,3.0,0.0
380952075453529,81001,2,3,2006,2.0,0.0
905603300999071,81001,1,4,2006,3.0,0.0
951589430236005,81001,1,4,2006,1.0,0.0
003280520990099,81001,2,4,2006,3.0,0.0
034480360990397,81001,1,4,2006,1.0,0.0
300609996757781,81001,1,4,2006,1.0,0.0
044056128040920,81001,1,4,2006,2.0,0.0
081770460938395,81001,2,4,2006,2.0,0.0
097705900019686,81001,3,4,2006,3.0,1.0
548099977600414,81001,2,4,2006,2.0,0.0
940099459600943,81001,2,4,2006,2.0,0.0
020986075805129,81001,2,4,2006,3.0,0.0
500806424831992,81001,1,4,2006,2.0,0.0
531013120800182,81001,2,4,2006,1.0,0.0
554093269800809,81001,1,4,2006,3.0,0.0
942074399800964,81001,2,4,2006,2.0,1.0
529019440577003,81001,1,4,2006,2.0,1.0
904907520790659,81001,1,4,2006,2.0,0.0
015950590991493,81001,4,4,2006,3.0,0.0
160896078404549,81001,2,4,2006,2.0,0.0
504706980991589,81001,2,4,2006,2.0,0.0
545079889900916,81001,1,4,2006,2.0,1.0
999440668240730,81001,2,4,2006,1.0,0.0
989050323630740,81001,2,4,2006,2.0,0.0
401147054909797,81001,2,4,2006,2.0,0.0
022521320991399,81001,2,4,2006,1.0,0.0
095341520999393,81001,2,4,2006,3.0,0.0
906032743159830,81001,1,4,2006,3.0,0.0
410309981294590,81001,2,4,2006,2.0,1.0
953949550319109,81001,1,4,2006,3.0,0.0
232199349500105,81001,1,4,2006,1.0,0.0
944045213159060,81001,2,4,2006,3.0,1.0
088491560995592,81001,2,4,2006,3.0,0.0
310709977669510,81001,2,4,2006,1.0,0.0
571388083906897,81001,1,4,2006,1.0,0.0
799650169340951,81001,1,4,2006,3.0,0.0
847979240289106,81001,2,4,2006,2.0,0.0
310900063207615,81001,2,4,2006,1.0,0.0
190994602016939,81001,5,4,2006,2.0,0.0
199280240150104,81001,1,4,2006,2.0,1.0
704704811994519,81001,2,4,2006,2.0,1.0
602455085001907,81001,2,4,2006,2.0,0.0
605001422102522,81001,2,4,2006,3.0,1.0
267984304098339,81001,2,4,2006,2.0,0.0
320306486352294,81001,2,4,2006,1.0,0.0
442604014909996,81001,2,4,2006,2.0,0.0
043782340975094,81001,1,4,2006,1.0,0.0
292943708062691,81001,1,4,2006,1.0,0.0
783007572249920,81001,1,4,2006,2.0,0.0
404708142991647,81001,1,4,2006,2.0,0.0
670098968239850,81001,2,4,2006,1.0,0.0
604700632990209,81001,2,4,2006,2.0,0.0
055693500696899,81001,1,4,2006,3.0,0.0
150900064035319,81001,1,4,2006,3.0,0.0
362933508042059,81001,2,4,2006,1.0,0.0
642391119100901,81001,1,4,2006,2.0,0.0
057623530791493,81001,3,4,2006,3.0,0.0
993053915359140,81001,1,4,2006,3.0,0.0
499220989370953,81001,1,4,2006,3.0,0.0
605909073599624,81001,2,4,2006,3.0,0.0
032303550695998,81001,1,4,2006,,
661055971339280,81001,1,4,2006,1.0,0.0
050390509600333,81001,1,4,2006,3.0,0.0
430609923199349,81001,1,4,2006,1.0,1.0
639393679600889,81001,1,4,2006,1.0,1.0
663719055908890,81001,2,4,2006,3.0,0.0
663719055908890,81001,3,4,2006,3.0,0.0
997179430479304,81001,2,4,2006,1.0,0.0
390964708014849,81001,2,4,2006,2.0,0.0
047082141430060,81001,2,4,2006,1.0,0.0
537492189200674,81001,2,4,2006,1.0,0.0
440209913450192,81001,1,4,2006,2.0,0.0
654749093001601,81001,1,4,2006,,
699530083690954,81001,2,4,2006,3.0,0.0
744492039800927,81001,1,4,2006,2.0,0.0
859110369450944,81001,2,4,2006,2.0,1.0
981068987459790,81001,1,4,2006,3.0,0.0
105004134105088,81001,2,4,2006,3.0,0.0
900068838448610,81001,2,4,2006,2.0,0.0
968689350329401,81001,2,4,2006,3.0,0.0
928058989439380,81001,2,4,2006,1.0,0.0
041492779900762,81001,1,4,2006,2.0,0.0
550009937384968,81001,1,4,2006,3.0,0.0
035905310998291,81001,1,4,2006,1.0,0.0
747573449100960,81001,2,4,2006,2.0,0.0
961949250209504,81001,2,4,2006,3.0,0.0
095325450988097,81001,2,4,2006,2.0,0.0
380952075453529,81001,2,4,2006,1.0,0.0
092974901060129,81001,2,5,2006,1.0,0.0
003280520990099,81001,2,5,2006,2.0,0.0
406909770999464,81001,1,5,2006,3.0,0.0
074000560997395,81001,1,5,2006,2.0,0.0
310864092904828,81001,2,5,2006,1.0,0.0
016460660959472,81001,2,5,2006,3.0,1.0
044056128040920,81001,1,5,2006,1.0,0.0
081770460938395,81001,2,5,2006,1.0,0.0
400609992408292,81001,1,5,2006,1.0,0.0
548099977600414,81001,2,5,2006,1.0,0.0
940099459600943,81001,2,5,2006,1.0,0.0
699580209830950,81001,1,5,2006,2.0,0.0
020986075805129,81001,2,5,2006,2.0,0.0
500806424831992,81001,1,5,2006,1.0,0.0
554093269800809,81001,1,5,2006,2.0,0.0
904907520790659,81001,1,5,2006,1.0,0.0
015950590991493,81001,4,5,2006,2.0,0.0
160896078404549,81001,2,5,2006,1.0,0.0
504706980991589,81001,2,5,2006,1.0,0.0
989050323630740,81001,2,5,2006,1.0,0.0
401147054909797,81001,2,5,2006,1.0,0.0
611000062907916,81001,2,5,2006,3.0,0.0
670614092416018,81001,2,5,2006,3.0,1.0
095341520999393,81001,2,5,2006,2.0,0.0
906032743159830,81001,1,5,2006,2.0,0.0
992062884169750,81001,1,5,2006,3.0,0.0
088491560995592,81001,2,5,2006,2.0,0.0
190936307065619,81001,1,5,2006,3.0,0.0
847979240289106,81001,2,5,2006,1.0,0.0
881215006909399,81001,1,5,2006,3.0,0.0
190994602016939,81001,5,5,2006,1.0,0.0
602455085001907,81001,2,5,2006,1.0,0.0
467296839100958,81001,1,5,2006,3.0,0.0
267984304098339,81001,2,5,2006,1.0,0.0
442604014909996,81001,2,5,2006,1.0,0.0
506906982791584,81001,2,5,2006,3.0,0.0
404708142991647,81001,1,5,2006,1.0,0.0
306607852999447,81001,1,5,2006,2.0,1.0
794640609810662,81001,2,5,2006,3.0,0.0
006904082990318,81001,2,5,2006,2.0,0.0
562290269800981,81001,2,5,2006,3.0,0.0
604700632990209,81001,2,5,2006,1.0,0.0
055693500696899,81001,1,5,2006,2.0,0.0
150900064035319,81001,1,5,2006,2.0,0.0
642391119100901,81001,1,5,2006,1.0,0.0
133350026907871,81001,1,5,2006,3.0,0.0
057623530791493,81001,3,5,2006,2.0,0.0
105708263894313,81001,1,5,2006,2.0,0.0
993053915359140,81001,1,5,2006,2.0,0.0
050390509600333,81001,1,5,2006,2.0,0.0
663719055908890,81001,2,5,2006,2.0,0.0
663719055908890,81001,3,5,2006,2.0,0.0
963913026909993,81001,1,5,2006,3.0,0.0
390964708014849,81001,2,5,2006,1.0,0.0
189370160670301,81001,1,5,2006,3.0,1.0
498994700090139,81001,1,5,2006,1.0,0.0
724729094909297,81001,1,5,2006,1.0,0.0
640209918260175,81001,2,5,2006,,
986062884469520,81001,2,5,2006,3.0,0.0
289920028230964,81001,1,5,2006,3.0,0.0
440209913450192,81001,1,5,2006,1.0,0.0
037454640781291,81001,2,5,2006,3.0,0.0
859110369450944,81001,2,5,2006,1.0,1.0
981068987459790,81001,1,5,2006,2.0,0.0
105004134105088,81001,2,5,2006,2.0,0.0
900068838448610,81001,2,5,2006,1.0,0.0
006903364996468,81001,2,5,2006,3.0,0.0
041492779900762,81001,1,5,2006,1.0,0.0
640909959975949,81001,1,5,2006,3.0,0.0
550009937384968,81001,1,5,2006,2.0,0.0
866592009100925,81001,1,5,2006,3.0,0.0
315603026909595,81001,2,5,2006,3.0,1.0
747573449100960,81001,2,5,2006,1.0,0.0
961949250209504,81001,2,5,2006,2.0,0.0
389010091460965,81001,2,5,2006,3.0,0.0
763597549400976,81001,2,5,2006,3.0,0.0
095325450988097,81001,2,5,2006,1.0,0.0
065050610966391,81001,1,6,2006,,
459940631160960,81001,1,6,2006,2.0,1.0
054950750699598,81001,2,6,2006,3.0,1.0
060719047908597,81001,1,6,2006,3.0,0.0
074000560997395,81001,1,6,2006,1.0,0.0
406908770495066,81001,1,6,2006,1.0,0.0
500806424831992,81001,1,6,2006,,
015950590991493,81001,4,6,2006,1.0,0.0
999350246710970,81001,2,6,2006,3.0,0.0
175955602009078,81001,3,6,2006,1.0,0.0
611000062907916,81001,2,6,2006,2.0,0.0
129180597600751,81001,1,6,2006,1.0,0.0
005906951599682,81001,1,6,2006,1.0,1.0
095341520999393,81001,2,6,2006,1.0,0.0
306900761995583,81001,3,6,2006,2.0,1.0
610509962907926,81001,1,6,2006,2.0,0.0
088491560995592,81001,2,6,2006,1.0,0.0
190936307065619,81001,1,6,2006,2.0,0.0
799650169340951,81001,2,6,2006,1.0,0.0
467296839100958,81001,1,6,2006,2.0,0.0
605001422102522,81001,2,6,2006,1.0,1.0
507605242947143,81001,1,6,2006,3.0,0.0
047532730790291,81001,2,6,2006,3.0,1.0
954769570929200,81001,1,6,2006,3.0,0.0
579120979480972,81001,1,6,2006,3.0,1.0
340967098727919,81001,2,6,2006,3.0,0.0
679250482690952,81001,2,6,2006,,
690861098426139,81001,2,6,2006,2.0,0.0
293907509014748,81001,1,6,2006,3.0,1.0
794640609810662,81001,2,6,2006,2.0,0.0
133350026907871,81001,1,6,2006,2.0,0.0
730309931826481,81001,2,6,2006,3.0,0.0
993053915359140,81001,1,6,2006,1.0,0.0
915459770749307,81001,1,6,2006,3.0,0.0
688250624900963,81001,1,6,2006,,
937016414379120,81001,3,6,2006,3.0,0.0
946579270189303,81001,2,6,2006,3.0,0.0
631600091090110,81001,2,6,2006,2.0,0.0
663719055908890,81001,2,6,2006,1.0,0.0
663719055908890,81001,3,6,2006,1.0,0.0
963913026909993,81001,1,6,2006,2.0,0.0
979056970379950,81001,1,6,2006,3.0,0.0
220771093437019,81001,2,6,2006,3.0,0.0
605903813894679,81001,1,6,2006,1.0,0.0
949139570676302,81001,2,6,2006,3.0,1.0
986062884469520,81001,2,6,2006,2.0,0.0
289920028230964,81001,1,6,2006,2.0,0.0
154884065001900,81001,1,6,2006,1.0,0.0
640606918421794,81001,1,6,2006,1.0,1.0
699530083690954,81001,2,6,2006,1.0,0.0
010724670967695,81001,2,6,2006,2.0,0.0
205904554892668,81001,1,6,2006,1.0,0.0
740800008227116,81001,2,6,2006,3.0,0.0
981068987459790,81001,1,6,2006,1.0,0.0
105004134105088,81001,2,6,2006,1.0,0.0
128230460060405,81001,1,6,2006,2.0,1.0
006903364996468,81001,2,6,2006,2.0,0.0
640909959975949,81001,1,6,2006,2.0,0.0
561427306041089,81001,2,6,2006,3.0,0.0
550009937384968,81001,1,6,2006,1.0,0.0
866592009100925,81001,1,6,2006,2.0,0.0
911689570789507,81001,2,6,2006,3.0,0.0
961949250209504,81001,2,6,2006,1.0,0.0
389010091460965,81001,2,6,2006,2.0,0.0
007003155109984,81001,1,6,2006,3.0,0.0
800409874061376,81001,2,7,2006,3.0,0.0
750252038909291,81001,2,7,2006,3.0,1.0
060719047908597,81001,1,7,2006,2.0,0.0
406908770495066,81001,1,7,2006,,
679660541590970,81001,1,7,2006,2.0,1.0
808901120794316,81001,2,7,2006,3.0,0.0
985093228600921,81001,2,7,2006,3.0,0.0
968899970099003,81001,2,7,2006,2.0,0.0
072948906073819,81001,2,7,2006,3.0,0.0
600807959424399,81001,2,7,2006,1.0,1.0
999350246710970,81001,2,7,2006,2.0,0.0
611000062907916,81001,2,7,2006,1.0,0.0
992062884169750,81001,1,7,2006,1.0,0.0
508906491990353,81001,1,7,2006,3.0,0.0
031519046909494,81001,2,7,2006,1.0,0.0
399150409040971,81001,2,7,2006,2.0,1.0
931855068909196,81001,2,7,2006,3.0,0.0
399970487430681,81001,1,7,2006,3.0,0.0
508706981791585,81001,1,7,2006,3.0,1.0
610509962907926,81001,1,7,2006,1.0,0.0
190936307065619,81001,1,7,2006,1.0,0.0
100008101061621,81001,2,7,2006,3.0,0.0
663199839700924,81001,4,7,2006,,
789380556200981,81001,1,7,2006,3.0,1.0
467296839100958,81001,1,7,2006,1.0,0.0
820106960392196,81001,2,7,2006,3.0,0.0
087752820985897,81001,1,7,2006,3.0,1.0
475261324300966,81001,1,7,2006,1.0,1.0
047532730790291,81001,2,7,2006,2.0,1.0
954769570929200,81001,1,7,2006,2.0,0.0
262789086909894,81001,2,7,2006,1.0,1.0
690861098426139,81001,2,7,2006,1.0,0.0
999007881289700,81001,2,7,2006,1.0,0.0
794640609810662,81001,2,7,2006,1.0,0.0
192201006909597,81001,1,7,2006,1.0,0.0
021722690683498,81001,1,7,2006,1.0,1.0
066622890681791,81001,1,7,2006,3.0,0.0
378986404050189,81001,2,7,2006,1.0,1.0
005223630961595,81001,1,7,2006,1.0,1.0
133350026907871,81001,1,7,2006,1.0,0.0
730309931826481,81001,2,7,2006,2.0,0.0
607901423692523,81001,2,7,2006,2.0,0.0
915459770749307,81001,1,7,2006,2.0,0.0
946579270189303,81001,2,7,2006,2.0,0.0
394917506049658,81001,5,7,2006,2.0,1.0
631600091090110,81001,2,7,2006,1.0,0.0
399946903062649,81001,2,7,2006,1.0,0.0
220771093437019,81001,2,7,2006,2.0,0.0
393938308066739,81001,1,7,2006,3.0,1.0
710710637400083,81001,1,7,2006,3.0,0.0
060396219700975,81001,2,7,2006,1.0,0.0
394978709013759,81001,2,7,2006,3.0,0.0
999670582040973,81001,4,7,2006,2.0,1.0
949139570676302,81001,2,7,2006,2.0,1.0
062334700690794,81001,1,7,2006,2.0,1.0
478938204086149,81001,1,7,2006,3.0,0.0
570625097148279,81001,1,7,2006,3.0,1.0
927062818469680,81001,1,7,2006,1.0,0.0
912089170406402,81001,1,7,2006,2.0,1.0
289920028230964,81001,1,7,2006,1.0,0.0
009664840782196,81001,1,7,2006,3.0,0.0
654522068909679,81001,2,7,2006,3.0,0.0
810961095447479,81001,1,7,2006,2.0,1.0
610910962350084,81001,1,7,2006,3.0,1.0
010724670967695,81001,2,7,2006,1.0,0.0
606901764992168,81001,1,7,2006,1.0,1.0
006903364996468,81001,2,7,2006,1.0,0.0
640909959975949,81001,1,7,2006,1.0,0.0
705215016909493,81001,1,7,2006,1.0,0.0
110260060690506,81001,1,7,2006,1.0,1.0
710912094057709,81001,1,7,2006,2.0,1.0
866592009100925,81001,1,7,2006,1.0,0.0
577976208051399,81001,2,7,2006,1.0,0.0
910043860569190,81001,1,7,2006,1.0,0.0
763597549400976,81001,2,7,2006,1.0,0.0
933025881589930,81001,1,7,2006,3.0,0.0
971449410079003,82001,2,8,2006,3.0,0.0
800409874061376,81001,2,8,2006,2.0,0.0
100400021531018,82001,1,8,2006,3.0,0.0
060719047908597,81001,1,8,2006,1.0,0.0
648240932180910,82001,1,8,2006,2.0,0.0
100609974061386,82001,1,8,2006,3.0,0.0
316286010879000,82001,1,8,2006,3.0,1.0
460399037903295,81001,4,8,2006,1.0,1.0
808901120794316,81001,2,8,2006,2.0,0.0
985093228600921,81001,2,8,2006,2.0,0.0
996076825089470,81001,1,8,2006,2.0,0.0
968899970099003,81001,2,8,2006,1.0,0.0
072948906073819,81001,2,8,2006,2.0,0.0
508703440790249,81001,3,8,2006,2.0,1.0
093620890966697,81001,1,8,2006,2.0,0.0
999350246710970,81001,2,8,2006,1.0,0.0
474196408000831,81001,2,8,2006,1.0,1.0
148780093250711,82001,1,8,2006,2.0,0.0
613191939200537,82001,1,8,2006,3.0,1.0
508906491990353,81001,1,8,2006,2.0,0.0
399150409040971,81001,2,8,2006,1.0,1.0
931855068909196,81001,2,8,2006,2.0,0.0
399970487430681,81001,1,8,2006,2.0,0.0
044761130990397,82001,1,8,2006,3.0,0.0
719480780600981,81001,1,8,2006,2.0,0.0
601904361899467,82001,2,8,2006,3.0,1.0
979969110557107,82001,2,8,2006,3.0,0.0
942149310359208,82001,1,8,2006,3.0,1.0
622253078909390,81001,1,8,2006,2.0,0.0
374294589400568,81001,1,8,2006,1.0,1.0
499480580480912,82001,3,8,2006,1.0,0.0
954769570929200,81001,1,8,2006,1.0,0.0
860456097821129,82001,2,8,2006,3.0,0.0
999007881289700,81001,2,8,2006,,
799690666740672,81001,1,8,2006,1.0,0.0
730309931826481,81001,2,8,2006,1.0,0.0
981003789379090,81001,1,8,2006,1.0,1.0
371948305059319,81001,2,8,2006,2.0,1.0
607901423692523,81001,2,8,2006,1.0,0.0
090944099931779,82001,1,8,2006,3.0,1.0
489940851380983,81001,2,8,2006,2.0,1.0
915459770749307,81001,1,8,2006,1.0,0.0
937016414379120,81001,3,8,2006,1.0,0.0
310969090331129,82001,1,8,2006,3.0,0.0
001003363106467,82001,1,8,2006,3.0,0.0
920017713319930,82001,1,8,2006,2.0,0.0
220771093437019,81001,2,8,2006,1.0,0.0
710710637400083,81001,1,8,2006,2.0,0.0
901004243103597,82001,2,8,2006,3.0,0.0
394981106017925,82001,1,8,2006,3.0,0.0
492981105016276,82001,3,8,2006,3.0,1.0
299720570900914,82001,1,8,2006,3.0,0.0
495947000087238,81001,1,8,2006,1.0,1.0
009664840782196,81001,1,8,2006,2.0,0.0
497981304098438,82001,2,8,2006,3.0,1.0
654522068909679,81001,2,8,2006,2.0,0.0
495968104047719,81001,1,8,2006,2.0,0.0
110976094041409,82001,2,8,2006,3.0,1.0
899090746670674,81001,1,8,2006,1.0,0.0
561427306041089,81001,2,8,2006,1.0,0.0
850006999443692,81001,2,8,2006,1.0,0.0
020215710691991,81001,2,8,2006,1.0,1.0
750301001265512,81001,4,8,2006,1.0,0.0
210958095757479,81001,1,8,2006,1.0,0.0
933025881589930,81001,1,8,2006,2.0,0.0
101000675104246,82001,2,8,2006,3.0,0.0
099932305043199,82001,2,9,2006,,
002603710999132,82001,2,9,2006,2.0,0.0
800409874061376,81001,2,9,2006,1.0,0.0
100400021531018,82001,1,9,2006,2.0,0.0
090612807008621,82001,1,9,2006,3.0,0.0
100609974061386,82001,1,9,2006,2.0,0.0
985093228600921,81001,2,9,2006,1.0,0.0
996076825089470,81001,1,9,2006,1.0,0.0
072948906073819,81001,2,9,2006,1.0,0.0
120091709800914,82001,2,9,2006,3.0,1.0
060525094012839,82001,1,9,2006,3.0,0.0
195912300051219,82001,1,9,2006,3.0,0.0
508906491990353,81001,1,9,2006,1.0,0.0
931855068909196,81001,2,9,2006,1.0,0.0
399970487430681,81001,1,9,2006,1.0,0.0
044761130990397,82001,1,9,2006,2.0,0.0
986919510339101,82001,1,9,2006,2.0,0.0
719480780600981,81001,1,9,2006,1.0,0.0
899230056120911,82001,2,9,2006,2.0,0.0
979969110557107,82001,2,9,2006,2.0,0.0
942149310359208,82001,1,9,2006,2.0,1.0
622253078909390,81001,1,9,2006,1.0,0.0
292902805069299,82001,2,9,2006,3.0,0.0
040831076922849,82001,1,9,2006,3.0,0.0
499480580480912,82001,3,9,2006,,
920291589400793,82001,1,9,2006,3.0,0.0
086542150999291,82001,1,9,2006,2.0,0.0
860456097821129,82001,2,9,2006,2.0,0.0
886959320369200,82001,2,9,2006,3.0,0.0
965049625229160,82001,1,9,2006,3.0,1.0
420298689900970,82001,1,9,2006,2.0,0.0
529260489900938,82001,1,9,2006,3.0,0.0
989650777340622,82001,2,9,2006,3.0,0.0
069253210697697,82001,1,9,2006,3.0,0.0
013043052909773,82001,1,9,2006,3.0,0.0
090944099931779,82001,1,9,2006,2.0,1.0
343615018909299,81001,1,9,2006,1.0,1.0
489940851380983,81001,2,9,2006,1.0,1.0
954449610509304,82001,1,9,2006,2.0,0.0
310969090331129,82001,1,9,2006,2.0,0.0
496099110009301,82001,2,9,2006,2.0,0.0
001003363106467,82001,1,9,2006,2.0,0.0
920017713319930,82001,1,9,2006,1.0,0.0
360877096832999,82001,2,9,2006,3.0,0.0
710710637400083,81001,1,9,2006,1.0,0.0
113306480800114,82001,2,9,2006,2.0,0.0
260881093432819,82001,1,9,2006,3.0,1.0
394981106017925,82001,1,9,2006,2.0,0.0
324950022907294,82001,4,9,2006,3.0,0.0
427499519400250,82001,2,9,2006,3.0,0.0
654522068909679,81001,2,9,2006,1.0,0.0
495968104047719,81001,1,9,2006,1.0,0.0
830877095642969,82001,2,9,2006,3.0,0.0
490922309082849,82001,2,9,2006,3.0,1.0
180983094941079,82001,1,9,2006,2.0,0.0
850006999443692,81001,2,9,2006,,
911299210767503,82001,1,9,2006,2.0,0.0
101905165895831,82001,1,9,2006,2.0,0.0
032023154520480,82001,2,9,2006,3.0,1.0
850306979165990,81001,1,9,2006,1.0,0.0
150406958770996,82001,2,9,2006,2.0,0.0
933025881589930,81001,1,9,2006,1.0,0.0
101000675104246,82001,2,9,2006,2.0,0.0
188006145520950,82001,2,9,2006,3.0,0.0
002603710999132,82001,2,10,2006,1.0,0.0
300409992216387,82001,2,10,2006,3.0,1.0
964079430619003,82001,1,10,2006,3.0,1.0
100400021531018,82001,1,10,2006,1.0,0.0
316095289500850,82001,1,10,2006,1.0,0.0
090813807008621,82001,2,10,2006,,
096923705042636,82001,1,10,2006,3.0,0.0
988096921039890,82001,1,10,2006,3.0,0.0
090612807008621,82001,1,10,2006,2.0,0.0
097703900019681,82001,1,10,2006,3.0,1.0
100609974061386,82001,1,10,2006,1.0,0.0
946046781037410,82001,3,10,2006,3.0,0.0
952099997039450,82001,1,10,2006,3.0,0.0
290755053906294,82001,1,10,2006,3.0,0.0
060525094012839,82001,1,10,2006,2.0,0.0
195912300051219,82001,1,10,2006,2.0,0.0
436198809200819,82001,2,10,2006,3.0,0.0
813192669200655,82001,1,10,2006,,
519199899200807,82001,1,10,2006,1.0,0.0
044761130990397,82001,1,10,2006,1.0,0.0
902909011993279,82001,2,10,2006,2.0,0.0
979969110557107,82001,2,10,2006,1.0,0.0
950979630439202,82001,2,10,2006,3.0,0.0
292902805069299,82001,2,10,2006,2.0,0.0
040831076922849,82001,1,10,2006,2.0,0.0
781014942239750,82001,1,10,2006,3.0,0.0
086542150999291,82001,1,10,2006,1.0,0.0
630159007223660,82001,1,10,2006,3.0,1.0
860456097821129,82001,2,10,2006,1.0,0.0
298973308096616,82001,1,10,2006,3.0,0.0
886959320369200,82001,2,10,2006,2.0,0.0
914056448239190,82001,2,10,2006,3.0,0.0
699040988870912,82001,2,10,2006,1.0,1.0
292943801027736,82001,2,10,2006,3.0,1.0
529260489900938,82001,1,10,2006,2.0,0.0
989650777340622,82001,2,10,2006,2.0,0.0
069253210697697,82001,1,10,2006,2.0,0.0
013043052909773,82001,1,10,2006,2.0,0.0
032390639400862,82001,1,10,2006,3.0,0.0
954449610509304,82001,1,10,2006,1.0,0.0
001903903599786,82001,1,10,2006,1.0,0.0
392943708031658,82001,3,10,2006,3.0,0.0
130609947360384,82001,2,10,2006,1.0,0.0
310969090331129,82001,1,10,2006,1.0,0.0
397933606089698,82001,1,10,2006,3.0,0.0
496099110009301,82001,2,10,2006,1.0,0.0
001003363106467,82001,1,10,2006,1.0,0.0
309053300095771,82001,2,10,2006,3.0,1.0
360877096832999,82001,2,10,2006,2.0,0.0
113306480800114,82001,2,10,2006,1.0,0.0
049313290985797,82001,2,10,2006,2.0,0.0
394981106017925,82001,1,10,2006,1.0,0.0
324950022907294,82001,4,10,2006,2.0,0.0
503906984691582,82001,2,10,2006,3.0,0.0
340923095043599,82001,1,10,2006,3.0,1.0
427499519400250,82001,2,10,2006,2.0,0.0
431490259400833,82001,2,10,2006,3.0,0.0
830877095642969,82001,2,10,2006,2.0,0.0
490922309082849,82001,2,10,2006,2.0,1.0
968038700419160,82002,1,10,2006,1.0,0.0
492903606030816,82001,2,10,2006,3.0,0.0
978189330739408,82001,1,10,2006,3.0,0.0
340900092306912,82001,2,10,2006,3.0,0.0
911299210767503,82001,1,10,2006,1.0,0.0
101905165895831,82001,1,10,2006,1.0,0.0
053535130690692,82001,2,10,2006,,
101000675104246,82001,2,10,2006,1.0,0.0
188006145520950,82001,2,10,2006,2.0,0.0
504600270993141,82001,1,11,2006,3.0,0.0
400209950442092,82001,2,11,2006,3.0,0.0
402604100997962,82001,2,11,2006,1.0,0.0
964079430619003,82001,1,11,2006,2.0,1.0
096923705042636,82001,1,11,2006,2.0,0.0
828092929600253,82001,2,11,2006,1.0,0.0
988096921039890,82001,1,11,2006,2.0,0.0
090612807008621,82001,1,11,2006,1.0,0.0
696419220409002,82001,3,11,2006,1.0,0.0
896339240959003,82001,2,11,2006,3.0,0.0
946046781037410,82001,3,11,2006,2.0,0.0
549076379800769,82001,4,11,2006,3.0,0.0
889490279090940,82001,3,11,2006,2.0,0.0
952099997039450,82001,1,11,2006,2.0,0.0
060525094012839,82001,1,11,2006,1.0,0.0
195912300051219,82001,1,11,2006,1.0,0.0
198903306077205,82001,1,11,2006,2.0,0.0
436198809200819,82001,2,11,2006,2.0,0.0
004606591996176,82001,1,11,2006,3.0,0.0
323193297700918,82001,2,11,2006,1.0,0.0
950979630439202,82001,2,11,2006,2.0,0.0
420009982905699,82001,2,11,2006,3.0,0.0
189960751770642,82001,1,11,2006,3.0,1.0
901139740526205,82001,1,11,2006,3.0,0.0
292902805069299,82001,2,11,2006,1.0,0.0
611013926224000,82001,3,11,2006,1.0,0.0
963869030859202,82001,2,11,2006,2.0,0.0
040831076922849,82001,1,11,2006,1.0,0.0
920291589400793,82001,1,11,2006,1.0,0.0
781014942239750,82001,1,11,2006,2.0,0.0
292994100012517,82001,1,11,2006,3.0,0.0
420509968839645,82001,1,11,2006,1.0,0.0
630159007223660,82001,1,11,2006,2.0,1.0
298973308096616,82001,1,11,2006,2.0,0.0
914056448239190,82001,2,11,2006,2.0,0.0
959080225860922,82001,2,11,2006,1.0,0.0
529260489900938,82001,1,11,2006,1.0,0.0
989650777340622,82001,2,11,2006,1.0,0.0
392924800054089,82001,1,11,2006,3.0,0.0
069253210697697,82001,1,11,2006,1.0,0.0
449393689100996,82001,2,11,2006,3.0,1.0
013043052909773,82001,1,11,2006,1.0,0.0
862679740099305,82001,1,11,2006,3.0,0.0
636375699300622,82001,2,11,2006,2.0,1.0
430306494691380,82001,1,11,2006,3.0,0.0
623899840557307,82001,2,11,2006,3.0,0.0
843397919400913,82001,1,11,2006,3.0,0.0
589150937580643,82001,1,11,2006,3.0,0.0
975389140396301,82001,2,11,2006,3.0,0.0
669520493800943,82001,1,11,2006,3.0,0.0
397933606089698,82001,1,11,2006,2.0,0.0
703900343696746,82001,1,11,2006,2.0,0.0
029983260988290,82001,2,11,2006,1.0,0.0
845392339600931,82001,2,11,2006,3.0,0.0
196460040020303,82001,2,11,2006,3.0,0.0
309053300095771,82001,2,11,2006,2.0,1.0
360877096832999,82001,2,11,2006,1.0,0.0
902904003994157,82001,2,11,2006,1.0,0.0
646395699800722,82001,2,11,2006,3.0,0.0
242496139000711,82001,1,11,2006,3.0,0.0
324950022907294,82001,4,11,2006,1.0,0.0
027495989200986,82001,2,11,2006,1.0,0.0
427499519400250,82001,2,11,2006,1.0,0.0
431490259400833,82001,2,11,2006,2.0,0.0
494964009092699,82001,1,11,2006,3.0,0.0
490994205079779,82001,2,11,2006,3.0,0.0
830877095642969,82001,2,11,2006,1.0,0.0
490922309082849,82001,2,11,2006,1.0,1.0
349494669800929,82001,2,11,2006,3.0,0.0
496932609058889,82001,2,11,2006,1.0,0.0
440809935048990,82001,3,11,2006,3.0,0.0
242490869900257,82001,1,11,2006,3.0,0.0
340900092306912,82001,2,11,2006,2.0,0.0
604906855799950,82001,2,11,2006,3.0,0.0
821229840479509,82001,1,11,2006,3.0,1.0
241577879500959,82001,2,11,2006,3.0,0.0
745594539500914,82001,1,11,2006,3.0,1.0
188006145520950,82001,2,11,2006,1.0,0.0
504600270993141,82001,1,12,2006,2.0,0.0
400209950442092,82001,2,12,2006,2.0,0.0
955609850799008,82001,1,12,2006,3.0,0.0
096923705042636,82001,1,12,2006,1.0,0.0
988096921039890,82001,1,12,2006,1.0,0.0
160387055900798,82001,4,12,2006,3.0,1.0
896339240959003,82001,2,12,2006,2.0,0.0
946046781037410,82001,3,12,2006,1.0,0.0
952099997039450,82001,1,12,2006,1.0,0.0
290755053906294,82001,1,12,2006,1.0,0.0
046105570200287,82001,1,12,2006,2.0,1.0
198903306077205,82001,1,12,2006,1.0,0.0
299600316280951,82001,1,12,2006,3.0,1.0
436198809200819,82001,2,12,2006,1.0,0.0
399770257660951,82001,1,12,2006,3.0,0.0
952043930159440,82001,1,12,2006,3.0,0.0
004606591996176,82001,1,12,2006,2.0,0.0
039331370997186,82001,1,12,2006,1.0,0.0
987369730619104,82001,1,12,2006,1.0,1.0
543198969800950,82001,1,12,2006,2.0,0.0
111005507092931,82001,2,12,2006,3.0,0.0
999910976640751,82001,1,12,2006,3.0,0.0
950979630439202,82001,2,12,2006,1.0,0.0
067752500994798,82001,1,12,2006,3.0,1.0
420009982905699,82001,2,12,2006,2.0,0.0
505000372100290,82001,1,12,2006,3.0,0.0
002632410018106,82001,1,12,2006,2.0,0.0
901139740526205,82001,1,12,2006,2.0,0.0
963869030859202,82001,2,12,2006,1.0,0.0
781014942239750,82001,1,12,2006,1.0,0.0
291905809089558,82001,1,12,2006,3.0,0.0
298973308096616,82001,1,12,2006,1.0,0.0
914056448239190,82001,2,12,2006,1.0,0.0
192779094909291,82001,2,12,2006,2.0,1.0
392924800054089,82001,1,12,2006,2.0,0.0
533512055908290,82001,1,12,2006,3.0,0.0
636375699300622,82001,2,12,2006,1.0,1.0
430306494691380,82001,1,12,2006,2.0,0.0
623899840557307,82001,2,12,2006,2.0,0.0
843397919400913,82001,1,12,2006,2.0,0.0
589150937580643,82001,1,12,2006,2.0,0.0
975389140396301,82001,2,12,2006,2.0,0.0
609760647270943,82001,1,12,2006,1.0,0.0
669520493800943,82001,1,12,2006,2.0,0.0
397933606089698,82001,1,12,2006,1.0,0.0
663155083905193,82001,3,12,2006,1.0,0.0
934066780359500,82001,2,12,2006,3.0,0.0
845392339600931,82001,2,12,2006,2.0,0.0
196460040020303,82001,2,12,2006,2.0,0.0
309053300095771,82001,2,12,2006,1.0,1.0
646395699800722,82001,2,12,2006,2.0,0.0
160994064235099,82001,2,12,2006,,
242496139000711,82001,1,12,2006,2.0,0.0
520909060945219,82001,1,12,2006,3.0,1.0
524418045908393,82001,2,12,2006,,
605900694396752,82001,2,12,2006,3.0,0.0
909062639449110,82001,2,12,2006,2.0,0.0
431490259400833,82001,2,12,2006,1.0,0.0
494964009092699,82001,1,12,2006,2.0,0.0
403025904056791,82001,1,12,2006,3.0,0.0
490994205079779,82001,2,12,2006,2.0,0.0
076964580997891,82001,1,12,2006,3.0,0.0
010724580697695,82001,2,12,2006,,
349494669800929,82001,2,12,2006,2.0,0.0
978189330739408,82001,1,12,2006,1.0,0.0
242490869900257,82001,1,12,2006,2.0,0.0
340900092306912,82001,2,12,2006,1.0,0.0
604906855799950,82001,2,12,2006,2.0,0.0
600054933559000,82001,2,12,2006,3.0,0.0
097065550949097,82001,2,12,2006,3.0,0.0
241577879500959,82001,2,12,2006,2.0,0.0
745594539500914,82001,1,12,2006,2.0,1.0
504600270993141,82001,1,1,2007,1.0,0.0
242099349100905,82001,2,1,2007,1.0,0.0
400209950442092,82001,2,1,2007,1.0,0.0
299000144660950,82001,1,1,2007,2.0,1.0
955609850799008,82001,1,1,2007,2.0,0.0
606903440996006,82001,2,1,2007,3.0,0.0
160387055900798,82001,4,1,2007,2.0,1.0
896339240959003,82001,2,1,2007,1.0,0.0
195955007074143,82001,2,1,2007,2.0,0.0
399770257660951,82001,1,1,2007,2.0,0.0
931847056909096,82001,1,1,2007,3.0,0.0
646190729500799,82001,1,1,2007,1.0,0.0
004606591996176,82001,1,1,2007,1.0,0.0
543198969800950,82001,1,1,2007,1.0,0.0
264199959800968,82001,1,1,2007,3.0,0.0
999910976640751,82001,1,1,2007,2.0,0.0
420009982905699,82001,2,1,2007,1.0,0.0
505000372100290,82001,1,1,2007,2.0,0.0
668290039100963,82001,2,1,2007,3.0,0.0
901139740526205,82001,1,1,2007,1.0,0.0
032751094408563,82001,1,1,2007,1.0,0.0
620409958698175,82001,1,1,2007,3.0,0.0
291905809089558,82001,1,1,2007,2.0,0.0
392924800054089,82001,1,1,2007,1.0,0.0
213891045001301,82001,1,1,2007,1.0,1.0
449393689100996,82001,2,1,2007,1.0,0.0
862679740099305,82001,1,1,2007,1.0,0.0
533512055908290,82001,1,1,2007,2.0,0.0
430306494691380,82001,1,1,2007,1.0,0.0
623899840557307,82001,2,1,2007,1.0,0.0
397906308016489,82001,1,1,2007,3.0,1.0
843397919400913,82001,1,1,2007,1.0,0.0
947074655369700,82001,1,1,2007,3.0,0.0
705900963595185,82001,2,1,2007,2.0,0.0
589150937580643,82001,1,1,2007,1.0,0.0
975389140396301,82001,2,1,2007,1.0,0.0
609760647270943,82001,1,1,2007,,
669520493800943,82001,1,1,2007,1.0,0.0
196090160000301,82001,1,1,2007,3.0,0.0
845392339600931,82001,2,1,2007,1.0,0.0
466390479700936,82001,1,1,2007,3.0,0.0
997129350999303,82001,1,1,2007,2.0,0.0
398996203092759,82001,2,1,2007,3.0,0.0
045423570692696,82001,1,1,2007,2.0,0.0
646395699800722,82001,2,1,2007,1.0,0.0
395966302089979,82001,2,1,2007,3.0,0.0
969150194910963,82001,2,1,2007,3.0,0.0
242496139000711,82001,1,1,2007,1.0,0.0
520909060945219,82001,1,1,2007,2.0,1.0
960052678469750,82001,1,1,2007,3.0,0.0
605900694396752,82001,2,1,2007,2.0,0.0
909062639449110,82001,2,1,2007,1.0,0.0
806901124994315,82001,1,1,2007,3.0,0.0
492906607096599,82001,1,1,2007,3.0,0.0
494964009092699,82001,1,1,2007,1.0,0.0
403025904056791,82001,1,1,2007,2.0,0.0
490994205079779,82001,2,1,2007,1.0,0.0
076964580997891,82001,1,1,2007,2.0,0.0
105004134105088,82001,2,1,2007,2.0,0.0
750185008846730,82001,2,1,2007,3.0,0.0
349494669800929,82001,2,1,2007,1.0,0.0
242490869900257,82001,1,1,2007,1.0,0.0
499906705061927,82001,1,1,2007,3.0,0.0
650006922103190,82001,1,1,2007,3.0,0.0
604906855799950,82001,2,1,2007,1.0,0.0
600054933559000,82001,2,1,2007,2.0,0.0
097065550949097,82001,2,1,2007,2.0,0.0
241577879500959,82001,2,1,2007,1.0,0.0
749072922079580,82001,2,2,2007,3.0,0.0
540415037906991,82001,2,2,2007,3.0,0.0
600506928593992,82001,2,2,2007,2.0,0.0
955609850799008,82001,1,2,2007,1.0,0.0
606903440996006,82001,2,2,2007,2.0,0.0
700609921946654,82001,2,2,2007,3.0,0.0
160387055900798,82001,5,2,2007,1.0,1.0
966059870119004,82001,1,2,2007,3.0,0.0
848499960239006,82001,1,2,2007,2.0,1.0
752049930079440,82001,2,2,2007,3.0,0.0
195955007074143,82001,2,2,2007,1.0,0.0
962012920179350,82001,2,2,2007,3.0,0.0
399770257660951,82001,1,2,2007,1.0,0.0
931847056909096,82001,1,2,2007,2.0,0.0
370180008416020,82001,1,2,2007,2.0,1.0
264199959800968,82001,1,2,2007,2.0,0.0
999910976640751,82001,1,2,2007,1.0,0.0
505000372100290,82001,1,2,2007,1.0,0.0
668290039100963,82001,2,2,2007,2.0,0.0
297937000099238,82001,2,2,2007,2.0,0.0
932022754279480,82001,2,2,2007,3.0,0.0
520306477307297,82001,2,2,2007,1.0,0.0
106907642992874,82001,1,2,2007,2.0,0.0
620409958698175,82001,1,2,2007,2.0,0.0
291905809089558,82001,1,2,2007,1.0,0.0
925027930259410,82001,1,2,2007,1.0,0.0
199440954010973,82001,1,2,2007,3.0,0.0
776376959200660,82001,2,2,2007,3.0,1.0
085573730798299,82001,1,2,2007,3.0,0.0
533512055908290,82001,1,2,2007,1.0,0.0
947074655369700,82001,1,2,2007,2.0,0.0
705900963595185,82001,2,2,2007,1.0,0.0
863891047908690,82001,3,2,2007,3.0,0.0
466390479700936,82001,1,2,2007,2.0,0.0
799420772150973,82001,2,2,2007,3.0,0.0
398996203092759,82001,2,2,2007,2.0,0.0
799850559490973,82001,1,2,2007,3.0,0.0
799670295140673,82001,2,2,2007,3.0,0.0
807002143109397,82001,1,2,2007,3.0,0.0
170992090937379,82001,2,2,2007,3.0,0.0
395966302089979,82001,2,2,2007,2.0,0.0
969150194910963,82001,2,2,2007,2.0,0.0
960052678469750,82001,1,2,2007,2.0,0.0
605900694396752,82001,2,2,2007,1.0,0.0
007908694893992,82001,2,2,2007,3.0,0.0
724055076909497,82001,2,2,2007,2.0,0.0
403097706084431,82001,1,2,2007,3.0,0.0
806901124994315,82001,1,2,2007,2.0,0.0
914075999459940,82001,1,2,2007,,
492906607096599,82001,1,2,2007,2.0,0.0
960165016046500,82001,2,2,2007,2.0,0.0
966036937459700,82001,2,2,2007,1.0,0.0
403025904056791,82001,1,2,2007,1.0,0.0
007007104100447,82001,2,2,2007,3.0,1.0
076964580997891,82001,1,2,2007,1.0,0.0
105004134105088,82001,2,2,2007,1.0,0.0
402047302086851,82001,2,2,2007,3.0,0.0
750185008846730,82001,2,2,2007,2.0,0.0
899770788790954,82001,2,2,2007,1.0,0.0
926058442479650,82001,2,2,2007,3.0,0.0
975068924479770,82001,1,2,2007,2.0,0.0
499906705061927,82001,1,2,2007,2.0,0.0
650006922103190,82001,1,2,2007,2.0,0.0
750500860000102,82001,2,2,2007,1.0,0.0
600054933559000,82001,2,2,2007,1.0,0.0
565374036907591,82001,2,2,2007,2.0,0.0
749072922079580,82001,2,3,2007,2.0,0.0
308904370991064,82001,2,3,2007,3.0,0.0
540415037906991,82001,2,3,2007,2.0,0.0
985139070949003,82001,1,3,2007,2.0,0.0
360776007001408,82001,1,3,2007,2.0,1.0
606903440996006,82001,2,3,2007,1.0,0.0
700609921946654,82001,2,3,2007,2.0,0.0
360166048002100,82001,2,3,2007,3.0,1.0
461091308600766,82001,1,3,2007,1.0,0.0
610570030470080,82001,1,3,2007,3.0,0.0
966059870119004,82001,1,3,2007,2.0,0.0
752049930079440,82001,2,3,2007,2.0,0.0
710000024593012,82001,2,3,2007,,
008906951999682,82001,1,3,2007,3.0,0.0
630623099918289,82001,1,3,2007,3.0,0.0
962012920179350,82001,2,3,2007,2.0,0.0
931847056909096,82001,1,3,2007,1.0,0.0
668290039100963,82001,2,3,2007,1.0,0.0
297937000099238,82001,2,3,2007,1.0,0.0
932022754279480,82001,2,3,2007,2.0,0.0
708603402998053,82001,2,3,2007,3.0,1.0
267908707027339,82001,1,3,2007,3.0,0.0
293996706084339,82001,2,3,2007,1.0,1.0
298928101074449,82001,2,3,2007,1.0,0.0
590848090826679,82001,2,3,2007,1.0,0.0
620409958698175,82001,1,3,2007,1.0,0.0
820409918421794,82001,1,3,2007,3.0,0.0
297988004013609,82001,2,3,2007,3.0,0.0
820707972971794,82001,3,3,2007,3.0,0.0
291928307022959,82001,2,3,2007,3.0,0.0
821579880567309,82001,1,3,2007,3.0,0.0
199440954010973,82001,1,3,2007,2.0,0.0
053021108380960,82001,1,3,2007,3.0,0.0
085573730798299,82001,1,3,2007,2.0,0.0
433286067908874,82001,1,3,2007,1.0,0.0
947074655369700,82001,1,3,2007,1.0,0.0
395958804059699,82001,3,3,2007,3.0,0.0
466390479700936,82001,1,3,2007,1.0,0.0
398996203092759,82001,2,3,2007,1.0,0.0
790172008238400,82001,2,3,2007,3.0,0.0
807002143109397,82001,1,3,2007,2.0,0.0
391908306017959,82001,1,3,2007,3.0,0.0
391908306017959,82001,2,3,2007,3.0,0.0
170992090937379,82001,2,3,2007,2.0,0.0
395966302089979,82001,2,3,2007,1.0,0.0
514915048909892,82001,2,3,2007,3.0,0.0
960052678469750,82001,1,3,2007,1.0,0.0
007908694893992,82001,2,3,2007,2.0,0.0
724055076909497,82001,2,3,2007,1.0,0.0
015754840750994,82001,1,3,2007,3.0,0.0
403097706084431,82001,1,3,2007,2.0,0.0
958064882469140,82001,1,3,2007,1.0,0.0
806901124994315,82001,1,3,2007,1.0,0.0
492906607096599,82001,1,3,2007,1.0,0.0
208602064994376,82001,2,3,2007,3.0,0.0
960165016046500,82001,2,3,2007,1.0,0.0
402047302086851,82001,2,3,2007,2.0,0.0
750185008846730,82001,2,3,2007,1.0,0.0
926058442479650,82001,2,3,2007,2.0,0.0
284599096909060,82001,1,3,2007,,
499906705061927,82001,1,3,2007,1.0,0.0
650006922103190,82001,1,3,2007,1.0,0.0
708601685993730,82001,2,3,2007,3.0,0.0
080835096058339,82001,2,3,2007,,
594918406029409,82001,1,3,2007,3.0,0.0
908909505995156,82001,2,3,2007,3.0,0.0
565374036907591,82001,2,3,2007,1.0,0.0
065448703079299,82001,2,4,2007,2.0,0.0
100209995287264,83001,1,4,2007,3.0,0.0
210000144660080,82001,2,4,2007,2.0,0.0
749072922079580,82001,2,4,2007,1.0,0.0
308904370991064,82001,2,4,2007,2.0,0.0
540415037906991,82001,2,4,2007,1.0,0.0
360776007001408,82001,1,4,2007,1.0,1.0
407903600893476,82001,1,4,2007,1.0,0.0
700609921946654,82001,2,4,2007,1.0,0.0
360166048002100,82001,2,4,2007,2.0,1.0
610570030470080,82001,1,4,2007,2.0,0.0
966059870119004,82001,1,4,2007,1.0,0.0
899710637400670,82001,2,4,2007,1.0,0.0
095951007074946,83001,2,4,2007,3.0,1.0
752049930079440,82001,2,4,2007,1.0,0.0
501904651387301,83001,1,4,2007,3.0,0.0
008906951999682,82001,1,4,2007,2.0,0.0
962012920179350,82001,2,4,2007,1.0,0.0
290935092611049,83001,2,4,2007,3.0,0.0
190961802011808,83001,3,4,2007,3.0,0.0
260980097317539,82001,1,4,2007,1.0,0.0
040491180991594,83001,2,4,2007,3.0,0.0
939889910279101,83001,1,4,2007,3.0,0.0
297937000099238,82001,2,4,2007,,
299660425370912,83001,1,4,2007,2.0,0.0
932022754279480,82001,2,4,2007,1.0,0.0
054002119280770,82001,2,4,2007,2.0,0.0
261998601071329,82001,1,4,2007,2.0,0.0
267908707027339,82001,1,4,2007,2.0,0.0
298928101074449,82001,2,4,2007,,
820409918421794,82001,1,4,2007,2.0,0.0
240964096621889,83001,1,4,2007,3.0,0.0
297988004013609,82001,2,4,2007,2.0,0.0
906849310799205,83001,1,4,2007,3.0,0.0
820707972971794,82001,3,4,2007,2.0,0.0
291928307022959,82001,2,4,2007,2.0,0.0
218295529900837,83001,1,4,2007,3.0,0.0
081773700698395,82001,2,4,2007,1.0,0.0
821579880567309,82001,1,4,2007,2.0,0.0
199440954010973,82001,1,4,2007,1.0,0.0
053021108380960,82001,1,4,2007,2.0,0.0
085573730798299,82001,1,4,2007,1.0,0.0
433286067908874,82001,1,4,2007,,
050783730973490,82001,2,4,2007,1.0,0.0
599310435570973,82001,2,4,2007,1.0,0.0
717394269600667,83001,1,4,2007,2.0,0.0
790172008238400,82001,2,4,2007,2.0,0.0
799670295140673,82001,2,4,2007,1.0,0.0
807002143109397,82001,1,4,2007,1.0,0.0
899910238630673,82001,1,4,2007,1.0,1.0
391908306017959,82001,2,4,2007,2.0,0.0
170992090937379,82001,2,4,2007,1.0,0.0
514915048909892,82001,2,4,2007,2.0,0.0
500928093941979,83001,1,4,2007,3.0,0.0
007908694893992,82001,2,4,2007,1.0,0.0
972079210099405,83001,2,4,2007,3.0,0.0
015754840750994,82001,1,4,2007,2.0,0.0
403097706084431,82001,1,4,2007,1.0,0.0
479938705075499,82001,2,4,2007,2.0,0.0
208602064994376,82001,2,4,2007,2.0,0.0
967429010776404,83001,2,4,2007,3.0,0.0
007007104100447,82001,2,4,2007,1.0,1.0
140809931408080,83001,1,4,2007,3.0,0.0
402047302086851,82001,2,4,2007,1.0,0.0
926058442479650,82001,2,4,2007,1.0,0.0
497958206082849,82001,2,4,2007,2.0,0.0
975068924479770,82001,1,4,2007,1.0,0.0
708601685993730,82001,2,4,2007,2.0,0.0
590981304039018,83001,1,4,2007,3.0,0.0
594918406029409,82001,1,4,2007,2.0,0.0
290941098357839,82001,1,4,2007,1.0,1.0
401904215897185,83001,1,4,2007,3.0,0.0
908909505995156,82001,2,4,2007,2.0,0.0
065448703079299,82001,2,5,2007,1.0,0.0
308904370991064,82001,2,5,2007,1.0,0.0
428097969500987,83001,1,5,2007,3.0,0.0
846309020649006,83001,1,5,2007,3.0,0.0
070167007502540,83001,1,5,2007,3.0,0.0
401902780891516,83001,1,5,2007,2.0,0.0
610570030470080,82001,1,5,2007,1.0,0.0
659850559490920,83001,1,5,2007,3.0,0.0
049290160999690,83001,2,5,2007,2.0,0.0
072988500097859,82001,1,5,2007,1.0,0.0
009010163120490,83001,2,5,2007,3.0,0.0
501904651387301,83001,1,5,2007,2.0,0.0
008906951999682,82001,1,5,2007,1.0,0.0
110200061231814,83001,2,5,2007,2.0,0.0
124197789300902,83001,1,5,2007,3.0,0.0
271633058909991,82001,2,5,2007,,
190961802011808,83001,3,5,2007,2.0,0.0
939889910279101,83001,1,5,2007,2.0,0.0
954099849129640,83001,1,5,2007,3.0,0.0
512139092909078,83001,2,5,2007,3.0,0.0
261998601071329,82001,1,5,2007,1.0,0.0
267908707027339,82001,1,5,2007,1.0,0.0
382270679400942,82001,1,5,2007,1.0,0.0
771054689289530,82001,2,5,2007,1.0,0.0
820409918421794,82001,1,5,2007,1.0,0.0
936094873229310,83001,4,5,2007,3.0,0.0
252107022907497,83001,1,5,2007,2.0,1.0
240964096621889,83001,1,5,2007,2.0,0.0
906849310799205,83001,1,5,2007,2.0,0.0
820707972971794,82001,3,5,2007,1.0,0.0
850974064928734,82001,2,5,2007,1.0,0.0
102904672997947,83001,2,5,2007,3.0,0.0
202903082999858,83001,2,5,2007,3.0,0.0
291928307022959,82001,2,5,2007,1.0,0.0
218295529900837,83001,1,5,2007,2.0,0.0
821579880567309,82001,1,5,2007,1.0,0.0
053021108380960,82001,1,5,2007,1.0,0.0
402904573997055,83001,1,5,2007,3.0,0.0
717394269600667,83001,2,5,2007,1.0,0.0
506209320269306,83001,1,5,2007,3.0,1.0
940076812389320,82001,3,5,2007,1.0,0.0
790172008238400,82001,2,5,2007,1.0,0.0
391908306017959,82001,2,5,2007,1.0,0.0
601905293592749,83001,2,5,2007,2.0,0.0
083254800966798,82001,2,5,2007,1.0,0.0
624010957419270,83001,2,5,2007,2.0,0.0
514915048909892,82001,2,5,2007,1.0,0.0
500928093941979,83001,1,5,2007,2.0,0.0
972079210099405,83001,2,5,2007,2.0,0.0
015754840750994,82001,1,5,2007,1.0,0.0
840740073341199,83001,2,5,2007,2.0,0.0
099674260013203,83001,2,5,2007,3.0,0.0
967429010776404,83001,2,5,2007,2.0,0.0
810010503830084,82001,1,5,2007,1.0,0.0
305891012909365,83001,2,5,2007,3.0,0.0
405257012909564,83001,2,5,2007,3.0,0.0
708601685993730,82001,2,5,2007,1.0,0.0
590981304039018,83001,1,5,2007,2.0,0.0
594918406029409,82001,1,5,2007,1.0,0.0
401904215897185,83001,1,5,2007,2.0,0.0
908909505995156,82001,2,5,2007,1.0,0.0
911060684200915,83001,2,6,2007,1.0,1.0
092913906037428,83001,1,6,2007,3.0,1.0
300409992216387,83001,1,6,2007,3.0,0.0
096913907065475,83001,1,6,2007,3.0,0.0
428097969500987,83001,1,6,2007,2.0,0.0
070167007502540,83001,1,6,2007,2.0,0.0
659850559490920,83001,1,6,2007,2.0,0.0
009010163120490,83001,2,6,2007,2.0,0.0
140707075713479,83001,1,6,2007,3.0,1.0
501904651387301,83001,1,6,2007,1.0,0.0
105033903046201,83001,1,6,2007,3.0,1.0
601900691896755,83001,1,6,2007,1.0,0.0
210609915835997,83001,2,6,2007,2.0,1.0
561905043908791,83001,1,6,2007,3.0,0.0
069151380998299,83001,2,6,2007,3.0,0.0
190961802011808,83001,3,6,2007,1.0,0.0
900197000913830,83001,1,6,2007,3.0,1.0
199870731490712,83001,2,6,2007,1.0,0.0
512139092909078,83001,2,6,2007,2.0,0.0
060312330790091,83001,1,6,2007,3.0,0.0
030744074821579,83001,2,6,2007,1.0,0.0
936094873229310,83001,4,6,2007,2.0,0.0
936005941239910,83001,4,6,2007,3.0,1.0
042992360018301,83001,2,6,2007,3.0,1.0
240964096621889,83001,1,6,2007,1.0,0.0
976469530739207,83001,2,6,2007,3.0,0.0
906849310799205,83001,1,6,2007,1.0,0.0
290912107010749,83001,1,6,2007,2.0,0.0
295933305097945,83001,1,6,2007,3.0,0.0
402900032991679,83001,1,6,2007,2.0,0.0
005733300999297,83001,1,6,2007,3.0,1.0
315062709066202,83001,2,6,2007,2.0,0.0
235374829300837,83001,2,6,2007,1.0,0.0
503708963396283,83001,1,6,2007,3.0,1.0
330409974675783,83001,2,6,2007,3.0,0.0
390961305075543,83001,1,6,2007,1.0,0.0
699005981319700,83001,2,6,2007,1.0,1.0
717394269600667,83001,1,6,2007,,
726209830679301,83001,2,6,2007,3.0,0.0
950462094531189,83001,1,6,2007,1.0,0.0
956679710769302,83001,2,6,2007,1.0,0.0
463306073906794,83001,2,6,2007,3.0,1.0
506209320269306,83001,1,6,2007,2.0,1.0
601905293592749,83001,2,6,2007,1.0,0.0
624010957419270,83001,2,6,2007,1.0,0.0
088924320993095,83001,1,6,2007,3.0,0.0
501006494100352,83001,1,6,2007,1.0,1.0
401902174897832,83001,1,6,2007,1.0,0.0
972079210099405,83001,2,6,2007,1.0,0.0
419220506190924,83001,1,6,2007,1.0,0.0
144095023808692,83001,2,6,2007,3.0,0.0
476911806044451,83001,1,6,2007,1.0,0.0
048894150997890,83001,1,6,2007,1.0,0.0
002906274994525,83001,2,6,2007,2.0,0.0
050969097243839,83001,1,6,2007,3.0,0.0
099674260013203,83001,2,6,2007,2.0,0.0
140607967381486,83001,1,6,2007,1.0,1.0
340875093942929,83001,1,6,2007,2.0,1.0
099048227430040,83001,1,6,2007,3.0,0.0
899520110060914,83001,3,6,2007,1.0,1.0
057864380996091,83001,1,6,2007,3.0,0.0
300984065743899,83001,2,6,2007,3.0,1.0
539463049800978,83001,2,6,2007,3.0,0.0
405257012909564,83001,2,6,2007,2.0,0.0
940884130566502,83001,2,6,2007,3.0,1.0
099950986560715,83001,1,6,2007,1.0,0.0
590981304039018,83001,1,6,2007,1.0,0.0
199840727880915,83001,1,6,2007,1.0,0.0
059535140997695,83001,2,6,2007,1.0,0.0
402905845995414,83001,2,6,2007,2.0,0.0
655950063908095,83001,1,6,2007,2.0,1.0
602599840169001,83001,1,7,2007,3.0,0.0
092913906037428,83001,1,7,2007,2.0,1.0
015930350996592,83001,2,7,2007,2.0,0.0
091974901092579,83001,2,7,2007,3.0,0.0
428097969500987,83001,1,7,2007,1.0,0.0
029850460983298,83001,2,7,2007,3.0,0.0
303905920590786,83001,2,7,2007,2.0,0.0
603903440696006,83001,3,7,2007,2.0,1.0
846309020649006,83001,1,7,2007,1.0,0.0
907096805049270,83001,2,7,2007,3.0,1.0
659850559490920,83001,1,7,2007,1.0,0.0
860977044907294,83001,1,7,2007,3.0,1.0
065942805093689,83001,1,7,2007,1.0,1.0
744079639900983,83001,1,7,2007,3.0,0.0
052901400957596,83001,1,7,2007,3.0,0.0
140707075713479,83001,1,7,2007,2.0,1.0
170966099613759,83001,2,7,2007,2.0,1.0
543198969800950,83001,2,7,2007,3.0,0.0
198994800045999,83001,1,7,2007,3.0,0.0
410907954800398,83001,2,7,2007,3.0,1.0
965040820249810,83001,2,7,2007,3.0,0.0
073412410690046,83001,1,7,2007,3.0,1.0
265974600095109,83001,2,7,2007,2.0,0.0
512139092909078,83001,2,7,2007,1.0,0.0
320209954932383,83001,1,7,2007,2.0,1.0
420309921262797,83001,2,7,2007,3.0,0.0
420609931194399,83001,1,7,2007,3.0,1.0
420609931194399,83001,2,7,2007,3.0,1.0
976469530739207,83001,2,7,2007,2.0,0.0
052222370993397,83001,1,7,2007,2.0,0.0
102607572997967,83001,1,7,2007,1.0,0.0
320975097223329,83001,2,7,2007,2.0,1.0
102904672997947,83001,2,7,2007,1.0,0.0
295933305097945,83001,1,7,2007,2.0,0.0
667059964239880,83001,3,7,2007,2.0,1.0
402900032991679,83001,1,7,2007,1.0,0.0
213044032907698,83001,2,7,2007,1.0,0.0
315062709066202,83001,2,7,2007,1.0,0.0
643139540679302,83001,2,7,2007,3.0,0.0
235374829300837,83001,2,7,2007,,
397912202074409,83001,1,7,2007,1.0,0.0
230609982276176,83001,1,7,2007,1.0,0.0
726209830679301,83001,2,7,2007,2.0,0.0
263018054907296,83001,2,7,2007,3.0,0.0
422391679600957,83001,3,7,2007,1.0,0.0
649130589880933,83001,1,7,2007,2.0,0.0
995066554349410,83001,1,7,2007,3.0,1.0
011743360994895,83001,1,7,2007,2.0,1.0
663097094909895,83001,1,7,2007,3.0,1.0
085027139320360,83001,1,7,2007,1.0,0.0
802907683996997,83001,1,7,2007,1.0,1.0
603906043693477,83001,2,7,2007,2.0,1.0
361994706017719,83001,2,7,2007,3.0,1.0
500974069233659,83001,1,7,2007,2.0,0.0
899060391350733,83001,1,7,2007,2.0,0.0
368924900026919,83001,2,7,2007,3.0,1.0
859529820489309,83001,1,7,2007,1.0,0.0
948001892449050,83001,2,7,2007,3.0,1.0
496924806053159,83001,2,7,2007,3.0,1.0
733490599200828,83001,2,7,2007,2.0,1.0
470914609066427,83001,1,7,2007,3.0,0.0
097064450989097,83001,1,7,2007,3.0,0.0
050969097243839,83001,1,7,2007,2.0,0.0
099674260013203,83001,2,7,2007,1.0,0.0
340600065308013,83001,2,7,2007,2.0,0.0
340606987835888,83001,1,7,2007,1.0,1.0
340875093942929,83001,1,7,2007,1.0,1.0
927492909700980,83001,2,7,2007,1.0,0.0
099048227430040,83001,1,7,2007,2.0,0.0
818299840169404,83001,1,7,2007,3.0,0.0
300984065743899,83001,2,7,2007,2.0,1.0
140905062353859,83001,1,7,2007,2.0,1.0
602599840169001,83001,1,8,2007,2.0,0.0
740952098903509,83001,2,8,2007,1.0,0.0
015930350996592,83001,2,8,2007,1.0,0.0
091974901092579,83001,2,8,2007,2.0,0.0
029850460983298,83001,2,8,2007,2.0,0.0
091985600022648,83001,1,8,2007,3.0,0.0
160301014904194,83001,3,8,2007,2.0,0.0
303905920590786,83001,2,8,2007,1.0,0.0
907096805049270,83001,2,8,2007,2.0,1.0
500609783456507,83001,1,8,2007,3.0,0.0
986096466039520,83001,2,8,2007,1.0,1.0
014023104075951,83001,1,8,2007,1.0,1.0
490257013001514,83001,2,8,2007,1.0,1.0
052901400957596,83001,1,8,2007,2.0,0.0
140707075713479,83001,1,8,2007,1.0,1.0
198993106057101,83001,2,8,2007,1.0,0.0
198993106057101,83001,3,8,2007,1.0,0.0
105033903046201,83001,1,8,2007,1.0,1.0
220270057220051,83001,2,8,2007,3.0,0.0
006461430018802,83001,2,8,2007,1.0,1.0
673759840609109,83001,1,8,2007,2.0,0.0
973599350509101,83001,1,8,2007,2.0,0.0
710000066270041,83001,3,8,2007,2.0,0.0
034901380995395,83001,2,8,2007,1.0,0.0
543198969800950,83001,2,8,2007,2.0,0.0
198994800045999,83001,1,8,2007,2.0,0.0
410907954800398,83001,2,8,2007,2.0,1.0
965040820249810,83001,2,8,2007,2.0,0.0
073412410690046,83001,1,8,2007,2.0,1.0
420309921262797,83001,2,8,2007,2.0,0.0
520409986352254,83001,1,8,2007,3.0,0.0
042911013908272,83001,1,8,2007,1.0,0.0
936005941239910,83001,4,8,2007,1.0,1.0
976469530739207,83001,2,8,2007,1.0,0.0
052222370993397,83001,1,8,2007,1.0,0.0
295933305097945,83001,1,8,2007,1.0,0.0
620060926339300,83001,1,8,2007,1.0,0.0
430107978526975,83001,1,8,2007,2.0,0.0
444396919100719,83001,1,8,2007,2.0,0.0
967092906339560,83001,2,8,2007,1.0,1.0
123909003001603,83001,1,8,2007,1.0,1.0
312045502026311,83001,1,8,2007,3.0,1.0
643139540679302,83001,2,8,2007,2.0,0.0
113640230531306,83001,2,8,2007,1.0,1.0
399810245680753,83001,1,8,2007,3.0,0.0
336394759300821,83002,2,8,2007,1.0,0.0
954609850799308,83001,2,8,2007,2.0,0.0
395923209064606,83001,2,8,2007,1.0,1.0
430609974197494,83001,1,8,2007,2.0,1.0
430609974197494,83001,2,8,2007,2.0,1.0
011743360994895,83001,1,8,2007,1.0,1.0
040396469700937,83001,2,8,2007,2.0,0.0
500974069233659,83001,1,8,2007,1.0,0.0
899060391350733,83001,2,8,2007,1.0,1.0
189900827900944,83001,2,8,2007,2.0,1.0
948001892449050,83001,2,8,2007,2.0,1.0
498935609065286,83001,1,8,2007,3.0,0.0
088924320993095,83001,1,8,2007,1.0,0.0
497914607059229,83001,2,8,2007,2.0,0.0
020945074345319,83001,1,8,2007,3.0,1.0
470914609066427,83001,1,8,2007,2.0,0.0
488860414650944,83001,1,8,2007,2.0,1.0
097064450989097,83001,1,8,2007,2.0,0.0
440607987921492,83001,2,8,2007,2.0,1.0
051774560794192,83001,1,8,2007,2.0,0.0
537497439800840,83001,2,8,2007,1.0,0.0
818299840169404,83001,1,8,2007,2.0,0.0
899170689670954,83001,1,8,2007,3.0,0.0
468994901002839,83001,1,8,2007,2.0,0.0
140905062353859,83001,1,8,2007,1.0,1.0
950269950669502,83001,2,8,2007,3.0,0.0
590994506041159,83001,1,8,2007,2.0,0.0
815167085001705,83001,2,8,2007,3.0,0.0
104707645992873,83001,1,8,2007,2.0,0.0
635355095001008,83001,1,8,2007,3.0,1.0
563995706084439,83001,1,8,2007,3.0,1.0
633044995559380,83001,2,8,2007,3.0,0.0
465641014909398,83001,1,8,2007,2.0,1.0
465641014909398,83001,2,8,2007,2.0,1.0
954081922059020,83001,1,9,2007,2.0,0.0
262063149100898,83001,1,9,2007,3.0,0.0
159040420985197,83011,1,9,2007,1.0,0.0
602599840169001,83001,1,9,2007,1.0,0.0
091974901092579,83001,2,9,2007,1.0,0.0
029850460983298,83001,2,9,2007,1.0,0.0
860743064909390,83001,1,9,2007,1.0,0.0
500609783456507,83001,1,9,2007,2.0,0.0
960091589900993,83001,2,9,2007,3.0,0.0
610006973396894,83001,1,9,2007,3.0,0.0
052901400957596,83001,1,9,2007,1.0,0.0
220270057220051,83001,2,9,2007,2.0,0.0
400125000816370,83001,4,9,2007,3.0,0.0
090921068815599,83001,1,9,2007,2.0,0.0
122100360470102,83001,2,9,2007,3.0,0.0
673759840609109,83001,1,9,2007,1.0,0.0
569750157720961,83001,1,9,2007,2.0,0.0
194926107035609,83001,1,9,2007,3.0,1.0
710000066270041,83001,3,9,2007,1.0,0.0
908058886169410,83001,2,9,2007,3.0,0.0
064197769800958,83001,2,9,2007,2.0,1.0
452107120800175,83001,2,9,2007,2.0,0.0
543198969800950,83001,2,9,2007,1.0,0.0
198994800045999,83001,1,9,2007,1.0,0.0
965040820249810,83001,2,9,2007,1.0,0.0
653053974244130,83001,2,9,2007,1.0,0.0
420309921262797,83001,2,9,2007,1.0,0.0
520409986352254,83001,1,9,2007,2.0,0.0
706708642990884,83001,1,9,2007,3.0,0.0
077722650953097,83001,1,9,2007,3.0,0.0
799980164760952,83001,1,9,2007,2.0,0.0
046712580992891,83001,1,9,2007,2.0,0.0
444396919100719,83001,1,9,2007,1.0,0.0
643139540679302,83001,2,9,2007,1.0,0.0
004906513496084,83001,2,9,2007,1.0,0.0
640847098236719,83001,1,9,2007,3.0,0.0
106309060059303,83001,2,9,2007,3.0,0.0
610220143070043,83001,1,9,2007,1.0,0.0
035513560993992,83001,1,9,2007,2.0,1.0
873398006909996,83001,1,9,2007,3.0,0.0
906909383998067,83001,1,9,2007,3.0,1.0
430806904969992,83001,1,9,2007,1.0,0.0
498935609065286,83001,1,9,2007,2.0,0.0
754496809200814,83001,1,9,2007,2.0,0.0
497914607059229,83001,2,9,2007,1.0,0.0
470914609066427,83001,1,9,2007,1.0,0.0
864449440829406,83001,1,9,2007,1.0,0.0
097064450989097,83001,1,9,2007,1.0,0.0
440607987921492,83001,1,9,2007,1.0,0.0
499906901037739,83001,2,9,2007,3.0,0.0
818299840169404,83001,1,9,2007,1.0,0.0
951401680800342,83001,2,9,2007,2.0,1.0
468994901002839,83001,1,9,2007,1.0,0.0
497934000099879,83001,1,9,2007,1.0,0.0
405006955101780,83001,1,9,2007,2.0,0.0
952567114000997,83001,1,9,2007,2.0,1.0
815167085001705,83001,2,9,2007,2.0,0.0
635905034909693,83001,1,9,2007,1.0,0.0
104707645992873,83001,1,9,2007,1.0,0.0
633044995559380,83001,1,9,2007,2.0,0.0
120659096956699,83001,2,9,2007,3.0,0.0
075170710019805,83001,2,10,2007,3.0,0.0
262063149100898,83001,1,10,2007,2.0,0.0
091985600022648,83001,1,10,2007,1.0,0.0
407902250698496,83001,2,10,2007,3.0,1.0
500609783456507,83001,1,10,2007,1.0,0.0
928109370479002,83001,1,10,2007,3.0,0.0
960091589900993,83001,2,10,2007,2.0,0.0
610006973396894,83001,1,10,2007,2.0,0.0
970559450229105,83001,1,10,2007,1.0,0.0
174827107035103,83001,2,10,2007,3.0,1.0
220270057220051,83001,2,10,2007,1.0,0.0
400125000816370,83001,4,10,2007,2.0,0.0
090921068815599,83001,1,10,2007,1.0,0.0
122100360470102,83001,2,10,2007,2.0,0.0
389370505210961,83001,2,10,2007,2.0,0.0
194926107035609,83001,1,10,2007,2.0,1.0
971665077801097,83001,1,10,2007,3.0,0.0
908058886169410,83001,2,10,2007,2.0,0.0
452107120800175,83001,2,10,2007,1.0,0.0
520409986352254,83001,1,10,2007,1.0,0.0
706708642990884,83001,1,10,2007,2.0,0.0
720409938845654,83001,2,10,2007,2.0,0.0
854279560779201,83001,2,10,2007,2.0,0.0
369299529700933,83001,1,10,2007,2.0,0.0
799980164760952,83001,1,10,2007,1.0,0.0
908549470739208,83001,1,10,2007,3.0,0.0
377293559900694,83001,1,10,2007,3.0,1.0
925059999279250,83001,1,10,2007,3.0,1.0
399740366100973,83001,2,10,2007,3.0,0.0
060313730790091,83001,1,10,2007,3.0,0.0
480743095737649,83001,1,10,2007,1.0,0.0
558306230400193,83001,1,10,2007,1.0,0.0
307604643991185,83001,1,10,2007,3.0,0.0
106309060059303,83001,2,10,2007,2.0,0.0
977086947359720,83001,2,10,2007,1.0,0.0
510772097835949,83001,1,10,2007,1.0,0.0
873398006909996,83001,1,10,2007,2.0,0.0
968008952359410,83001,2,10,2007,1.0,1.0
390985601049888,83001,1,10,2007,1.0,0.0
777390779800623,83001,1,10,2007,3.0,0.0
952079900379930,83001,1,10,2007,3.0,0.0
930889770859408,83001,1,10,2007,3.0,0.0
299910910630974,83001,1,10,2007,3.0,1.0
498935609065286,83001,1,10,2007,1.0,0.0
524879047001304,83001,1,10,2007,3.0,0.0
754496809200814,83001,1,10,2007,1.0,0.0
918042972479760,83001,3,10,2007,3.0,1.0
080956097047209,83001,1,10,2007,2.0,0.0
051774560794192,83001,1,10,2007,1.0,0.0
499906901037739,83001,2,10,2007,2.0,0.0
918949770069400,83001,2,10,2007,3.0,0.0
776490679900649,83001,1,10,2007,3.0,0.0
107608265944310,83001,1,10,2007,3.0,0.0
550006491771992,83001,2,10,2007,1.0,0.0
815167085001705,83001,2,10,2007,1.0,0.0
994459770899501,83001,2,10,2007,3.0,0.0
120659096956699,83001,2,10,2007,2.0,0.0
750609908659887,83001,1,10,2007,3.0,0.0
075170710019805,83001,2,11,2007,2.0,0.0
262063149100898,83001,1,11,2007,1.0,0.0
952109970086007,83001,1,11,2007,2.0,1.0
094918406029609,83001,2,11,2007,3.0,0.0
700609724831902,83001,5,11,2007,2.0,0.0
836089060279004,83001,2,11,2007,1.0,0.0
800609947716592,83001,1,11,2007,2.0,0.0
800609947716592,83001,2,11,2007,2.0,0.0
928109370479002,83001,1,11,2007,2.0,0.0
285075949900479,83001,1,11,2007,3.0,0.0
960091589900993,83001,2,11,2007,1.0,0.0
701215018909493,83001,1,11,2007,3.0,0.0
174978502052157,83001,2,11,2007,3.0,0.0
400125000816370,83001,4,11,2007,1.0,0.0
840827099418379,83001,2,11,2007,3.0,0.0
122100360470102,83001,2,11,2007,1.0,0.0
389370505210961,83001,2,11,2007,1.0,0.0
569750157720961,83001,1,11,2007,1.0,0.0
588650059270961,83001,2,11,2007,1.0,0.0
061655058909595,83001,1,11,2007,3.0,1.0
908058886169410,83001,2,11,2007,1.0,0.0
290886099518819,83001,2,11,2007,3.0,0.0
271956308058159,83001,2,11,2007,1.0,0.0
054002144260650,83001,2,11,2007,1.0,0.0
922208098909790,83001,2,11,2007,3.0,0.0
054002119280770,83001,2,11,2007,3.0,0.0
959022912279230,83001,1,11,2007,2.0,1.0
706708642990884,83001,1,11,2007,1.0,0.0
854279560779201,83001,2,11,2007,1.0,0.0
820509924593092,83001,1,11,2007,3.0,0.0
882040036909091,83001,2,11,2007,1.0,0.0
908549470739208,83001,1,11,2007,2.0,0.0
377293559900694,83001,1,11,2007,2.0,1.0
620906971034090,83001,3,11,2007,1.0,1.0
925059999279250,83001,1,11,2007,2.0,1.0
399740366100973,83001,2,11,2007,2.0,0.0
808905313790213,83001,2,11,2007,3.0,0.0
060313730790091,83001,1,11,2007,2.0,0.0
085093840013109,83001,2,11,2007,2.0,0.0
366390879400918,83001,1,11,2007,1.0,0.0
730409961804984,83001,1,11,2007,2.0,0.0
650850093738459,83001,2,11,2007,3.0,0.0
307604643991185,83001,1,11,2007,2.0,0.0
024473760923895,83001,1,11,2007,2.0,0.0
080390509600733,83001,2,11,2007,1.0,1.0
106309060059303,83001,2,11,2007,1.0,0.0
308904053993336,83001,1,11,2007,3.0,0.0
391998900010609,83001,1,11,2007,3.0,0.0
391998900010609,83001,3,11,2007,3.0,0.0
975046747379710,83001,2,11,2007,2.0,1.0
810172004738850,83001,1,11,2007,3.0,0.0
947077814389490,83001,2,11,2007,3.0,0.0
873398006909996,83001,1,11,2007,1.0,0.0
906909383998067,83001,1,11,2007,1.0,1.0
952079900379930,83001,1,11,2007,2.0,0.0
930889770859408,83001,1,11,2007,2.0,0.0
220825090348719,83001,1,11,2007,3.0,0.0
524879047001304,83001,1,11,2007,2.0,0.0
923092895489340,83001,1,11,2007,3.0,0.0
080956097047209,83001,1,11,2007,1.0,0.0
401068903092651,83001,1,11,2007,3.0,0.0
070492159700568,83001,2,11,2007,2.0,0.0
381465399700987,83001,1,11,2007,3.0,0.0
499906901037739,83001,2,11,2007,1.0,0.0
809060810630984,83001,2,11,2007,2.0,0.0
889690449060984,83001,2,11,2007,3.0,1.0
918949770069400,83001,2,11,2007,2.0,0.0
464978908033829,83001,2,11,2007,3.0,0.0
890997096947179,83001,1,11,2007,2.0,0.0
776490679900649,83001,1,11,2007,2.0,0.0
107608265944310,83001,1,11,2007,2.0,0.0
280902060158644,83001,1,11,2007,3.0,0.0
850009961291791,83001,1,11,2007,3.0,0.0
994459770899501,83001,2,11,2007,2.0,0.0
120659096956699,83001,2,11,2007,1.0,0.0
308603495998326,83001,1,11,2007,3.0,0.0
750609908659887,83001,1,11,2007,2.0,0.0
075170710019805,83001,2,12,2007,1.0,0.0
094918406029609,83001,2,12,2007,2.0,0.0
360776007001408,83001,3,12,2007,1.0,0.0
619092489600547,84001,3,12,2007,3.0,0.0
800609947716592,83001,1,12,2007,1.0,0.0
800609947716592,83001,2,12,2007,1.0,0.0
799008981019700,84001,2,12,2007,3.0,0.0
928109370479002,83001,1,12,2007,1.0,0.0
640490094301149,84001,1,12,2007,3.0,0.0
285075949900479,83001,1,12,2007,2.0,0.0
201627021409761,84001,2,12,2007,3.0,0.0
701215018909493,83001,1,12,2007,2.0,0.0
775041947119710,84001,2,12,2007,3.0,0.0
421243057001909,83002,2,12,2007,1.0,0.0
840827099418379,83001,2,12,2007,2.0,0.0
508907771996083,83001,1,12,2007,2.0,0.0
061655058909595,83001,1,12,2007,2.0,1.0
110700005257415,84001,1,12,2007,3.0,1.0
971665077801097,83001,1,12,2007,1.0,0.0
977247310349107,84001,2,12,2007,3.0,0.0
290886099518819,83001,2,12,2007,2.0,0.0
372118420900148,83001,2,12,2007,1.0,0.0
054002119280770,83001,2,12,2007,2.0,0.0
601600632940203,84001,1,12,2007,3.0,0.0
005222740791595,83001,1,12,2007,1.0,0.0
820509924593092,83001,1,12,2007,2.0,0.0
107902422096556,83001,2,12,2007,1.0,0.0
621027994214200,84001,1,12,2007,3.0,0.0
621027994214200,84001,2,12,2007,3.0,0.0
970971077921809,84001,2,12,2007,3.0,0.0
908549470739208,83001,1,12,2007,1.0,0.0
925059999279250,83001,1,12,2007,1.0,1.0
012843130691193,84001,1,12,2007,3.0,0.0
399740366100973,83001,2,12,2007,1.0,0.0
808905313790213,83001,2,12,2007,2.0,0.0
060313730790091,83001,1,12,2007,1.0,0.0
730409961804984,83001,1,12,2007,1.0,0.0
830409922901596,83001,2,12,2007,2.0,0.0
650850093738459,83001,2,12,2007,2.0,0.0
307604643991185,83001,1,12,2007,1.0,0.0
008523860988290,83001,1,12,2007,2.0,0.0
308904053993336,83001,1,12,2007,2.0,0.0
689380556200983,83001,2,12,2007,2.0,0.0
810172004738850,83001,1,12,2007,2.0,0.0
947077814389490,83001,2,12,2007,2.0,0.0
952079900379930,83001,1,12,2007,1.0,0.0
309091205094951,84001,1,12,2007,3.0,0.0
730909910487551,83001,2,12,2007,1.0,0.0
981069787319790,84001,1,12,2007,3.0,0.0
056003190695996,84001,2,12,2007,3.0,0.0
930894065438829,83001,1,12,2007,2.0,0.0
979119610669302,84001,1,12,2007,3.0,0.0
301000984104330,84001,2,12,2007,3.0,0.0
970549210216407,84001,2,12,2007,3.0,1.0
930889770859408,83001,1,12,2007,1.0,0.0
220825090348719,83001,1,12,2007,2.0,0.0
524879047001304,83001,1,12,2007,1.0,0.0
080956097047209,83001,1,12,2007,,
408609694991416,83001,1,12,2007,2.0,0.0
401068903092651,83001,1,12,2007,2.0,0.0
699520420760914,84001,2,12,2007,3.0,1.0
140709982329588,84001,2,12,2007,3.0,0.0
740700078059618,83001,2,12,2007,1.0,1.0
070492159700568,83001,2,12,2007,1.0,0.0
889690449060984,83001,2,12,2007,2.0,1.0
062334180920794,84001,1,12,2007,3.0,0.0
918949770069400,83001,2,12,2007,1.0,0.0
464978908033829,83001,2,12,2007,2.0,0.0
890997096947179,83001,1,12,2007,1.0,0.0
776490679900649,83001,1,12,2007,1.0,0.0
014494190998096,84001,1,12,2007,3.0,0.0
107608265944310,83001,1,12,2007,1.0,0.0
280902060158644,83001,1,12,2007,2.0,0.0
850009961291791,83001,1,12,2007,2.0,0.0
308603495998326,83001,1,12,2007,2.0,0.0
750609908659887,83001,1,12,2007,1.0,0.0
234400610370001,84001,1,1,2008,2.0,0.0
921003140400266,84001,2,1,2008,3.0,0.0
002605550991395,84001,1,1,2008,3.0,0.0
150033092909769,84001,2,1,2008,3.0,1.0
800609947716592,83001,2,1,2008,,
285075949900479,83001,1,1,2008,1.0,0.0
701215018909493,83001,1,1,2008,1.0,0.0
210009962907926,84001,1,1,2008,3.0,0.0
775041947119710,84001,2,1,2008,2.0,0.0
006331220935297,84001,2,1,2008,3.0,0.0
440824092012359,84001,1,1,2008,3.0,0.0
840827099418379,83001,2,1,2008,1.0,0.0
983029710909100,84001,1,1,2008,2.0,0.0
502905601995553,84001,1,1,2008,3.0,1.0
061655058909595,83001,1,1,2008,1.0,1.0
699150605600911,84001,2,1,2008,2.0,0.0
820191549700968,84001,1,1,2008,3.0,0.0
977247310349107,84001,2,1,2008,2.0,0.0
290886099518819,83001,2,1,2008,1.0,0.0
054002119280770,83001,2,1,2008,1.0,0.0
601600632940203,84001,1,1,2008,2.0,0.0
818293579400688,84001,2,1,2008,2.0,0.0
080845076022339,84001,1,1,2008,3.0,0.0
295931105097485,84001,1,1,2008,,
820509924593092,83001,1,1,2008,1.0,0.0
162396082902195,84001,2,1,2008,3.0,0.0
299972107002667,84001,1,1,2008,3.0,0.0
976096819229780,84001,1,1,2008,3.0,0.0
220609942881795,84001,1,1,2008,3.0,0.0
272094011409262,84001,2,1,2008,2.0,0.0
970971077921809,84001,2,1,2008,2.0,0.0
295962500055759,84001,2,1,2008,3.0,0.0
208902772799979,83001,2,1,2008,1.0,0.0
188360759000966,83001,1,1,2008,1.0,0.0
012843130691193,84001,1,1,2008,2.0,0.0
077453130995097,84001,2,1,2008,2.0,1.0
808905313790213,83001,2,1,2008,1.0,0.0
371962005052329,84001,1,1,2008,3.0,0.0
085093840013109,83001,2,1,2008,1.0,0.0
130409975257187,84001,1,1,2008,2.0,0.0
224391279400970,84001,2,1,2008,3.0,0.0
830409922901596,83001,2,1,2008,1.0,0.0
650850093738459,83001,2,1,2008,1.0,0.0
308904053993336,83001,1,1,2008,1.0,0.0
393922107054617,84001,2,1,2008,3.0,0.0
810172004738850,83001,1,1,2008,1.0,0.0
947077814389490,83001,2,1,2008,1.0,0.0
309091205094951,84001,1,1,2008,2.0,0.0
430992093231249,84001,1,1,2008,2.0,0.0
981069787319790,84001,1,1,2008,2.0,0.0
930894065438829,83001,1,1,2008,1.0,0.0
979119610669302,84001,1,1,2008,2.0,0.0
301000984104330,84001,2,1,2008,2.0,0.0
460922802092069,84001,2,1,2008,3.0,1.0
008414120974697,84001,2,1,2008,2.0,0.0
070522096942969,84001,1,1,2008,3.0,1.0
220825090348719,83001,1,1,2008,1.0,0.0
290829099742649,84001,1,1,2008,3.0,1.0
240409930184399,84001,2,1,2008,3.0,0.0
408609694991416,83001,1,1,2008,1.0,0.0
401068903092651,83001,1,1,2008,1.0,0.0
140709982329588,84001,2,1,2008,2.0,0.0
062334180920794,84001,1,1,2008,2.0,0.0
240809976308790,84001,1,1,2008,3.0,0.0
464978908033829,83001,2,1,2008,1.0,0.0
899280851010914,84001,2,1,2008,2.0,0.0
702903174999029,84001,2,1,2008,3.0,0.0
205627022909761,84001,2,1,2008,3.0,0.0
280902060158644,83001,1,1,2008,1.0,0.0
502607595997230,84001,2,1,2008,3.0,0.0
850009961291791,83001,1,1,2008,1.0,0.0
129596609300944,84001,2,1,2008,3.0,0.0
250409941584594,84001,1,1,2008,3.0,0.0
308603495998326,83001,1,1,2008,1.0,0.0
234400610370001,84001,1,2,2008,1.0,0.0
921003140400266,84001,2,2,2008,2.0,0.0
998055906039810,84001,2,2,2008,3.0,0.0
619092489600547,84001,3,2,2008,1.0,0.0
210009962907926,84001,1,2,2008,2.0,0.0
401613043908490,84001,1,2,2008,3.0,1.0
006331220935297,84001,2,2,2008,2.0,0.0
440824092012359,84001,1,2,2008,2.0,0.0
210309951954993,84001,2,2,2008,2.0,0.0
108031406099361,84001,1,2,2008,1.0,0.0
502905601995553,84001,1,2,2008,2.0,1.0
699150605600911,84001,2,2,2008,1.0,0.0
820191549700968,84001,1,2,2008,2.0,0.0
977247310349107,84001,2,2,2008,1.0,0.0
111390820050209,84001,1,2,2008,2.0,0.0
902909052996822,84001,2,2,2008,1.0,0.0
502708392996683,84001,2,2,2008,2.0,0.0
601600632940203,84001,1,2,2008,1.0,0.0
818293579400688,84001,2,2,2008,1.0,0.0
003172340790091,84001,1,2,2008,3.0,0.0
080845076022339,84001,1,2,2008,2.0,0.0
162396082902195,84001,2,2,2008,2.0,0.0
299972107002667,84001,1,2,2008,2.0,0.0
976096819229780,84001,1,2,2008,2.0,0.0
220609942881795,84001,1,2,2008,2.0,0.0
272094011409262,84001,2,2,2008,1.0,0.0
970971077921809,84001,2,2,2008,1.0,0.0
295962500055759,84001,2,2,2008,2.0,0.0
989089676229960,84001,2,2,2008,2.0,0.0
199780925650733,84001,1,2,2008,3.0,0.0
395922209064109,84001,1,2,2008,2.0,0.0
930319140200636,84001,2,2,2008,3.0,0.0
012843130691193,84001,1,2,2008,1.0,0.0
371962005052329,84001,1,2,2008,2.0,0.0
224391279400970,84001,2,2,2008,2.0,0.0
499750666900913,84002,1,2,2008,1.0,0.0
393922107054617,84001,2,2,2008,2.0,0.0
431391509600803,84001,2,2,2008,3.0,0.0
309091205094951,84001,1,2,2008,1.0,0.0
430992093231249,84001,1,2,2008,1.0,0.0
801904773894159,84001,4,2,2008,1.0,0.0
981069787319790,84001,1,2,2008,1.0,0.0
979119610669302,84001,1,2,2008,1.0,0.0
216493489100884,84001,4,2,2008,1.0,0.0
603704764899911,84001,2,2,2008,3.0,0.0
008414120974697,84001,2,2,2008,1.0,0.0
070522096942969,84001,1,2,2008,2.0,1.0
902739530759407,84001,1,2,2008,3.0,0.0
502905174995612,84001,1,2,2008,2.0,0.0
570945077143279,84001,1,2,2008,3.0,0.0
850245099943669,84001,2,2,2008,3.0,0.0
064444350994690,84001,2,2,2008,3.0,0.0
601703814894676,84001,1,2,2008,1.0,0.0
140709982329588,84001,2,2,2008,1.0,0.0
405093907079813,84001,1,2,2008,1.0,0.0
018004380024003,84001,2,2,2008,3.0,0.0
062334180920794,84001,1,2,2008,1.0,0.0
240809976308790,84001,1,2,2008,2.0,0.0
084348082909968,84001,1,2,2008,2.0,0.0
899280851010914,84001,2,2,2008,1.0,0.0
702903174999029,84001,2,2,2008,2.0,0.0
128490759900966,84001,1,2,2008,2.0,0.0
205627022909761,84001,2,2,2008,2.0,0.0
502607595997230,84001,2,2,2008,2.0,0.0
747011915539910,84001,1,2,2008,3.0,0.0
235596359100630,84001,1,2,2008,,
129596609300944,84001,2,2,2008,2.0,0.0
964159030916506,84001,1,2,2008,3.0,0.0
593942802074589,84001,1,2,2008,2.0,0.0
998055906039810,84001,2,3,2008,2.0,0.0
000167099104899,84001,2,3,2008,3.0,0.0
402908140861646,84001,1,3,2008,1.0,1.0
403902250598496,84001,2,3,2008,2.0,1.0
031590480982196,84001,2,3,2008,3.0,0.0
829309540367003,84001,2,3,2008,3.0,1.0
210009962907926,84001,1,3,2008,1.0,0.0
410107824067471,84001,1,3,2008,3.0,0.0
121221004909291,84001,1,3,2008,3.0,0.0
191924001012229,84001,2,3,2008,3.0,1.0
006331220935297,84001,2,3,2008,1.0,0.0
195904207054329,84001,1,3,2008,3.0,0.0
210309951954993,84001,2,3,2008,1.0,0.0
244190759300952,84001,2,3,2008,3.0,0.0
331527054909495,84001,1,3,2008,3.0,0.0
345191169300900,84001,2,3,2008,3.0,0.0
820191549700968,84001,1,3,2008,1.0,0.0
979969130559107,84001,2,3,2008,2.0,0.0
111390820050209,84001,1,3,2008,1.0,0.0
420106935725090,84001,1,3,2008,3.0,0.0
012044014909995,84001,1,3,2008,3.0,0.0
003172340790091,84001,1,3,2008,2.0,0.0
080845076022339,84001,1,3,2008,1.0,0.0
489730894630742,84001,2,3,2008,3.0,0.0
990660099024329,84001,1,3,2008,3.0,0.0
162396082902195,84001,2,3,2008,1.0,0.0
299972107002667,84001,1,3,2008,1.0,0.0
976096819229780,84001,1,3,2008,1.0,0.0
220609942881795,84001,1,3,2008,1.0,0.0
295962500055759,84001,2,3,2008,1.0,0.0
199780925650733,84001,1,3,2008,2.0,0.0
930319140200636,84001,2,3,2008,2.0,0.0
430209948086790,84001,2,3,2008,3.0,0.0
371962005052329,84001,1,3,2008,1.0,0.0
224391279400970,84001,2,3,2008,1.0,0.0
393922107054617,84001,2,3,2008,1.0,0.0
463306073906794,84001,1,3,2008,2.0,0.0
659540419650943,84001,1,3,2008,3.0,0.0
383274064909596,84001,2,3,2008,3.0,0.0
987090601449280,84001,1,3,2008,3.0,0.0
603704764899911,84001,2,3,2008,2.0,0.0
279320843930934,84001,1,3,2008,2.0,0.0
290829099742649,84001,1,3,2008,1.0,0.0
902739530759407,84001,1,3,2008,2.0,0.0
240209931408090,84001,1,3,2008,1.0,0.0
502905174995612,84001,1,3,2008,1.0,0.0
570945077143279,84001,1,3,2008,2.0,0.0
850245099943669,84001,2,3,2008,2.0,0.0
405093907079813,84001,1,3,2008,,
018004380024003,84001,2,3,2008,2.0,0.0
030394480981798,84001,2,3,2008,3.0,0.0
843497919800913,84001,2,3,2008,3.0,0.0
205627022909761,84001,2,3,2008,1.0,0.0
502607595997230,84001,2,3,2008,1.0,0.0
450007932705473,84001,1,3,2008,3.0,0.0
615052044909794,84001,2,3,2008,3.0,0.0
615021962544590,84001,2,3,2008,3.0,1.0
129596609300944,84001,2,3,2008,1.0,0.0
964159030916506,84001,1,3,2008,2.0,0.0
549592499500934,84001,2,3,2008,3.0,0.0
593942802074589,84001,1,3,2008,1.0,0.0
941559350449004,84001,3,4,2008,2.0,0.0
998055906039810,84001,2,4,2008,1.0,0.0
000167099104899,84001,2,4,2008,2.0,0.0
205908310699246,84001,2,4,2008,3.0,0.0
005003150109988,84001,1,4,2008,3.0,1.0
031590480982196,84001,2,4,2008,2.0,0.0
505709350897799,84001,3,4,2008,3.0,0.0
175955602009078,84001,1,4,2008,3.0,0.0
175955602009078,84001,2,4,2008,3.0,0.0
410107824067471,84001,1,4,2008,2.0,0.0
511647035905590,84001,2,4,2008,3.0,1.0
321388065906998,84001,6,4,2008,3.0,0.0
195904207054329,84001,1,4,2008,2.0,0.0
244190759300952,84001,2,4,2008,2.0,0.0
331527054909495,84001,1,4,2008,2.0,0.0
076721530996597,84001,2,4,2008,3.0,1.0
890936095913539,84001,2,4,2008,1.0,1.0
345191169300900,84001,2,4,2008,2.0,0.0
021651590699092,84001,2,4,2008,3.0,0.0
053771590994796,84001,2,4,2008,3.0,0.0
979969130559107,84001,2,4,2008,1.0,0.0
012044014909995,84001,1,4,2008,2.0,0.0
932429850649208,84001,1,4,2008,3.0,1.0
055692530686849,84001,2,4,2008,3.0,0.0
405604642944673,84001,1,4,2008,3.0,0.0
489730894630742,84001,2,4,2008,2.0,0.0
737276839400831,84001,1,4,2008,1.0,0.0
007912540995592,84001,2,4,2008,,
990660099024329,84001,1,4,2008,2.0,0.0
520609999301357,84001,2,4,2008,3.0,0.0
630976074025419,84001,1,4,2008,3.0,0.0
199780925650733,84001,1,4,2008,1.0,0.0
965071931339320,84001,2,4,2008,1.0,0.0
930319140200636,84001,2,4,2008,1.0,0.0
430209948086790,84001,2,4,2008,2.0,0.0
015953530991493,84001,2,4,2008,3.0,1.0
977074921359550,84001,5,4,2008,3.0,0.0
974559450229305,84001,2,4,2008,3.0,0.0
430609940534796,84001,1,4,2008,2.0,1.0
659540419650943,84001,1,4,2008,2.0,0.0
699940631160953,84001,2,4,2008,3.0,0.0
799420785180953,84001,2,4,2008,3.0,0.0
947659330489307,84001,1,4,2008,1.0,0.0
430700010516015,84001,1,4,2008,2.0,0.0
383274064909596,84001,2,4,2008,2.0,0.0
999100581740953,84001,1,4,2008,3.0,0.0
605905293692749,84001,1,4,2008,3.0,1.0
987090601449280,84001,1,4,2008,2.0,0.0
603704764899911,84001,2,4,2008,1.0,0.0
279320843930934,84001,1,4,2008,1.0,0.0
902739530759407,84001,1,4,2008,1.0,0.0
705904674894202,84001,2,4,2008,3.0,1.0
498915102000440,84001,2,4,2008,3.0,0.0
570945077143279,84001,1,4,2008,1.0,0.0
850245099943669,84001,2,4,2008,1.0,0.0
018004380024003,84001,2,4,2008,1.0,0.0
030394480981798,84001,2,4,2008,2.0,0.0
354494539800873,84001,1,4,2008,2.0,0.0
818308640069408,84001,2,4,2008,2.0,0.0
843497919800913,84001,2,4,2008,2.0,0.0
903088940459100,84001,2,4,2008,3.0,0.0
032314580996698,84001,2,4,2008,3.0,0.0
496924601025859,84001,1,4,2008,2.0,0.0
450007932705473,84001,1,4,2008,2.0,0.0
615052044909794,84001,2,4,2008,2.0,0.0
964159030916506,84001,1,4,2008,1.0,0.0
210958075755479,84001,1,4,2008,3.0,0.0
705604815944516,84001,2,4,2008,3.0,0.0
941559350449004,84001,3,5,2008,1.0,0.0
205908310699246,84001,2,5,2008,2.0,0.0
756486360769005,84001,2,5,2008,3.0,0.0
100889096106439,84001,1,5,2008,3.0,1.0
005003150109988,84001,1,5,2008,2.0,1.0
031590480982196,84001,2,5,2008,1.0,0.0
500907979935785,84001,1,5,2008,2.0,0.0
500907979935785,84001,2,5,2008,2.0,0.0
505709350897799,84001,3,5,2008,2.0,0.0
600907966945591,84001,1,5,2008,3.0,0.0
600907966945591,84001,2,5,2008,3.0,0.0
175955602009078,84001,1,5,2008,2.0,0.0
175955602009078,84001,2,5,2008,2.0,0.0
321388065906998,84001,6,5,2008,2.0,0.0
244190759300952,84001,2,5,2008,1.0,0.0
331527054909495,84001,1,5,2008,1.0,0.0
076721530996597,84001,2,5,2008,2.0,1.0
610309934226570,84001,1,5,2008,2.0,0.0
345191169300900,84001,2,5,2008,1.0,0.0
242199349500905,84001,2,5,2008,1.0,0.0
206902651995016,84001,2,5,2008,3.0,0.0
092311570948393,84001,1,5,2008,2.0,0.0
021651590699092,84001,2,5,2008,2.0,0.0
864161669900945,84001,1,5,2008,3.0,0.0
864161669900945,84001,2,5,2008,3.0,0.0
012044014909995,84001,1,5,2008,1.0,0.0
055692530686849,84001,2,5,2008,2.0,0.0
405604642944673,84001,1,5,2008,2.0,0.0
489730894630742,84001,2,5,2008,1.0,0.0
204705722995544,84001,2,5,2008,1.0,0.0
990660099024329,84001,1,5,2008,1.0,0.0
520609999301357,84001,2,5,2008,2.0,0.0
564292869600903,84001,1,5,2008,3.0,0.0
630976074025419,84001,1,5,2008,2.0,0.0
899890045500952,84001,1,5,2008,2.0,0.0
063132580995990,84001,2,5,2008,2.0,0.0
420809963300698,84001,1,5,2008,1.0,0.0
430209948086790,84001,2,5,2008,1.0,0.0
406909463996214,84001,1,5,2008,3.0,0.0
506908463992814,84001,1,5,2008,3.0,0.0
977074921359550,84001,5,5,2008,2.0,0.0
974559450229305,84001,2,5,2008,2.0,0.0
699940631160953,84001,2,5,2008,2.0,0.0
196460040020303,84001,1,5,2008,1.0,0.0
799420785180953,84001,2,5,2008,2.0,0.0
430700010516015,84001,1,5,2008,1.0,0.0
383274064909596,84001,2,5,2008,1.0,0.0
999100581740953,84001,1,5,2008,2.0,0.0
630909985308972,84001,2,5,2008,3.0,0.0
089390865200964,84001,1,5,2008,3.0,0.0
000503095346479,84001,2,5,2008,2.0,0.0
987090601449280,84001,1,5,2008,1.0,0.0
498915102000440,84001,2,5,2008,2.0,0.0
510670464440064,84001,1,5,2008,3.0,0.0
640157006446440,84001,2,5,2008,3.0,0.0
406604214997186,84001,1,5,2008,3.0,1.0
440606948884590,84001,1,5,2008,1.0,0.0
030394480981798,84001,2,5,2008,1.0,0.0
338560760830402,84001,2,5,2008,3.0,0.0
354494539800873,84001,1,5,2008,1.0,0.0
843497919800913,84001,2,5,2008,1.0,0.0
903088940459100,84001,2,5,2008,2.0,0.0
032314580996698,84001,2,5,2008,2.0,0.0
496924601025859,84001,1,5,2008,1.0,0.0
450007932705473,84001,1,5,2008,1.0,0.0
615052044909794,84001,2,5,2008,1.0,0.0
210958075755479,84001,1,5,2008,2.0,0.0
453597269500830,84001,1,5,2008,,
074775560994195,84001,2,5,2008,2.0,0.0
705604815944516,84001,2,5,2008,2.0,0.0
941559350449004,84001,3,6,2008,,
600106925411797,84001,2,6,2008,2.0,0.0
087560560997790,84001,1,6,2008,1.0,0.0
096727705042635,84001,1,6,2008,3.0,0.0
116040460960002,84001,1,6,2008,2.0,0.0
205908310699246,84001,2,6,2008,1.0,0.0
756486360769005,84001,2,6,2008,2.0,0.0
005003150109988,84001,1,6,2008,1.0,1.0
180389025409264,84001,2,6,2008,1.0,0.0
500907979935785,84001,2,6,2008,1.0,0.0
505709350897799,84001,3,6,2008,1.0,0.0
600907966945591,84001,1,6,2008,2.0,0.0
600907966945591,84001,2,6,2008,2.0,0.0
939529170819000,84001,2,6,2008,1.0,0.0
175955602009078,84001,1,6,2008,1.0,0.0
175955602009078,84001,2,6,2008,1.0,0.0
930904072017529,84001,1,6,2008,3.0,0.0
020111520997798,84001,1,6,2008,1.0,0.0
299460373200951,84001,1,6,2008,1.0,0.0
321388065906998,84001,6,6,2008,1.0,0.0
992062884169750,84001,2,6,2008,2.0,0.0
610509962907926,84001,2,6,2008,2.0,0.0
033341670964595,84001,4,6,2008,2.0,0.0
924037927159620,84001,2,6,2008,1.0,0.0
791685057908494,84001,2,6,2008,3.0,0.0
021651590699092,84001,2,6,2008,1.0,0.0
295976803084039,84001,2,6,2008,2.0,1.0
055692530686849,84001,2,6,2008,1.0,0.0
405604642944673,84001,1,6,2008,1.0,0.0
520609999301357,84001,2,6,2008,1.0,0.0
564292869600903,84001,1,6,2008,2.0,0.0
642026907269710,84001,2,6,2008,2.0,0.0
085642770776897,84001,1,6,2008,3.0,0.0
630976074025419,84001,1,6,2008,1.0,0.0
889720341850962,84001,1,6,2008,2.0,1.0
948008902259110,84001,1,6,2008,1.0,0.0
213891045001301,84001,2,6,2008,1.0,1.0
395927006033335,84001,5,6,2008,,
406909463996214,84001,1,6,2008,2.0,0.0
506908463992814,84001,1,6,2008,2.0,0.0
977074921359550,84001,5,6,2008,1.0,0.0
974559450229305,84001,2,6,2008,1.0,0.0
863470067908497,84001,1,6,2008,3.0,0.0
391947305059618,84001,1,6,2008,3.0,0.0
699940631160953,84001,2,6,2008,1.0,0.0
799420785180953,84001,2,6,2008,1.0,0.0
908979970076306,84001,2,6,2008,3.0,1.0
390926109090857,84001,1,6,2008,2.0,0.0
999100581740953,84001,1,6,2008,1.0,0.0
989679870656304,84001,2,6,2008,3.0,0.0
089390865200964,84001,1,6,2008,2.0,0.0
000503095346479,84001,2,6,2008,1.0,0.0
096624520692596,84001,1,6,2008,1.0,0.0
096624520692596,84001,2,6,2008,1.0,0.0
498915102000440,84001,2,6,2008,1.0,0.0
640157006446440,84001,2,6,2008,2.0,0.0
906707834999225,84001,1,6,2008,2.0,0.0
740607969555884,84001,2,6,2008,3.0,0.0
673077929459540,84001,2,6,2008,1.0,0.0
484764025905790,84001,1,6,2008,1.0,0.0
889940907970964,84001,2,6,2008,2.0,0.0
640781091347598,84001,1,6,2008,3.0,0.0
810850873570064,84001,1,6,2008,2.0,0.0
903088940459100,84001,2,6,2008,1.0,0.0
032314580996698,84001,2,6,2008,1.0,0.0
989169770799409,84001,2,6,2008,3.0,0.0
088023189560470,84001,1,6,2008,2.0,0.0
854595009400829,84001,1,6,2008,1.0,1.0
210958075755479,84001,1,6,2008,1.0,0.0
600106925411797,84001,2,7,2008,1.0,0.0
066958208053209,84001,2,7,2008,3.0,1.0
620461006907490,84001,2,7,2008,1.0,1.0
700209989452987,84001,2,7,2008,2.0,1.0
610844097308069,84001,1,7,2008,3.0,0.0
906901450785314,84001,1,7,2008,1.0,0.0
094958400094619,84001,2,7,2008,3.0,1.0
699770257660970,84001,1,7,2008,2.0,1.0
946046681087410,84001,1,7,2008,3.0,1.0
946046681087410,84001,2,7,2008,3.0,1.0
700609621946624,84001,1,7,2008,2.0,1.0
756486360769005,84001,2,7,2008,1.0,0.0
908019570567006,84001,2,7,2008,2.0,0.0
909008801089190,84001,4,7,2008,3.0,0.0
969140325700780,84001,1,7,2008,2.0,1.0
939529170819000,84001,2,7,2008,,
930904072017529,84001,1,7,2008,2.0,0.0
187180597600761,84001,1,7,2008,1.0,1.0
422919870569104,84001,2,7,2008,2.0,1.0
992062884169750,84001,2,7,2008,1.0,0.0
064162829200916,84001,2,7,2008,1.0,0.0
015591820988590,84001,1,7,2008,3.0,1.0
531753056909298,84001,2,7,2008,1.0,0.0
610309934226570,84001,1,7,2008,,
786176959500960,84001,1,7,2008,3.0,0.0
171996405057509,84001,1,7,2008,1.0,1.0
183168359500919,84001,2,7,2008,3.0,1.0
206902651995016,84001,2,7,2008,1.0,0.0
791685057908494,84001,2,7,2008,2.0,0.0
381272619000948,84001,1,7,2008,3.0,1.0
280919065226499,84001,2,7,2008,1.0,0.0
208600872998743,84001,2,7,2008,3.0,1.0
833819580757209,84001,1,7,2008,2.0,1.0
056056197280170,84001,2,7,2008,3.0,1.0
564292869600903,84001,1,7,2008,1.0,0.0
820609968466990,84001,1,7,2008,3.0,0.0
085642770776897,84001,1,7,2008,2.0,0.0
989440422910982,84001,2,7,2008,3.0,1.0
035383730791494,84001,1,7,2008,2.0,0.0
650631070538229,84001,2,7,2008,3.0,0.0
782378669300981,84001,1,7,2008,2.0,1.0
489810809950963,84001,3,7,2008,1.0,0.0
864789760149302,84001,2,7,2008,1.0,0.0
863470067908497,84001,1,7,2008,2.0,0.0
986399770749304,84001,1,7,2008,2.0,1.0
699280992350973,84001,1,7,2008,2.0,1.0
173140046909096,84001,1,7,2008,1.0,1.0
927469570979304,84001,2,7,2008,2.0,1.0
908979970076306,84001,2,7,2008,2.0,1.0
390926109090857,84001,1,7,2008,1.0,0.0
392906203010919,84001,2,7,2008,1.0,0.0
089390865200964,84001,1,7,2008,1.0,0.0
289050986500984,84001,1,7,2008,3.0,0.0
640157006446440,84001,2,7,2008,1.0,0.0
029036159480160,84001,2,7,2008,3.0,0.0
740607969555884,84001,2,7,2008,2.0,0.0
508909754997617,84001,3,7,2008,,
889940907970964,84001,2,7,2008,1.0,0.0
640781091347598,84001,1,7,2008,2.0,0.0
810850873570064,84001,1,7,2008,1.0,0.0
830881090546299,84001,1,7,2008,1.0,0.0
899090746670674,84001,1,7,2008,2.0,1.0
708902864991149,84001,2,7,2008,3.0,0.0
640909986526573,84001,1,7,2008,1.0,0.0
340814097656079,84001,1,7,2008,1.0,1.0
615175046909297,84001,2,7,2008,1.0,0.0
279596219500523,84001,1,7,2008,2.0,1.0
910961066758219,84001,1,7,2008,3.0,0.0
941639510599000,85001,2,8,2008,3.0,0.0
601609920997512,85001,2,8,2008,3.0,0.0
101909450595664,85001,2,8,2008,3.0,0.0
610844097308069,84001,1,8,2008,2.0,0.0
996579810329000,85001,2,8,2008,3.0,1.0
946629570849008,84001,2,8,2008,1.0,1.0
908019570567006,84001,2,8,2008,1.0,0.0
290033041905195,85001,1,8,2008,3.0,0.0
198911905090038,85001,1,8,2008,3.0,0.0
020905074311319,85001,2,8,2008,3.0,0.0
930904072017529,84001,1,8,2008,1.0,0.0
107018607059221,84001,1,8,2008,2.0,1.0
422919870569104,84001,2,8,2008,1.0,1.0
815199069200896,85001,2,8,2008,3.0,1.0
921106037001006,84001,1,8,2008,1.0,0.0
786176959500960,84001,1,8,2008,2.0,0.0
110600043274713,85001,1,8,2008,3.0,0.0
960017309189390,84001,1,8,2008,2.0,0.0
271633058909991,84001,1,8,2008,2.0,0.0
530173095418438,84001,2,8,2008,2.0,0.0
977247310349107,85001,1,8,2008,3.0,0.0
791685057908494,84001,2,8,2008,1.0,0.0
807006011101479,84001,2,8,2008,1.0,0.0
267421707094179,85001,2,8,2008,3.0,0.0
208600872998743,84001,2,8,2008,2.0,1.0
960443077821349,85001,2,8,2008,3.0,1.0
290921109090555,85001,1,8,2008,2.0,1.0
765679910639202,85001,1,8,2008,3.0,0.0
820609968466990,84001,1,8,2008,2.0,0.0
918016496219530,85001,1,8,2008,3.0,0.0
043182160998599,85001,1,8,2008,3.0,0.0
085642770776897,84001,1,8,2008,1.0,0.0
230774093721239,85001,1,8,2008,3.0,1.0
720909976742687,84001,1,8,2008,1.0,0.0
018391259100544,85001,2,8,2008,3.0,0.0
070915091631689,85001,2,8,2008,3.0,1.0
830307918926445,84001,1,8,2008,2.0,0.0
035383730791494,84001,1,8,2008,1.0,0.0
955419310209301,85001,1,8,2008,3.0,1.0
863470067908497,84001,1,8,2008,1.0,0.0
959006262319450,85001,2,8,2008,3.0,0.0
699580461100913,85001,3,8,2008,3.0,0.0
095093160691697,85001,2,8,2008,3.0,1.0
986399770749304,84001,1,8,2008,1.0,1.0
917789370149300,84001,2,8,2008,1.0,0.0
399971505099898,85001,1,8,2008,3.0,1.0
213361119900895,85001,2,8,2008,3.0,0.0
701600723899099,85001,1,8,2008,3.0,1.0
989679870656304,84001,2,8,2008,1.0,0.0
021274100695794,85001,2,8,2008,3.0,0.0
199780763230914,85001,1,8,2008,3.0,1.0
108907644992871,84001,1,8,2008,2.0,1.0
289050986500984,84001,1,8,2008,2.0,0.0
471490259200333,84001,2,8,2008,1.0,1.0
074894140743893,85001,1,8,2008,3.0,1.0
308904104991694,84001,1,8,2008,2.0,1.0
014406460500144,85001,2,8,2008,3.0,0.0
029036159480160,84001,2,8,2008,2.0,0.0
512403680600170,85001,1,8,2008,3.0,1.0
740607969555884,84001,2,8,2008,1.0,0.0
740809986739281,84001,2,8,2008,1.0,0.0
178059880369405,84001,3,8,2008,1.0,0.0
640781091347598,84001,1,8,2008,1.0,0.0
708902864991149,84001,2,8,2008,2.0,0.0
014494190998096,85001,2,8,2008,3.0,0.0
981429270769502,84001,2,8,2008,1.0,0.0
078705150997096,85001,2,8,2008,3.0,1.0
150500007084113,85001,1,8,2008,3.0,0.0
910961066758219,84001,1,8,2008,2.0,0.0
941639510599000,85001,2,9,2008,2.0,0.0
810899002909664,85001,2,9,2008,3.0,0.0
601609920997512,85001,2,9,2008,2.0,0.0
710923061902309,85001,1,9,2008,3.0,1.0
101909450595664,85001,2,9,2008,2.0,0.0
610844097308069,84001,1,9,2008,1.0,0.0
958056702018650,85001,2,9,2008,2.0,1.0
984029546029460,85001,2,9,2008,3.0,0.0
198911905090038,85001,1,9,2008,2.0,0.0
210007969410193,85001,1,9,2008,3.0,0.0
020905074311319,85001,2,9,2008,2.0,0.0
220080674370011,85001,2,9,2008,1.0,0.0
210209968695920,85001,1,9,2008,3.0,0.0
786176959500960,84001,1,9,2008,1.0,0.0
110600043274713,85001,1,9,2008,2.0,0.0
271633058909991,84001,1,9,2008,1.0,0.0
623194299700723,85001,2,9,2008,3.0,1.0
977247310349107,85001,1,9,2008,2.0,0.0
267421707094179,85001,2,9,2008,2.0,0.0
002905812994342,85001,1,9,2008,3.0,1.0
787260779300923,84001,1,9,2008,1.0,0.0
499830280540912,85001,2,9,2008,2.0,1.0
910843070922069,85001,2,9,2008,3.0,1.0
328291499500992,85001,1,9,2008,3.0,0.0
765679910639202,85001,1,9,2008,2.0,0.0
220609918260195,85001,2,9,2008,3.0,0.0
820609968466990,84001,1,9,2008,1.0,0.0
918016496219530,85001,1,9,2008,2.0,0.0
043182160998599,85001,1,9,2008,2.0,0.0
772120088907890,84001,1,9,2008,1.0,0.0
046922870680194,84001,2,9,2008,1.0,0.0
270793095121369,85001,1,9,2008,2.0,1.0
018391259100544,85001,2,9,2008,2.0,0.0
423216051001917,85001,1,9,2008,2.0,0.0
725393599300979,85001,2,9,2008,3.0,0.0
650631070538229,84001,2,9,2008,1.0,0.0
895589310326300,85001,1,9,2008,2.0,1.0
669720854190923,85001,1,9,2008,2.0,1.0
959006262319450,85001,2,9,2008,2.0,0.0
821391639600755,85001,2,9,2008,1.0,0.0
986409410889303,85001,1,9,2008,2.0,0.0
699550365970613,85001,1,9,2008,2.0,0.0
022398489900733,85001,1,9,2008,3.0,0.0
601006883108199,85001,1,9,2008,2.0,0.0
859529820489309,85001,2,9,2008,3.0,1.0
213361119900895,85001,2,9,2008,2.0,0.0
363958404012979,84001,1,9,2008,1.0,0.0
021274100695794,85001,2,9,2008,2.0,0.0
950309620156409,85001,2,9,2008,3.0,0.0
289050986500984,84001,1,9,2008,1.0,0.0
626470729400799,85001,1,9,2008,3.0,1.0
029036159480160,84001,2,9,2008,1.0,0.0
090984099941779,85001,1,9,2008,2.0,0.0
498901504039888,85001,2,9,2008,2.0,0.0
094770207730625,85001,2,9,2008,3.0,1.0
526591789100944,85001,1,9,2008,3.0,0.0
850309952580997,84001,1,9,2008,1.0,0.0
078705150997096,85001,2,9,2008,2.0,1.0
150500007084113,85001,1,9,2008,2.0,0.0
941639510599000,85001,2,10,2008,1.0,0.0
810899002909664,85001,2,10,2008,2.0,0.0
601609920997512,85001,2,10,2008,1.0,0.0
710923061902309,85001,1,10,2008,2.0,1.0
101909450595664,85001,2,10,2008,1.0,0.0
235004820400137,85001,1,10,2008,3.0,0.0
996289830899001,85001,1,10,2008,3.0,0.0
005023607049641,85001,1,10,2008,1.0,1.0
300609749252336,85001,3,10,2008,3.0,0.0
958056702018650,85001,2,10,2008,1.0,1.0
879060574780930,85001,1,10,2008,1.0,0.0
290033041905195,85001,1,10,2008,1.0,0.0
767039762019960,85001,1,10,2008,1.0,0.0
984029546029460,85001,2,10,2008,2.0,0.0
198911905090038,85001,1,10,2008,1.0,0.0
210007969410193,85001,1,10,2008,2.0,0.0
020905074311319,85001,2,10,2008,1.0,0.0
101963091905094,85001,1,10,2008,1.0,0.0
270904091313059,85001,1,10,2008,3.0,0.0
220080674370011,85001,2,10,2008,,
011481320992396,85001,2,10,2008,3.0,0.0
210209968695920,85001,1,10,2008,2.0,0.0
932269130419108,85001,2,10,2008,3.0,0.0
570755097111279,85002,3,10,2008,1.0,0.0
110600043274713,85001,1,10,2008,1.0,0.0
623194299700723,85001,2,10,2008,2.0,1.0
977247310349107,85001,1,10,2008,1.0,0.0
788069932139100,85001,1,10,2008,3.0,0.0
980359210449207,85001,2,10,2008,1.0,1.0
294973607059128,85001,2,10,2008,3.0,0.0
267421707094179,85001,2,10,2008,1.0,0.0
002905812994342,85001,1,10,2008,2.0,1.0
499830280540912,85001,2,10,2008,1.0,1.0
530943095423439,85001,2,10,2008,3.0,0.0
328291499500992,85001,1,10,2008,2.0,0.0
765679910639202,85001,1,10,2008,1.0,0.0
220609918260195,85001,2,10,2008,2.0,0.0
338295769600842,85001,1,10,2008,3.0,0.0
976096819229780,85001,2,10,2008,2.0,0.0
043182160998599,85001,1,10,2008,1.0,0.0
719017966239430,85001,2,10,2008,3.0,0.0
002202370798698,85001,2,10,2008,3.0,0.0
732027921239920,85001,1,10,2008,3.0,0.0
932297779900892,85001,1,10,2008,3.0,1.0
270793095121369,85001,1,10,2008,1.0,1.0
879469520736207,85001,2,10,2008,2.0,0.0
018391259100544,85001,2,10,2008,1.0,0.0
423216051001917,85001,1,10,2008,1.0,0.0
725393599300979,85001,2,10,2008,2.0,0.0
964889830749300,85001,2,10,2008,3.0,1.0
330500053534019,85001,2,10,2008,3.0,0.0
895589310326300,85001,1,10,2008,1.0,1.0
021483260969597,85001,2,10,2008,2.0,0.0
580967095133639,85001,1,10,2008,3.0,0.0
959006262319450,85001,2,10,2008,1.0,0.0
051773360994192,85001,1,10,2008,3.0,0.0
986409410889303,85001,1,10,2008,1.0,0.0
054293360999393,85001,2,10,2008,3.0,0.0
183143093908694,85001,2,10,2008,2.0,1.0
022398489900733,85001,1,10,2008,2.0,0.0
670990092433479,85001,2,10,2008,3.0,0.0
213361119900895,85001,2,10,2008,1.0,0.0
701600723899099,85001,1,10,2008,1.0,0.0
021274100695794,85001,2,10,2008,1.0,0.0
160908071843939,85001,1,10,2008,3.0,0.0
950309620156409,85001,2,10,2008,2.0,0.0
323499839200740,85001,1,10,2008,2.0,0.0
830125001142930,85001,2,10,2008,2.0,0.0
963086619429870,85002,2,10,2008,2.0,0.0
608050942524380,85001,1,10,2008,2.0,0.0
150009918412060,85001,2,10,2008,1.0,0.0
951349830569506,85001,2,10,2008,3.0,0.0
526591789100944,85001,1,10,2008,2.0,0.0
021599369500935,85001,1,10,2008,2.0,0.0
599370427690735,85001,2,10,2008,3.0,0.0
150500007084113,85001,1,10,2008,1.0,0.0
110726094909092,85001,1,11,2008,3.0,0.0
300100016635510,85001,2,11,2008,2.0,0.0
810899002909664,85001,2,11,2008,1.0,0.0
400207936158291,85001,2,11,2008,3.0,1.0
710923061902309,85001,1,11,2008,1.0,1.0
235004820400137,85001,1,11,2008,2.0,0.0
996289830899001,85001,1,11,2008,2.0,0.0
300609749252336,85001,3,11,2008,2.0,0.0
445095069800744,85001,2,11,2008,3.0,1.0
879060574780930,85001,1,11,2008,,
929088742039200,85001,2,11,2008,2.0,0.0
984029546029460,85001,2,11,2008,1.0,0.0
210007969410193,85001,1,11,2008,1.0,0.0
410009969410193,85001,1,11,2008,3.0,0.0
270904091313059,85001,1,11,2008,2.0,0.0
611905012909778,85001,2,11,2008,1.0,0.0
198973308096216,85001,2,11,2008,2.0,0.0
011481320992396,85001,2,11,2008,2.0,0.0
210209968695920,85001,1,11,2008,1.0,0.0
932269130419108,85001,2,11,2008,2.0,0.0
310200684680041,85001,1,11,2008,3.0,1.0
310200684680041,85001,2,11,2008,3.0,1.0
002706831990319,85001,1,11,2008,1.0,0.0
191934906037979,85001,2,11,2008,3.0,0.0
292994100024249,85001,2,11,2008,2.0,0.0
002905812994342,85001,1,11,2008,1.0,1.0
653053974244130,85001,2,11,2008,3.0,0.0
530943095423439,85001,2,11,2008,2.0,0.0
328291499500992,85001,1,11,2008,1.0,0.0
762244064909995,85001,2,11,2008,3.0,0.0
220609918260195,85001,2,11,2008,1.0,0.0
950461094823419,85001,1,11,2008,2.0,1.0
976096819229780,85001,2,11,2008,1.0,0.0
719017966239430,85001,2,11,2008,2.0,0.0
002202370798698,85001,2,11,2008,2.0,0.0
732027921239920,85001,1,11,2008,2.0,0.0
899780587750632,85001,1,11,2008,2.0,0.0
879469520736207,85001,2,11,2008,1.0,0.0
725393599300979,85001,2,11,2008,1.0,0.0
833869840599306,85001,1,11,2008,3.0,1.0
330500053534019,85001,2,11,2008,2.0,0.0
021483260969597,85001,2,11,2008,1.0,0.0
230609981829373,85001,1,11,2008,1.0,0.0
580967095133639,85001,1,11,2008,2.0,0.0
051773360994192,85001,1,11,2008,2.0,0.0
263018054907296,85001,2,11,2008,3.0,0.0
896099140009301,85001,1,11,2008,3.0,0.0
673911074909761,85001,1,11,2008,3.0,0.0
022398489900733,85001,1,11,2008,1.0,0.0
670990092433479,85001,2,11,2008,2.0,0.0
914079799339940,85002,2,11,2008,2.0,0.0
160908071843939,85001,1,11,2008,2.0,0.0
204601554992500,85001,1,11,2008,3.0,0.0
950309620156409,85001,2,11,2008,1.0,0.0
323499839200740,85001,1,11,2008,1.0,0.0
830125001142930,85001,2,11,2008,1.0,0.0
474992203002459,85001,1,11,2008,1.0,0.0
963086619429870,85002,2,11,2008,1.0,0.0
440809902651190,85001,2,11,2008,3.0,0.0
550586090944319,85001,1,11,2008,3.0,0.0
840730126030034,85001,2,11,2008,2.0,0.0
094770207730625,85001,2,11,2008,1.0,1.0
622598519100767,85001,2,11,2008,1.0,0.0
951349830569506,85001,2,11,2008,2.0,0.0
526591789100944,85001,1,11,2008,1.0,0.0
121598709300754,85001,1,11,2008,1.0,0.0
435672084909177,85001,1,11,2008,3.0,0.0
599370427690735,85001,2,11,2008,2.0,0.0
110726094909092,85001,1,12,2008,2.0,0.0
235004820400137,85001,1,12,2008,1.0,0.0
660905014909798,85001,1,12,2008,2.0,1.0
996289830899001,85001,1,12,2008,1.0,0.0
160328065906491,85001,1,12,2008,3.0,0.0
300609749252336,85001,3,12,2008,1.0,0.0
560033004909090,85001,1,12,2008,2.0,0.0
097965503069898,85001,2,12,2008,3.0,0.0
929088742039200,85001,2,12,2008,1.0,0.0
490834093905797,85001,1,12,2008,1.0,0.0
999990642340730,85001,1,12,2008,1.0,0.0
949139550677002,85001,2,12,2008,3.0,1.0
410009969410193,85001,1,12,2008,2.0,0.0
105703021093450,85001,1,12,2008,3.0,0.0
270904091313059,85001,1,12,2008,1.0,0.0
198973308096216,85001,2,12,2008,1.0,0.0
011481320992396,85001,2,12,2008,1.0,0.0
932269130419108,85001,2,12,2008,1.0,0.0
449193689300796,85001,2,12,2008,2.0,0.0
310200684680041,85001,1,12,2008,2.0,1.0
310200684680041,85001,2,12,2008,2.0,1.0
961921085001808,85001,1,12,2008,3.0,0.0
108023006022781,85001,1,12,2008,1.0,0.0
164995707044719,85001,3,12,2008,1.0,0.0
177965208088948,85001,1,12,2008,3.0,0.0
191934906037979,85001,2,12,2008,2.0,0.0
653053974244130,85001,2,12,2008,2.0,0.0
005703152899983,85001,1,12,2008,3.0,0.0
530943095423439,85001,2,12,2008,1.0,0.0
028532570997492,85001,2,12,2008,3.0,1.0
719017966239430,85001,2,12,2008,1.0,0.0
002202370798698,85001,2,12,2008,1.0,0.0
732027921239920,85001,1,12,2008,1.0,0.0
910038953259690,85001,1,12,2008,3.0,0.0
359369419100931,85001,2,12,2008,3.0,0.0
397905707054458,85001,1,12,2008,3.0,0.0
330500053534019,85001,2,12,2008,1.0,0.0
361934305045579,85001,1,12,2008,2.0,1.0
985529050959309,85001,2,12,2008,3.0,0.0
580967095133639,85001,1,12,2008,1.0,0.0
796899650699303,85001,1,12,2008,3.0,0.0
051773360994192,85001,1,12,2008,1.0,0.0
649470364030933,85001,1,12,2008,1.0,0.0
690764090935929,85001,1,12,2008,3.0,0.0
896099140009301,85001,1,12,2008,2.0,0.0
956829750969304,85001,2,12,2008,3.0,1.0
054293360999393,85001,2,12,2008,1.0,0.0
673911074909761,85001,1,12,2008,2.0,0.0
631047941359860,85001,1,12,2008,3.0,0.0
670990092433479,85001,2,12,2008,1.0,0.0
914079799339940,85002,2,12,2008,1.0,0.0
160908071843939,85001,1,12,2008,1.0,0.0
204601554992500,85001,1,12,2008,2.0,0.0
340209991316980,85001,2,12,2008,1.0,1.0
570945077143279,85001,4,12,2008,1.0,0.0
440809902651190,85001,2,12,2008,2.0,0.0
550586090944319,85001,1,12,2008,2.0,0.0
553499829800840,85001,1,12,2008,3.0,0.0
553499829800840,85001,2,12,2008,3.0,0.0
810850995490044,85001,2,12,2008,2.0,0.0
008524580998290,85001,2,12,2008,3.0,1.0
064034580695796,85001,2,12,2008,3.0,1.0
105779095409261,85001,1,12,2008,3.0,0.0
259568624000914,85001,1,12,2008,3.0,0.0
951349830569506,85001,2,12,2008,1.0,0.0
435672084909177,85001,1,12,2008,2.0,0.0
599370427690735,85001,2,12,2008,1.0,0.0
104700615994585,85001,2,12,2008,2.0,0.0
110726094909092,85001,1,1,2009,1.0,0.0
689670295140940,85001,3,1,2009,1.0,0.0
445095069800744,85001,2,1,2009,1.0,0.0
520895076006799,85001,1,1,2009,3.0,1.0
600907996829571,85001,2,1,2009,3.0,0.0
410009969410193,85001,1,1,2009,1.0,0.0
105703021093450,85001,1,1,2009,2.0,0.0
198996106057104,85001,1,1,2009,3.0,0.0
720214075515528,85001,2,1,2009,2.0,0.0
721744016002805,85001,1,1,2009,3.0,1.0
806004771204152,85001,2,1,2009,,
368198809200999,85001,2,1,2009,3.0,0.0
542139560679102,85001,2,1,2009,3.0,1.0
310200684680041,85001,1,1,2009,1.0,1.0
310200684680041,85001,2,1,2009,1.0,1.0
069198829300961,85001,1,1,2009,3.0,1.0
962194959300939,85001,2,1,2009,3.0,0.0
846309060649106,85001,2,1,2009,3.0,0.0
961921085001808,85001,1,1,2009,2.0,0.0
164995707044719,85001,3,1,2009,,
471884036909262,85001,1,1,2009,3.0,0.0
305004561107408,85001,2,1,2009,2.0,0.0
177965208088948,85001,1,1,2009,2.0,0.0
191934906037979,85001,2,1,2009,1.0,0.0
643174589900988,85001,1,1,2009,1.0,0.0
546297089100997,85001,1,1,2009,1.0,0.0
394530744860662,85001,2,1,2009,3.0,0.0
620307984553592,85001,1,1,2009,3.0,0.0
005703152899983,85001,1,1,2009,2.0,0.0
389960615770962,85001,2,1,2009,3.0,0.0
832081036409667,85001,2,1,2009,3.0,0.0
164272189400974,85001,2,1,2009,3.0,0.0
661294569500959,85001,2,1,2009,3.0,0.0
360290819800904,85001,1,1,2009,3.0,0.0
910038953259690,85001,1,1,2009,2.0,0.0
359369419100931,85001,2,1,2009,2.0,0.0
398924106045397,85001,1,1,2009,1.0,0.0
398924106045397,85001,2,1,2009,1.0,0.0
770003738359540,85001,2,1,2009,,
450831073534199,85001,1,1,2009,1.0,0.0
397905707054458,85001,1,1,2009,2.0,0.0
479240092350953,85001,1,1,2009,2.0,0.0
306439360359303,85001,1,1,2009,3.0,1.0
796899650699303,85001,1,1,2009,2.0,0.0
896099140009301,85001,1,1,2009,1.0,0.0
797699550339308,85001,3,1,2009,2.0,1.0
673911074909761,85001,1,1,2009,1.0,0.0
631047941359860,85001,1,1,2009,2.0,0.0
664040957469030,85001,2,1,2009,3.0,0.0
204601554992500,85001,1,1,2009,1.0,0.0
706907554990992,85001,2,1,2009,3.0,0.0
405903334694547,85001,2,1,2009,2.0,0.0
440809902651190,85001,2,1,2009,1.0,0.0
550586090944319,85001,1,1,2009,1.0,0.0
558379260089400,85001,1,1,2009,3.0,0.0
040891096946849,85001,1,1,2009,3.0,0.0
105779095409261,85001,1,1,2009,2.0,0.0
259568624000914,85001,1,1,2009,2.0,0.0
057955410017702,85001,1,1,2009,1.0,1.0
450107917659690,85001,1,1,2009,1.0,0.0
946593359100940,85001,2,1,2009,1.0,0.0
435672084909177,85001,1,1,2009,1.0,0.0
162599749500923,85001,1,1,2009,3.0,0.0
104700615994585,85001,2,1,2009,1.0,0.0
806908980992956,85001,2,2,2009,2.0,1.0
094935101011601,85001,2,2,2009,1.0,0.0
460399037903295,85001,1,2,2009,3.0,0.0
600907996829571,85001,2,2,2009,2.0,0.0
037451700681241,85001,1,2,2009,3.0,0.0
105703021093450,85001,1,2,2009,1.0,0.0
305009831101150,85001,2,2,2009,1.0,1.0
198996106057104,85001,1,2,2009,2.0,0.0
611905017801798,85001,1,2,2009,3.0,0.0
720214075515528,85001,2,2,2009,1.0,0.0
775173599100079,85001,1,2,2009,3.0,1.0
005900861897482,85001,2,2,2009,1.0,0.0
521173005908998,85001,1,2,2009,1.0,0.0
721744016002805,85001,1,2,2009,2.0,1.0
368198809200999,85001,2,2,2009,2.0,0.0
996032288179830,85001,2,2,2009,,
069198829300961,85001,1,2,2009,2.0,1.0
846309060649106,85001,2,2,2009,2.0,0.0
961921085001808,85001,1,2,2009,1.0,0.0
371544055908393,85001,1,2,2009,,
471884036909262,85001,1,2,2009,2.0,0.0
305004561107408,85001,2,2,2009,1.0,0.0
791685057908494,85001,2,2,2009,3.0,0.0
177965208088948,85001,1,2,2009,1.0,0.0
620307984553592,85001,1,2,2009,2.0,0.0
005703152899983,85001,1,2,2009,1.0,0.0
389960615770962,85001,2,2,2009,2.0,0.0
832081036409667,85001,2,2,2009,2.0,0.0
965079450619203,85001,1,2,2009,1.0,0.0
699230056120972,85001,1,2,2009,3.0,0.0
906269370579206,85001,2,2,2009,3.0,0.0
910038953259690,85001,1,2,2009,1.0,0.0
120916069037109,85001,1,2,2009,3.0,0.0
359369419100931,85001,2,2,2009,1.0,0.0
730307994853881,85001,1,2,2009,1.0,0.0
106907223993054,85001,4,2,2009,2.0,0.0
164110960230305,85001,1,2,2009,2.0,1.0
397905707054458,85001,1,2,2009,1.0,0.0
479240092350953,85001,1,2,2009,1.0,0.0
263476077903796,85001,1,2,2009,3.0,0.0
699560026320973,85001,1,2,2009,3.0,0.0
796899650699303,85001,1,2,2009,1.0,0.0
797699550339308,85001,3,2,2009,1.0,1.0
631047941359860,85001,1,2,2009,1.0,0.0
199630608030954,85001,2,2,2009,1.0,0.0
706907554990992,85001,2,2,2009,2.0,0.0
965149050449403,85001,1,2,2009,1.0,0.0
405903334694547,85001,2,2,2009,1.0,0.0
040891096946849,85001,1,2,2009,2.0,0.0
105779095409261,85001,1,2,2009,1.0,0.0
259568624000914,85001,1,2,2009,1.0,0.0
162599749500923,85001,1,2,2009,2.0,0.0
992061984079750,85001,1,3,2009,2.0,0.0
094907008055298,85001,2,3,2009,2.0,0.0
150095028909692,85001,4,3,2009,3.0,0.0
207003990100905,85001,2,3,2009,2.0,0.0
686709480889009,85001,2,3,2009,3.0,0.0
099928405084624,85001,2,3,2009,3.0,0.0
260789088907894,85001,1,3,2009,3.0,1.0
190844056909791,85001,2,3,2009,1.0,0.0
520895076006799,85001,1,3,2009,1.0,1.0
600907996829571,85001,2,3,2009,1.0,0.0
800907924593092,85001,1,3,2009,3.0,0.0
800907924593092,85001,2,3,2009,3.0,0.0
951069894089820,85001,1,3,2009,3.0,0.0
037451700681241,85001,1,3,2009,2.0,0.0
198996106057104,85001,1,3,2009,1.0,0.0
207005721105541,85001,1,3,2009,2.0,0.0
721744016002805,85001,1,3,2009,1.0,1.0
368198809200999,85001,2,3,2009,1.0,0.0
389480939660981,85001,1,3,2009,3.0,0.0
810309966795797,85001,1,3,2009,3.0,0.0
962194959300939,85001,2,3,2009,1.0,0.0
846309060649106,85001,2,3,2009,1.0,0.0
471884036909262,85001,1,3,2009,1.0,0.0
791685057908494,85001,2,3,2009,2.0,0.0
759000962279450,85001,1,3,2009,2.0,1.0
188269009300998,85001,1,3,2009,3.0,0.0
620307984553592,85001,1,3,2009,1.0,0.0
389960615770962,85001,2,3,2009,1.0,0.0
832081036409667,85001,2,3,2009,1.0,0.0
944044813289060,85001,2,3,2009,3.0,0.0
820509931145599,85001,2,3,2009,3.0,0.0
340967098727919,85001,2,3,2009,2.0,0.0
906269370579206,85001,2,3,2009,2.0,0.0
120916069037109,85001,1,3,2009,2.0,0.0
608109073409622,85001,2,3,2009,3.0,0.0
052133740977290,85001,3,3,2009,2.0,0.0
106907223993054,85001,4,3,2009,1.0,0.0
143095028909692,85001,1,3,2009,3.0,0.0
008613860969894,85001,2,3,2009,,
263476077903796,85001,1,3,2009,2.0,0.0
699560026320973,85001,1,3,2009,2.0,0.0
046923860960194,85001,1,3,2009,3.0,0.0
977046506389430,85001,2,3,2009,,
108903353991729,85001,2,3,2009,3.0,0.0
850590092938599,85001,1,3,2009,3.0,0.0
124026018909190,85001,1,3,2009,3.0,0.0
289050049980984,85001,4,3,2009,3.0,0.0
706907554990992,85001,2,3,2009,1.0,0.0
008605964990656,85001,1,3,2009,3.0,0.0
906006998479590,85001,1,3,2009,2.0,0.0
040891096946849,85001,1,3,2009,1.0,0.0
162599749500923,85001,1,3,2009,1.0,0.0
408905445994535,85001,2,3,2009,3.0,0.0
480863095758649,85001,1,3,2009,3.0,0.0
199350045960910,86001,2,4,2009,3.0,1.0
199590329440910,86001,2,4,2009,3.0,0.0
012840140971193,86001,2,4,2009,3.0,0.0
150095028909692,85001,4,4,2009,2.0,0.0
034960150995093,86001,2,4,2009,3.0,0.0
207003990100905,85001,2,4,2009,1.0,0.0
700600085618717,85001,2,4,2009,1.0,0.0
986409470889003,85001,2,4,2009,1.0,0.0
099928405084624,85001,2,4,2009,2.0,0.0
086590160995297,86001,1,4,2009,3.0,0.0
946779870509008,85001,2,4,2009,1.0,0.0
044760180990397,86001,1,4,2009,3.0,0.0
808904620992598,85001,2,4,2009,2.0,0.0
899560802210970,85001,1,4,2009,,
800907924593092,85001,1,4,2009,2.0,0.0
800907924593092,85001,2,4,2009,2.0,0.0
951069894089820,85001,1,4,2009,2.0,0.0
095921006033938,86001,2,4,2009,3.0,1.0
037451700681241,85001,1,4,2009,1.0,0.0
810009975069646,85001,2,4,2009,1.0,1.0
199050754740971,85001,2,4,2009,1.0,0.0
611905017801798,85001,1,4,2009,1.0,0.0
751071703119420,86001,1,4,2009,3.0,0.0
389480939660981,85001,1,4,2009,2.0,0.0
047221130993991,86001,2,4,2009,3.0,0.0
106061703003331,86001,1,4,2009,3.0,0.0
810309966795797,85001,1,4,2009,2.0,0.0
810509996829541,85001,1,4,2009,2.0,1.0
707003841104975,85001,7,4,2009,1.0,0.0
583195339700244,85001,1,4,2009,2.0,0.0
971665071905097,86001,1,4,2009,3.0,0.0
190991000042788,86001,2,4,2009,3.0,1.0
197761709050763,86001,1,4,2009,3.0,0.0
608900911289037,85001,1,4,2009,2.0,0.0
987699570659109,85001,1,4,2009,1.0,0.0
059501880986493,85001,1,4,2009,2.0,0.0
791685057908494,85001,2,4,2009,1.0,0.0
759000962279450,85001,1,4,2009,1.0,1.0
188269009300998,85001,1,4,2009,2.0,0.0
043782140775094,86001,3,4,2009,3.0,0.0
944044813289060,85001,2,4,2009,2.0,0.0
340967098727919,85001,2,4,2009,1.0,0.0
107905502895236,85001,2,4,2009,1.0,0.0
290964094421129,86001,1,4,2009,3.0,0.0
295981206042696,86001,1,4,2009,3.0,0.0
906269370579206,85001,2,4,2009,1.0,0.0
041032170996999,86001,2,4,2009,3.0,0.0
713019942279750,85001,2,4,2009,,
930399110866302,86001,2,4,2009,3.0,0.0
790081998319630,86001,1,4,2009,3.0,0.0
120916069037109,85001,1,4,2009,1.0,0.0
608109073409622,85001,2,4,2009,2.0,0.0
009093140975291,86001,1,4,2009,3.0,0.0
143095028909692,85001,1,4,2009,2.0,0.0
398927007016628,85001,1,4,2009,1.0,0.0
699560026320973,85001,1,4,2009,1.0,0.0
046923860960194,85001,1,4,2009,2.0,0.0
730609944150984,85001,2,4,2009,1.0,0.0
730700028434816,85001,1,4,2009,1.0,0.0
850590092938599,85001,1,4,2009,2.0,0.0
027573190699993,86001,2,4,2009,3.0,0.0
140000078936117,86001,2,4,2009,3.0,0.0
971889410829409,86001,1,4,2009,3.0,0.0
124026018909190,85001,1,4,2009,2.0,0.0
289050049980984,85001,4,4,2009,2.0,0.0
786476959400960,85001,1,4,2009,2.0,0.0
599640628480914,86001,2,4,2009,3.0,0.0
008605964990656,85001,1,4,2009,2.0,0.0
215409680600168,86001,2,4,2009,3.0,1.0
699530453340614,86001,7,4,2009,3.0,0.0
906006998479590,85001,1,4,2009,1.0,0.0
719493209700846,86001,2,4,2009,2.0,0.0
020014870696195,85001,2,4,2009,,
530987063348879,85001,1,4,2009,2.0,1.0
060997097441969,86001,1,4,2009,3.0,1.0
019568824000961,86001,2,4,2009,3.0,0.0
920419810419507,86001,2,4,2009,3.0,1.0
950764580926500,85001,1,4,2009,2.0,0.0
961169810749505,86001,2,4,2009,3.0,0.0
032305140695998,86001,2,4,2009,3.0,0.0
408905445994535,85001,2,4,2009,2.0,0.0
966439010559507,86001,3,4,2009,2.0,0.0
199590329440910,86001,2,5,2009,2.0,0.0
102906310496944,86001,2,5,2009,3.0,0.0
012840140971193,86001,2,5,2009,2.0,0.0
150095028909692,85001,4,5,2009,1.0,0.0
034960150995093,86001,2,5,2009,2.0,0.0
089810860982998,85001,2,5,2009,1.0,0.0
978066845028350,86001,2,5,2009,3.0,0.0
099928405084624,85001,2,5,2009,1.0,0.0
100609951481467,86001,2,5,2009,2.0,0.0
560539002907196,86001,1,5,2009,3.0,1.0
086590160995297,86001,1,5,2009,2.0,0.0
044760180990397,86001,1,5,2009,2.0,0.0
754039866029210,86001,2,5,2009,3.0,0.0
800907924593092,85001,1,5,2009,1.0,0.0
800907924593092,85001,2,5,2009,1.0,0.0
951069894089820,85001,1,5,2009,1.0,0.0
138780093250981,85001,1,5,2009,1.0,0.0
389480939660981,85001,1,5,2009,1.0,0.0
047221130993991,86001,2,5,2009,2.0,0.0
106061703003331,86001,1,5,2009,2.0,0.0
810309966795797,85001,1,5,2009,1.0,0.0
197761709050763,86001,1,5,2009,2.0,0.0
608900911289037,85001,1,5,2009,1.0,0.0
626198179800943,86001,2,5,2009,3.0,0.0
919584680466104,85001,1,5,2009,1.0,0.0
188269009300998,85001,1,5,2009,1.0,0.0
154003144220650,86001,1,5,2009,3.0,0.0
043252240115508,86001,1,5,2009,3.0,0.0
043782140775094,86001,3,5,2009,2.0,0.0
944044813289060,85001,2,5,2009,1.0,0.0
982299909600703,85001,1,5,2009,1.0,0.0
008904662999686,85001,1,5,2009,1.0,0.0
060162009922320,86001,1,5,2009,3.0,0.0
290964094421129,86001,1,5,2009,2.0,0.0
295981206042696,86001,1,5,2009,2.0,0.0
041032170996999,86001,2,5,2009,2.0,0.0
102607572997967,86001,2,5,2009,3.0,0.0
702705062991319,86001,1,5,2009,3.0,0.0
790081998319630,86001,1,5,2009,2.0,0.0
602009073409622,86001,1,5,2009,3.0,0.0
913644220536306,86001,1,5,2009,3.0,0.0
009093140975291,86001,1,5,2009,2.0,0.0
394912901036449,86001,1,5,2009,3.0,0.0
398952300097699,86001,1,5,2009,3.0,0.0
046923860960194,85001,1,5,2009,1.0,0.0
830609956223076,85001,2,5,2009,1.0,0.0
329394519600951,86001,2,5,2009,3.0,0.0
301905263893709,86001,2,5,2009,2.0,0.0
850590092938599,85001,1,5,2009,1.0,0.0
988009345389950,85001,2,5,2009,1.0,0.0
027573190699993,86001,2,5,2009,2.0,0.0
802606693997129,86001,2,5,2009,3.0,0.0
140000078936117,86001,2,5,2009,2.0,0.0
721463564000922,86001,1,5,2009,3.0,0.0
861379080787402,85001,2,5,2009,1.0,0.0
124026018909190,85001,1,5,2009,1.0,0.0
289050049980984,85001,4,5,2009,1.0,0.0
320495599200915,86001,1,5,2009,3.0,0.0
490962404034419,86001,4,5,2009,3.0,0.0
240407930465795,86001,2,5,2009,3.0,0.0
544397078909579,85001,1,5,2009,1.0,1.0
786476959400960,85001,1,5,2009,1.0,0.0
599640628480914,86001,2,5,2009,2.0,0.0
008605964990656,85001,1,5,2009,1.0,0.0
477982001060659,86001,1,5,2009,3.0,0.0
477982001060659,86001,2,5,2009,3.0,0.0
158600220010401,86001,1,5,2009,3.0,0.0
492972102093859,86001,1,5,2009,3.0,0.0
102601374999318,86001,2,5,2009,3.0,0.0
463982805020849,86001,2,5,2009,3.0,0.0
302902784993948,86001,1,5,2009,3.0,0.0
060997097441969,86001,1,5,2009,2.0,1.0
019568824000961,86001,2,5,2009,2.0,0.0
920419810419507,86001,2,5,2009,2.0,1.0
950764580926500,85001,1,5,2009,1.0,0.0
961169810749505,86001,2,5,2009,2.0,0.0
032305140695998,86001,2,5,2009,2.0,0.0
408905445994535,85001,2,5,2009,1.0,0.0
855075022909276,86001,2,5,2009,3.0,0.0
966439010559507,86001,3,5,2009,1.0,0.0
220997053409661,86001,2,6,2009,3.0,1.0
034960150995093,86001,2,6,2009,1.0,0.0
732092569600643,86001,2,6,2009,1.0,0.0
978066845028350,86001,2,6,2009,2.0,0.0
560539002907196,86001,1,6,2009,2.0,1.0
086590160995297,86001,1,6,2009,1.0,0.0
070962106049849,86001,3,6,2009,2.0,0.0
744008933039760,86001,1,6,2009,3.0,0.0
736016140800130,86001,1,6,2009,3.0,1.0
754039866029210,86001,2,6,2009,2.0,0.0
611905013705778,86001,1,6,2009,3.0,0.0
968052964139440,86001,2,6,2009,3.0,0.0
076951120995498,86001,2,6,2009,1.0,0.0
040491230981594,86001,2,6,2009,2.0,0.0
893509620139103,86001,1,6,2009,2.0,0.0
047221130993991,86001,2,6,2009,1.0,0.0
106061703003331,86001,1,6,2009,1.0,0.0
303902741687437,86001,1,6,2009,3.0,0.0
190991000042788,86001,2,6,2009,1.0,0.0
626198179800943,86001,2,6,2009,2.0,0.0
621193129900979,86001,2,6,2009,2.0,0.0
939869810597106,86001,2,6,2009,1.0,1.0
619090925239670,86001,2,6,2009,3.0,1.0
960933067823349,86001,2,6,2009,3.0,0.0
154003144220650,86001,1,6,2009,2.0,0.0
043782140775094,86001,3,6,2009,1.0,0.0
974034758239400,86001,2,6,2009,3.0,1.0
220407970468194,86001,1,6,2009,2.0,0.0
060162009922320,86001,1,6,2009,2.0,0.0
220609985931621,86001,4,6,2009,2.0,1.0
290964094421129,86001,1,6,2009,1.0,0.0
295981206042696,86001,1,6,2009,1.0,0.0
762760012907299,86001,2,6,2009,2.0,0.0
041032170996999,86001,2,6,2009,1.0,0.0
270993075123369,86001,1,6,2009,1.0,0.0
792729093908297,86001,2,6,2009,3.0,0.0
702705062991319,86001,1,6,2009,2.0,0.0
969039704239530,86001,1,6,2009,3.0,0.0
060903060633229,86001,1,6,2009,3.0,1.0
980059630396305,86001,2,6,2009,3.0,0.0
930399110866302,86001,2,6,2009,1.0,0.0
790081998319630,86001,1,6,2009,1.0,0.0
130109950161689,86001,2,6,2009,1.0,0.0
319053606026321,86001,1,6,2009,3.0,0.0
365941307097328,86001,1,6,2009,1.0,0.0
913644220536306,86001,1,6,2009,2.0,0.0
009093140975291,86001,1,6,2009,1.0,0.0
394912901036449,86001,1,6,2009,2.0,0.0
120848091032409,86001,2,6,2009,2.0,0.0
398952300097699,86001,1,6,2009,2.0,0.0
329394519600951,86001,2,6,2009,2.0,0.0
360877096832999,86001,2,6,2009,2.0,1.0
937909630986308,86001,1,6,2009,2.0,1.0
968119530749304,86001,1,6,2009,3.0,1.0
301905263893709,86001,2,6,2009,1.0,0.0
611079905339500,86001,1,6,2009,3.0,0.0
027573190699993,86001,2,6,2009,1.0,0.0
140000078936117,86001,2,6,2009,1.0,0.0
721463564000922,86001,1,6,2009,2.0,0.0
917052926439900,86001,2,6,2009,3.0,0.0
008414120974697,86001,2,6,2009,1.0,0.0
320495599200915,86001,1,6,2009,2.0,0.0
599640628480914,86001,2,6,2009,1.0,0.0
936407610500194,86001,1,6,2009,3.0,1.0
215409680600168,86001,2,6,2009,1.0,1.0
270965096443499,86001,1,6,2009,3.0,1.0
284940053908697,86001,2,6,2009,3.0,0.0
060098190420270,86001,1,6,2009,2.0,0.0
102601374999318,86001,2,6,2009,2.0,0.0
584130043001100,86001,2,6,2009,3.0,0.0
611403810800151,86001,1,6,2009,1.0,0.0
784720013001408,86001,1,6,2009,3.0,0.0
019568824000961,86001,2,6,2009,1.0,0.0
067495300999794,86001,2,6,2009,3.0,0.0
961169810749505,86001,2,6,2009,1.0,0.0
032305140695998,86001,2,6,2009,1.0,0.0
855075022909276,86001,2,6,2009,2.0,0.0
925109310477502,86001,1,6,2009,1.0,1.0
925109310477502,86001,2,6,2009,1.0,1.0
139516600600144,86001,2,6,2009,3.0,0.0
996019830766505,86001,2,6,2009,2.0,0.0
220997053409661,86001,2,7,2009,2.0,1.0
248096679600792,86001,1,7,2009,3.0,1.0
402005070105776,86001,1,7,2009,1.0,0.0
560539002907196,86001,1,7,2009,1.0,1.0
946046681036410,86001,4,7,2009,2.0,0.0
200609958816697,86001,1,7,2009,1.0,0.0
062420380793598,86001,1,7,2009,2.0,0.0
070962106049849,86001,3,7,2009,1.0,0.0
127099689800950,86001,2,7,2009,1.0,1.0
744008933039760,86001,1,7,2009,2.0,0.0
904907520790659,86001,1,7,2009,3.0,1.0
989400364410940,86001,1,7,2009,3.0,1.0
968052964139440,86001,2,7,2009,2.0,0.0
199994107097267,86001,2,7,2009,3.0,1.0
086761420018105,86001,2,7,2009,3.0,0.0
040491230981594,86001,2,7,2009,1.0,0.0
410300044462618,86001,2,7,2009,3.0,0.0
988063832129100,86001,1,7,2009,1.0,0.0
504906981981585,86001,2,7,2009,3.0,1.0
195982103013599,86001,1,7,2009,1.0,0.0
907769430929107,86001,1,7,2009,2.0,1.0
581622064909494,86001,2,7,2009,3.0,1.0
626198179800943,86001,2,7,2009,1.0,0.0
827191949800920,86001,1,7,2009,1.0,0.0
621193129900979,86001,2,7,2009,1.0,0.0
619090925239670,86001,2,7,2009,2.0,1.0
960933067823349,86001,2,7,2009,2.0,0.0
154003144220650,86001,1,7,2009,1.0,0.0
220509935247997,86001,2,7,2009,1.0,0.0
328291499500992,86001,2,7,2009,1.0,0.0
098352360991290,86001,1,7,2009,2.0,1.0
220609964277599,86001,1,7,2009,1.0,1.0
103108292105967,86001,2,7,2009,2.0,1.0
420809971256998,86001,1,7,2009,3.0,0.0
270993075123369,86001,1,7,2009,,
702705062991319,86001,1,7,2009,1.0,0.0
969039704239530,86001,1,7,2009,2.0,0.0
978049980239860,86001,2,7,2009,2.0,0.0
089150608760643,86001,2,7,2009,3.0,1.0
980059630396305,86001,2,7,2009,2.0,0.0
627091975344660,86001,2,7,2009,3.0,0.0
913644220536306,86001,1,7,2009,1.0,0.0
391902809089457,86001,1,7,2009,1.0,0.0
754589430239305,86001,2,7,2009,2.0,1.0
814829540549303,86001,1,7,2009,3.0,1.0
814829540549303,86001,2,7,2009,3.0,1.0
902034711339200,86001,1,7,2009,2.0,0.0
941395349400788,86001,3,7,2009,3.0,0.0
075015144320180,86001,1,7,2009,1.0,0.0
016893260692597,86001,2,7,2009,1.0,0.0
329394519600951,86001,2,7,2009,1.0,0.0
430609936019690,86001,1,7,2009,3.0,1.0
362922009089789,86001,2,7,2009,1.0,0.0
937909630986308,86001,1,7,2009,1.0,1.0
230807907755896,86001,2,7,2009,1.0,1.0
230809975114891,86001,1,7,2009,1.0,0.0
497983707096296,86001,2,7,2009,2.0,0.0
917052926439900,86001,2,7,2009,2.0,0.0
320495599200915,86001,1,7,2009,1.0,0.0
085964240760198,86001,2,7,2009,1.0,0.0
936407610500194,86001,1,7,2009,2.0,1.0
270965096443499,86001,1,7,2009,2.0,1.0
440609945806093,86001,1,7,2009,3.0,1.0
440609945806093,86001,2,7,2009,3.0,1.0
284940053908697,86001,2,7,2009,2.0,0.0
945038926439800,86001,2,7,2009,2.0,1.0
102601374999318,86001,2,7,2009,1.0,0.0
784720013001408,86001,1,7,2009,2.0,0.0
941505340000188,86001,1,7,2009,1.0,0.0
110811092952539,86001,2,7,2009,1.0,1.0
902901885996025,86001,1,7,2009,1.0,1.0
092585350790693,86001,1,7,2009,2.0,1.0
996019830766505,86001,2,7,2009,1.0,0.0
199280758500950,86001,2,8,2009,3.0,0.0
220997053409661,86001,2,8,2009,1.0,1.0
057910360998890,86001,2,8,2009,1.0,0.0
696459740899001,86001,1,8,2009,2.0,0.0
936759750049000,86001,2,8,2009,3.0,0.0
946046681036410,86001,4,8,2009,1.0,0.0
560130044909190,86001,2,8,2009,2.0,1.0
062420380793598,86001,1,8,2009,1.0,0.0
744008933039760,86001,1,8,2009,1.0,0.0
899220989370750,86001,1,8,2009,3.0,0.0
350119097714959,86001,1,8,2009,2.0,0.0
751408530479107,86001,1,8,2009,1.0,0.0
650199589200596,86001,2,8,2009,3.0,0.0
086761420018105,86001,2,8,2009,2.0,0.0
410300044462618,86001,2,8,2009,2.0,0.0
957389050759106,86001,1,8,2009,3.0,0.0
320982091113299,86001,1,8,2009,1.0,0.0
909579750479105,86001,1,8,2009,3.0,0.0
919029150267100,86001,1,8,2009,3.0,1.0
420106933005094,86001,1,8,2009,2.0,0.0
922259015001000,86001,2,8,2009,3.0,1.0
320309946450485,86001,1,8,2009,1.0,1.0
996073981259510,86001,1,8,2009,3.0,0.0
442089065001401,86001,1,8,2009,3.0,1.0
420409998825795,86001,1,8,2009,2.0,1.0
290983408016698,86001,2,8,2009,1.0,1.0
520707935110561,86001,1,8,2009,3.0,0.0
103108292105967,86001,2,8,2009,1.0,1.0
172941004909092,86001,2,8,2009,2.0,1.0
420809971256998,86001,1,8,2009,2.0,0.0
969039704239530,86001,1,8,2009,1.0,0.0
550992075925929,86001,1,8,2009,3.0,1.0
937029957239360,86001,1,8,2009,1.0,1.0
978049980239860,86001,2,8,2009,1.0,0.0
980059630396305,86001,2,8,2009,1.0,0.0
627091975344660,86001,2,8,2009,2.0,0.0
199780137690753,86001,1,8,2009,3.0,0.0
395904402031437,86001,1,8,2009,2.0,0.0
754589430239305,86001,3,8,2009,1.0,0.0
814829540549303,86001,1,8,2009,2.0,1.0
814829540549303,86001,2,8,2009,2.0,1.0
902034711339200,86001,1,8,2009,1.0,0.0
914024933339500,86001,2,8,2009,1.0,0.0
000243560998990,86001,1,8,2009,3.0,1.0
542390269600781,86001,1,8,2009,2.0,0.0
363925803035619,86001,1,8,2009,3.0,1.0
842391699700904,86001,1,8,2009,1.0,0.0
093621015908568,86001,1,8,2009,3.0,1.0
999170258140653,86001,2,8,2009,3.0,1.0
917052926439900,86001,2,8,2009,1.0,0.0
270965096443499,86001,1,8,2009,1.0,1.0
049554370990095,86001,1,8,2009,1.0,0.0
284940053908697,86001,2,8,2009,1.0,0.0
108790440790409,86001,1,8,2009,1.0,0.0
584130043001100,86001,2,8,2009,1.0,0.0
584033094909865,86001,2,8,2009,2.0,0.0
594293074907790,86001,2,8,2009,2.0,1.0
179170384570935,86001,2,8,2009,1.0,0.0
078225510992699,86001,1,8,2009,3.0,1.0
558509970400114,86001,1,8,2009,3.0,1.0
855467054909493,86001,1,8,2009,2.0,1.0
092585350790693,86001,1,8,2009,1.0,1.0
139516600600144,86001,2,8,2009,1.0,0.0
996019830766505,86001,2,8,2009,,
199280758500950,86001,2,9,2009,2.0,0.0
104701580992362,86001,1,9,2009,1.0,0.0
140844056809791,86001,2,9,2009,3.0,0.0
688140131100960,86001,1,9,2009,2.0,0.0
696459740899001,86001,1,9,2009,1.0,0.0
936759750049000,86001,2,9,2009,2.0,0.0
091935601084626,86001,3,9,2009,2.0,1.0
946046281057410,86001,2,9,2009,2.0,0.0
899220989370750,86001,1,9,2009,2.0,0.0
910420615360060,86001,2,9,2009,3.0,0.0
975049647069710,86001,2,9,2009,3.0,0.0
122030150140490,86001,4,9,2009,1.0,0.0
610107930465795,86001,1,9,2009,,
220610834120051,86001,2,9,2009,2.0,0.0
550629096816549,86001,1,9,2009,3.0,0.0
650199589200596,86001,2,9,2009,2.0,0.0
086761420018105,86001,2,9,2009,1.0,0.0
410300044462618,86001,2,9,2009,1.0,0.0
004431650761694,86001,2,9,2009,3.0,0.0
957389050759106,86001,1,9,2009,2.0,0.0
957389050759106,86001,3,9,2009,2.0,0.0
993037663149260,86001,1,9,2009,1.0,0.0
909579750479105,86001,1,9,2009,2.0,0.0
402142066909899,86001,1,9,2009,3.0,0.0
206609492995331,86001,1,9,2009,3.0,0.0
263964708037119,86001,1,9,2009,1.0,0.0
420106933005094,86001,1,9,2009,1.0,0.0
996073981259510,86001,1,9,2009,2.0,0.0
117044118260510,86001,1,9,2009,3.0,0.0
154890460130208,86001,2,9,2009,3.0,0.0
505904502894465,86001,2,9,2009,2.0,0.0
291956505037689,86001,1,9,2009,3.0,0.0
996759950989200,86001,2,9,2009,2.0,0.0
279986305049717,86001,1,9,2009,3.0,0.0
520707935110561,86001,1,9,2009,2.0,0.0
772518086909996,86001,2,9,2009,3.0,0.0
420809971256998,86001,1,9,2009,1.0,0.0
213144006002805,86001,2,9,2009,2.0,0.0
627091975344660,86001,2,9,2009,1.0,0.0
199780137690753,86001,1,9,2009,2.0,0.0
220240092350153,86001,1,9,2009,2.0,0.0
143844056907791,86001,1,9,2009,3.0,0.0
395904402031437,86001,1,9,2009,1.0,0.0
489750666900963,86001,2,9,2009,3.0,1.0
430409933096596,86001,3,9,2009,1.0,0.0
753203016909594,86001,1,9,2009,3.0,0.0
028133660915497,86001,4,9,2009,3.0,0.0
546779660729306,86001,1,9,2009,3.0,0.0
000243560998990,86001,1,9,2009,2.0,1.0
009006101360190,86001,1,9,2009,3.0,0.0
399924504039649,86001,2,9,2009,1.0,0.0
085963560990198,86001,1,9,2009,2.0,1.0
075007135360330,86001,1,9,2009,3.0,0.0
006904113990467,86001,2,9,2009,3.0,1.0
607079996369900,86001,1,9,2009,3.0,0.0
504441076909563,86001,2,9,2009,3.0,0.0
570155007146270,86001,1,9,2009,3.0,0.0
160177004046900,86001,1,9,2009,,
493926904056899,86001,1,9,2009,3.0,0.0
178049660329403,86001,4,9,2009,3.0,0.0
584033094909865,86001,2,9,2009,1.0,0.0
450406958061491,86001,1,9,2009,1.0,0.0
199280758500950,86001,2,10,2009,1.0,0.0
096937007013441,86001,3,10,2009,3.0,0.0
140844057908791,86001,2,10,2009,3.0,0.0
140844056809791,86001,2,10,2009,2.0,0.0
093856806057649,86001,2,10,2009,2.0,0.0
096957805025605,86001,2,10,2009,3.0,0.0
936759750049000,86001,2,10,2009,1.0,0.0
094976705073669,86001,1,10,2009,2.0,1.0
899220989370750,86001,1,10,2009,1.0,0.0
910420615360060,86001,2,10,2009,2.0,0.0
177179689100850,86001,3,10,2009,3.0,0.0
088691720971793,86001,1,10,2009,3.0,0.0
220610834120051,86001,2,10,2009,1.0,0.0
550629096816549,86001,1,10,2009,2.0,0.0
399900650850971,86001,1,10,2009,3.0,0.0
004431650761694,86001,2,10,2009,2.0,0.0
105015300051611,86001,2,10,2009,1.0,0.0
963066905179390,86001,1,10,2009,3.0,0.0
606900911799037,86001,1,10,2009,2.0,1.0
957389050759106,86001,1,10,2009,1.0,0.0
781521077908795,86001,1,10,2009,3.0,0.0
899400753640971,86001,2,10,2009,3.0,0.0
320985097217329,86001,1,10,2009,3.0,0.0
909579750479105,86001,1,10,2009,1.0,0.0
578219970000114,86001,2,10,2009,3.0,0.0
206609492995331,86001,1,10,2009,2.0,0.0
394520952590672,86001,1,10,2009,3.0,0.0
996073981259510,86001,1,10,2009,1.0,0.0
479210923840772,86001,1,10,2009,3.0,0.0
117044118260510,86001,1,10,2009,2.0,0.0
934649950797202,86001,5,10,2009,1.0,0.0
005905292699105,86001,2,10,2009,1.0,0.0
505904502894465,86001,2,10,2009,1.0,0.0
720509988864087,86001,2,10,2009,3.0,0.0
207005722105545,86001,2,10,2009,3.0,0.0
936989770149207,86001,1,10,2009,3.0,0.0
036302760979895,86001,1,10,2009,3.0,0.0
291956505037689,86001,1,10,2009,2.0,0.0
290986308098699,86001,2,10,2009,1.0,0.0
996759950989200,86001,2,10,2009,1.0,0.0
279986305049717,86001,1,10,2009,2.0,0.0
520707935110561,86001,1,10,2009,1.0,0.0
772518086909996,86001,2,10,2009,2.0,0.0
948639570599200,86001,1,10,2009,3.0,0.0
213223096907096,86001,1,10,2009,2.0,0.0
199780137690753,86001,1,10,2009,1.0,0.0
730309905326353,86001,1,10,2009,3.0,0.0
143844056907791,86001,1,10,2009,2.0,0.0
730409975069666,86001,2,10,2009,3.0,0.0
028133660915497,86001,4,10,2009,2.0,0.0
699720854190953,86001,2,10,2009,1.0,0.0
707906563692776,86001,3,10,2009,3.0,0.0
009006101360190,86001,1,10,2009,2.0,0.0
038953560998891,86001,1,10,2009,1.0,1.0
392977709050608,86001,2,10,2009,3.0,0.0
075007135360330,86001,1,10,2009,2.0,0.0
947289570396308,86001,2,10,2009,3.0,0.0
396907208052878,86001,1,10,2009,3.0,0.0
952079900379930,86001,1,10,2009,3.0,0.0
607079996369900,86001,1,10,2009,2.0,0.0
999200332650673,86001,2,10,2009,3.0,0.0
504441076909563,86001,2,10,2009,2.0,0.0
009664740942196,86001,2,10,2009,3.0,0.0
570155007146270,86001,1,10,2009,2.0,0.0
274633057908991,86001,1,10,2009,3.0,0.0
493926904056899,86001,1,10,2009,2.0,0.0
061784780697898,86001,2,10,2009,3.0,0.0
989078993459110,86001,1,10,2009,1.0,0.0
020905064357319,86001,1,10,2009,3.0,0.0
710020973579520,86001,2,10,2009,,
078225510992699,86001,1,10,2009,1.0,0.0
558509970400114,86001,1,10,2009,1.0,1.0
855070065001717,86001,1,10,2009,1.0,0.0
575966709066509,86001,1,10,2009,2.0,0.0
088691720971793,86001,1,11,2009,2.0,0.0
291956505037689,86001,1,11,2009,1.0,0.0
730309905326353,86001,1,11,2009,2.0,0.0
546779660729306,86001,1,11,2009,1.0,0.0
536079480749306,86001,1,11,2009,3.0,0.0
550629096816549,86001,1,11,2009,1.0,0.0
399900650850971,86001,1,11,2009,2.0,0.0
396907208052878,86001,1,11,2009,2.0,0.0
493926904056899,86001,1,11,2009,1.0,0.0
940091949579720,86001,1,11,2009,2.0,1.0
508902602991180,86001,2,11,2009,3.0,0.0
050999092327329,86001,2,11,2009,2.0,0.0
213144006002805,86001,2,11,2009,1.0,0.0
910420615360060,86001,2,11,2009,1.0,0.0
033891820962699,86001,1,11,2009,3.0,0.0
131250078909896,86001,2,11,2009,3.0,1.0
720509988864087,86001,2,11,2009,2.0,0.0
290986308098699,86001,2,11,2009,,
083463860987790,86001,1,11,2009,3.0,0.0
008904734991167,86001,2,11,2009,3.0,0.0
394520952590672,86001,1,11,2009,2.0,0.0
479210923840772,86001,1,11,2009,2.0,0.0
562577249000955,86001,1,11,2009,1.0,0.0
096957805025605,86001,2,11,2009,2.0,0.0
963066905179390,86001,1,11,2009,2.0,0.0
772518086909996,86001,2,11,2009,1.0,0.0
820907999768698,86001,2,11,2009,3.0,0.0
036302760979895,86001,1,11,2009,2.0,0.0
366998800095969,86001,1,11,2009,3.0,0.0
952079900379930,86001,1,11,2009,2.0,0.0
007006873100579,86001,2,11,2009,2.0,1.0
020905064357319,86001,1,11,2009,2.0,0.0
140844057908791,86001,2,11,2009,2.0,0.0
093856806057649,86001,2,11,2009,1.0,0.0
933027981178930,86001,1,11,2009,2.0,0.0
606904881797877,86001,2,11,2009,1.0,1.0
933095838589240,86001,2,11,2009,3.0,0.0
004431650761694,86001,2,11,2009,1.0,0.0
578219970000114,86001,2,11,2009,2.0,0.0
279986305049717,86001,1,11,2009,1.0,0.0
005032860983090,86001,1,11,2009,2.0,1.0
830609956223076,86001,2,11,2009,3.0,0.0
009006101360190,86001,1,11,2009,1.0,0.0
073743058909593,86001,2,11,2009,3.0,0.0
800209925936296,86001,1,11,2009,3.0,0.0
360603028909595,86001,2,11,2009,3.0,0.0
948639570599200,86001,1,11,2009,2.0,0.0
596978807057549,86001,2,11,2009,3.0,0.0
104056803091381,86001,2,11,2009,,
207005722105545,86001,2,11,2009,2.0,0.0
956056397289170,86001,2,11,2009,3.0,0.0
947289570396308,86001,2,11,2009,2.0,0.0
274633057908991,86001,1,11,2009,2.0,0.0
140844056809791,86001,2,11,2009,1.0,0.0
096937007013441,86001,3,11,2009,2.0,0.0
385166509700974,86001,2,11,2009,3.0,0.0
213223096907096,86001,1,11,2009,1.0,0.0
504441076909563,86001,2,11,2009,1.0,0.0
011804800695342,86001,2,11,2009,3.0,0.0
026730840962189,86001,1,11,2009,3.0,0.0
710300023759715,86001,2,11,2009,2.0,0.0
956077855189110,86001,1,11,2009,3.0,0.0
037030130280660,86001,2,11,2009,3.0,0.0
936989770149207,86001,1,11,2009,2.0,0.0
028133660915497,86001,4,11,2009,1.0,0.0
495938903046209,86001,2,11,2009,3.0,0.0
061784780697898,86001,2,11,2009,2.0,0.0
117044118260510,86001,1,11,2009,1.0,0.0
710109815983163,86001,1,11,2009,2.0,0.0
607079996369900,86001,1,11,2009,1.0,0.0
570155007146270,86001,1,11,2009,1.0,0.0
444729270589003,86001,3,11,2009,2.0,1.0
067035162180960,86001,2,11,2009,3.0,0.0
580389018909775,86001,1,11,2009,3.0,1.0
499958800058942,86001,3,11,2009,3.0,0.0
975042921079990,86001,1,12,2009,1.0,0.0
800209925936296,86001,1,12,2009,2.0,0.0
096937007013441,86001,3,12,2009,1.0,0.0
140844057908791,86001,2,12,2009,1.0,0.0
026730840962189,86001,1,12,2009,2.0,0.0
410220189640080,86001,1,12,2009,2.0,0.0
700506937384998,86001,2,12,2009,1.0,0.0
096957805025605,86001,2,12,2009,1.0,0.0
360603028909595,86001,2,12,2009,2.0,0.0
580389018909775,86001,1,12,2009,2.0,1.0
033891820962699,86001,1,12,2009,2.0,0.0
088691720971793,86001,1,12,2009,1.0,0.0
101003151100402,87001,1,12,2009,,
299770727840911,87001,2,12,2009,3.0,0.0
131250078909896,86001,2,12,2009,2.0,1.0
399900650850971,86001,1,12,2009,1.0,0.0
710300023759715,86001,2,12,2009,1.0,0.0
067035162180960,86001,2,12,2009,2.0,0.0
105097804095691,86001,2,12,2009,1.0,0.0
963066905179390,86001,1,12,2009,1.0,0.0
417769310399103,87001,2,12,2009,3.0,0.0
956077855189110,86001,1,12,2009,2.0,0.0
385166509700974,86001,2,12,2009,2.0,0.0
781521077908795,86001,1,12,2009,1.0,0.0
578219970000114,86001,2,12,2009,1.0,0.0
037030130280660,86001,2,12,2009,2.0,0.0
508902602991180,86001,2,12,2009,2.0,0.0
394520952590672,86001,1,12,2009,1.0,0.0
619033988219450,87001,1,12,2009,3.0,1.0
479210923840772,86001,1,12,2009,1.0,0.0
410220345870182,86001,2,12,2009,2.0,0.0
634819580757209,86001,2,12,2009,2.0,0.0
634819580757209,86001,3,12,2009,2.0,0.0
634819580757209,86001,1,12,2009,2.0,1.0
720509988864087,86001,2,12,2009,1.0,0.0
072472150990192,87001,1,12,2009,3.0,0.0
207005722105545,86001,2,12,2009,1.0,0.0
036302760979895,86001,1,12,2009,1.0,0.0
956056397289170,86001,2,12,2009,2.0,0.0
976529510499209,87001,2,12,2009,3.0,0.0
948639570599200,86001,1,12,2009,1.0,0.0
050999092327329,86001,2,12,2009,1.0,0.0
820907999768698,86001,2,12,2009,2.0,0.0
813845048909191,86001,1,12,2009,1.0,1.0
730309905326353,86001,1,12,2009,1.0,0.0
047016198380250,86001,1,12,2009,2.0,0.0
536079480749306,86001,1,12,2009,2.0,0.0
830609956223076,86001,2,12,2009,2.0,0.0
083463860987790,86001,1,12,2009,2.0,0.0
073743058909593,86001,2,12,2009,2.0,0.0
305081206042791,87001,2,12,2009,3.0,0.0
947289570396308,86001,2,12,2009,1.0,0.0
640981095531269,87001,1,12,2009,3.0,1.0
988599610956305,87001,2,12,2009,3.0,0.0
396907208052878,86001,1,12,2009,1.0,0.0
952079900379930,86001,1,12,2009,1.0,0.0
366998800095969,86001,1,12,2009,2.0,0.0
495938903046209,86001,2,12,2009,2.0,0.0
299920028230914,87001,2,12,2009,3.0,0.0
769054269419580,87001,2,12,2009,3.0,0.0
904738210359404,87001,2,12,2009,3.0,0.0
599640628480914,87001,2,12,2009,3.0,0.0
599870786840914,87001,1,12,2009,1.0,0.0
417051502085621,87001,2,12,2009,3.0,1.0
340961097641079,87001,2,12,2009,3.0,0.0
274633057908991,86001,1,12,2009,1.0,0.0
008904734991167,86001,2,12,2009,2.0,0.0
768518170949403,86001,2,12,2009,1.0,0.0
999200989550914,87001,1,12,2009,3.0,0.0
020905064357319,86001,1,12,2009,1.0,0.0
150007922901566,87001,2,12,2009,3.0,0.0
964759510599503,87001,1,12,2009,,
596978807057549,86001,2,12,2009,2.0,0.0
020094799100919,87001,2,1,2010,3.0,0.0
800209925936296,86001,1,1,2010,1.0,0.0
026730840962189,86001,1,1,2010,1.0,0.0
410220189640080,86001,1,1,2010,1.0,0.0
320162009202150,87001,2,1,2010,3.0,0.0
360603028909595,86001,2,1,2010,1.0,0.0
045420260982696,87001,2,1,2010,3.0,0.0
100609985100886,87001,2,1,2010,2.0,0.0
829090529600269,87001,2,1,2010,3.0,0.0
033891820962699,86001,1,1,2010,1.0,0.0
110209986690985,87001,2,1,2010,2.0,0.0
890824091812809,87001,2,1,2010,3.0,0.0
299770727840911,87001,2,1,2010,2.0,0.0
062421120993598,87001,2,1,2010,2.0,1.0
131250078909896,86001,2,1,2010,1.0,1.0
310870639200081,86001,1,1,2010,1.0,0.0
399060839890681,86001,1,1,2010,1.0,0.0
067035162180960,86001,2,1,2010,1.0,0.0
108903151990406,86001,1,1,2010,1.0,0.0
417769310399103,87001,2,1,2010,2.0,0.0
956077855189110,86001,1,1,2010,1.0,0.0
385166509700974,86001,2,1,2010,1.0,0.0
210909989920696,87001,1,1,2010,2.0,0.0
037030130280660,86001,2,1,2010,1.0,0.0
508902602991180,86001,2,1,2010,1.0,0.0
702903402998053,87001,1,1,2010,3.0,0.0
041372240984090,87001,1,1,2010,3.0,0.0
079052840966697,86001,1,1,2010,1.0,1.0
410220345870182,86001,2,1,2010,1.0,0.0
479810245680712,87001,2,1,2010,2.0,0.0
634819580757209,86001,1,1,2010,1.0,1.0
480153005728640,86001,2,1,2010,1.0,0.0
072472150990192,87001,1,1,2010,2.0,0.0
956056397289170,86001,2,1,2010,1.0,0.0
976529510499209,87001,2,1,2010,2.0,0.0
910974099321609,87001,1,1,2010,2.0,0.0
268962907014769,87001,1,1,2010,3.0,0.0
820907999768698,86001,2,1,2010,1.0,0.0
365908107068069,86001,1,1,2010,1.0,1.0
801908243596643,87001,2,1,2010,,
910024873329520,87001,2,1,2010,2.0,0.0
051773860984192,86001,2,1,2010,1.0,1.0
070433260963694,87001,1,1,2010,3.0,1.0
536079480749306,86001,1,1,2010,1.0,0.0
669570855220983,86001,2,1,2010,1.0,0.0
816169720919301,87001,2,1,2010,3.0,0.0
830609956223076,86001,2,1,2010,1.0,0.0
083463860987790,86001,1,1,2010,1.0,0.0
073743058909593,86001,2,1,2010,1.0,0.0
305081206042791,87001,2,1,2010,2.0,0.0
988599610956305,87001,2,1,2010,2.0,0.0
910009801329640,87001,1,1,2010,3.0,0.0
366998800095969,86001,1,1,2010,1.0,0.0
423494539000981,87001,1,1,2010,3.0,1.0
240209924593072,87001,2,1,2010,3.0,1.0
495938903046209,86001,2,1,2010,1.0,0.0
029054120990797,87001,1,1,2010,2.0,0.0
769054269419580,87001,2,1,2010,2.0,0.0
904738210359404,87001,2,1,2010,2.0,0.0
721494829600935,87001,2,1,2010,3.0,0.0
340961097641079,87001,2,1,2010,2.0,0.0
917449610019400,87001,2,1,2010,2.0,0.0
008904734991167,86001,2,1,2010,1.0,0.0
560287007241670,87001,1,1,2010,2.0,0.0
999200989550914,87001,1,1,2010,2.0,0.0
702602625997210,87001,2,1,2010,3.0,0.0
800869120446509,87001,1,1,2010,3.0,0.0
150007922901566,87001,2,1,2010,2.0,0.0
402905075995771,87001,2,1,2010,3.0,0.0
250109940315091,87001,1,1,2010,3.0,0.0
595902402031439,87001,1,1,2010,3.0,1.0
945444620596509,87001,1,1,2010,3.0,0.0
596978807057549,86001,2,1,2010,1.0,0.0
250609998315990,87001,1,1,2010,3.0,0.0
020094799100919,87001,2,2,2010,2.0,0.0
320162009202150,87001,2,2,2010,2.0,0.0
045420260982696,87001,2,2,2010,2.0,0.0
100609985100886,87001,2,2,2010,1.0,0.0
200609958816697,87001,2,2,2010,1.0,0.0
200609994853891,87001,1,2,2010,2.0,0.0
290570063905975,87001,2,2,2010,3.0,0.0
630599077202669,87001,2,2,2010,2.0,1.0
950389630429102,87001,3,2,2010,,
110209986690985,87001,2,2,2010,1.0,0.0
890824091812809,87001,2,2,2010,2.0,0.0
299770727840911,87001,2,2,2010,1.0,0.0
062421120993598,87001,2,2,2010,1.0,1.0
220921091913489,87001,2,2,2010,3.0,0.0
740131000912400,87001,1,2,2010,2.0,0.0
310300082523712,87001,2,2,2010,3.0,1.0
025026155120470,87001,2,2,2010,2.0,0.0
417769310399103,87001,2,2,2010,1.0,0.0
620870098112019,87001,1,2,2010,2.0,0.0
977689810239105,87001,1,2,2010,1.0,0.0
095011370995593,87001,1,2,2010,3.0,0.0
199933909099818,87001,2,2,2010,3.0,0.0
950986096713779,87001,1,2,2010,3.0,0.0
999070993080731,87001,1,2,2010,3.0,0.0
210909989920696,87001,1,2,2010,1.0,0.0
702903402998053,87001,1,2,2010,2.0,0.0
963559530506205,87001,1,2,2010,3.0,0.0
041372240984090,87001,1,2,2010,2.0,0.0
479810245680712,87001,2,2,2010,1.0,0.0
842613073908773,87001,1,2,2010,3.0,1.0
320509922103150,87001,1,2,2010,3.0,0.0
905129210039201,87001,2,2,2010,1.0,1.0
072472150990192,87001,1,2,2010,1.0,0.0
917204120600149,87001,2,2,2010,1.0,0.0
976529510499209,87001,2,2,2010,1.0,0.0
987069030919203,87001,1,2,2010,3.0,1.0
268962907014769,87001,1,2,2010,2.0,0.0
390953207019355,87001,2,2,2010,3.0,0.0
725053912339050,87001,1,2,2010,3.0,1.0
330300050155212,87001,2,2,2010,3.0,1.0
910024873329520,87001,2,2,2010,1.0,0.0
954389630429302,87001,3,2,2010,3.0,0.0
230609982276176,87001,1,2,2010,2.0,0.0
280960090233859,87001,2,2,2010,3.0,0.0
649150608760933,87001,1,2,2010,3.0,1.0
907006339329890,87001,1,2,2010,,
046923360970194,87001,3,2,2010,3.0,0.0
944006433339760,87001,1,2,2010,3.0,1.0
260976098533539,87001,1,2,2010,3.0,0.0
305081206042791,87001,2,2,2010,1.0,0.0
490973093533929,87001,1,2,2010,3.0,0.0
140995092333859,87001,1,2,2010,3.0,0.0
077070132420700,87001,1,2,2010,2.0,0.0
214160093908573,87001,1,2,2010,3.0,0.0
029054120990797,87001,1,2,2010,1.0,0.0
769054269419580,87001,2,2,2010,1.0,0.0
904738210359404,87001,2,2,2010,1.0,0.0
340606987835888,87001,1,2,2010,3.0,0.0
721494829600935,87001,2,2,2010,2.0,0.0
340961097641079,87001,2,2,2010,1.0,0.0
917449610019400,87001,2,2,2010,1.0,0.0
560287007241670,87001,1,2,2010,1.0,0.0
218290810160404,87001,1,2,2010,1.0,1.0
218290810160404,87001,2,2,2010,1.0,1.0
999200989550914,87001,1,2,2010,1.0,0.0
565982103013099,87001,2,2,2010,1.0,0.0
702602625997210,87001,2,2,2010,2.0,0.0
800869120446509,87001,1,2,2010,2.0,0.0
150007922901566,87001,2,2,2010,1.0,0.0
505106083905998,87001,1,2,2010,3.0,0.0
250109940315091,87001,1,2,2010,2.0,0.0
303909325393543,87001,1,2,2010,3.0,0.0
250609998315990,87001,1,2,2010,2.0,0.0
699780194560915,87001,1,2,2010,1.0,1.0
320162009202150,87001,2,3,2010,1.0,0.0
045420260982696,87001,2,3,2010,1.0,0.0
200609958816697,87001,2,3,2010,,
200609994853891,87001,1,3,2010,1.0,0.0
345176509100474,87001,2,3,2010,3.0,0.0
890824091812809,87001,2,3,2010,1.0,0.0
220921091913489,87001,2,3,2010,2.0,0.0
110134009312460,87001,1,3,2010,1.0,1.0
531619074909099,87001,2,3,2010,3.0,0.0
740131000912400,87001,1,3,2010,1.0,0.0
873709840579106,87001,1,3,2010,3.0,0.0
873709840579106,87001,2,3,2010,3.0,0.0
990003959139300,87001,1,3,2010,2.0,0.0
310300082523712,87001,2,3,2010,2.0,1.0
025026155120470,87001,2,3,2010,1.0,0.0
867678740099105,87001,1,3,2010,3.0,0.0
602900911479037,87001,2,3,2010,1.0,0.0
620870098112019,87001,1,3,2010,1.0,0.0
095011370995593,87001,1,3,2010,2.0,0.0
199933909099818,87001,2,3,2010,2.0,0.0
999070993080731,87001,1,3,2010,2.0,0.0
702903402998053,87001,1,3,2010,1.0,0.0
963559530506205,87001,1,3,2010,2.0,0.0
963574330326207,87001,2,3,2010,2.0,0.0
041372240984090,87001,1,3,2010,1.0,0.0
299904205032437,87001,2,3,2010,3.0,0.0
299904205032437,87001,3,3,2010,3.0,0.0
320509922103150,87001,1,3,2010,2.0,0.0
887879740589205,87001,1,3,2010,,
067172470697549,87001,2,3,2010,3.0,0.0
268962907014769,87001,1,3,2010,1.0,0.0
420909925029694,87001,1,3,2010,3.0,0.0
220907991771992,87001,2,3,2010,1.0,0.0
078313410986595,87001,1,3,2010,3.0,0.0
078313410986595,87001,2,3,2010,3.0,0.0
230107931194399,87001,2,3,2010,1.0,0.0
163073112320540,87001,2,3,2010,1.0,0.0
404703963998733,87001,1,3,2010,3.0,0.0
910024873329520,87001,2,3,2010,,
954389630429302,87001,3,3,2010,2.0,0.0
230609982276176,87001,1,3,2010,1.0,0.0
280960090233859,87001,2,3,2010,2.0,0.0
806439340359303,87001,1,3,2010,3.0,0.0
904905853495966,87001,2,3,2010,3.0,0.0
010013460980999,87001,2,3,2010,3.0,1.0
046923360970194,87001,3,3,2010,2.0,0.0
260976098533539,87001,1,3,2010,2.0,0.0
361994706017719,87001,1,3,2010,3.0,0.0
490973093533929,87001,1,3,2010,2.0,0.0
140995092333859,87001,1,3,2010,2.0,0.0
214529004907199,87001,1,3,2010,3.0,0.0
214160093908573,87001,1,3,2010,2.0,0.0
496924806053159,87001,2,3,2010,3.0,1.0
259700985580944,87001,2,3,2010,3.0,0.0
947418470400143,87001,1,3,2010,1.0,0.0
064444350994690,87001,2,3,2010,2.0,1.0
340606987835888,87001,1,3,2010,2.0,0.0
046078183440170,87001,2,3,2010,3.0,0.0
984983044909990,87001,3,3,2010,3.0,0.0
702602625997210,87001,2,3,2010,1.0,0.0
800869120446509,87001,1,3,2010,1.0,0.0
505106083905998,87001,1,3,2010,2.0,0.0
250109940315091,87001,1,3,2010,1.0,0.0
450109904969992,87001,1,3,2010,3.0,0.0
596903502082118,87001,1,3,2010,2.0,0.0
303909325393543,87001,1,3,2010,2.0,0.0
641598969500955,87001,2,3,2010,3.0,0.0
250609998315990,87001,1,3,2010,1.0,0.0
007025306047591,87001,2,4,2010,3.0,0.0
990567095104488,87001,1,4,2010,1.0,0.0
360603025905595,87001,1,4,2010,3.0,0.0
290570063905975,87001,2,4,2010,1.0,0.0
720899650197105,87001,2,4,2010,3.0,0.0
345176509100474,87001,2,4,2010,2.0,0.0
220921091913489,87001,2,4,2010,1.0,0.0
379980530650951,87001,1,4,2010,3.0,0.0
873709840579106,87001,1,4,2010,2.0,0.0
873709840579106,87001,2,4,2010,2.0,0.0
979053978159170,87001,2,4,2010,3.0,1.0
990003959139300,87001,1,4,2010,1.0,0.0
405008451106387,87001,2,4,2010,3.0,0.0
571797065908591,87001,2,4,2010,3.0,0.0
095011370995593,87001,1,4,2010,1.0,0.0
999820524080951,87001,1,4,2010,3.0,1.0
999070993080731,87001,1,4,2010,1.0,0.0
520306410890998,87001,1,4,2010,1.0,0.0
963559530506205,87001,1,4,2010,1.0,0.0
988053988259730,87001,2,4,2010,3.0,0.0
299904205032437,87001,2,4,2010,2.0,0.0
299904205032437,87001,3,4,2010,2.0,0.0
860948074725009,87001,2,4,2010,3.0,0.0
320509922103150,87001,1,4,2010,1.0,0.0
353292349700872,87001,2,4,2010,3.0,0.0
560973078523479,87001,2,4,2010,1.0,0.0
067172470697549,87001,2,4,2010,2.0,0.0
092240073908670,87001,2,4,2010,1.0,0.0
420909925029694,87001,1,4,2010,2.0,0.0
025292590799595,87001,2,4,2010,3.0,1.0
078313410986595,87001,1,4,2010,2.0,0.0
078313410986595,87001,2,4,2010,2.0,0.0
072583510792595,87001,2,4,2010,3.0,0.0
693041913359190,87001,2,4,2010,,
961309640486309,87001,1,4,2010,2.0,0.0
744042613349060,87001,2,4,2010,2.0,0.0
390953207019355,87001,2,4,2010,1.0,0.0
015953530991493,87001,4,4,2010,3.0,0.0
330300050155212,87001,2,4,2010,1.0,0.0
330309974061386,87001,1,4,2010,1.0,0.0
404703963998733,87001,1,4,2010,2.0,0.0
330409968839685,87001,1,4,2010,1.0,0.0
330409968839685,87001,3,4,2010,1.0,0.0
954389630429302,87001,3,4,2010,1.0,0.0
663842024907792,87001,2,4,2010,2.0,1.0
904905853495966,87001,2,4,2010,2.0,0.0
046923360970194,87001,3,4,2010,1.0,0.0
055393560698498,87001,2,4,2010,3.0,0.0
061763560999793,87001,1,4,2010,3.0,0.0
973016996359670,87001,1,4,2010,,
260976098533539,87001,1,4,2010,1.0,0.0
304604333994067,87001,2,4,2010,2.0,1.0
490973093533929,87001,1,4,2010,1.0,0.0
380982095433529,87001,1,4,2010,1.0,1.0
942059722359410,87001,1,4,2010,3.0,0.0
140995092333859,87001,1,4,2010,1.0,0.0
214529004907199,87001,1,4,2010,2.0,0.0
414357045906690,87001,2,4,2010,3.0,0.0
259700985580944,87001,2,4,2010,2.0,0.0
024043055001703,87001,2,4,2010,3.0,0.0
244140015900098,87001,2,4,2010,3.0,1.0
057794540012403,87001,4,4,2010,3.0,0.0
947418470400143,87001,1,4,2010,,
340606987835888,87001,1,4,2010,1.0,0.0
046078183440170,87001,2,4,2010,2.0,0.0
889770257660944,87002,2,4,2010,2.0,0.0
984983044909990,87001,3,4,2010,2.0,0.0
099810809950655,87001,2,4,2010,3.0,0.0
140905062353859,87001,1,4,2010,1.0,0.0
350009988015659,87001,1,4,2010,1.0,1.0
505106083905998,87001,1,4,2010,1.0,0.0
115770045001002,87001,2,4,2010,3.0,0.0
450109904969992,87001,1,4,2010,2.0,0.0
596903502082118,87001,1,4,2010,1.0,0.0
303909325393543,87001,1,4,2010,1.0,0.0
905905575891203,87001,2,4,2010,3.0,0.0
499520831120955,87001,2,4,2010,3.0,0.0
641598969500955,87001,2,4,2010,2.0,0.0
007025306047591,87001,2,5,2010,2.0,0.0
042250660955795,87001,2,5,2010,3.0,0.0
720564095506529,87001,1,5,2010,3.0,0.0
544090939600914,87001,2,5,2010,1.0,0.0
600807949970299,87001,1,5,2010,3.0,0.0
949889150567002,87001,2,5,2010,2.0,0.0
069580195860961,87001,1,5,2010,3.0,0.0
720899650197105,87001,2,5,2010,2.0,0.0
345176509100474,87001,2,5,2010,1.0,0.0
379980530650951,87001,1,5,2010,2.0,0.0
873709840579106,87001,1,5,2010,1.0,0.0
873709840579106,87001,2,5,2010,1.0,0.0
860578094716009,87001,1,5,2010,3.0,0.0
405008451106387,87001,2,5,2010,2.0,0.0
571797065908591,87001,2,5,2010,2.0,0.0
981319095001909,87001,2,5,2010,2.0,0.0
520306410890998,87001,1,5,2010,,
350939077725959,87001,2,5,2010,2.0,0.0
988053988259730,87001,2,5,2010,2.0,0.0
151290309400870,87001,1,5,2010,2.0,0.0
842961056907598,87001,1,5,2010,3.0,0.0
860948074725009,87001,2,5,2010,2.0,0.0
039802560996990,87001,1,5,2010,2.0,0.0
292994001010749,87001,1,5,2010,1.0,0.0
353292349700872,87001,2,5,2010,2.0,0.0
067172470697549,87001,2,5,2010,1.0,0.0
390892070026679,87001,1,5,2010,3.0,0.0
420909925029694,87001,1,5,2010,1.0,0.0
078313410986595,87001,1,5,2010,1.0,0.0
078313410986595,87001,2,5,2010,1.0,0.0
072583510792595,87001,2,5,2010,2.0,0.0
961309640486309,87001,1,5,2010,1.0,0.0
744042613349060,87001,2,5,2010,1.0,0.0
015953530991493,87001,4,5,2010,2.0,0.0
404703963998733,87001,1,5,2010,1.0,0.0
095503460950498,87001,1,5,2010,1.0,0.0
398996700090634,87001,2,5,2010,3.0,0.0
904905853495966,87001,2,5,2010,1.0,0.0
055393560698498,87001,2,5,2010,2.0,0.0
061763560999793,87001,1,5,2010,2.0,0.0
763226006909197,87001,1,5,2010,3.0,0.0
473934096909095,87001,3,5,2010,3.0,0.0
506901573991497,87001,2,5,2010,1.0,0.0
988979750679309,87001,3,5,2010,2.0,0.0
942059722359410,87001,1,5,2010,2.0,0.0
214529004907199,87001,1,5,2010,1.0,0.0
414357045906690,87001,2,5,2010,2.0,0.0
259700985580944,87001,2,5,2010,1.0,0.0
024043055001703,87001,2,5,2010,2.0,0.0
289920028230964,87001,1,5,2010,3.0,0.0
812519060569400,87001,2,5,2010,3.0,0.0
057794540012403,87001,4,5,2010,2.0,0.0
640407960219626,87001,1,5,2010,3.0,0.0
240673099544969,87001,2,5,2010,1.0,0.0
046078183440170,87001,2,5,2010,1.0,0.0
789729250939409,87001,1,5,2010,2.0,0.0
099810809950655,87001,2,5,2010,2.0,0.0
115770045001002,87001,2,5,2010,2.0,0.0
450109904969992,87001,1,5,2010,1.0,0.0
594986301040159,87001,1,5,2010,3.0,0.0
650307927978591,87001,2,5,2010,3.0,0.0
905905575891203,87001,2,5,2010,2.0,0.0
345599729400979,87001,1,5,2010,1.0,0.0
499520831120955,87001,2,5,2010,2.0,0.0
650406992216397,87001,2,5,2010,3.0,0.0
641598969500955,87001,2,5,2010,1.0,0.0
956489950807505,87001,1,5,2010,2.0,1.0
664093119400982,87001,1,6,2010,2.0,1.0
134400660370001,87001,2,6,2010,2.0,1.0
007025306047591,87001,2,6,2010,1.0,0.0
350946076909165,87001,1,6,2010,2.0,0.0
042250660955795,87001,2,6,2010,2.0,0.0
562095529600999,87001,1,6,2010,2.0,0.0
700609928558964,87001,2,6,2010,3.0,1.0
960266066907895,87001,1,6,2010,2.0,0.0
999006481079700,87001,1,6,2010,3.0,0.0
275096359600130,87001,1,6,2010,,
896579860329000,87001,3,6,2010,2.0,0.0
916056795079640,87001,1,6,2010,2.0,1.0
058068182060140,87001,1,6,2010,2.0,1.0
106700670994248,87001,1,6,2010,2.0,0.0
600807949970299,87001,1,6,2010,2.0,0.0
899620724440970,87001,2,6,2010,3.0,0.0
949889150567002,87001,2,6,2010,1.0,0.0
175955602009078,87001,1,6,2010,1.0,0.0
960718071517078,87001,1,6,2010,3.0,0.0
492029550079102,87001,2,6,2010,1.0,0.0
710200058308219,87001,1,6,2010,3.0,0.0
031339006909997,87001,1,6,2010,2.0,0.0
906900151996886,87001,2,6,2010,2.0,0.0
860578094716009,87001,1,6,2010,2.0,0.0
405008451106387,87001,2,6,2010,1.0,0.0
571797065908591,87001,2,6,2010,1.0,0.0
967559570509105,87001,1,6,2010,3.0,0.0
037881570997492,87001,2,6,2010,1.0,0.0
271393096909794,87001,1,6,2010,2.0,1.0
889009760349101,87001,1,6,2010,2.0,0.0
106706311996949,87001,1,6,2010,2.0,0.0
350939077725959,87001,2,6,2010,1.0,0.0
988053988259730,87001,2,6,2010,1.0,0.0
842961056907598,87001,1,6,2010,2.0,0.0
860948074725009,87001,2,6,2010,1.0,0.0
579530968230972,87001,3,6,2010,3.0,0.0
505379760779202,87001,2,6,2010,2.0,0.0
972025727279160,87001,1,6,2010,3.0,0.0
039802560996990,87001,1,6,2010,1.0,0.0
159293249600898,87001,2,6,2010,1.0,0.0
699810214000972,87001,1,6,2010,3.0,1.0
353292349700872,87001,2,6,2010,1.0,0.0
770997099927229,87001,1,6,2010,3.0,1.0
072583510792595,87001,2,6,2010,1.0,0.0
605900963895333,87001,2,6,2010,1.0,0.0
015953530991493,87001,4,6,2010,1.0,0.0
550942095937929,87001,2,6,2010,3.0,0.0
956094986379830,87001,1,6,2010,3.0,0.0
735979950559307,87001,2,6,2010,1.0,0.0
398996700090634,87001,2,6,2010,2.0,0.0
394957400094618,87001,2,6,2010,3.0,0.0
395967203035608,87001,2,6,2010,3.0,0.0
730609991563962,87001,2,6,2010,3.0,1.0
950056989379150,87001,2,6,2010,3.0,1.0
055393560698498,87001,2,6,2010,1.0,0.0
763226006909197,87001,1,6,2010,2.0,0.0
699280992350973,87001,2,6,2010,3.0,0.0
473934096909095,87001,3,6,2010,2.0,0.0
158820760960304,87001,2,6,2010,2.0,1.0
988979750679309,87001,3,6,2010,1.0,0.0
998819770866307,87001,1,6,2010,3.0,0.0
414357045906690,87001,2,6,2010,1.0,0.0
971959970959409,87001,2,6,2010,3.0,0.0
630920092047069,87001,1,6,2010,3.0,0.0
024043055001703,87001,2,6,2010,1.0,0.0
812519060569400,87001,2,6,2010,2.0,0.0
057794540012403,87001,4,6,2010,1.0,0.0
640407960219626,87001,1,6,2010,2.0,0.0
744429035001705,87001,1,6,2010,1.0,0.0
007600864947486,87001,1,6,2010,3.0,0.0
196770070270408,87001,2,6,2010,3.0,0.0
853477939600829,87001,1,6,2010,1.0,0.0
807000594106787,87001,1,6,2010,3.0,1.0
905047970479730,87001,1,6,2010,3.0,0.0
484864037908893,87001,2,6,2010,3.0,1.0
640809902979046,87001,1,6,2010,2.0,0.0
968269470459402,87001,1,6,2010,3.0,0.0
402007103046831,87001,3,6,2010,3.0,0.0
099810809950655,87001,2,6,2010,1.0,0.0
115770045001002,87001,2,6,2010,1.0,0.0
594986301040159,87001,1,6,2010,2.0,0.0
167593379100912,87001,2,6,2010,2.0,0.0
905905575891203,87001,2,6,2010,1.0,0.0
535619077908099,87001,1,6,2010,3.0,0.0
499520831120955,87001,2,6,2010,1.0,0.0
650406992216397,87001,2,6,2010,2.0,0.0
199690256620680,87001,2,7,2010,3.0,1.0
686060684200967,87001,1,7,2010,3.0,1.0
299090750810670,87001,1,7,2010,1.0,0.0
653072927089380,87001,2,7,2010,3.0,0.0
350946076909165,87001,1,7,2010,1.0,0.0
042250660955795,87001,2,7,2010,1.0,0.0
096828705042634,87001,2,7,2010,,
562095529600999,87001,1,7,2010,1.0,0.0
960266066907895,87001,1,7,2010,1.0,0.0
983026914079110,87001,2,7,2010,2.0,0.0
999006481079700,87001,1,7,2010,2.0,0.0
260312098809592,87001,1,7,2010,3.0,0.0
408908140561646,87001,3,7,2010,3.0,0.0
964026623067950,87001,1,7,2010,1.0,0.0
763097549600976,87001,4,7,2010,1.0,1.0
960183017806340,87001,1,7,2010,1.0,0.0
600807949970299,87001,1,7,2010,1.0,0.0
780785007908496,87001,2,7,2010,2.0,1.0
864094239800978,87001,1,7,2010,1.0,1.0
098916905090939,87001,2,7,2010,1.0,1.0
999830325310970,87001,2,7,2010,2.0,1.0
960718071517078,87001,1,7,2010,2.0,0.0
090591720977593,87001,2,7,2010,1.0,0.0
710200058308219,87001,1,7,2010,2.0,0.0
931855068909196,87001,1,7,2010,3.0,0.0
290856099516819,87001,2,7,2010,1.0,0.0
508706981791585,87001,4,7,2010,3.0,0.0
282199348500905,87001,2,7,2010,3.0,0.0
970199149500136,87001,3,7,2010,2.0,0.0
975554480226105,87001,1,7,2010,3.0,0.0
906900151996886,87001,2,7,2010,1.0,0.0
860578094716009,87001,1,7,2010,1.0,0.0
967559570509105,87001,1,7,2010,2.0,0.0
889960521980981,87001,2,7,2010,3.0,1.0
074165754900974,87001,2,7,2010,2.0,1.0
889009760349101,87001,1,7,2010,1.0,0.0
450608098228679,87001,1,7,2010,3.0,0.0
296988905059059,87001,1,7,2010,3.0,0.0
291928306041289,87001,1,7,2010,3.0,1.0
054182640111107,87001,2,7,2010,1.0,0.0
842961056907598,87001,1,7,2010,1.0,0.0
725054912279050,87001,1,7,2010,2.0,0.0
725054912279050,87001,2,7,2010,2.0,0.0
452680087908798,87001,1,7,2010,2.0,0.0
505379760779202,87001,2,7,2010,1.0,0.0
162613026909597,87001,1,7,2010,1.0,1.0
808606073996150,87001,1,7,2010,2.0,1.0
397958508013169,87001,2,7,2010,2.0,0.0
120615070438489,87001,1,7,2010,2.0,0.0
980113016236430,87001,1,7,2010,1.0,0.0
830307960881499,87001,1,7,2010,3.0,0.0
270933071537149,87001,1,7,2010,2.0,1.0
830307931145599,87001,2,7,2010,3.0,1.0
520846098238349,87001,2,7,2010,3.0,0.0
550942095937929,87001,2,7,2010,2.0,0.0
956094986379830,87001,1,7,2010,2.0,0.0
500763092537519,87001,1,7,2010,2.0,0.0
394957400094618,87001,2,7,2010,2.0,0.0
730609991563962,87001,2,7,2010,2.0,1.0
876889460829309,87001,2,7,2010,1.0,0.0
699280992350973,87001,2,7,2010,2.0,0.0
473063046909697,87001,1,7,2010,1.0,1.0
473934096909095,87001,3,7,2010,1.0,0.0
063133770695990,87001,2,7,2010,2.0,1.0
158820760960304,87001,2,7,2010,1.0,1.0
998819770866307,87001,1,7,2010,2.0,0.0
108903933792469,87001,1,7,2010,3.0,0.0
190903076347739,87001,1,7,2010,2.0,0.0
630920092047069,87001,1,7,2010,2.0,0.0
840209922103190,87001,1,7,2010,,
036654820010903,87001,2,7,2010,3.0,0.0
410086304039411,87001,2,7,2010,1.0,0.0
640407960219626,87001,1,7,2010,1.0,0.0
844816007908972,87001,2,7,2010,,
060475189600966,87001,2,7,2010,1.0,1.0
006334860985297,87001,2,7,2010,3.0,0.0
905047970479730,87001,1,7,2010,2.0,0.0
484864037908893,87001,1,7,2010,2.0,0.0
899180115780974,87001,2,7,2010,2.0,1.0
498808503064827,87001,1,7,2010,3.0,1.0
562577249000955,87001,2,7,2010,1.0,0.0
850109963211995,87001,1,7,2010,3.0,1.0
167593379100912,87001,2,7,2010,1.0,0.0
936083830589500,87001,1,7,2010,3.0,0.0
630969097257669,87001,1,7,2010,2.0,0.0
199860255500910,88001,2,8,2010,3.0,1.0
560917092407899,87001,1,8,2010,1.0,0.0
299090750810670,87001,1,8,2010,,
379095969200663,87001,3,8,2010,1.0,0.0
653072927089380,87001,2,8,2010,2.0,0.0
517098119400144,88001,2,8,2010,3.0,1.0
999006481079700,87001,1,8,2010,1.0,0.0
059430160990694,88001,2,8,2010,3.0,1.0
260312098809592,87001,1,8,2010,2.0,0.0
360768094901699,88001,1,8,2010,3.0,0.0
918769310397003,88001,3,8,2010,1.0,0.0
700800064300610,87001,2,8,2010,1.0,1.0
968569510617002,88001,1,8,2010,3.0,0.0
999659810589001,88001,2,8,2010,3.0,0.0
910061133740170,87001,1,8,2010,1.0,1.0
211755058002214,87001,2,8,2010,1.0,1.0
981918510339101,88001,1,8,2010,3.0,1.0
110209927252037,88001,2,8,2010,3.0,0.0
279380976810971,87001,1,8,2010,1.0,1.0
710200036019610,87001,2,8,2010,1.0,1.0
710200058308219,87001,1,8,2010,1.0,0.0
118105840300137,88001,2,8,2010,3.0,0.0
931855068909196,87001,1,8,2010,2.0,0.0
282199348500905,87001,2,8,2010,2.0,0.0
970199149500136,87001,3,8,2010,1.0,0.0
975554480226105,87001,1,8,2010,2.0,0.0
195938105097784,87001,1,8,2010,2.0,0.0
671807041906098,88001,1,8,2010,3.0,1.0
671807041906098,88001,2,8,2010,3.0,0.0
967559570509105,87001,1,8,2010,1.0,0.0
918889410059106,88001,1,8,2010,3.0,0.0
979749670899108,87001,2,8,2010,1.0,0.0
450608098228679,87001,1,8,2010,2.0,0.0
296988905059059,87001,1,8,2010,2.0,0.0
760906091221169,88001,1,8,2010,3.0,0.0
291928306041289,87001,1,8,2010,2.0,1.0
270733091521149,88001,1,8,2010,3.0,0.0
037452830781291,87001,2,8,2010,2.0,0.0
479440807350712,88001,1,8,2010,2.0,1.0
725054912279050,87001,2,8,2010,1.0,0.0
052911011903292,88001,1,8,2010,3.0,0.0
452680087908798,87001,1,8,2010,1.0,0.0
955929410599207,88001,1,8,2010,3.0,1.0
790964093821759,88001,1,8,2010,2.0,1.0
299958305010659,87001,3,8,2010,2.0,1.0
518299979700814,88001,2,8,2010,3.0,1.0
967079510697206,88001,1,8,2010,3.0,0.0
059872890699445,87001,3,8,2010,2.0,0.0
230816095038269,87001,1,8,2010,2.0,1.0
397958508013169,87001,2,8,2010,1.0,0.0
120615070438489,87001,1,8,2010,1.0,0.0
801904123594051,88001,1,8,2010,3.0,0.0
830107996222390,87001,2,8,2010,2.0,1.0
030863110993096,88001,1,8,2010,3.0,0.0
830307960881499,87001,1,8,2010,2.0,0.0
830307931145599,87001,2,8,2010,2.0,1.0
623869480847306,87001,1,8,2010,2.0,1.0
923519010099309,88001,1,8,2010,3.0,0.0
520846098238349,87001,2,8,2010,2.0,0.0
550942095937929,87001,2,8,2010,1.0,0.0
956094986379830,87001,1,8,2010,1.0,0.0
019333160998298,88001,1,8,2010,3.0,0.0
500763092537519,87001,1,8,2010,1.0,0.0
730609940988186,87001,2,8,2010,1.0,0.0
730609991563962,87001,2,8,2010,1.0,1.0
360931206032658,88001,1,8,2010,3.0,1.0
270177007938740,87001,2,8,2010,2.0,0.0
998819770866307,87001,1,8,2010,1.0,0.0
108903933792469,87001,1,8,2010,2.0,0.0
612391119900801,88001,2,8,2010,3.0,1.0
801904773894159,88001,1,8,2010,3.0,0.0
190903076347739,87001,1,8,2010,1.0,0.0
498931204086148,88001,2,8,2010,3.0,1.0
630920092047069,87001,1,8,2010,1.0,0.0
036654820010903,87001,2,8,2010,2.0,0.0
006334860985297,87001,2,8,2010,2.0,0.0
807000594106787,87001,1,8,2010,1.0,0.0
905047970479730,87001,1,8,2010,1.0,0.0
908909070826403,87001,2,8,2010,1.0,0.0
402007103046831,87001,3,8,2010,1.0,0.0
870794110216509,88001,1,8,2010,3.0,0.0
913959910479508,88001,3,8,2010,3.0,0.0
591901609005535,88001,1,8,2010,3.0,1.0
500959093951759,88001,2,8,2010,3.0,1.0
560157002458890,87001,2,8,2010,2.0,0.0
630969097257669,87001,1,8,2010,1.0,0.0
068912103004279,88001,1,9,2010,3.0,0.0
686060684200967,87001,1,9,2010,1.0,1.0
653072927089380,87001,2,9,2010,1.0,0.0
000240850988990,87001,2,9,2010,1.0,0.0
200509946779898,88001,2,9,2010,3.0,0.0
260312098809592,87001,1,9,2010,1.0,0.0
360768094901699,88001,1,9,2010,2.0,0.0
529097599800999,88001,1,9,2010,3.0,0.0
968569510617002,88001,1,9,2010,2.0,0.0
093620290756697,88001,2,9,2010,3.0,0.0
999659810589001,88001,2,9,2010,2.0,0.0
501701230893839,88001,2,9,2010,2.0,0.0
210009979935775,88001,1,9,2010,3.0,0.0
142550320440104,88001,2,9,2010,3.0,0.0
080134006212230,88001,2,9,2010,3.0,0.0
118105840300137,88001,2,9,2010,2.0,0.0
931855068909196,87001,1,9,2010,1.0,0.0
290956099511819,88001,2,9,2010,2.0,1.0
282199348500905,87001,2,9,2010,1.0,0.0
975554480226105,87001,1,9,2010,1.0,0.0
195938105097784,87001,1,9,2010,1.0,0.0
320279093111838,88001,1,9,2010,2.0,0.0
671807041906098,88001,2,9,2010,2.0,0.0
799230581190911,88001,1,9,2010,2.0,0.0
918889410059106,88001,1,9,2010,2.0,0.0
194908608023829,87001,1,9,2010,1.0,1.0
450608098228679,87001,1,9,2010,1.0,0.0
296988905059059,87001,1,9,2010,1.0,0.0
760906091221169,88001,1,9,2010,2.0,0.0
035512220014407,88001,1,9,2010,3.0,1.0
270733091521149,88001,1,9,2010,2.0,0.0
628033955224450,88001,2,9,2010,3.0,0.0
669023977224560,88001,1,9,2010,3.0,1.0
037452830781291,87001,2,9,2010,1.0,0.0
170936099621759,88001,2,9,2010,2.0,0.0
052911011903292,88001,1,9,2010,2.0,0.0
702900062995846,88001,2,9,2010,3.0,0.0
672417098909372,87001,2,9,2010,1.0,0.0
967079510697206,88001,1,9,2010,2.0,0.0
059872890699445,87001,3,9,2010,1.0,0.0
397958508013169,87001,2,9,2010,,
120615070438489,87001,1,9,2010,,
801904123594051,88001,1,9,2010,2.0,0.0
830107996222390,87001,2,9,2010,1.0,1.0
030863110993096,88001,1,9,2010,2.0,0.0
830307960881499,87001,1,9,2010,1.0,0.0
830307931145599,87001,2,9,2010,1.0,1.0
030932072131109,88001,2,9,2010,2.0,0.0
923519010099309,88001,1,9,2010,2.0,0.0
520846098238349,87001,2,9,2010,1.0,0.0
026613160992798,88001,2,9,2010,2.0,1.0
230609989045095,88001,2,9,2010,3.0,0.0
130609900890482,88001,4,9,2010,2.0,0.0
230709968845893,88001,1,9,2010,2.0,0.0
270177007938740,87001,2,9,2010,1.0,0.0
008901033791228,87001,2,9,2010,1.0,0.0
007153290964891,88001,2,9,2010,,
108903933792469,87001,1,9,2010,1.0,0.0
612391119900801,88001,2,9,2010,2.0,1.0
801904773894159,88001,1,9,2010,2.0,0.0
528499979000914,88001,1,9,2010,3.0,0.0
240009956328094,88001,1,9,2010,3.0,0.0
640320094342149,88001,1,9,2010,,
036654820010903,87001,2,9,2010,1.0,0.0
479300389410714,88001,2,9,2010,2.0,0.0
006334860985297,87001,2,9,2010,1.0,0.0
490885090042899,88001,1,9,2010,3.0,0.0
079028193420430,88001,2,9,2010,3.0,0.0
099078517420590,88001,2,9,2010,3.0,0.0
702903174999029,88001,1,9,2010,3.0,0.0
515051007074041,88001,1,9,2010,2.0,1.0
870794110216509,88001,1,9,2010,2.0,0.0
913959910479508,88001,3,9,2010,2.0,0.0
399750666900915,88001,1,9,2010,2.0,1.0
591901609005535,88001,1,9,2010,2.0,1.0
902901885996025,88001,2,9,2010,3.0,0.0
576982609051559,88001,2,9,2010,3.0,0.0
560157002458890,87001,2,9,2010,1.0,0.0
027690310999096,88001,2,10,2010,3.0,0.0
299790493020710,88001,1,10,2010,1.0,1.0
905689630999009,88001,1,10,2010,,
200509946779898,88001,2,10,2010,2.0,0.0
098991106057605,88001,1,10,2010,,
360768094901699,88001,1,10,2010,1.0,0.0
065942805093689,88001,2,10,2010,2.0,1.0
828093579800788,88001,1,10,2010,2.0,1.0
500986094403459,88001,1,10,2010,3.0,1.0
093620290756697,88001,2,10,2010,2.0,0.0
999659810589001,88001,2,10,2010,1.0,0.0
501701230893839,88001,2,10,2010,1.0,0.0
690905013905798,88001,2,10,2010,3.0,0.0
210009979935775,88001,1,10,2010,2.0,0.0
922032959139890,88001,1,10,2010,3.0,0.0
142550320440104,88001,2,10,2010,2.0,0.0
080134006212230,88001,2,10,2010,2.0,0.0
104033901061361,88001,1,10,2010,3.0,0.0
118105840300137,88001,2,10,2010,1.0,0.0
925899610199105,88001,2,10,2010,1.0,0.0
320279093111838,88001,1,10,2010,1.0,0.0
671807041906098,88001,2,10,2010,1.0,0.0
799230581190911,88001,1,10,2010,1.0,0.0
918889410059106,88001,1,10,2010,1.0,0.0
220997090913879,88001,1,10,2010,3.0,0.0
760906091221169,88001,1,10,2010,1.0,0.0
292972709050209,88001,2,10,2010,2.0,0.0
035512220014407,88001,1,10,2010,2.0,1.0
270733091521149,88001,1,10,2010,1.0,0.0
628033955224450,88001,2,10,2010,2.0,0.0
170936099621759,88001,2,10,2010,1.0,0.0
202011403065461,88001,1,10,2010,1.0,0.0
052911011903292,88001,1,10,2010,1.0,0.0
635293989500668,88001,2,10,2010,3.0,0.0
702900062995846,88001,2,10,2010,2.0,0.0
967079510697206,88001,1,10,2010,1.0,0.0
320909997277982,88001,3,10,2010,3.0,0.0
199780925650733,88001,1,10,2010,3.0,0.0
030863110993096,88001,1,10,2010,1.0,0.0
030932072131109,88001,2,10,2010,1.0,0.0
923519010099309,88001,1,10,2010,1.0,0.0
034373350992794,88001,2,10,2010,3.0,0.0
230609989045095,88001,2,10,2010,2.0,0.0
619170798680923,88001,2,10,2010,2.0,1.0
130609900890482,88001,4,10,2010,1.0,0.0
396973007054688,88001,2,10,2010,3.0,0.0
230709968845893,88001,1,10,2010,1.0,0.0
669019943339410,88001,2,10,2010,3.0,0.0
801904773894159,88001,1,10,2010,1.0,0.0
240009956328094,88001,1,10,2010,2.0,0.0
703904214697582,88001,2,10,2010,3.0,1.0
340509917451288,88001,2,10,2010,3.0,0.0
490885090042899,88001,1,10,2010,2.0,0.0
079028193420430,88001,2,10,2010,2.0,0.0
849900749420934,88001,2,10,2010,3.0,0.0
702903174999029,88001,1,10,2010,2.0,0.0
870794110216509,88001,1,10,2010,1.0,0.0
744001933539760,88001,2,10,2010,3.0,0.0
074825310994895,88001,1,10,2010,2.0,0.0
913959910479508,88001,3,10,2010,1.0,0.0
928014994539720,88001,2,10,2010,3.0,0.0
902901885996025,88001,2,10,2010,2.0,0.0
576982609051559,88001,2,10,2010,2.0,0.0
610240461700015,88001,1,10,2010,1.0,0.0
027690310999096,88001,2,11,2010,2.0,0.0
975589230049009,88001,2,11,2010,2.0,1.0
999006281038700,88001,1,11,2010,2.0,0.0
659140325700940,88001,1,11,2010,2.0,0.0
903026863049780,88001,2,11,2010,3.0,0.0
270883071504149,88001,1,11,2010,3.0,0.0
093620290756697,88001,2,11,2010,1.0,0.0
629899620197005,88001,2,11,2010,1.0,1.0
690905013905798,88001,2,11,2010,2.0,0.0
989150183390940,88001,2,11,2010,3.0,0.0
010100701300141,88001,1,11,2010,3.0,1.0
210009979935775,88001,1,11,2010,1.0,0.0
240199759200720,88001,4,11,2010,3.0,0.0
310209954516489,88002,1,11,2010,2.0,0.0
922032959139890,88001,1,11,2010,2.0,0.0
142550320440104,88001,2,11,2010,1.0,0.0
080134006212230,88001,2,11,2010,1.0,0.0
950073876149870,88001,2,11,2010,3.0,0.0
195982103013599,88001,1,11,2010,1.0,1.0
210609960492390,88001,1,11,2010,1.0,0.0
978119630669102,88001,1,11,2010,2.0,0.0
918039630099106,88001,1,11,2010,2.0,0.0
969419830349101,88001,1,11,2010,1.0,0.0
199922800066999,88001,1,11,2010,1.0,0.0
292972709050209,88001,2,11,2010,1.0,0.0
394840552350622,88001,1,11,2010,1.0,1.0
628033955224450,88001,2,11,2010,1.0,0.0
635293989500668,88001,2,11,2010,2.0,0.0
420609965427499,88001,2,11,2010,3.0,0.0
702900062995846,88001,2,11,2010,1.0,0.0
199780925650733,88001,1,11,2010,2.0,0.0
745372689100795,88001,2,11,2010,3.0,0.0
804969240679309,88001,1,11,2010,3.0,0.0
034373350992794,88001,2,11,2010,2.0,0.0
599410584450633,88001,1,11,2010,2.0,0.0
230609989045095,88001,2,11,2010,1.0,0.0
430609972951824,88001,2,11,2010,3.0,0.0
659490941790923,88001,1,11,2010,1.0,0.0
396973007054688,88001,2,11,2010,2.0,0.0
689580732600943,88001,2,11,2010,3.0,0.0
430609959424399,88001,1,11,2010,3.0,1.0
669019943339410,88001,2,11,2010,2.0,0.0
935407340000134,88001,1,11,2010,2.0,0.0
240009956328094,88001,1,11,2010,1.0,0.0
143496089200945,88001,2,11,2010,3.0,0.0
703904214697582,88001,2,11,2010,2.0,1.0
032504420986199,88001,1,11,2010,3.0,1.0
140925097843119,88001,1,11,2010,2.0,0.0
015754440980994,88001,1,11,2010,3.0,0.0
340509917451288,88001,2,11,2010,2.0,0.0
754361024909878,88001,1,11,2010,3.0,0.0
440709983456597,88001,2,11,2010,3.0,1.0
076724480986597,88001,2,11,2010,3.0,0.0
440809906316890,88001,1,11,2010,3.0,0.0
490885090042899,88001,1,11,2010,1.0,0.0
079028193420430,88001,2,11,2010,1.0,0.0
440809931212293,88001,2,11,2010,3.0,0.0
840730126030034,88001,1,11,2010,2.0,1.0
849900749420934,88001,2,11,2010,2.0,0.0
702903174999029,88001,1,11,2010,1.0,0.0
405680083908768,88001,2,11,2010,2.0,0.0
748577729100900,88001,1,11,2010,3.0,0.0
744001933539760,88001,2,11,2010,2.0,0.0
074825310994895,88001,1,11,2010,1.0,0.0
928014994539720,88001,2,11,2010,2.0,0.0
902901885996025,88001,2,11,2010,1.0,0.0
144599029500924,88001,2,11,2010,3.0,1.0
576982609051559,88001,2,11,2010,1.0,0.0
420598489600958,88001,1,11,2010,1.0,0.0
027690310999096,88001,2,12,2010,1.0,0.0
090340520942997,88001,1,12,2010,3.0,0.0
734699450119006,88001,2,12,2010,2.0,0.0
975589230049009,88001,2,12,2010,1.0,1.0
760577093908196,88001,2,12,2010,1.0,0.0
999006281038700,88001,1,12,2010,1.0,0.0
099924008053619,88001,1,12,2010,2.0,0.0
659140325700940,88001,1,12,2010,1.0,0.0
860215004909399,88001,2,12,2010,2.0,1.0
036480380973997,88001,2,12,2010,1.0,0.0
480306075001714,88001,2,12,2010,3.0,0.0
690905013905798,88001,2,12,2010,1.0,0.0
989150183390940,88001,2,12,2010,2.0,0.0
310209954516489,88002,1,12,2010,1.0,0.0
922032959139890,88001,1,12,2010,1.0,0.0
621031035001909,88001,1,12,2010,3.0,0.0
621031035001909,88001,2,12,2010,3.0,0.0
950073876149870,88001,2,12,2010,2.0,0.0
978119630669102,88001,1,12,2010,1.0,0.0
918039630099106,88001,1,12,2010,1.0,0.0
805704681898279,88001,1,12,2010,3.0,0.0
264914800026259,88001,2,12,2010,2.0,0.0
635293989500668,88001,2,12,2010,1.0,0.0
420609965427499,88001,2,12,2010,2.0,0.0
679250482690952,88001,2,12,2010,3.0,0.0
983078924259650,88001,1,12,2010,3.0,1.0
320909997277982,88001,3,12,2010,1.0,0.0
803453075909162,88001,3,12,2010,2.0,0.0
730799050909303,88001,2,12,2010,3.0,0.0
199780925650733,88001,1,12,2010,1.0,0.0
745372689100795,88001,2,12,2010,2.0,0.0
081473340994291,88001,2,12,2010,1.0,0.0
530409962907956,88001,1,12,2010,3.0,1.0
530409962907956,88001,2,12,2010,3.0,0.0
804969240679309,88001,1,12,2010,2.0,0.0
930074741339630,88001,2,12,2010,1.0,0.0
034373350992794,88001,2,12,2010,1.0,0.0
396973007054688,88001,2,12,2010,1.0,0.0
689580732600943,88001,2,12,2010,2.0,0.0
430609959424399,88001,1,12,2010,2.0,1.0
669019943339410,88001,2,12,2010,1.0,0.0
799399550049304,88001,3,12,2010,3.0,0.0
935407340000134,88001,1,12,2010,1.0,0.0
414357045906690,88001,2,12,2010,3.0,0.0
143496089200945,88001,2,12,2010,2.0,0.0
703904214697582,88001,2,12,2010,1.0,1.0
140925097843119,88001,1,12,2010,1.0,0.0
894699440019403,88001,3,12,2010,2.0,0.0
057794540792493,88001,2,12,2010,3.0,1.0
114269040699406,88001,1,12,2010,2.0,0.0
744808075908294,88001,2,12,2010,3.0,0.0
340509917451288,88001,2,12,2010,1.0,0.0
754361024909878,88001,1,12,2010,2.0,0.0
896469040027403,88001,1,12,2010,2.0,0.0
440709983456597,88001,2,12,2010,2.0,1.0
076724480986597,88001,2,12,2010,2.0,0.0
440809906316890,88001,1,12,2010,2.0,0.0
884904053001302,88001,2,12,2010,1.0,0.0
440809931212293,88001,2,12,2010,2.0,0.0
840730126030034,88001,1,12,2010,1.0,1.0
849900749420934,88001,2,12,2010,1.0,0.0
010702072555969,88001,2,12,2010,3.0,1.0
744001933539760,88001,2,12,2010,1.0,0.0
243598249300945,88261,1,12,2010,2.0,0.0
928014994539720,88001,2,12,2010,1.0,0.0
144599029500924,88001,2,12,2010,2.0,1.0
090340520942997,88001,1,1,2011,2.0,0.0
916269350519009,88001,2,1,2011,2.0,1.0
016460660959472,88001,1,1,2011,3.0,0.0
099924008053619,88001,1,1,2011,1.0,0.0
659140325700940,88001,1,1,2011,,
927056934057620,88001,2,1,2011,2.0,1.0
188910540331001,88001,2,1,2011,1.0,1.0
480306075001714,88001,2,1,2011,2.0,0.0
909019663069490,88001,1,1,2011,3.0,0.0
961072969900758,88001,1,1,2011,3.0,0.0
199994107097267,88001,1,1,2011,1.0,1.0
510209925411757,88001,2,1,2011,2.0,0.0
621031035001909,88001,1,1,2011,2.0,0.0
621031035001909,88001,2,1,2011,2.0,0.0
950073876149870,88001,2,1,2011,1.0,0.0
271601086909190,88001,1,1,2011,3.0,0.0
806902501996027,88001,2,1,2011,3.0,1.0
197956202007829,88001,1,1,2011,3.0,0.0
989070183400961,88001,1,1,2011,3.0,0.0
299936409027069,88001,1,1,2011,2.0,0.0
264914800026259,88001,2,1,2011,1.0,0.0
872929760189205,88001,2,1,2011,3.0,0.0
906707522990653,88001,2,1,2011,3.0,0.0
293996706084339,88001,1,1,2011,3.0,0.0
293916609033479,88001,2,1,2011,3.0,0.0
006906512796085,88001,2,1,2011,3.0,0.0
420609965427499,88001,2,1,2011,1.0,0.0
504901572791496,88001,3,1,2011,1.0,0.0
297956000038689,88001,2,1,2011,3.0,0.0
769300635710962,88001,1,1,2011,3.0,0.0
973059849269530,88001,2,1,2011,3.0,0.0
803453075909162,88001,3,1,2011,1.0,0.0
730799050909303,88001,2,1,2011,2.0,0.0
745372689100795,88001,2,1,2011,1.0,0.0
925053612369050,88001,2,1,2011,3.0,0.0
960633093536069,88001,2,1,2011,1.0,0.0
804969240679309,88001,1,1,2011,1.0,0.0
974036680369560,88001,1,1,2011,3.0,1.0
396925902030628,88001,1,1,2011,2.0,0.0
689580732600943,88001,2,1,2011,1.0,0.0
106902273996076,88001,3,1,2011,3.0,0.0
430609959424399,88001,1,1,2011,1.0,1.0
393936704084609,88001,3,1,2011,3.0,0.0
900770090435829,88001,2,1,2011,2.0,0.0
238860850590306,88001,1,1,2011,2.0,0.0
799399550049304,88001,3,1,2011,2.0,0.0
620818097746339,88001,1,1,2011,3.0,0.0
414357045906690,88001,2,1,2011,2.0,0.0
143496089200945,88001,2,1,2011,1.0,0.0
479950986560954,88001,1,1,2011,2.0,0.0
499460455040954,88001,2,1,2011,2.0,0.0
744808075908294,88001,2,1,2011,2.0,0.0
944239550777409,88001,1,1,2011,2.0,1.0
754361024909878,88001,1,1,2011,1.0,0.0
407085601046631,88002,1,1,2011,1.0,0.0
440709983456597,88001,2,1,2011,1.0,1.0
076724480986597,88001,2,1,2011,1.0,0.0
440809906316890,88001,1,1,2011,1.0,0.0
460496909800982,88001,2,1,2011,3.0,0.0
490886094946459,88001,2,1,2011,3.0,0.0
440809931212293,88001,2,1,2011,1.0,0.0
923098976459630,88001,1,1,2011,2.0,0.0
010702072555969,88001,2,1,2011,2.0,1.0
243598249300945,88261,1,1,2011,1.0,0.0
901619570879006,88001,2,2,2011,3.0,1.0
090340520942997,88001,1,2,2011,1.0,0.0
450839037909867,88001,1,2,2011,2.0,1.0
016460660959472,88001,1,2,2011,2.0,0.0
480306075001714,88001,2,2,2011,1.0,0.0
830985071107939,88001,1,2,2011,3.0,0.0
061100780794992,88001,2,2,2011,3.0,0.0
909019663069490,88001,1,2,2011,2.0,0.0
961072969900758,88001,1,2,2011,2.0,0.0
999830325310970,88001,2,2,2011,3.0,0.0
707900961185181,88001,1,2,2011,3.0,0.0
510209925411757,88001,2,2,2011,1.0,0.0
621031035001909,88001,1,2,2011,1.0,0.0
621031035001909,88001,2,2,2011,1.0,0.0
963479050489101,88001,2,2,2011,1.0,0.0
271601086909190,88001,1,2,2011,2.0,0.0
799550641220971,88001,1,2,2011,3.0,0.0
197956202007829,88001,1,2,2011,2.0,0.0
937038930179660,88001,1,2,2011,3.0,0.0
805704681898279,88001,1,2,2011,1.0,0.0
212633057001901,88001,2,2,2011,3.0,0.0
872929760189205,88001,2,2,2011,2.0,0.0
293996706084339,88001,1,2,2011,2.0,0.0
293916609033479,88001,2,2,2011,2.0,0.0
082302540795997,88001,2,2,2011,1.0,0.0
006906512796085,88001,2,2,2011,2.0,0.0
297956000038689,88001,2,2,2011,2.0,0.0
769300635710962,88001,1,2,2011,2.0,0.0
707904352699359,88001,3,2,2011,3.0,0.0
973059849269530,88001,2,2,2011,2.0,0.0
730799050909303,88001,2,2,2011,1.0,0.0
440515072836689,88001,1,2,2011,2.0,0.0
733412036907675,88001,2,2,2011,2.0,0.0
960633093536069,88001,2,2,2011,,
396925902030628,88001,1,2,2011,1.0,0.0
550969099037779,88001,2,2,2011,3.0,0.0
106902273996076,88001,3,2,2011,2.0,0.0
393936704084609,88001,3,2,2011,2.0,0.0
307006933108957,88001,1,2,2011,3.0,0.0
900770090435829,88001,2,2,2011,1.0,0.0
673332097908891,88001,2,2,2011,3.0,0.0
620818097746339,88001,1,2,2011,2.0,0.0
464497769200999,88001,2,2,2011,2.0,0.0
479950986560954,88001,1,2,2011,1.0,0.0
057794540792493,88001,2,2,2011,1.0,1.0
744808075908294,88001,2,2,2011,1.0,0.0
944239550777409,88001,1,2,2011,1.0,1.0
970006938479540,88001,2,2,2011,3.0,0.0
799730367810664,88001,1,2,2011,2.0,0.0
840978090347329,88001,2,2,2011,3.0,0.0
306908454998687,88001,1,2,2011,2.0,0.0
460496909800982,88001,2,2,2011,2.0,0.0
484653017908991,88001,1,2,2011,3.0,1.0
490886094946459,88001,2,2,2011,2.0,0.0
573409820800240,88001,1,2,2011,3.0,0.0
923098976459630,88001,1,2,2011,1.0,0.0
199320794050975,88001,1,2,2011,3.0,0.0
199160530560975,88001,2,2,2011,2.0,0.0
060933090657229,88001,3,2,2011,3.0,1.0
938094983579120,88001,1,2,2011,3.0,0.0
555961077908498,88001,2,2,2011,3.0,1.0
390119009908190,88001,2,3,2011,3.0,0.0
900426099207099,88001,2,3,2011,2.0,1.0
534699460119006,88002,1,3,2011,1.0,0.0
016460660959472,88001,1,3,2011,1.0,0.0
760785008809496,88001,1,3,2011,3.0,0.0
800809963211995,88001,1,3,2011,3.0,0.0
800809963211995,88001,2,3,2011,3.0,0.0
830985071107939,88001,1,3,2011,2.0,0.0
061100780794992,88001,2,3,2011,2.0,0.0
762019995079200,88001,3,3,2011,2.0,1.0
909019663069490,88001,1,3,2011,1.0,0.0
961072969900758,88001,1,3,2011,1.0,0.0
999830325310970,88001,2,3,2011,2.0,0.0
208705931790240,88001,2,3,2011,,
474196408000831,88001,3,3,2011,2.0,0.0
029072129180770,88001,2,3,2011,3.0,1.0
167978208151298,88001,2,3,2011,3.0,0.0
085461870968483,88001,1,3,2011,3.0,0.0
271601086909190,88001,1,3,2011,1.0,0.0
799550641220971,88001,1,3,2011,2.0,0.0
971057389188530,88001,1,3,2011,,
191918906090739,88001,1,3,2011,3.0,0.0
197956202007829,88001,1,3,2011,1.0,0.0
937038930179660,88001,1,3,2011,2.0,0.0
040522700796599,88001,1,3,2011,2.0,1.0
299936409027069,88001,1,3,2011,1.0,0.0
212633057001901,88001,2,3,2011,2.0,0.0
872929760189205,88001,2,3,2011,1.0,0.0
906707522990653,88001,2,3,2011,1.0,0.0
293996706084339,88001,1,3,2011,1.0,0.0
293916609033479,88001,2,3,2011,1.0,0.0
006906512796085,88001,2,3,2011,1.0,0.0
626779780479209,88001,1,3,2011,3.0,0.0
699650428680972,88001,4,3,2011,2.0,0.0
297956000038689,88001,2,3,2011,1.0,0.0
039412870964095,88001,3,3,2011,3.0,0.0
960177008028610,88001,1,3,2011,2.0,0.0
360988064928699,88001,2,3,2011,,
440515072836689,88001,1,3,2011,1.0,0.0
991379870007309,88001,1,3,2011,2.0,1.0
608704113493943,88001,2,3,2011,3.0,0.0
730400086516414,88001,2,3,2011,2.0,0.0
392926507040669,88001,1,3,2011,1.0,0.0
395918002048649,88001,1,3,2011,1.0,1.0
508906503792946,88001,1,3,2011,3.0,0.0
974036680369560,88001,1,3,2011,1.0,1.0
550969099037779,88001,2,3,2011,2.0,0.0
663398068907997,88001,1,3,2011,3.0,0.0
106902273996076,88001,3,3,2011,1.0,0.0
307006933108957,88001,1,3,2011,2.0,0.0
947329370859300,88001,2,3,2011,2.0,0.0
393932048907196,88001,2,3,2011,3.0,0.0
989590814790673,88001,1,3,2011,2.0,0.0
026413690688992,88001,1,3,2011,1.0,0.0
620818097746339,88001,1,3,2011,1.0,0.0
499958800058149,88001,2,3,2011,3.0,1.0
132090560630404,88001,1,3,2011,1.0,0.0
132090560630404,88001,2,3,2011,1.0,1.0
066444840905198,88001,1,3,2011,3.0,1.0
840509979907690,88001,1,3,2011,3.0,0.0
008603944994956,88001,2,3,2011,3.0,1.0
956209970129409,88001,2,3,2011,2.0,1.0
970006938479540,88001,2,3,2011,2.0,0.0
799730367810664,88001,1,3,2011,1.0,0.0
840978090347329,88001,2,3,2011,2.0,0.0
306908454998687,88001,1,3,2011,1.0,0.0
460496909800982,88001,2,3,2011,1.0,0.0
490886094946459,88001,2,3,2011,1.0,0.0
687499869800714,88001,1,3,2011,3.0,1.0
061784780697898,88001,2,3,2011,2.0,1.0
573409820800240,88001,1,3,2011,2.0,0.0
899580910570684,88001,2,3,2011,3.0,0.0
960794580626507,88001,2,3,2011,3.0,0.0
199320794050975,88001,1,3,2011,2.0,0.0
938094983579120,88001,1,3,2011,2.0,0.0
208903085999855,88001,1,3,2011,3.0,0.0
808602175990806,88001,1,3,2011,3.0,0.0
888561709600902,88001,1,3,2011,2.0,0.0
390119009908190,88001,2,4,2011,2.0,0.0
507900550592866,88001,1,4,2011,1.0,0.0
660629021903897,89001,1,4,2011,3.0,0.0
760785008809496,88001,1,4,2011,2.0,0.0
800809963211995,88001,1,4,2011,2.0,0.0
800809963211995,88001,2,4,2011,2.0,0.0
830985071107939,88001,1,4,2011,1.0,0.0
061100780794992,88001,2,4,2011,1.0,0.0
100800092216317,89001,2,4,2011,3.0,0.0
762019995079200,88001,3,4,2011,1.0,1.0
029400364410911,89001,1,4,2011,3.0,1.0
099750666900911,89001,1,4,2011,3.0,0.0
099750666900911,89001,2,4,2011,3.0,0.0
474196408000831,88001,3,4,2011,1.0,0.0
707900961185181,88001,1,4,2011,1.0,0.0
029072129180770,88001,2,4,2011,2.0,1.0
047531120990291,89001,2,4,2011,3.0,0.0
107047606044341,88001,2,4,2011,1.0,0.0
069151150998299,89001,3,4,2011,3.0,0.0
495699410019103,89001,1,4,2011,3.0,0.0
925899610199105,89001,1,4,2011,3.0,0.0
710507924593082,88001,2,4,2011,1.0,0.0
085461870968483,88001,1,4,2011,2.0,0.0
799550641220971,88001,1,4,2011,1.0,0.0
899230793240911,89001,1,4,2011,3.0,0.0
201603082999851,89001,2,4,2011,3.0,0.0
770917069927229,88001,1,4,2011,1.0,0.0
212633057001901,88001,2,4,2011,1.0,0.0
820209958036792,88001,1,4,2011,2.0,0.0
640940074321149,89001,1,4,2011,3.0,0.0
711034807289000,88001,2,4,2011,2.0,0.0
910941096721219,89001,1,4,2011,3.0,0.0
010295189500866,89001,2,4,2011,3.0,0.0
120509974087862,89001,2,4,2011,3.0,1.0
626779780479209,88001,1,4,2011,2.0,0.0
699650428680972,88001,4,4,2011,1.0,0.0
039412870964095,88001,3,4,2011,2.0,0.0
815264599900900,89001,1,4,2011,3.0,0.0
099060133740913,89001,1,4,2011,3.0,0.0
099060133740913,89001,2,4,2011,3.0,0.0
910924099331609,89001,1,4,2011,3.0,0.0
643154087001406,88001,2,4,2011,1.0,0.0
730400086516414,88001,2,4,2011,1.0,0.0
353891018002305,88001,1,4,2011,2.0,0.0
508906503792946,88001,1,4,2011,2.0,0.0
763304087903290,88001,1,4,2011,1.0,0.0
781394829600735,88001,1,4,2011,,
130609907581660,89001,1,4,2011,1.0,0.0
663398068907997,88001,1,4,2011,2.0,0.0
763785008907496,88001,2,4,2011,,
307006933108957,88001,1,4,2011,1.0,0.0
947329370859300,88001,2,4,2011,1.0,0.0
673332097908891,88001,2,4,2011,1.0,0.0
301905263893709,89001,1,4,2011,3.0,0.0
393932048907196,88001,2,4,2011,2.0,0.0
408601753990339,88001,2,4,2011,2.0,0.0
989590814790673,88001,1,4,2011,1.0,0.0
075684120977590,89001,2,4,2011,2.0,0.0
066444840905198,88001,1,4,2011,2.0,1.0
840509979907690,88001,1,4,2011,2.0,0.0
401009774109465,89001,2,4,2011,3.0,0.0
956209970129409,88001,2,4,2011,1.0,1.0
970006938479540,88001,2,4,2011,1.0,0.0
813406420700155,89001,1,4,2011,3.0,0.0
150974066548559,88001,2,4,2011,2.0,0.0
840978090347329,88001,2,4,2011,1.0,0.0
840809966498177,88001,1,4,2011,2.0,0.0
573409820800240,88001,1,4,2011,1.0,0.0
899580910570684,88001,2,4,2011,2.0,0.0
080184180991592,89001,1,4,2011,3.0,0.0
617028932419460,89001,2,4,2011,3.0,1.0
960794580626507,88001,2,4,2011,2.0,0.0
319598409000831,89001,1,4,2011,3.0,0.0
015265110997896,89001,2,4,2011,3.0,0.0
199320794050975,88001,1,4,2011,1.0,0.0
060933090657229,88001,3,4,2011,1.0,0.0
938094983579120,88001,1,4,2011,1.0,0.0
208903085999855,88001,1,4,2011,2.0,0.0
945629510849508,89001,2,4,2011,3.0,0.0
808602175990806,88001,1,4,2011,2.0,0.0
888561709600902,88001,1,4,2011,1.0,0.0
390119009908190,88001,2,5,2011,1.0,0.0
944074899029670,89001,2,5,2011,3.0,0.0
619640114480920,89001,1,5,2011,3.0,0.0
760785008809496,88001,1,5,2011,1.0,0.0
006940280014601,89001,1,5,2011,3.0,0.0
800809963211995,88001,1,5,2011,1.0,0.0
800809963211995,88001,2,5,2011,1.0,0.0
878939680717006,88001,2,5,2011,1.0,0.0
029400364410911,89001,1,5,2011,2.0,1.0
099750666900911,89001,1,5,2011,2.0,0.0
099750666900911,89001,2,5,2011,2.0,0.0
944040213119060,89001,2,5,2011,2.0,0.0
110200027252017,89001,2,5,2011,2.0,0.0
029072129180770,88001,2,5,2011,1.0,1.0
167978208151298,88001,2,5,2011,1.0,0.0
069063149120170,89001,1,5,2011,2.0,0.0
069151150998299,89001,3,5,2011,2.0,0.0
925899610199105,89001,1,5,2011,2.0,0.0
223194029600917,89001,2,5,2011,1.0,0.0
085461870968483,88001,1,5,2011,1.0,0.0
271381032709399,89001,1,5,2011,3.0,0.0
971173068909393,88001,1,5,2011,1.0,0.0
197761709050763,89001,1,5,2011,2.0,0.0
757419310209101,89001,1,5,2011,1.0,0.0
899230793240911,89001,1,5,2011,2.0,0.0
175948502061929,88002,1,5,2011,,
954099849129640,89001,2,5,2011,3.0,0.0
049912200785693,89001,2,5,2011,3.0,0.0
030862210983096,89001,1,5,2011,3.0,0.0
201603082999851,89001,2,5,2011,2.0,0.0
820209958036792,88001,1,5,2011,1.0,0.0
640940074321149,89001,1,5,2011,2.0,0.0
711034807289000,88001,2,5,2011,1.0,0.0
910941096721219,89001,1,5,2011,2.0,0.0
010295189500866,89001,2,5,2011,2.0,0.0
626779780479209,88001,1,5,2011,1.0,0.0
002909162998096,89001,2,5,2011,,
039412870964095,88001,3,5,2011,1.0,0.0
960177008028610,88001,1,5,2011,1.0,0.0
099060133740913,89001,1,5,2011,2.0,0.0
099060133740913,89001,2,5,2011,2.0,0.0
910924099331609,89001,1,5,2011,2.0,0.0
133690420110306,89001,1,5,2011,2.0,0.0
913499410617303,89001,1,5,2011,2.0,0.0
395952100059499,89001,2,5,2011,3.0,0.0
395962709066407,89001,1,5,2011,3.0,1.0
085093860983199,88001,1,5,2011,1.0,0.0
508906503792946,88001,1,5,2011,1.0,0.0
830609972548371,88001,1,5,2011,1.0,0.0
095086132320800,89001,1,5,2011,3.0,0.0
130609907581660,89001,1,5,2011,,
663398068907997,88001,1,5,2011,1.0,0.0
724393379700738,89001,1,5,2011,3.0,0.0
917519010569300,89001,2,5,2011,1.0,0.0
301905263893709,89001,1,5,2011,2.0,0.0
393932048907196,88001,2,5,2011,1.0,0.0
408601753990339,88001,2,5,2011,1.0,0.0
859529820489309,89001,1,5,2011,3.0,0.0
859529820489309,89001,2,5,2011,3.0,0.0
366972807057949,89001,2,5,2011,3.0,0.0
026495579000987,89001,2,5,2011,3.0,0.0
508607404998780,88001,1,5,2011,1.0,1.0
933052394429930,89001,1,5,2011,,
299570717440624,89001,2,5,2011,3.0,0.0
066444840905198,88001,1,5,2011,1.0,1.0
840509979907690,88001,1,5,2011,1.0,0.0
401009774109465,89001,2,5,2011,2.0,0.0
813406420700155,89001,1,5,2011,2.0,0.0
150974066548559,88001,2,5,2011,1.0,0.0
840809966498177,88001,1,5,2011,1.0,0.0
062334180920794,89001,2,5,2011,2.0,0.0
899580910570684,88001,2,5,2011,1.0,0.0
080184180991592,89001,1,5,2011,2.0,0.0
617028932419460,89001,2,5,2011,2.0,1.0
924494899800947,89001,2,5,2011,3.0,0.0
960794580626507,88001,2,5,2011,1.0,0.0
150000095685916,89001,1,5,2011,2.0,0.0
319598409000831,89001,1,5,2011,2.0,0.0
960938092651859,89001,1,5,2011,2.0,0.0
500840068252949,89001,2,5,2011,2.0,0.0
208903085999855,88001,1,5,2011,1.0,0.0
945629510849508,89001,2,5,2011,2.0,0.0
699120186570615,89001,1,5,2011,2.0,0.0
808602175990806,88001,1,5,2011,1.0,0.0
966179320786503,89001,1,5,2011,3.0,0.0
269000144660920,89001,1,6,2011,2.0,1.0
619640114480920,89001,1,6,2011,2.0,0.0
960971041906497,89001,1,6,2011,,
090963708027636,89001,1,6,2011,3.0,1.0
712092567600843,89001,2,6,2011,1.0,0.0
730866091102409,89001,2,6,2011,2.0,0.0
709019963039490,89001,1,6,2011,3.0,0.0
029400364410911,89001,1,6,2011,1.0,1.0
099750666900911,89001,1,6,2011,1.0,0.0
099750666900911,89001,2,6,2011,1.0,0.0
944040213119060,89001,2,6,2011,1.0,0.0
035331220014003,89001,1,6,2011,2.0,0.0
069063149120170,89001,1,6,2011,1.0,0.0
069151150998299,89001,3,6,2011,1.0,0.0
925899610199105,89001,1,6,2011,1.0,0.0
271381032709399,89001,1,6,2011,2.0,0.0
739770560960921,89001,1,6,2011,2.0,0.0
197761709050763,89001,1,6,2011,1.0,0.0
401908451186387,89001,2,6,2011,1.0,0.0
500985092313219,89001,1,6,2011,3.0,1.0
982579830779205,89001,1,6,2011,3.0,1.0
640940074321149,89001,1,6,2011,1.0,0.0
910941096721219,89001,1,6,2011,1.0,0.0
991044989239270,89001,2,6,2011,3.0,1.0
721004941219350,89001,2,6,2011,1.0,1.0
010295189500866,89001,2,6,2011,1.0,0.0
639720642890922,89001,2,6,2011,2.0,0.0
979056970239950,89001,2,6,2011,3.0,0.0
837294129700623,89001,1,6,2011,3.0,0.0
917679730399201,89001,1,6,2011,3.0,1.0
086593110975297,89001,1,6,2011,1.0,0.0
395962709066407,89001,1,6,2011,2.0,1.0
500863092532519,89001,2,6,2011,2.0,0.0
746089930559300,89001,1,6,2011,,
095086132320800,89001,1,6,2011,2.0,0.0
724393379700738,89001,1,6,2011,2.0,0.0
799580727140633,89001,2,6,2011,3.0,1.0
980179005032790,89001,1,6,2011,2.0,0.0
786048886329420,89001,2,6,2011,2.0,0.0
077293390972799,89001,3,6,2011,3.0,1.0
301905263893709,89001,1,6,2011,1.0,0.0
580898092932549,89001,1,6,2011,2.0,1.0
366972807057949,89001,2,6,2011,2.0,0.0
499923202013026,89001,2,6,2011,3.0,0.0
026495579000987,89001,2,6,2011,2.0,0.0
452769510929400,89001,2,6,2011,1.0,1.0
702906594998082,89001,3,6,2011,2.0,0.0
752044930419440,89001,2,6,2011,1.0,0.0
401009774109465,89001,2,6,2011,1.0,0.0
140706924344095,89001,2,6,2011,1.0,0.0
278059830369405,89001,1,6,2011,3.0,1.0
708308110389405,89001,2,6,2011,1.0,0.0
918298830169404,89001,2,6,2011,3.0,1.0
080184180991592,89001,1,6,2011,1.0,0.0
617028932419460,89001,2,6,2011,1.0,1.0
924494899800947,89001,2,6,2011,2.0,0.0
005725300993398,89001,2,6,2011,3.0,1.0
319598409000831,89001,1,6,2011,1.0,0.0
015265110997896,89001,2,6,2011,1.0,0.0
561349720409503,89001,1,6,2011,2.0,1.0
500840068252949,89001,2,6,2011,1.0,0.0
945629510849508,89001,2,6,2011,1.0,0.0
926459830716507,89001,2,6,2011,3.0,1.0
510365013001006,89001,1,7,2011,2.0,1.0
870625079204249,89001,2,7,2011,3.0,0.0
236006300600100,89001,1,7,2011,2.0,0.0
300600028055718,89001,2,7,2011,2.0,0.0
619640114480920,89001,1,7,2011,1.0,0.0
000012807008622,89001,2,7,2011,1.0,0.0
730866091102409,89001,2,7,2011,1.0,0.0
087610460982290,89001,1,7,2011,3.0,0.0
290570064907995,89001,2,7,2011,3.0,0.0
709019963039490,89001,1,7,2011,2.0,0.0
910160103000140,89001,1,7,2011,3.0,1.0
010460455040041,89001,2,7,2011,3.0,1.0
035331220014003,89001,1,7,2011,1.0,0.0
069063149120170,89001,1,7,2011,,
402909771999463,89001,3,7,2011,1.0,0.0
271381032709399,89001,1,7,2011,1.0,0.0
410709983217744,89001,2,7,2011,3.0,0.0
198902504039889,89001,1,7,2011,1.0,0.0
002905551991398,89001,1,7,2011,1.0,0.0
681139093908091,89001,1,7,2011,2.0,0.0
681139093908091,89001,2,7,2011,2.0,0.0
191147024909775,89001,1,7,2011,,
602150014909590,89001,2,7,2011,3.0,0.0
057052141220340,89001,1,7,2011,1.0,1.0
991044989239270,89001,2,7,2011,2.0,1.0
352615013908299,89001,1,7,2011,2.0,1.0
252107022907497,89001,2,7,2011,1.0,0.0
745239530779209,89001,2,7,2011,2.0,0.0
639720642890922,89001,1,7,2011,1.0,0.0
639720642890922,89001,2,7,2011,1.0,0.0
979056970239950,89001,2,7,2011,2.0,0.0
837294129700623,89001,1,7,2011,2.0,0.0
430986095723129,89001,1,7,2011,2.0,1.0
055692290980890,89001,1,7,2011,1.0,0.0
692051034909791,89001,1,7,2011,3.0,1.0
430009938845694,89001,2,7,2011,3.0,1.0
369350246710723,89001,2,7,2011,1.0,1.0
395962709066407,89001,1,7,2011,1.0,1.0
397924007061429,89001,1,7,2011,3.0,0.0
397924007061429,89001,2,7,2011,3.0,0.0
549780093250933,89001,1,7,2011,2.0,0.0
549780093250933,89001,2,7,2011,2.0,0.0
361934305045579,89001,2,7,2011,2.0,0.0
952036703339560,89001,2,7,2011,2.0,0.0
404901973794747,89001,2,7,2011,3.0,1.0
480973095733649,89001,2,7,2011,2.0,1.0
724393379700738,89001,1,7,2011,1.0,0.0
980179005032790,89001,1,7,2011,1.0,0.0
077293390972799,89001,3,7,2011,2.0,1.0
993208092909760,89001,1,7,2011,1.0,1.0
993208092909760,89001,2,7,2011,1.0,1.0
366972807057949,89001,2,7,2011,1.0,0.0
070107007242370,89001,2,7,2011,1.0,0.0
499923202013026,89001,2,7,2011,2.0,0.0
026495579000987,89001,2,7,2011,1.0,0.0
114471044909271,89001,2,7,2011,3.0,0.0
702906594998082,89001,3,7,2011,1.0,0.0
976085870429700,89001,2,7,2011,1.0,1.0
495964709066509,89001,2,7,2011,3.0,0.0
240673099544969,89001,1,7,2011,3.0,0.0
023400810800453,89001,1,7,2011,1.0,1.0
584855094909996,89001,2,7,2011,3.0,1.0
925498429800705,89001,5,7,2011,1.0,0.0
241494749800957,89001,2,7,2011,3.0,0.0
924494899800947,89001,2,7,2011,1.0,0.0
009665400982196,89001,1,7,2011,3.0,0.0
101020140540810,89001,2,7,2011,3.0,0.0
634051918544340,89001,1,7,2011,2.0,0.0
042335430919395,89001,3,7,2011,3.0,0.0
023593769300914,89001,1,7,2011,1.0,1.0
310934099653619,89001,1,7,2011,2.0,1.0
086055230115309,89001,1,7,2011,1.0,0.0
567974208051499,89001,1,7,2011,3.0,1.0
500840068252949,89001,2,7,2011,,
332590679500842,89001,3,7,2011,2.0,1.0
450509987320494,89001,2,7,2011,3.0,0.0
926459830716507,89001,2,7,2011,2.0,1.0
954081922059020,89001,1,8,2011,3.0,0.0
510365013001006,89001,1,8,2011,1.0,1.0
870625079204249,89001,2,8,2011,2.0,0.0
097905404036568,89001,1,8,2011,3.0,0.0
160389025906294,89001,1,8,2011,3.0,1.0
236006300600100,89001,1,8,2011,1.0,0.0
300600028055718,89001,2,8,2011,1.0,0.0
087610460982290,89001,1,8,2011,2.0,0.0
504706130496429,89001,1,8,2011,2.0,0.0
910160103000140,89001,1,8,2011,2.0,1.0
745193599200979,89001,2,8,2011,2.0,0.0
399000066270951,89001,2,8,2011,3.0,1.0
705608111991023,89001,1,8,2011,3.0,1.0
410709983217744,89001,2,8,2011,2.0,0.0
681139093908091,89001,1,8,2011,1.0,0.0
681139093908091,89001,2,8,2011,1.0,0.0
602150014909590,89001,2,8,2011,2.0,0.0
699001973259030,89001,1,8,2011,3.0,0.0
082642520994093,89001,2,8,2011,3.0,0.0
005005292109102,89001,2,8,2011,3.0,0.0
750276979400856,89001,1,8,2011,3.0,1.0
991044989239270,89001,2,8,2011,1.0,1.0
420409931112498,89001,3,8,2011,2.0,1.0
043182450958599,89001,1,8,2011,2.0,0.0
320509913127584,89001,2,8,2011,1.0,1.0
922066794259580,89001,2,8,2011,3.0,1.0
145273309700952,89001,2,8,2011,2.0,1.0
405704092891537,89001,1,8,2011,3.0,0.0
837294129700623,89001,1,8,2011,1.0,0.0
803016065908994,89001,1,8,2011,3.0,1.0
705902573391752,89001,1,8,2011,3.0,1.0
643139540679302,89001,1,8,2011,2.0,0.0
430409908651640,89001,1,8,2011,2.0,1.0
499050847030953,89001,3,8,2011,3.0,1.0
549780093250933,89001,1,8,2011,1.0,0.0
549780093250933,89001,2,8,2011,1.0,0.0
361934305045579,89001,2,8,2011,1.0,0.0
930075941359630,89001,1,8,2011,3.0,0.0
909006801349190,89001,1,8,2011,2.0,1.0
952036703339560,89001,2,8,2011,1.0,0.0
308095203092651,89001,1,8,2011,1.0,1.0
062313570997991,89001,2,8,2011,3.0,0.0
480973095733649,89001,2,8,2011,1.0,1.0
009393570997490,89001,2,8,2011,3.0,0.0
972027977359200,89001,1,8,2011,2.0,0.0
968008952359410,89001,2,8,2011,3.0,1.0
084313380994691,89001,2,8,2011,1.0,0.0
499923202013026,89001,2,8,2011,1.0,0.0
905006634103321,89001,1,8,2011,3.0,1.0
015754440980994,89001,1,8,2011,2.0,1.0
403905164194864,89001,2,8,2011,1.0,1.0
954004944459650,89001,1,8,2011,3.0,1.0
495964709066509,89001,2,8,2011,2.0,0.0
652096997459450,89001,2,8,2011,3.0,1.0
923076952459120,89001,3,8,2011,3.0,1.0
584855094909996,89001,2,8,2011,2.0,1.0
241494749800957,89001,2,8,2011,2.0,0.0
340900089450518,89001,2,8,2011,,
652040983539510,89001,1,8,2011,1.0,1.0
101020140540810,89001,2,8,2011,2.0,0.0
790049130759505,89001,2,8,2011,1.0,1.0
634051918544340,89001,1,8,2011,1.0,0.0
558509970400114,89001,2,8,2011,3.0,0.0
332590679500842,89001,3,8,2011,1.0,1.0
450509987320494,89001,2,8,2011,2.0,0.0
954081922059020,89001,1,9,2011,2.0,0.0
870625079204249,89001,2,9,2011,1.0,0.0
097905404036568,89001,1,9,2011,2.0,0.0
160389025906294,89001,1,9,2011,2.0,1.0
087610460982290,89001,1,9,2011,1.0,0.0
830982072905799,89001,2,9,2011,2.0,0.0
290570064907995,89001,2,9,2011,1.0,0.0
041030690966999,89001,1,9,2011,3.0,0.0
600909902188679,89001,1,9,2011,3.0,0.0
910160103000140,89001,1,9,2011,1.0,1.0
069650059270761,89001,2,9,2011,3.0,1.0
940071147169550,89001,3,9,2011,3.0,0.0
521389016909795,89001,1,9,2011,3.0,0.0
050781620933490,89001,1,9,2011,3.0,0.0
269710085600961,89001,2,9,2011,3.0,0.0
745193599200979,89001,2,9,2011,1.0,0.0
705608111991023,89001,1,9,2011,2.0,1.0
761139006909792,89001,1,9,2011,3.0,0.0
410709983217744,89001,2,9,2011,1.0,0.0
669197749700952,89001,2,9,2011,3.0,0.0
850807072426169,89001,1,9,2011,1.0,0.0
602150014909590,89001,2,9,2011,1.0,0.0
699001973259030,89001,1,9,2011,2.0,0.0
082642520994093,89001,2,9,2011,2.0,0.0
005005292109102,89001,2,9,2011,2.0,0.0
933524160816200,89001,2,9,2011,3.0,0.0
043182450958599,89001,1,9,2011,1.0,0.0
589020124860962,89001,1,9,2011,3.0,0.0
405704092891537,89001,1,9,2011,2.0,0.0
160873076226469,89001,1,9,2011,3.0,1.0
480902067335519,89001,1,9,2011,2.0,1.0
505600453890890,89001,1,9,2011,2.0,0.0
199550123750953,89001,2,9,2011,2.0,0.0
044042313360060,89001,1,9,2011,3.0,0.0
252399349200105,89001,1,9,2011,2.0,0.0
399300765540953,89001,1,9,2011,2.0,0.0
397924007061429,89001,1,9,2011,1.0,0.0
479860414650953,89001,2,9,2011,2.0,0.0
361934305045579,89001,2,9,2011,,
930075941359630,89001,1,9,2011,2.0,0.0
906607983990596,89001,2,9,2011,3.0,0.0
062313570997991,89001,2,9,2011,2.0,0.0
009393570997490,89001,2,9,2011,2.0,0.0
972027977359200,89001,1,9,2011,1.0,0.0
983705076909062,89001,2,9,2011,3.0,0.0
059413690961991,89001,2,9,2011,3.0,0.0
076003490689194,89001,1,9,2011,1.0,1.0
464476919000919,89001,1,9,2011,3.0,0.0
114471044909271,89001,2,9,2011,1.0,0.0
992062784459750,89001,1,9,2011,2.0,0.0
998054106469810,89001,1,9,2011,3.0,0.0
495964709066509,89001,2,9,2011,1.0,0.0
995779050279408,89001,2,9,2011,,
923076952459120,89001,3,9,2011,2.0,1.0
240673099544969,89001,1,9,2011,1.0,0.0
241494749800957,89001,2,9,2011,1.0,0.0
340494859800990,89001,4,9,2011,1.0,0.0
988959550579409,89001,1,9,2011,2.0,0.0
150270560770501,89001,1,9,2011,3.0,0.0
505074035908392,89001,3,9,2011,2.0,0.0
634051918544340,89001,1,9,2011,,
042335430919395,89001,3,9,2011,1.0,0.0
558509970400114,89001,2,9,2011,2.0,0.0
954081922059020,89001,1,10,2011,1.0,0.0
097905404036568,89001,1,10,2011,1.0,0.0
120660099706769,89001,2,10,2011,,
700609949252366,89001,1,10,2011,3.0,0.0
946369970329002,89001,2,10,2011,2.0,0.0
160387057906798,89001,2,10,2011,3.0,1.0
000984076607309,89001,2,10,2011,3.0,0.0
830982072905799,89001,2,10,2011,1.0,0.0
928109370479002,89001,1,10,2011,3.0,0.0
041030690966999,89001,1,10,2011,2.0,0.0
600909902188679,89001,1,10,2011,2.0,0.0
069650059270761,89001,2,10,2011,2.0,1.0
178790735590951,89001,2,10,2011,1.0,0.0
940071147169550,89001,3,10,2011,2.0,0.0
013291720975699,89001,2,10,2011,3.0,1.0
292829870569106,89001,1,10,2011,2.0,0.0
521389016909795,89001,1,10,2011,2.0,0.0
050781620933490,89001,1,10,2011,2.0,0.0
973859170589109,89001,2,10,2011,3.0,0.0
705608111991023,89001,1,10,2011,1.0,1.0
190967404034518,89001,1,10,2011,3.0,0.0
007906911193945,89001,3,10,2011,,
192907607096590,89001,4,10,2011,3.0,0.0
607909071099625,89001,2,10,2011,3.0,0.0
104076502052652,89001,1,10,2011,2.0,0.0
761139006909792,89001,1,10,2011,2.0,0.0
669197749700952,89001,2,10,2011,2.0,0.0
390989099917199,89001,1,10,2011,3.0,0.0
999210012600971,89001,2,10,2011,3.0,0.0
007102712106921,89001,2,10,2011,3.0,1.0
699001973259030,89001,1,10,2011,1.0,0.0
082642520994093,89001,2,10,2011,1.0,0.0
005005292109102,89001,2,10,2011,1.0,0.0
933524160816200,89001,2,10,2011,2.0,0.0
589020124860962,89001,1,10,2011,2.0,0.0
599980725580972,89001,1,10,2011,3.0,0.0
926719270469200,89001,1,10,2011,3.0,0.0
907859870949203,89001,1,10,2011,3.0,0.0
034372580992794,89001,1,10,2011,1.0,0.0
630995094027879,89001,1,10,2011,3.0,1.0
480902067335519,89001,1,10,2011,1.0,1.0
505600453890890,89001,1,10,2011,1.0,0.0
730209958698185,89001,1,10,2011,3.0,1.0
044042313360060,89001,1,10,2011,2.0,0.0
252399349200105,89001,1,10,2011,1.0,0.0
399300765540953,89001,1,10,2011,1.0,0.0
963029470179304,89001,2,10,2011,3.0,0.0
964359370829309,89001,1,10,2011,3.0,0.0
930075941359630,89001,1,10,2011,1.0,0.0
906607983990596,89001,2,10,2011,2.0,0.0
607900523895387,89001,1,10,2011,3.0,0.0
062313570997991,89001,2,10,2011,1.0,0.0
972027977359200,89001,1,10,2011,,
983705076909062,89001,2,10,2011,2.0,0.0
059413690961991,89001,2,10,2011,2.0,0.0
464476919000919,89001,1,10,2011,2.0,0.0
971939650719406,89001,1,10,2011,1.0,1.0
971939650719406,89001,2,10,2011,1.0,1.0
992062784459750,89001,1,10,2011,1.0,0.0
070422096947969,89001,1,10,2011,3.0,0.0
824845047908191,89001,2,10,2011,3.0,0.0
998054106469810,89001,1,10,2011,2.0,0.0
492906607096599,89001,3,10,2011,2.0,1.0
265463799600900,89001,1,10,2011,,
923076952459120,89001,3,10,2011,1.0,1.0
774144057909668,89001,2,10,2011,3.0,0.0
384973087001601,89001,1,10,2011,3.0,0.0
805901294898538,89001,1,10,2011,1.0,0.0
899280554280974,89001,1,10,2011,3.0,0.0
988959550579409,89001,1,10,2011,1.0,0.0
150270560770501,89001,1,10,2011,2.0,0.0
505074035908392,89001,3,10,2011,1.0,0.0
199320794050975,89001,2,10,2011,3.0,0.0
558509970400114,89001,2,10,2011,1.0,0.0
579907707060596,89001,3,10,2011,1.0,0.0
953508700500107,89001,1,10,2011,1.0,0.0
594220989370665,89001,1,10,2011,2.0,1.0
600506995685996,89001,2,11,2011,1.0,0.0
050862098608998,89001,2,11,2011,3.0,0.0
000984076607309,89001,2,11,2011,2.0,0.0
430889099606429,89001,1,11,2011,1.0,0.0
700801092216317,89001,2,11,2011,2.0,1.0
928109370479002,89001,1,11,2011,2.0,0.0
041030690966999,89001,1,11,2011,1.0,0.0
600909902188679,89001,1,11,2011,1.0,0.0
047531810950281,89001,1,11,2011,2.0,1.0
177540572250771,89001,4,11,2011,1.0,0.0
940071147169550,89001,3,11,2011,1.0,0.0
521389016909795,89001,1,11,2011,1.0,0.0
107907701591822,89001,2,11,2011,2.0,0.0
900930091917889,89001,2,11,2011,2.0,0.0
931805057001306,89001,2,11,2011,1.0,0.0
973859170589109,89001,2,11,2011,2.0,0.0
190967404034518,89001,1,11,2011,2.0,0.0
192907607096590,89001,2,11,2011,2.0,0.0
192907607096590,89001,4,11,2011,2.0,0.0
104076502052652,89001,1,11,2011,1.0,0.0
761139006909792,89001,1,11,2011,1.0,0.0
117760360390103,89001,1,11,2011,1.0,0.0
707908351699157,89001,2,11,2011,2.0,0.0
707908351699157,89001,3,11,2011,2.0,0.0
271633058909991,89001,1,11,2011,3.0,0.0
669197749700952,89001,2,11,2011,1.0,0.0
077048106180430,89001,2,11,2011,3.0,0.0
999210012600971,89001,2,11,2011,2.0,0.0
408908962991221,89001,2,11,2011,3.0,0.0
092192820982590,89001,2,11,2011,3.0,0.0
631003901284600,89001,2,11,2011,3.0,0.0
933524160816200,89001,2,11,2011,1.0,0.0
042595018907995,89001,1,11,2011,3.0,0.0
054182640111107,89001,3,11,2011,1.0,0.0
038732850981697,89001,1,11,2011,3.0,0.0
907859870949203,89001,1,11,2011,2.0,0.0
744042613388060,89001,2,11,2011,3.0,0.0
004433620161604,89001,2,11,2011,1.0,0.0
044042313360060,89001,1,11,2011,1.0,0.0
893039380667305,89001,2,11,2011,3.0,0.0
963029470179304,89001,2,11,2011,2.0,0.0
021483860019507,89001,2,11,2011,3.0,0.0
906607983990596,89001,2,11,2011,1.0,0.0
607900523895387,89001,1,11,2011,2.0,0.0
059413690961991,89001,2,11,2011,1.0,0.0
830909926708542,89001,2,11,2011,3.0,0.0
464476919000919,89001,1,11,2011,1.0,0.0
070422096947969,89001,1,11,2011,2.0,0.0
824845047908191,89001,2,11,2011,2.0,0.0
057714840782597,89001,1,11,2011,3.0,1.0
998054106469810,89001,1,11,2011,1.0,0.0
840409969410193,89001,2,11,2011,3.0,0.0
510090951220064,89001,2,11,2011,1.0,0.0
774144057909668,89001,2,11,2011,2.0,0.0
384973087001601,89001,1,11,2011,2.0,0.0
060382006348100,89001,1,11,2011,3.0,0.0
899280554280974,89001,1,11,2011,2.0,0.0
580461589800997,89001,2,11,2011,3.0,0.0
150270560770501,89001,1,11,2011,1.0,0.0
950101014556070,89001,2,11,2011,1.0,0.0
199320794050975,89001,2,11,2011,2.0,0.0
097105810016707,89001,1,11,2011,,
499470364030685,89001,1,11,2011,3.0,0.0
299920763450670,89001,1,12,2011,1.0,0.0
096911900074248,90001,2,12,2011,3.0,0.0
499760882610910,90001,2,12,2011,3.0,0.0
700609978592063,89001,2,12,2011,,
050862098608998,89001,2,12,2011,2.0,0.0
660180011408490,89001,1,12,2011,2.0,0.0
000984076607309,89001,2,12,2011,1.0,0.0
093260180994499,90001,1,12,2011,3.0,0.0
928109370479002,89001,1,12,2011,1.0,0.0
998749410289007,90001,1,12,2011,3.0,0.0
975049747019710,90001,1,12,2011,3.0,0.0
047531810950281,89001,1,12,2011,1.0,1.0
511647037901590,89001,1,12,2011,1.0,0.0
053641120970399,90001,1,12,2011,3.0,0.0
107907701591822,89001,2,12,2011,1.0,0.0
701902521390272,90001,1,12,2011,3.0,0.0
900930091917889,89001,2,12,2011,1.0,0.0
973859170589109,89001,2,12,2011,1.0,0.0
190967404034518,89001,1,12,2011,1.0,0.0
192907607096590,89001,2,12,2011,1.0,0.0
107051101028641,90001,2,12,2011,3.0,0.0
707908351699157,89001,2,12,2011,1.0,0.0
707908351699157,89001,3,12,2011,1.0,0.0
271633058909991,89001,1,12,2011,2.0,0.0
077048106180430,89001,2,12,2011,2.0,0.0
012105580900149,90001,3,12,2011,3.0,0.0
909919210229104,90001,2,12,2011,3.0,0.0
999210012600971,89001,2,12,2011,1.0,0.0
007102712106921,89001,2,12,2011,1.0,1.0
901034310456200,90001,2,12,2011,3.0,0.0
092192820982590,89001,2,12,2011,2.0,0.0
631003901284600,89001,2,12,2011,2.0,0.0
721004941219350,90001,2,12,2011,3.0,0.0
038732850981697,89001,1,12,2011,2.0,0.0
907859870949203,89001,1,12,2011,1.0,0.0
013203360700144,90001,2,12,2011,3.0,1.0
689060932319130,90001,1,12,2011,3.0,0.0
801904123594051,90001,1,12,2011,3.0,0.0
744042613388060,89001,2,12,2011,2.0,0.0
963029470179304,89001,2,12,2011,1.0,0.0
499150605600973,89001,9,12,2011,1.0,0.0
520180597600013,90001,2,12,2011,3.0,1.0
001905743899826,90001,4,12,2011,1.0,0.0
207905633699916,89001,1,12,2011,1.0,0.0
701004113107256,90001,2,12,2011,3.0,0.0
013364969600971,90001,1,12,2011,3.0,1.0
607900523895387,89001,1,12,2011,1.0,0.0
008901653999797,89001,1,12,2011,2.0,0.0
212308650700149,90001,2,12,2011,3.0,0.0
083212098909698,89001,1,12,2011,2.0,1.0
830909926708542,89001,2,12,2011,2.0,0.0
070422096947969,89001,1,12,2011,1.0,0.0
824845047908191,89001,2,12,2011,1.0,0.0
057714840782597,89001,1,12,2011,2.0,1.0
840409969410193,89001,2,12,2011,2.0,0.0
140700049252316,90001,1,12,2011,3.0,0.0
207904804892617,89001,1,12,2011,1.0,0.0
740709982329558,89001,2,12,2011,1.0,0.0
774144057909668,89001,2,12,2011,1.0,0.0
384973087001601,89001,1,12,2011,1.0,0.0
060382006348100,89001,1,12,2011,2.0,0.0
089078193480110,89001,1,12,2011,2.0,1.0
308900004990278,89001,1,12,2011,2.0,0.0
801007214100198,90001,2,12,2011,,
899280554280974,89001,1,12,2011,1.0,0.0
906068513489200,89001,1,12,2011,2.0,0.0
580461589800997,89001,2,12,2011,2.0,0.0
061064180692894,90001,2,12,2011,3.0,0.0
199320794050975,89001,2,12,2011,1.0,0.0
499470364030685,89001,1,12,2011,2.0,0.0
593918804001579,89001,1,12,2011,2.0,0.0
096911900074248,90001,2,1,2012,2.0,0.0
499760882610910,90001,2,1,2012,2.0,0.0
370960098401029,90001,1,1,2012,2.0,0.0
726249010589002,90001,2,1,2012,2.0,0.0
060719041901597,90001,2,1,2012,2.0,1.0
096721705042638,90001,1,1,2012,2.0,0.0
660180011408490,89001,1,1,2012,1.0,0.0
480089062909471,90001,1,1,2012,3.0,0.0
093260180994499,90001,1,1,2012,2.0,0.0
998749410289007,90001,1,1,2012,2.0,0.0
975049747019710,90001,1,1,2012,2.0,0.0
810007945302341,89001,2,1,2012,1.0,0.0
775041947119710,90001,1,1,2012,2.0,0.0
002006691205772,90001,2,1,2012,3.0,0.0
053641120970399,90001,1,1,2012,2.0,0.0
701902521390272,90001,1,1,2012,2.0,0.0
510930091511749,90001,1,1,2012,1.0,0.0
173740620890108,90001,1,1,2012,3.0,0.0
931163022909762,90001,1,1,2012,3.0,0.0
502905601995553,90001,1,1,2012,3.0,0.0
107051101028641,90001,2,1,2012,2.0,0.0
271633058909991,89001,1,1,2012,1.0,0.0
012105580900149,90001,3,1,2012,2.0,0.0
909919210229104,90001,2,1,2012,2.0,0.0
629260849000961,90001,1,1,2012,3.0,0.0
120000029537817,90001,1,1,2012,2.0,0.0
408908962991221,89001,2,1,2012,1.0,0.0
092192820982590,89001,2,1,2012,1.0,0.0
074182185280360,89001,2,1,2012,1.0,0.0
631003901284600,89001,2,1,2012,1.0,0.0
220409908651690,90001,2,1,2012,3.0,0.0
721004941219350,90001,2,1,2012,2.0,0.0
038732850981697,89001,1,1,2012,1.0,0.0
576459320509203,90001,1,1,2012,3.0,0.0
402904092991537,90001,1,1,2012,3.0,1.0
380802095432529,90001,1,1,2012,3.0,0.0
821579880567309,89001,2,1,2012,1.0,0.0
801904123594051,90001,1,1,2012,2.0,0.0
086993210016304,90001,1,1,2012,3.0,1.0
230109972089198,90001,2,1,2012,3.0,0.0
709012363329490,90001,2,1,2012,3.0,1.0
744042613388060,89001,2,1,2012,1.0,0.0
392902305043479,90001,2,1,2012,3.0,0.0
520180597600013,90001,2,1,2012,2.0,1.0
390961305075543,90001,2,1,2012,2.0,1.0
001905743899826,90001,4,1,2012,,
926028510499306,90001,1,1,2012,2.0,0.0
013364969600971,90001,1,1,2012,2.0,1.0
008901653999797,89001,1,1,2012,1.0,0.0
212308650700149,90001,2,1,2012,2.0,0.0
390962404034919,90001,1,1,2012,3.0,0.0
244033041908175,90001,2,1,2012,2.0,0.0
840409969410193,89001,2,1,2012,1.0,0.0
140700049252316,90001,1,1,2012,2.0,0.0
240809930429892,90001,1,1,2012,3.0,0.0
302905724999128,90001,1,1,2012,3.0,0.0
560287007241670,90001,2,1,2012,2.0,0.0
060382006348100,89001,1,1,2012,1.0,0.0
089078193480110,89001,1,1,2012,1.0,1.0
580461589800997,89001,2,1,2012,1.0,0.0
061064180692894,90001,2,1,2012,2.0,0.0
502608395996680,90001,1,1,2012,3.0,0.0
022596519400952,90001,1,1,2012,3.0,1.0
593918804001579,89001,1,1,2012,1.0,0.0
096911900074248,90001,2,2,2012,1.0,0.0
920536032907996,90001,1,2,2012,2.0,1.0
499760882610910,90001,2,2,2012,1.0,0.0
300609984872988,90001,1,2,2012,3.0,0.0
370960098401029,90001,1,2,2012,1.0,0.0
660545083604793,90001,1,2,2012,3.0,0.0
726249010589002,90001,2,2,2012,1.0,0.0
002013906037621,90001,2,2,2012,3.0,0.0
096721705042638,90001,1,2,2012,1.0,0.0
716096149600830,90002,2,2,2012,1.0,0.0
480089062909471,90001,1,2,2012,2.0,0.0
093260180994499,90001,1,2,2012,1.0,0.0
998749410289007,90001,1,2,2012,1.0,0.0
975049747019710,90001,1,2,2012,1.0,0.0
250270530770101,90001,1,2,2012,1.0,0.0
129540572250931,90001,2,2,2012,3.0,1.0
775041947119710,90001,1,2,2012,1.0,0.0
053641120970399,90001,1,2,2012,1.0,0.0
701902521390272,90001,1,2,2012,1.0,0.0
703900061597382,90001,1,2,2012,3.0,0.0
510930091511749,90001,1,2,2012,,
931163022909762,90001,1,2,2012,2.0,0.0
502905601995553,90001,1,2,2012,2.0,0.0
107051101028641,90001,2,2,2012,1.0,0.0
012105580900149,90001,3,2,2012,1.0,0.0
169443903062949,90001,2,2,2012,3.0,0.0
629260849000961,90001,1,2,2012,2.0,0.0
722292569000943,90001,2,2,2012,2.0,0.0
120000029537817,90001,1,2,2012,1.0,0.0
901034310456200,90001,2,2,2012,1.0,0.0
260938061422954,90001,1,2,2012,2.0,0.0
220409908651690,90001,2,2,2012,2.0,0.0
242381033905399,90001,2,2,2012,3.0,1.0
721004941219350,90001,2,2,2012,1.0,0.0
576459320509203,90001,1,2,2012,2.0,0.0
402904092991537,90001,1,2,2012,2.0,1.0
928217610700156,90001,2,2,2012,2.0,0.0
202903082999858,90001,1,2,2012,,
928078904239030,90001,1,2,2012,3.0,0.0
729359310679201,90001,1,2,2012,1.0,1.0
380802095432529,90001,1,2,2012,2.0,0.0
801904123594051,90001,1,2,2012,1.0,0.0
926028510499306,90001,1,2,2012,1.0,0.0
699780514570633,90001,2,2,2012,3.0,1.0
212308650700149,90001,2,2,2012,1.0,0.0
799110928240633,90001,1,2,2012,3.0,0.0
682058907339850,90001,1,2,2012,3.0,0.0
736390679800849,90001,1,2,2012,3.0,0.0
244033041908175,90001,2,2,2012,1.0,0.0
711015926439000,90001,2,2,2012,3.0,0.0
002703164999915,90001,1,2,2012,2.0,1.0
599210498600734,90001,1,2,2012,3.0,0.0
140700049252316,90001,1,2,2012,1.0,0.0
240809930429892,90001,1,2,2012,2.0,0.0
302905724999128,90001,1,2,2012,2.0,0.0
560287007241670,90001,2,2,2012,1.0,0.0
061064180692894,90001,2,2,2012,1.0,0.0
053315200699891,90001,2,2,2012,2.0,0.0
502608395996680,90001,1,2,2012,2.0,0.0
677080813514360,90001,1,2,2012,1.0,1.0
077165230012200,90001,1,2,2012,2.0,0.0
022596519400952,90001,1,2,2012,2.0,1.0
901909245892535,90001,1,2,2012,1.0,0.0
985005983539400,90001,1,2,2012,3.0,1.0
542096259100754,90001,2,3,2012,3.0,0.0
242099349100905,90001,1,3,2012,3.0,0.0
400209987202798,90001,1,3,2012,3.0,0.0
080524090504959,90001,2,3,2012,3.0,0.0
094834901061469,90001,1,3,2012,3.0,0.0
300609984872988,90001,1,3,2012,2.0,0.0
660545083604793,90001,1,3,2012,2.0,0.0
170860098004287,90001,2,3,2012,3.0,1.0
090914405001639,90001,2,3,2012,3.0,0.0
480089062909471,90001,1,3,2012,1.0,0.0
043200490785992,90001,2,3,2012,3.0,1.0
960993073503069,90001,2,3,2012,1.0,0.0
004431200761694,90001,1,3,2012,1.0,1.0
004431200761694,90001,2,3,2012,1.0,1.0
250270530770101,90001,1,3,2012,,
281910540330101,90001,1,3,2012,3.0,0.0
703900061597382,90001,1,3,2012,2.0,0.0
731521074909765,90001,1,3,2012,3.0,0.0
931163022909762,90001,1,3,2012,1.0,0.0
194993901030560,90001,6,3,2012,2.0,1.0
079051270016607,90001,2,3,2012,1.0,0.0
778380644580931,90001,1,3,2012,2.0,0.0
147193558700298,90001,2,3,2012,3.0,0.0
040194799800919,90001,1,3,2012,3.0,0.0
169443903062949,90001,2,3,2012,2.0,0.0
802624014909397,90001,2,3,2012,3.0,1.0
629260849000961,90001,1,3,2012,1.0,0.0
722292569000943,90001,2,3,2012,1.0,0.0
420106964277599,90001,2,3,2012,3.0,0.0
304604782993602,90001,2,3,2012,3.0,1.0
322743094909594,90001,1,3,2012,3.0,0.0
350926091523609,90001,1,3,2012,2.0,0.0
260938061422954,90001,1,3,2012,1.0,0.0
220409908651690,90001,2,3,2012,1.0,0.0
964159030919206,90001,1,3,2012,2.0,0.0
576459320509203,90001,1,3,2012,1.0,0.0
402904092991537,90001,1,3,2012,1.0,1.0
057452380992092,90001,1,3,2012,2.0,0.0
928078904239030,90001,1,3,2012,2.0,0.0
692051034909791,90001,2,3,2012,2.0,0.0
380802095432529,90001,1,3,2012,1.0,0.0
602702233790561,90001,1,3,2012,1.0,0.0
709012363329490,90001,2,3,2012,1.0,1.0
919094885329620,90001,2,3,2012,1.0,0.0
615459740749307,90001,1,3,2012,3.0,0.0
799110928240633,90001,1,3,2012,2.0,0.0
682058907339850,90001,1,3,2012,2.0,0.0
736390679800849,90001,1,3,2012,2.0,0.0
059863490016206,90001,2,3,2012,,
845494619100928,90001,1,3,2012,3.0,1.0
279390150550934,90001,1,3,2012,2.0,0.0
909062639449110,90001,1,3,2012,3.0,0.0
641494569200959,90001,1,3,2012,3.0,0.0
033534440011208,90001,2,3,2012,3.0,0.0
711015926439000,90001,2,3,2012,2.0,0.0
102704874995105,90001,1,3,2012,1.0,0.0
599210498600734,90001,1,3,2012,2.0,0.0
804706074996155,90001,2,3,2012,2.0,0.0
202904294998308,90001,2,3,2012,,
240809930429892,90001,1,3,2012,1.0,0.0
302905724999128,90001,1,3,2012,1.0,0.0
405064300029882,90001,2,3,2012,3.0,0.0
502608395996680,90001,1,3,2012,1.0,0.0
522565529000999,90001,1,3,2012,1.0,0.0
087495410982292,90001,1,3,2012,3.0,0.0
542096259100754,90001,2,4,2012,2.0,0.0
242099349100905,90001,1,4,2012,2.0,0.0
400209987202798,90001,1,4,2012,2.0,0.0
400400092216347,90001,1,4,2012,2.0,0.0
094834901061469,90001,1,4,2012,2.0,0.0
955025728059750,90001,1,4,2012,3.0,0.0
599630544390630,90002,2,4,2012,1.0,0.0
300609984872988,90001,1,4,2012,1.0,0.0
660545083604793,90001,1,4,2012,1.0,0.0
905046970059730,90001,1,4,2012,3.0,0.0
959090077600618,90001,1,4,2012,3.0,0.0
090914405001639,90001,2,4,2012,2.0,0.0
041630590790697,90001,1,4,2012,3.0,0.0
082301410785987,90001,1,4,2012,2.0,0.0
731521074909765,90001,1,4,2012,2.0,0.0
778380644580931,90001,1,4,2012,1.0,0.0
904067707159880,90001,2,4,2012,3.0,0.0
071152083908694,90001,2,4,2012,1.0,0.0
147193558700298,90001,2,4,2012,2.0,0.0
779930015260951,90001,2,4,2012,3.0,0.0
047531570990291,90001,1,4,2012,3.0,0.0
879670582040951,90001,2,4,2012,3.0,0.0
999820524080951,90001,1,4,2012,1.0,0.0
169443903062949,90001,2,4,2012,1.0,0.0
910399150069209,90001,2,4,2012,3.0,0.0
420106964277599,90001,2,4,2012,2.0,0.0
612522065001619,90001,1,4,2012,2.0,0.0
304604782993602,90001,2,4,2012,2.0,1.0
322743094909594,90001,1,4,2012,2.0,0.0
399280695680752,90001,2,4,2012,2.0,0.0
932606074909665,90001,1,4,2012,2.0,0.0
520307954572582,90001,1,4,2012,3.0,0.0
747063738259390,90001,2,4,2012,3.0,0.0
964159030919206,90001,1,4,2012,1.0,0.0
505006122100934,90001,1,4,2012,3.0,1.0
462056035906993,90001,2,4,2012,3.0,1.0
520707953409184,90001,1,4,2012,3.0,0.0
203703252894767,90001,2,4,2012,1.0,0.0
420709910201691,90001,2,4,2012,2.0,0.0
057452380992092,90001,1,4,2012,1.0,0.0
928078904239030,90001,1,4,2012,1.0,0.0
204025904098931,90001,2,4,2012,1.0,1.0
294923904098938,90001,1,4,2012,1.0,0.0
443613043908490,90001,1,4,2012,1.0,1.0
605909073599624,90001,2,4,2012,3.0,0.0
615459740749307,90001,1,4,2012,2.0,0.0
463837055906492,90001,1,4,2012,3.0,0.0
690764090935929,90001,1,4,2012,3.0,0.0
799110928240633,90001,1,4,2012,1.0,0.0
948057978359350,90001,2,4,2012,3.0,0.0
682058907339850,90001,1,4,2012,1.0,0.0
736390679800849,90001,1,4,2012,1.0,0.0
804415045001100,90001,1,4,2012,3.0,0.0
845494619100928,90001,1,4,2012,2.0,1.0
279390150550934,90001,1,4,2012,1.0,0.0
909062639449110,90001,1,4,2012,2.0,0.0
641494569200959,90001,1,4,2012,2.0,0.0
033534440011208,90001,2,4,2012,2.0,0.0
711015926439000,90001,2,4,2012,1.0,0.0
599210498600734,90001,1,4,2012,1.0,0.0
804706074996155,90001,2,4,2012,1.0,0.0
705907604892517,90001,2,4,2012,3.0,0.0
405064300029882,90001,2,4,2012,2.0,0.0
484653013005901,90001,2,4,2012,1.0,0.0
951401680800342,90001,1,4,2012,3.0,0.0
400489096445699,90001,1,4,2012,3.0,0.0
087495410982292,90001,1,4,2012,2.0,0.0
083825330997994,90001,1,4,2012,1.0,1.0
542096259100754,90001,2,5,2012,1.0,0.0
242099349100905,90001,1,5,2012,1.0,0.0
400209987202798,90001,1,5,2012,1.0,0.0
400400092216347,90001,1,5,2012,1.0,0.0
094834901061469,90001,1,5,2012,1.0,0.0
044410660998166,90001,1,5,2012,3.0,0.0
056489360769005,90001,2,5,2012,3.0,0.0
061092619600932,90001,1,5,2012,2.0,0.0
606903440996006,90001,4,5,2012,3.0,0.0
959090077600618,90001,1,5,2012,2.0,0.0
077026176040640,90001,1,5,2012,1.0,0.0
090914405001639,90001,2,5,2012,1.0,0.0
660536045908598,90001,1,5,2012,2.0,0.0
180542036909197,90001,2,5,2012,3.0,0.0
188910540331001,90001,1,5,2012,1.0,0.0
850449660509104,90001,2,5,2012,3.0,0.0
082301410785987,90001,1,5,2012,1.0,0.0
731521074909765,90001,1,5,2012,1.0,0.0
904067707159880,90001,2,5,2012,2.0,0.0
147193558700298,90001,2,5,2012,1.0,0.0
193934504009759,90001,2,5,2012,1.0,0.0
406901801998377,90001,2,5,2012,2.0,0.0
779930015260951,90001,2,5,2012,2.0,0.0
845194619700928,90001,2,5,2012,1.0,0.0
581464086909694,90001,2,5,2012,3.0,0.0
899310107650951,90001,1,5,2012,2.0,0.0
961173149900966,90001,2,5,2012,3.0,0.0
910399150069209,90001,2,5,2012,2.0,0.0
275956506050129,90001,1,5,2012,3.0,1.0
420106964277599,90001,2,5,2012,1.0,0.0
322743094909594,90001,1,5,2012,1.0,0.0
399280695680752,90001,2,5,2012,1.0,0.0
520307954572582,90001,1,5,2012,2.0,0.0
177084113240360,90001,1,5,2012,1.0,0.0
505006122100934,90001,1,5,2012,2.0,1.0
766067842269310,90001,2,5,2012,3.0,0.0
976097919259780,90001,1,5,2012,2.0,0.0
290926008025889,90001,2,5,2012,3.0,0.0
291904306017959,90001,2,5,2012,1.0,0.0
363974800093019,90001,3,5,2012,1.0,0.0
693829860567306,90001,1,5,2012,3.0,0.0
000893540998991,90001,1,5,2012,2.0,0.0
605909073599624,90001,2,5,2012,2.0,0.0
615459740749307,90001,1,5,2012,1.0,0.0
163598076907492,90001,1,5,2012,3.0,0.0
463837055906492,90001,1,5,2012,2.0,0.0
146720240300301,90001,1,5,2012,1.0,0.0
690764090935929,90001,1,5,2012,2.0,0.0
993017948359760,90001,1,5,2012,1.0,0.0
960399459700943,90001,2,5,2012,3.0,0.0
948057978359350,90001,2,5,2012,2.0,0.0
006600793995728,90001,2,5,2012,3.0,0.0
783344066909362,90001,2,5,2012,3.0,0.0
395906808092937,90001,3,5,2012,3.0,1.0
804415045001100,90001,1,5,2012,2.0,0.0
909062639449110,90001,1,5,2012,1.0,0.0
306909844995332,90001,2,5,2012,3.0,0.0
641494569200959,90001,1,5,2012,1.0,0.0
033534440011208,90001,2,5,2012,1.0,0.0
804706074996155,90001,2,5,2012,,
705907604892517,90001,2,5,2012,2.0,0.0
060974068546079,90001,1,5,2012,3.0,0.0
405064300029882,90001,2,5,2012,1.0,0.0
493924700024879,90001,1,5,2012,1.0,0.0
951401680800342,90001,1,5,2012,2.0,0.0
400489096445699,90001,1,5,2012,2.0,0.0
063634580996790,90001,2,5,2012,,
206705725995540,90001,2,5,2012,3.0,0.0
087495410982292,90001,1,5,2012,1.0,0.0
894989560106508,90001,1,5,2012,3.0,0.0
830927063206384,90001,2,6,2012,2.0,1.0
981035987079280,90001,2,6,2012,3.0,0.0
975559450229005,90001,1,6,2012,1.0,1.0
044410660998166,90001,1,6,2012,2.0,0.0
056489360769005,90001,2,6,2012,2.0,0.0
093917601095625,90001,3,6,2012,3.0,0.0
606903440996006,90001,4,6,2012,2.0,0.0
976449450079003,90001,1,6,2012,1.0,0.0
660536045908598,90001,1,6,2012,1.0,0.0
699820176620970,90001,2,6,2012,2.0,0.0
907006939059890,90001,2,6,2012,1.0,0.0
100889096106439,90001,1,6,2012,2.0,0.0
948779850509008,90001,1,6,2012,,
076957802024938,90001,2,6,2012,3.0,0.0
850449660509104,90001,2,6,2012,2.0,0.0
201033047001115,90001,1,6,2012,3.0,1.0
197717504077148,90001,2,6,2012,3.0,1.0
506901821991542,90001,1,6,2012,2.0,0.0
279380976810971,90001,1,6,2012,3.0,0.0
710309927080069,90001,1,6,2012,3.0,1.0
981003989179090,90001,2,6,2012,3.0,1.0
175967709066501,90001,2,6,2012,3.0,0.0
665078560699106,90001,1,6,2012,2.0,0.0
944045213159060,90001,1,6,2012,1.0,0.0
966075999178200,90001,2,6,2012,3.0,0.0
599790266360951,90001,1,6,2012,1.0,0.0
904067707159880,90001,2,6,2012,1.0,0.0
076109130700390,90001,2,6,2012,3.0,0.0
105007107051701,90001,2,6,2012,3.0,1.0
193967201012718,90001,1,6,2012,3.0,0.0
406901801998377,90001,2,6,2012,1.0,0.0
047531570990291,90001,1,6,2012,1.0,0.0
664166549700922,90001,1,6,2012,2.0,1.0
799210359560951,90001,1,6,2012,1.0,0.0
947589750969105,90001,1,6,2012,1.0,0.0
107067401049851,90001,1,6,2012,3.0,1.0
581464086909694,90001,2,6,2012,2.0,0.0
899310107650951,90001,1,6,2012,1.0,0.0
610907943809597,90001,2,6,2012,2.0,0.0
961173149900966,90001,2,6,2012,2.0,0.0
399280695680752,90001,2,6,2012,,
270967501069416,90001,2,6,2012,,
462056035906993,90001,2,6,2012,1.0,0.0
462474067001109,90001,2,6,2012,,
766067842269310,90001,2,6,2012,2.0,0.0
979017994279160,90001,2,6,2012,3.0,0.0
520706452098493,90001,1,6,2012,1.0,1.0
976097919259780,90001,1,6,2012,1.0,0.0
910570198940062,90001,1,6,2012,2.0,1.0
673079988259790,90001,2,6,2012,1.0,0.0
999630313970672,90001,4,6,2012,3.0,1.0
713252036909291,90001,1,6,2012,2.0,0.0
693829860567306,90001,1,6,2012,2.0,0.0
479810245680973,90001,1,6,2012,3.0,0.0
605909073599624,90001,2,6,2012,1.0,0.0
163598076907492,90001,1,6,2012,2.0,0.0
463837055906492,90001,1,6,2012,1.0,0.0
076953560995498,90001,1,6,2012,1.0,0.0
690764090935929,90001,1,6,2012,1.0,0.0
946999270719304,90001,1,6,2012,3.0,1.0
993017948359760,90001,1,6,2012,,
022773570997092,90001,2,6,2012,1.0,1.0
960399459700943,90001,2,6,2012,2.0,0.0
307087600052741,90001,4,6,2012,3.0,0.0
948057978359350,90001,2,6,2012,1.0,0.0
158820760960304,90001,2,6,2012,2.0,0.0
049623790925297,90001,1,6,2012,1.0,0.0
557366019900827,90001,1,6,2012,,
632019959359110,90001,2,6,2012,1.0,0.0
099180463050674,90001,2,6,2012,3.0,0.0
804415045001100,90001,1,6,2012,1.0,0.0
190050260380404,90001,1,6,2012,2.0,1.0
404007101062091,90001,2,6,2012,3.0,1.0
991020989459430,90001,2,6,2012,1.0,0.0
477985304098435,90001,1,6,2012,1.0,0.0
654721086909692,90001,2,6,2012,2.0,1.0
166510870300404,90001,2,6,2012,3.0,1.0
640606963300698,90001,2,6,2012,2.0,1.0
960165016046500,90001,1,6,2012,2.0,0.0
069064760770193,90001,1,6,2012,1.0,0.0
705907604892517,90001,2,6,2012,1.0,0.0
740709961480282,90001,1,6,2012,3.0,0.0
060974068546079,90001,1,6,2012,2.0,0.0
404017400000771,90001,2,6,2012,3.0,0.0
084384016909496,90001,2,6,2012,2.0,0.0
921409770499509,90001,1,6,2012,3.0,0.0
918061955559310,90001,1,6,2012,1.0,0.0
169594849100944,90001,1,6,2012,2.0,1.0
162599029500911,90001,2,6,2012,2.0,0.0
440964062056359,90001,1,6,2012,2.0,0.0
440964062056359,90001,2,6,2012,2.0,0.0
772562564600943,90001,1,6,2012,3.0,0.0
966679970639502,90001,2,6,2012,3.0,0.0
800209998506171,90001,2,7,2012,3.0,0.0
952084673069240,90001,1,7,2012,1.0,1.0
981035987079280,90001,2,7,2012,2.0,0.0
044410660998166,90001,1,7,2012,1.0,0.0
093917601095625,90001,3,7,2012,2.0,0.0
606903440996006,90001,4,7,2012,1.0,0.0
800609967491295,90001,4,7,2012,3.0,1.0
666570198940970,90001,3,7,2012,2.0,1.0
966599170239009,90001,2,7,2012,2.0,1.0
800907986516494,90001,2,7,2012,3.0,1.0
608902560992699,90001,1,7,2012,3.0,0.0
850449660509104,90001,2,7,2012,1.0,0.0
912070704179460,90001,2,7,2012,2.0,0.0
507904651087301,90001,2,7,2012,2.0,0.0
088271820963794,90001,1,7,2012,3.0,0.0
279380976810971,90001,1,7,2012,2.0,0.0
061195529300963,90001,2,7,2012,1.0,0.0
710309927080069,90001,1,7,2012,2.0,1.0
981003989179090,90001,2,7,2012,2.0,1.0
665078560699106,90001,1,7,2012,1.0,0.0
966075999178200,90001,2,7,2012,2.0,0.0
033341760694595,90001,1,7,2012,2.0,1.0
076109130700390,90001,2,7,2012,2.0,0.0
789410581840981,90001,2,7,2012,3.0,1.0
880177008718460,90001,1,7,2012,3.0,0.0
581464086909694,90001,2,7,2012,1.0,0.0
291703047001316,90001,1,7,2012,2.0,0.0
810909994631691,90001,1,7,2012,3.0,1.0
961173149900966,90001,2,7,2012,1.0,0.0
908909362998671,90001,2,7,2012,3.0,0.0
422595088909995,90001,1,7,2012,3.0,0.0
016522830988498,90001,1,7,2012,3.0,0.0
277918504077349,90001,1,7,2012,2.0,1.0
275968500055459,90001,1,7,2012,3.0,0.0
820407955560595,90001,1,7,2012,3.0,1.0
024992750978791,90001,1,7,2012,2.0,1.0
018067160280790,90001,1,7,2012,2.0,0.0
277986708055789,90001,2,7,2012,1.0,1.0
766067842269310,90001,2,7,2012,1.0,0.0
820707944710090,90001,4,7,2012,3.0,1.0
979017994279160,90001,2,7,2012,2.0,0.0
634057979269480,90001,2,7,2012,1.0,0.0
120177012728040,90001,2,7,2012,3.0,1.0
713252036909291,90001,1,7,2012,1.0,0.0
720919090937079,90001,1,7,2012,2.0,0.0
019092185360620,90001,2,7,2012,1.0,1.0
492690470010303,90001,2,7,2012,2.0,1.0
310640628480183,90001,1,7,2012,,
693829860567306,90001,1,7,2012,1.0,0.0
830309966945591,90001,2,7,2012,3.0,0.0
433672087908197,90001,1,7,2012,2.0,1.0
406909463996214,90001,2,7,2012,1.0,1.0
865349780406303,90001,2,7,2012,3.0,0.0
163598076907492,90001,1,7,2012,1.0,0.0
350169007736950,90001,1,7,2012,1.0,1.0
399938001032614,90001,1,7,2012,2.0,1.0
960399459700943,90001,2,7,2012,1.0,0.0
158820760960304,90001,2,7,2012,1.0,0.0
879870261470973,90001,1,7,2012,2.0,1.0
049623790925297,90001,1,7,2012,,
370107009548080,90001,1,7,2012,3.0,1.0
714066018909875,90001,1,7,2012,,
224269088909290,90001,1,7,2012,3.0,1.0
994062969479830,90001,1,7,2012,2.0,0.0
489240045430984,90001,2,7,2012,3.0,0.0
960165016046500,90001,1,7,2012,1.0,0.0
069064760770193,90001,1,7,2012,,
710050620180084,90001,1,7,2012,3.0,0.0
060974068546079,90001,1,7,2012,1.0,0.0
404017400000771,90001,2,7,2012,2.0,0.0
015028148480310,90001,2,7,2012,3.0,1.0
084384016909496,90001,2,7,2012,1.0,0.0
084618018909897,90001,2,7,2012,3.0,0.0
189050791890985,90001,1,7,2012,3.0,0.0
980912094157909,90001,2,7,2012,2.0,1.0
389010091460965,90001,2,7,2012,1.0,0.0
308905115999214,90001,1,7,2012,3.0,0.0
499810323980975,90001,1,7,2012,2.0,0.0
925259670639500,90001,1,7,2012,2.0,1.0
850507947170995,90001,2,7,2012,3.0,1.0
440964062056359,90001,1,7,2012,1.0,0.0
440964062056359,90001,2,7,2012,1.0,0.0
772562564600943,90001,1,7,2012,2.0,0.0
966679970639502,90001,2,7,2012,2.0,0.0
680069729100959,90001,2,8,2012,2.0,0.0
067091106080560,90001,2,8,2012,2.0,0.0
800209998506171,90001,2,8,2012,2.0,0.0
981035987079280,90001,2,8,2012,1.0,0.0
016840160990992,91001,1,8,2012,3.0,0.0
107900670594246,90001,1,8,2012,1.0,0.0
699820176620970,90001,2,8,2012,1.0,0.0
699840552350910,91001,2,8,2012,3.0,1.0
899510487140970,90001,2,8,2012,1.0,0.0
800907986516494,90001,2,8,2012,2.0,1.0
090988304039919,90001,2,8,2012,2.0,1.0
301004370101069,91001,1,8,2012,3.0,1.0
608902560992699,90001,1,8,2012,2.0,0.0
076957802024938,90001,2,8,2012,1.0,0.0
710007975257117,90001,2,8,2012,1.0,0.0
912070704179460,90001,2,8,2012,1.0,0.0
197717504077148,90001,2,8,2012,1.0,1.0
507904651087301,90001,2,8,2012,1.0,0.0
517101470100174,91001,1,8,2012,3.0,1.0
088271820963794,90001,1,8,2012,2.0,0.0
279380976810971,90001,1,8,2012,1.0,0.0
690731098411139,91001,2,8,2012,3.0,0.0
966075999178200,90001,2,8,2012,1.0,0.0
076109130700390,90001,2,8,2012,1.0,0.0
710700032705413,90001,1,8,2012,1.0,0.0
789410581840981,90001,2,8,2012,2.0,1.0
880177008718460,90001,1,8,2012,2.0,0.0
291703047001316,90001,1,8,2012,1.0,0.0
980879710589205,91001,2,8,2012,3.0,0.0
908909362998671,90001,2,8,2012,2.0,0.0
199660197840672,90001,1,8,2012,1.0,0.0
422595088909995,90001,1,8,2012,2.0,0.0
016522830988498,90001,1,8,2012,2.0,0.0
120400021262717,91001,2,8,2012,3.0,0.0
201061202077421,91001,2,8,2012,,
410270571890182,90001,2,8,2012,2.0,0.0
005222740791595,90001,2,8,2012,1.0,0.0
945149370359208,90001,1,8,2012,1.0,0.0
001905292599105,91001,1,8,2012,3.0,0.0
956979210419208,91001,1,8,2012,3.0,0.0
610150467410082,90001,2,8,2012,2.0,1.0
820609968466990,90001,2,8,2012,2.0,1.0
296971103010746,91001,1,8,2012,3.0,0.0
630970072021069,91001,1,8,2012,3.0,0.0
780097960279390,90001,1,8,2012,1.0,1.0
218031706017791,91001,1,8,2012,3.0,1.0
313357008909179,90001,1,8,2012,2.0,0.0
720919090937079,90001,1,8,2012,1.0,0.0
413317430200172,91001,1,8,2012,3.0,0.0
759053987379820,90001,3,8,2012,1.0,0.0
614316470300144,91001,2,8,2012,1.0,0.0
830309966945591,90001,2,8,2012,2.0,0.0
003603140990692,91001,2,8,2012,3.0,0.0
499330340410973,90001,1,8,2012,1.0,1.0
865349780406303,90001,2,8,2012,2.0,0.0
906006898389590,90001,2,8,2012,2.0,0.0
307087600052741,90001,4,8,2012,1.0,0.0
788179610269308,91001,2,8,2012,3.0,0.0
879870261470973,90001,1,8,2012,1.0,1.0
130906932997795,91001,2,8,2012,3.0,0.0
361911201093958,91001,1,8,2012,3.0,0.0
099180463050674,90001,2,8,2012,1.0,0.0
994062969479830,90001,1,8,2012,1.0,0.0
499050754740714,91001,1,8,2012,3.0,0.0
954409510477407,91001,1,8,2012,3.0,0.0
010724170977695,91001,1,8,2012,3.0,0.0
710050620180084,90001,1,8,2012,2.0,0.0
140809958804389,91001,1,8,2012,3.0,0.0
140809972358060,91001,1,8,2012,3.0,1.0
198090670960407,90001,2,8,2012,,
020980090341989,91001,1,8,2012,2.0,0.0
084618018909897,90001,2,8,2012,2.0,0.0
607003034104128,90001,1,8,2012,1.0,1.0
189050791890985,90001,1,8,2012,2.0,0.0
921409770499509,90001,1,8,2012,1.0,0.0
086579469100983,90001,3,8,2012,2.0,0.0
734053979519480,91001,1,8,2012,3.0,0.0
308905115999214,90001,1,8,2012,2.0,0.0
499810323980975,90001,1,8,2012,1.0,0.0
699100701300915,91001,1,8,2012,3.0,0.0
772562564600943,90001,1,8,2012,1.0,0.0
966679970639502,90001,2,8,2012,1.0,0.0
680069729100959,90001,2,9,2012,1.0,0.0
067091106080560,90001,2,9,2012,1.0,0.0
199691256620680,90001,1,9,2012,1.0,0.0
800209998506171,90001,2,9,2012,1.0,0.0
016840160990992,91001,1,9,2012,2.0,0.0
320260007401690,91001,1,9,2012,2.0,0.0
079962705090819,91001,1,9,2012,3.0,0.0
909019563029490,91001,2,9,2012,3.0,0.0
608902560992699,90001,1,9,2012,1.0,0.0
007561120991393,91001,1,9,2012,2.0,0.0
088271820963794,90001,1,9,2012,1.0,0.0
770125001412480,91001,2,9,2012,3.0,0.0
951062594129820,91001,1,9,2012,3.0,0.0
690731098411139,91001,2,9,2012,2.0,0.0
926003745119780,91001,1,9,2012,2.0,0.0
790136004812780,91001,2,9,2012,3.0,0.0
921192969500758,91001,1,9,2012,3.0,1.0
519620906790921,91001,3,9,2012,3.0,0.0
880177008718460,90001,1,9,2012,1.0,0.0
190982006030949,91001,2,9,2012,3.0,0.0
980879710589205,91001,2,9,2012,2.0,0.0
908909362998671,90001,2,9,2012,1.0,0.0
090592120997593,91001,1,9,2012,2.0,0.0
422595088909995,90001,1,9,2012,1.0,0.0
095082132220800,91001,1,9,2012,3.0,0.0
440925092821689,91001,2,9,2012,2.0,1.0
902909052996822,91001,2,9,2012,3.0,0.0
016522830988498,90001,1,9,2012,1.0,0.0
298952001060469,91001,2,9,2012,3.0,1.0
410270571890182,90001,2,9,2012,1.0,0.0
814299220769203,91001,2,9,2012,3.0,0.0
001905292599105,91001,1,9,2012,2.0,0.0
956979210419208,91001,1,9,2012,2.0,0.0
296971103010746,91001,1,9,2012,2.0,0.0
018067160280790,90001,1,9,2012,1.0,0.0
177690120861205,91001,2,9,2012,3.0,0.0
508600273993140,90001,2,9,2012,1.0,1.0
529300880100223,91001,1,9,2012,,
614316470300144,91001,2,9,2012,,
830309966945591,90001,2,9,2012,1.0,0.0
933386068909598,90001,1,9,2012,1.0,0.0
019983140995098,91001,2,9,2012,1.0,0.0
395962509035479,91001,2,9,2012,3.0,0.0
865349780406303,90001,2,9,2012,1.0,0.0
398991700090635,91001,1,9,2012,2.0,0.0
906006898389590,90001,2,9,2012,1.0,0.0
699670007870913,91001,1,9,2012,2.0,0.0
716398779800899,91001,2,9,2012,2.0,1.0
788179610269308,91001,2,9,2012,2.0,0.0
849009620109301,91001,1,9,2012,3.0,0.0
361911201093958,91001,1,9,2012,2.0,0.0
240209960219696,91001,1,9,2012,3.0,0.0
489240045430984,90001,2,9,2012,1.0,0.0
499050754740714,91001,1,9,2012,2.0,0.0
793044513429080,91001,1,9,2012,3.0,0.0
954409510477407,91001,1,9,2012,2.0,0.0
865379820329407,91001,1,9,2012,3.0,1.0
010724170977695,91001,1,9,2012,2.0,0.0
710050620180084,90001,1,9,2012,1.0,0.0
140809958804389,91001,1,9,2012,2.0,0.0
902000164202448,91001,2,9,2012,3.0,0.0
020980090341989,91001,1,9,2012,1.0,0.0
084618018909897,90001,2,9,2012,1.0,0.0
493972708042849,91001,2,9,2012,3.0,0.0
840909960881499,90001,2,9,2012,1.0,0.0
562952505092099,91001,2,9,2012,3.0,0.0
189050791890985,90001,1,9,2012,1.0,0.0
500051406073141,91001,3,9,2012,2.0,0.0
734053979519480,91001,1,9,2012,2.0,0.0
308905115999214,90001,1,9,2012,1.0,0.0
699100701300915,91001,1,9,2012,2.0,0.0
435097079100891,91001,2,10,2012,3.0,0.0
063972101090239,91001,2,10,2012,2.0,0.0
094863701036408,91001,2,10,2012,3.0,0.0
736096148400830,91001,2,10,2012,3.0,0.0
390148006602850,91001,2,10,2012,2.0,1.0
016840160990992,91001,1,10,2012,1.0,0.0
100801030465715,91001,2,10,2012,1.0,0.0
079962705090819,91001,1,10,2012,2.0,0.0
503906980591589,91001,2,10,2012,3.0,0.0
007561120991393,91001,1,10,2012,1.0,0.0
560120004712430,91001,1,10,2012,2.0,0.0
770125001412480,91001,2,10,2012,2.0,0.0
951062594129820,91001,1,10,2012,2.0,0.0
952389610429102,91001,2,10,2012,1.0,0.0
690731098411139,91001,2,10,2012,1.0,0.0
790136004812780,91001,2,10,2012,2.0,0.0
921192969500758,91001,1,10,2012,2.0,1.0
519620906790921,91001,3,10,2012,2.0,0.0
118105170600124,91001,2,10,2012,1.0,1.0
092311370978373,91001,2,10,2012,3.0,0.0
310900014286117,91001,1,10,2012,3.0,1.0
190982006030949,91001,2,10,2012,2.0,0.0
980879710589205,91001,2,10,2012,1.0,0.0
090592120997593,91001,1,10,2012,1.0,0.0
320200052538412,91001,2,10,2012,3.0,0.0
902909052996822,91001,2,10,2012,2.0,0.0
650930096223889,91001,1,10,2012,3.0,0.0
993379330466208,91001,1,10,2012,3.0,1.0
814299220769203,91001,2,10,2012,2.0,0.0
001905292599105,91001,1,10,2012,1.0,0.0
755899430139208,91001,1,10,2012,3.0,0.0
071212160997095,91001,2,10,2012,1.0,0.0
956979210419208,91001,1,10,2012,1.0,0.0
296971103010746,91001,1,10,2012,1.0,0.0
177690120861205,91001,2,10,2012,2.0,0.0
750089962239820,91001,2,10,2012,1.0,0.0
330106420536392,91001,1,10,2012,2.0,0.0
755082761319890,91001,2,10,2012,1.0,0.0
014493340978096,91001,1,10,2012,3.0,0.0
330409974675783,91001,2,10,2012,3.0,0.0
395962509035479,91001,2,10,2012,2.0,0.0
398991700090635,91001,1,10,2012,1.0,0.0
699670007870913,91001,1,10,2012,1.0,0.0
850967092431169,91001,2,10,2012,1.0,0.0
918006771319270,91001,2,10,2012,1.0,0.0
032893270013605,91001,1,10,2012,2.0,1.0
501004453101737,91001,2,10,2012,1.0,0.0
788179610269308,91001,2,10,2012,1.0,0.0
602903443996009,91001,1,10,2012,2.0,0.0
849009620109301,91001,1,10,2012,2.0,0.0
361911201093958,91001,1,10,2012,1.0,0.0
240009988673592,91001,2,10,2012,1.0,0.0
930924092041529,91001,1,10,2012,1.0,0.0
240209960219696,91001,1,10,2012,2.0,0.0
499050754740714,91001,1,10,2012,1.0,0.0
954409510477407,91001,1,10,2012,1.0,0.0
865379820329407,91001,1,10,2012,2.0,1.0
240609977507594,91001,1,10,2012,2.0,1.0
010724170977695,91001,1,10,2012,1.0,0.0
497902404007729,91001,2,10,2012,2.0,0.0
140809958804389,91001,1,10,2012,1.0,0.0
991048753439160,91001,1,10,2012,3.0,0.0
086354380920795,91001,1,10,2012,3.0,0.0
020980090341989,91001,1,10,2012,,
493972708042849,91001,2,10,2012,2.0,0.0
496903100013908,91001,2,10,2012,3.0,1.0
562952505092099,91001,2,10,2012,2.0,0.0
910081997539590,91001,2,10,2012,3.0,0.0
515083005096101,91001,2,10,2012,3.0,0.0
500051406073141,91001,3,10,2012,1.0,0.0
734053979519480,91001,1,10,2012,1.0,0.0
630599659500805,91001,1,10,2012,1.0,0.0
699100701300915,91001,1,10,2012,1.0,0.0
970096768539850,91001,1,10,2012,3.0,0.0
063972101090239,91001,2,11,2012,1.0,0.0
736096148400830,91001,2,11,2012,2.0,0.0
048270360997994,91001,2,11,2012,2.0,0.0
071520460984996,91001,1,11,2012,3.0,0.0
936827430219009,91001,1,11,2012,2.0,0.0
079962705090819,91001,1,11,2012,1.0,0.0
503906980591589,91001,2,11,2012,2.0,0.0
182460740200105,91001,1,11,2012,3.0,0.0
560120004712430,91001,1,11,2012,1.0,0.0
770125001412480,91001,2,11,2012,1.0,0.0
951062594129820,91001,1,11,2012,1.0,0.0
790136004812780,91001,2,11,2012,1.0,0.0
519620906790921,91001,3,11,2012,1.0,0.0
789630313970941,91001,4,11,2012,1.0,0.0
092311370978373,91001,2,11,2012,2.0,0.0
194964207041709,91001,1,11,2012,3.0,0.0
810230793240041,91001,1,11,2012,2.0,0.0
190982006030949,91001,2,11,2012,1.0,0.0
320009987546589,91001,2,11,2012,2.0,0.0
420107998536590,91001,2,11,2012,3.0,0.0
420106965070995,91001,1,11,2012,3.0,0.0
320200052538412,91001,2,11,2012,2.0,0.0
902909052996822,91001,2,11,2012,1.0,0.0
650930096223889,91001,1,11,2012,2.0,0.0
062422430763598,91001,1,11,2012,3.0,0.0
814299220769203,91001,2,11,2012,1.0,0.0
942438034909372,91001,2,11,2012,3.0,0.0
755899430139208,91001,1,11,2012,2.0,0.0
177690120861205,91001,2,11,2012,1.0,0.0
295924209064909,91001,1,11,2012,3.0,0.0
394954903081389,91001,1,11,2012,3.0,0.0
002033440984996,91001,2,11,2012,3.0,0.0
014493340978096,91001,1,11,2012,2.0,0.0
032390639400862,91001,2,11,2012,2.0,0.0
330409974675783,91001,2,11,2012,2.0,0.0
390954505022419,91001,2,11,2012,3.0,0.0
543512054909290,91001,1,11,2012,3.0,0.0
431304790600199,91001,2,11,2012,2.0,0.0
669520493800943,91001,1,11,2012,3.0,0.0
011913460984996,91001,1,11,2012,2.0,0.0
849009620109301,91001,1,11,2012,1.0,0.0
240009988673592,91001,2,11,2012,,
240209960219696,91001,1,11,2012,1.0,0.0
973052977439500,91001,2,11,2012,2.0,0.0
042864440984694,91001,1,11,2012,3.0,0.0
104700674994244,91001,1,11,2012,3.0,0.0
699140187620634,91001,1,11,2012,2.0,0.0
340709922896154,91001,3,11,2012,2.0,0.0
474809084909298,91001,1,11,2012,3.0,0.0
091794480986692,91001,2,11,2012,3.0,0.0
902000164202448,91001,2,11,2012,1.0,0.0
991048753439160,91001,1,11,2012,2.0,0.0
086354380920795,91001,1,11,2012,2.0,0.0
493972708042849,91001,2,11,2012,1.0,0.0
562952505092099,91001,2,11,2012,1.0,0.0
910081997539590,91001,2,11,2012,2.0,0.0
515083005096101,91001,2,11,2012,2.0,0.0
630599659500805,91001,1,11,2012,,
970096768539850,91001,1,11,2012,2.0,0.0
299181138490640,91001,2,12,2012,2.0,0.0
094863701036408,91001,2,12,2012,1.0,0.0
736096148400830,91001,2,12,2012,1.0,0.0
945339250399008,91001,1,12,2012,3.0,0.0
048270360997994,91001,2,12,2012,1.0,0.0
071520460984996,91001,1,12,2012,2.0,0.0
689670044870940,91001,1,12,2012,2.0,0.0
936827430219009,91001,1,12,2012,1.0,0.0
003170590990091,91001,1,12,2012,3.0,0.0
503906980591589,91001,2,12,2012,1.0,0.0
590869095001615,91001,2,12,2012,3.0,1.0
890961054909578,91001,2,12,2012,2.0,0.0
197914504077049,91001,1,12,2012,2.0,1.0
301950025903274,91001,1,12,2012,,
193924507016237,91001,2,12,2012,2.0,0.0
510209907150019,91001,1,12,2012,3.0,0.0
521969065905098,91001,2,12,2012,3.0,0.0
399770257660951,91001,1,12,2012,3.0,0.0
102023803072351,91001,2,12,2012,1.0,0.0
720390133280051,91001,1,12,2012,3.0,1.0
092311370978373,91001,2,12,2012,1.0,0.0
194964207041709,91001,1,12,2012,2.0,0.0
810230793240041,91001,1,12,2012,1.0,0.0
310900014286117,91001,1,12,2012,1.0,1.0
162905201056999,91001,1,12,2012,3.0,0.0
420107998536590,91001,2,12,2012,2.0,0.0
420106965070995,91001,1,12,2012,2.0,0.0
902369550389200,91001,2,12,2012,3.0,0.0
320200052538412,91001,2,12,2012,1.0,0.0
922259015001000,91001,2,12,2012,3.0,0.0
922229950329201,91001,1,12,2012,3.0,1.0
650930096223889,91001,1,12,2012,1.0,0.0
850935069923669,91001,2,12,2012,1.0,0.0
062422430763598,91001,1,12,2012,2.0,0.0
996073981259510,91001,1,12,2012,1.0,0.0
292904607096499,91001,1,12,2012,2.0,0.0
972024927239160,91001,1,12,2012,1.0,1.0
942438034909372,91001,2,12,2012,2.0,0.0
905005162104546,91001,1,12,2012,3.0,0.0
643290859800903,91001,1,12,2012,2.0,0.0
295924209064909,91001,1,12,2012,2.0,0.0
099400011530653,91001,1,12,2012,3.0,0.0
330106420536392,91001,1,12,2012,1.0,0.0
092313520798393,91001,2,12,2012,3.0,0.0
002033440984996,91001,2,12,2012,2.0,0.0
032390639400862,91001,2,12,2012,1.0,0.0
330409974675783,91001,2,12,2012,1.0,0.0
390954505022419,91001,2,12,2012,2.0,0.0
543512054909290,91001,1,12,2012,2.0,0.0
251396749500840,91001,1,12,2012,1.0,0.0
430609974197494,91001,2,12,2012,2.0,0.0
431304790600199,91001,2,12,2012,1.0,0.0
669520493800943,91001,1,12,2012,2.0,0.0
398905508029636,91001,1,12,2012,3.0,0.0
920779750477409,91001,2,12,2012,3.0,1.0
491965202077128,91001,4,12,2012,3.0,0.0
973052977439500,91001,2,12,2012,1.0,0.0
927012818449410,91001,1,12,2012,2.0,0.0
042864440984694,91001,1,12,2012,2.0,0.0
104700674994244,91001,1,12,2012,2.0,0.0
440500021362219,91001,1,12,2012,2.0,0.0
497905706046598,91001,2,12,2012,2.0,0.0
699140187620634,91001,1,12,2012,1.0,0.0
474809084909298,91001,1,12,2012,2.0,0.0
091794480986692,91001,2,12,2012,2.0,0.0
078059840369405,91001,2,12,2012,2.0,0.0
086354380920795,91001,1,12,2012,1.0,0.0
205607714999918,91001,1,12,2012,3.0,0.0
497984200009809,91001,1,12,2012,2.0,0.0
904908494490058,91001,2,12,2012,2.0,0.0
405605905891260,91001,2,12,2012,3.0,0.0
910081997539590,91001,2,12,2012,1.0,0.0
036155510995198,91001,2,12,2012,3.0,0.0
515083005096101,91001,2,12,2012,1.0,0.0
304903085790653,91001,1,12,2012,2.0,0.0
970096768539850,91001,1,12,2012,1.0,0.0
096945605051496,91001,1,1,2013,1.0,0.0
945339250399008,91001,1,1,2013,2.0,0.0
071520460984996,91001,1,1,2013,1.0,0.0
091946206064697,91001,4,1,2013,1.0,0.0
166020560530003,91001,1,1,2013,3.0,0.0
004430490981694,91001,2,1,2013,1.0,0.0
460991078205859,91001,2,1,2013,1.0,0.0
590869095001615,91001,2,1,2013,2.0,1.0
890961054909578,91001,2,1,2013,1.0,0.0
600907942613695,91001,2,1,2013,3.0,1.0
865072339900731,91001,1,1,2013,3.0,0.0
020405094315319,91001,2,1,2013,2.0,0.0
193924507016237,91001,2,1,2013,1.0,0.0
206900361497582,91001,2,1,2013,3.0,0.0
230050986500061,91001,2,1,2013,1.0,0.0
510209907150019,91001,1,1,2013,2.0,0.0
521969065905098,91001,2,1,2013,2.0,0.0
399770257660951,91001,1,1,2013,2.0,0.0
197994409014679,91001,2,1,2013,1.0,0.0
610709738845694,91001,1,1,2013,3.0,0.0
194964207041709,91001,1,1,2013,1.0,0.0
810230793240041,91001,1,1,2013,,
162905201056999,91001,1,1,2013,2.0,0.0
420107998536590,91001,2,1,2013,1.0,0.0
420106965070995,91001,1,1,2013,1.0,0.0
902369550389200,91001,2,1,2013,2.0,0.0
922259015001000,91001,2,1,2013,2.0,0.0
394310435570642,91001,1,1,2013,1.0,1.0
732521075409765,91001,2,1,2013,2.0,0.0
062422430763598,91001,1,1,2013,1.0,0.0
842020075908096,91001,2,1,2013,1.0,0.0
942438034909372,91001,2,1,2013,1.0,0.0
599050321270952,91001,1,1,2013,1.0,0.0
406902652792646,91001,1,1,2013,3.0,0.0
905005162104546,91001,1,1,2013,2.0,0.0
643290859800903,91001,1,1,2013,1.0,0.0
295924209064909,91001,1,1,2013,1.0,0.0
620906957985791,91001,2,1,2013,3.0,0.0
099400011530653,91001,1,1,2013,2.0,0.0
502960260670309,91001,2,1,2013,,
092313520798393,91001,2,1,2013,2.0,0.0
002033440984996,91001,2,1,2013,1.0,0.0
390954505022419,91001,2,1,2013,1.0,0.0
543512054909290,91001,1,1,2013,1.0,0.0
843075026909296,91001,1,1,2013,3.0,0.0
251396749500840,91001,1,1,2013,,
053703660968694,91001,3,1,2013,3.0,0.0
430609974197494,91001,2,1,2013,1.0,0.0
669520493800943,91001,1,1,2013,1.0,0.0
826119360479305,91001,1,1,2013,3.0,0.0
011913460984996,91001,1,1,2013,1.0,0.0
397954508013667,91001,2,1,2013,1.0,0.0
398905508029636,91001,1,1,2013,2.0,0.0
663629026909897,91001,1,1,2013,2.0,0.0
406904643994067,91001,2,1,2013,3.0,0.0
067067194360700,91001,1,1,2013,3.0,0.0
076163580992394,91001,2,1,2013,2.0,0.0
077693580999897,91001,2,1,2013,2.0,0.0
730604099346459,91001,2,1,2013,3.0,0.0
491965202077128,91001,4,1,2013,2.0,0.0
042864440984694,91001,1,1,2013,1.0,0.0
104700674994244,91001,1,1,2013,1.0,0.0
499966703026467,91001,1,1,2013,3.0,0.0
440500021362219,91001,1,1,2013,1.0,0.0
866497629500912,91001,2,1,2013,3.0,0.0
775015847469820,91001,2,1,2013,3.0,0.0
091794480986692,91001,2,1,2013,1.0,0.0
610189002946670,91001,2,1,2013,3.0,0.0
049794480017009,91001,2,1,2013,,
078059840369405,91001,2,1,2013,1.0,0.0
205607714999918,91001,1,1,2013,2.0,0.0
060987063446229,91001,2,1,2013,3.0,0.0
405605905891260,91001,2,1,2013,2.0,0.0
036155510995198,91001,2,1,2013,2.0,0.0
450109985373894,91001,2,1,2013,1.0,1.0
304903085790653,91001,1,1,2013,1.0,0.0
199680330340670,91001,1,2,2013,3.0,0.0
922031966079490,91001,1,2,2013,3.0,0.0
945339250399008,91001,1,2,2013,1.0,0.0
166020560530003,91001,1,2,2013,2.0,0.0
260761090307219,91001,1,2,2013,3.0,0.0
590869095001615,91001,2,2,2013,1.0,1.0
600907942613695,91001,1,2,2013,2.0,1.0
865072339900731,91001,1,2,2013,2.0,0.0
020405094315319,91001,2,2,2013,1.0,0.0
206900361497582,91001,2,2,2013,2.0,0.0
510209907150019,91001,1,2,2013,1.0,0.0
521969065905098,91001,2,2,2013,1.0,0.0
310840951380061,91001,2,2,2013,2.0,0.0
399770257660951,91001,1,2,2013,1.0,0.0
589830325310961,91001,1,2,2013,2.0,1.0
797630313970971,91001,2,2,2013,3.0,0.0
162905201056999,91001,1,2,2013,1.0,0.0
732521075409765,91001,2,2,2013,1.0,0.0
842020075908096,91001,2,2,2013,,
599050321270952,91001,1,2,2013,,
406902652792646,91001,1,2,2013,2.0,0.0
995046993279370,91001,3,2,2013,2.0,0.0
720701063416216,91001,2,2,2013,3.0,0.0
720809992306982,91001,1,2,2013,3.0,0.0
720809992306982,91001,2,2,2013,3.0,0.0
099400011530653,91001,1,2,2013,1.0,0.0
951149470409309,91001,2,2,2013,3.0,0.0
092313520798393,91001,2,2,2013,1.0,0.0
843075026909296,91001,1,2,2013,2.0,0.0
826119360479305,91001,1,2,2013,2.0,0.0
398905508029636,91001,1,2,2013,1.0,0.0
490975068837239,91001,1,2,2013,3.0,0.0
067067194360700,91001,1,2,2013,2.0,0.0
077693580999897,91001,2,2,2013,1.0,0.0
390947004066938,91001,1,2,2013,2.0,0.0
530909936971637,91001,2,2,2013,,
491965202077128,91001,4,2,2013,1.0,0.0
740100055769315,91001,2,2,2013,2.0,1.0
499966703026467,91001,1,2,2013,2.0,0.0
497905706046598,91001,2,2,2013,1.0,0.0
775015847469820,91001,2,2,2013,2.0,0.0
408015906041823,91001,2,2,2013,1.0,0.0
610189002946670,91001,2,2,2013,2.0,0.0
084197015908190,91001,1,2,2013,1.0,0.0
170985066145899,91001,2,2,2013,1.0,0.0
205607714999918,91001,1,2,2013,1.0,0.0
060987063446229,91001,2,2,2013,2.0,0.0
450982063645579,91001,2,2,2013,1.0,0.0
405605905891260,91001,2,2,2013,1.0,0.0
036155510995198,91001,2,2,2013,1.0,0.0
410732098255379,91001,1,2,2013,1.0,0.0
007245740690398,91001,1,2,2013,3.0,1.0
508017905090431,91001,1,2,2013,3.0,0.0
699070621720955,91001,2,2,2013,1.0,0.0
199680330340670,91001,1,3,2013,2.0,0.0
922031966079490,91001,1,3,2013,2.0,0.0
006410820016400,91001,2,3,2013,3.0,0.0
140026018909190,91001,1,3,2013,3.0,0.0
786096148400730,91001,2,3,2013,3.0,0.0
025025155080470,91001,2,3,2013,3.0,0.0
099658402036621,91001,2,3,2013,3.0,0.0
958046699069590,91001,1,3,2013,1.0,0.0
070910760928079,91001,1,3,2013,1.0,1.0
166020560530003,91001,1,3,2013,1.0,0.0
260761090307219,91001,1,3,2013,2.0,0.0
568099977600914,91001,2,3,2013,1.0,0.0
889360677190780,91001,2,3,2013,3.0,0.0
080478078909578,91001,5,3,2013,2.0,0.0
028530790797492,91001,2,3,2013,2.0,0.0
746049889069100,91001,2,3,2013,1.0,0.0
865072339900731,91001,1,3,2013,1.0,0.0
206905721795540,91001,2,3,2013,1.0,0.0
107002311108522,91001,2,3,2013,2.0,1.0
904092168189200,91001,1,3,2013,3.0,0.0
589830325310961,91001,1,3,2013,1.0,1.0
033341870914585,91001,1,3,2013,3.0,0.0
797630313970971,91001,2,3,2013,2.0,0.0
877247360349107,91001,1,3,2013,1.0,0.0
308905981997487,91001,1,3,2013,3.0,1.0
190928506009869,91001,1,3,2013,3.0,0.0
069880247560982,91001,2,3,2013,3.0,1.0
112726097001012,91001,1,3,2013,2.0,0.0
408703522792863,91001,1,3,2013,2.0,1.0
150638099928309,91001,2,3,2013,3.0,0.0
389770560960982,91001,2,3,2013,3.0,0.0
142366098909194,91001,1,3,2013,3.0,0.0
720701063416216,91001,2,3,2013,2.0,0.0
048962670691046,91001,2,3,2013,1.0,0.0
720809992306982,91001,1,3,2013,2.0,0.0
720809992306982,91001,2,3,2013,2.0,0.0
306604563997400,91001,1,3,2013,1.0,0.0
689366359000914,91001,2,3,2013,3.0,0.0
745071985379460,91001,2,3,2013,2.0,0.0
623839180169304,91001,2,3,2013,3.0,1.0
366390879400918,91001,2,3,2013,1.0,0.0
843075026909296,91001,1,3,2013,1.0,0.0
085093860983199,91001,2,3,2013,3.0,0.0
392978806016624,91001,1,3,2013,3.0,0.0
826119360479305,91001,1,3,2013,1.0,0.0
972016847389510,91001,2,3,2013,3.0,0.0
406904643994067,91001,2,3,2013,1.0,0.0
270177007938740,91001,2,3,2013,3.0,0.0
490975068837239,91001,1,3,2013,2.0,0.0
067067194360700,91001,1,3,2013,1.0,0.0
390947004066938,91001,1,3,2013,1.0,0.0
005993890685892,91001,2,3,2013,1.0,1.0
730909909533781,91001,2,3,2013,2.0,0.0
989290994550983,91001,1,3,2013,3.0,1.0
289230056120964,91001,2,3,2013,1.0,1.0
494958209075299,91001,2,3,2013,3.0,0.0
210330596600084,91001,2,3,2013,2.0,0.0
475968709066409,91001,2,3,2013,3.0,1.0
499966703026467,91001,1,3,2013,1.0,0.0
948064054489610,91001,1,3,2013,3.0,0.0
775015847469820,91001,2,3,2013,1.0,0.0
608906134992407,91001,2,3,2013,3.0,0.0
608906134992407,91001,3,3,2013,3.0,0.0
608906134992407,91001,4,3,2013,3.0,0.0
610189002946670,91001,2,3,2013,1.0,0.0
684022038909399,91001,1,3,2013,3.0,0.0
707907614894418,91001,1,3,2013,2.0,1.0
060987063446229,91001,2,3,2013,1.0,0.0
840806923409097,91001,2,3,2013,3.0,0.0
899150183390974,91001,2,3,2013,2.0,0.0
182499679900759,91001,2,3,2013,3.0,0.0
450918096857839,91001,1,3,2013,2.0,0.0
007245740690398,91001,1,3,2013,2.0,1.0
508017905090431,91001,1,3,2013,2.0,0.0
595928006033439,91001,1,3,2013,3.0,0.0
907903625892214,91001,2,3,2013,2.0,0.0
735075851589520,91001,1,3,2013,3.0,0.0
601007620100001,92001,2,4,2013,3.0,0.0
199680330340670,91001,1,4,2013,1.0,0.0
922031966079490,91001,1,4,2013,1.0,0.0
140026018909190,91001,1,4,2013,2.0,0.0
987091629400732,91001,1,4,2013,2.0,0.0
099658402036621,91001,2,4,2013,2.0,0.0
100609919111983,92001,1,4,2013,3.0,0.0
260761090307219,91001,1,4,2013,1.0,0.0
310091969600860,92001,2,4,2013,3.0,0.0
140987095701479,92001,1,4,2013,3.0,0.0
198570880321000,91001,1,4,2013,2.0,0.0
080478078909578,91001,5,4,2013,1.0,0.0
028530790797492,91001,2,4,2013,1.0,0.0
107002311108522,91001,2,4,2013,1.0,1.0
904092168189200,91001,1,4,2013,2.0,0.0
162998307075399,91001,1,4,2013,2.0,0.0
251950071001318,92001,1,4,2013,3.0,0.0
033341870914585,91001,1,4,2013,2.0,0.0
067171170997599,92001,2,4,2013,3.0,0.0
797630313970971,91001,2,4,2013,1.0,0.0
066281180991897,92001,1,4,2013,3.0,0.0
190928506009869,91001,1,4,2013,2.0,0.0
112726097001012,91001,1,4,2013,1.0,0.0
408703522792863,91001,1,4,2013,1.0,1.0
150638099928309,91001,2,4,2013,2.0,0.0
389770560960982,91001,2,4,2013,2.0,0.0
720306421262797,91001,2,4,2013,1.0,0.0
030744074821579,92001,1,4,2013,3.0,1.0
142366098909194,91001,1,4,2013,2.0,0.0
499130152040712,92001,1,4,2013,2.0,0.0
720509927012764,91001,1,4,2013,1.0,1.0
925609210489201,92001,1,4,2013,3.0,0.0
162396088909195,91001,1,4,2013,2.0,1.0
820609977307297,91001,1,4,2013,2.0,0.0
720701063416216,91001,2,4,2013,1.0,0.0
206041503072811,92001,2,4,2013,2.0,0.0
720809992306982,91001,1,4,2013,1.0,0.0
720809992306982,91001,2,4,2013,1.0,0.0
909329970259203,91001,1,4,2013,1.0,0.0
689366359000914,91001,2,4,2013,2.0,0.0
062033810012209,91001,2,4,2013,2.0,0.0
745071985379460,91001,2,4,2013,1.0,0.0
810430076431899,92001,2,4,2013,3.0,0.0
130306931112498,92001,2,4,2013,3.0,0.0
901001453105315,92001,2,4,2013,3.0,0.0
085093860983199,91001,2,4,2013,2.0,0.0
392978806016624,91001,1,4,2013,2.0,0.0
679740637400973,91001,1,4,2013,,
972016847389510,91001,2,4,2013,2.0,0.0
830709928302194,91001,1,4,2013,2.0,1.0
008605553991397,91001,2,4,2013,1.0,0.0
270177007938740,91001,2,4,2013,2.0,0.0
490975068837239,91001,1,4,2013,1.0,0.0
860786097831129,92001,2,4,2013,3.0,0.0
390947004066938,91001,1,4,2013,,
730909909533781,91001,2,4,2013,1.0,0.0
653079997319290,92001,2,4,2013,3.0,0.0
494958209075299,91001,2,4,2013,2.0,0.0
210330596600084,91001,2,4,2013,1.0,0.0
948064054489610,91001,1,4,2013,2.0,0.0
684022038909399,91001,1,4,2013,2.0,0.0
899150183390974,91001,2,4,2013,1.0,0.0
182499679900759,91001,2,4,2013,2.0,0.0
450918096857839,91001,1,4,2013,1.0,0.0
007245740690398,91001,1,4,2013,1.0,1.0
508017905090431,91001,1,4,2013,1.0,0.0
595928006033439,91001,1,4,2013,2.0,0.0
907903625892214,91001,2,4,2013,1.0,0.0
735075851589520,91001,1,4,2013,2.0,0.0
601007620100001,92001,2,5,2013,2.0,0.0
921459910949003,92001,2,5,2013,1.0,0.0
006410820016400,91001,2,5,2013,1.0,0.0
200201098506111,92001,2,5,2013,,
140026018909190,91001,1,5,2013,1.0,0.0
050740160997497,92001,2,5,2013,2.0,1.0
098350260011200,92001,2,5,2013,3.0,0.0
060719041901597,92001,2,5,2013,2.0,0.0
100609919111983,92001,1,5,2013,2.0,0.0
310091969600860,92001,2,5,2013,2.0,0.0
716098589600846,92001,1,5,2013,2.0,0.0
108970720660004,92001,1,5,2013,3.0,0.0
198570880321000,91001,1,5,2013,1.0,0.0
828579420699002,92001,1,5,2013,3.0,0.0
889360677190780,91001,2,5,2013,1.0,0.0
080478078909578,91001,5,5,2013,,
178290120830002,92001,2,5,2013,3.0,0.0
690905012907798,92001,3,5,2013,3.0,0.0
502849520369100,92001,1,5,2013,3.0,0.0
904092168189200,91001,1,5,2013,1.0,0.0
251950071001318,92001,1,5,2013,2.0,0.0
033341870914585,91001,1,5,2013,1.0,0.0
067171170997599,92001,2,5,2013,2.0,0.0
210809958770996,92001,2,5,2013,3.0,1.0
210907944710090,92001,2,5,2013,3.0,0.0
220009969256296,92001,2,5,2013,3.0,0.0
199850619100682,91001,2,5,2013,1.0,0.0
150638099928309,91001,2,5,2013,1.0,0.0
389770560960982,91001,2,5,2013,1.0,0.0
142366098909194,91001,1,5,2013,1.0,0.0
499130152040712,92001,1,5,2013,1.0,0.0
925609210489201,92001,1,5,2013,2.0,0.0
298982804092607,92001,1,5,2013,3.0,0.0
820609977307297,91001,1,5,2013,1.0,0.0
045392870697844,91001,2,5,2013,1.0,0.0
206041503072811,92001,2,5,2013,1.0,0.0
365922609068069,92001,2,5,2013,3.0,0.0
689366359000914,91001,2,5,2013,1.0,0.0
810430076431899,92001,2,5,2013,2.0,0.0
130306931112498,92001,2,5,2013,2.0,0.0
230409955769395,92001,2,5,2013,3.0,0.0
986054882329060,92001,2,5,2013,3.0,1.0
047533840980291,91001,2,5,2013,1.0,0.0
093623140996697,92001,1,5,2013,2.0,1.0
030153260985592,92001,2,5,2013,3.0,0.0
065953860955899,91002,3,5,2013,1.0,0.0
085093860983199,91001,2,5,2013,1.0,0.0
088923260013005,92001,2,5,2013,3.0,1.0
230609958831747,92001,2,5,2013,3.0,0.0
263789082907894,92001,1,5,2013,3.0,0.0
972016847389510,91001,2,5,2013,1.0,0.0
270177007938740,91001,2,5,2013,1.0,0.0
860786097831129,92001,2,5,2013,2.0,0.0
071069121320480,92001,1,5,2013,3.0,0.0
653079997319290,92001,2,5,2013,2.0,0.0
992529410239400,92001,2,5,2013,1.0,0.0
098354220981290,92001,1,5,2013,3.0,1.0
494958209075299,91001,2,5,2013,1.0,0.0
210330596600084,91001,2,5,2013,,
948064054489610,91001,1,5,2013,1.0,0.0
080857096042779,92001,2,5,2013,3.0,0.0
926224980326401,91001,2,5,2013,1.0,0.0
975007572429160,92001,3,5,2013,3.0,0.0
108607534998397,91001,1,5,2013,1.0,0.0
302000414208008,92001,1,5,2013,3.0,0.0
684022038909399,91001,1,5,2013,1.0,0.0
708900744794538,91001,1,5,2013,1.0,0.0
084953012909661,92001,2,5,2013,1.0,1.0
840806923409097,91001,2,5,2013,1.0,0.0
182499679900759,91001,2,5,2013,1.0,0.0
126568899100986,92001,1,5,2013,3.0,0.0
045375240986797,92001,2,5,2013,3.0,0.0
595928006033439,91001,1,5,2013,1.0,0.0
735075851589520,91001,1,5,2013,1.0,0.0
250166007452320,92001,1,5,2013,2.0,0.0
620161002752270,92001,1,5,2013,3.0,0.0
601007620100001,92001,2,6,2013,1.0,0.0
098350260011200,92001,2,6,2013,2.0,0.0
996029110869004,92001,2,6,2013,1.0,1.0
060719041901597,92001,2,6,2013,1.0,0.0
083290260015902,92001,1,6,2013,2.0,1.0
100609919111983,92001,1,6,2013,1.0,0.0
696419220409002,92001,1,6,2013,2.0,1.0
099030280118609,92001,2,6,2013,2.0,0.0
108970720660004,92001,1,6,2013,2.0,0.0
828579420699002,92001,1,6,2013,2.0,0.0
073921803035918,92001,3,6,2013,1.0,0.0
490286062909874,92001,2,6,2013,2.0,0.0
311891013906395,92001,2,6,2013,3.0,0.0
951071703139420,92001,2,6,2013,3.0,0.0
310309951878985,92001,1,6,2013,3.0,1.0
251950071001318,92001,1,6,2013,1.0,0.0
067171170997599,92001,2,6,2013,1.0,0.0
927359610489100,92001,1,6,2013,1.0,0.0
210809906593371,92001,2,6,2013,2.0,1.0
942029985139850,92001,3,6,2013,3.0,0.0
691080043908395,92001,1,6,2013,3.0,0.0
220009969256296,92001,2,6,2013,2.0,0.0
440925092821689,92001,1,6,2013,1.0,1.0
103010630300201,92001,2,6,2013,3.0,0.0
499100701300732,92001,3,6,2013,2.0,1.0
559870261470922,92001,1,6,2013,2.0,0.0
918045572229760,92001,1,6,2013,2.0,1.0
925609210489201,92001,1,6,2013,1.0,0.0
298982804092607,92001,1,6,2013,2.0,0.0
027572360999993,92001,2,6,2013,3.0,0.0
365922609068069,92001,2,6,2013,2.0,0.0
399922202013127,92001,1,6,2013,2.0,0.0
810430076431899,92001,2,6,2013,1.0,0.0
130306931112498,92001,2,6,2013,1.0,0.0
030153260985592,92001,2,6,2013,2.0,0.0
088923260013005,92001,2,6,2013,2.0,1.0
230609958831747,92001,2,6,2013,2.0,0.0
263789082907894,92001,1,6,2013,2.0,0.0
666349720409303,92001,3,6,2013,2.0,0.0
936939530249309,92001,1,6,2013,3.0,0.0
399992905038849,92001,1,6,2013,2.0,1.0
860786097831129,92001,2,6,2013,1.0,0.0
071069121320480,92001,1,6,2013,2.0,0.0
290394097232569,92001,1,6,2013,2.0,1.0
992529410239400,92001,2,6,2013,,
098354220981290,92001,1,6,2013,2.0,1.0
424672083908197,92001,2,6,2013,3.0,0.0
972259130489401,92001,1,6,2013,3.0,0.0
714589630467404,92001,2,6,2013,3.0,0.0
012934160013605,92001,1,6,2013,1.0,0.0
049244360791294,92001,2,6,2013,3.0,1.0
975007572429160,92001,3,6,2013,2.0,0.0
827209720176406,92001,2,6,2013,2.0,1.0
302000414208008,92001,1,6,2013,2.0,0.0
340809966498187,92001,1,6,2013,3.0,0.0
030614380043207,92001,2,6,2013,3.0,0.0
494641013906398,92001,1,6,2013,1.0,0.0
085965100990198,92001,2,6,2013,1.0,0.0
350007918412080,92001,1,6,2013,2.0,1.0
423564539100981,92001,1,6,2013,2.0,0.0
199470007420715,92001,2,6,2013,1.0,0.0
102906135996403,92001,1,6,2013,2.0,0.0
045375240986797,92001,2,6,2013,2.0,0.0
602601475992354,92001,1,6,2013,2.0,0.0
790941098153339,92001,1,6,2013,3.0,0.0
402706485997535,92001,1,6,2013,1.0,0.0
350500068839615,92001,2,6,2013,3.0,0.0
502903050991802,92001,2,7,2013,1.0,0.0
031090220693791,92001,2,7,2013,1.0,0.0
820517004909079,92001,2,7,2013,3.0,1.0
599411891540640,92001,2,7,2013,3.0,0.0
048890360977890,92001,1,7,2013,2.0,1.0
098350260011200,92001,2,7,2013,1.0,0.0
936079430749006,92001,2,7,2013,2.0,0.0
704904140797576,92001,1,7,2013,3.0,0.0
108970720660004,92001,1,7,2013,1.0,0.0
828579420699002,92001,1,7,2013,1.0,0.0
196923909051086,92001,2,7,2013,2.0,0.0
431170259000533,92001,2,7,2013,2.0,0.0
547191479000974,92001,1,7,2013,3.0,0.0
903707521390650,92001,1,7,2013,2.0,1.0
311891013906395,92001,2,7,2013,2.0,0.0
310100554170041,92001,1,7,2013,3.0,1.0
194904608023329,92001,1,7,2013,3.0,0.0
946197619300994,92001,1,7,2013,3.0,0.0
345196509600774,92001,1,7,2013,3.0,1.0
051046157140420,92001,1,7,2013,3.0,1.0
304908321791397,92001,2,7,2013,3.0,0.0
310709938845684,92001,2,7,2013,2.0,1.0
210709853453443,92001,1,7,2013,1.0,1.0
982057807149850,92001,2,7,2013,3.0,1.0
210709936257498,92001,2,7,2013,1.0,1.0
091994082909578,92001,2,7,2013,1.0,1.0
310900007890913,92001,2,7,2013,2.0,1.0
691080043908395,92001,1,7,2013,2.0,0.0
420007934475499,92001,1,7,2013,3.0,1.0
055002410697293,92001,1,7,2013,3.0,1.0
103010630300201,92001,2,7,2013,2.0,0.0
153380640421202,92001,2,7,2013,3.0,0.0
489380644580742,92001,2,7,2013,3.0,1.0
942438034909372,92001,2,7,2013,3.0,1.0
089562250988396,92001,1,7,2013,1.0,0.0
559870261470922,92001,1,7,2013,1.0,0.0
298982804092607,92001,1,7,2013,1.0,0.0
792127084909493,92001,1,7,2013,3.0,0.0
851659740389301,92001,1,7,2013,3.0,1.0
909021423339620,92001,1,7,2013,2.0,0.0
678081967324510,92001,2,7,2013,1.0,0.0
399922202013127,92001,1,7,2013,1.0,0.0
613391073908798,92001,2,7,2013,2.0,1.0
088052188340730,92001,2,7,2013,3.0,1.0
430207969410193,92001,1,7,2013,,
910923070933069,92001,1,7,2013,2.0,1.0
522365524300999,92001,1,7,2013,1.0,0.0
744370779300955,92001,1,7,2013,,
069153240988299,92001,2,7,2013,1.0,0.0
390954505022419,92001,1,7,2013,,
489190562310943,92001,1,7,2013,3.0,0.0
030153260985592,92001,2,7,2013,1.0,0.0
053703460918694,92001,1,7,2013,3.0,0.0
230609958831747,92001,2,7,2013,1.0,0.0
263789082907894,92001,1,7,2013,1.0,0.0
626259640639300,92001,1,7,2013,3.0,1.0
430706971196197,92001,2,7,2013,3.0,1.0
204701023998568,92001,1,7,2013,3.0,1.0
094910976640644,92001,1,7,2013,3.0,0.0
440006988299198,92001,2,7,2013,3.0,1.0
882529040959409,92001,1,7,2013,3.0,0.0
908072807449320,92001,1,7,2013,3.0,0.0
972259130489401,92001,1,7,2013,2.0,0.0
723472609600735,92001,2,7,2013,1.0,0.0
975007572429160,92001,3,7,2013,1.0,0.0
302000414208008,92001,1,7,2013,1.0,0.0
340809966498187,92001,1,7,2013,2.0,0.0
440809906316890,92001,1,7,2013,3.0,0.0
604903204491738,92001,1,7,2013,,
032497569800872,92001,3,7,2013,2.0,1.0
702906744294208,92001,2,7,2013,1.0,1.0
938008819449370,92001,2,7,2013,3.0,1.0
105566003409068,92001,1,7,2013,1.0,0.0
004935400781893,92001,2,7,2013,3.0,1.0
947598479400943,92001,1,7,2013,3.0,0.0
045285084909492,92001,2,7,2013,3.0,0.0
045375240986797,92001,2,7,2013,1.0,0.0
602601475992354,92001,1,7,2013,1.0,0.0
402706485997535,92001,1,7,2013,,
597924800044539,92001,1,7,2013,3.0,0.0
350500068839615,92001,2,7,2013,2.0,0.0
041045460015803,92001,1,7,2013,3.0,1.0
041045460015803,92001,2,7,2013,3.0,1.0
106270640080500,92001,1,7,2013,3.0,0.0
136598879600866,92001,2,7,2013,2.0,0.0
299361408850640,92001,2,8,2013,2.0,0.0
599411891540640,92001,2,8,2013,2.0,0.0
959090077600618,92001,1,8,2013,3.0,0.0
505903560896486,92001,2,8,2013,3.0,0.0
400809991273298,92001,1,8,2013,2.0,0.0
018095106057901,92001,2,8,2013,3.0,0.0
570695070704449,92001,1,8,2013,2.0,0.0
690905015906778,92001,1,8,2013,3.0,0.0
360079540699106,92001,1,8,2013,2.0,1.0
501397075001519,92001,2,8,2013,3.0,0.0
547191479000974,92001,1,8,2013,2.0,0.0
903707521390650,92001,1,8,2013,1.0,1.0
137199689100150,92001,1,8,2013,1.0,0.0
311891013906395,92001,2,8,2013,1.0,0.0
991578850329100,92001,1,8,2013,3.0,0.0
249250290700951,92001,1,8,2013,2.0,1.0
194904608023329,92001,1,8,2013,2.0,0.0
946197619300994,92001,1,8,2013,2.0,0.0
951192969500058,92001,1,8,2013,3.0,0.0
190964305075647,92001,1,8,2013,2.0,1.0
304908321791397,92001,2,8,2013,2.0,0.0
437839950329101,92001,1,8,2013,3.0,0.0
982057807149850,92001,2,8,2013,2.0,1.0
310900007890913,92001,2,8,2013,1.0,1.0
942029985139850,92001,3,8,2013,1.0,0.0
016201590790192,92001,2,8,2013,3.0,0.0
691080043908395,92001,1,8,2013,1.0,0.0
005005292109102,92001,1,8,2013,3.0,0.0
103010630300201,92001,2,8,2013,1.0,0.0
005703152899983,92001,2,8,2013,,
153380640421202,92001,2,8,2013,2.0,0.0
942438034909372,92001,2,8,2013,2.0,1.0
900756092125549,92001,2,8,2013,3.0,0.0
320707978685466,92001,2,8,2013,1.0,0.0
294925303073728,92001,1,8,2013,3.0,0.0
266483509053709,92001,1,8,2013,1.0,1.0
792127084909493,92001,1,8,2013,2.0,0.0
199780925650733,92001,2,8,2013,1.0,0.0
851659740389301,92001,1,8,2013,2.0,1.0
170836079634759,92001,2,8,2013,2.0,1.0
084703340998698,92001,1,8,2013,1.0,0.0
084703340998698,92001,2,8,2013,1.0,0.0
352390679400842,92001,2,8,2013,3.0,1.0
489190562310943,92001,1,8,2013,2.0,0.0
735979950559307,92001,1,8,2013,3.0,0.0
053703460918694,92001,1,8,2013,2.0,0.0
392985504074636,92001,1,8,2013,3.0,0.0
969006912359820,92001,1,8,2013,3.0,0.0
204701023998568,92001,1,8,2013,2.0,1.0
430909937682390,92001,1,8,2013,2.0,1.0
934029703339670,92001,1,8,2013,1.0,1.0
094910976640644,92001,1,8,2013,2.0,0.0
270907077945749,92001,2,8,2013,3.0,0.0
414644003908496,92001,1,8,2013,1.0,1.0
882529040959409,92001,1,8,2013,2.0,0.0
908072807449320,92001,1,8,2013,2.0,0.0
440209915983193,92001,2,8,2013,2.0,0.0
972259130489401,92001,1,8,2013,1.0,0.0
684699540657409,92001,2,8,2013,2.0,0.0
136004141430910,92001,1,8,2013,1.0,0.0
110965072745479,92001,2,8,2013,3.0,0.0
340809966498187,92001,1,8,2013,1.0,0.0
440809906316890,92001,1,8,2013,2.0,0.0
899530811240954,92001,1,8,2013,3.0,0.0
938008819449370,92001,2,8,2013,2.0,1.0
105566003409068,92001,1,8,2013,,
004935400781893,92001,2,8,2013,2.0,1.0
597924800044539,92001,1,8,2013,2.0,0.0
350500068839615,92001,2,8,2013,1.0,0.0
926189330539503,92001,1,8,2013,1.0,0.0
106270640080500,92001,1,8,2013,2.0,0.0
136598879600866,92001,2,8,2013,1.0,0.0
410950766270060,92001,1,9,2013,3.0,0.0
599411891540640,92001,2,9,2013,1.0,0.0
350058046909794,92001,2,9,2013,3.0,1.0
540665098506999,92001,2,9,2013,2.0,1.0
959090077600618,92001,1,9,2013,2.0,0.0
505903560896486,92001,2,9,2013,2.0,0.0
400809991273298,92001,1,9,2013,1.0,0.0
570695070704449,92001,1,9,2013,1.0,0.0
690905015906778,92001,1,9,2013,2.0,0.0
501397075001519,92001,2,9,2013,2.0,0.0
547191479000974,92001,1,9,2013,1.0,0.0
991578850329100,92001,1,9,2013,2.0,0.0
141198709200954,92001,2,9,2013,1.0,0.0
194904608023329,92001,1,9,2013,1.0,0.0
431348025908698,92001,1,9,2013,2.0,0.0
946197619300994,92001,1,9,2013,1.0,0.0
690655097616068,92001,1,9,2013,3.0,0.0
951192969500058,92001,1,9,2013,2.0,0.0
304908321791397,92001,2,9,2013,1.0,0.0
437839950329101,92001,1,9,2013,2.0,0.0
051068194160820,92001,2,9,2013,3.0,0.0
810180425690061,92001,2,9,2013,3.0,1.0
049551590790095,92001,2,9,2013,2.0,0.0
016201590790192,92001,2,9,2013,2.0,0.0
005005292109102,92001,1,9,2013,2.0,0.0
153380640421202,92001,2,9,2013,1.0,0.0
297906306042427,92001,2,9,2013,3.0,0.0
942438034909372,92001,2,9,2013,1.0,1.0
552495066909196,92001,1,9,2013,3.0,0.0
293986506003699,92001,1,9,2013,3.0,0.0
923046984259280,92001,1,9,2013,2.0,0.0
294925303073728,92001,1,9,2013,2.0,0.0
792127084909493,92001,1,9,2013,1.0,0.0
851659740389301,92001,1,9,2013,1.0,1.0
489190562310943,92001,1,9,2013,1.0,0.0
735979950559307,92001,1,9,2013,2.0,0.0
053703460918694,92001,1,9,2013,1.0,0.0
392985504074636,92001,1,9,2013,2.0,0.0
663482084909591,92001,1,9,2013,,
969006912359820,92001,1,9,2013,2.0,0.0
030153570995592,92001,1,9,2013,2.0,0.0
399956905007779,92001,2,9,2013,3.0,0.0
204701023998568,92001,1,9,2013,1.0,1.0
999510369230953,92001,1,9,2013,2.0,0.0
094910976640644,92001,1,9,2013,1.0,0.0
010052139460650,92001,2,9,2013,3.0,0.0
882529040959409,92001,1,9,2013,1.0,0.0
908072807449320,92001,1,9,2013,1.0,0.0
440209915983193,92001,2,9,2013,1.0,0.0
566492369200902,92001,2,9,2013,,
684699540657409,92001,2,9,2013,1.0,0.0
110965072745479,92001,2,9,2013,2.0,0.0
640609938178976,92001,1,9,2013,3.0,0.0
440809906316890,92001,1,9,2013,1.0,0.0
899530811240954,92001,1,9,2013,2.0,0.0
977068862449750,92001,2,9,2013,1.0,0.0
024018171460140,92001,2,9,2013,3.0,1.0
640806922896194,92001,1,9,2013,3.0,0.0
806906294996658,92001,1,9,2013,3.0,0.0
505106085906978,92001,3,9,2013,,
310070548430065,92001,1,9,2013,3.0,0.0
513439460379500,92001,1,9,2013,3.0,0.0
597924800044539,92001,1,9,2013,1.0,0.0
106270640080500,92001,1,9,2013,1.0,0.0
760125066909997,92001,2,10,2013,2.0,0.0
092987002078678,92001,2,10,2013,3.0,0.0
110864097806129,92001,2,10,2013,2.0,0.0
920066726079300,92001,1,10,2013,3.0,1.0
959090077600618,92001,1,10,2013,1.0,0.0
505903560896486,92001,2,10,2013,1.0,0.0
018095106057901,92001,2,10,2013,1.0,0.0
230993098307159,92001,2,10,2013,,
690905015906778,92001,1,10,2013,1.0,0.0
690905017906798,92001,2,10,2013,3.0,0.0
710006469410193,92001,1,10,2013,3.0,1.0
195907402031030,92001,1,10,2013,3.0,0.0
501397075001519,92001,2,10,2013,1.0,0.0
991578850329100,92001,1,10,2013,1.0,0.0
971052789179530,92001,1,10,2013,3.0,0.0
431348025908698,92001,1,10,2013,1.0,0.0
923979470769108,92001,1,10,2013,3.0,0.0
052131550013004,92001,1,10,2013,1.0,0.0
951192969500058,92001,1,10,2013,1.0,0.0
599240461700671,92001,2,10,2013,3.0,0.0
437839950329101,92001,1,10,2013,1.0,0.0
051068194160820,92001,2,10,2013,2.0,0.0
049551590790095,92001,2,10,2013,1.0,0.0
016201590790192,92001,2,10,2013,1.0,0.0
005005292109102,92001,1,10,2013,1.0,0.0
297906306042427,92001,2,10,2013,2.0,0.0
806901952995424,92001,2,10,2013,2.0,0.0
552495066909196,92001,1,10,2013,2.0,0.0
293986506003699,92001,1,10,2013,2.0,0.0
860765092425929,92001,1,10,2013,1.0,0.0
923046984259280,92001,1,10,2013,1.0,0.0
279927300028778,92001,1,10,2013,3.0,0.0
294925303073728,92001,1,10,2013,1.0,0.0
988077920279010,92001,2,10,2013,3.0,0.0
907008939279890,92001,1,10,2013,3.0,0.0
056093186360830,92001,1,10,2013,2.0,0.0
352390679400842,92001,2,10,2013,1.0,0.0
480743095737649,92001,1,10,2013,3.0,0.0
640940094337149,92001,3,10,2013,3.0,0.0
943673057908595,92001,1,10,2013,3.0,0.0
735979950559307,92001,1,10,2013,1.0,0.0
392985504074636,92001,1,10,2013,1.0,0.0
969006912359820,92001,1,10,2013,1.0,0.0
906006636369400,92001,2,10,2013,2.0,0.0
030153570995592,92001,1,10,2013,1.0,0.0
399956905007779,92001,2,10,2013,2.0,0.0
965028912359240,92001,2,10,2013,1.0,1.0
999510369230953,92001,1,10,2013,1.0,0.0
270907077945749,92001,2,10,2013,1.0,0.0
010052139460650,92001,2,10,2013,2.0,0.0
822399260829400,92001,2,10,2013,2.0,0.0
110965072745479,92001,2,10,2013,1.0,0.0
640609938178976,92001,1,10,2013,2.0,0.0
740809933684488,92001,1,10,2013,3.0,0.0
740809941761487,92001,4,10,2013,3.0,1.0
740809941761487,92001,3,10,2013,3.0,0.0
899530811240954,92001,1,10,2013,1.0,0.0
024018171460140,92001,2,10,2013,2.0,1.0
640806922896194,92001,1,10,2013,2.0,0.0
806906294996658,92001,1,10,2013,2.0,0.0
384034017001602,92001,1,10,2013,3.0,0.0
561427306041089,92001,1,10,2013,3.0,0.0
933050674569200,92001,2,10,2013,2.0,0.0
970112013756950,92002,1,10,2013,,
310070548430065,92001,1,10,2013,2.0,0.0
975949670479509,92001,2,10,2013,3.0,0.0
907008405100265,92001,2,10,2013,3.0,0.0
058820810698999,92001,2,11,2013,3.0,0.0
000663096608389,92001,1,11,2013,,
096918907065679,92001,2,11,2013,3.0,0.0
260094017001202,92001,2,11,2013,2.0,0.0
660398066002907,92001,1,11,2013,1.0,0.0
760125066909997,92001,2,11,2013,1.0,0.0
016710860985093,92001,2,11,2013,3.0,0.0
092987002078678,92001,2,11,2013,2.0,0.0
110864097806129,92001,1,11,2013,1.0,0.0
110864097806129,92001,2,11,2013,1.0,0.0
540665098506999,92001,2,11,2013,1.0,1.0
679520952590970,92001,1,11,2013,2.0,0.0
920066726079300,92001,1,11,2013,2.0,1.0
092987206027643,92001,2,11,2013,2.0,0.0
147068138060390,92001,1,11,2013,1.0,0.0
168410080961004,92001,1,11,2013,,
004430890751694,92001,1,11,2013,3.0,0.0
290033047908175,92001,1,11,2013,2.0,0.0
669679980639002,92001,2,11,2013,3.0,0.0
690905017906798,92001,2,11,2013,2.0,0.0
899699480017003,92001,2,11,2013,3.0,0.0
195907402031030,92001,1,11,2013,2.0,0.0
710209987835888,92001,2,11,2013,2.0,0.0
971052789179530,92001,1,11,2013,2.0,0.0
951042357189420,92001,1,11,2013,3.0,0.0
721805068909295,92001,1,11,2013,3.0,0.0
931805057001306,92001,1,11,2013,2.0,1.0
923979470769108,92001,1,11,2013,2.0,0.0
608709071499625,92001,1,11,2013,3.0,0.0
599240461700671,92001,2,11,2013,2.0,0.0
935037144188350,92001,2,11,2013,3.0,0.0
051068194160820,92001,2,11,2013,1.0,0.0
542625008909291,92001,1,11,2013,3.0,0.0
806901952995424,92001,2,11,2013,1.0,0.0
552495066909196,92001,1,11,2013,1.0,0.0
808907132992655,92001,1,11,2013,3.0,0.0
293986506003699,92001,1,11,2013,1.0,0.0
862167088909795,92001,3,11,2013,3.0,0.0
408907992991476,92001,1,11,2013,3.0,1.0
279927300028778,92001,1,11,2013,2.0,0.0
988077920279010,92001,2,11,2013,2.0,0.0
907008939279890,92001,1,11,2013,2.0,0.0
304067507054181,92001,2,11,2013,2.0,1.0
056093186360830,92001,1,11,2013,1.0,0.0
052903840967596,92001,2,11,2013,3.0,0.0
469650059270983,92001,1,11,2013,3.0,0.0
640940094337149,92001,3,11,2013,2.0,0.0
943673057908595,92001,1,11,2013,2.0,0.0
906006636369400,92001,2,11,2013,1.0,0.0
392938705011939,92001,1,11,2013,3.0,0.0
010052139460650,92001,2,11,2013,1.0,0.0
224678038909995,92001,1,11,2013,3.0,0.0
044544048909576,92001,1,11,2013,3.0,0.0
156560980451408,92001,2,11,2013,3.0,0.0
640609938178976,92001,1,11,2013,1.0,0.0
740809933684488,92001,1,11,2013,2.0,0.0
740809941761487,92001,3,11,2013,2.0,0.0
024018171460140,92001,2,11,2013,1.0,1.0
406608964991228,92001,2,11,2013,1.0,0.0
640806922896194,92001,1,11,2013,1.0,0.0
806906294996658,92001,1,11,2013,1.0,0.0
687498979900791,92001,2,11,2013,2.0,0.0
561427306041089,92001,1,11,2013,2.0,0.0
930060933579520,92001,1,11,2013,2.0,0.0
380578319100906,92001,2,11,2013,3.0,0.0
408907335995781,92001,1,11,2013,3.0,0.0
025745610115808,92001,1,11,2013,1.0,0.0
173920760180505,92001,1,11,2013,1.0,0.0
310070548430065,92001,1,11,2013,1.0,0.0
513439460379500,92001,1,11,2013,1.0,0.0
975949670479509,92001,2,11,2013,2.0,0.0
907008405100265,92001,2,11,2013,2.0,0.0
652086973584240,92001,1,11,2013,3.0,0.0
850609961804994,92001,2,11,2013,3.0,1.0
058820810698999,92001,2,12,2013,2.0,0.0
620051091908178,93001,1,12,2013,3.0,0.0
096918907065679,92001,2,12,2013,2.0,0.0
016710860985093,92001,1,12,2013,2.0,0.0
016710860985093,92001,2,12,2013,2.0,0.0
092987002078678,92001,2,12,2013,1.0,0.0
011740160997694,93001,2,12,2013,3.0,1.0
050962093401739,93001,1,12,2013,3.0,0.0
004430890751694,92001,1,12,2013,2.0,0.0
075958007074947,92001,1,12,2013,2.0,1.0
669679980639002,92001,2,12,2013,2.0,0.0
690905017906798,92001,2,12,2013,1.0,0.0
114061207041001,93001,2,12,2013,3.0,0.0
195907402031030,92001,1,12,2013,1.0,0.0
211755051805294,93001,1,12,2013,3.0,0.0
710209987835888,92001,2,12,2013,1.0,0.0
971052789179530,92001,1,12,2013,1.0,0.0
951042357189420,92001,1,12,2013,2.0,0.0
721805068909295,92001,1,12,2013,2.0,0.0
923979470769108,92001,1,12,2013,1.0,0.0
414196409500131,93001,2,12,2013,3.0,1.0
608709071499625,92001,1,12,2013,2.0,0.0
599240461700671,92001,2,12,2013,1.0,0.0
599240461700911,93001,2,12,2013,,
413197438700072,93001,2,12,2013,3.0,1.0
170986099611759,93001,1,12,2013,3.0,0.0
640900098021349,93001,2,12,2013,3.0,1.0
299250848460912,93001,2,12,2013,2.0,0.0
479770560960712,93001,2,12,2013,3.0,0.0
542625008909291,92001,1,12,2013,2.0,0.0
015572860019706,92001,1,12,2013,2.0,1.0
996629410239206,93001,2,12,2013,3.0,1.0
862167088909795,92001,3,12,2013,2.0,0.0
408907992991476,92001,1,12,2013,2.0,1.0
279927300028778,92001,1,12,2013,1.0,0.0
988077920279010,92001,2,12,2013,1.0,0.0
907008939279890,92001,1,12,2013,1.0,0.0
550906090931319,93001,2,12,2013,3.0,0.0
469650059270983,92001,1,12,2013,2.0,0.0
640940094337149,92001,3,12,2013,1.0,0.0
943673057908595,92001,1,12,2013,1.0,0.0
501004453101737,93001,3,12,2013,3.0,0.0
398977500096778,92001,2,12,2013,1.0,0.0
392938705011939,92001,1,12,2013,2.0,0.0
260996098531539,93001,1,12,2013,3.0,0.0
140006933405393,93001,1,12,2013,3.0,1.0
504322078909196,92001,1,12,2013,2.0,0.0
140100098315910,93001,2,12,2013,3.0,1.0
497911408037218,93001,3,12,2013,3.0,0.0
224678038909995,92001,1,12,2013,2.0,0.0
044544048909576,92001,1,12,2013,2.0,0.0
407028306047591,92001,1,12,2013,2.0,0.0
140809953412881,93001,2,12,2013,2.0,0.0
740809933684488,92001,1,12,2013,1.0,0.0
740809941761487,92001,3,12,2013,1.0,0.0
899380138710914,93001,2,12,2013,3.0,0.0
008903164988068,92001,1,12,2013,2.0,0.0
384034017001602,92001,1,12,2013,1.0,0.0
459489970809405,92001,2,12,2013,1.0,0.0
099960521980615,93001,1,12,2013,3.0,0.0
561427306041089,92001,1,12,2013,1.0,0.0
750007937384988,92001,2,12,2013,1.0,1.0
930060933579520,92001,1,12,2013,1.0,0.0
380578319100906,92001,2,12,2013,2.0,0.0
408907335995781,92001,1,12,2013,2.0,0.0
975949670479509,92001,2,12,2013,1.0,0.0
907008405100265,92001,2,12,2013,1.0,0.0
652086973584240,92001,1,12,2013,2.0,0.0
058820810698999,92001,2,1,2014,1.0,0.0
002901120990966,93001,1,1,2014,3.0,0.0
096918907065679,92001,2,1,2014,1.0,0.0
016710860985093,92001,1,1,2014,1.0,0.0
016710860985093,92001,2,1,2014,1.0,0.0
402909460476216,93001,2,1,2014,,
011740160997694,93001,2,1,2014,2.0,1.0
071902604094889,93001,2,1,2014,2.0,0.0
086750190990991,93001,2,1,2014,2.0,1.0
004430890751694,92001,1,1,2014,1.0,0.0
075958007074947,92001,1,1,2014,1.0,1.0
669679980639002,92001,2,1,2014,1.0,0.0
969240092350920,93001,1,1,2014,3.0,1.0
114061207041001,93001,2,1,2014,2.0,0.0
211755051805294,93001,1,1,2014,2.0,0.0
951042357189420,92001,1,1,2014,1.0,0.0
721805068909295,92001,1,1,2014,1.0,0.0
110300014758318,93001,1,1,2014,2.0,0.0
414196409500131,93001,2,1,2014,2.0,1.0
608709071499625,92001,1,1,2014,1.0,0.0
413197438700072,93001,2,1,2014,2.0,1.0
170986099611759,93001,1,1,2014,2.0,0.0
299250848460912,93001,2,1,2014,1.0,0.0
260938061422954,93001,1,1,2014,3.0,1.0
479770560960712,93001,2,1,2014,2.0,0.0
862167088909795,92001,3,1,2014,1.0,0.0
408907992991476,92001,1,1,2014,1.0,1.0
408907992991476,92001,2,1,2014,1.0,1.0
290872098522389,93001,1,1,2014,3.0,0.0
708604143947573,92001,1,1,2014,1.0,0.0
230409965752099,93001,1,1,2014,3.0,0.0
230409965752099,93001,2,1,2014,3.0,0.0
469650059270983,92001,1,1,2014,1.0,0.0
904899710909301,93001,3,1,2014,2.0,0.0
546949920179309,93001,2,1,2014,3.0,0.0
397988304098639,92001,2,1,2014,1.0,0.0
098903270017905,93001,1,1,2014,3.0,0.0
260996098531539,93001,1,1,2014,2.0,0.0
140006933405393,93001,1,1,2014,2.0,1.0
504322078909196,92001,1,1,2014,1.0,0.0
004674810115304,92001,2,1,2014,1.0,0.0
050071176420870,93001,1,1,2014,3.0,0.0
140100098315910,93001,2,1,2014,2.0,1.0
927490199200933,93001,1,1,2014,3.0,0.0
497911408037218,93001,3,1,2014,2.0,0.0
224678038909995,92001,1,1,2014,1.0,0.0
044544048909576,92001,1,1,2014,1.0,0.0
985709410889409,93001,1,1,2014,2.0,0.0
407028306047591,92001,1,1,2014,1.0,0.0
620858097742339,93001,2,1,2014,1.0,0.0
550169016848540,92001,2,1,2014,1.0,1.0
157460020700406,93001,3,1,2014,3.0,1.0
092008100420780,93001,1,1,2014,3.0,0.0
491978607034884,92001,1,1,2014,1.0,1.0
099960521980615,93001,1,1,2014,2.0,0.0
591902904042199,93001,3,1,2014,3.0,0.0
408907335995781,92001,1,1,2014,1.0,0.0
824594239500978,93001,1,1,2014,3.0,0.0
652086973584240,92001,1,1,2014,1.0,0.0
085026139520360,93001,2,1,2014,3.0,1.0
199840552350630,93001,2,2,2014,3.0,0.0
640720073403459,93001,2,2,2014,3.0,0.0
002901120990966,93001,1,2,2014,2.0,0.0
260789083908894,93001,1,2,2014,3.0,1.0
300609978592053,93001,2,2,2014,3.0,0.0
677640114480930,93001,1,2,2014,3.0,0.0
580139093908098,93001,1,2,2014,3.0,0.0
071902604094889,93001,2,2,2014,1.0,0.0
969240092350920,93001,1,2,2014,2.0,1.0
999500252510730,93001,1,2,2014,3.0,1.0
302704101991690,93001,2,2,2014,1.0,0.0
114061207041001,93001,2,2,2014,1.0,0.0
211755051805294,93001,1,2,2014,1.0,0.0
196903100013206,93001,2,2,2014,3.0,0.0
946052622129460,93001,2,2,2014,2.0,0.0
110300014758318,93001,1,2,2014,1.0,0.0
414196409500131,93001,2,2,2014,1.0,1.0
803908351698877,93001,2,2,2014,3.0,1.0
907097365129760,93001,2,2,2014,2.0,0.0
170986099611759,93001,1,2,2014,1.0,0.0
430983096513949,93001,1,2,2014,3.0,1.0
703050951239950,93001,2,2,2014,3.0,0.0
261953905006159,93001,1,2,2014,3.0,0.0
299250848460912,93001,2,2,2014,,
260938061422954,93001,1,2,2014,2.0,1.0
479770560960712,93001,2,2,2014,1.0,0.0
436989510119206,93001,1,2,2014,1.0,0.0
290872098522389,93001,1,2,2014,2.0,0.0
550906090931319,93001,2,2,2014,1.0,0.0
000243110998990,93001,2,2,2014,1.0,0.0
230409965752099,93001,1,2,2014,2.0,0.0
230409965752099,93001,2,2,2014,2.0,0.0
940075747339550,93001,1,2,2014,3.0,0.0
026723360994892,93001,1,2,2014,3.0,0.0
393953200051656,93001,1,2,2014,3.0,0.0
393953200051656,93001,2,2,2014,3.0,0.0
918006771319270,93001,1,2,2014,1.0,1.0
963792083908393,93001,1,2,2014,3.0,0.0
098903270017905,93001,1,2,2014,2.0,0.0
260996098531539,93001,1,2,2014,1.0,0.0
959170798680923,93001,1,2,2014,,
140006933405393,93001,1,2,2014,1.0,1.0
927490199200933,93001,1,2,2014,2.0,0.0
497911408037218,93001,3,2,2014,1.0,0.0
244570063906995,93001,4,2,2014,3.0,0.0
985709410889409,93001,1,2,2014,1.0,0.0
499993905038748,93001,2,2,2014,3.0,0.0
092008100420780,93001,1,2,2014,2.0,0.0
899380138710914,93001,1,2,2014,1.0,0.0
099960521980615,93001,1,2,2014,1.0,0.0
591902904042199,93001,3,2,2014,2.0,0.0
092795350970790,93001,1,2,2014,3.0,0.0
824594239500978,93001,1,2,2014,2.0,0.0
920779024909779,93001,2,3,2014,3.0,0.0
400207909158790,93001,2,3,2014,3.0,0.0
640720073403459,93001,2,3,2014,2.0,0.0
720822092904495,93001,2,3,2014,1.0,1.0
979064623049210,93001,1,3,2014,3.0,0.0
002901120990966,93001,1,3,2014,1.0,0.0
260789083908894,93001,1,3,2014,2.0,1.0
300609978592053,93001,2,3,2014,2.0,0.0
400609992132295,93001,3,3,2014,3.0,0.0
676889440829009,93001,2,3,2014,3.0,0.0
804902990791886,93001,1,3,2014,3.0,0.0
096954805025602,93001,2,3,2014,3.0,0.0
024090360975798,93001,1,3,2014,2.0,0.0
071902604094889,93001,2,3,2014,,
810150183390140,93001,2,3,2014,3.0,0.0
999500252510730,93001,1,3,2014,2.0,1.0
168912905090039,93001,1,3,2014,1.0,0.0
850279540777101,93001,1,3,2014,3.0,0.0
957051197149930,93001,1,3,2014,3.0,0.0
196903100013206,93001,2,3,2014,2.0,0.0
946052622129460,93001,2,3,2014,1.0,0.0
853149420409109,93001,2,3,2014,1.0,0.0
002906911293945,93001,1,3,2014,1.0,1.0
739770560960921,93001,1,3,2014,1.0,0.0
199922808012769,93001,1,3,2014,1.0,0.0
703050951239950,93001,2,3,2014,2.0,0.0
110600316280042,93001,1,3,2014,3.0,0.0
940273689100955,93001,2,3,2014,3.0,0.0
261953905006159,93001,1,3,2014,2.0,0.0
504908462792813,93001,1,3,2014,3.0,0.0
442789013905972,93001,2,3,2014,2.0,0.0
530943095423439,93001,2,3,2014,2.0,0.0
290872098522389,93001,1,3,2014,1.0,0.0
244292959900960,93001,2,3,2014,3.0,0.0
328205760900242,93001,1,3,2014,1.0,0.0
389600489180743,93001,2,3,2014,3.0,0.0
230409965752099,93001,1,3,2014,1.0,0.0
230409965752099,93001,2,3,2014,1.0,0.0
940075747339550,93001,1,3,2014,2.0,0.0
026723360994892,93001,1,3,2014,2.0,0.0
649150608760933,93001,2,3,2014,2.0,0.0
689850995490943,93001,1,3,2014,3.0,0.0
963792083908393,93001,1,3,2014,2.0,0.0
098903270017905,93001,1,3,2014,1.0,0.0
927490199200933,93001,1,3,2014,1.0,0.0
589670464440944,93001,2,3,2014,3.0,0.0
092008100420780,93001,1,3,2014,1.0,0.0
440800066498147,93001,1,3,2014,3.0,0.0
889219440769401,93001,2,3,2014,3.0,0.0
340909916000183,93001,1,3,2014,2.0,0.0
450309933096596,93001,1,3,2014,3.0,0.0
990940094353899,93001,1,3,2014,2.0,0.0
092795350970790,93001,1,3,2014,2.0,0.0
824594239500978,93001,1,3,2014,1.0,0.0
110963190004004,02011,2,4,2014,3.0,1.0
199840552350630,93001,2,4,2014,1.0,0.0
920779024909779,93001,2,4,2014,2.0,0.0
400207909158790,93001,2,4,2014,2.0,0.0
640720073403459,93001,2,4,2014,1.0,0.0
979064623049210,93001,1,4,2014,2.0,0.0
300609978592053,93001,2,4,2014,1.0,0.0
676889440829009,93001,2,4,2014,2.0,0.0
804902990791886,93001,1,4,2014,2.0,0.0
096954805025602,93001,2,4,2014,2.0,0.0
560228043905499,93001,2,4,2014,1.0,0.0
927056434037620,93001,2,4,2014,1.0,0.0
024090360975798,93001,1,4,2014,1.0,0.0
810150183390140,93001,2,4,2014,2.0,0.0
840077929800924,93001,2,4,2014,2.0,0.0
290532084909496,93001,1,4,2014,2.0,0.0
736009941039910,93001,2,4,2014,1.0,0.0
096020670104551,02011,1,4,2014,3.0,0.0
850279540777101,93001,1,4,2014,2.0,0.0
010110824067481,02111,1,4,2014,3.0,0.0
957051197149930,93001,1,4,2014,2.0,0.0
106240019073210,02011,1,4,2014,3.0,0.0
196903100013206,93001,2,4,2014,1.0,0.0
531539004909196,93001,1,4,2014,2.0,0.0
703050951239950,93001,2,4,2014,1.0,0.0
710003042119190,02011,1,4,2014,2.0,0.0
110600316280042,93001,1,4,2014,2.0,0.0
940273689100955,93001,2,4,2014,2.0,0.0
261953905006159,93001,1,4,2014,1.0,0.0
580927095123639,93001,2,4,2014,1.0,0.0
442789013905972,93001,2,4,2014,1.0,0.0
530943095423439,93001,2,4,2014,1.0,0.0
262426054907195,93001,3,4,2014,2.0,0.0
093079849200571,02011,2,4,2014,3.0,0.0
020910154182165,02011,2,4,2014,3.0,0.0
244292959900960,93001,2,4,2014,2.0,0.0
151314002230240,02111,1,4,2014,3.0,0.0
910071869349520,93001,1,4,2014,1.0,0.0
389600489180743,93001,2,4,2014,2.0,0.0
011033807300001,02011,1,4,2014,3.0,1.0
093053815300141,02011,1,4,2014,3.0,0.0
940075747339550,93001,1,4,2014,1.0,0.0
026723360994892,93001,1,4,2014,1.0,0.0
649150608760933,93001,2,4,2014,1.0,0.0
689850995490943,93001,1,4,2014,2.0,0.0
963792083908393,93001,1,4,2014,1.0,0.0
030610031194349,02011,2,4,2014,3.0,0.0
030710146336650,02011,2,4,2014,3.0,0.0
399954300095879,93001,1,4,2014,2.0,0.0
130410581841004,02011,1,4,2014,3.0,0.0
497924306047299,93001,1,4,2014,2.0,0.0
589670464440944,93001,2,4,2014,2.0,0.0
440800066498147,93001,1,4,2014,2.0,0.0
889219440769401,93001,2,4,2014,2.0,0.0
110000034407109,02011,1,4,2014,3.0,0.0
034485410010307,93001,1,4,2014,2.0,0.0
450309933096596,93001,1,4,2014,2.0,0.0
092795350970790,93001,1,4,2014,1.0,0.0
110963190004004,02011,2,5,2014,2.0,1.0
031317006700360,02111,2,5,2014,2.0,0.0
920779024909779,93001,2,5,2014,1.0,0.0
400207909158790,93001,2,5,2014,1.0,0.0
979064623049210,93001,1,5,2014,1.0,0.0
306000872410618,02011,1,5,2014,2.0,0.0
000610054182125,02011,2,5,2014,3.0,0.0
400609960478393,93001,2,5,2014,1.0,0.0
400609992132295,93001,3,5,2014,1.0,0.0
676889440829009,93001,2,5,2014,1.0,0.0
804902990791886,93001,1,5,2014,1.0,0.0
096954805025602,93001,2,5,2014,1.0,0.0
216867401440001,02011,1,5,2014,2.0,0.0
810150183390140,93001,2,5,2014,1.0,0.0
840077929800924,93001,2,5,2014,1.0,0.0
074994901030967,93001,1,5,2014,1.0,0.0
521306008210340,02111,1,5,2014,3.0,1.0
521306008210340,02111,2,5,2014,3.0,1.0
850279540777101,93001,1,5,2014,1.0,0.0
957051197149930,93001,1,5,2014,1.0,0.0
005761420013508,93001,1,5,2014,1.0,0.0
492032301660105,02011,1,5,2014,2.0,1.0
010006951839682,02011,1,5,2014,3.0,1.0
010210015199144,02011,2,5,2014,3.0,0.0
106240019073210,02011,1,5,2014,2.0,0.0
330910190001001,02011,2,5,2014,2.0,0.0
971368008210040,02011,1,5,2014,3.0,0.0
010710047236621,02011,1,5,2014,3.0,0.0
810670464441001,02011,2,5,2014,3.0,0.0
710003042119190,02011,1,5,2014,1.0,0.0
110600316280042,93001,1,5,2014,1.0,0.0
810004122404052,02011,1,5,2014,2.0,0.0
404541401760202,02011,1,5,2014,3.0,0.0
535380001750202,02011,1,5,2014,3.0,0.0
114762060010307,02011,1,5,2014,3.0,0.0
093079849200571,02011,2,5,2014,2.0,0.0
020910154182165,02011,2,5,2014,2.0,0.0
244292959900960,93001,2,5,2014,1.0,0.0
151314002230240,02111,1,5,2014,2.0,0.0
221816009330200,02011,1,5,2014,2.0,1.0
389600489180743,93001,2,5,2014,1.0,0.0
093053815300141,02011,1,5,2014,2.0,0.0
092073151340050,93001,1,5,2014,1.0,0.0
030410124593082,02011,2,5,2014,2.0,0.0
543495160002106,02111,2,5,2014,3.0,0.0
030510118096567,02011,2,5,2014,3.0,0.0
110009453905665,02011,2,5,2014,3.0,0.0
491552003830330,02011,1,5,2014,1.0,0.0
689850995490943,93001,1,5,2014,1.0,0.0
030610031194349,02011,2,5,2014,2.0,0.0
030710146336650,02011,2,5,2014,2.0,0.0
041379001930370,02011,2,5,2014,2.0,0.0
399954300095879,93001,1,5,2014,1.0,0.0
035069505300871,02011,1,5,2014,3.0,0.0
130410581841004,02011,1,5,2014,2.0,0.0
810002664019272,02011,1,5,2014,3.0,0.0
440409924593092,93001,2,5,2014,1.0,0.0
589670464440944,93001,2,5,2014,1.0,0.0
702408740610280,02011,2,5,2014,3.0,0.0
741930526491004,02011,1,5,2014,3.0,1.0
741930526491004,02011,2,5,2014,3.0,1.0
040710040534726,02011,2,5,2014,3.0,0.0
403300016062826,02011,4,5,2014,1.0,0.0
934028603449670,93001,1,5,2014,1.0,0.0
207408621810024,02011,2,5,2014,3.0,0.0
440800066498147,93001,1,5,2014,1.0,0.0
889219440769401,93001,2,5,2014,1.0,0.0
110000034407109,02011,1,5,2014,2.0,0.0
881507001650660,02011,1,5,2014,3.0,0.0
110610712591005,02011,1,5,2014,3.0,0.0
450309933096596,93001,1,5,2014,1.0,0.0
156005050045916,02011,1,5,2014,2.0,0.0
306000872410618,02011,1,6,2014,1.0,0.0
471520952591000,02011,2,6,2014,3.0,0.0
551742005900921,02011,2,6,2014,3.0,0.0
000610054182125,02011,2,6,2014,2.0,0.0
460644160108407,02011,2,6,2014,3.0,0.0
000810069410193,02011,1,6,2014,3.0,0.0
780203110007504,02011,2,6,2014,1.0,1.0
521306008210340,02111,1,6,2014,2.0,1.0
521306008210340,02111,2,6,2014,2.0,1.0
606100723010899,02011,2,6,2014,1.0,0.0
141617015710470,02111,1,6,2014,1.0,1.0
010006951839682,02011,1,6,2014,2.0,1.0
106240019073210,02011,1,6,2014,1.0,0.0
407109230210793,02011,1,6,2014,,
721743140108004,02011,1,6,2014,2.0,1.0
910001971407957,02011,2,6,2014,1.0,0.0
010710047236621,02011,1,6,2014,2.0,0.0
010710047236621,02011,2,6,2014,2.0,1.0
271432160101309,02011,2,6,2014,3.0,0.0
571388180800807,02011,1,6,2014,,
810670464441001,02011,2,6,2014,2.0,0.0
129091080012400,02011,2,6,2014,3.0,0.0
020210052142226,02011,2,6,2014,2.0,1.0
322220150002606,02011,2,6,2014,2.0,0.0
210380957091002,02011,2,6,2014,2.0,0.0
404541401760202,02011,1,6,2014,2.0,0.0
020410165308063,02011,1,6,2014,3.0,1.0
020410165308063,02011,2,6,2014,3.0,0.0
410001272205135,02111,1,6,2014,3.0,0.0
535380001750202,02011,1,6,2014,2.0,0.0
552415130004901,02011,1,6,2014,2.0,0.0
020610022718244,02011,1,6,2014,1.0,0.0
114762060010307,02011,1,6,2014,2.0,0.0
771390228071002,02011,1,6,2014,2.0,0.0
205070814044804,02011,2,6,2014,3.0,0.0
010006913443942,02011,2,6,2014,1.0,0.0
304490911030264,02011,2,6,2014,1.0,0.0
093053815300141,02011,1,6,2014,1.0,0.0
030410124593082,02011,2,6,2014,1.0,0.0
455402501470307,02011,2,6,2014,2.0,1.0
300180418016693,02011,1,6,2014,3.0,0.0
306300281610044,02011,1,6,2014,3.0,0.0
030710146336650,02011,2,6,2014,1.0,0.0
902309900710903,02011,1,6,2014,3.0,1.0
304150913081886,02011,1,6,2014,3.0,0.0
828510001090309,02011,2,6,2014,3.0,1.0
130410581841004,02011,1,6,2014,1.0,0.0
810002664019272,02011,1,6,2014,2.0,0.0
104934040011803,02111,1,6,2014,3.0,0.0
025055899400251,02011,3,6,2014,1.0,0.0
654332190004801,02011,2,6,2014,1.0,0.0
134354060019803,02111,1,6,2014,1.0,0.0
110000034407109,02011,1,6,2014,1.0,0.0
881507001650660,02011,1,6,2014,2.0,0.0
110610712591005,02011,1,6,2014,2.0,0.0
341111007050000,02011,1,6,2014,3.0,0.0
445170180007103,02111,1,6,2014,3.0,0.0
910005855909204,02111,1,6,2014,2.0,1.0
156005050045916,02011,1,6,2014,1.0,0.0
261567003450970,02011,1,6,2014,3.0,1.0
083044629000911,02011,2,7,2014,3.0,0.0
471520952591000,02011,2,7,2014,2.0,0.0
551742005900921,02011,2,7,2014,2.0,0.0
000510138052506,02011,1,7,2014,3.0,1.0
000610054182125,02011,2,7,2014,1.0,0.0
460644160108407,02011,2,7,2014,2.0,0.0
001096559000021,02011,2,7,2014,2.0,1.0
008090712003659,02011,2,7,2014,1.0,1.0
099006673000031,02011,2,7,2014,1.0,0.0
410004900012126,02011,1,7,2014,1.0,1.0
561763018500472,02011,2,7,2014,3.0,1.0
000810069410193,02011,1,7,2014,2.0,0.0
850580737181000,02011,1,7,2014,3.0,1.0
157711000022537,02011,1,7,2014,1.0,0.0
103108359110119,02011,1,7,2014,2.0,0.0
692410201400102,02011,2,7,2014,1.0,0.0
010006951839682,02011,1,7,2014,1.0,1.0
010210015199144,02011,2,7,2014,1.0,0.0
521558160301409,02011,2,7,2014,1.0,0.0
024093226101701,02011,1,7,2014,3.0,0.0
104070512052557,02011,1,7,2014,3.0,1.0
451363002010360,02011,2,7,2014,3.0,0.0
910001971407957,02011,2,7,2014,,
010710065564973,02011,2,7,2014,2.0,0.0
271432160101309,02011,2,7,2014,2.0,0.0
810670464441001,02011,2,7,2014,1.0,0.0
502871110002602,02111,1,7,2014,3.0,1.0
502871110002602,02111,2,7,2014,3.0,1.0
020210052142226,02011,2,7,2014,1.0,1.0
210380957091002,02011,2,7,2014,1.0,0.0
020310177669550,02011,2,7,2014,1.0,0.0
020310096717695,02011,2,7,2014,1.0,1.0
404541401760202,02011,1,7,2014,1.0,0.0
020410165308063,02011,2,7,2014,2.0,0.0
027075608200481,02111,2,7,2014,3.0,0.0
141162050016309,02111,1,7,2014,2.0,1.0
185092050063109,02011,2,7,2014,1.0,0.0
410001272205135,02111,1,7,2014,2.0,0.0
145422060082606,02011,1,7,2014,1.0,1.0
145422060082606,02011,2,7,2014,1.0,1.0
771390228071002,02011,1,7,2014,1.0,0.0
020810189045005,02111,2,7,2014,3.0,1.0
601208960810255,02011,2,7,2014,2.0,1.0
205070814044804,02011,2,7,2014,2.0,0.0
020910031022471,02011,1,7,2014,3.0,0.0
020910094324928,02111,3,7,2014,3.0,1.0
281998000220651,02011,1,7,2014,1.0,0.0
710001893209670,02111,1,7,2014,1.0,0.0
050990057571003,02111,1,7,2014,1.0,0.0
141033020056959,02011,2,7,2014,2.0,0.0
066073699300201,02011,1,7,2014,1.0,0.0
030410081509899,02011,1,7,2014,2.0,1.0
106943040014601,02111,2,7,2014,3.0,1.0
141547005730470,02011,1,7,2014,1.0,1.0
643006110002505,02011,2,7,2014,2.0,1.0
030510118096567,02011,2,7,2014,1.0,0.0
040075447302551,02011,1,7,2014,1.0,1.0
455402501470307,02011,2,7,2014,1.0,1.0
202300860510757,02011,1,7,2014,2.0,1.0
110009453905665,02011,2,7,2014,1.0,0.0
300180418016693,02011,1,7,2014,2.0,0.0
901562001230440,02011,2,7,2014,1.0,0.0
063027405302851,02011,1,7,2014,3.0,0.0
033058394300931,02111,1,7,2014,3.0,0.0
018048272301761,02111,2,7,2014,1.0,1.0
304150913081886,02011,1,7,2014,2.0,0.0
304150913081886,02011,3,7,2014,2.0,1.0
828510001090309,02011,2,7,2014,2.0,1.0
451393004830130,02011,1,7,2014,,
559430701110302,02011,2,7,2014,2.0,0.0
400180715095283,02011,1,7,2014,2.0,0.0
040210158214006,02011,1,7,2014,1.0,0.0
104934040011803,02111,1,7,2014,2.0,0.0
055085361400891,02011,1,7,2014,3.0,1.0
031015619400911,02011,2,7,2014,1.0,1.0
205404821610037,02011,2,7,2014,3.0,0.0
702408740610280,02011,2,7,2014,1.0,0.0
150364070063802,02011,1,7,2014,3.0,0.0
441175000040060,02011,2,7,2014,2.0,1.0
077068762402751,02011,1,7,2014,2.0,1.0
166084080093130,02011,2,7,2014,3.0,0.0
860770334381004,02011,2,7,2014,3.0,0.0
310005264015869,02011,2,7,2014,1.0,1.0
000010666500851,02011,1,7,2014,1.0,0.0
000010666500851,02011,2,7,2014,1.0,0.0
037090561500711,02011,2,7,2014,2.0,0.0
063080681500701,02011,1,7,2014,1.0,1.0
550440601500504,02011,2,7,2014,1.0,1.0
881507001650660,02011,1,7,2014,1.0,0.0
110610712591005,02011,1,7,2014,1.0,0.0
501080914083164,02011,1,7,2014,2.0,0.0
050110077428777,02011,2,7,2014,3.0,1.0
341111007050000,02011,1,7,2014,2.0,0.0
095013416501061,02011,2,7,2014,3.0,1.0
120455040078218,02111,1,7,2014,1.0,0.0
055084561500891,02011,1,7,2014,1.0,1.0
055084561500891,02011,2,7,2014,1.0,1.0
109935040038904,02111,2,7,2014,2.0,1.0
450580195861005,02011,1,7,2014,1.0,1.0
261567003450970,02011,1,7,2014,2.0,1.0
006230115050160,03111,1,8,2014,3.0,0.0
005160512052145,02011,1,8,2014,2.0,0.0
250710078641000,02011,1,8,2014,1.0,0.0
083044629000911,02011,2,8,2014,2.0,0.0
471520952591000,02011,2,8,2014,1.0,0.0
551742005900921,02011,2,8,2014,1.0,0.0
011859009300370,03011,1,8,2014,3.0,0.0
125960060079028,02011,1,8,2014,2.0,1.0
460644160108407,02011,2,8,2014,1.0,0.0
508019978610514,02011,1,8,2014,1.0,0.0
615060574781000,03011,2,8,2014,3.0,0.0
103108359110119,02011,1,8,2014,1.0,0.0
241370380261001,02011,2,8,2014,1.0,0.0
307111712210817,03011,1,8,2014,3.0,0.0
250680127831001,02011,1,8,2014,1.0,1.0
024093226101701,02011,1,8,2014,2.0,0.0
147141060090612,03111,2,8,2014,3.0,0.0
700126979710156,03011,1,8,2014,3.0,0.0
764030996101101,02011,2,8,2014,2.0,1.0
909103991710691,03011,1,8,2014,3.0,0.0
010710065564973,02011,2,8,2014,1.0,0.0
271432160101309,02011,2,8,2014,1.0,0.0
101010916090734,03011,1,8,2014,3.0,1.0
101010916090734,03011,2,8,2014,3.0,1.0
205105940910279,03011,2,8,2014,3.0,0.0
020210101694061,03111,2,8,2014,3.0,0.0
020310177669550,02011,2,8,2014,,
020410165308063,02011,2,8,2014,1.0,0.0
654610701090206,03011,2,8,2014,3.0,1.0
014056348204191,03011,1,8,2014,3.0,1.0
010008692203997,03011,1,8,2014,3.0,1.0
000017556200781,03011,1,8,2014,3.0,1.0
205070814044804,02011,2,8,2014,1.0,0.0
020910031022471,02011,1,8,2014,2.0,0.0
281998000220651,02011,1,8,2014,,
051000321300861,03011,1,8,2014,3.0,1.0
050990057571003,02111,1,8,2014,,
802302200010996,02111,2,8,2014,,
706306951210560,03111,2,8,2014,3.0,0.0
030410081509899,02011,1,8,2014,1.0,1.0
491770504751003,02011,2,8,2014,2.0,0.0
106943040014601,02111,2,8,2014,2.0,1.0
510000063206154,02011,1,8,2014,2.0,0.0
202300860510757,02011,1,8,2014,1.0,1.0
300180418016693,02011,1,8,2014,1.0,0.0
301190910010606,03011,1,8,2014,3.0,0.0
691820171071003,03011,1,8,2014,3.0,1.0
121568001030400,02011,2,8,2014,1.0,0.0
030710174197454,03011,1,8,2014,3.0,0.0
063027405302851,02011,1,8,2014,2.0,0.0
309020319076734,02011,3,8,2014,,
510007793818347,03011,1,8,2014,3.0,0.0
673100120004201,02011,2,8,2014,1.0,0.0
033058394300931,02111,1,8,2014,2.0,0.0
176163080082304,03011,2,8,2014,3.0,1.0
830670519721003,02011,1,8,2014,2.0,0.0
143183080078529,03011,2,8,2014,3.0,0.0
288722201930309,03011,1,8,2014,3.0,1.0
304150913081886,02011,1,8,2014,1.0,0.0
304150913081886,02011,3,8,2014,1.0,1.0
030910161111002,03011,1,8,2014,3.0,1.0
177163090002250,03011,2,8,2014,3.0,0.0
559430701110302,02011,2,8,2014,1.0,0.0
035060305400871,03111,2,8,2014,3.0,1.0
510004504614461,03011,1,8,2014,3.0,0.0
040210174579163,03011,1,8,2014,3.0,0.0
510005164110102,03011,1,8,2014,3.0,1.0
412200315043476,03011,1,8,2014,3.0,0.0
150364070063802,02011,1,8,2014,2.0,0.0
441175000040060,02011,2,8,2014,1.0,1.0
166084080093130,02011,2,8,2014,2.0,0.0
598195501970407,02011,4,8,2014,2.0,0.0
184156190007407,02011,1,8,2014,2.0,1.0
860770334381004,02011,2,8,2014,2.0,0.0
040910122718284,02011,1,8,2014,2.0,1.0
037090561500711,02011,2,8,2014,1.0,0.0
606501903010862,03011,2,8,2014,3.0,0.0
501080914083164,02011,1,8,2014,1.0,0.0
341111007050000,02011,1,8,2014,1.0,0.0
807501940110220,02011,1,8,2014,2.0,0.0
167495010019704,03011,1,8,2014,3.0,0.0
381116000850990,03011,1,8,2014,3.0,0.0
245950180300303,03011,1,8,2014,3.0,0.0
445837150100402,03011,2,8,2014,,
621344004650480,02011,2,8,2014,2.0,0.0
006230115050160,03111,1,9,2014,2.0,0.0
005160512052145,02011,1,9,2014,1.0,0.0
083044629000911,02011,2,9,2014,1.0,0.0
764221101720007,03011,1,9,2014,,
123870050048811,02011,1,9,2014,1.0,0.0
011859009300370,03011,1,9,2014,2.0,0.0
181770080078315,03011,2,9,2014,2.0,0.0
103008351910619,02011,1,9,2014,1.0,0.0
190350120002801,02011,2,9,2014,1.0,0.0
103108359110119,02011,1,9,2014,,
710008681905432,02011,1,9,2014,1.0,0.0
103320813035210,03011,1,9,2014,3.0,0.0
202109381210595,02011,2,9,2014,1.0,0.0
321388160201918,03011,2,9,2014,3.0,0.0
024093226101701,02011,1,9,2014,1.0,0.0
187421060030908,03111,2,9,2014,3.0,0.0
451363002010360,02011,2,9,2014,1.0,0.0
139331070007156,02011,2,9,2014,1.0,1.0
909103991710691,03011,1,9,2014,2.0,0.0
020010088015629,03011,2,9,2014,2.0,0.0
144502000033402,03011,1,9,2014,3.0,0.0
110003072206401,03011,1,9,2014,,
020210101694061,03111,2,9,2014,2.0,0.0
510004652117303,03011,2,9,2014,2.0,0.0
207600717027534,03011,1,9,2014,2.0,0.0
530440668241002,03111,1,9,2014,,
206370113010740,02011,1,9,2014,1.0,0.0
202020810054889,03011,1,9,2014,2.0,0.0
202020810054889,03011,2,9,2014,2.0,0.0
022068300200111,03011,2,9,2014,3.0,0.0
121715000430481,03011,2,9,2014,3.0,0.0
706306951210560,03111,2,9,2014,2.0,0.0
401235000830371,03011,2,9,2014,3.0,0.0
100301282410304,03011,1,9,2014,2.0,0.0
305550017074547,03011,1,9,2014,3.0,0.0
553026170007109,02011,1,9,2014,1.0,0.0
572770504751003,03011,2,9,2014,3.0,0.0
147443060091937,03011,2,9,2014,2.0,0.0
301190910010606,03011,1,9,2014,2.0,0.0
030710174197454,03011,1,9,2014,2.0,0.0
063027405302851,02011,1,9,2014,1.0,0.0
197804001200304,03011,1,9,2014,,
373968190108305,02011,1,9,2014,1.0,1.0
033058394300931,02111,1,9,2014,1.0,0.0
830670519721003,02011,1,9,2014,1.0,0.0
143183080078529,03011,2,9,2014,2.0,0.0
177163090002250,03011,2,9,2014,2.0,0.0
610002314908420,03111,1,9,2014,3.0,0.0
030890045501004,03011,1,9,2014,3.0,0.0
040210021511993,03011,2,9,2014,3.0,0.0
040210174579163,03011,1,9,2014,2.0,0.0
412200315043476,03011,1,9,2014,2.0,0.0
040510051481447,03111,2,9,2014,3.0,0.0
176088741401691,03011,1,9,2014,2.0,0.0
166084080093130,02011,2,9,2014,1.0,0.0
047008375400641,03011,1,9,2014,3.0,0.0
606401630810924,03011,2,9,2014,3.0,0.0
860770334381004,02011,2,9,2014,1.0,0.0
505180915096065,03011,1,9,2014,3.0,0.0
606501903010862,03011,2,9,2014,2.0,0.0
141375010034000,02011,1,9,2014,1.0,0.0
160510976171005,03011,1,9,2014,2.0,1.0
807501940110220,02011,1,9,2014,1.0,0.0
167495010019704,03011,1,9,2014,2.0,0.0
202509340110766,03011,1,9,2014,2.0,0.0
815172120002402,03011,1,9,2014,2.0,0.0
381116000850990,03011,1,9,2014,2.0,0.0
245950180300303,03011,1,9,2014,2.0,0.0
621344004650480,02011,2,9,2014,1.0,0.0
765341100004306,03111,2,9,2014,3.0,0.0
006230115050160,03111,1,10,2014,1.0,0.0
454220345871100,03011,2,10,2014,2.0,0.0
011859009300370,03011,1,10,2014,1.0,0.0
810001760209505,03111,1,10,2014,3.0,0.0
250962150004105,03011,2,10,2014,2.0,0.0
060081190701927,03012,2,10,2014,2.0,1.0
176870060068901,03011,2,10,2014,3.0,0.0
016030115050669,03011,2,10,2014,1.0,0.0
615060574781000,03011,2,10,2014,1.0,0.0
181770080078315,03011,2,10,2014,1.0,0.0
174770090094115,03011,1,10,2014,3.0,0.0
310109831621151,03111,5,10,2014,3.0,0.0
321388160201918,03011,2,10,2014,2.0,0.0
086003936101301,03011,2,10,2014,3.0,0.0
281138000210650,03011,2,10,2014,3.0,0.0
921268007010533,03011,2,10,2014,3.0,0.0
005107780610767,03011,2,10,2014,1.0,0.0
010610078390970,03011,1,10,2014,3.0,1.0
187421060030908,03111,2,10,2014,2.0,0.0
071694140101202,03011,1,10,2014,3.0,0.0
909103991710691,03011,1,10,2014,1.0,0.0
771350045961001,03011,2,10,2014,2.0,1.0
036048159105561,03011,1,10,2014,3.0,0.0
020010088015629,03011,2,10,2014,1.0,0.0
144502000033402,03011,1,10,2014,2.0,0.0
020210101694061,03111,2,10,2014,1.0,0.0
702201143210081,03111,1,10,2014,2.0,1.0
802430801620204,03011,2,10,2014,1.0,1.0
710002472019352,03011,2,10,2014,2.0,1.0
222645150101205,03111,2,10,2014,3.0,0.0
510004652117303,03011,2,10,2014,1.0,0.0
007085720202601,03011,2,10,2014,1.0,0.0
207600717027534,03011,1,10,2014,1.0,0.0
630470631621002,03011,2,10,2014,2.0,1.0
410006202202547,03011,1,10,2014,2.0,0.0
202020810054889,03011,1,10,2014,1.0,0.0
202020810054889,03011,2,10,2014,1.0,0.0
022068300200111,03011,2,10,2014,2.0,0.0
050019501204721,03011,2,10,2014,1.0,0.0
205190216031966,03011,2,10,2014,3.0,0.0
610000692906759,03011,1,10,2014,3.0,0.0
121715000430481,03011,2,10,2014,2.0,0.0
706306951210560,03111,2,10,2014,1.0,0.0
401235000830371,03011,2,10,2014,2.0,0.0
100301282410304,03011,1,10,2014,1.0,0.0
305550017074547,03011,1,10,2014,2.0,0.0
572770504751003,03011,2,10,2014,2.0,0.0
147443060091937,03011,2,10,2014,1.0,0.0
301190910010606,03011,1,10,2014,1.0,0.0
310008063030456,03011,2,10,2014,2.0,1.0
030610277669580,03011,1,10,2014,3.0,1.0
030710174197454,03011,1,10,2014,1.0,0.0
034037559300991,03011,1,10,2014,2.0,0.0
143183080078529,03011,2,10,2014,1.0,0.0
302390110012810,03011,2,10,2014,3.0,0.0
293811150206504,03011,4,10,2014,3.0,0.0
177163090002250,03011,2,10,2014,1.0,0.0
610002314908420,03111,1,10,2014,2.0,0.0
030890045501004,03011,1,10,2014,2.0,0.0
510004504614461,03011,1,10,2014,1.0,0.0
040210021511993,03011,2,10,2014,2.0,0.0
040210174579163,03011,1,10,2014,1.0,0.0
260010562521004,03011,1,10,2014,3.0,0.0
260870786841004,03011,2,10,2014,3.0,0.0
571790203581004,03011,2,10,2014,3.0,0.0
040510051481447,03111,2,10,2014,2.0,0.0
040710178059688,03011,2,10,2014,3.0,0.0
641372008540530,03011,2,10,2014,3.0,1.0
176088741401691,03011,1,10,2014,1.0,0.0
047008375400641,03011,1,10,2014,2.0,0.0
606401630810924,03011,2,10,2014,2.0,0.0
505180915096065,03011,1,10,2014,2.0,0.0
606501903010862,03011,2,10,2014,1.0,0.0
167495010019704,03011,1,10,2014,1.0,0.0
202509340110766,03011,1,10,2014,1.0,0.0
515483140004401,03011,2,10,2014,3.0,0.0
381116000850990,03011,1,10,2014,1.0,0.0
134355040079813,03011,2,10,2014,3.0,1.0
245950180300303,03011,1,10,2014,1.0,0.0
621953005950381,03011,2,10,2014,3.0,0.0
660830557641005,03011,2,10,2014,3.0,0.0
691220345871005,03011,1,10,2014,3.0,0.0
765341100004306,03111,2,10,2014,2.0,0.0
965252170101604,03111,2,10,2014,3.0,1.0
015051697000781,03111,2,11,2014,1.0,0.0
131690010040910,03011,2,11,2014,3.0,0.0
801390201260009,03011,2,11,2014,3.0,1.0
362436001540004,03011,2,11,2014,3.0,0.0
000210106614958,03011,1,11,2014,3.0,0.0
442990642341100,03011,4,11,2014,1.0,1.0
454220345871100,03011,2,11,2014,1.0,0.0
150856100103007,03011,1,11,2014,3.0,0.0
176640050019007,03011,2,11,2014,1.0,0.0
810001760209505,03111,1,11,2014,2.0,0.0
810004880403045,03111,2,11,2014,3.0,1.0
250962150004105,03011,2,11,2014,1.0,0.0
550661120007902,03011,2,11,2014,3.0,0.0
060081190701927,03012,2,11,2014,1.0,1.0
176870060068901,03011,2,11,2014,2.0,0.0
000612164814104,03011,1,11,2014,3.0,0.0
008280416070808,03011,1,11,2014,3.0,0.0
181770080078315,03011,2,11,2014,,
174770090094115,03011,1,11,2014,2.0,0.0
185570090068209,03011,2,11,2014,3.0,1.0
240881101560102,03111,2,11,2014,3.0,0.0
305106509110574,03011,1,11,2014,3.0,0.0
010210525097290,03011,1,11,2014,2.0,0.0
157841020074711,03011,2,11,2014,1.0,0.0
621800170706501,03011,1,11,2014,3.0,0.0
908107310210722,03011,1,11,2014,2.0,0.0
281138000210650,03011,2,11,2014,2.0,0.0
300108311310006,03011,1,11,2014,2.0,0.0
921268007010533,03011,2,11,2014,2.0,0.0
071694140101202,03011,1,11,2014,2.0,0.0
110009811115237,03011,2,11,2014,2.0,0.0
036048159105561,03011,1,11,2014,2.0,0.0
162001080061109,03011,1,11,2014,,
144502000033402,03011,1,11,2014,1.0,0.0
122757140004202,03111,2,11,2014,3.0,0.0
710002472019352,03011,2,11,2014,1.0,1.0
222645150101205,03111,2,11,2014,2.0,0.0
208350019087560,03011,1,11,2014,,
275811201940209,03011,2,11,2014,3.0,0.0
022068300200111,03011,2,11,2014,1.0,0.0
047058861200891,03111,1,11,2014,3.0,1.0
205190216031966,03011,2,11,2014,2.0,0.0
610000692906759,03011,1,11,2014,2.0,0.0
030010121531008,03011,2,11,2014,1.0,1.0
701300591010062,03011,2,11,2014,3.0,0.0
121715000430481,03011,2,11,2014,1.0,0.0
401235000830371,03011,2,11,2014,1.0,0.0
343588190105104,03011,1,11,2014,2.0,1.0
553647130105500,03111,1,11,2014,3.0,1.0
572770504751003,03011,2,11,2014,1.0,0.0
030610277669580,03011,1,11,2014,2.0,1.0
263950180105303,03011,2,11,2014,3.0,1.0
173313100200209,03011,2,11,2014,3.0,0.0
035077638300431,03011,2,11,2014,3.0,1.0
238191901990309,03011,2,11,2014,2.0,0.0
302390110012810,03011,2,11,2014,2.0,0.0
293811150206504,03011,4,11,2014,2.0,0.0
771099001030626,03011,1,11,2014,3.0,0.0
610002314908420,03111,1,11,2014,1.0,0.0
030890045501004,03011,1,11,2014,1.0,0.0
260010562521004,03011,1,11,2014,2.0,0.0
260870786841004,03011,2,11,2014,2.0,0.0
040510051481447,03111,2,11,2014,1.0,0.0
063086219403871,03011,1,11,2014,2.0,0.0
040710178059688,03011,2,11,2014,2.0,0.0
710420598511004,03011,1,11,2014,1.0,0.0
110009104027108,03011,1,11,2014,3.0,0.0
149244080031204,03011,1,11,2014,2.0,0.0
047008375400641,03011,1,11,2014,1.0,0.0
606401630810924,03011,2,11,2014,1.0,0.0
043220506191005,03011,1,11,2014,3.0,0.0
505180915096065,03011,1,11,2014,1.0,0.0
431516005750120,03011,1,11,2014,2.0,0.0
515483140004401,03011,2,11,2014,2.0,0.0
134355040079813,03011,2,11,2014,2.0,1.0
050510121362209,03011,4,11,2014,,
321264005350931,03111,1,11,2014,3.0,0.0
660830557641005,03011,2,11,2014,2.0,0.0
691220345871005,03011,1,11,2014,2.0,0.0
765341100004306,03111,2,11,2014,1.0,0.0
206272601080500,03111,2,11,2014,2.0,0.0
302500672610342,03011,2,11,2014,3.0,0.0
131690010040910,03011,2,12,2014,2.0,0.0
801390201260009,03011,2,12,2014,2.0,1.0
362436001540004,03011,2,12,2014,2.0,0.0
000210106614958,03011,1,12,2014,2.0,0.0
155510020016108,03111,1,12,2014,3.0,0.0
150856100103007,03011,1,12,2014,2.0,0.0
810001760209505,03111,1,12,2014,1.0,0.0
002060215019567,03011,2,12,2014,2.0,0.0
550661120007902,03011,2,12,2014,2.0,0.0
176870060068901,03011,2,12,2014,1.0,0.0
666375001780002,03011,1,12,2014,,
000612164814104,03011,1,12,2014,2.0,0.0
054086522006021,03011,2,12,2014,2.0,0.0
156484301762005,03011,2,12,2014,,
008280416070808,03011,1,12,2014,2.0,0.0
174770090094115,03011,1,12,2014,1.0,0.0
185570090068209,03011,2,12,2014,2.0,1.0
240881101560102,03111,2,12,2014,2.0,0.0
960432001550107,03011,1,12,2014,3.0,1.0
121790735591101,03011,2,12,2014,3.0,0.0
305106509110574,03011,1,12,2014,2.0,0.0
010210525097290,03011,1,12,2014,1.0,0.0
143781020065004,03011,1,12,2014,,
908107310210722,03011,1,12,2014,1.0,0.0
907102901310580,03011,1,12,2014,2.0,0.0
281138000210650,03011,2,12,2014,1.0,0.0
114025733101501,03011,2,12,2014,1.0,0.0
251033140306105,03111,1,12,2014,2.0,0.0
586650059271001,03011,3,12,2014,2.0,0.0
751547100105405,03111,1,12,2014,3.0,0.0
751547100105405,03111,2,12,2014,3.0,1.0
921268007010533,03011,2,12,2014,1.0,0.0
071694140101202,03011,1,12,2014,1.0,0.0
110009811115237,03011,2,12,2014,1.0,0.0
671807140404018,03011,1,12,2014,3.0,0.0
908106891710567,03011,2,12,2014,3.0,0.0
036048159105561,03011,1,12,2014,1.0,0.0
520710201460200,03011,2,12,2014,2.0,1.0
801206471210627,03111,1,12,2014,3.0,1.0
122757140004202,03111,2,12,2014,2.0,0.0
422468120101805,03011,1,12,2014,1.0,1.0
222645150101205,03111,2,12,2014,1.0,0.0
061557003420220,03111,2,12,2014,3.0,0.0
275811201940209,03011,2,12,2014,2.0,0.0
203280516003693,03012,2,12,2014,2.0,1.0
207000316042829,03111,2,12,2014,3.0,0.0
205190216031966,03011,2,12,2014,1.0,0.0
610000692906759,03011,1,12,2014,1.0,0.0
021160170341003,03011,1,12,2014,2.0,0.0
701300591010062,03011,2,12,2014,2.0,0.0
095081932302801,03011,2,12,2014,3.0,0.0
144863030008246,03011,2,12,2014,2.0,0.0
343588190105104,03011,1,12,2014,1.0,1.0
795577801320300,03011,1,12,2014,3.0,1.0
263950180105303,03011,2,12,2014,2.0,1.0
173313100200209,03011,2,12,2014,2.0,0.0
310001413404617,03011,2,12,2014,2.0,0.0
973568100103708,03011,1,12,2014,3.0,0.0
238191901990309,03011,2,12,2014,1.0,0.0
302390110012810,03011,2,12,2014,1.0,0.0
293811150206504,03011,4,12,2014,1.0,0.0
771099001030626,03011,1,12,2014,2.0,0.0
260870786841004,03011,2,12,2014,1.0,0.0
402110413065463,03011,2,12,2014,3.0,0.0
525830101160404,03111,2,12,2014,3.0,0.0
063086219403871,03011,1,12,2014,1.0,0.0
040710178059688,03011,2,12,2014,1.0,0.0
602405563810124,03011,1,12,2014,3.0,0.0
149244080031204,03011,1,12,2014,1.0,0.0
407060816086809,03011,2,12,2014,2.0,1.0
922060133741004,03011,1,12,2014,2.0,0.0
043220506191005,03011,1,12,2014,2.0,0.0
431516005750120,03011,1,12,2014,1.0,0.0
515483140004401,03011,2,12,2014,1.0,0.0
134355040079813,03011,2,12,2014,1.0,1.0
137115050037707,03011,1,12,2014,1.0,0.0
755644120101700,03011,1,12,2014,1.0,0.0
321264005350931,03111,1,12,2014,2.0,0.0
660830557641005,03011,2,12,2014,1.0,0.0
691220345871005,03011,1,12,2014,1.0,0.0
302500672610342,03011,2,12,2014,2.0,0.0
067071699000781,03011,2,1,2015,3.0,0.0
000110078587577,03111,1,1,2015,2.0,0.0
000110087835848,03111,2,1,2015,3.0,1.0
131690010040910,03011,2,1,2015,1.0,0.0
362436001540004,03011,2,1,2015,1.0,0.0
000210106614958,03011,1,1,2015,1.0,0.0
150856100103007,03011,1,1,2015,1.0,0.0
002060215019567,03011,2,1,2015,1.0,0.0
550661120007902,03011,2,1,2015,1.0,0.0
088096821004891,03011,3,1,2015,3.0,0.0
266023401170004,03011,1,1,2015,3.0,0.0
006250917071675,03011,2,1,2015,1.0,1.0
054086522006021,03011,2,1,2015,1.0,0.0
008280416070808,03011,1,1,2015,1.0,0.0
185570090068209,03011,2,1,2015,1.0,1.0
010010257414787,03011,1,1,2015,1.0,1.0
210005931680240,03011,1,1,2015,2.0,0.0
301950120806204,03011,1,1,2015,3.0,0.0
121790735591101,03011,2,1,2015,2.0,0.0
305106509110574,03011,1,1,2015,1.0,0.0
067052664100881,03011,1,1,2015,2.0,1.0
621800170706501,03011,1,1,2015,1.0,0.0
151401030033909,03011,1,1,2015,2.0,0.0
360860358151001,03011,2,1,2015,1.0,0.0
114025733101501,03011,2,1,2015,,
251033140306105,03111,1,1,2015,1.0,0.0
751547100105405,03111,1,1,2015,2.0,0.0
751547100105405,03111,2,1,2015,2.0,1.0
671807140404018,03011,1,1,2015,2.0,0.0
908106891710567,03011,2,1,2015,2.0,0.0
207180215046015,03011,1,1,2015,3.0,1.0
520710201460200,03011,2,1,2015,1.0,1.0
122757140004202,03111,2,1,2015,1.0,0.0
048023932202651,03011,1,1,2015,2.0,0.0
020510694853891,03011,1,1,2015,2.0,0.0
061557003420220,03111,2,1,2015,2.0,0.0
655894401130208,03011,2,1,2015,3.0,0.0
275811201940209,03011,2,1,2015,1.0,0.0
141032050036909,03011,3,1,2015,2.0,0.0
020610143809517,03011,2,1,2015,1.0,1.0
109092060035201,03011,1,1,2015,1.0,0.0
487131901950204,03011,2,1,2015,3.0,0.0
764530104941002,03011,2,1,2015,3.0,0.0
527570001780204,03011,1,1,2015,2.0,1.0
830150501701002,03111,2,1,2015,3.0,0.0
202080719018807,03111,2,1,2015,3.0,0.0
207000316042829,03111,2,1,2015,2.0,0.0
021160170341003,03011,1,1,2015,1.0,0.0
701300591010062,03011,2,1,2015,1.0,0.0
710003553316800,03011,1,1,2015,2.0,0.0
095081932302801,03011,2,1,2015,2.0,0.0
306300280110944,03111,1,1,2015,3.0,0.0
144863030008246,03011,2,1,2015,1.0,0.0
304870512052555,03011,2,1,2015,2.0,0.0
795577801320300,03011,1,1,2015,2.0,1.0
023055612300321,03111,1,1,2015,3.0,0.0
107309683510850,03011,2,1,2015,3.0,0.0
086096566300521,03011,3,1,2015,3.0,0.0
946772601720306,03011,3,1,2015,2.0,0.0
173313100200209,03011,2,1,2015,1.0,0.0
973568100103708,03011,1,1,2015,2.0,0.0
238191901990309,03011,2,1,2015,,
771099001030626,03011,1,1,2015,1.0,0.0
001405561210693,03011,1,1,2015,3.0,0.0
301823004340730,03011,1,1,2015,3.0,0.0
076085270401701,03011,1,1,2015,3.0,1.0
525830101160404,03111,2,1,2015,2.0,0.0
281368006140370,03011,1,1,2015,3.0,1.0
027076678400091,03011,1,1,2015,3.0,0.0
706412031810513,03011,3,1,2015,3.0,0.0
001187003340190,03011,2,1,2015,3.0,0.0
510001374316309,03011,2,1,2015,3.0,1.0
922060133741004,03011,1,1,2015,1.0,0.0
043220506191005,03011,1,1,2015,1.0,0.0
764551501500505,03111,2,1,2015,2.0,0.0
137115050037707,03011,1,1,2015,,
321264005350931,03111,1,1,2015,1.0,0.0
365879120103902,03111,2,1,2015,2.0,0.0
507501471610074,03011,2,1,2015,3.0,0.0
302500672610342,03011,2,1,2015,1.0,0.0
067071699000781,03011,2,2,2015,2.0,0.0
000210029779997,03011,1,2,2015,2.0,1.0
704833701680001,03011,1,2,2015,3.0,0.0
009260512028543,03011,1,2,2015,2.0,0.0
088096821004891,03011,3,2,2015,2.0,0.0
446046381000411,03011,1,2,2015,1.0,0.0
860261100101402,03011,1,2,2015,2.0,0.0
121790735591101,03011,2,2,2015,1.0,0.0
510000271963141,03111,2,2,2015,2.0,0.0
067052664100881,03011,1,2,2015,1.0,1.0
108990216065286,03011,1,2,2015,3.0,0.0
211721000110221,03011,1,2,2015,,
452733901500109,03011,1,2,2015,3.0,0.0
882635701020103,03011,1,2,2015,3.0,0.0
151401030033909,03011,1,2,2015,1.0,0.0
671807140404018,03011,1,2,2015,1.0,0.0
908106891710567,03011,2,2,2015,1.0,0.0
812453170004102,03011,2,2,2015,2.0,0.0
020210056089573,03111,2,2,2015,3.0,0.0
048023932202651,03011,1,2,2015,1.0,0.0
509206101410561,03011,2,2,2015,2.0,0.0
020510694853891,03011,1,2,2015,1.0,0.0
061557003420220,03111,2,2,2015,1.0,0.0
655894401130208,03011,2,2,2015,2.0,0.0
020610290399052,03011,2,2,2015,2.0,0.0
410003332904546,03011,1,2,2015,1.0,0.0
487131901950204,03011,2,2,2015,2.0,0.0
830150501701002,03111,2,2,2015,2.0,0.0
202080719018807,03111,2,2,2015,2.0,0.0
207000316042829,03111,2,2,2015,1.0,0.0
003200140910974,03011,1,2,2015,2.0,0.0
589130701400208,03011,1,2,2015,2.0,0.0
710003553316800,03011,1,2,2015,1.0,0.0
095081932302801,03011,2,2,2015,1.0,0.0
306300280110944,03111,1,2,2015,2.0,0.0
502210001110306,03011,2,2,2015,3.0,0.0
144863030008246,03011,2,2,2015,,
301230315045478,03011,2,2,2015,2.0,0.0
304870512052555,03011,2,2,2015,1.0,0.0
795577801320300,03011,1,2,2015,1.0,1.0
023055612300321,03111,1,2,2015,2.0,0.0
107309683510850,03011,2,2,2015,2.0,0.0
646084901550300,03011,1,2,2015,,
803302913610338,03011,2,2,2015,3.0,0.0
926572801560309,03011,1,2,2015,1.0,0.0
063901190308001,03011,1,2,2015,2.0,1.0
091086285303381,03011,1,2,2015,1.0,0.0
910001993123237,03011,2,2,2015,1.0,0.0
310001413404617,03011,2,2,2015,1.0,0.0
973568100103708,03011,1,2,2015,1.0,0.0
810006693017129,03011,1,2,2015,3.0,0.0
004480120201906,03111,2,2,2015,2.0,0.0
001405561210693,03011,1,2,2015,2.0,0.0
301823004340730,03011,1,2,2015,2.0,0.0
404130719029223,03011,1,2,2015,3.0,0.0
525830101160404,03111,2,2,2015,1.0,0.0
954252170002604,03111,1,2,2015,3.0,0.0
147034060074724,03011,2,2,2015,1.0,0.0
186144080192119,03011,2,2,2015,3.0,1.0
706412031810513,03011,3,2,2015,2.0,0.0
001187003340190,03011,2,2,2015,2.0,0.0
074050405502191,03011,1,2,2015,3.0,0.0
032011259501111,03011,2,2,2015,1.0,0.0
501180414054453,03111,2,2,2015,3.0,0.0
505060719066407,03011,2,2,2015,1.0,0.0
505060719066407,03011,3,2,2015,1.0,0.0
050610010003791,03011,1,2,2015,3.0,0.0
365879120103902,03111,2,2,2015,1.0,0.0
507501471610074,03011,2,2,2015,2.0,0.0
067071699000781,03011,2,3,2015,1.0,0.0
704833701680001,03011,1,3,2015,2.0,0.0
907001627410132,03011,2,3,2015,3.0,0.0
009260512028543,03011,1,3,2015,1.0,0.0
088096821004891,03011,3,3,2015,1.0,0.0
165240060403207,03011,2,3,2015,2.0,0.0
000613797800139,03011,1,3,2015,2.0,0.0
108990216065286,03011,1,3,2015,2.0,0.0
452733901500109,03011,1,3,2015,2.0,0.0
505108242210311,03011,1,3,2015,2.0,0.0
882635701020103,03011,1,3,2015,2.0,0.0
495527401230100,03011,2,3,2015,2.0,0.0
096016411101711,03011,2,3,2015,3.0,0.0
001099666100751,03011,2,3,2015,3.0,0.0
790421301320207,03011,1,3,2015,3.0,1.0
812453170004102,03011,2,3,2015,1.0,0.0
020210056089573,03111,2,3,2015,2.0,0.0
612640001130206,03111,1,3,2015,1.0,0.0
203020117054317,03111,2,3,2015,3.0,0.0
603200851410603,03011,2,3,2015,1.0,0.0
655894401130208,03011,2,3,2015,1.0,0.0
201100614094581,03011,2,3,2015,3.0,0.0
208000312046649,03011,1,3,2015,3.0,0.0
487131901950204,03011,2,3,2015,1.0,0.0
830150501701002,03111,2,3,2015,1.0,0.0
020810083217774,03111,2,3,2015,3.0,0.0
202080719018807,03111,2,3,2015,1.0,0.0
589130701400208,03011,1,3,2015,1.0,0.0
018031689300451,03011,2,3,2015,3.0,0.0
502210001110306,03011,2,3,2015,2.0,0.0
030310116000183,03011,2,3,2015,3.0,0.0
301120316041481,03011,1,3,2015,2.0,0.0
543397170101509,03011,2,3,2015,3.0,0.0
023055612300321,03111,1,3,2015,1.0,0.0
107309683510850,03011,2,3,2015,1.0,0.0
139333050067106,03111,1,3,2015,2.0,0.0
030610452098473,03011,3,3,2015,3.0,0.0
101308707610354,03011,2,3,2015,3.0,0.0
263627120301701,03011,4,3,2015,2.0,0.0
563033100903000,03011,1,3,2015,1.0,0.0
138953060068861,03011,1,3,2015,3.0,0.0
901061009130005,03011,2,3,2015,2.0,0.0
751573003030140,03011,2,3,2015,2.0,0.0
123423070032403,03011,1,3,2015,2.0,0.0
241574009930380,03011,2,3,2015,3.0,1.0
201305051810332,03111,1,3,2015,1.0,0.0
201305051810332,03111,2,3,2015,1.0,1.0
302170315052943,03011,2,3,2015,3.0,0.0
810006693017129,03011,1,3,2015,2.0,0.0
004480120201906,03111,2,3,2015,1.0,0.0
007001539400891,03111,1,3,2015,3.0,0.0
001405561210693,03011,1,3,2015,1.0,0.0
221520493801004,03011,1,3,2015,2.0,0.0
301823004340730,03011,1,3,2015,1.0,0.0
954252170002604,03111,1,3,2015,2.0,0.0
609402480710947,03011,2,3,2015,3.0,1.0
610001204822987,03011,2,3,2015,3.0,1.0
406230110044883,03011,4,3,2015,3.0,0.0
040810117896708,03011,2,3,2015,2.0,0.0
603404190810284,03011,2,3,2015,1.0,0.0
641781011340592,03011,1,3,2015,2.0,0.0
001187003340190,03011,2,3,2015,1.0,0.0
074050405502191,03011,1,3,2015,2.0,0.0
191610901770509,03011,1,3,2015,3.0,0.0
110002055016794,03111,2,3,2015,2.0,1.0
050410183592083,03111,2,3,2015,3.0,0.0
501180414054453,03111,2,3,2015,2.0,0.0
764551501500505,03111,2,3,2015,1.0,0.0
050610010003791,03011,1,3,2015,2.0,0.0
507501471610074,03011,2,3,2015,1.0,0.0
007810617059121,04111,2,4,2015,3.0,0.0
704833701680001,03011,1,4,2015,1.0,0.0
165240060403207,03011,2,4,2015,1.0,0.0
000613797800139,03011,1,4,2015,1.0,0.0
026820715042635,03011,2,4,2015,1.0,1.0
150740060277427,04011,1,4,2015,3.0,0.0
209343501121003,04011,2,4,2015,3.0,1.0
289392701740004,03011,2,4,2015,2.0,0.0
127691000009056,03011,2,4,2015,1.0,0.0
153311010149891,03111,2,4,2015,2.0,0.0
510000271963141,03111,2,4,2015,1.0,0.0
108990216065286,03011,1,4,2015,1.0,0.0
882635701020103,03011,1,4,2015,1.0,0.0
108000312046249,03011,2,4,2015,1.0,1.0
169151050058259,03111,3,4,2015,1.0,0.0
096016411101711,03011,2,4,2015,2.0,0.0
010610247716562,04111,1,4,2015,3.0,0.0
181244170007600,04011,2,4,2015,3.0,0.0
001099666100751,03011,2,4,2015,2.0,0.0
790421301320207,03011,1,4,2015,2.0,1.0
612097190203815,04011,2,4,2015,3.0,0.0
010008842955482,04111,2,4,2015,3.0,0.0
241970487431002,03111,3,4,2015,1.0,0.0
020210056089573,03111,2,4,2015,1.0,0.0
037022257203361,04011,1,4,2015,3.0,1.0
203020117054317,03111,2,4,2015,2.0,0.0
201100614094581,03011,2,4,2015,2.0,0.0
207080014013604,03011,1,4,2015,2.0,1.0
208000312046649,03011,1,4,2015,2.0,0.0
020810083217774,03111,2,4,2015,2.0,0.0
438751701040200,04011,2,4,2015,3.0,0.0
030010106355911,03111,2,4,2015,1.0,0.0
018031689300451,03011,2,4,2015,2.0,0.0
502210001110306,03011,2,4,2015,1.0,0.0
301120316041481,03011,1,4,2015,1.0,0.0
641848008030874,04011,2,4,2015,3.0,0.0
543397170101509,03011,2,4,2015,2.0,0.0
030610452098473,03011,3,4,2015,2.0,0.0
030610733405333,03011,1,4,2015,,
101308707610354,03011,1,4,2015,2.0,0.0
263627120301701,03011,4,4,2015,1.0,0.0
803302913610338,03011,2,4,2015,1.0,0.0
030710391775817,04011,2,4,2015,3.0,1.0
123423070032403,03011,1,4,2015,1.0,0.0
308350218094856,04111,2,4,2015,3.0,0.0
030910419677072,03011,1,4,2015,2.0,0.0
479151901150302,04011,1,4,2015,3.0,0.0
710009713526369,03011,1,4,2015,2.0,0.0
302170315052943,03011,2,4,2015,2.0,0.0
810006693017129,03011,1,4,2015,1.0,0.0
402920317000008,04011,1,4,2015,3.0,1.0
007001539400891,03111,1,4,2015,2.0,0.0
140494010061544,04111,1,4,2015,3.0,0.0
221520493801004,03011,1,4,2015,1.0,0.0
123874020078811,03011,1,4,2015,2.0,0.0
430050754741004,04111,1,4,2015,3.0,0.0
854440601500404,03011,2,4,2015,1.0,0.0
954252170002604,03111,1,4,2015,1.0,0.0
406230110044883,03011,4,4,2015,2.0,0.0
409250819069863,04011,2,4,2015,3.0,0.0
040810117896708,03011,2,4,2015,1.0,0.0
429900316023820,04011,2,4,2015,3.0,0.0
584680190800006,04011,1,4,2015,2.0,0.0
093780194561105,04111,1,4,2015,3.0,0.0
074050405502191,03011,1,4,2015,1.0,0.0
505106180903918,04011,2,4,2015,3.0,1.0
841707013950387,04011,2,4,2015,3.0,0.0
191610901770509,03011,1,4,2015,2.0,0.0
110002055016794,03111,2,4,2015,1.0,1.0
310001455208434,03011,1,4,2015,1.0,0.0
513290019008466,04011,1,4,2015,3.0,0.0
501180414054453,03111,2,4,2015,1.0,0.0
050610010003791,03011,1,4,2015,1.0,0.0
565512150201200,03011,2,4,2015,1.0,1.0
165779190100201,03111,2,4,2015,2.0,0.0
007810617059121,04111,2,5,2015,2.0,0.0
220022150103113,04011,3,5,2015,2.0,1.0
486930175051100,04011,1,5,2015,3.0,0.0
105002745610730,03011,1,5,2015,1.0,0.0
105002745610730,03011,2,5,2015,1.0,0.0
100619980217068,04011,2,5,2015,2.0,0.0
150740060277427,04011,1,5,2015,2.0,0.0
018360110015620,04011,2,5,2015,3.0,0.0
209343501121003,04011,2,5,2015,2.0,1.0
901132963010158,04011,1,5,2015,3.0,0.0
153311010149891,03111,2,5,2015,1.0,0.0
252978801150102,04011,1,5,2015,3.0,0.0
410000291116253,04011,1,5,2015,3.0,0.0
169151050058259,03111,3,5,2015,,
096016411101711,03011,2,5,2015,1.0,0.0
105190914040636,04111,1,5,2015,3.0,0.0
010610247716562,04111,1,5,2015,2.0,0.0
857455301332104,03011,1,5,2015,1.0,0.0
437557301940100,04011,2,5,2015,2.0,0.0
051287003310803,04011,1,5,2015,3.0,1.0
154041080043939,04011,2,5,2015,3.0,1.0
010810370468114,04011,2,5,2015,2.0,0.0
001099666100751,03011,2,5,2015,1.0,0.0
791860150201007,04011,2,5,2015,3.0,0.0
602139190103011,04011,1,5,2015,3.0,0.0
612097190203815,04011,2,5,2015,2.0,0.0
402202391110625,04011,2,5,2015,3.0,0.0
010008842955482,04111,2,5,2015,2.0,0.0
037022257203361,04011,1,5,2015,2.0,1.0
802974901070206,04011,1,5,2015,3.0,0.0
700206971310556,04111,3,5,2015,3.0,0.0
203020117054317,03111,2,5,2015,1.0,0.0
642545180602703,04011,1,5,2015,2.0,0.0
201100614094581,03011,2,5,2015,1.0,0.0
208000312046649,03011,1,5,2015,1.0,0.0
020810083217774,03111,2,5,2015,1.0,0.0
438751701040200,04011,2,5,2015,2.0,0.0
492625150507611,04011,2,5,2015,3.0,0.0
020911240164384,04011,1,5,2015,3.0,0.0
018031689300451,03011,2,5,2015,1.0,0.0
203302290110912,03011,1,5,2015,1.0,0.0
030310116000183,03011,2,5,2015,1.0,0.0
301120316041481,03011,1,5,2015,,
543397170101509,03011,2,5,2015,1.0,0.0
030610452098473,03011,3,5,2015,1.0,0.0
101308707610354,03011,1,5,2015,1.0,0.0
339140815005600,04011,1,5,2015,3.0,1.0
030710391775817,04011,2,5,2015,2.0,1.0
308350218094856,04111,2,5,2015,2.0,0.0
146713090092831,03011,1,5,2015,1.0,0.0
030910419677072,03011,1,5,2015,1.0,0.0
174703090082004,03011,2,5,2015,1.0,0.0
710009713526369,03011,1,5,2015,1.0,0.0
302170315052943,03011,2,5,2015,1.0,0.0
601404004240647,04011,2,5,2015,2.0,0.0
007001539400891,03111,1,5,2015,1.0,0.0
123874020078811,03011,1,5,2015,1.0,0.0
103174040010051,04011,1,5,2015,3.0,0.0
430050754741004,04111,1,5,2015,2.0,0.0
040510661309045,04011,1,5,2015,3.0,1.0
010005964620655,04111,2,5,2015,3.0,1.0
307402671510049,03011,2,5,2015,1.0,0.0
592610005931004,04111,2,5,2015,2.0,0.0
171524050024986,04011,2,5,2015,3.0,0.0
040610815835987,04011,1,5,2015,3.0,1.0
100404223710109,04111,2,5,2015,3.0,0.0
406230110044883,03011,4,5,2015,1.0,0.0
409250819069863,04011,2,5,2015,2.0,0.0
610108994263968,04011,1,5,2015,3.0,0.0
429900316023820,04011,2,5,2015,2.0,0.0
711404984431668,04011,3,5,2015,2.0,1.0
584680190800006,04011,1,5,2015,1.0,0.0
093780194561105,04111,1,5,2015,2.0,0.0
505106180903918,04011,2,5,2015,2.0,1.0
841707013950387,04011,2,5,2015,2.0,0.0
191610901770509,03011,1,5,2015,1.0,0.0
380350511011105,04011,1,5,2015,2.0,0.0
513290019008466,04011,1,5,2015,2.0,0.0
050510310516055,04011,3,5,2015,3.0,0.0
165779190100201,03111,2,5,2015,1.0,0.0
504950813052655,04011,2,5,2015,2.0,0.0
220022150103113,04011,3,6,2015,1.0,1.0
047054961008891,04011,1,6,2015,3.0,1.0
010105810406075,04011,1,6,2015,2.0,0.0
505007037510034,04111,1,6,2015,3.0,0.0
191355001900954,04011,1,6,2015,3.0,1.0
191355001900954,04011,2,6,2015,3.0,1.0
161363028500515,04011,1,6,2015,2.0,0.0
521167002000275,04011,2,6,2015,1.0,0.0
121768001000407,04011,2,6,2015,2.0,1.0
866830511651000,04011,1,6,2015,3.0,1.0
018060110015822,04011,1,6,2015,3.0,0.0
128490518015067,04011,1,6,2015,,
128490518015067,04011,2,6,2015,,
901132963010158,04011,1,6,2015,2.0,0.0
141017065710472,04011,2,6,2015,3.0,0.0
961718061510076,04011,2,6,2015,1.0,0.0
245420800961501,04011,1,6,2015,2.0,0.0
116501020590807,04011,1,6,2015,1.0,0.0
322510401542107,04011,2,6,2015,2.0,1.0
107700717027233,04011,1,6,2015,1.0,0.0
109910314098220,04011,2,6,2015,2.0,1.0
610005101072843,04012,1,6,2015,1.0,0.0
103460718037617,04111,2,6,2015,2.0,0.0
105190914040636,04111,1,6,2015,2.0,0.0
010610247716562,04111,1,6,2015,1.0,0.0
114491060028036,04011,2,6,2015,2.0,0.0
711770560961601,04011,2,6,2015,1.0,0.0
437557301940100,04011,2,6,2015,1.0,0.0
971319190602909,04011,2,6,2015,2.0,0.0
051287003310803,04011,1,6,2015,2.0,1.0
281181006810790,04111,1,6,2015,2.0,1.0
010810370468114,04011,2,6,2015,1.0,0.0
791860150201007,04011,2,6,2015,2.0,0.0
461507018520590,04011,2,6,2015,2.0,0.0
602139190103011,04011,1,6,2015,2.0,0.0
020110548636929,04011,2,6,2015,2.0,1.0
612097190203815,04011,2,6,2015,1.0,0.0
010008842955482,04111,2,6,2015,1.0,0.0
291150183391002,04011,1,6,2015,3.0,0.0
562294301830209,04111,2,6,2015,1.0,0.0
612554401960204,04011,2,6,2015,1.0,0.0
037022257203361,04011,1,6,2015,1.0,1.0
802974901070206,04011,1,6,2015,2.0,0.0
700206971310556,04111,3,6,2015,2.0,0.0
205300217054621,04011,2,6,2015,2.0,0.0
408205902610134,04011,2,6,2015,1.0,0.0
851978017420661,04011,1,6,2015,3.0,0.0
854220214871002,04111,2,6,2015,3.0,1.0
438751701040200,04011,2,6,2015,1.0,0.0
361018007130976,04011,1,6,2015,3.0,0.0
521136008230345,04011,1,6,2015,2.0,1.0
300960414034413,04011,2,6,2015,2.0,0.0
302630617043444,04011,2,6,2015,2.0,0.0
641848008030874,04011,2,6,2015,1.0,0.0
251075903303421,04111,1,6,2015,2.0,0.0
066066742302311,04011,2,6,2015,3.0,0.0
161464015430598,04011,2,6,2015,,
416558401961304,04011,3,6,2015,3.0,0.0
297129301991303,04011,1,6,2015,3.0,1.0
317046301781309,04011,2,6,2015,2.0,0.0
807305508710663,04011,1,6,2015,2.0,0.0
810002143579397,04011,1,6,2015,2.0,0.0
804895180705706,04011,1,6,2015,3.0,1.0
109061055400831,04011,2,6,2015,,
254270486511104,04011,1,6,2015,2.0,0.0
273110928241104,04011,1,6,2015,2.0,0.0
010304124810184,04011,2,6,2015,2.0,0.0
103174040010051,04011,1,6,2015,2.0,0.0
157794040022483,04011,2,6,2015,1.0,0.0
430050754741004,04111,1,6,2015,1.0,0.0
040510561309025,04011,1,6,2015,3.0,1.0
042025307405711,04111,2,6,2015,2.0,0.0
691380495441004,04111,3,6,2015,1.0,1.0
635280138761004,04011,1,6,2015,3.0,1.0
100404223710109,04111,2,6,2015,2.0,0.0
206400926710251,04011,1,6,2015,3.0,1.0
408160110043756,04111,1,6,2015,2.0,0.0
409250819069863,04011,2,6,2015,1.0,0.0
610108994263968,04011,1,6,2015,2.0,0.0
684124191308158,04011,2,6,2015,1.0,0.0
819660197841414,04011,1,6,2015,3.0,1.0
022028938402221,04011,1,6,2015,2.0,0.0
484864130705823,04011,1,6,2015,3.0,0.0
711404984431668,04011,3,6,2015,1.0,1.0
718294811164404,04011,4,6,2015,1.0,0.0
418270215095896,04011,1,6,2015,2.0,0.0
584680190800006,04011,1,6,2015,,
861994011140271,04011,1,6,2015,2.0,0.0
964220989371204,04011,1,6,2015,3.0,1.0
093780194561105,04111,1,6,2015,1.0,0.0
135025000154868,04111,2,6,2015,1.0,0.0
505106180903918,04011,2,6,2015,1.0,1.0
841707013950387,04011,2,6,2015,1.0,0.0
303501744410904,04011,1,6,2015,2.0,0.0
303501744410904,04011,2,6,2015,2.0,0.0
645024130203227,04011,1,6,2015,2.0,1.0
475859101580509,04011,2,6,2015,3.0,1.0
261968011450951,04111,1,6,2015,3.0,0.0
431169019650420,04111,1,6,2015,1.0,0.0
210005535595846,04011,1,6,2015,1.0,1.0
301210019300791,04011,1,7,2015,3.0,1.0
710009250373701,04011,1,7,2015,3.0,0.0
222250236691200,04011,1,7,2015,2.0,1.0
519014866008431,04011,2,7,2015,3.0,0.0
010105810406075,04011,1,7,2015,1.0,0.0
010101650209796,04011,1,7,2015,1.0,1.0
760604120105124,04011,1,7,2015,1.0,0.0
161363028500515,04011,1,7,2015,1.0,0.0
121768001000407,04011,2,7,2015,1.0,1.0
151620080025676,04011,2,7,2015,3.0,1.0
018060110015822,04011,1,7,2015,2.0,0.0
901132963010158,04011,1,7,2015,1.0,0.0
141017065710472,04011,2,7,2015,2.0,0.0
154320117035107,04011,2,7,2015,3.0,0.0
245420800961501,04011,1,7,2015,1.0,0.0
133881030093215,04011,1,7,2015,3.0,0.0
175881070708328,04011,1,7,2015,1.0,0.0
971319190602909,04011,2,7,2015,1.0,0.0
010710214983963,04011,1,7,2015,2.0,1.0
010710359798019,04011,1,7,2015,1.0,1.0
791860150201007,04011,2,7,2015,1.0,0.0
973460373201001,04011,2,7,2015,3.0,0.0
461507018520590,04011,2,7,2015,1.0,0.0
512179150100008,04011,1,7,2015,3.0,0.0
012260701971205,04111,1,7,2015,3.0,1.0
210001862538762,04111,2,7,2015,3.0,0.0
020210398825735,04111,1,7,2015,2.0,0.0
291150183391002,04011,1,7,2015,2.0,0.0
801827006520420,04011,2,7,2015,1.0,0.0
802974901070206,04011,1,7,2015,1.0,0.0
700206971310556,04111,3,7,2015,1.0,0.0
601214693410570,04011,1,7,2015,2.0,1.0
642545180602703,04011,1,7,2015,1.0,0.0
205260114047611,04011,1,7,2015,2.0,0.0
861163015020936,04011,2,7,2015,1.0,1.0
851978017420661,04011,1,7,2015,2.0,0.0
482341190607505,04011,1,7,2015,1.0,1.0
130212090044511,04011,1,7,2015,3.0,0.0
200220018025981,04011,2,7,2015,1.0,0.0
401635000830375,04111,1,7,2015,3.0,1.0
008054842300381,04111,2,7,2015,1.0,0.0
164886801740300,04011,1,7,2015,1.0,0.0
300960414034413,04011,2,7,2015,1.0,0.0
428330340411003,04011,2,7,2015,2.0,1.0
411953023330321,04011,1,7,2015,3.0,1.0
346084901553300,04011,2,7,2015,2.0,1.0
710106563172776,04011,1,7,2015,3.0,1.0
628950986561003,04011,2,7,2015,1.0,0.0
807305508710663,04011,1,7,2015,1.0,0.0
810002143579397,04011,1,7,2015,1.0,0.0
498742401282307,04011,1,7,2015,3.0,1.0
842440792871203,04011,3,7,2015,,
404672180108107,04011,2,7,2015,3.0,1.0
804895180705706,04011,1,7,2015,2.0,1.0
910107984450592,04011,2,7,2015,3.0,0.0
103174040010051,04011,1,7,2015,1.0,0.0
205405948410079,04011,1,7,2015,1.0,0.0
403580314053697,04011,2,7,2015,2.0,0.0
635280138761004,04011,1,7,2015,2.0,1.0
100404223710109,04111,2,7,2015,1.0,0.0
211375000640804,04111,1,7,2015,3.0,0.0
707404058710347,04011,1,7,2015,1.0,0.0
011403164848068,04011,1,7,2015,3.0,1.0
129474080171995,04011,1,7,2015,3.0,0.0
610108994263968,04011,1,7,2015,1.0,0.0
022028938402221,04011,1,7,2015,1.0,0.0
484864130705823,04011,1,7,2015,2.0,0.0
418270215095896,04011,1,7,2015,1.0,0.0
707412505910239,04011,1,7,2015,3.0,0.0
964220989371204,04011,1,7,2015,2.0,1.0
050010601265572,04111,2,7,2015,3.0,1.0
215018150208216,04011,2,7,2015,3.0,1.0
380350511011105,04011,1,7,2015,1.0,0.0
210103065199924,04111,1,7,2015,1.0,0.0
303501744410904,04011,1,7,2015,1.0,0.0
303501744410904,04011,2,7,2015,1.0,0.0
384396701740504,04111,3,7,2015,2.0,0.0
475859101580509,04011,2,7,2015,2.0,1.0
995439801540504,04011,2,7,2015,3.0,0.0
113066084504121,04111,2,7,2015,2.0,0.0
261968011450951,04111,1,7,2015,2.0,0.0
169026777508561,04011,1,7,2015,2.0,1.0
046031801006701,04011,1,8,2015,3.0,0.0
004730111011100,04111,3,8,2015,3.0,0.0
010044110402905,04111,2,8,2015,3.0,0.0
519014866008431,04011,2,8,2015,2.0,0.0
005045870006731,04011,2,8,2015,3.0,1.0
141267025700473,04011,1,8,2015,2.0,0.0
160046736003041,04011,2,8,2015,3.0,0.0
026500512082617,04011,1,8,2015,1.0,1.0
002780815047850,04011,2,8,2015,3.0,0.0
280627120604701,04011,2,8,2015,2.0,0.0
018060110015822,04011,1,8,2015,1.0,0.0
141017065710472,04011,2,8,2015,1.0,0.0
154320117035107,04011,2,8,2015,2.0,0.0
175180113013199,04011,2,8,2015,3.0,0.0
243150478741201,04011,2,8,2015,2.0,0.0
298860523651101,04011,2,8,2015,3.0,0.0
310103261693052,04011,2,8,2015,2.0,1.0
133881030093215,04011,1,8,2015,2.0,0.0
068008552104411,04011,2,8,2015,1.0,1.0
010910815006635,04011,2,8,2015,3.0,0.0
973460373201001,04011,2,8,2015,2.0,0.0
512179150100008,04011,1,8,2015,2.0,0.0
210001862538762,04111,2,8,2015,2.0,0.0
291150183391002,04011,1,8,2015,1.0,0.0
122328160306401,04011,1,8,2015,3.0,0.0
211560212077324,04011,2,8,2015,1.0,0.0
631249007220661,04011,1,8,2015,1.0,1.0
205260114047611,04011,1,8,2015,1.0,0.0
210207012261576,04011,2,8,2015,3.0,1.0
501165002320214,04011,1,8,2015,3.0,1.0
501165002320214,04011,2,8,2015,3.0,1.0
643930175051002,04011,2,8,2015,2.0,0.0
766357301820209,04011,1,8,2015,3.0,0.0
851978017420661,04011,1,8,2015,1.0,0.0
682821110504704,04011,3,8,2015,3.0,0.0
010001532254828,04011,1,8,2015,3.0,0.0
030012477656227,04011,2,8,2015,1.0,1.0
306930017013040,04011,2,8,2015,1.0,1.0
907301629010832,04011,1,8,2015,1.0,0.0
308300312046143,04111,2,8,2015,3.0,0.0
309308593110841,04011,1,8,2015,3.0,1.0
300690612030442,04011,1,8,2015,2.0,0.0
428330340411003,04011,2,8,2015,1.0,1.0
411953023330321,04011,1,8,2015,2.0,1.0
207321152610174,04011,2,8,2015,2.0,0.0
726451801711307,04011,2,8,2015,2.0,1.0
113027404309121,04011,1,8,2015,3.0,0.0
807305508710663,04011,1,8,2015,,
249652301480307,04011,2,8,2015,3.0,0.0
604233100509305,04111,1,8,2015,1.0,0.0
414357140805600,04011,2,8,2015,2.0,1.0
186054010075389,04011,2,8,2015,3.0,0.0
210001254832331,04011,1,8,2015,3.0,0.0
910107984450592,04011,2,8,2015,2.0,0.0
805402337410831,04011,3,8,2015,3.0,1.0
211375000640804,04111,1,8,2015,2.0,0.0
120068426407301,04011,2,8,2015,2.0,0.0
484864130705823,04011,1,8,2015,1.0,0.0
707412505910239,04011,1,8,2015,2.0,0.0
964220989371204,04011,1,8,2015,1.0,1.0
176295010038644,04011,2,8,2015,3.0,1.0
169155040235806,04011,1,8,2015,1.0,0.0
745760110905219,04111,1,8,2015,,
995439801540504,04011,2,8,2015,2.0,0.0
113066084504121,04111,2,8,2015,1.0,0.0
261968011450951,04111,1,8,2015,1.0,0.0
046031801006701,04011,1,9,2015,2.0,0.0
010044110402905,04111,2,9,2015,2.0,0.0
810081130607607,04011,1,9,2015,3.0,0.0
810081130607607,04011,2,9,2015,3.0,0.0
002750711084191,04111,1,9,2015,2.0,0.0
025030216026299,04011,1,9,2015,2.0,0.0
519014866008431,04011,2,9,2015,1.0,0.0
141267025700473,04011,1,9,2015,1.0,0.0
160046736003041,04011,2,9,2015,2.0,0.0
641790735591200,04011,2,9,2015,2.0,0.0
661867022900280,04011,1,9,2015,3.0,0.0
002780815047850,04011,2,9,2015,2.0,0.0
280627120604701,04011,2,9,2015,1.0,0.0
105571010614623,04011,2,9,2015,1.0,0.0
154320117035107,04011,2,9,2015,1.0,0.0
175180113013199,04011,2,9,2015,2.0,0.0
195571010509397,04111,2,9,2015,2.0,0.0
114101020096930,04011,1,9,2015,2.0,0.0
125420016033232,04011,5,9,2015,,
243150478741201,04011,2,9,2015,1.0,0.0
298860523651101,04011,2,9,2015,2.0,0.0
310103261693052,04011,2,9,2015,1.0,1.0
133881030093215,04011,1,9,2015,1.0,0.0
151963190706014,04111,1,9,2015,3.0,0.0
082046268109541,04011,2,9,2015,3.0,0.0
801106205810410,04011,1,9,2015,3.0,0.0
010910815006635,04011,2,9,2015,2.0,0.0
020019221101121,04011,1,9,2015,3.0,0.0
973460373201001,04011,2,9,2015,1.0,0.0
910005342760530,04011,2,9,2015,1.0,0.0
512179150100008,04011,1,9,2015,1.0,0.0
210001862538762,04111,2,9,2015,1.0,0.0
122328160306401,04011,1,9,2015,2.0,0.0
167492030259704,04011,2,9,2015,3.0,0.0
242393150808304,04011,1,9,2015,3.0,1.0
652284130007101,04111,1,9,2015,3.0,0.0
062384110300406,04011,1,9,2015,1.0,0.0
643930175051002,04011,2,9,2015,1.0,0.0
766357301820209,04011,1,9,2015,2.0,0.0
682821110504704,04011,3,9,2015,2.0,0.0
030011215835987,04011,1,9,2015,2.0,0.0
079060723308211,04011,1,9,2015,1.0,0.0
308300312046143,04111,2,9,2015,2.0,0.0
300690612030442,04011,1,9,2015,1.0,0.0
207321152610174,04011,2,9,2015,1.0,0.0
307900414036663,04011,1,9,2015,2.0,1.0
202300868810157,04011,1,9,2015,3.0,0.0
249652301480307,04011,2,9,2015,2.0,0.0
510008394116680,04111,2,9,2015,1.0,0.0
611900001840441,04011,2,9,2015,2.0,0.0
186054010075389,04011,2,9,2015,2.0,0.0
010002084330762,04011,2,9,2015,3.0,0.0
757859101750403,04011,1,9,2015,3.0,0.0
211375000640804,04111,1,9,2015,1.0,0.0
116644080175594,04011,2,9,2015,2.0,0.0
118068741408171,04011,2,9,2015,3.0,1.0
849050049981104,04011,1,9,2015,1.0,1.0
938817601400404,04011,1,9,2015,1.0,0.0
040813815199154,04011,2,9,2015,1.0,0.0
814170463821004,04011,1,9,2015,3.0,0.0
412080510097857,04011,2,9,2015,3.0,0.0
707412505910239,04011,1,9,2015,1.0,0.0
050110096585599,04011,2,9,2015,2.0,1.0
114105030206950,04011,1,9,2015,2.0,0.0
082063529500761,04111,1,9,2015,3.0,0.0
082063529500761,04111,2,9,2015,3.0,0.0
518690413028472,04111,2,9,2015,2.0,0.0
441044002050356,04111,2,9,2015,1.0,1.0
050510609072997,04011,4,9,2015,3.0,0.0
139575060137542,04111,2,9,2015,,
046031801006701,04011,1,10,2015,1.0,0.0
010044110402905,04111,2,10,2015,1.0,0.0
000212368706666,04011,2,10,2015,3.0,1.0
254350627301000,04011,1,10,2015,3.0,1.0
160046736003041,04011,2,10,2015,1.0,0.0
641790735591200,04011,2,10,2015,1.0,0.0
000612505887149,04011,2,10,2015,3.0,0.0
628640114481910,04011,2,10,2015,2.0,0.0
661867022900280,04011,1,10,2015,2.0,0.0
810108260704656,04011,2,10,2015,2.0,0.0
002780815047850,04011,2,10,2015,1.0,0.0
280627120604701,04011,2,10,2015,,
182300090115947,04011,2,10,2015,1.0,0.0
271193001500144,04011,1,10,2015,2.0,1.0
271193001500144,04011,2,10,2015,2.0,0.0
105571010614623,04011,2,10,2015,,
175180113013199,04011,2,10,2015,1.0,0.0
114101020096930,04011,1,10,2015,1.0,0.0
298860523651101,04011,2,10,2015,1.0,0.0
151963190706014,04111,1,10,2015,2.0,0.0
082046268109541,04011,2,10,2015,2.0,0.0
801106205810410,04011,1,10,2015,2.0,0.0
010910815006635,04011,2,10,2015,1.0,0.0
020019221101121,04011,1,10,2015,2.0,0.0
020010249252336,04011,1,10,2015,3.0,0.0
020210154182115,04011,1,10,2015,1.0,0.0
011120001620214,04111,1,10,2015,2.0,0.0
122328160306401,04011,1,10,2015,1.0,0.0
167492030259704,04011,2,10,2015,2.0,0.0
106208872410366,04011,2,10,2015,1.0,0.0
652284130007101,04111,1,10,2015,2.0,0.0
062384110300406,04011,1,10,2015,,
766357301820209,04011,1,10,2015,1.0,0.0
682821110504704,04011,3,10,2015,1.0,0.0
081078366206501,04011,1,10,2015,3.0,0.0
020911505085996,04011,1,10,2015,3.0,0.0
215580015096909,04011,1,10,2015,3.0,0.0
308300312046143,04111,2,10,2015,1.0,0.0
643841120805902,04011,1,10,2015,1.0,1.0
004305754410974,04011,1,10,2015,3.0,1.0
182303050425937,04011,2,10,2015,3.0,0.0
953597120808504,04011,2,10,2015,3.0,0.0
041069001930374,04011,1,10,2015,3.0,1.0
041767014330661,04011,2,10,2015,1.0,0.0
202300868810157,04011,1,10,2015,2.0,0.0
249652301480307,04011,2,10,2015,1.0,0.0
143534000054769,04111,1,10,2015,3.0,0.0
611900001840441,04011,2,10,2015,1.0,0.0
186054010075389,04011,2,10,2015,1.0,0.0
010002084330762,04011,2,10,2015,2.0,0.0
116644080175594,04011,2,10,2015,1.0,0.0
518292811164404,04011,1,10,2015,3.0,1.0
412080510097857,04011,2,10,2015,2.0,0.0
892830557641104,04011,1,10,2015,3.0,1.0
210007715079910,04111,1,10,2015,3.0,1.0
051060794508821,04011,2,10,2015,3.0,0.0
050110096585599,04011,2,10,2015,1.0,1.0
114105030206950,04011,1,10,2015,1.0,0.0
161638015650870,04011,1,10,2015,3.0,0.0
082063529500761,04111,1,10,2015,2.0,0.0
082063529500761,04111,2,10,2015,2.0,0.0
518690413028472,04111,2,10,2015,1.0,0.0
164446401820506,04111,1,10,2015,3.0,0.0
645987110705807,04111,2,10,2015,,
050510609072997,04011,4,10,2015,2.0,0.0
110000310961141,04111,1,11,2015,3.0,0.0
310007920831161,04011,3,11,2015,3.0,0.0
002750711084191,04111,1,11,2015,1.0,0.0
000212368706666,04011,2,11,2015,2.0,1.0
573210359561000,04011,2,11,2015,3.0,0.0
003630510057539,04011,1,11,2015,2.0,0.0
007590116078682,04011,1,11,2015,1.0,0.0
650150183391200,04011,3,11,2015,3.0,0.0
000612505887149,04011,2,11,2015,2.0,0.0
628640114481910,04011,2,11,2015,1.0,0.0
661867022900280,04011,1,11,2015,1.0,0.0
610201471312352,04011,2,11,2015,2.0,0.0
104870719013355,04011,2,11,2015,2.0,0.0
409103688310396,04011,2,11,2015,3.0,0.0
806101048310125,04011,2,11,2015,3.0,0.0
151963190706014,04111,1,11,2015,1.0,0.0
751521170703735,04011,3,11,2015,3.0,0.0
900139146510936,04011,3,11,2015,2.0,0.0
082046268109541,04011,2,11,2015,1.0,0.0
081709160100505,04111,1,11,2015,3.0,1.0
801106205810410,04011,1,11,2015,1.0,0.0
020010249252336,04011,1,11,2015,2.0,0.0
142332020089355,04011,2,11,2015,1.0,1.0
011120001620214,04111,1,11,2015,1.0,0.0
167492030259704,04011,2,11,2015,1.0,0.0
410103962318734,04011,1,11,2015,1.0,0.0
652284130007101,04111,1,11,2015,1.0,0.0
862891140701600,04011,1,11,2015,1.0,1.0
991960019020323,04011,2,11,2015,2.0,0.0
150152070091183,04011,1,11,2015,3.0,0.0
081078366206501,04011,1,11,2015,2.0,0.0
207380210009801,04111,2,11,2015,2.0,0.0
215580015096909,04011,1,11,2015,2.0,0.0
071837007230376,04011,1,11,2015,3.0,1.0
004305754410974,04011,1,11,2015,2.0,1.0
182303050425937,04011,2,11,2015,2.0,0.0
953597120808504,04011,2,11,2015,2.0,0.0
511862027830944,04011,2,11,2015,3.0,0.0
655840978281003,04011,4,11,2015,,
404318416610955,04011,2,11,2015,3.0,0.0
591279008630697,04011,1,11,2015,3.0,0.0
202300868810157,04011,1,11,2015,1.0,0.0
861394011130274,04011,2,11,2015,3.0,1.0
910009013093279,04011,1,11,2015,2.0,0.0
077071821404551,04011,2,11,2015,,
040210365427469,04011,1,11,2015,1.0,0.0
221390433591204,04011,1,11,2015,3.0,0.0
910004274634652,04011,1,11,2015,3.0,0.0
010002084330762,04011,2,11,2015,1.0,0.0
051042023440734,04011,3,11,2015,2.0,1.0
174774040074125,04011,2,11,2015,3.0,0.0
052086773407241,04011,2,11,2015,2.0,0.0
606408177610143,04011,1,11,2015,2.0,0.0
040812835860259,04011,3,11,2015,3.0,0.0
148000001312408,04011,1,11,2015,1.0,0.0
210104324631078,04011,2,11,2015,2.0,0.0
412080510097857,04011,2,11,2015,1.0,0.0
481584012040944,04011,2,11,2015,3.0,0.0
892830557641104,04011,1,11,2015,2.0,1.0
210007715079910,04111,1,11,2015,2.0,1.0
051060794508821,04011,2,11,2015,2.0,0.0
082063529500761,04111,1,11,2015,1.0,0.0
082063529500761,04111,2,11,2015,1.0,0.0
050411703091936,04011,1,11,2015,3.0,0.0
810303625709534,04111,1,11,2015,1.0,0.0
164446401820506,04111,1,11,2015,2.0,0.0
188515040016955,04011,2,11,2015,3.0,0.0
555010613028476,04011,1,11,2015,1.0,1.0
050510342613615,04011,1,11,2015,2.0,0.0
050510609072997,04011,4,11,2015,1.0,0.0
050611310890988,04111,1,11,2015,2.0,0.0
110000310961141,04111,1,12,2015,2.0,0.0
107240010040338,05111,1,12,2015,2.0,1.0
282373001272007,04011,1,12,2015,2.0,0.0
491429008500078,05011,1,12,2015,3.0,0.0
491429008500078,05011,2,12,2015,3.0,0.0
046014828006131,05011,2,12,2015,2.0,1.0
161042009300276,04111,4,12,2015,1.0,0.0
400008681510370,05011,1,12,2015,3.0,1.0
606000374610773,05011,2,12,2015,3.0,0.0
000612505887149,04011,2,12,2015,1.0,0.0
260018150009216,05011,1,12,2015,3.0,0.0
290627120308701,04011,4,12,2015,1.0,0.0
141217035710471,05111,4,12,2015,,
311891110906325,05111,1,12,2015,2.0,1.0
234580732601101,04011,1,12,2015,1.0,0.0
010206091758422,05011,2,12,2015,3.0,0.0
107240014058233,04011,1,12,2015,2.0,0.0
610201471312352,04011,2,12,2015,1.0,0.0
162421020053558,05011,2,12,2015,3.0,0.0
104870719013355,04011,2,12,2015,1.0,0.0
108470510096377,05011,1,12,2015,3.0,0.0
409103688310396,04011,2,12,2015,2.0,0.0
806101048310125,04011,2,12,2015,2.0,0.0
863450501220105,05011,2,12,2015,3.0,0.0
751521170703735,04011,3,12,2015,2.0,0.0
186071070310864,05011,1,12,2015,2.0,0.0
777247301343107,05011,4,12,2015,3.0,0.0
020010202317957,05011,1,12,2015,3.0,0.0
020010249252336,04011,1,12,2015,1.0,0.0
020210306464464,05111,2,12,2015,3.0,1.0
252943160407000,05011,2,12,2015,3.0,0.0
510005702631935,05011,1,12,2015,3.0,0.0
150152070091183,04011,1,12,2015,2.0,0.0
081078366206501,04011,1,12,2015,1.0,0.0
207380210009801,04111,2,12,2015,1.0,0.0
046038101206701,04111,2,12,2015,2.0,0.0
215580015096909,04011,1,12,2015,1.0,0.0
302440218035479,05011,2,12,2015,2.0,0.0
004305754410974,04011,1,12,2015,1.0,1.0
182303050425937,04011,2,12,2015,1.0,0.0
030613796585569,04011,1,12,2015,1.0,0.0
511862027830944,04011,2,12,2015,2.0,0.0
604300416610498,05011,1,12,2015,3.0,0.0
030610258770966,05011,1,12,2015,3.0,1.0
404318416610955,04011,2,12,2015,2.0,0.0
591279008630697,04011,1,12,2015,2.0,0.0
168785701142302,04011,1,12,2015,2.0,0.0
116524010098438,05011,1,12,2015,3.0,0.0
221390433591204,04011,1,12,2015,2.0,0.0
049092967407921,04011,3,12,2015,2.0,1.0
524418140301303,05011,2,12,2015,2.0,0.0
910004274634652,04011,1,12,2015,2.0,0.0
051042023440734,04011,3,12,2015,1.0,1.0
174774040074125,04011,2,12,2015,2.0,0.0
040510421096428,05011,2,12,2015,3.0,1.0
606408177610143,04011,1,12,2015,1.0,0.0
040812835860259,04011,3,12,2015,2.0,0.0
120584080154901,05011,1,12,2015,3.0,0.0
481584012040944,04011,2,12,2015,2.0,0.0
051060794508821,04011,2,12,2015,1.0,0.0
115265010027826,05011,1,12,2015,3.0,0.0
115265010027826,05011,4,12,2015,3.0,0.0
115739150108402,05011,2,12,2015,3.0,1.0
508390213092351,05011,1,12,2015,3.0,0.0
050411703091936,04011,1,12,2015,2.0,0.0
408509388410127,05111,2,12,2015,3.0,0.0
910004865951224,05011,1,12,2015,3.0,0.0
164446401820506,04111,1,12,2015,1.0,0.0
188515040016955,04011,2,12,2015,2.0,0.0
050510342613615,04011,1,12,2015,1.0,0.0
704509583510516,05011,2,12,2015,3.0,1.0
050611310890988,04111,1,12,2015,1.0,0.0
501866004450455,04111,1,12,2015,1.0,0.0
865020170306016,04111,1,12,2015,2.0,1.0
107240010040338,05111,1,1,2016,1.0,1.0
037002424009991,05011,2,1,2016,3.0,1.0
282373001272007,04011,1,1,2016,1.0,0.0
491429008500078,05011,1,1,2016,2.0,0.0
491429008500078,05011,2,1,2016,2.0,0.0
029034246003941,05111,1,1,2016,,
547074355009701,04011,2,1,2016,1.0,0.0
177490050017257,05011,1,1,2016,3.0,0.0
101160060102061,04011,2,1,2016,1.0,1.0
160942160200517,05011,3,1,2016,3.0,0.0
060633140409417,05011,2,1,2016,2.0,0.0
260018150009216,05011,1,1,2016,2.0,0.0
276702801431006,05011,1,1,2016,1.0,1.0
931504012010525,05011,1,1,2016,3.0,1.0
010206091758422,05011,2,1,2016,2.0,0.0
118220116045293,05011,2,1,2016,,
200390726931101,05011,2,1,2016,2.0,0.0
162421020053558,05011,2,1,2016,2.0,0.0
409103688310396,04011,2,1,2016,1.0,0.0
806101048310125,04011,2,1,2016,1.0,0.0
751521170703735,04011,3,1,2016,1.0,0.0
808133570710788,05011,1,1,2016,3.0,0.0
105190119014715,05011,1,1,2016,3.0,0.0
881961150203508,05011,1,1,2016,3.0,0.0
062038400101061,04011,2,1,2016,1.0,0.0
371985005110912,05011,1,1,2016,3.0,0.0
010006511756089,05011,1,1,2016,3.0,0.0
020010202317957,05011,1,1,2016,2.0,0.0
262372801320207,05011,2,1,2016,2.0,0.0
028012894206721,04111,2,1,2016,1.0,0.0
020310139306119,05011,2,1,2016,3.0,0.0
081045006020335,05011,1,1,2016,3.0,0.0
781047002520914,05011,2,1,2016,1.0,0.0
510005702631935,05011,1,1,2016,2.0,0.0
150152070091183,04011,1,1,2016,1.0,0.0
209140614041776,05011,1,1,2016,3.0,0.0
020810384853961,05011,2,1,2016,3.0,0.0
046038101206701,04111,2,1,2016,1.0,0.0
030010542881795,05111,2,1,2016,3.0,0.0
021016005830125,05011,1,1,2016,3.0,0.0
021016005830125,05011,2,1,2016,3.0,0.0
255750157721303,05011,1,1,2016,3.0,0.0
027063218303681,05011,2,1,2016,2.0,0.0
853172120805402,05011,1,1,2016,3.0,0.0
511862027830944,04011,2,1,2016,1.0,0.0
604300416610498,05011,1,1,2016,2.0,0.0
030611091563922,05011,1,1,2016,2.0,0.0
404318416610955,04011,2,1,2016,1.0,0.0
310003623247787,04011,2,1,2016,1.0,0.0
773478120300803,05011,2,1,2016,,
168785701142302,04011,1,1,2016,1.0,0.0
010001034011220,05011,2,1,2016,2.0,0.0
304011120100002,05011,2,1,2016,2.0,0.0
700391901710403,05011,1,1,2016,3.0,1.0
116524010098438,05011,1,1,2016,2.0,0.0
221390433591204,04011,1,1,2016,1.0,0.0
910004274634652,04011,1,1,2016,1.0,0.0
174774040074125,04011,2,1,2016,1.0,0.0
040510421096428,05011,2,1,2016,2.0,1.0
606408177610143,04011,1,1,2016,,
040812835860259,04011,3,1,2016,1.0,0.0
061389013240235,05011,1,1,2016,3.0,0.0
776088441404691,05011,1,1,2016,2.0,0.0
040810016758279,05011,1,1,2016,3.0,0.0
504408428810073,05011,2,1,2016,2.0,0.0
803950799711704,05011,4,1,2016,1.0,0.0
210104324631078,04011,2,1,2016,1.0,0.0
036088422402401,05011,1,1,2016,3.0,0.0
481584012040944,04011,2,1,2016,1.0,0.0
050010837384958,05111,2,1,2016,,
115265010027826,05011,4,1,2016,2.0,0.0
505140011038191,05011,1,1,2016,2.0,0.0
508390213092351,05011,1,1,2016,2.0,0.0
050411703091936,04011,1,1,2016,1.0,0.0
408509388410127,05111,2,1,2016,2.0,0.0
910004865951224,05011,1,1,2016,2.0,0.0
188515040016955,04011,2,1,2016,1.0,0.0
905363101590500,05011,1,1,2016,3.0,0.0
514360711036600,04011,1,1,2016,1.0,0.0
865020170306016,04111,1,1,2016,1.0,1.0
071074201090005,05111,1,2,2016,3.0,0.0
132890010063645,05111,1,2,2016,2.0,0.0
908009851110328,05111,1,2,2016,3.0,0.0
491429008500078,05011,1,2,2016,1.0,0.0
491429008500078,05011,2,2,2016,1.0,0.0
177490050017257,05011,1,2,2016,2.0,0.0
606000374610773,05011,2,2,2016,1.0,0.0
006304001050003,05011,2,2,2016,2.0,0.0
316260701971005,05011,1,2,2016,3.0,1.0
710004860572226,05011,2,2,2016,3.0,0.0
710008310827588,05011,2,2,2016,3.0,0.0
141630090040617,05011,1,2,2016,3.0,0.0
790808170800204,05011,1,2,2016,2.0,0.0
997740882701000,05011,1,2,2016,3.0,0.0
860075501691106,05011,1,2,2016,3.0,0.0
481917501332101,05011,1,2,2016,2.0,0.0
502127246110955,05111,2,2,2016,3.0,0.0
010206091758422,05011,1,2,2016,1.0,0.0
010206091758422,05011,2,2,2016,1.0,0.0
010210918926485,05011,2,2,2016,3.0,0.0
200390726931101,05011,2,2,2016,1.0,0.0
510109261324182,05011,2,2,2016,2.0,0.0
162421020053558,05011,2,2,2016,1.0,0.0
031152180305604,05011,1,2,2016,3.0,0.0
112600617096594,05011,1,2,2016,3.0,0.0
467671701093105,05011,2,2,2016,3.0,0.0
808133570710788,05011,1,2,2016,2.0,0.0
105190119014715,05011,1,2,2016,2.0,0.0
881961150203508,05011,1,2,2016,2.0,0.0
371985005110912,05011,1,2,2016,2.0,0.0
010006511756089,05011,1,2,2016,2.0,0.0
020010202317957,05011,1,2,2016,1.0,0.0
272530379491102,05111,2,2,2016,1.0,0.0
020310139306119,05011,2,2,2016,2.0,0.0
081045006020335,05011,1,2,2016,2.0,0.0
495119201200201,05011,3,2,2016,3.0,0.0
020810384853961,05011,2,2,2016,2.0,0.0
628605501170209,05011,2,2,2016,3.0,0.0
292204130301101,05011,2,2,2016,3.0,0.0
030010542881795,05111,2,2,2016,2.0,0.0
813113140700707,05011,2,2,2016,2.0,0.0
021016005830125,05011,2,2,2016,2.0,0.0
255750157721303,05011,1,2,2016,2.0,0.0
355200159751003,05011,2,2,2016,1.0,0.0
571955020730442,05011,2,2,2016,3.0,0.0
853172120805402,05011,1,2,2016,2.0,0.0
401314798610099,05011,1,2,2016,3.0,0.0
030611091563922,05011,1,2,2016,1.0,0.0
306310510084793,05011,1,2,2016,2.0,0.0
610007623837957,05011,2,2,2016,3.0,0.0
700391901710403,05011,1,2,2016,2.0,1.0
116524010098438,05011,1,2,2016,1.0,0.0
404380415093270,05011,1,2,2016,3.0,0.0
524418140301303,05011,2,2,2016,1.0,0.0
411490415057402,05011,1,2,2016,3.0,0.0
757243901620403,05011,2,2,2016,,
175048904403371,05012,1,2,2016,1.0,1.0
776088441404691,05011,1,2,2016,1.0,0.0
010005744959828,05011,3,2,2016,3.0,0.0
040810016758279,05011,1,2,2016,2.0,0.0
161388079440211,05011,1,2,2016,3.0,0.0
504408428810073,05011,2,2,2016,1.0,0.0
861430495641704,05011,2,2,2016,,
991682015740140,05011,1,2,2016,3.0,0.0
036088422402401,05011,1,2,2016,2.0,0.0
094001110306306,05011,1,2,2016,3.0,0.0
910101615826503,05011,1,2,2016,2.0,1.0
408509388410127,05111,2,2,2016,1.0,0.0
507140816059453,05111,2,2,2016,3.0,0.0
864354301821509,05111,1,2,2016,3.0,0.0
910004865951224,05011,1,2,2016,1.0,0.0
472090977201005,05111,2,2,2016,2.0,0.0
905363101590500,05011,1,2,2016,2.0,0.0
095045783503801,05011,2,2,2016,2.0,0.0
507501472610174,05111,1,2,2016,3.0,0.0
132890010063645,05111,1,3,2016,1.0,0.0
006304001050003,05011,2,3,2016,1.0,0.0
510003560026486,05011,2,3,2016,3.0,1.0
660842120705702,05011,1,3,2016,2.0,0.0
710004860572226,05011,2,3,2016,2.0,0.0
141630090040617,05011,1,3,2016,2.0,0.0
997740882701000,05011,1,3,2016,2.0,0.0
860075501691106,05011,1,3,2016,2.0,0.0
502127246110955,05111,2,3,2016,2.0,0.0
010210918926485,05011,2,3,2016,2.0,0.0
116170817057240,05011,3,3,2016,3.0,0.0
157021020230942,05011,2,3,2016,1.0,1.0
441227000510381,05011,2,3,2016,2.0,0.0
510109261324182,05011,2,3,2016,1.0,0.0
112600617096594,05011,1,3,2016,2.0,0.0
549650059271101,05011,1,3,2016,3.0,0.0
010710389628152,05011,2,3,2016,3.0,0.0
808133570710788,05011,1,3,2016,1.0,0.0
105190119014715,05011,1,3,2016,1.0,0.0
881961150203508,05011,1,3,2016,1.0,0.0
371985005110912,05011,1,3,2016,1.0,0.0
010006511756089,05011,1,3,2016,1.0,0.0
020310139306119,05011,2,3,2016,1.0,0.0
081045006020335,05011,1,3,2016,1.0,0.0
495119201200201,05011,3,3,2016,2.0,0.0
601214494610447,05011,2,3,2016,3.0,0.0
003204900710997,05011,2,3,2016,3.0,0.0
053077316205031,05011,2,3,2016,3.0,0.0
601204491710647,05011,1,3,2016,1.0,0.0
020810384853961,05011,2,3,2016,1.0,0.0
628605501170209,05011,2,3,2016,2.0,0.0
292204130301101,05011,2,3,2016,2.0,0.0
813113140700707,05011,2,3,2016,1.0,0.0
021016005830125,05011,2,3,2016,1.0,0.0
255750157721303,05011,1,3,2016,1.0,0.0
571955020730442,05011,2,3,2016,2.0,0.0
853172120805402,05011,1,3,2016,1.0,0.0
401314798610099,05011,1,3,2016,2.0,0.0
706460945941003,05011,2,3,2016,3.0,0.0
805302332710631,05011,2,3,2016,3.0,0.0
306310510084793,05011,1,3,2016,1.0,0.0
610007623837957,05011,2,3,2016,2.0,0.0
661187002930284,05011,2,3,2016,3.0,0.0
110008534038942,05011,2,3,2016,3.0,1.0
411490415057402,05011,1,3,2016,2.0,0.0
841847003940380,05111,2,3,2016,2.0,0.0
402180213099576,05011,1,3,2016,2.0,0.0
091065944401061,05011,1,3,2016,3.0,0.0
061382016340100,05011,1,3,2016,1.0,0.0
010005744959828,05011,3,3,2016,2.0,0.0
040810016758279,05011,1,3,2016,1.0,0.0
161388079440211,05011,1,3,2016,2.0,0.0
991682015740140,05011,1,3,2016,2.0,0.0
403310616026941,05011,1,3,2016,3.0,0.0
115844150306701,05011,1,3,2016,3.0,0.0
503350414012170,05011,2,3,2016,2.0,0.0
310105825124243,05011,2,3,2016,3.0,1.0
171744003050432,05011,1,3,2016,1.0,0.0
507140816059453,05111,2,3,2016,2.0,0.0
808513571410888,05111,2,3,2016,3.0,0.0
810104515242174,05111,1,3,2016,1.0,0.0
814825501540503,05011,2,3,2016,3.0,0.0
864354301821509,05111,1,3,2016,2.0,0.0
472090977201005,05111,2,3,2016,1.0,0.0
905363101590500,05011,1,3,2016,1.0,0.0
050510177619163,05011,2,3,2016,3.0,1.0
095045783503801,05011,2,3,2016,1.0,0.0
507501472610174,05111,1,3,2016,2.0,0.0
197010010049420,05111,1,4,2016,1.0,0.0
000540310076182,05011,1,4,2016,3.0,0.0
908009851110328,05111,1,4,2016,1.0,0.0
454230755971200,05011,1,4,2016,1.0,0.0
172580050012545,05011,2,4,2016,,
200619664814184,05011,2,4,2016,3.0,0.0
710004860572226,05011,2,4,2016,1.0,0.0
183046239001781,05011,1,4,2016,3.0,0.0
183046239001781,05011,5,4,2016,3.0,0.0
141630090040617,05011,1,4,2016,1.0,0.0
997740882701000,05011,1,4,2016,1.0,0.0
860075501691106,05011,1,4,2016,1.0,0.0
502127246110955,05111,2,4,2016,1.0,0.0
010210918926485,05011,2,4,2016,1.0,0.0
116170817057240,05011,3,4,2016,2.0,0.0
841734001510332,05011,2,4,2016,3.0,0.0
112600617096594,05011,1,4,2016,1.0,0.0
549650059271101,05011,1,4,2016,2.0,0.0
010710389628152,05011,2,4,2016,2.0,0.0
010710379244418,05011,1,4,2016,2.0,0.0
505100944910750,05011,2,4,2016,3.0,1.0
173342000124217,05011,1,4,2016,3.0,0.0
610007852121122,05111,2,4,2016,3.0,0.0
706236950410760,05011,2,4,2016,3.0,0.0
495119201200201,05011,3,4,2016,1.0,0.0
601214494610447,05011,2,4,2016,2.0,0.0
003204900710997,05011,2,4,2016,2.0,0.0
053077316205031,05011,2,4,2016,2.0,0.0
610003442376008,05111,1,4,2016,2.0,0.0
628605501170209,05011,2,4,2016,1.0,0.0
292204130301101,05011,2,4,2016,1.0,0.0
035030844306351,05011,1,4,2016,1.0,1.0
710007423766760,05111,2,4,2016,,
305061719066201,05011,1,4,2016,3.0,0.0
045084267301341,05111,1,4,2016,3.0,0.0
902300820410724,05011,2,4,2016,1.0,0.0
401314798610099,05011,1,4,2016,1.0,0.0
208324451610686,05011,1,4,2016,3.0,0.0
705302687610595,05011,1,4,2016,2.0,0.0
706460945941003,05011,2,4,2016,2.0,0.0
805302332710631,05011,2,4,2016,2.0,0.0
306310510084793,05011,1,4,2016,,
610007623837957,05011,2,4,2016,1.0,0.0
661187002930284,05011,2,4,2016,2.0,0.0
302480213099874,05011,1,4,2016,2.0,0.0
229573001360303,05011,1,4,2016,3.0,0.0
710004113027259,05011,2,4,2016,3.0,0.0
150784020043420,05011,2,4,2016,1.0,0.0
411490415057402,05011,1,4,2016,1.0,0.0
841847003940380,05111,2,4,2016,1.0,0.0
354172160208815,05011,2,4,2016,3.0,0.0
091065944401061,05011,1,4,2016,2.0,0.0
180624070131249,05011,1,4,2016,3.0,0.0
274523140105609,05111,1,4,2016,2.0,0.0
310000984894528,05011,2,4,2016,1.0,1.0
310107874190908,05011,1,4,2016,2.0,0.0
984983140906900,05011,1,4,2016,2.0,0.0
010005744959828,05011,3,4,2016,1.0,0.0
161388079440211,05011,1,4,2016,1.0,0.0
991682015740140,05011,1,4,2016,1.0,0.0
040811613273021,05011,1,4,2016,3.0,0.0
403310616026941,05011,1,4,2016,2.0,0.0
124995000248791,05011,1,4,2016,2.0,0.0
115844150306701,05011,1,4,2016,2.0,0.0
503350414012170,05011,2,4,2016,1.0,0.0
310105825124243,05011,2,4,2016,2.0,1.0
507140816059453,05111,2,4,2016,1.0,0.0
808513571410888,05111,2,4,2016,2.0,0.0
864354301821509,05111,1,4,2016,1.0,0.0
306504752410121,05011,2,4,2016,2.0,0.0
050510177619163,05011,2,4,2016,2.0,1.0
301502611510648,05011,2,4,2016,3.0,0.0
507501472610174,05111,1,4,2016,1.0,0.0
810008245686646,05011,1,4,2016,2.0,0.0
000540310076182,05011,1,5,2016,2.0,0.0
000212443924320,05011,3,5,2016,2.0,0.0
000810619066528,05011,2,5,2016,2.0,0.0
595395001291000,05011,2,5,2016,3.0,0.0
991550019000325,05011,2,5,2016,3.0,1.0
000611763300638,05011,1,5,2016,3.0,0.0
610300765541300,05011,2,5,2016,3.0,0.0
183046239001781,05011,1,5,2016,2.0,0.0
183046239001781,05011,5,5,2016,2.0,0.0
041481006900847,05011,2,5,2016,3.0,0.0
510004500384468,05011,1,5,2016,2.0,0.0
711604120803124,05111,2,5,2016,1.0,0.0
291922020810892,05011,1,5,2016,1.0,1.0
291922020810892,05011,2,5,2016,1.0,0.0
110006271599052,05011,2,5,2016,3.0,0.0
116170817057240,05011,3,5,2016,1.0,0.0
127110617059225,05011,2,5,2016,2.0,1.0
404146405510731,05011,1,5,2016,3.0,0.0
549650059271101,05011,1,5,2016,1.0,0.0
641868008010876,05111,2,5,2016,3.0,0.0
010710389628152,05011,2,5,2016,1.0,0.0
010710379244418,05011,1,5,2016,1.0,0.0
854950490431001,05011,1,5,2016,3.0,0.0
505100944910750,05011,2,5,2016,2.0,1.0
173342000124217,05011,1,5,2016,2.0,0.0
207090519018249,05011,2,5,2016,3.0,0.0
610007852121122,05111,2,5,2016,2.0,0.0
531733015420437,05011,2,5,2016,,
706236950410760,05011,2,5,2016,2.0,0.0
003204900710997,05011,2,5,2016,1.0,0.0
053077316205031,05011,2,5,2016,1.0,0.0
020810267480582,05111,2,5,2016,3.0,1.0
610003442376008,05111,1,5,2016,1.0,0.0
007090365304761,05111,1,5,2016,1.0,1.0
007090365304761,05111,2,5,2016,1.0,1.0
503043130706303,05111,1,5,2016,3.0,0.0
810006013311471,05111,2,5,2016,1.0,1.0
305061719066201,05011,1,5,2016,2.0,0.0
045084267301341,05111,1,5,2016,2.0,0.0
651075203306421,05011,3,5,2016,3.0,0.0
610402763441826,05011,2,5,2016,3.0,0.0
710207093909946,05011,1,5,2016,3.0,0.0
705302687610595,05011,1,5,2016,1.0,0.0
030611360219606,05011,2,5,2016,3.0,0.0
706460945941003,05011,2,5,2016,1.0,0.0
805302332710631,05011,2,5,2016,1.0,0.0
661187002930284,05011,2,5,2016,1.0,0.0
302480213099874,05011,1,5,2016,1.0,0.0
229573001360303,05011,1,5,2016,2.0,0.0
024942110803402,05011,2,5,2016,3.0,0.0
344166140106512,05011,1,5,2016,3.0,0.0
028025369405021,05011,1,5,2016,3.0,0.0
040510217451258,05111,2,5,2016,1.0,0.0
354172160208815,05011,2,5,2016,2.0,0.0
025080301071407,05011,2,5,2016,2.0,0.0
091065944401061,05011,1,5,2016,1.0,0.0
180624070131249,05011,1,5,2016,2.0,0.0
274523140105609,05111,1,5,2016,1.0,0.0
206068113405201,05011,1,5,2016,,
310107874190908,05011,1,5,2016,1.0,0.0
417832613028855,05011,1,5,2016,1.0,0.0
446050615022847,05011,2,5,2016,3.0,0.0
084102180101411,05011,2,5,2016,3.0,0.0
221018856400901,05011,1,5,2016,2.0,0.0
468211801630402,05011,1,5,2016,3.0,1.0
303405513810399,05011,2,5,2016,3.0,0.0
621984000840008,05011,1,5,2016,2.0,0.0
040811613273021,05011,1,5,2016,2.0,0.0
403310616026941,05011,1,5,2016,1.0,0.0
124995000248791,05011,1,5,2016,1.0,0.0
115844150306701,05011,1,5,2016,1.0,0.0
808513571410888,05111,2,5,2016,1.0,0.0
814825501540503,05011,2,5,2016,1.0,0.0
306504752410121,05011,2,5,2016,1.0,0.0
502210413065463,05011,2,5,2016,1.0,0.0
807576487410708,05111,2,5,2016,3.0,0.0
530370505211105,05011,1,5,2016,3.0,1.0
301502611510648,05011,2,5,2016,2.0,0.0
810008245686646,05011,1,5,2016,1.0,0.0
126290010063069,05111,2,6,2016,3.0,1.0
293750656881200,05011,3,6,2016,,
611644067300067,05011,2,6,2016,1.0,0.0
000611763300638,05011,1,6,2016,2.0,0.0
015350210031625,05011,1,6,2016,2.0,0.0
260364170305930,05011,1,6,2016,3.0,1.0
704009638810183,05011,3,6,2016,2.0,0.0
174770090164155,05011,3,6,2016,3.0,1.0
000911554572592,05011,1,6,2016,1.0,0.0
167099006005561,05011,2,6,2016,3.0,0.0
010210339720218,05011,2,6,2016,1.0,0.0
127110617059225,05011,2,6,2016,1.0,1.0
185023244102241,05011,1,6,2016,3.0,1.0
404146405510731,05011,1,6,2016,2.0,0.0
111090415057507,05011,1,6,2016,3.0,0.0
641868008010876,05111,2,6,2016,2.0,0.0
510008461022816,05111,1,6,2016,3.0,1.0
010718543274763,05011,1,6,2016,2.0,1.0
854950490431001,05011,1,6,2016,2.0,0.0
198901080007945,05011,2,6,2016,3.0,1.0
010910814901602,05011,2,6,2016,3.0,0.0
173342000124217,05011,1,6,2016,1.0,0.0
800315901741209,05011,1,6,2016,3.0,1.0
121842010115007,05011,1,6,2016,3.0,1.0
200770713022153,05011,1,6,2016,2.0,1.0
207090519018249,05011,2,6,2016,2.0,0.0
610007852121122,05111,2,6,2016,1.0,0.0
020411773396804,05011,1,6,2016,3.0,1.0
706236950410760,05011,2,6,2016,1.0,0.0
020510379935715,05111,2,6,2016,2.0,0.0
085097697204541,05011,2,6,2016,3.0,1.0
020810267480582,05111,2,6,2016,2.0,1.0
892210012601102,05011,1,6,2016,3.0,1.0
506222732910513,05011,2,6,2016,1.0,1.0
313840715015041,05111,1,6,2016,,
502323828010545,05011,2,6,2016,2.0,0.0
213950180602303,05011,1,6,2016,3.0,0.0
305061719066201,05011,1,6,2016,1.0,0.0
430530744861103,05011,1,6,2016,1.0,0.0
441750666901103,05011,1,6,2016,3.0,0.0
651075203306421,05011,3,6,2016,2.0,0.0
365950701931306,05011,1,6,2016,2.0,0.0
610402763441826,05011,2,6,2016,2.0,0.0
634400186891303,05011,2,6,2016,1.0,0.0
710207093909946,05011,1,6,2016,2.0,0.0
208324451610686,05011,1,6,2016,1.0,0.0
791563028230936,05011,2,6,2016,2.0,1.0
229573001360303,05011,1,6,2016,1.0,0.0
305306291910380,05011,1,6,2016,3.0,1.0
793674150100606,05011,2,6,2016,2.0,0.0
640826601900400,05111,1,6,2016,3.0,0.0
036440264061004,05111,2,6,2016,2.0,0.0
802407387010056,05111,1,6,2016,3.0,0.0
991410004340893,05111,1,6,2016,3.0,0.0
401410259210033,05011,1,6,2016,1.0,1.0
344166140106512,05011,1,6,2016,2.0,0.0
028025369405021,05011,1,6,2016,2.0,0.0
354172160208815,05011,2,6,2016,1.0,0.0
025080301071407,05011,2,6,2016,1.0,0.0
091086985401381,05111,2,6,2016,3.0,1.0
791263008240939,05011,1,6,2016,2.0,1.0
180624070131249,05011,1,6,2016,1.0,0.0
674843100903000,05011,2,6,2016,2.0,1.0
217991101870403,05111,1,6,2016,,
446050615022847,05011,2,6,2016,2.0,0.0
850400188791204,05011,2,6,2016,3.0,0.0
084102180101411,05011,2,6,2016,2.0,0.0
221018856400901,05011,1,6,2016,1.0,0.0
303405513810399,05011,2,6,2016,2.0,0.0
040811613273021,05011,1,6,2016,1.0,0.0
040913789450538,05011,2,6,2016,1.0,0.0
161506028450546,05011,1,6,2016,3.0,0.0
050110242998150,05011,3,6,2016,3.0,0.0
510007505379393,05011,1,6,2016,1.0,1.0
314677701397501,05111,2,6,2016,1.0,0.0
394467001025503,05011,1,6,2016,3.0,1.0
807576487410708,05111,2,6,2016,2.0,0.0
050510902829819,05011,1,6,2016,3.0,0.0
077071355005881,05011,1,7,2016,2.0,0.0
000110682820544,05111,2,7,2016,3.0,0.0
126290010063069,05111,2,7,2016,2.0,1.0
011250110050265,05011,1,7,2016,3.0,0.0
595395001291000,05011,2,7,2016,1.0,0.0
000510473640575,05111,1,7,2016,2.0,0.0
045096141005301,05011,1,7,2016,3.0,0.0
390076681005581,05011,1,7,2016,1.0,0.0
410204570897056,05011,1,7,2016,3.0,0.0
446802501991000,05011,2,7,2016,2.0,0.0
672900716271300,05011,2,7,2016,3.0,1.0
009002925610988,05011,2,7,2016,3.0,1.0
610300765541300,05011,2,7,2016,1.0,0.0
860885110609903,05011,1,7,2016,1.0,1.0
704009638810183,05011,3,7,2016,1.0,0.0
000350515022911,05011,2,7,2016,2.0,1.0
167099006005561,05011,2,7,2016,2.0,0.0
177610514077148,05111,1,7,2016,3.0,1.0
236092073100311,05011,3,7,2016,2.0,1.0
921665170900017,05011,1,7,2016,3.0,1.0
010212948540558,05011,2,7,2016,3.0,0.0
101100103210162,05011,2,7,2016,3.0,0.0
185023244102241,05011,1,7,2016,2.0,1.0
310000721813463,05011,2,7,2016,1.0,1.0
321432009210152,05011,2,7,2016,1.0,0.0
283548101442105,05011,2,7,2016,1.0,1.0
084043551106671,05011,2,7,2016,,
404146405510731,05011,1,7,2016,1.0,0.0
111090415057507,05011,1,7,2016,2.0,0.0
641868008010876,05111,2,7,2016,1.0,0.0
102105039710814,05011,2,7,2016,3.0,0.0
104230211092785,05011,2,7,2016,1.0,0.0
728840216051001,05011,1,7,2016,3.0,0.0
828894601190105,05011,1,7,2016,3.0,1.0
191140140103016,05011,1,7,2016,3.0,0.0
602139190504001,05111,2,7,2016,3.0,0.0
800315901741209,05011,1,7,2016,2.0,1.0
207090519018249,05011,2,7,2016,1.0,0.0
209225518210336,05111,3,7,2016,3.0,0.0
215370106881002,05111,2,7,2016,1.0,0.0
000215183510566,05011,1,7,2016,2.0,1.0
200700113071503,05011,2,7,2016,3.0,1.0
020510379935715,05111,2,7,2016,1.0,0.0
405225791610011,05011,1,7,2016,3.0,1.0
020810267480582,05111,2,7,2016,1.0,1.0
631685002320056,05011,2,7,2016,3.0,0.0
020810287835808,05111,2,7,2016,2.0,1.0
020810476235241,05011,1,7,2016,3.0,0.0
892210012601102,05011,1,7,2016,2.0,1.0
142512090221825,05011,1,7,2016,1.0,1.0
502323828010545,05011,2,7,2016,1.0,0.0
154883010116462,05011,1,7,2016,1.0,0.0
410108673115541,05011,1,7,2016,3.0,0.0
651431000530227,05111,2,7,2016,2.0,0.0
743055170200407,05111,1,7,2016,1.0,0.0
510006133096425,05011,1,7,2016,3.0,0.0
586260502871103,05011,1,7,2016,3.0,0.0
210405273332316,05011,1,7,2016,3.0,0.0
610402763441826,05011,2,7,2016,1.0,0.0
710207093909946,05011,1,7,2016,1.0,0.0
010105813446076,05011,1,7,2016,3.0,0.0
030611360219606,05011,1,7,2016,1.0,0.0
667456901822302,05011,2,7,2016,3.0,0.0
756230048531203,05011,2,7,2016,1.0,1.0
909318562910055,05011,1,7,2016,1.0,0.0
010005743529829,05011,1,7,2016,1.0,1.0
793674150100606,05011,2,7,2016,1.0,0.0
100243090008960,05011,1,7,2016,3.0,1.0
640826601900400,05111,1,7,2016,2.0,0.0
036440264061004,05111,2,7,2016,1.0,0.0
207406217010872,05111,1,7,2016,1.0,0.0
195504010060448,05011,1,7,2016,3.0,1.0
991410004340893,05111,1,7,2016,2.0,0.0
040210861309035,05011,2,7,2016,2.0,1.0
306404755210921,05011,1,7,2016,3.0,0.0
824885110502903,05011,1,7,2016,1.0,1.0
430650059271104,05011,2,7,2016,2.0,0.0
040413660219626,05011,2,7,2016,2.0,0.0
344166140106512,05011,1,7,2016,1.0,0.0
418090518015469,05011,2,7,2016,3.0,0.0
028025369405021,05011,1,7,2016,1.0,0.0
091086985401381,05111,2,7,2016,2.0,1.0
691465004340047,05011,1,7,2016,2.0,0.0
674843100903000,05011,2,7,2016,1.0,1.0
446050615022847,05011,2,7,2016,1.0,0.0
850400188791204,05011,2,7,2016,2.0,0.0
040813833684488,05011,1,7,2016,3.0,0.0
084102180101411,05011,2,7,2016,1.0,0.0
104068790401711,05011,2,7,2016,3.0,0.0
110207394252868,05011,1,7,2016,2.0,0.0
303405513810399,05011,2,7,2016,1.0,0.0
040911714286167,05011,1,7,2016,3.0,0.0
310079626405721,05011,2,7,2016,3.0,0.0
050110242998150,05011,3,7,2016,2.0,0.0
023041984502281,05011,1,7,2016,2.0,0.0
394467001025503,05011,1,7,2016,2.0,1.0
807576487410708,05111,2,7,2016,1.0,0.0
018065555505311,05011,1,7,2016,1.0,0.0
025135301250502,05011,1,7,2016,3.0,1.0
547160276611005,05011,1,7,2016,3.0,0.0
514860711036606,05011,1,7,2016,2.0,0.0
805504618610328,05111,1,7,2016,3.0,1.0
077071355005881,05011,1,8,2016,1.0,0.0
905003227110521,06111,2,8,2016,3.0,1.0
000110682820544,05111,2,8,2016,2.0,0.0
609001753110818,06111,2,8,2016,3.0,0.0
462053711307001,05011,1,8,2016,1.0,0.0
000416651481437,05011,1,8,2016,2.0,1.0
691457007500603,06011,1,8,2016,3.0,1.0
000510466723495,06011,1,8,2016,2.0,0.0
104660060143490,05011,3,8,2016,2.0,1.0
144760060270377,06011,2,8,2016,3.0,1.0
260177190407620,06011,3,8,2016,3.0,0.0
410204570897056,05011,1,8,2016,2.0,0.0
446802501991000,05011,2,8,2016,1.0,0.0
609011755610218,06011,2,8,2016,3.0,0.0
000613364300610,05011,2,8,2016,2.0,1.0
222013149610598,06011,4,8,2016,3.0,1.0
260364170305930,05011,1,8,2016,1.0,1.0
760203110806524,05011,1,8,2016,2.0,1.0
666220189641200,05011,1,8,2016,2.0,1.0
910004000684156,05011,1,8,2016,1.0,0.0
167099006005561,05011,2,8,2016,1.0,0.0
174070512052153,06111,2,8,2016,3.0,1.0
010212948540558,05011,2,8,2016,2.0,0.0
101100103210162,05011,2,8,2016,2.0,0.0
160541020124534,05011,2,8,2016,2.0,1.0
231645150201205,06011,1,8,2016,3.0,0.0
831789150903501,06011,1,8,2016,3.0,0.0
111090415057507,05011,1,8,2016,1.0,0.0
728840216051001,05011,1,8,2016,2.0,0.0
191140140103016,05011,1,8,2016,2.0,0.0
602139190504001,05111,2,8,2016,2.0,0.0
205500416003282,06111,1,8,2016,3.0,0.0
209225518210336,05111,3,8,2016,2.0,0.0
235550123751002,05011,1,8,2016,2.0,0.0
150952040159501,06011,1,8,2016,3.0,0.0
020510897384457,06011,1,8,2016,3.0,0.0
000056233207001,06011,1,8,2016,3.0,0.0
115572060249796,06011,3,8,2016,3.0,0.0
427086596200241,05011,1,8,2016,,
621300988891002,05011,1,8,2016,1.0,0.0
067097706203561,06011,2,8,2016,3.0,1.0
103209263710317,06011,1,8,2016,3.0,1.0
085097697204541,05011,2,8,2016,1.0,1.0
010009972615628,06011,2,8,2016,3.0,0.0
631685002320056,05011,2,8,2016,2.0,0.0
116202080190122,05011,3,8,2016,1.0,0.0
098000225881103,05111,2,8,2016,2.0,1.0
108333000184706,06011,1,8,2016,3.0,0.0
221400028930628,05011,1,8,2016,1.0,0.0
410108673115541,05011,1,8,2016,2.0,0.0
213950180602303,05011,1,8,2016,1.0,0.0
471872001650301,06111,2,8,2016,2.0,0.0
410003523822863,05111,2,8,2016,1.0,0.0
030410686516444,05011,1,8,2016,,
030410686516444,05011,2,8,2016,,
510006133096425,05011,1,8,2016,2.0,0.0
110305503245236,05011,1,8,2016,2.0,0.0
210405273332316,05011,1,8,2016,2.0,0.0
010105813446076,05011,1,8,2016,2.0,0.0
030611638402496,06011,1,8,2016,3.0,0.0
061963010630227,06011,1,8,2016,3.0,0.0
417047301781309,06011,1,8,2016,3.0,0.0
310008103098677,05011,1,8,2016,2.0,1.0
848270459681003,05011,1,8,2016,2.0,1.0
100243090008960,05011,1,8,2016,2.0,1.0
640826601900400,05111,1,8,2016,1.0,0.0
802407387010056,05111,1,8,2016,1.0,0.0
240773601720406,06011,1,8,2016,3.0,1.0
410020919087107,06011,2,8,2016,3.0,1.0
056091786408831,05011,2,8,2016,1.0,1.0
991410004340893,05111,1,8,2016,1.0,0.0
681320007140445,06011,2,8,2016,2.0,0.0
306404755210921,05011,1,8,2016,2.0,0.0
040410974087882,06011,1,8,2016,3.0,0.0
040413660219626,05011,2,8,2016,1.0,0.0
418090518015469,05011,2,8,2016,2.0,0.0
505910238631004,05011,2,8,2016,2.0,0.0
310004374581066,06011,1,8,2016,3.0,0.0
756301601150409,06111,1,8,2016,3.0,1.0
756301601150409,06111,2,8,2016,3.0,1.0
410009104018567,06011,3,8,2016,3.0,0.0
610004764959917,05011,2,8,2016,1.0,0.0
040813833684488,05011,1,8,2016,2.0,0.0
104068790401711,05011,2,8,2016,2.0,0.0
105104080123114,06011,2,8,2016,3.0,1.0
110207394252868,05011,1,8,2016,1.0,0.0
418302513064826,05011,1,8,2016,1.0,0.0
129088242401201,05011,2,8,2016,,
040911714286167,05011,1,8,2016,2.0,0.0
910209754089599,06011,1,8,2016,3.0,1.0
310079626405721,05011,2,8,2016,2.0,0.0
808435093910854,05011,2,8,2016,1.0,1.0
050110242998150,05011,3,8,2016,1.0,0.0
504620019066169,05011,1,8,2016,1.0,0.0
435885140208038,05011,1,8,2016,1.0,0.0
163015030174711,06011,1,8,2016,3.0,0.0
163015030174711,06011,2,8,2016,3.0,0.0
204504615410469,06111,1,8,2016,3.0,0.0
310208455519854,05111,2,8,2016,2.0,0.0
018065555505311,05011,1,8,2016,,
025135301250502,05011,1,8,2016,2.0,1.0
547160276611005,05011,1,8,2016,2.0,0.0
050611051481447,06111,2,8,2016,3.0,1.0
514860711036606,05011,1,8,2016,1.0,0.0
000110682820544,05111,2,9,2016,1.0,0.0
371076201090005,06011,2,9,2016,3.0,0.0
609001753110818,06111,2,9,2016,2.0,0.0
190340020262967,06011,1,9,2016,3.0,0.0
000416651481437,05011,1,9,2016,1.0,1.0
840473120207572,05011,2,9,2016,1.0,0.0
000510466723495,06011,1,9,2016,1.0,0.0
260177190407620,06011,3,9,2016,2.0,0.0
410204570897056,05011,1,9,2016,1.0,0.0
609011755610218,06011,2,9,2016,2.0,0.0
771867009900226,05011,2,9,2016,1.0,0.0
010011554572572,06011,2,9,2016,2.0,1.0
010011979935735,05011,1,9,2016,1.0,0.0
010013245302331,06011,1,9,2016,2.0,0.0
010212948540558,05011,2,9,2016,1.0,0.0
035022893104431,06011,1,9,2016,,
101100103210162,05011,2,9,2016,1.0,0.0
134441020045475,06011,2,9,2016,3.0,0.0
362262401455102,06011,2,9,2016,2.0,0.0
431644100004416,06012,1,9,2016,2.0,0.0
106320711008358,06011,1,9,2016,2.0,0.0
231645150201205,06011,1,9,2016,2.0,0.0
831789150903501,06011,1,9,2016,2.0,0.0
102105039710814,05011,2,9,2016,1.0,0.0
309106327710136,06011,2,9,2016,3.0,0.0
728840216051001,05011,1,9,2016,1.0,0.0
191140140103016,05011,1,9,2016,1.0,0.0
591272170607908,06011,2,9,2016,3.0,0.0
020011123251006,06011,1,9,2016,3.0,1.0
602139190504001,05111,2,9,2016,1.0,0.0
650535901051201,05011,2,9,2016,1.0,1.0
066010091461002,06011,1,9,2016,3.0,1.0
205500416003282,06111,1,9,2016,2.0,0.0
209225518210336,05111,3,9,2016,1.0,0.0
235550123751002,05011,1,9,2016,1.0,0.0
150952040159501,06011,1,9,2016,2.0,0.0
020510897384457,06011,1,9,2016,2.0,0.0
193262050084449,06011,3,9,2016,,
193262050084449,06011,4,9,2016,,
801226472510527,06011,1,9,2016,2.0,1.0
405225791610011,05011,1,9,2016,1.0,1.0
310002232677347,06011,2,9,2016,3.0,0.0
010009972615628,06011,2,9,2016,2.0,0.0
091008795203551,05011,2,9,2016,1.0,0.0
631685002320056,05011,2,9,2016,1.0,0.0
301350515037086,06011,2,9,2016,3.0,0.0
410108673115541,05011,1,9,2016,1.0,0.0
179064423301211,06011,1,9,2016,3.0,0.0
301700819089458,06011,1,9,2016,3.0,0.0
774249301340307,05011,1,9,2016,1.0,0.0
510006133096425,05011,1,9,2016,1.0,0.0
110305503245236,05011,1,9,2016,1.0,0.0
210405273332316,05011,1,9,2016,1.0,0.0
030611638402496,06011,1,9,2016,2.0,0.0
068006918303501,06011,1,9,2016,,
683584120308907,05111,1,9,2016,1.0,1.0
261101003440814,05111,1,9,2016,1.0,0.0
410020919087107,06011,2,9,2016,2.0,1.0
176984010159306,06011,1,9,2016,3.0,0.0
186120192011004,06011,2,9,2016,2.0,0.0
306404755210921,05011,1,9,2016,1.0,0.0
505910238631004,05011,2,9,2016,1.0,0.0
410009104018567,06011,3,9,2016,2.0,0.0
773530375041004,06111,2,9,2016,,
184408100103320,06011,2,9,2016,2.0,0.0
548445601594409,06011,1,9,2016,3.0,0.0
040813833684488,05011,1,9,2016,1.0,0.0
104068790401711,05011,2,9,2016,1.0,0.0
105104080123114,06011,2,9,2016,2.0,1.0
822540382591004,06011,2,9,2016,2.0,1.0
040911714286167,05011,1,9,2016,1.0,0.0
310079626405721,05011,2,9,2016,1.0,0.0
902507118010197,06111,2,9,2016,1.0,0.0
631135006150496,06011,1,9,2016,3.0,1.0
310208455519854,05111,2,9,2016,1.0,0.0
691345007650065,06011,1,9,2016,3.0,0.0
141569013950285,06111,3,9,2016,3.0,0.0
371076201090005,06011,2,10,2016,2.0,0.0
609001753110818,06111,2,10,2016,1.0,0.0
190340020262967,06011,1,10,2016,2.0,0.0
176084431007821,06011,2,10,2016,2.0,0.0
000510466723495,06011,1,10,2016,,
260177190407620,06011,3,10,2016,1.0,0.0
609011755610218,06011,2,10,2016,1.0,0.0
023910816051658,06011,1,10,2016,2.0,0.0
110008530078946,06011,1,10,2016,3.0,0.0
673120294041200,06011,2,10,2016,1.0,0.0
161882009300274,06011,1,10,2016,1.0,0.0
010013245302331,06011,1,10,2016,1.0,0.0
104132737010051,06011,1,10,2016,2.0,0.0
910207521680650,06011,1,10,2016,2.0,1.0
153311010539891,06011,2,10,2016,3.0,0.0
134441020045475,06011,2,10,2016,2.0,0.0
183981020568376,06011,1,10,2016,3.0,1.0
362262401455102,06011,2,10,2016,1.0,0.0
431644100004416,06012,1,10,2016,1.0,0.0
231645150201205,06011,1,10,2016,1.0,0.0
261137003410974,06011,2,10,2016,1.0,0.0
531507120206808,06011,2,10,2016,3.0,0.0
831022160906304,06011,3,10,2016,3.0,0.0
831789150903501,06011,1,10,2016,1.0,0.0
145260719066501,06011,1,10,2016,3.0,1.0
703119286610905,06011,1,10,2016,3.0,0.0
309106327710136,06011,2,10,2016,2.0,0.0
967512101940103,06011,1,10,2016,3.0,0.0
410009511818728,06011,1,10,2016,3.0,0.0
591272170607908,06011,2,10,2016,2.0,0.0
222891140609301,06111,2,10,2016,2.0,0.0
205500416003282,06111,1,10,2016,1.0,0.0
892000301610209,06011,1,10,2016,2.0,0.0
020210624959745,06011,2,10,2016,1.0,1.0
309217752410594,06011,1,10,2016,3.0,0.0
150952040159501,06011,1,10,2016,1.0,0.0
020510897384457,06011,1,10,2016,1.0,0.0
193262050084449,06011,2,10,2016,1.0,0.0
020610412726074,06011,2,10,2016,3.0,0.0
310002232677347,06011,2,10,2016,2.0,0.0
604203111710382,06011,2,10,2016,3.0,0.0
010009972615628,06011,2,10,2016,1.0,0.0
020810235649055,06111,2,10,2016,3.0,0.0
020810380062111,06011,1,10,2016,3.0,0.0
301350515037086,06011,2,10,2016,2.0,0.0
015071291302531,06111,1,10,2016,3.0,0.0
195943010071823,06011,2,10,2016,3.0,0.0
471872001650301,06111,2,10,2016,1.0,0.0
510108963836283,06011,1,10,2016,2.0,0.0
179064423301211,06011,1,10,2016,2.0,0.0
204831701680301,06011,2,10,2016,1.0,0.0
301700819089458,06011,1,10,2016,2.0,0.0
448250315481003,06011,2,10,2016,3.0,0.0
030611638402496,06011,1,10,2016,1.0,0.0
304550410094617,06011,1,10,2016,3.0,0.0
873109140805713,06011,2,10,2016,3.0,0.0
210002063814379,06011,2,10,2016,3.0,0.0
410020919087107,06011,2,10,2016,1.0,1.0
176984010159306,06011,1,10,2016,2.0,0.0
109094010005261,06011,2,10,2016,1.0,0.0
186120192011004,06011,2,10,2016,1.0,0.0
681320007140445,06011,2,10,2016,1.0,0.0
404406408410131,06011,1,10,2016,3.0,0.0
094096983408091,06011,1,10,2016,1.0,0.0
604406541610822,06111,2,10,2016,3.0,0.0
548445601594409,06011,1,10,2016,2.0,0.0
879440983571104,06011,1,10,2016,3.0,0.0
105104080123114,06011,2,10,2016,1.0,1.0
201020140500811,06011,1,10,2016,3.0,0.0
129655010061002,06011,1,10,2016,3.0,0.0
232023454503481,06011,2,10,2016,2.0,0.0
691345007650065,06011,1,10,2016,2.0,0.0
410008045269616,06111,2,10,2016,3.0,0.0
050611908659857,06011,1,10,2016,3.0,1.0
141569013950285,06111,3,10,2016,2.0,0.0
210003970612141,06111,2,11,2016,3.0,0.0
371076201090005,06011,2,11,2016,1.0,0.0
190340020262967,06011,1,11,2016,1.0,0.0
000510242881785,06111,1,11,2016,3.0,1.0
256488321762005,06011,2,11,2016,2.0,0.0
412208140831646,06011,2,11,2016,2.0,0.0
000612130465715,06011,5,11,2016,2.0,0.0
110008530078946,06011,1,11,2016,2.0,0.0
666970109081220,06011,2,11,2016,3.0,0.0
673120294041200,06011,2,11,2016,,
000610593263998,06011,1,11,2016,3.0,0.0
621494014600483,06011,1,11,2016,3.0,0.0
104132737010051,06011,1,11,2016,1.0,0.0
153311010539891,06011,2,11,2016,2.0,0.0
134441020045475,06011,2,11,2016,1.0,0.0
183981020568376,06011,1,11,2016,2.0,1.0
531507120206808,06011,2,11,2016,2.0,0.0
831022160906304,06011,3,11,2016,2.0,0.0
561397170303519,06011,1,11,2016,3.0,0.0
703119286610905,06011,1,11,2016,2.0,0.0
113280815020641,06011,2,11,2016,3.0,0.0
309106327710136,06011,2,11,2016,1.0,0.0
967512101940103,06011,1,11,2016,2.0,0.0
410009511818728,06011,1,11,2016,2.0,0.0
591272170607908,06011,2,11,2016,1.0,0.0
222891140609301,06111,2,11,2016,1.0,0.0
892000301610209,06011,1,11,2016,1.0,0.0
309217752410594,06011,1,11,2016,2.0,0.0
055005955203561,06111,2,11,2016,1.0,0.0
193262050084449,06011,2,11,2016,,
020610412726074,06011,2,11,2016,2.0,0.0
310002232677347,06011,2,11,2016,1.0,0.0
604203111710382,06011,2,11,2016,2.0,0.0
020810235649055,06111,2,11,2016,2.0,0.0
020810380062111,06011,1,11,2016,2.0,0.0
602208011810324,06111,2,11,2016,3.0,0.0
592349130708705,06011,1,11,2016,2.0,0.0
301350515037086,06011,2,11,2016,1.0,0.0
991348601130302,06011,1,11,2016,2.0,0.0
015071291302531,06111,1,11,2016,2.0,0.0
195943010071823,06011,2,11,2016,2.0,0.0
510108963836283,06011,1,11,2016,1.0,0.0
179064423301211,06011,1,11,2016,1.0,0.0
301700819089458,06011,1,11,2016,1.0,0.0
448250315481003,06011,2,11,2016,2.0,0.0
681143007330175,06011,1,11,2016,3.0,0.0
350086282301021,06011,1,11,2016,3.0,0.0
175016287302831,06011,1,11,2016,3.0,0.0
831262011730881,06011,2,11,2016,3.0,1.0
317880619097916,06011,2,11,2016,1.0,0.0
210002063814379,06011,2,11,2016,2.0,0.0
999822201460301,06011,1,11,2016,2.0,0.0
501409251010326,06111,1,11,2016,3.0,0.0
176984010159306,06011,1,11,2016,1.0,0.0
109094010005261,06011,2,11,2016,,
186120192011004,06011,2,11,2016,,
404406408410131,06011,1,11,2016,2.0,0.0
502403822510145,06111,2,11,2016,1.0,0.0
094096983408091,06011,1,11,2016,,
971668008240045,06011,2,11,2016,3.0,0.0
548445601594409,06011,1,11,2016,1.0,0.0
879440983571104,06011,1,11,2016,2.0,0.0
186354080410745,06011,2,11,2016,3.0,0.0
415120619068865,06011,2,11,2016,2.0,0.0
201020140500811,06011,1,11,2016,2.0,0.0
017011655500451,06011,3,11,2016,1.0,0.0
129655010061002,06011,1,11,2016,2.0,0.0
501250114026150,06011,2,11,2016,2.0,0.0
232023454503481,06011,2,11,2016,1.0,0.0
810008905459103,06011,1,11,2016,3.0,0.0
046044781503411,06011,1,11,2016,1.0,0.0
691345007650065,06011,1,11,2016,1.0,0.0
410008045269616,06111,2,11,2016,2.0,0.0
000414706437133,06011,3,12,2016,,
000510242881785,06111,1,12,2016,2.0,1.0
256488321762005,06011,2,12,2016,1.0,0.0
110008530078946,06011,1,12,2016,1.0,0.0
176550401222005,06011,2,12,2016,3.0,1.0
560234172900216,06011,1,12,2016,1.0,0.0
666970109081220,06011,2,12,2016,2.0,0.0
000610593263998,06011,1,12,2016,2.0,0.0
142860090144634,06011,1,12,2016,2.0,0.0
621494014600483,06011,1,12,2016,2.0,0.0
153311010539891,06011,2,12,2016,1.0,0.0
183981020568376,06011,1,12,2016,1.0,1.0
531507120206808,06011,2,12,2016,1.0,0.0
831022160906304,06011,3,12,2016,1.0,0.0
706136958510560,06011,1,12,2016,2.0,0.0
710302571591755,06011,2,12,2016,3.0,0.0
114460412068542,06011,2,12,2016,3.0,0.0
561397170303519,06011,1,12,2016,2.0,0.0
703119286610905,06011,1,12,2016,1.0,0.0
113280815020641,06011,2,12,2016,2.0,0.0
967512101940103,06011,1,12,2016,1.0,0.0
410009511818728,06011,1,12,2016,1.0,0.0
176742000049223,06011,2,12,2016,2.0,1.0
034051279201481,06011,2,12,2016,2.0,1.0
309217752410594,06011,1,12,2016,1.0,0.0
603201938410037,06011,2,12,2016,3.0,0.0
355445601500204,06011,3,12,2016,3.0,1.0
020610412726074,06011,2,12,2016,1.0,0.0
604203111710382,06011,2,12,2016,1.0,0.0
777483601770205,06011,1,12,2016,3.0,0.0
020810235649055,06111,2,12,2016,1.0,0.0
020810301694051,06011,1,12,2016,3.0,1.0
020810380062111,06011,1,12,2016,1.0,0.0
082455140208808,06111,1,12,2016,3.0,0.0
602208011810324,06111,2,12,2016,2.0,0.0
592349130708705,06011,1,12,2016,1.0,0.0
020910894691350,06011,1,12,2016,2.0,0.0
015071291302531,06111,1,12,2016,1.0,0.0
157473010044530,06011,1,12,2016,3.0,1.0
195943010071823,06011,2,12,2016,1.0,0.0
510005243267143,06111,1,12,2016,3.0,0.0
342050323631103,06011,2,12,2016,,
448250315481003,06011,2,12,2016,1.0,0.0
681143007330175,06011,1,12,2016,2.0,0.0
572170592691103,06011,1,12,2016,3.0,0.0
175016287302831,06011,1,12,2016,2.0,0.0
173648130609917,06011,2,12,2016,1.0,1.0
303850219075775,06011,1,12,2016,1.0,0.0
210002063814379,06011,2,12,2016,1.0,0.0
010006273834529,06011,2,12,2016,3.0,0.0
999822201460301,06011,1,12,2016,1.0,0.0
501409251010326,06111,1,12,2016,2.0,0.0
040010369256236,06111,2,12,2016,1.0,0.0
404406408410131,06011,1,12,2016,1.0,0.0
502403822510145,06111,2,12,2016,,
206405137510102,06011,2,12,2016,1.0,0.0
426579001360403,06011,1,12,2016,2.0,0.0
564558160906409,06011,1,12,2016,3.0,1.0
604406541610822,06111,2,12,2016,1.0,0.0
971668008240045,06011,2,12,2016,2.0,0.0
879440983571104,06011,1,12,2016,1.0,0.0
905428420810405,06011,1,12,2016,3.0,0.0
186354080410745,06011,2,12,2016,2.0,0.0
415120619068865,06011,2,12,2016,1.0,0.0
201020140500811,06011,1,12,2016,1.0,0.0
173890339321005,06011,2,12,2016,2.0,0.0
067011844500021,06011,1,12,2016,3.0,0.0
129655010061002,06011,1,12,2016,1.0,0.0
114430152471005,06011,2,12,2016,3.0,1.0
069093283509691,06011,2,12,2016,1.0,0.0
101508709310054,06011,2,12,2016,3.0,0.0
810008905459103,06011,1,12,2016,2.0,0.0
410008045269616,06111,2,12,2016,1.0,0.0
210003970612141,06111,2,1,2017,1.0,0.0
291463101910001,06111,1,1,2017,2.0,0.0
291463101910001,06111,2,1,2017,2.0,0.0
651454301330004,06111,1,1,2017,3.0,0.0
000414851481417,06011,2,1,2017,2.0,1.0
171520050014946,06011,2,1,2017,3.0,0.0
000612783516561,06011,2,1,2017,1.0,0.0
060081192300917,06011,1,1,2017,1.0,1.0
060081192300917,06011,2,1,2017,1.0,1.0
158046599004591,06011,2,1,2017,2.0,0.0
256488321762005,06011,2,1,2017,,
410009510968726,06011,1,1,2017,1.0,0.0
528029972610614,06011,3,1,2017,1.0,0.0
666970109081220,06011,2,1,2017,1.0,0.0
684820528931120,06011,2,1,2017,2.0,0.0
960235182803812,06011,2,1,2017,3.0,0.0
000610593263998,06011,1,1,2017,1.0,0.0
991500252511000,06011,2,1,2017,3.0,0.0
361237006810999,06011,1,1,2017,2.0,1.0
706136958510560,06011,1,1,2017,1.0,0.0
114460412068542,06011,2,1,2017,2.0,0.0
510104651577306,06011,2,1,2017,2.0,0.0
561397170303519,06011,1,1,2017,1.0,0.0
010910386055255,06011,2,1,2017,3.0,0.0
116201090040112,06011,1,1,2017,2.0,0.0
603201938410037,06011,2,1,2017,2.0,0.0
742252130208201,06011,2,1,2017,3.0,0.0
355445601500204,06011,3,1,2017,2.0,1.0
010009422530126,06011,2,1,2017,2.0,0.0
020810301694051,06011,1,1,2017,2.0,1.0
082455140208808,06111,1,1,2017,2.0,0.0
203500510037847,06111,2,1,2017,3.0,0.0
602208011810324,06111,2,1,2017,1.0,0.0
020910894691350,06011,1,1,2017,1.0,0.0
510100453130890,06111,1,1,2017,3.0,0.0
805314593010100,06111,2,1,2017,3.0,1.0
510005243267143,06111,1,1,2017,2.0,0.0
243412150301602,06011,1,1,2017,1.0,0.0
681143007330175,06011,1,1,2017,1.0,0.0
128963040011840,06011,4,1,2017,3.0,0.0
572170592691103,06011,1,1,2017,2.0,0.0
107318647510512,06011,3,1,2017,3.0,0.0
109056139304811,06011,1,1,2017,1.0,0.0
350086282301021,06011,1,1,2017,1.0,0.0
663987110203837,06011,2,1,2017,3.0,0.0
000318170610965,06011,1,1,2017,3.0,0.0
175016287302831,06011,1,1,2017,1.0,0.0
310009833671156,06011,2,1,2017,3.0,0.0
323070819023697,06011,2,1,2017,2.0,0.0
903308704610707,06011,2,1,2017,1.0,0.0
317760311089740,06011,2,1,2017,3.0,0.0
202319344810266,06011,2,1,2017,3.0,0.0
010006273834529,06011,2,1,2017,2.0,0.0
040010706459832,06011,2,1,2017,1.0,1.0
501409251010326,06111,1,1,2017,1.0,0.0
170914020088059,06011,2,1,2017,2.0,0.0
010005964950655,06011,1,1,2017,2.0,0.0
171255006140899,06011,2,1,2017,3.0,0.0
361467006840992,06111,1,1,2017,3.0,1.0
426579001360403,06011,1,1,2017,1.0,0.0
971668008240045,06011,2,1,2017,1.0,0.0
125027438402041,06011,2,1,2017,3.0,0.0
040710155242611,06111,2,1,2017,2.0,1.0
140815711564309,06011,4,1,2017,,
436050615022844,06011,2,1,2017,2.0,1.0
484427190803920,06011,2,1,2017,3.0,0.0
905428420810405,06011,1,1,2017,2.0,0.0
040813269640439,06011,1,1,2017,3.0,0.0
186354080410745,06011,2,1,2017,1.0,0.0
005751190901503,06011,2,1,2017,3.0,0.0
050240092351105,06011,3,1,2017,1.0,1.0
067011844500021,06011,1,1,2017,2.0,0.0
114430152471005,06011,2,1,2017,2.0,1.0
101508709310054,06011,2,1,2017,2.0,0.0
810008905459103,06011,1,1,2017,1.0,0.0
517760410034433,06011,4,1,2017,3.0,0.0
629320843931005,06011,2,1,2017,1.0,1.0
291463101910001,06111,1,2,2017,1.0,0.0
291463101910001,06111,2,2,2017,1.0,0.0
000212230464435,06011,2,2,2017,3.0,1.0
581229010700108,06011,1,2,2017,2.0,0.0
171520050014946,06011,2,2,2017,2.0,0.0
158046599004591,06011,2,2,2017,1.0,0.0
176550401222005,06011,2,2,2017,1.0,0.0
410102310458616,06011,2,2,2017,3.0,1.0
810002570944366,06011,2,2,2017,3.0,0.0
960235182803812,06011,2,2,2017,2.0,0.0
015200412031931,06011,1,2,2017,3.0,0.0
991500252511000,06011,2,2,2017,2.0,0.0
125270117048243,06011,2,2,2017,,
234062047100051,06011,2,2,2017,1.0,0.0
710507171721312,06011,1,2,2017,3.0,1.0
821231160906708,06011,1,2,2017,1.0,0.0
107780610052346,06011,2,2,2017,3.0,1.0
343230046531001,06011,2,2,2017,1.0,0.0
610003031127673,06011,2,2,2017,1.0,0.0
114460412068542,06011,2,2,2017,1.0,0.0
081967003110861,06111,1,2,2017,1.0,0.0
210009551249527,06011,1,2,2017,1.0,0.0
502106250710954,06011,2,2,2017,2.0,0.0
728171101310104,06011,2,2,2017,3.0,1.0
116201090040112,06011,1,2,2017,1.0,0.0
092022232203161,06011,2,2,2017,,
603201938410037,06011,2,2,2017,1.0,0.0
742252130208201,06011,2,2,2017,2.0,0.0
991047005120484,06011,2,2,2017,3.0,0.0
010009422530126,06011,2,2,2017,1.0,0.0
777483601770205,06011,1,2,2017,1.0,0.0
020810301694051,06011,1,2,2017,1.0,1.0
082455140208808,06111,1,2,2017,1.0,0.0
203500510037847,06111,2,2,2017,2.0,0.0
033050343305301,06111,1,2,2017,1.0,0.0
510100453130890,06111,1,2,2017,2.0,0.0
157473010044530,06011,1,2,2017,1.0,0.0
510005243267143,06111,1,2,2017,1.0,0.0
572170592691103,06011,1,2,2017,1.0,0.0
107318647510512,06011,3,2,2017,2.0,0.0
663987110203837,06011,2,2,2017,2.0,0.0
000318170610965,06011,1,2,2017,2.0,0.0
310009833671156,06011,2,2,2017,2.0,0.0
801311632610555,06011,1,2,2017,3.0,0.0
317760311089740,06011,2,2,2017,2.0,0.0
202319344810266,06011,2,2,2017,2.0,0.0
010006273834529,06011,2,2,2017,1.0,0.0
510000624098390,06011,1,2,2017,3.0,0.0
411070916096149,06011,1,2,2017,2.0,0.0
022915801560404,06011,2,2,2017,3.0,0.0
170914020088059,06011,2,2,2017,1.0,0.0
010005964950655,06011,1,2,2017,1.0,0.0
171255006140899,06011,2,2,2017,2.0,0.0
361467006840992,06111,1,2,2017,2.0,1.0
125027438402041,06011,2,2,2017,2.0,0.0
436050615022844,06011,2,2,2017,1.0,1.0
484427190803920,06011,2,2,2017,2.0,0.0
905428420810405,06011,1,2,2017,1.0,0.0
040813269640439,06011,1,2,2017,2.0,0.0
081781003040407,06011,2,2,2017,2.0,0.0
318299811164404,06011,2,2,2017,2.0,0.0
005751190901503,06011,2,2,2017,2.0,0.0
810007935092480,06011,1,2,2017,1.0,0.0
067011844500021,06011,1,2,2017,1.0,0.0
114430152471005,06011,2,2,2017,1.0,1.0
101508709310054,06011,2,2,2017,1.0,0.0
563220701860509,06111,1,2,2017,3.0,0.0
517760410034433,06011,4,2,2017,2.0,0.0
435241701160506,06011,1,2,2017,3.0,0.0
210183160305600,06111,2,3,2017,1.0,0.0
000212230464435,06011,2,3,2017,2.0,1.0
581229010700108,06011,1,3,2017,1.0,0.0
125340050067043,06111,2,3,2017,3.0,1.0
171520050014946,06011,2,3,2017,1.0,0.0
684120294041200,06011,2,3,2017,3.0,0.0
736827421213009,06011,1,3,2017,3.0,0.0
410102310458616,06011,2,3,2017,2.0,1.0
810002570944366,06011,2,3,2017,2.0,0.0
960235182803812,06011,2,3,2017,1.0,0.0
680905110700708,06011,1,3,2017,3.0,0.0
063088719007871,06011,1,3,2017,3.0,1.0
248398401250000,06011,2,3,2017,3.0,0.0
015200412031931,06011,1,3,2017,2.0,0.0
621594014600484,06011,1,3,2017,2.0,0.0
991500252511000,06011,2,3,2017,1.0,0.0
110500671864241,06011,2,3,2017,2.0,1.0
881322010610196,06011,1,3,2017,3.0,0.0
187751020005857,06011,2,3,2017,3.0,1.0
710507171721312,06011,1,3,2017,2.0,1.0
005072264109221,06011,1,3,2017,3.0,1.0
773887401820109,06011,2,3,2017,2.0,0.0
599050754741201,06011,3,3,2017,3.0,0.0
105460510055659,06111,1,3,2017,2.0,0.0
112061140407807,06011,1,3,2017,3.0,0.0
831640901790202,06111,2,3,2017,,
109782020000259,06011,1,3,2017,3.0,0.0
020410877669510,06011,2,3,2017,2.0,0.0
742252130208201,06011,2,3,2017,1.0,0.0
991047005120484,06011,2,3,2017,2.0,0.0
910105042456336,06011,1,3,2017,2.0,0.0
910105042456336,06011,2,3,2017,2.0,0.0
203500510037847,06111,2,3,2017,1.0,0.0
324680415093074,06011,1,3,2017,2.0,0.0
510100453130890,06111,1,3,2017,1.0,0.0
316050847031103,06011,1,3,2017,1.0,1.0
086054982307061,06011,2,3,2017,3.0,0.0
447690113041003,06011,2,3,2017,1.0,0.0
107318647510512,06011,3,3,2017,1.0,0.0
663987110203837,06011,2,3,2017,1.0,0.0
000318170610965,06011,1,3,2017,1.0,0.0
310009833671156,06011,2,3,2017,1.0,0.0
631765012330052,06011,1,3,2017,,
801311632610555,06011,1,3,2017,2.0,0.0
317760311089740,06011,2,3,2017,1.0,0.0
202319344810266,06011,2,3,2017,1.0,0.0
810002663689278,06011,3,3,2017,2.0,1.0
310009864530530,06011,2,3,2017,3.0,0.0
614938170306403,06111,1,3,2017,3.0,1.0
154400399981004,06011,1,3,2017,1.0,0.0
022915801560404,06011,2,3,2017,2.0,0.0
171255006140899,06011,2,3,2017,1.0,0.0
199674050093213,06011,1,3,2017,2.0,0.0
121050009740764,06111,2,3,2017,3.0,1.0
125027438402041,06011,2,3,2017,1.0,0.0
140815695197779,06011,1,3,2017,3.0,1.0
433070514047809,06011,1,3,2017,3.0,0.0
484427190803920,06011,2,3,2017,1.0,0.0
856430495641514,06011,3,3,2017,1.0,1.0
040813269640439,06011,1,3,2017,1.0,0.0
081781003040407,06011,2,3,2017,1.0,0.0
984039110108203,06011,1,3,2017,3.0,1.0
886490279091004,06011,2,3,2017,2.0,0.0
005751190901503,06011,2,3,2017,1.0,0.0
810003365452913,06011,3,3,2017,3.0,0.0
563220701860509,06111,1,3,2017,2.0,0.0
517760410034433,06011,4,3,2017,1.0,0.0
703517542410676,06011,2,3,2017,3.0,0.0
435241701160506,06011,1,3,2017,2.0,0.0
129140131101000,07011,1,4,2017,3.0,0.0
000212230464435,06011,2,4,2017,1.0,1.0
161842059300273,06011,2,4,2017,1.0,0.0
176084431007821,07011,1,4,2017,3.0,0.0
901043148410666,07011,2,4,2017,3.0,0.0
191650006600266,07011,2,4,2017,3.0,0.0
410003520952865,07011,2,4,2017,3.0,0.0
022600815069697,07011,2,4,2017,3.0,0.0
246922121462006,07011,2,4,2017,2.0,0.0
603014292610823,07011,1,4,2017,3.0,0.0
603014292610823,07011,2,4,2017,3.0,0.0
684120294041200,06011,2,4,2017,2.0,0.0
736827421213009,06011,1,4,2017,2.0,0.0
222023143610098,07011,2,4,2017,3.0,0.0
410102310458616,06011,2,4,2017,1.0,1.0
810002570944366,06011,2,4,2017,1.0,0.0
680905110700708,06011,1,4,2017,2.0,0.0
015200412031931,06011,1,4,2017,1.0,0.0
621594014600484,06011,1,4,2017,1.0,0.0
984740882701100,07011,1,4,2017,2.0,1.0
244040713108061,07011,2,4,2017,3.0,0.0
881322010610196,06011,1,4,2017,2.0,0.0
421243150705909,06011,1,4,2017,2.0,0.0
005072264109221,06011,1,4,2017,2.0,1.0
010310867936819,07011,3,4,2017,3.0,0.0
773887401820109,06011,2,4,2017,1.0,0.0
010311638178996,07011,2,4,2017,3.0,0.0
034026791103181,07111,1,4,2017,1.0,0.0
077241301347107,07011,1,4,2017,3.0,0.0
112061140407807,06011,1,4,2017,2.0,0.0
208330619065281,07011,1,4,2017,3.0,0.0
109782020000259,06011,1,4,2017,2.0,0.0
020410877669510,06011,2,4,2017,1.0,0.0
310104282029214,06011,4,4,2017,2.0,0.0
991047005120484,06011,2,4,2017,1.0,0.0
075018887204831,06011,1,4,2017,1.0,0.0
020810412222396,07011,1,4,2017,3.0,0.0
206210510084891,07111,1,4,2017,3.0,0.0
324680415093074,06011,1,4,2017,1.0,0.0
030110174197484,07011,2,4,2017,3.0,0.0
433430120303514,06011,2,4,2017,1.0,0.0
086054982307061,06011,2,4,2017,2.0,0.0
311441002030583,06011,2,4,2017,1.0,0.0
147066038304391,06011,1,4,2017,2.0,0.0
263476170803736,06011,1,4,2017,2.0,0.0
315460213035609,06011,2,4,2017,1.0,0.0
801311632610555,06011,1,4,2017,1.0,0.0
804307357710383,06011,1,4,2017,1.0,0.0
079098679305401,07011,1,4,2017,3.0,0.0
899590979591003,07011,1,4,2017,1.0,0.0
402390415058010,06011,1,4,2017,2.0,0.0
624584120900917,07011,1,4,2017,3.0,1.0
552415701810402,06011,1,4,2017,1.0,0.0
022915801560404,06011,2,4,2017,1.0,0.0
199674050093213,06011,1,4,2017,1.0,0.0
121050009740764,06111,2,4,2017,2.0,1.0
649920317621004,07011,1,4,2017,3.0,0.0
433070514047809,06011,1,4,2017,2.0,0.0
011008797408011,06011,1,4,2017,2.0,0.0
151089005040815,06011,2,4,2017,,
208305111384405,07011,1,4,2017,3.0,0.0
684562170706717,07011,2,4,2017,2.0,0.0
886490279091004,06011,2,4,2017,1.0,0.0
394879120700922,07011,2,4,2017,3.0,0.0
510910619066028,07011,1,4,2017,3.0,1.0
610007715819511,07011,3,4,2017,2.0,0.0
704503436110780,06011,2,4,2017,2.0,0.0
810003365452913,06011,3,4,2017,2.0,0.0
563220701860509,06111,1,4,2017,1.0,0.0
445960100706101,06111,2,4,2017,1.0,0.0
511147031250480,07111,2,4,2017,3.0,1.0
171743008750243,06111,3,4,2017,2.0,0.0
703517542410676,06011,2,4,2017,2.0,0.0
745120180502800,07111,2,4,2017,3.0,0.0
255632120808901,07011,1,4,2017,3.0,0.0
435241701160506,06011,1,4,2017,1.0,0.0
631619011500120,07011,2,5,2017,3.0,0.0
176084431007821,07011,1,5,2017,2.0,0.0
901043148410666,07011,2,5,2017,2.0,0.0
191650006600266,07011,2,5,2017,2.0,0.0
355405601290008,07011,2,5,2017,3.0,1.0
410003520952865,07011,2,5,2017,2.0,0.0
804005265510923,07011,1,5,2017,2.0,0.0
246922121462006,07011,2,5,2017,1.0,0.0
684120294041200,06011,2,5,2017,1.0,0.0
736827421213009,06011,1,5,2017,1.0,0.0
222023143610098,07011,2,5,2017,2.0,0.0
680905110700708,06011,1,5,2017,1.0,0.0
159661000240687,07011,1,5,2017,3.0,0.0
521205036010793,07011,2,5,2017,3.0,0.0
103168352110719,07111,1,5,2017,2.0,0.0
881322010610196,06011,1,5,2017,1.0,0.0
205780587751001,07011,2,5,2017,3.0,0.0
421243150705909,06011,1,5,2017,1.0,0.0
510103951171232,07011,2,5,2017,3.0,1.0
010311638178996,07011,2,5,2017,2.0,0.0
034026791103181,07111,1,5,2017,,
112061140407807,06011,1,5,2017,1.0,0.0
208330619065281,07011,1,5,2017,2.0,0.0
109782020000259,06011,1,5,2017,1.0,0.0
201390611019248,07011,1,5,2017,3.0,0.0
310104282029214,06011,4,5,2017,1.0,0.0
020410724582453,07011,1,5,2017,3.0,0.0
237180310084610,07011,1,5,2017,3.0,0.0
128046209208881,06011,2,5,2017,1.0,0.0
315026026200541,06011,2,5,2017,1.0,0.0
571566013420280,07011,2,5,2017,3.0,1.0
572864170200618,07011,2,5,2017,2.0,0.0
020810412222396,07011,1,5,2017,2.0,0.0
206210510084891,07111,1,5,2017,2.0,0.0
429371601250204,07011,2,5,2017,3.0,0.0
692051130504711,07011,1,5,2017,2.0,0.0
208870510096978,06011,2,5,2017,1.0,0.0
030110174197484,07011,2,5,2017,2.0,0.0
652763501927300,07011,2,5,2017,3.0,0.0
086054982307061,06011,2,5,2017,1.0,0.0
119313040033768,07011,1,5,2017,3.0,0.0
263476170509736,06011,1,5,2017,1.0,0.0
263476170803736,06011,1,5,2017,1.0,0.0
315360213035608,07011,1,5,2017,2.0,0.0
030711233405383,07011,1,5,2017,1.0,0.0
079098679305401,07011,1,5,2017,2.0,0.0
899590979591003,07011,1,5,2017,,
901682021130124,07011,1,5,2017,3.0,0.0
197203090106741,07011,2,5,2017,3.0,0.0
060780137691104,07011,1,5,2017,3.0,0.0
091530744861004,07111,1,5,2017,3.0,0.0
402390415058010,06011,1,5,2017,1.0,0.0
174634020176034,07011,1,5,2017,,
224269180602200,07011,1,5,2017,2.0,0.0
604926201612405,07011,1,5,2017,1.0,0.0
710002474399354,07011,2,5,2017,3.0,0.0
121050009740764,06111,2,5,2017,1.0,1.0
412890519074816,07011,2,5,2017,3.0,0.0
433070514047809,06011,1,5,2017,1.0,0.0
011008797408011,06011,1,5,2017,1.0,0.0
040810893924506,07011,1,5,2017,2.0,0.0
221981001940481,07011,1,5,2017,3.0,0.0
410740011083808,07011,1,5,2017,2.0,0.0
684562170706717,07011,2,5,2017,1.0,0.0
810340265961204,06011,2,5,2017,1.0,0.0
984015120906612,07011,1,5,2017,3.0,0.0
394879120700922,07011,2,5,2017,2.0,0.0
694547140706300,07011,2,5,2017,3.0,0.0
610007715819511,07011,3,5,2017,1.0,0.0
704503436110780,06011,2,5,2017,1.0,0.0
171743008750243,06111,3,5,2017,1.0,0.0
703517542410676,06011,2,5,2017,1.0,0.0
255632120808901,07011,1,5,2017,2.0,0.0
129140131101000,07011,1,6,2017,1.0,0.0
092051559004081,07011,2,6,2017,3.0,0.0
019750018070211,07011,1,6,2017,2.0,1.0
191650006600266,07011,2,6,2017,1.0,0.0
410003520952865,07011,2,6,2017,1.0,0.0
009540919048592,07011,2,6,2017,2.0,0.0
024580018098672,07011,2,6,2017,2.0,0.0
246922121462006,07011,2,6,2017,,
660545182901713,07011,1,6,2017,3.0,1.0
660545182901713,07011,2,6,2017,3.0,1.0
010009900578656,07011,1,6,2017,3.0,0.0
222023143610098,07011,2,6,2017,1.0,0.0
404026073610033,07011,1,6,2017,3.0,1.0
133890060082649,07011,2,6,2017,2.0,0.0
665810809951100,07011,1,6,2017,1.0,0.0
410008450076388,07011,1,6,2017,2.0,0.0
769021401171004,07011,1,6,2017,2.0,0.0
159661000240687,07011,1,6,2017,2.0,0.0
521205036010793,07011,2,6,2017,2.0,0.0
164620117035103,07011,1,6,2017,1.0,0.0
199991020131349,07011,2,6,2017,,
871028007510575,07011,2,6,2017,2.0,1.0
700100796210269,07011,2,6,2017,1.0,0.0
610109071259625,07111,2,6,2017,2.0,0.0
124970512052553,07011,2,6,2017,3.0,1.0
100370618033746,07011,1,6,2017,2.0,1.0
169830312013787,07011,1,6,2017,3.0,1.0
074037158105401,07011,2,6,2017,1.0,0.0
107380215046713,07011,2,6,2017,3.0,1.0
164310080361002,07011,2,6,2017,3.0,0.0
204110215024126,07111,1,6,2017,3.0,1.0
208330619065281,07011,1,6,2017,1.0,0.0
222273100208105,07011,1,6,2017,2.0,0.0
205550110059292,07011,2,6,2017,2.0,0.0
492113201200201,07111,1,6,2017,2.0,0.0
609208103210548,07111,1,6,2017,3.0,0.0
201390611019248,07011,1,6,2017,2.0,0.0
401201303210066,07011,1,6,2017,2.0,1.0
401201303210066,07011,2,6,2017,2.0,1.0
020410724582453,07011,1,6,2017,2.0,0.0
137452050081251,07011,1,6,2017,3.0,0.0
452430120306504,07111,2,6,2017,1.0,0.0
020610251855337,07011,2,6,2017,1.0,0.0
476291601940209,07011,1,6,2017,2.0,1.0
571566013420280,07011,2,6,2017,2.0,1.0
491767002220301,07011,2,6,2017,2.0,1.0
572864170200618,07011,2,6,2017,1.0,0.0
510008852639707,07011,1,6,2017,3.0,1.0
020048033206881,07111,1,6,2017,1.0,0.0
020810412222396,07011,1,6,2017,1.0,0.0
206210510084891,07111,1,6,2017,1.0,0.0
020910409128523,07011,2,6,2017,1.0,0.0
505319884210916,07111,2,6,2017,1.0,1.0
119313040033768,07011,1,6,2017,2.0,0.0
030512399443612,07011,2,6,2017,2.0,0.0
030611686352294,07011,1,6,2017,3.0,1.0
643000225881303,07011,1,6,2017,3.0,0.0
136263060152040,07011,2,6,2017,2.0,0.0
622510357581003,07011,2,6,2017,3.0,0.0
573897150203107,07011,3,6,2017,3.0,1.0
197203090106741,07011,2,6,2017,2.0,0.0
030910547236621,07011,1,6,2017,1.0,0.0
091530744861004,07111,1,6,2017,2.0,0.0
408960110043158,07011,2,6,2017,3.0,0.0
040412986516414,07011,1,6,2017,3.0,0.0
604926201612405,07011,1,6,2017,,
710002474399354,07011,2,6,2017,2.0,0.0
754805160905205,07011,2,6,2017,,
910008494610056,07111,1,6,2017,3.0,1.0
040710665473777,07011,2,6,2017,2.0,0.0
404910614014788,07011,1,6,2017,2.0,1.0
741860255501004,07011,1,6,2017,3.0,0.0
741860255501004,07011,2,6,2017,3.0,1.0
186354080410745,07011,2,6,2017,1.0,0.0
412890519074816,07011,2,6,2017,2.0,0.0
458711916041823,07011,1,6,2017,3.0,0.0
410740011083808,07011,1,6,2017,1.0,0.0
684562170706717,07011,2,6,2017,,
406540815043882,07011,2,6,2017,3.0,1.0
394879120700922,07011,2,6,2017,1.0,0.0
290377301460508,07111,1,6,2017,3.0,0.0
290377301460508,07111,2,6,2017,3.0,0.0
514040917091167,07011,1,6,2017,3.0,0.0
610007715819511,07011,3,6,2017,,
050110247204067,07011,2,6,2017,3.0,1.0
050410548884520,07011,2,6,2017,,
150555040435665,07111,1,6,2017,3.0,1.0
803514556410998,07111,2,6,2017,3.0,0.0
255632120808901,07011,1,6,2017,1.0,0.0
508260814007581,07011,1,6,2017,1.0,0.0
128535060107402,07111,1,6,2017,3.0,0.0
000110173168367,07111,2,7,2017,2.0,0.0
092051559004081,07011,2,7,2017,2.0,0.0
441651301481007,07011,2,7,2017,1.0,0.0
019750018070211,07011,1,7,2017,1.0,1.0
121841013400186,07011,1,7,2017,1.0,1.0
000510607581690,07111,1,7,2017,1.0,0.0
010009900578656,07011,1,7,2017,2.0,0.0
697820528931020,07011,1,7,2017,2.0,0.0
901005347610088,07011,2,7,2017,3.0,0.0
133890060082649,07011,2,7,2017,1.0,0.0
410008450076388,07011,1,7,2017,1.0,0.0
000911124593032,07011,2,7,2017,1.0,0.0
015540317097924,07011,1,7,2017,3.0,0.0
521205036010793,07011,2,7,2017,1.0,0.0
164620117035103,07011,1,7,2017,,
621950110102456,07011,1,7,2017,2.0,0.0
871028007510575,07011,2,7,2017,1.0,1.0
510006491370353,07011,2,7,2017,,
159661050300647,07011,1,7,2017,3.0,0.0
124970512052553,07011,2,7,2017,2.0,1.0
408106246510264,07111,2,7,2017,1.0,1.0
605550565051001,07111,1,7,2017,2.0,1.0
179030312013780,07011,3,7,2017,3.0,1.0
471727140302373,07011,1,7,2017,3.0,0.0
169830312013787,07011,1,7,2017,2.0,1.0
167561070067149,07011,2,7,2017,,
207107403710346,07011,1,7,2017,3.0,1.0
011019701103431,07011,1,7,2017,2.0,1.0
164310080361002,07011,2,7,2017,2.0,0.0
205550110059292,07011,2,7,2017,1.0,0.0
378160103001002,07011,1,7,2017,3.0,0.0
209340913062440,07011,2,7,2017,1.0,0.0
565170686861102,07011,1,7,2017,1.0,0.0
137452050081251,07011,1,7,2017,2.0,0.0
201580511047542,07011,1,7,2017,2.0,1.0
208720618017536,07011,3,7,2017,1.0,0.0
162071150602227,07011,2,7,2017,1.0,1.0
020711139720208,07011,2,7,2017,3.0,1.0
510008852639707,07011,1,7,2017,2.0,1.0
205370219094751,07011,2,7,2017,1.0,0.0
200560113068967,07011,5,7,2017,3.0,0.0
410002652522649,07011,1,7,2017,3.0,1.0
930020037961002,07111,2,7,2017,3.0,1.0
910005853769200,07111,1,7,2017,3.0,0.0
652763501927300,07011,2,7,2017,1.0,0.0
123914801561304,07011,1,7,2017,1.0,0.0
133603170306604,07111,1,7,2017,3.0,1.0
310002743577434,07011,2,7,2017,1.0,0.0
902300826510224,07011,1,7,2017,1.0,1.0
030512399443612,07011,2,7,2017,1.0,0.0
030611686352294,07011,1,7,2017,2.0,1.0
673400399981103,07011,2,7,2017,,
310104053823337,07011,2,7,2017,1.0,1.0
573897150203107,07011,3,7,2017,2.0,1.0
197203090106741,07011,2,7,2017,1.0,0.0
030910359462238,07011,1,7,2017,3.0,0.0
508306293910324,07011,1,7,2017,3.0,0.0
091530744861004,07111,1,7,2017,1.0,0.0
090001639404731,07111,1,7,2017,3.0,1.0
408960110043158,07011,2,7,2017,2.0,0.0
040210102829809,07011,2,7,2017,1.0,1.0
710002474399354,07011,2,7,2017,1.0,0.0
040510920063066,07011,1,7,2017,1.0,1.0
710007094389946,07011,2,7,2017,1.0,1.0
781768003940167,07011,2,7,2017,3.0,0.0
040710665473777,07011,2,7,2017,1.0,0.0
201409651710836,07011,1,7,2017,1.0,1.0
741860255501004,07011,1,7,2017,2.0,0.0
009408313810352,07011,1,7,2017,3.0,1.0
173824180575396,07011,2,7,2017,2.0,0.0
412890519074816,07011,2,7,2017,1.0,0.0
458711916041823,07011,1,7,2017,2.0,0.0
877010503831514,07011,2,7,2017,1.0,1.0
548604101150404,07011,1,7,2017,3.0,1.0
934820524081104,07011,5,7,2017,3.0,1.0
065020812504241,07111,1,7,2017,3.0,0.0
290377301460508,07111,1,7,2017,2.0,0.0
290377301460508,07111,2,7,2017,2.0,0.0
841707009450373,07011,1,7,2017,3.0,1.0
514040917091167,07011,1,7,2017,2.0,0.0
144505040083452,07111,1,7,2017,3.0,1.0
150555040435665,07111,1,7,2017,2.0,1.0
803514556410998,07111,2,7,2017,2.0,0.0
507500419062527,07011,2,7,2017,3.0,0.0
128535060107402,07111,1,7,2017,2.0,0.0
000110173168367,07111,2,8,2017,1.0,0.0
092051559004081,07011,2,8,2017,1.0,0.0
601054561410959,07011,1,8,2017,1.0,0.0
129850260083268,07011,4,8,2017,2.0,0.0
010009900578656,07011,1,8,2017,1.0,0.0
120420060234901,07011,2,8,2017,3.0,0.0
760361120609808,07011,2,8,2017,1.0,0.0
901005347610088,07011,2,8,2017,2.0,0.0
621950110102456,07011,1,8,2017,1.0,0.0
881823011510895,07011,1,8,2017,3.0,0.0
010310341556416,07011,2,8,2017,3.0,0.0
104820413086790,07011,2,8,2017,1.0,0.0
471727140302373,07011,1,8,2017,2.0,0.0
169830312013787,07011,1,8,2017,1.0,1.0
410100031021678,07011,1,8,2017,3.0,0.0
164310080361002,07011,2,8,2017,1.0,0.0
122350120208801,07011,2,8,2017,1.0,0.0
122884160305900,07111,2,8,2017,1.0,0.0
609208103210548,07111,1,8,2017,1.0,0.0
378160103001002,07011,1,8,2017,2.0,0.0
597680635981002,07111,2,8,2017,2.0,1.0
510008852639707,07011,1,8,2017,1.0,1.0
205370219094751,07011,2,8,2017,,
082800120402907,07011,2,8,2017,2.0,0.0
200560113068967,07011,5,8,2017,2.0,0.0
292523140103609,07011,1,8,2017,3.0,0.0
892791180905002,07011,1,8,2017,3.0,1.0
910005853769200,07111,1,8,2017,2.0,0.0
133603170306604,07111,1,8,2017,2.0,1.0
177163050002260,07111,1,8,2017,3.0,0.0
314230714067606,07011,1,8,2017,2.0,1.0
622510357581003,07011,2,8,2017,1.0,0.0
573897150203107,07011,3,8,2017,1.0,1.0
305307946710487,07011,1,8,2017,3.0,0.0
973778130604504,07011,1,8,2017,3.0,0.0
030910359462238,07011,1,8,2017,2.0,0.0
408960110043158,07011,2,8,2017,1.0,0.0
651200901121409,07011,4,8,2017,1.0,0.0
406780716082110,07011,1,8,2017,1.0,1.0
291620001940505,07011,1,8,2017,1.0,0.0
010005814334342,07011,1,8,2017,3.0,0.0
971724007440143,07011,1,8,2017,3.0,0.0
040412986516414,07011,1,8,2017,1.0,0.0
906428557410096,07011,2,8,2017,3.0,0.0
022085975402601,07011,1,8,2017,2.0,1.0
781768003940167,07011,2,8,2017,2.0,0.0
767612201891407,07011,2,8,2017,3.0,0.0
173824180575396,07011,2,8,2017,1.0,0.0
458711916041823,07011,1,8,2017,1.0,0.0
065020812504241,07111,1,8,2017,2.0,0.0
066520952591005,07111,2,8,2017,1.0,0.0
290377301460508,07111,1,8,2017,1.0,0.0
290377301460508,07111,2,8,2017,1.0,0.0
514040917091167,07011,1,8,2017,1.0,0.0
050110247204067,07011,2,8,2017,1.0,0.0
821934022450537,07011,1,8,2017,2.0,0.0
128535060107402,07111,1,8,2017,1.0,0.0
010006350675161,07111,2,9,2017,3.0,0.0
209008074110900,07111,1,9,2017,2.0,0.0
000110423550591,07111,1,9,2017,3.0,0.0
110005500945231,07111,2,9,2017,3.0,0.0
401758007800752,07112,1,9,2017,1.0,0.0
410005360447215,07011,1,9,2017,2.0,0.0
812003290085826,07011,2,9,2017,3.0,0.0
020212817008620,07011,2,9,2017,1.0,1.0
120420060234901,07011,2,9,2017,2.0,0.0
141064026102845,07011,2,9,2017,2.0,0.0
152250060274685,07011,1,9,2017,2.0,0.0
901005347610088,07011,2,9,2017,1.0,0.0
025066307005831,07011,2,9,2017,3.0,0.0
810000891071722,07011,2,9,2017,1.0,1.0
881823011510895,07011,1,9,2017,2.0,0.0
010310848636939,07011,1,9,2017,3.0,0.0
060023770107061,07011,2,9,2017,3.0,0.0
605104313310844,07011,1,9,2017,1.0,0.0
010310341556416,07011,2,9,2017,2.0,0.0
159661050300647,07011,1,9,2017,1.0,0.0
471727140302373,07011,2,9,2017,1.0,0.0
905101238710606,07011,1,9,2017,1.0,0.0
103107223810895,07011,1,9,2017,1.0,0.0
077071155205881,07011,2,9,2017,3.0,0.0
202780018069210,07011,1,9,2017,3.0,0.0
136482030123977,07011,2,9,2017,3.0,0.0
632482180502511,07011,1,9,2017,1.0,0.0
144502050023482,07011,2,9,2017,1.0,0.0
355445601500204,07011,2,9,2017,2.0,0.0
205050612009579,07111,2,9,2017,3.0,0.0
605227518610379,07011,1,9,2017,3.0,0.0
410008142441647,07011,2,9,2017,3.0,0.0
716760000821102,07011,1,9,2017,3.0,0.0
482884130308202,07011,2,9,2017,3.0,1.0
201204997810569,07011,2,9,2017,2.0,0.0
200560113068967,07011,5,9,2017,1.0,0.0
207180818076945,07011,1,9,2017,1.0,1.0
292523140103609,07011,1,9,2017,2.0,0.0
910005853769200,07111,1,9,2017,1.0,0.0
143203020635972,07011,2,9,2017,1.0,0.0
048023132305651,07011,2,9,2017,2.0,0.0
019094285301621,07111,2,9,2017,3.0,0.0
177163050002260,07111,1,9,2017,2.0,0.0
308960110015523,07011,1,9,2017,3.0,0.0
563915140609832,07011,5,9,2017,2.0,0.0
305303515710447,07011,1,9,2017,1.0,1.0
973778130604504,07011,1,9,2017,2.0,0.0
367425001770304,07011,1,9,2017,1.0,0.0
195343080029373,07011,2,9,2017,3.0,0.0
693987110706807,07011,2,9,2017,3.0,0.0
030910359462238,07011,1,9,2017,1.0,0.0
014544140308506,07111,1,9,2017,3.0,1.0
293710423111004,07011,1,9,2017,1.0,1.0
293710423111004,07011,2,9,2017,1.0,1.0
971724007440143,07011,1,9,2017,2.0,0.0
884334701842409,07011,1,9,2017,1.0,0.0
906428557410096,07011,2,9,2017,2.0,0.0
407780914047630,07011,1,9,2017,1.0,0.0
781768003940167,07011,2,9,2017,1.0,0.0
767612201891407,07011,2,9,2017,2.0,0.0
145424080042616,07011,1,9,2017,2.0,1.0
210004694576969,07011,1,9,2017,2.0,0.0
210004694576969,07011,2,9,2017,2.0,0.0
065020812504241,07111,1,9,2017,1.0,0.0
821934022450537,07011,1,9,2017,1.0,0.0
050312454932373,07011,2,9,2017,2.0,0.0
144505040083452,07111,1,9,2017,1.0,0.0
594895601690503,07011,1,9,2017,1.0,0.0
000110423550591,07111,1,10,2017,2.0,0.0
110005500945231,07111,2,10,2017,2.0,0.0
910285190708106,07111,1,10,2017,3.0,0.0
204029696210273,07111,2,10,2017,3.0,0.0
477990642341400,07011,1,10,2017,3.0,1.0
410005360447215,07011,1,10,2017,1.0,0.0
025280113013698,07011,2,10,2017,3.0,0.0
188076720021011,07011,1,10,2017,3.0,0.0
360037160903607,07011,1,10,2017,3.0,0.0
812003290085826,07011,2,10,2017,2.0,0.0
120420060234901,07011,2,10,2017,1.0,0.0
141064026102845,07011,2,10,2017,1.0,0.0
152250060274685,07011,1,10,2017,1.0,0.0
200611024831942,07011,2,10,2017,2.0,0.0
025066307005831,07011,2,10,2017,2.0,0.0
101963190002034,07011,1,10,2017,3.0,0.0
310304101521690,07011,1,10,2017,,
010210795906758,07011,1,10,2017,1.0,0.0
113291020175639,07011,1,10,2017,2.0,0.0
183981020528346,07011,1,10,2017,2.0,1.0
881823011510895,07011,1,10,2017,1.0,0.0
060023770107061,07011,2,10,2017,2.0,0.0
010310341556416,07011,2,10,2017,1.0,0.0
015645201531106,07011,3,10,2017,2.0,0.0
024066875104711,07011,1,10,2017,3.0,0.0
173010619033771,07011,1,10,2017,2.0,0.0
610001201122987,07011,2,10,2017,2.0,1.0
741573064710238,07011,1,10,2017,3.0,0.0
077071155205881,07011,2,10,2017,2.0,0.0
403204533210381,07111,2,10,2017,1.0,0.0
204740214005238,07111,2,10,2017,2.0,0.0
025053312204051,07011,1,10,2017,3.0,0.0
136482030123977,07011,2,10,2017,2.0,0.0
020410114524755,07011,2,10,2017,3.0,0.0
355445601500204,07011,2,10,2017,1.0,0.0
205050612009579,07111,2,10,2017,2.0,0.0
020612861975735,07011,1,10,2017,2.0,0.0
101202103610199,07011,2,10,2017,3.0,0.0
910009742633536,07011,2,10,2017,3.0,1.0
410008142441647,07011,2,10,2017,2.0,0.0
716760000821102,07011,1,10,2017,2.0,0.0
482884130308202,07011,2,10,2017,2.0,1.0
201204997810569,07011,2,10,2017,1.0,0.0
292523140103609,07011,1,10,2017,1.0,0.0
048023132305651,07011,2,10,2017,1.0,0.0
460940631161103,07011,1,10,2017,3.0,1.0
019094285301621,07111,2,10,2017,2.0,0.0
177163050002260,07111,1,10,2017,1.0,0.0
308960110015523,07011,1,10,2017,2.0,0.0
060046336305041,07011,1,10,2017,1.0,0.0
563915140609832,07011,5,10,2017,1.0,0.0
305307946710487,07011,1,10,2017,1.0,0.0
973778130604504,07011,1,10,2017,1.0,0.0
195343080029373,07011,2,10,2017,2.0,0.0
157314000055255,07111,1,10,2017,,
159904020088440,07011,2,10,2017,3.0,0.0
405330913046208,07011,1,10,2017,2.0,0.0
971724007440143,07011,1,10,2017,1.0,0.0
841447023940389,07011,2,10,2017,,
906428557410096,07011,2,10,2017,1.0,0.0
400660812011509,07011,1,10,2017,3.0,0.0
474239190004804,07111,2,10,2017,3.0,0.0
767612201891407,07011,2,10,2017,1.0,0.0
792250683031004,07111,1,10,2017,3.0,0.0
910006594526897,07011,3,10,2017,,
451585008940834,07011,1,10,2017,,
453091416045847,07011,2,10,2017,3.0,0.0
897930526491004,07011,2,10,2017,3.0,0.0
210004694576969,07011,1,10,2017,1.0,0.0
710208645400880,07011,2,10,2017,2.0,1.0
210009155317611,07011,2,10,2017,3.0,0.0
210003075639511,07011,1,10,2017,3.0,0.0
507400411018164,07011,1,10,2017,3.0,0.0
821934022450537,07011,1,10,2017,,
710206395592494,07111,1,10,2017,2.0,0.0
196055050047138,07011,2,10,2017,3.0,0.0
131310014600610,07011,1,11,2017,3.0,0.0
131310014600610,07011,2,11,2017,3.0,0.0
000110423550591,07111,1,11,2017,1.0,0.0
110005500945231,07111,2,11,2017,1.0,0.0
204029696210273,07111,2,11,2017,2.0,0.0
000480314039517,07111,3,11,2017,3.0,0.0
000510138402456,07011,2,11,2017,3.0,0.0
188076720021011,07011,1,11,2017,2.0,0.0
360037160903607,07011,1,11,2017,2.0,0.0
240076685005671,07011,1,11,2017,3.0,0.0
025066307005831,07011,2,11,2017,1.0,0.0
261788011400957,07011,2,11,2017,1.0,0.0
101963190002034,07011,1,11,2017,2.0,0.0
131300765541701,07111,1,11,2017,,
113291020175639,07011,1,11,2017,1.0,0.0
060023770107061,07011,2,11,2017,1.0,0.0
024066875104711,07011,1,11,2017,2.0,0.0
371544150001363,07011,1,11,2017,2.0,0.0
741573064710238,07011,1,11,2017,2.0,0.0
077071155205881,07011,2,11,2017,1.0,0.0
204740214005238,07111,2,11,2017,1.0,0.0
273780587751002,07111,1,11,2017,2.0,0.0
046042744203761,07111,1,11,2017,3.0,0.0
025053312204051,07011,1,11,2017,2.0,0.0
136482030123977,07011,2,11,2017,1.0,0.0
310008322091394,07011,2,11,2017,3.0,0.0
861248004720008,07011,4,11,2017,2.0,1.0
020410114524755,07011,2,11,2017,2.0,0.0
205050612009579,07111,2,11,2017,1.0,0.0
101202103610199,07011,2,11,2017,2.0,0.0
910009742633536,07011,2,11,2017,2.0,1.0
193252070081601,07011,2,11,2017,3.0,0.0
410008142441647,07011,2,11,2017,1.0,0.0
716760000821102,07011,1,11,2017,1.0,0.0
103884160905900,07111,2,11,2017,3.0,0.0
292524401237300,07011,1,11,2017,,
019094285301621,07111,2,11,2017,1.0,0.0
308960110015523,07011,1,11,2017,1.0,0.0
001663006630386,07011,1,11,2017,1.0,0.0
321720819033683,07011,3,11,2017,3.0,0.0
665000225881303,07011,1,11,2017,2.0,0.0
088026589305471,07011,1,11,2017,2.0,0.0
163147120201725,07011,1,11,2017,3.0,0.0
650930968321203,07011,2,11,2017,3.0,0.0
195343080029373,07011,2,11,2017,1.0,0.0
030810298825785,07111,2,11,2017,3.0,0.0
693987110706807,07011,2,11,2017,1.0,0.0
401460419014099,07111,1,11,2017,2.0,0.0
159904020088440,07011,2,11,2017,2.0,0.0
405330913046208,07011,1,11,2017,1.0,0.0
400660812011509,07011,1,11,2017,2.0,0.0
628670486131004,07011,1,11,2017,3.0,0.0
474239190004804,07111,2,11,2017,2.0,0.0
792250683031004,07111,1,11,2017,2.0,0.0
780880982401104,07011,3,11,2017,,
186354080320775,07011,1,11,2017,3.0,0.0
453091416045847,07011,2,11,2017,2.0,0.0
897930526491004,07011,2,11,2017,2.0,0.0
849000380641104,07011,2,11,2017,3.0,1.0
210009155317611,07011,2,11,2017,2.0,0.0
210003075639511,07011,1,11,2017,2.0,0.0
710206395592494,07111,1,11,2017,1.0,0.0
196055050047138,07011,2,11,2017,2.0,0.0
131310014600610,07011,1,12,2017,2.0,0.0
131310014600610,07011,2,12,2017,2.0,0.0
291910001900502,08011,2,12,2017,3.0,0.0
204029696210273,07111,2,12,2017,1.0,0.0
477990642341400,07011,1,12,2017,1.0,0.0
360037160903607,07011,1,12,2017,1.0,0.0
240076685005671,07011,1,12,2017,2.0,0.0
811104990301576,08011,1,12,2017,3.0,1.0
872630915121000,08011,1,12,2017,3.0,0.0
101963190002034,07011,1,12,2017,1.0,0.0
113291020175639,07011,1,12,2017,,
548400364411101,08011,1,12,2017,3.0,0.0
548400364411101,08011,2,12,2017,3.0,0.0
024066875104711,07011,1,12,2017,1.0,0.0
010713338845634,08011,2,12,2017,3.0,1.0
741573064710238,07011,1,12,2017,1.0,0.0
208590216065182,07011,1,12,2017,1.0,0.0
273780587751002,07111,1,12,2017,1.0,0.0
046042744203761,07111,1,12,2017,2.0,0.0
025053312204051,07011,1,12,2017,1.0,0.0
020410114524755,07011,2,12,2017,1.0,0.0
101202103610199,07011,2,12,2017,1.0,0.0
193252070081601,07011,2,12,2017,2.0,0.0
008038914202251,08011,2,12,2017,3.0,0.0
302360410042096,08111,1,12,2017,3.0,0.0
133143190509604,07111,1,12,2017,2.0,0.0
003303765410714,08011,1,12,2017,3.0,0.0
694670801450301,08111,2,12,2017,3.0,0.0
665000225881303,07011,1,12,2017,1.0,0.0
088026589305471,07011,1,12,2017,1.0,0.0
163147120201725,07011,1,12,2017,2.0,0.0
650930968321203,07011,2,12,2017,2.0,0.0
628270057221003,08011,2,12,2017,3.0,0.0
037017314306121,08011,2,12,2017,,
073007299302851,08011,1,12,2017,3.0,0.0
257932801700309,08011,1,12,2017,3.0,1.0
030810298825785,07111,2,12,2017,2.0,0.0
002405963010884,08011,1,12,2017,3.0,0.0
611900001840441,07011,2,12,2017,1.0,0.0
159904020088440,07011,2,12,2017,1.0,0.0
400660812011509,07011,1,12,2017,1.0,0.0
628670486131004,07011,1,12,2017,2.0,0.0
241073009540966,08011,2,12,2017,3.0,1.0
474239190004804,07111,2,12,2017,1.0,0.0
792250683031004,07111,1,12,2017,1.0,0.0
010005554121398,07011,2,12,2017,1.0,0.0
907443242810839,07011,2,12,2017,2.0,0.0
186354080320775,07011,1,12,2017,2.0,0.0
453091416045847,07011,2,12,2017,1.0,0.0
897930526491004,07011,2,12,2017,1.0,0.0
849000380641104,07011,2,12,2017,2.0,1.0
401500259010033,07111,3,12,2017,1.0,0.0
210009155317611,07011,2,12,2017,1.0,0.0
815249120007301,08011,2,12,2017,3.0,0.0
130395010081708,08011,2,12,2017,3.0,0.0
170435010143634,07011,2,12,2017,2.0,0.0
210003075639511,07011,1,12,2017,1.0,0.0
131310014600610,07011,1,1,2018,1.0,0.0
291910001900502,08011,2,1,2018,2.0,0.0
840473120407522,08011,2,1,2018,3.0,1.0
214004614610169,08011,2,1,2018,3.0,0.0
000220716033650,08011,2,1,2018,3.0,0.0
224004614610969,07011,2,1,2018,1.0,1.0
240076685005671,07011,1,1,2018,1.0,0.0
809020527610869,07011,1,1,2018,1.0,1.0
000810387835838,08011,2,1,2018,3.0,0.0
710002620037218,08011,1,1,2018,2.0,0.0
921198007000536,08011,1,1,2018,2.0,0.0
100660315075044,08011,1,1,2018,3.0,1.0
672786201100101,08011,1,1,2018,3.0,1.0
548400364411101,08011,1,1,2018,2.0,0.0
548400364411101,08011,2,1,2018,2.0,0.0
408106247510364,08011,2,1,2018,3.0,0.0
010713338845634,08011,2,1,2018,2.0,1.0
197005301613109,08011,2,1,2018,3.0,1.0
102460313039767,08011,1,1,2018,3.0,0.0
371544150001363,07011,1,1,2018,1.0,0.0
020210138178916,08111,1,1,2018,3.0,0.0
046042744203761,07111,1,1,2018,1.0,0.0
603200854410903,08011,1,1,2018,2.0,1.0
642807140407008,08011,2,1,2018,2.0,0.0
861248004720008,07011,4,1,2018,1.0,1.0
048025432202651,08011,3,1,2018,3.0,0.0
079045934203781,08011,2,1,2018,3.0,0.0
103884160905900,07111,2,1,2018,1.0,0.0
503287190407508,08111,1,1,2018,3.0,0.0
025053312305051,08011,2,1,2018,2.0,0.0
133143190509604,07111,1,1,2018,1.0,0.0
510104653817305,08111,1,1,2018,3.0,0.0
510104653817305,08111,3,1,2018,3.0,0.0
339140417091696,07011,2,1,2018,1.0,0.0
163147120201725,07011,1,1,2018,1.0,0.0
446991201710304,08011,2,1,2018,3.0,0.0
650930968321203,07011,2,1,2018,1.0,0.0
699130589881003,08011,1,1,2018,3.0,0.0
628270057221003,08011,2,1,2018,2.0,0.0
073007299302851,08011,1,1,2018,2.0,0.0
073709160100505,08011,2,1,2018,2.0,1.0
001098988303481,08011,2,1,2018,2.0,1.0
030810298825785,07111,2,1,2018,1.0,0.0
187613090002240,08011,1,1,2018,3.0,0.0
002405963010884,08011,1,1,2018,2.0,0.0
059030343405471,07111,2,1,2018,1.0,0.0
704511140308509,07011,1,1,2018,1.0,0.0
001091459401021,08111,1,1,2018,3.0,0.0
202491201280402,08011,2,1,2018,3.0,0.0
628670486131004,07011,1,1,2018,1.0,0.0
040818066498117,08011,2,1,2018,3.0,0.0
186354080320775,07011,1,1,2018,1.0,0.0
849000380641104,07011,2,1,2018,1.0,1.0
815249120007301,08011,2,1,2018,2.0,0.0
130395010081708,08011,2,1,2018,2.0,0.0
441550000650366,07011,1,1,2018,1.0,0.0
291910001900502,08011,2,2,2018,1.0,0.0
711123051900309,08011,1,2,2018,2.0,0.0
214004614610169,08011,2,2,2018,2.0,0.0
281960014200257,08011,4,2,2018,1.0,0.0
691670295141100,08011,1,2,2018,2.0,0.0
000220716033650,08011,2,2,2018,2.0,0.0
010000790595726,08011,1,2,2018,3.0,0.0
361868009500506,08011,2,2,2018,3.0,0.0
510001820521546,08011,2,2,2018,1.0,0.0
605650428681000,08011,1,2,2018,1.0,0.0
826378611250004,08011,3,2,2018,3.0,0.0
000610280062161,08011,2,2,2018,3.0,0.0
000810387835838,08011,2,2,2018,2.0,0.0
006008936002401,08011,1,2,2018,2.0,1.0
921198007000536,08011,1,2,2018,1.0,0.0
100660315075044,08011,1,2,2018,2.0,1.0
905103222210621,08011,2,2,2018,3.0,0.0
710105061401312,08011,2,2,2018,2.0,0.0
010310458770976,08011,1,2,2018,2.0,1.0
731776100308508,08011,1,2,2018,,
548400364411101,08011,1,2,2018,1.0,0.0
548400364411101,08011,2,2,2018,1.0,0.0
010713338845634,08011,2,2,2018,1.0,1.0
197005301613109,08011,2,2,2018,2.0,1.0
403137435710472,08011,4,2,2018,3.0,0.0
610005101632847,08011,1,2,2018,3.0,0.0
102460313039767,08011,1,2,2018,2.0,0.0
137814501753109,08011,1,2,2018,1.0,0.0
971173160900323,08011,2,2,2018,3.0,0.0
020210138178916,08111,1,2,2018,2.0,0.0
020510277619103,08111,1,2,2018,3.0,0.0
020510339214958,08011,1,2,2018,3.0,0.0
048025432202651,08011,3,2,2018,2.0,0.0
202380018069518,08011,1,2,2018,3.0,1.0
008038914202251,08011,2,2,2018,1.0,0.0
504204832810576,08011,2,2,2018,1.0,0.0
822670839691002,08011,1,2,2018,3.0,0.0
302360410042096,08111,1,2,2018,1.0,0.0
025053312305051,08011,2,2,2018,1.0,0.0
510104653817305,08111,3,2,2018,2.0,0.0
753055170200417,08011,3,2,2018,3.0,0.0
446991201710304,08011,2,2,2018,2.0,0.0
699130589881003,08011,1,2,2018,2.0,0.0
906302081610021,08011,1,2,2018,1.0,0.0
503305339610844,08011,2,2,2018,3.0,0.0
628270057221003,08011,1,2,2018,1.0,0.0
628270057221003,08011,2,2,2018,1.0,0.0
073007299302851,08011,1,2,2018,1.0,0.0
073709160100505,08011,2,2,2018,1.0,1.0
305370813084738,08011,2,2,2018,1.0,1.0
391188006630856,08111,1,2,2018,2.0,0.0
021892003630500,08011,1,2,2018,3.0,0.0
187613090002240,08011,1,2,2018,2.0,0.0
002405963010884,08011,1,2,2018,1.0,0.0
001091459401021,08111,1,2,2018,2.0,0.0
992657801580401,08011,1,2,2018,3.0,0.0
202491201280402,08011,2,2,2018,2.0,0.0
067034362404961,08011,2,2,2018,1.0,0.0
040710457734070,08011,1,2,2018,3.0,0.0
201178009240165,08011,1,2,2018,2.0,0.0
241073009540966,08011,1,2,2018,1.0,0.0
707751701210401,08011,1,2,2018,2.0,0.0
040818066498117,08011,2,2,2018,2.0,0.0
301586001440844,08011,2,2,2018,1.0,0.0
401240015041863,08011,1,2,2018,3.0,0.0
401240015041863,08011,2,2,2018,3.0,0.0
409722601281405,08011,2,2,2018,1.0,0.0
506910816044053,08011,1,2,2018,3.0,1.0
506910816044053,08011,2,2,2018,3.0,1.0
815249120007301,08011,2,2,2018,1.0,0.0
130395010081708,08011,2,2,2018,1.0,0.0
507100318016186,08011,1,2,2018,3.0,1.0
162425060013548,08011,2,2,2018,3.0,0.0
141665017850110,08011,2,2,2018,2.0,0.0
015080917024229,08011,1,3,2018,1.0,1.0
310102900814792,08011,1,3,2018,3.0,1.0
007450716027667,08011,2,3,2018,3.0,0.0
076145701501009,08011,1,3,2018,3.0,0.0
000220716033650,08011,2,3,2018,1.0,0.0
010000790595726,08011,1,3,2018,2.0,0.0
636822411210009,08011,1,3,2018,3.0,0.0
000610280062161,08011,2,3,2018,2.0,0.0
610109071249620,08011,2,3,2018,2.0,1.0
905103222210621,08011,2,3,2018,2.0,0.0
708102163210005,08011,2,3,2018,3.0,1.0
710105061401312,08011,2,3,2018,1.0,0.0
056053755103411,08011,1,3,2018,3.0,0.0
571455027110271,08011,2,3,2018,1.0,0.0
403137435710472,08011,4,3,2018,2.0,0.0
610005101632847,08011,1,3,2018,2.0,0.0
102460313039767,08011,1,3,2018,1.0,0.0
971173160900323,08011,2,3,2018,2.0,0.0
737341601060106,08011,2,3,2018,1.0,0.0
160640515551002,08011,3,3,2018,2.0,0.0
020210138178916,08111,1,3,2018,1.0,0.0
732547100007405,08111,1,3,2018,1.0,0.0
036094573204311,08011,2,3,2018,1.0,0.0
020510277619103,08111,1,3,2018,2.0,0.0
020510853362908,08011,2,3,2018,2.0,0.0
048025432202651,08011,3,3,2018,1.0,0.0
202380018069518,08011,1,3,2018,2.0,1.0
852261100101402,08111,1,3,2018,3.0,0.0
852816100308902,08011,1,3,2018,1.0,0.0
111342060031247,08011,2,3,2018,2.0,0.0
891987006920172,08011,1,3,2018,3.0,0.0
822670839691002,08011,1,3,2018,2.0,0.0
200993501860307,08111,2,3,2018,3.0,0.0
367092606305561,08011,2,3,2018,3.0,1.0
030410487764241,08011,3,3,2018,3.0,0.0
510104653817305,08111,3,3,2018,1.0,0.0
753055170200417,08011,3,3,2018,2.0,0.0
118006071300271,08011,2,3,2018,3.0,0.0
446991201710304,08011,2,3,2018,1.0,0.0
906302081610021,08011,1,3,2018,,
503305339610844,08011,2,3,2018,2.0,0.0
657526301100305,08011,3,3,2018,3.0,1.0
300520119090854,08111,3,3,2018,3.0,0.0
391188006630856,08111,1,3,2018,1.0,0.0
021892003630500,08011,1,3,2018,2.0,0.0
187613090002240,08011,1,3,2018,1.0,0.0
599894601690303,08011,1,3,2018,2.0,0.0
001091459401021,08111,1,3,2018,1.0,0.0
524889170106510,08011,1,3,2018,2.0,0.0
502966201670409,08011,2,3,2018,3.0,1.0
992657801580401,08011,1,3,2018,2.0,0.0
202491201280402,08011,2,3,2018,1.0,0.0
067034362404961,08011,2,3,2018,,
693690854551004,08011,1,3,2018,,
040710457734070,08011,1,3,2018,2.0,0.0
201178009240165,08011,1,3,2018,1.0,0.0
291372008540384,08011,2,3,2018,2.0,0.0
297803701300409,08011,3,3,2018,2.0,1.0
707751701210401,08011,1,3,2018,1.0,0.0
301586001440844,08011,2,3,2018,,
784300120201529,08011,1,3,2018,2.0,0.0
850400129111004,08011,2,3,2018,1.0,0.0
850470317811004,08011,2,3,2018,3.0,0.0
401240015041863,08011,1,3,2018,2.0,0.0
401240015041863,08011,2,3,2018,2.0,0.0
710000965625180,08011,2,3,2018,3.0,0.0
210005715337423,08011,2,3,2018,3.0,0.0
162425060013548,08011,2,3,2018,2.0,0.0
141665017850110,08011,2,3,2018,1.0,0.0
000110509947170,08111,1,4,2018,3.0,0.0
210001610811235,08111,2,4,2018,2.0,0.0
003790716084536,08011,1,4,2018,3.0,0.0
007450716027667,08011,2,4,2018,2.0,0.0
076145701501009,08011,1,4,2018,2.0,0.0
171360098002288,08011,1,4,2018,3.0,0.0
460625150300601,08011,1,4,2018,1.0,0.0
010000790595726,08011,1,4,2018,1.0,0.0
636822411210009,08011,1,4,2018,2.0,0.0
143201000315962,08011,1,4,2018,3.0,1.0
610109071249620,08011,2,4,2018,1.0,1.0
010210657414797,08011,2,4,2018,3.0,0.0
103120068210510,08011,2,4,2018,3.0,0.0
905103222210621,08011,2,4,2018,1.0,0.0
662455501220105,08011,2,4,2018,3.0,0.0
101331018210040,08011,2,4,2018,2.0,1.0
314980530651001,08011,2,4,2018,2.0,0.0
056053755103411,08011,1,4,2018,2.0,0.0
705969201671109,08011,2,4,2018,1.0,0.0
010610560492370,08011,1,4,2018,1.0,0.0
010610560492370,08011,2,4,2018,1.0,0.0
403137431710072,08011,1,4,2018,1.0,0.0
610005101632847,08011,1,4,2018,1.0,0.0
771127180901403,08011,2,4,2018,2.0,0.0
971173160900323,08011,2,4,2018,1.0,0.0
010810439329796,08011,2,4,2018,1.0,0.0
101180511047941,08011,2,4,2018,1.0,0.0
160640515551002,08011,3,4,2018,1.0,0.0
020510277619103,08111,1,4,2018,1.0,0.0
202380018069518,08011,1,4,2018,1.0,1.0
852261100101402,08111,1,4,2018,2.0,0.0
111342060031247,08011,2,4,2018,1.0,0.0
057034801621205,08011,1,4,2018,3.0,0.0
209470515099894,08011,1,4,2018,3.0,0.0
822670839691002,08011,1,4,2018,1.0,0.0
200993501860307,08111,2,4,2018,2.0,0.0
030219694691380,08011,1,4,2018,3.0,0.0
030410487764241,08011,3,4,2018,2.0,0.0
481243005730641,08111,1,4,2018,3.0,0.0
310209833941155,08011,1,4,2018,2.0,0.0
753055170200417,08011,3,4,2018,1.0,0.0
161268015630879,08011,2,4,2018,2.0,0.0
118006071300271,08011,2,4,2018,2.0,0.0
323610619033677,08011,2,4,2018,2.0,0.0
503305339610844,08011,2,4,2018,1.0,0.0
030611237384908,08011,1,4,2018,3.0,0.0
030710483842744,08011,2,4,2018,3.0,0.0
300520119090854,08111,3,4,2018,2.0,0.0
599894601690303,08011,1,4,2018,1.0,0.0
502966201670409,08011,2,4,2018,2.0,1.0
992657801580401,08011,1,4,2018,1.0,0.0
040710457734070,08011,1,4,2018,1.0,0.0
721830093251004,08111,2,4,2018,2.0,0.0
784300120201529,08011,1,4,2018,1.0,0.0
816410584451004,08011,2,4,2018,3.0,0.0
401240015041863,08011,1,4,2018,1.0,0.0
401240015041863,08011,2,4,2018,1.0,0.0
306404758910821,08011,1,4,2018,3.0,0.0
594026170609119,08011,2,4,2018,3.0,0.0
048029432402651,08011,1,4,2018,1.0,0.0
108509006010298,08111,2,4,2018,3.0,0.0
710000965625180,08011,2,4,2018,2.0,0.0
507100318016186,08011,1,4,2018,1.0,1.0
162425060013548,08011,2,4,2018,1.0,0.0
210001610811235,08111,2,5,2018,1.0,0.0
925037201070000,08011,2,5,2018,3.0,0.0
003790716084536,08011,1,5,2018,2.0,0.0
007450716027667,08011,2,5,2018,1.0,0.0
076145701501009,08011,1,5,2018,1.0,0.0
171360098002288,08011,1,5,2018,2.0,0.0
721364018900886,08011,2,5,2018,3.0,1.0
636822411210009,08011,1,5,2018,1.0,0.0
167099006005561,08011,2,5,2018,3.0,0.0
003520117054912,08011,2,5,2018,2.0,0.0
010210657414797,08011,2,5,2018,2.0,0.0
103120068210510,08011,2,5,2018,2.0,0.0
124820114075253,08011,1,5,2018,3.0,0.0
154041020273979,08011,1,5,2018,,
662455501220105,08011,2,5,2018,2.0,0.0
708102163210005,08011,2,5,2018,1.0,1.0
101331018210040,08011,2,5,2018,1.0,1.0
314980530651001,08011,2,5,2018,1.0,0.0
056053755103411,08011,1,5,2018,1.0,0.0
010810439329796,08011,2,5,2018,,
809100520810969,08011,1,5,2018,3.0,0.0
190661080039208,08111,1,5,2018,2.0,1.0
148024532206651,08011,2,5,2018,3.0,0.0
001877009120894,08011,2,5,2018,3.0,1.0
057034801621205,08011,1,5,2018,2.0,0.0
891987006920172,08011,1,5,2018,1.0,0.0
209470515099894,08011,1,5,2018,2.0,0.0
205770814044803,08011,1,5,2018,3.0,0.0
200993501860307,08111,2,5,2018,1.0,0.0
030219694691380,08011,1,5,2018,2.0,0.0
981228035130653,08011,1,5,2018,1.0,0.0
030410487764241,08011,3,5,2018,1.0,0.0
481243005730641,08111,1,5,2018,2.0,0.0
310209833941155,08011,1,5,2018,1.0,0.0
161268015630879,08011,2,5,2018,1.0,0.0
026076805304581,08011,1,5,2018,3.0,1.0
118006071300271,08011,2,5,2018,1.0,0.0
301260615048695,08011,4,5,2018,3.0,0.0
323610619033677,08011,2,5,2018,1.0,0.0
030611237384908,08011,1,5,2018,2.0,0.0
030710407330949,08011,2,5,2018,3.0,0.0
030710483842744,08011,2,5,2018,2.0,0.0
300520119090854,08111,3,5,2018,1.0,0.0
599894601690303,08011,1,5,2018,,
040110583592093,08011,2,5,2018,3.0,1.0
542520952591104,08011,1,5,2018,3.0,0.0
584700164841104,08011,2,5,2018,3.0,0.0
205404442610103,08111,1,5,2018,3.0,0.0
040710140988106,08011,2,5,2018,3.0,0.0
114764070140337,08011,1,5,2018,2.0,0.0
721830093251004,08111,2,5,2018,1.0,0.0
307088430409251,08011,1,5,2018,,
510000094315548,08011,1,5,2018,1.0,0.0
816410584451004,08011,2,5,2018,2.0,0.0
061992019940327,08011,2,5,2018,3.0,0.0
306404758910821,08011,1,5,2018,2.0,0.0
594026170609119,08011,2,5,2018,2.0,0.0
710000965625180,08011,2,5,2018,1.0,0.0
092070451509051,08111,1,5,2018,3.0,1.0
186770727841105,08011,1,5,2018,3.0,0.0
201507877410159,08011,1,5,2018,3.0,0.0
004790401791509,08011,2,5,2018,3.0,0.0
691044989504271,08111,3,5,2018,3.0,0.0
646130501671502,08111,1,5,2018,3.0,0.0
210104620815551,08011,1,6,2018,2.0,1.0
251737901500009,08111,1,6,2018,2.0,1.0
185720854191000,08111,1,6,2018,3.0,0.0
008007872210345,08111,3,6,2018,3.0,1.0
925037201070000,08011,2,6,2018,2.0,0.0
171360098002288,08011,1,6,2018,1.0,0.0
991960014300892,08011,2,6,2018,3.0,1.0
580495160502106,08011,2,6,2018,2.0,0.0
167099006005561,08011,2,6,2018,2.0,0.0
003520117054912,08011,2,6,2018,1.0,0.0
157471010784570,08011,1,6,2018,3.0,0.0
010210657414797,08011,2,6,2018,1.0,0.0
124820114075253,08011,1,6,2018,2.0,0.0
291324064410128,08011,1,6,2018,2.0,0.0
662455501220105,08011,2,6,2018,1.0,0.0
128381030005949,08011,2,6,2018,3.0,0.0
439509901130107,08011,1,6,2018,3.0,0.0
103050651205951,08011,1,6,2018,2.0,1.0
410003372020261,08011,1,6,2018,3.0,0.0
263202101251205,08011,1,6,2018,3.0,0.0
477550565051002,08011,4,6,2018,2.0,1.0
023064224203701,08011,2,6,2018,3.0,0.0
072272130201819,08011,1,6,2018,3.0,1.0
057034801621205,08011,1,6,2018,1.0,0.0
128132080095487,08011,2,6,2018,3.0,1.0
200360812011801,08011,2,6,2018,2.0,1.0
209470515099894,08011,1,6,2018,1.0,0.0
205770814044803,08011,1,6,2018,2.0,0.0
801203478910679,08011,1,6,2018,3.0,0.0
910108813674600,08011,2,6,2018,1.0,0.0
136410183291103,08011,1,6,2018,3.0,0.0
221316009330204,08111,1,6,2018,3.0,1.0
030211862907916,08111,1,6,2018,2.0,1.0
030211862907916,08111,2,6,2018,2.0,1.0
030219694691380,08011,1,6,2018,1.0,0.0
481243005730641,08111,1,6,2018,1.0,0.0
623400186891303,08011,2,6,2018,3.0,1.0
002320630610262,08011,1,6,2018,3.0,0.0
323610619033677,08011,2,6,2018,,
030611237384908,08011,1,6,2018,1.0,0.0
030710407330949,08011,2,6,2018,2.0,0.0
030710483842744,08011,2,6,2018,1.0,0.0
054018987302281,08111,1,6,2018,2.0,0.0
310101453458438,08111,2,6,2018,2.0,0.0
309220319076933,08011,2,6,2018,2.0,1.0
010109034403212,08011,1,6,2018,1.0,0.0
832544001640407,08011,1,6,2018,1.0,0.0
041841006940846,08011,1,6,2018,2.0,0.0
547790203581004,08011,2,6,2018,3.0,1.0
651359007940105,08011,2,6,2018,2.0,1.0
764562150803005,08011,2,6,2018,3.0,1.0
114764070140337,08011,1,6,2018,1.0,0.0
905401762710167,08011,2,6,2018,2.0,1.0
145394080237844,08011,1,6,2018,1.0,0.0
183464280092085,08011,1,6,2018,3.0,1.0
816410584451004,08011,2,6,2018,1.0,0.0
984566110906007,08011,2,6,2018,3.0,1.0
710103174409029,08011,1,6,2018,1.0,1.0
306404758910821,08011,1,6,2018,1.0,0.0
594026170609119,08011,2,6,2018,1.0,0.0
940301501701508,08011,2,6,2018,3.0,1.0
171280104231005,08011,1,6,2018,3.0,0.0
186770727841105,08011,1,6,2018,2.0,0.0
004790401791509,08011,2,6,2018,2.0,0.0
646130501671502,08111,1,6,2018,2.0,0.0
010152180604604,08011,1,7,2018,3.0,0.0
185720854191000,08111,1,7,2018,2.0,0.0
414068979210052,08011,2,7,2018,,
008007872210345,08111,3,7,2018,2.0,1.0
050654110701308,08011,1,7,2018,1.0,1.0
381852005400525,08011,1,7,2018,2.0,0.0
645475301550001,08011,2,7,2018,2.0,1.0
182056907007851,08011,1,7,2018,3.0,0.0
210205720185546,08011,1,7,2018,3.0,0.0
306897721909001,08011,1,7,2018,1.0,0.0
311364031100015,08011,1,7,2018,3.0,0.0
942066596028141,08011,1,7,2018,,
401031305610266,08011,2,7,2018,1.0,1.0
556565901450008,08011,1,7,2018,3.0,0.0
451288003600849,08011,2,7,2018,3.0,0.0
103026081810345,08011,2,7,2018,1.0,1.0
167099006005561,08011,2,7,2018,1.0,0.0
157620090021483,08011,1,7,2018,2.0,0.0
157471010784570,08011,1,7,2018,2.0,0.0
731031691107581,08011,1,7,2018,3.0,1.0
403110659210108,08011,2,7,2018,1.0,1.0
124820114075253,08011,1,7,2018,1.0,0.0
291324064410128,08011,1,7,2018,1.0,0.0
128381030005949,08011,2,7,2018,2.0,0.0
265679901631102,08011,1,7,2018,1.0,0.0
010710548884590,08011,2,7,2018,3.0,0.0
567434701910108,08011,1,7,2018,1.0,1.0
288632701020103,08011,1,7,2018,3.0,1.0
208262301570106,08011,1,7,2018,1.0,1.0
208262301570106,08011,2,7,2018,1.0,1.0
208262301570106,08011,3,7,2018,1.0,1.0
144000781201621,08011,1,7,2018,3.0,1.0
193080857961002,08011,1,7,2018,3.0,0.0
802207387110056,08011,2,7,2018,2.0,0.0
410003372020261,08011,1,7,2018,2.0,0.0
263202101251205,08011,1,7,2018,2.0,0.0
023064224203701,08011,2,7,2018,2.0,0.0
996643601260201,08011,1,7,2018,3.0,1.0
072272130201819,08011,1,7,2018,2.0,1.0
200360812011801,08011,2,7,2018,1.0,1.0
201510810024804,08011,1,7,2018,1.0,0.0
205770814044803,08011,1,7,2018,1.0,0.0
903217840910432,08011,2,7,2018,,
801203478910679,08011,1,7,2018,2.0,0.0
210000373874800,08111,1,7,2018,2.0,1.0
136410183291103,08011,1,7,2018,2.0,0.0
421810245681003,08111,1,7,2018,,
843467150901403,08011,2,7,2018,1.0,0.0
030410632705493,08011,2,7,2018,1.0,0.0
831955061130935,08011,1,7,2018,2.0,0.0
271261043230522,08011,1,7,2018,3.0,1.0
606940255061403,08011,1,7,2018,3.0,0.0
623400186891303,08011,2,7,2018,2.0,1.0
002320630610262,08011,1,7,2018,2.0,0.0
175643060051852,08011,1,7,2018,3.0,0.0
301260615048695,08011,4,7,2018,1.0,0.0
610004884127871,08111,2,7,2018,3.0,0.0
295042343404921,08011,1,7,2018,1.0,0.0
156004020095976,08011,1,7,2018,2.0,1.0
156004020095976,08011,2,7,2018,2.0,1.0
992567501060400,08011,3,7,2018,2.0,1.0
184335701843409,08011,2,7,2018,3.0,0.0
547790203581004,08011,2,7,2018,2.0,1.0
154350120300801,08111,2,7,2018,2.0,0.0
610002194266605,08011,2,7,2018,3.0,0.0
009412920610288,08011,2,7,2018,2.0,0.0
103406086710245,08011,2,7,2018,3.0,0.0
403270414073721,08111,1,7,2018,3.0,1.0
403407432710172,08111,1,7,2018,3.0,1.0
400110413061765,08011,1,7,2018,3.0,1.0
905401762710167,08011,2,7,2018,1.0,1.0
484651110504105,08011,2,7,2018,3.0,0.0
165004080088669,08011,1,7,2018,2.0,0.0
259762501920400,08011,1,7,2018,3.0,0.0
394446190800239,08011,1,7,2018,3.0,1.0
305523515010247,08011,1,7,2018,3.0,0.0
171280104231005,08011,1,7,2018,2.0,0.0
186770727841105,08011,1,7,2018,1.0,0.0
001507451110874,08011,2,7,2018,3.0,0.0
004790401791509,08011,2,7,2018,1.0,0.0
144575040065251,08011,2,7,2018,3.0,1.0
105512680610749,08111,1,7,2018,3.0,1.0
646130501671502,08111,1,7,2018,1.0,0.0
956729301591507,08111,2,7,2018,2.0,0.0
010152180604604,08011,1,8,2018,2.0,0.0
185720854191000,08111,1,8,2018,1.0,0.0
210001610251235,09011,1,8,2018,3.0,1.0
182056907007851,08011,1,8,2018,2.0,0.0
210205720185546,08011,1,8,2018,2.0,0.0
311364031100015,08011,1,8,2018,2.0,0.0
000611744150964,08011,2,8,2018,2.0,0.0
556565901450008,08011,1,8,2018,2.0,0.0
451288003600849,08011,2,8,2018,2.0,0.0
018290518015965,09011,1,8,2018,1.0,0.0
157620090021483,08011,1,8,2018,1.0,0.0
157471010784570,08011,1,8,2018,1.0,0.0
174240461701601,09011,4,8,2018,,
711203110309564,09011,2,8,2018,3.0,0.0
128381030005949,08011,2,8,2018,1.0,0.0
800108532310524,08011,1,8,2018,2.0,0.0
309015263109491,09011,2,8,2018,3.0,0.0
024066875104711,09011,2,8,2018,3.0,1.0
471727140506383,08011,1,8,2018,1.0,0.0
759380644581501,09011,1,8,2018,,
010710548884590,08011,2,8,2018,2.0,0.0
060028570106061,08011,1,8,2018,2.0,0.0
610009831756578,08011,2,8,2018,1.0,0.0
169071090054865,09011,2,8,2018,3.0,0.0
004009970103411,08011,1,8,2018,1.0,1.0
510001232113830,09111,1,8,2018,3.0,1.0
193080857961002,08011,1,8,2018,2.0,0.0
802207387110056,08011,2,8,2018,1.0,0.0
410003372020261,08011,1,8,2018,1.0,0.0
263202101251205,08011,1,8,2018,1.0,0.0
020410451481447,08011,1,8,2018,1.0,1.0
023064224203701,08011,2,8,2018,1.0,0.0
472180724141002,09011,2,8,2018,3.0,0.0
010207102690446,09011,1,8,2018,,
996643601260201,08011,1,8,2018,2.0,1.0
128132080095487,08011,2,8,2018,1.0,0.0
020810169414258,09111,1,8,2018,3.0,0.0
801203478910679,08011,1,8,2018,1.0,0.0
210000373874800,08111,1,8,2018,1.0,1.0
136410183291103,08011,1,8,2018,1.0,0.0
243523140103609,08111,1,8,2018,1.0,1.0
831955061130935,08011,1,8,2018,1.0,0.0
496963501003308,08011,2,8,2018,2.0,0.0
606940255061403,08011,1,8,2018,2.0,0.0
002320630610262,08011,1,8,2018,1.0,0.0
175643060051852,08011,1,8,2018,2.0,0.0
211095000630804,08011,1,8,2018,2.0,0.0
270453301500403,09011,2,8,2018,3.0,0.0
610004884127871,08111,2,8,2018,2.0,0.0
073062251403101,09011,2,8,2018,3.0,0.0
022012689405431,09011,1,8,2018,3.0,1.0
291446019540811,08011,2,8,2018,2.0,1.0
405750717017426,09011,2,8,2018,3.0,1.0
710002574671754,09011,2,8,2018,3.0,0.0
184335701843409,08011,2,8,2018,2.0,0.0
310004104261694,09011,2,8,2018,3.0,1.0
154350120300801,08111,2,8,2018,1.0,0.0
610002194266605,08011,2,8,2018,2.0,0.0
009412920610288,08011,2,8,2018,1.0,0.0
202403149710098,09011,1,8,2018,,
103406086710245,08011,2,8,2018,2.0,0.0
165004080088669,08011,2,8,2018,1.0,0.0
984566110906007,08011,2,8,2018,1.0,1.0
259762501920400,08011,1,8,2018,2.0,0.0
053050047506061,08111,2,8,2018,2.0,0.0
305523515010247,08011,1,8,2018,2.0,0.0
109825010095933,09011,1,8,2018,3.0,0.0
171280104231005,08011,1,8,2018,1.0,0.0
001507451110874,08011,2,8,2018,2.0,0.0
164820487551005,08011,1,8,2018,2.0,0.0
050312334417053,09011,2,8,2018,3.0,1.0
103545401732508,09011,1,8,2018,3.0,1.0
710007085870675,09011,2,8,2018,3.0,1.0
956729301591507,08111,2,8,2018,1.0,0.0
010152180604604,08011,1,9,2018,1.0,0.0
210205720185546,08011,1,9,2018,1.0,0.0
311364031100015,08011,1,9,2018,1.0,0.0
556565901450008,08011,1,9,2018,1.0,0.0
451288003600849,08011,2,9,2018,1.0,0.0
000911442613625,09011,2,9,2018,3.0,0.0
018290518015965,09011,1,9,2018,,
701099160708622,09011,1,9,2018,2.0,0.0
010115414027385,09011,2,9,2018,3.0,0.0
711203110309564,09011,2,9,2018,2.0,0.0
135601020293412,09011,1,9,2018,3.0,0.0
195481020475586,09011,1,9,2018,3.0,0.0
195481020475586,09011,2,9,2018,3.0,0.0
262052930101341,09011,2,9,2018,3.0,0.0
851437005710912,09011,1,9,2018,2.0,0.0
800108532310524,08011,1,9,2018,1.0,0.0
309015263109491,09011,2,9,2018,2.0,0.0
510105601135556,09011,1,9,2018,3.0,0.0
310005641679657,08011,1,9,2018,1.0,0.0
010710548884590,08011,2,9,2018,1.0,0.0
910009362948671,09011,13,9,2018,3.0,0.0
711281001870200,09011,1,9,2018,,
193080857961002,08011,1,9,2018,1.0,0.0
121425000420488,08111,2,9,2018,1.0,1.0
194892040072123,09011,1,9,2018,3.0,0.0
336985701142207,09011,1,9,2018,3.0,0.0
996643601260201,08011,1,9,2018,1.0,1.0
291472008520383,09011,1,9,2018,3.0,1.0
020810169414258,09111,1,9,2018,2.0,0.0
908312220010703,08111,2,9,2018,1.0,1.0
143203020175932,09111,1,9,2018,3.0,0.0
610006883876174,09011,1,9,2018,2.0,0.0
406338805610419,08011,3,9,2018,,
496963501003308,08011,2,9,2018,1.0,0.0
175643060051852,08011,1,9,2018,1.0,0.0
663719150402800,08011,2,9,2018,1.0,0.0
666344701401303,09011,2,9,2018,3.0,0.0
810003363622916,09011,1,9,2018,3.0,0.0
371369002030054,09011,1,9,2018,3.0,0.0
306100718026926,09011,2,9,2018,3.0,0.0
309180118086965,09011,2,9,2018,3.0,0.0
303490011096907,09011,2,9,2018,2.0,0.0
510000624878390,09011,1,9,2018,2.0,1.0
270453301500403,09011,2,9,2018,2.0,0.0
703416280110273,09011,1,9,2018,1.0,0.0
610004884127871,08111,2,9,2018,1.0,0.0
073062251403101,09011,2,9,2018,2.0,0.0
809401581210860,09011,1,9,2018,3.0,1.0
273470306461104,09011,2,9,2018,2.0,0.0
710002574671754,09011,2,9,2018,2.0,0.0
184335701843409,08011,2,9,2018,1.0,0.0
610202194746604,09011,2,9,2018,3.0,0.0
025085254403231,09011,2,9,2018,3.0,0.0
610002194266605,08011,2,9,2018,1.0,0.0
397726001950407,09011,1,9,2018,3.0,0.0
397726001950407,09011,2,9,2018,3.0,0.0
103406086710245,08011,2,9,2018,1.0,0.0
129604080289760,09011,2,9,2018,3.0,0.0
284703140207356,08011,1,9,2018,1.0,0.0
259762501920400,08011,1,9,2018,1.0,0.0
010001035671220,08111,2,9,2018,1.0,0.0
702508743010880,09011,1,9,2018,2.0,0.0
001507451110874,08011,2,9,2018,1.0,0.0
164820487551005,08011,1,9,2018,1.0,0.0
881439001850668,09011,1,9,2018,3.0,0.0
535260510055455,09011,1,9,2018,2.0,0.0
645562170701707,09011,2,9,2018,3.0,0.0
621951002250399,09011,1,9,2018,3.0,0.0
004830111011101,09011,2,10,2018,3.0,1.0
008690213092154,09011,2,10,2018,3.0,0.0
162900020176370,09011,1,10,2018,3.0,0.0
033055674004201,09111,4,10,2018,2.0,1.0
593420785181000,09011,2,10,2018,3.0,0.0
296283801892001,09011,1,10,2018,1.0,0.0
310000980584526,09011,2,10,2018,3.0,0.0
921940390161100,09011,2,10,2018,2.0,0.0
010115414027385,09011,2,10,2018,2.0,0.0
711203110309564,09011,2,10,2018,1.0,0.0
127012618105411,09011,1,10,2018,2.0,0.0
135601020293412,09011,1,10,2018,2.0,0.0
195481020475586,09011,1,10,2018,2.0,0.0
195481020475586,09011,2,10,2018,2.0,0.0
262052930101341,09011,2,10,2018,2.0,0.0
612731101775101,09011,2,10,2018,1.0,0.0
124241030198883,09011,1,10,2018,,
851437005710912,09011,1,10,2018,1.0,0.0
010513724593012,09011,2,10,2018,3.0,0.0
010510741095537,09011,2,10,2018,1.0,1.0
510105601135556,09011,1,10,2018,2.0,0.0
237815501757109,09011,2,10,2018,1.0,0.0
210005711527428,09011,1,10,2018,3.0,0.0
110001101125358,09011,1,10,2018,1.0,0.0
702207180105013,09011,1,10,2018,2.0,0.0
194892040072123,09011,1,10,2018,2.0,0.0
451953024820131,09011,2,10,2018,3.0,0.0
020510569410193,09011,1,10,2018,3.0,0.0
547460974791002,09011,2,10,2018,2.0,0.0
552682160504800,09011,2,10,2018,,
336985701142207,09011,1,10,2018,2.0,0.0
180047135200741,09011,1,10,2018,2.0,0.0
291472008520383,09011,1,10,2018,2.0,1.0
020810169414258,09111,1,10,2018,1.0,0.0
510008282122009,09011,1,10,2018,3.0,0.0
313984150200204,09111,2,10,2018,3.0,0.0
143203020175932,09111,1,10,2018,2.0,0.0
308930619065483,09011,1,10,2018,2.0,1.0
010004923943604,09011,2,10,2018,2.0,1.0
610006883876174,09011,1,10,2018,1.0,0.0
320630817042609,09011,1,10,2018,3.0,0.0
021162011430924,09011,1,10,2018,,
309100717060695,09011,2,10,2018,3.0,0.0
371369002030054,09011,1,10,2018,2.0,0.0
158823080118949,09011,2,10,2018,3.0,0.0
306100718026926,09011,2,10,2018,2.0,0.0
185094000013159,09112,2,10,2018,1.0,0.0
270453301500403,09011,2,10,2018,1.0,0.0
192760647271004,09011,2,10,2018,3.0,0.0
073062251403101,09011,2,10,2018,1.0,0.0
809401581210860,09011,1,10,2018,2.0,1.0
710002574671754,09011,2,10,2018,1.0,0.0
610202194746604,09011,2,10,2018,2.0,0.0
025085254403231,09011,2,10,2018,2.0,0.0
851857002440166,09011,2,10,2018,3.0,0.0
397726001950407,09011,1,10,2018,2.0,0.0
397726001950407,09011,2,10,2018,2.0,0.0
129604080289760,09011,2,10,2018,2.0,0.0
684138101307046,09011,1,10,2018,2.0,0.0
161788049441214,09011,2,10,2018,2.0,0.0
400710110071896,09011,1,10,2018,3.0,1.0
429900316023820,09011,2,10,2018,2.0,0.0
407200516007800,09011,2,10,2018,3.0,0.0
910207834079229,09011,1,10,2018,,
794226100504127,09011,1,10,2018,2.0,0.0
799651801580401,09011,1,10,2018,3.0,0.0
719463901300401,09011,2,10,2018,3.0,0.0
049220506191105,09011,1,10,2018,3.0,0.0
510780314039010,09111,2,10,2018,2.0,0.0
050311139185439,09011,1,10,2018,3.0,0.0
535260510055455,09011,1,10,2018,1.0,0.0
645562170701707,09011,2,10,2018,2.0,0.0
621951002250399,09011,1,10,2018,2.0,0.0
610009875529775,09011,2,10,2018,1.0,0.0
291463101910001,09111,1,11,2018,3.0,0.0
452084373005241,09011,2,11,2018,3.0,1.0
066075946003961,09111,2,11,2018,3.0,0.0
013000314069552,09011,1,11,2018,3.0,0.0
003390310090576,09011,1,11,2018,2.0,0.0
593420785181000,09011,2,11,2018,2.0,0.0
007270212096555,09111,1,11,2018,3.0,0.0
200611176325412,09011,1,11,2018,3.0,0.0
108330060044776,09011,1,11,2018,3.0,0.0
010012665752049,09011,1,11,2018,3.0,0.0
010115414027385,09011,2,11,2018,1.0,0.0
010115654572562,09011,1,11,2018,3.0,1.0
201166745110840,09111,2,11,2018,2.0,0.0
127012618105411,09011,1,11,2018,1.0,0.0
135601020293412,09011,1,11,2018,1.0,0.0
195481020475586,09011,1,11,2018,1.0,0.0
195481020475586,09011,2,11,2018,1.0,0.0
262052930101341,09011,2,11,2018,1.0,0.0
010513724593012,09011,2,11,2018,2.0,0.0
510105601135556,09011,1,11,2018,1.0,0.0
893280758501101,09011,1,11,2018,3.0,0.0
210005711527428,09011,1,11,2018,2.0,0.0
702207180105013,09011,1,11,2018,1.0,0.0
910009362948671,09011,13,11,2018,1.0,0.0
329750157721002,09011,1,11,2018,3.0,0.0
194892040072123,09011,1,11,2018,1.0,0.0
451953024820131,09011,2,11,2018,2.0,0.0
547460974791002,09011,2,11,2018,1.0,0.0
336985701142207,09011,1,11,2018,1.0,0.0
664310435571002,09011,2,11,2018,2.0,0.0
180047135200741,09011,1,11,2018,1.0,0.0
291472008520383,09011,1,11,2018,1.0,1.0
482704180308405,09111,2,11,2018,3.0,0.0
510008282122009,09011,1,11,2018,2.0,0.0
007203928910306,09011,2,11,2018,3.0,1.0
104402090063658,09011,1,11,2018,1.0,0.0
313984150200204,09111,2,11,2018,2.0,0.0
143203020175932,09111,1,11,2018,1.0,0.0
152903040027596,09011,3,11,2018,1.0,1.0
147283040080807,09111,2,11,2018,2.0,0.0
320630817042609,09011,1,11,2018,2.0,0.0
309100717060695,09011,2,11,2018,2.0,0.0
666344701401303,09011,2,11,2018,1.0,0.0
371369002030054,09011,1,11,2018,1.0,0.0
030710126840069,09011,1,11,2018,2.0,0.0
300410619066824,09011,2,11,2018,3.0,0.0
302780514074938,09011,2,11,2018,1.0,1.0
306100718026926,09011,2,11,2018,1.0,0.0
309180118086965,09011,2,11,2018,1.0,0.0
192760647271004,09011,2,11,2018,2.0,0.0
243090523811004,09011,1,11,2018,2.0,0.0
478750157721004,09011,2,11,2018,2.0,0.0
610202194746604,09011,2,11,2018,1.0,0.0
025085254403231,09011,2,11,2018,1.0,0.0
851857002440166,09011,2,11,2018,2.0,0.0
210007974258706,09011,2,11,2018,3.0,0.0
397726001950407,09011,1,11,2018,1.0,0.0
397726001950407,09011,2,11,2018,1.0,0.0
947772801500408,09011,2,11,2018,3.0,0.0
129604080289760,09011,2,11,2018,1.0,0.0
300400818810804,09011,2,11,2018,3.0,0.0
161788049441214,09011,2,11,2018,1.0,0.0
429900316023820,09011,2,11,2018,1.0,0.0
407200516007800,09011,2,11,2018,2.0,0.0
799651801580401,09011,1,11,2018,2.0,0.0
319465301660402,09011,2,11,2018,3.0,0.0
719463901300401,09011,2,11,2018,2.0,0.0
000525181010366,09011,1,11,2018,3.0,0.0
049220506191105,09011,1,11,2018,2.0,0.0
050311139185439,09011,1,11,2018,2.0,0.0
635547140708300,09011,1,11,2018,3.0,0.0
645562170701707,09011,2,11,2018,1.0,0.0
911151006750216,09011,2,11,2018,3.0,0.0
162900020176370,09011,1,12,2018,1.0,0.0
452084373005241,09011,2,12,2018,2.0,1.0
066075946003961,09111,2,12,2018,2.0,0.0
009050810058549,09011,2,12,2018,,
013000314069552,09011,1,12,2018,2.0,0.0
003390310090576,09011,1,12,2018,1.0,0.0
170830050078520,09111,2,12,2018,3.0,0.0
593420785181000,09011,2,12,2018,1.0,0.0
007270212096555,09111,1,12,2018,2.0,0.0
810204880133046,09011,3,12,2018,2.0,1.0
097691519018649,09011,2,12,2018,3.0,1.0
108330060044776,09011,1,12,2018,2.0,0.0
310000980584526,09011,2,12,2018,1.0,0.0
736822421211009,09011,1,12,2018,2.0,1.0
826804201990008,09011,3,12,2018,2.0,0.0
826885101390003,09011,2,12,2018,1.0,0.0
003590716084837,09011,1,12,2018,2.0,0.0
010012665752049,09011,1,12,2018,2.0,0.0
144790735591501,09111,2,12,2018,3.0,0.0
323230401062105,09011,2,12,2018,1.0,0.0
010513724593012,09011,2,12,2018,1.0,0.0
507111472610874,09011,2,12,2018,2.0,0.0
010716148086720,09011,2,12,2018,3.0,0.0
893280758501101,09011,1,12,2018,2.0,0.0
210005711527428,09011,1,12,2018,1.0,0.0
014110928241002,09111,1,12,2018,3.0,0.0
202910212047025,09011,2,12,2018,3.0,1.0
020210366723435,09111,2,12,2018,3.0,0.0
020310833096586,09011,1,12,2018,3.0,0.0
177722050213007,09011,2,12,2018,1.0,0.0
451953024820131,09011,2,12,2018,1.0,0.0
020510150155252,09011,1,12,2018,,
020510410003791,09011,1,12,2018,3.0,0.0
804205265510723,09011,3,12,2018,3.0,1.0
180047135200741,09011,1,12,2018,,
482704180308405,09111,2,12,2018,2.0,0.0
510008282122009,09011,1,12,2018,1.0,0.0
050089762208821,09011,1,12,2018,1.0,1.0
030011740899359,09011,1,12,2018,2.0,0.0
156333030063260,09111,1,12,2018,3.0,0.0
169013943302411,09011,1,12,2018,3.0,1.0
147283040080807,09111,2,12,2018,1.0,0.0
305830115097581,09111,1,12,2018,2.0,0.0
030613194650215,09011,1,12,2018,3.0,0.0
128133060275487,09011,2,12,2018,3.0,0.0
320630817042609,09011,1,12,2018,1.0,0.0
401301504610703,09011,4,12,2018,3.0,0.0
403310659610008,09011,2,12,2018,,
030710658770996,09011,1,12,2018,3.0,0.0
030710126840069,09011,1,12,2018,1.0,0.0
300410619066824,09011,2,12,2018,2.0,0.0
192760647271004,09011,2,12,2018,1.0,0.0
040210337682330,09011,1,12,2018,2.0,0.0
510005244457145,09011,2,12,2018,1.0,0.0
851857002440166,09011,2,12,2018,1.0,0.0
710005844895356,09011,1,12,2018,3.0,1.0
210007974258706,09011,2,12,2018,2.0,0.0
010109164130477,09011,1,12,2018,1.0,0.0
947772801500408,09011,2,12,2018,2.0,0.0
084197110706100,09011,1,12,2018,1.0,0.0
821400011531104,09011,2,12,2018,3.0,0.0
407200516007800,09011,2,12,2018,1.0,0.0
794226100504127,09011,1,12,2018,1.0,0.0
799651801580401,09011,1,12,2018,1.0,0.0
319465301660402,09011,2,12,2018,2.0,0.0
719463901300401,09011,2,12,2018,1.0,0.0
000525181010366,09011,1,12,2018,2.0,0.0
051070503505421,09011,1,12,2018,3.0,0.0
176245000112043,09111,3,12,2018,2.0,0.0
049220506191105,09011,1,12,2018,1.0,0.0
513310611095121,09011,1,12,2018,2.0,0.0
050311139185439,09011,1,12,2018,1.0,0.0
635547140708300,09011,1,12,2018,2.0,0.0
127345040154366,09111,1,12,2018,3.0,0.0
755269100105105,09011,2,12,2018,3.0,0.0
911151006750216,09011,2,12,2018,2.0,0.0
519150616026620,09011,2,12,2018,1.0,1.0
140620010015148,09111,1,1,2019,1.0,0.0
108610010019854,09011,2,1,2019,2.0,0.0
452084373005241,09011,2,1,2019,1.0,1.0
066075946003961,09111,2,1,2019,1.0,0.0
013000314069552,09011,1,1,2019,1.0,0.0
592430773421000,09011,2,1,2019,1.0,1.0
170830050078520,09111,2,1,2019,2.0,0.0
007270212096555,09111,1,1,2019,1.0,0.0
144760060230347,09011,1,1,2019,3.0,0.0
311164002902820,09011,2,1,2019,2.0,0.0
003590716084837,09011,1,1,2019,1.0,0.0
010012665752049,09011,1,1,2019,1.0,0.0
710391801053109,09011,2,1,2019,2.0,1.0
144790735591501,09111,2,1,2019,2.0,0.0
100931020047389,09011,1,1,2019,2.0,0.0
121824005010326,09011,3,1,2019,3.0,0.0
606148176210243,09011,2,1,2019,3.0,0.0
763519801300104,09011,1,1,2019,3.0,0.0
010311067972649,09011,3,1,2019,1.0,1.0
501834004910146,09011,2,1,2019,3.0,1.0
635240461701001,09111,2,1,2019,3.0,0.0
010716148086720,09011,2,1,2019,2.0,0.0
893280758501101,09011,1,1,2019,1.0,0.0
821570080761001,09011,2,1,2019,3.0,0.0
409362101590100,09011,1,1,2019,2.0,0.0
014110928241002,09111,1,1,2019,2.0,0.0
421712004520693,09011,1,1,2019,3.0,0.0
141282020071197,09111,1,1,2019,2.0,0.0
403204533210381,09011,1,1,2019,3.0,0.0
020210366723435,09111,2,1,2019,2.0,0.0
605202363210347,09111,2,1,2019,2.0,0.0
207780914047231,09111,1,1,2019,1.0,0.0
020310833096586,09011,1,1,2019,2.0,0.0
329750157721002,09011,1,1,2019,1.0,0.0
207280118066463,09011,2,1,2019,1.0,0.0
020410164824668,09011,1,1,2019,3.0,1.0
177722050213007,09011,2,1,2019,,
020510410003791,09011,1,1,2019,2.0,0.0
020510894853811,09111,1,1,2019,3.0,0.0
208510915090532,09011,1,1,2019,3.0,0.0
204120019066665,09011,2,1,2019,3.0,0.0
226192801600202,09011,2,1,2019,3.0,0.0
664310435571002,09011,2,1,2019,1.0,0.0
136152070085108,09011,2,1,2019,1.0,0.0
161876008420546,09011,1,1,2019,3.0,0.0
068184101390204,09011,1,1,2019,2.0,0.0
482704180308405,09111,2,1,2019,1.0,0.0
020910557701192,09011,4,1,2019,1.0,0.0
069000412302821,09011,1,1,2019,3.0,0.0
400318680010270,09011,1,1,2019,2.0,0.0
156333030063260,09111,1,1,2019,2.0,0.0
089025730303221,09111,1,1,2019,1.0,0.0
305830115097581,09111,1,1,2019,1.0,0.0
030613194650215,09011,1,1,2019,2.0,0.0
128133060275487,09011,2,1,2019,2.0,0.0
130393060051758,09011,1,1,2019,2.0,0.0
401301504610703,09011,4,1,2019,2.0,0.0
401334796610299,09011,1,1,2019,3.0,1.0
403318214610919,09011,2,1,2019,3.0,0.0
463399130509205,09011,2,1,2019,3.0,0.0
030810448884540,09011,2,1,2019,3.0,0.0
300410619066824,09011,2,1,2019,1.0,0.0
040210337682330,09011,1,1,2019,1.0,0.0
272530375041004,09011,1,1,2019,3.0,0.0
210007974258706,09011,2,1,2019,1.0,0.0
947772801500408,09011,2,1,2019,1.0,0.0
300400818810804,09011,2,1,2019,1.0,0.0
422970019006891,09011,2,1,2019,3.0,0.0
821400011531104,09011,2,1,2019,2.0,0.0
958913001791408,09011,2,1,2019,3.0,1.0
405390916049803,09011,1,1,2019,2.0,0.0
584723170308404,09011,2,1,2019,2.0,0.0
319465301660402,09011,2,1,2019,1.0,0.0
000525181010366,09011,1,1,2019,1.0,0.0
176245000112043,09111,3,1,2019,1.0,0.0
090045101751505,09111,2,1,2019,2.0,0.0
513310611095121,09011,1,1,2019,1.0,0.0
635547140708300,09011,1,1,2019,1.0,0.0
127345040154366,09111,1,1,2019,2.0,0.0
755269100105105,09011,2,1,2019,2.0,0.0
911151006750216,09011,2,1,2019,1.0,0.0
110101145688756,09011,2,1,2019,3.0,0.0
004380216094188,09011,2,2,2019,3.0,1.0
108610010019854,09011,2,2,2019,1.0,0.0
073005999002851,09111,1,2,2019,2.0,0.0
170830050078520,09111,2,2,2019,1.0,0.0
715141701780003,09011,2,2,2019,3.0,1.0
144760060230347,09011,1,2,2019,2.0,0.0
311164002902820,09011,2,2,2019,1.0,0.0
502020268610181,09011,3,2,2019,3.0,0.0
910309050536826,09011,1,2,2019,3.0,0.0
060546160108720,09011,1,2,2019,2.0,1.0
421262021000903,09011,2,2,2019,3.0,0.0
706361401002006,09011,1,2,2019,3.0,0.0
812104990071576,09011,1,2,2019,3.0,0.0
144790735591501,09111,2,2,2019,1.0,0.0
100931020047389,09011,1,2,2019,1.0,0.0
121824005010326,09011,3,2,2019,2.0,0.0
266390865201001,09011,2,2,2019,,
606148176210243,09011,2,2,2019,2.0,0.0
763519801300104,09011,1,2,2019,2.0,0.0
130211070054561,09011,2,2,2019,1.0,0.0
821570080761001,09011,2,2,2019,2.0,0.0
421712004520693,09011,1,2,2019,2.0,0.0
141282020071197,09111,1,2,2019,1.0,0.0
403204533210381,09011,1,2,2019,2.0,0.0
020210366723435,09111,2,2,2019,1.0,0.0
605202363210347,09111,2,2,2019,1.0,0.0
710003922039432,09011,1,2,2019,1.0,0.0
522984701210204,09111,1,2,2019,2.0,0.0
020310833096586,09011,1,2,2019,1.0,0.0
020410164824668,09011,1,2,2019,2.0,1.0
020510410003791,09011,1,2,2019,1.0,0.0
020510894853811,09111,1,2,2019,2.0,0.0
128412050026220,09111,1,2,2019,3.0,0.0
885424201960201,09011,1,2,2019,1.0,1.0
162033190706719,09011,1,2,2019,3.0,0.0
876456301501203,09011,1,2,2019,3.0,1.0
204120019066665,09011,2,2,2019,2.0,0.0
226192801600202,09011,2,2,2019,2.0,0.0
410201802258376,09011,1,2,2019,2.0,0.0
510008462032816,09011,2,2,2019,1.0,1.0
139412070024095,09011,2,2,2019,3.0,0.0
161876008420546,09011,1,2,2019,2.0,0.0
068184101390204,09011,1,2,2019,1.0,0.0
201207873810059,09011,2,2,2019,1.0,0.0
051099002320326,09011,1,2,2019,3.0,1.0
810007682456999,09011,2,2,2019,2.0,0.0
020910557701192,09011,4,2,2019,,
204820510024968,09011,3,2,2019,1.0,0.0
069000412302821,09011,1,2,2019,2.0,0.0
400318680010270,09011,1,2,2019,1.0,0.0
030110378526915,09111,2,2,2019,3.0,0.0
156333030063260,09111,1,2,2019,1.0,0.0
030511122748365,09111,2,2,2019,3.0,0.0
030613194650215,09011,1,2,2019,1.0,0.0
128133060275487,09011,2,2,2019,1.0,0.0
130393060051758,09011,1,2,2019,1.0,0.0
332570816016622,09011,1,2,2019,3.0,0.0
332570816016622,09011,3,2,2019,3.0,0.0
401301504610703,09011,4,2,2019,1.0,0.0
401334796610299,09011,1,2,2019,2.0,1.0
403318214610919,09011,2,2,2019,2.0,0.0
110103553769066,09011,1,2,2019,3.0,0.0
263642150906809,09011,2,2,2019,1.0,0.0
313890011096601,09011,2,2,2019,3.0,0.0
463399130509205,09011,2,2,2019,2.0,0.0
030810448884540,09011,2,2,2019,2.0,0.0
174123080297638,09011,1,2,2019,3.0,0.0
405910012048243,09011,2,2,2019,3.0,0.0
391974004340031,09011,2,2,2019,3.0,0.0
797801001200404,09011,2,2,2019,3.0,0.0
200018061400251,09011,1,2,2019,,
821400011531104,09011,2,2,2019,1.0,0.0
401840216064890,09011,1,2,2019,2.0,0.0
322089775401601,09011,4,2,2019,3.0,0.0
513310611095121,09011,1,2,2019,,
050310617688676,09011,2,2,2019,3.0,1.0
127345040154366,09111,1,2,2019,1.0,0.0
691345007650065,09011,1,2,2019,3.0,0.0
755269100105105,09011,2,2,2019,1.0,0.0
110101145688756,09011,2,2,2019,2.0,0.0
000510467936829,09011,2,3,2019,3.0,1.0
210005380524525,09111,1,3,2019,3.0,0.0
715141701780003,09011,2,3,2019,2.0,1.0
910009360248675,09011,1,3,2019,,
141264096101848,09011,3,3,2019,3.0,0.0
144760060230347,09011,1,3,2019,1.0,0.0
910309050536826,09011,1,3,2019,2.0,0.0
812104990071576,09011,1,3,2019,2.0,0.0
391578801326100,09111,2,3,2019,1.0,0.0
113490011096207,09011,1,3,2019,2.0,1.0
010210754800338,09011,1,3,2019,1.0,1.0
121824005010326,09011,3,3,2019,1.0,0.0
551126008210054,09011,2,3,2019,3.0,0.0
606148176210243,09011,2,3,2019,1.0,0.0
763519801300104,09011,1,3,2019,1.0,0.0
761238005510031,09011,2,3,2019,2.0,1.0
010513840164384,09011,3,3,2019,1.0,0.0
756402501471107,09011,2,3,2019,3.0,1.0
010610742195558,09011,4,3,2019,1.0,0.0
821570080761001,09011,2,3,2019,1.0,0.0
002108481910333,09011,1,3,2019,1.0,1.0
203209239010674,09011,1,3,2019,2.0,0.0
200220111091191,09111,1,3,2019,3.0,0.0
421712004520693,09011,1,3,2019,1.0,0.0
004206464210744,09011,1,3,2019,3.0,0.0
122143190300604,09111,1,3,2019,3.0,1.0
081074766202501,09011,2,3,2019,3.0,0.0
020510894853811,09111,1,3,2019,1.0,0.0
128412050026220,09111,1,3,2019,2.0,0.0
225602201480201,09111,4,3,2019,2.0,0.0
665884801740200,09111,1,3,2019,3.0,0.0
162033190706719,09011,1,3,2019,2.0,0.0
204120019066665,09011,2,3,2019,1.0,0.0
226192801600202,09011,2,3,2019,1.0,0.0
139412070024095,09011,2,3,2019,2.0,0.0
161876008420546,09011,1,3,2019,1.0,0.0
051099002320326,09011,1,3,2019,2.0,1.0
204820510024968,09011,3,3,2019,,
069000412302821,09011,1,3,2019,1.0,0.0
307315082010099,09111,1,3,2019,3.0,0.0
030110378526915,09111,2,3,2019,2.0,0.0
030110205044086,09011,2,3,2019,3.0,0.0
316300110013303,09011,1,3,2019,3.0,0.0
301900819089450,09011,1,3,2019,1.0,0.0
030511122748365,09111,2,3,2019,2.0,0.0
136483060113957,09011,1,3,2019,1.0,0.0
332570816016622,09011,1,3,2019,2.0,0.0
332570816016622,09011,3,3,2019,2.0,0.0
401334796610299,09011,1,3,2019,1.0,1.0
403318214610919,09011,2,3,2019,1.0,0.0
030611883979253,09011,1,3,2019,,
110103553769066,09011,1,3,2019,2.0,0.0
313890011096601,09011,2,3,2019,2.0,0.0
463399130509205,09011,2,3,2019,1.0,0.0
030810448884540,09011,2,3,2019,1.0,0.0
176723080016557,09011,2,3,2019,3.0,1.0
174123080297638,09011,1,3,2019,2.0,0.0
111391006030124,09011,3,3,2019,3.0,0.0
040110773396814,09011,2,3,2019,3.0,0.0
040610682770141,09011,1,3,2019,1.0,0.0
310000894405567,09111,2,3,2019,3.0,0.0
797801001200404,09011,2,3,2019,2.0,0.0
040810070526393,09011,1,3,2019,1.0,1.0
148814080159604,09011,1,3,2019,3.0,1.0
401840216064890,09011,1,3,2019,1.0,0.0
322089775401601,09011,4,3,2019,2.0,0.0
105575000004663,09011,1,3,2019,,
651000003750456,09011,1,3,2019,3.0,0.0
700921201612505,09011,1,3,2019,2.0,1.0
215390150301406,09011,1,3,2019,3.0,0.0
335600120308620,09011,2,3,2019,3.0,0.0
404518410410455,09011,2,3,2019,1.0,0.0
691345007650065,09011,1,3,2019,2.0,0.0
007770410095111,10111,2,4,2019,3.0,1.0
155510174821000,09111,1,4,2019,2.0,1.0
707008783110155,10111,2,4,2019,3.0,1.0
140603170309654,10011,2,4,2019,3.0,0.0
144965601154005,10011,1,4,2019,3.0,0.0
073005999002851,09111,1,4,2019,1.0,0.0
076045915003861,09011,1,4,2019,2.0,0.0
715141701780003,09011,2,4,2019,1.0,1.0
000611322486237,09011,1,4,2019,1.0,0.0
141264096101848,09011,3,4,2019,2.0,0.0
176700801432006,09011,2,4,2019,2.0,0.0
614670486131000,10011,2,4,2019,3.0,0.0
624011440610218,09011,3,4,2019,2.0,1.0
910309050536826,09011,1,4,2019,1.0,0.0
021390910010606,10011,1,4,2019,3.0,0.0
560809100504605,09011,1,4,2019,1.0,0.0
621765025500428,10011,2,4,2019,3.0,0.0
812104990071576,09011,1,4,2019,1.0,0.0
141497015700473,10011,1,4,2019,3.0,0.0
133180597601601,10111,1,4,2019,3.0,1.0
113490011096207,09011,1,4,2019,1.0,1.0
206114539210603,09011,1,4,2019,2.0,0.0
710102471639352,10011,2,4,2019,3.0,1.0
551126008210054,09011,2,4,2019,2.0,0.0
609143388210588,10011,1,4,2019,2.0,0.0
031779150701608,10011,2,4,2019,3.0,0.0
114091030074710,09011,2,4,2019,,
585240092351301,09011,2,4,2019,1.0,0.0
551106180701908,09011,3,4,2019,2.0,0.0
010610742195558,09011,4,4,2019,,
410608451926387,09011,2,4,2019,1.0,1.0
102580012078774,09011,1,4,2019,2.0,0.0
143681070089264,09011,2,4,2019,2.0,0.0
900539201020206,10011,4,4,2019,3.0,0.0
271503008720004,10111,1,4,2019,3.0,0.0
020010366721453,09111,2,4,2019,2.0,0.0
066030237207701,10011,1,4,2019,3.0,0.0
200220111091191,09111,1,4,2019,2.0,0.0
905202583210378,10111,2,4,2019,3.0,0.0
255250848461002,10011,2,4,2019,3.0,1.0
422187301530203,09111,1,4,2019,1.0,1.0
522984701210204,09111,1,4,2019,1.0,0.0
814025701420207,09011,1,4,2019,2.0,0.0
020510477619123,09111,1,4,2019,1.0,0.0
005574701470205,09011,1,4,2019,2.0,1.0
128412050026220,09111,1,4,2019,1.0,0.0
225602201480201,09111,4,4,2019,1.0,0.0
665884801740200,09111,1,4,2019,2.0,0.0
785178601261208,10011,2,4,2019,3.0,0.0
162033190706719,09011,1,4,2019,1.0,0.0
203650210051659,10011,1,4,2019,3.0,0.0
926463501970204,10011,2,4,2019,3.0,0.0
028036355205451,09011,1,4,2019,2.0,1.0
201350215039663,09011,1,4,2019,1.0,0.0
139412070024095,09011,2,4,2019,1.0,0.0
000078791202941,10011,1,4,2019,3.0,0.0
903207847910032,10011,1,4,2019,3.0,1.0
910002742203489,10111,2,4,2019,3.0,0.0
207520713043944,10011,1,4,2019,3.0,1.0
307315082010099,09111,1,4,2019,2.0,0.0
030110378526915,09111,2,4,2019,1.0,0.0
030110205044086,09011,2,4,2019,2.0,0.0
316300110013303,09011,1,4,2019,2.0,0.0
030410173562753,09011,3,4,2019,,
608306508410028,09011,3,4,2019,1.0,1.0
030511122748365,09111,2,4,2019,1.0,0.0
332570816016622,09011,1,4,2019,1.0,0.0
332570816016622,09011,3,4,2019,1.0,0.0
451869038030050,09011,2,4,2019,,
110103553769066,09011,1,4,2019,1.0,0.0
328030516072609,09011,3,4,2019,2.0,1.0
776801601471305,10011,1,4,2019,3.0,1.0
901960000430829,10011,2,4,2019,3.0,0.0
010103363576467,09011,1,4,2019,1.0,0.0
197193070289464,09011,1,4,2019,2.0,1.0
197193070289464,09011,2,4,2019,2.0,1.0
176723080016557,09011,2,4,2019,2.0,1.0
174123080297638,09011,1,4,2019,1.0,0.0
111391006030124,09011,3,4,2019,2.0,0.0
028039765303871,09011,2,4,2019,2.0,1.0
022400358941004,10011,3,4,2019,3.0,1.0
055420836121004,09111,2,4,2019,1.0,0.0
040110773396814,09011,2,4,2019,2.0,0.0
405940317097423,09011,5,4,2019,1.0,0.0
310000894405567,09111,2,4,2019,2.0,0.0
797801001200404,09011,2,4,2019,1.0,0.0
040813290244789,09011,1,4,2019,2.0,1.0
322089775401601,09011,4,4,2019,1.0,0.0
078050232507031,10011,1,4,2019,3.0,0.0
651000003750456,09011,1,4,2019,2.0,0.0
410000055110331,10011,1,4,2019,3.0,0.0
461251101640505,09011,1,4,2019,1.0,1.0
505440815003127,09011,1,4,2019,2.0,0.0
335600120308620,09011,2,4,2019,2.0,0.0
763463701442504,10011,2,4,2019,2.0,0.0
893324301550501,09011,2,4,2019,2.0,0.0
691345007650065,09011,1,4,2019,1.0,0.0
197065050029077,09011,2,4,2019,1.0,1.0
140603170309654,10011,2,5,2019,2.0,0.0
144965601154005,10011,1,5,2019,2.0,0.0
002600211056592,10011,2,5,2019,3.0,1.0
010005360635985,10011,1,5,2019,2.0,0.0
004017389610067,10011,1,5,2019,2.0,0.0
141264096101848,09011,3,5,2019,1.0,0.0
614670486131000,10011,2,5,2019,2.0,0.0
622720570901200,10011,1,5,2019,2.0,0.0
624011440610218,09011,3,5,2019,1.0,1.0
017310611019610,10011,2,5,2019,3.0,0.0
021390910010606,10011,1,5,2019,2.0,0.0
060842160205221,10011,1,5,2019,3.0,0.0
341764027600077,09011,3,5,2019,1.0,0.0
610250365301300,09011,2,5,2019,1.0,1.0
621180597601200,10011,2,5,2019,3.0,1.0
621765025500428,10011,2,5,2019,2.0,0.0
807004123610823,10011,2,5,2019,3.0,0.0
100015973810666,10011,2,5,2019,2.0,0.0
168566501610002,09011,2,5,2019,1.0,0.0
980683190208019,10011,1,5,2019,2.0,0.0
141497015700473,10011,1,5,2019,2.0,0.0
310004370621069,10011,2,5,2019,3.0,0.0
710102570511759,09011,2,5,2019,1.0,1.0
551126008210054,09011,2,5,2019,1.0,0.0
609143388210588,10011,1,5,2019,1.0,0.0
110008611629743,10011,1,5,2019,2.0,0.0
104060413040339,10011,2,5,2019,3.0,1.0
114270512052651,10011,2,5,2019,3.0,0.0
102580012078774,09011,1,5,2019,1.0,0.0
106200718063953,10011,2,5,2019,3.0,0.0
271503008720004,10111,1,5,2019,2.0,0.0
020010366721453,09111,2,5,2019,1.0,0.0
066030237207701,10011,1,5,2019,2.0,0.0
703206361010003,10111,1,5,2019,3.0,0.0
114170569131002,10011,1,5,2019,3.0,0.0
200220111091191,09111,1,5,2019,1.0,0.0
004206464210744,09011,1,5,2019,1.0,0.0
004206464210744,09011,2,5,2019,1.0,0.0
510005262259782,10011,1,5,2019,3.0,0.0
161802020095237,10111,1,5,2019,2.0,1.0
282398701740204,10111,2,5,2019,3.0,1.0
203571701470205,10111,1,5,2019,1.0,0.0
523120192011202,10011,1,5,2019,3.0,0.0
665884801740200,09111,1,5,2019,1.0,0.0
785178601261208,10011,2,5,2019,2.0,0.0
203650210051659,10011,1,5,2019,2.0,0.0
214020419042612,10011,3,5,2019,3.0,0.0
926463501970204,10011,2,5,2019,2.0,0.0
202203143710598,09011,2,5,2019,1.0,0.0
000078791202941,10011,1,5,2019,2.0,0.0
061787007420963,09011,2,5,2019,1.0,0.0
582961170504408,10011,1,5,2019,1.0,1.0
908363301800206,09011,2,5,2019,1.0,1.0
241294009920388,09011,1,5,2019,1.0,0.0
910002742203489,10111,2,5,2019,2.0,0.0
207520713043944,10011,1,5,2019,2.0,1.0
307315082010099,09111,1,5,2019,1.0,0.0
030110205044086,09011,2,5,2019,1.0,0.0
167563020067159,10011,2,5,2019,2.0,0.0
316300110013303,09011,1,5,2019,1.0,0.0
030410753453413,10011,4,5,2019,2.0,0.0
901960000430829,10011,2,5,2019,2.0,0.0
410108333173777,09011,2,5,2019,1.0,1.0
673336140806016,10011,2,5,2019,3.0,0.0
310008453538687,10011,2,5,2019,3.0,1.0
305400818092737,10011,2,5,2019,3.0,0.0
150183080029928,10111,1,5,2019,3.0,1.0
176723080016557,09011,2,5,2019,1.0,1.0
111391006030124,09011,3,5,2019,1.0,0.0
911991006730211,10011,3,5,2019,2.0,0.0
040110773396814,09011,2,5,2019,1.0,0.0
393044213403081,10011,1,5,2019,3.0,0.0
302408421610848,09111,2,5,2019,,
310000894405567,09111,2,5,2019,1.0,0.0
873400188791104,10011,2,5,2019,2.0,0.0
084464160808929,10011,2,5,2019,2.0,0.0
891900083771404,10011,1,5,2019,2.0,0.0
078050232507031,10011,1,5,2019,2.0,0.0
651000003750456,09011,1,5,2019,1.0,0.0
505440815003127,09011,1,5,2019,1.0,0.0
330520784431105,10011,1,5,2019,3.0,1.0
335600120308620,09011,2,5,2019,1.0,0.0
893324301550501,09011,2,5,2019,1.0,0.0
050610958421717,09011,1,5,2019,,
608512440610968,10011,1,5,2019,2.0,1.0
111584401600002,10111,4,6,2019,3.0,0.0
144965601154005,10011,1,6,2019,1.0,0.0
104670050045334,10111,1,6,2019,3.0,0.0
521756008200343,10111,1,6,2019,2.0,1.0
791052008200404,10011,1,6,2019,3.0,1.0
000610979165900,10011,2,6,2019,,
004017389610067,10011,1,6,2019,1.0,0.0
614670486131000,10011,2,6,2019,1.0,0.0
017310611019610,10011,2,6,2019,2.0,0.0
060842160205221,10011,1,6,2019,2.0,0.0
310000980584526,10011,1,6,2019,3.0,0.0
404012592610582,10011,1,6,2019,1.0,0.0
621765025500428,10011,2,6,2019,1.0,0.0
807004123610823,10011,2,6,2019,2.0,0.0
811904990751576,10011,2,6,2019,1.0,0.0
100015973810666,10011,2,6,2019,1.0,0.0
310004370621069,10011,2,6,2019,2.0,0.0
135360719066000,10011,1,6,2019,3.0,0.0
093052714102981,10011,2,6,2019,2.0,1.0
110008611629743,10011,1,6,2019,1.0,0.0
493522601860107,10011,1,6,2019,3.0,0.0
103118352610519,10011,2,6,2019,3.0,1.0
114270512052651,10011,2,6,2019,2.0,0.0
010715687835808,10011,1,6,2019,3.0,0.0
064037898106421,10011,2,6,2019,1.0,0.0
106200718063953,10011,2,6,2019,2.0,0.0
141291090028332,10011,1,6,2019,3.0,1.0
121402002420278,10011,2,6,2019,3.0,0.0
271503008720004,10111,1,6,2019,1.0,0.0
802970150308919,10011,1,6,2019,2.0,1.0
114170569131002,10011,1,6,2019,2.0,0.0
104672020035364,10111,1,6,2019,2.0,0.0
122542130103107,10111,2,6,2019,2.0,1.0
501027010320886,10111,4,6,2019,2.0,1.0
393010801761205,10011,2,6,2019,,
523120192011202,10011,1,6,2019,2.0,0.0
785178601261208,10011,2,6,2019,1.0,0.0
203650210051659,10011,1,6,2019,1.0,0.0
214020419042612,10011,3,6,2019,2.0,0.0
926463501970204,10011,2,6,2019,1.0,0.0
000078791202941,10011,1,6,2019,1.0,0.0
810004502535898,10011,2,6,2019,2.0,1.0
808064701430201,10011,1,6,2019,1.0,1.0
910002742203489,10111,2,6,2019,1.0,0.0
323950120109274,10011,1,6,2019,2.0,1.0
167563020067159,10011,2,6,2019,1.0,0.0
044044255307181,10011,2,6,2019,1.0,0.0
305660519035479,10011,1,6,2019,2.0,0.0
030410415983173,10011,2,6,2019,1.0,0.0
314120719026558,10011,1,6,2019,1.0,0.0
071565031630680,10011,2,6,2019,2.0,1.0
030611405412428,10011,1,6,2019,1.0,0.0
901960000430829,10011,2,6,2019,1.0,0.0
315990913083760,10011,1,6,2019,3.0,0.0
673336140806016,10011,2,6,2019,2.0,0.0
310008453538687,10011,2,6,2019,2.0,1.0
174773070064165,10011,1,6,2019,1.0,0.0
305400818092737,10011,2,6,2019,2.0,0.0
150183080029928,10111,1,6,2019,2.0,1.0
202319344810266,10011,2,6,2019,3.0,0.0
318045401960302,10011,2,6,2019,2.0,1.0
593026170306119,10011,1,6,2019,2.0,0.0
908306331910692,10011,2,6,2019,2.0,0.0
254580727141004,10011,2,6,2019,3.0,0.0
592934201570407,10011,3,6,2019,2.0,1.0
393044213403081,10011,1,6,2019,2.0,0.0
412080115016572,10011,2,6,2019,3.0,1.0
873400188791104,10011,2,6,2019,1.0,0.0
084464160808929,10011,2,6,2019,1.0,0.0
408207301261406,10011,1,6,2019,1.0,0.0
605406471810822,10011,3,6,2019,1.0,0.0
503408968910050,10011,1,6,2019,1.0,0.0
190824090057253,10011,3,6,2019,,
078050232507031,10011,1,6,2019,1.0,0.0
506790210014053,10011,1,6,2019,3.0,0.0
410000055110331,10011,1,6,2019,1.0,0.0
715039150306201,10011,1,6,2019,2.0,0.0
221711201460500,10011,3,6,2019,2.0,0.0
330520784431105,10011,1,6,2019,2.0,1.0
050411992306912,10111,1,6,2019,1.0,0.0
128225060084069,10111,1,6,2019,2.0,1.0
111584401600002,10111,4,7,2019,2.0,0.0
141366901320002,10111,1,7,2019,2.0,0.0
134200066301000,10011,2,7,2019,1.0,1.0
491892501880002,10011,1,7,2019,3.0,0.0
057012124005291,10111,2,7,2019,2.0,0.0
451941043500198,10011,2,7,2019,3.0,0.0
000510258421707,10111,2,7,2019,2.0,0.0
104670050045334,10111,1,7,2019,2.0,0.0
403007433510072,10011,1,7,2019,3.0,1.0
791052008200404,10011,1,7,2019,2.0,1.0
000610844785913,10011,2,7,2019,1.0,0.0
000610906355901,10011,1,7,2019,3.0,1.0
412109460896216,10011,1,7,2019,3.0,1.0
060842160205221,10011,1,7,2019,1.0,0.0
310000980584526,10011,1,7,2019,2.0,0.0
001560212077822,10011,1,7,2019,3.0,0.0
310004370621069,10011,2,7,2019,1.0,0.0
135360719066000,10011,1,7,2019,2.0,0.0
141031000346919,10011,2,7,2019,2.0,0.0
590376301460108,10111,1,7,2019,2.0,1.0
110500671544241,10011,1,7,2019,2.0,0.0
721231150201623,10011,1,7,2019,3.0,0.0
010008841835482,10011,1,7,2019,1.0,0.0
157621020211403,10011,1,7,2019,2.0,1.0
279530126731101,10011,2,7,2019,3.0,0.0
493522601860107,10011,1,7,2019,2.0,0.0
810007831671093,10011,2,7,2019,3.0,0.0
707145750510712,10011,1,7,2019,2.0,0.0
103118352610519,10011,2,7,2019,2.0,1.0
114270512052651,10011,2,7,2019,1.0,0.0
408109523610051,10111,1,7,2019,3.0,0.0
010715687835808,10011,1,7,2019,2.0,0.0
010710346072313,10011,1,7,2019,3.0,1.0
106200718063953,10011,2,7,2019,1.0,0.0
020011327185406,10011,2,7,2019,1.0,0.0
022110928241102,10012,3,7,2019,1.0,0.0
121402002420278,10011,2,7,2019,2.0,0.0
208530416099162,10011,1,7,2019,2.0,1.0
114170569131002,10011,1,7,2019,1.0,0.0
031124004820575,10011,3,7,2019,2.0,1.0
104672020035364,10111,1,7,2019,1.0,0.0
501027010320886,10111,4,7,2019,1.0,1.0
903577701470205,10011,2,7,2019,3.0,1.0
020510233144330,10111,2,7,2019,3.0,1.0
523120192011202,10011,1,7,2019,1.0,0.0
521400364411002,10111,2,7,2019,2.0,1.0
610009882829046,10011,1,7,2019,3.0,1.0
209190117097861,10111,1,7,2019,2.0,1.0
068088147205781,10011,2,7,2019,3.0,0.0
280168701790309,10011,2,7,2019,3.0,1.0
030110957963609,10011,2,7,2019,3.0,1.0
021525064330313,10011,1,7,2019,2.0,1.0
030410753453413,10011,4,7,2019,1.0,0.0
494847001990303,10011,2,7,2019,1.0,0.0
274941901900302,10011,1,7,2019,1.0,0.0
510409353467795,10011,3,7,2019,1.0,0.0
324460217041507,10111,2,7,2019,1.0,0.0
071565031630680,10011,2,7,2019,1.0,1.0
981962015430033,10011,2,7,2019,1.0,1.0
315990913083760,10011,1,7,2019,2.0,0.0
778070680151103,10011,2,7,2019,3.0,1.0
174773070064165,10011,1,7,2019,,
755300765541003,10011,1,7,2019,3.0,0.0
702309703910587,10011,1,7,2019,2.0,0.0
054880067481004,10011,2,7,2019,1.0,1.0
070000938403541,10111,2,7,2019,3.0,1.0
406460014044147,10111,1,7,2019,2.0,1.0
403404536110781,10011,2,7,2019,3.0,1.0
509422491210034,10011,2,7,2019,3.0,1.0
199474020096279,10011,2,7,2019,2.0,1.0
851527012440164,10011,1,7,2019,3.0,0.0
612684501780407,10011,1,7,2019,3.0,0.0
040210956223016,10011,2,7,2019,1.0,1.0
300408143210345,10011,1,7,2019,2.0,0.0
393044213403081,10011,1,7,2019,1.0,0.0
104402735410951,10011,2,7,2019,2.0,0.0
412080115016572,10011,2,7,2019,2.0,1.0
176984060179326,10011,1,7,2019,1.0,1.0
716030672511004,10011,2,7,2019,3.0,1.0
328660501891406,10011,1,7,2019,1.0,1.0
617439868810714,10011,2,7,2019,1.0,1.0
888580604321314,10011,1,7,2019,3.0,1.0
000409487810538,10011,2,7,2019,1.0,0.0
854430617571004,10011,1,7,2019,2.0,1.0
405813130801910,10011,2,7,2019,3.0,0.0
510880314039011,10011,1,7,2019,3.0,0.0
160490941791005,10011,1,7,2019,3.0,0.0
715039150306201,10011,1,7,2019,1.0,0.0
221711201460500,10011,3,7,2019,1.0,0.0
330520784431105,10011,1,7,2019,1.0,1.0
050311676742627,10011,1,7,2019,1.0,1.0
428390955071005,10111,1,7,2019,3.0,0.0
445170180701123,10111,1,7,2019,3.0,0.0
050410580217028,10111,2,7,2019,1.0,0.0
109537423410198,10011,1,7,2019,3.0,0.0
615150183391005,10011,2,7,2019,1.0,1.0
210002065194376,10011,1,7,2019,3.0,0.0
141366901320002,10111,1,8,2019,1.0,0.0
057012124005291,10111,2,8,2019,1.0,0.0
710404810754514,10011,2,8,2019,2.0,1.0
000510258421707,10111,2,8,2019,1.0,0.0
104670050045334,10111,1,8,2019,1.0,0.0
000610906355901,10011,1,8,2019,2.0,1.0
000610952098463,10011,1,8,2019,2.0,0.0
101033142610010,10011,1,8,2019,1.0,1.0
147530060290221,10011,2,8,2019,2.0,0.0
224014619610869,10011,1,8,2019,2.0,0.0
226006842005181,10011,2,8,2019,,
310000980584526,10011,1,8,2019,1.0,0.0
001560212077822,10011,1,8,2019,2.0,0.0
961498011500071,10011,3,8,2019,3.0,1.0
135360719066000,10011,1,8,2019,1.0,0.0
110500671544241,10011,1,8,2019,1.0,0.0
164370512052154,10112,2,8,2019,1.0,0.0
230092417101641,10011,1,8,2019,3.0,0.0
721231150201623,10011,1,8,2019,2.0,0.0
157621020211403,10011,1,8,2019,1.0,1.0
172031020296813,10011,2,8,2019,3.0,0.0
279530126731101,10011,2,8,2019,2.0,0.0
493522601860107,10011,1,8,2019,1.0,0.0
810007831671093,10011,2,8,2019,2.0,0.0
931667110105802,10011,2,8,2019,3.0,0.0
707145750510712,10011,1,8,2019,1.0,0.0
149571050069552,10111,1,8,2019,3.0,0.0
408109523610051,10111,1,8,2019,2.0,0.0
010715687835808,10011,1,8,2019,1.0,0.0
351177078810883,10011,1,8,2019,1.0,0.0
704103373710538,10011,2,8,2019,3.0,0.0
141291090028332,10011,1,8,2019,1.0,1.0
121402002420278,10011,2,8,2019,1.0,0.0
402120150007618,10011,2,8,2019,2.0,1.0
020010184816214,10111,1,8,2019,3.0,1.0
031124004820575,10011,2,8,2019,1.0,1.0
712423501710207,10011,1,8,2019,3.0,0.0
201890014001460,10011,1,8,2019,3.0,0.0
707225751410612,10011,1,8,2019,3.0,0.0
020510233144330,10111,2,8,2019,2.0,1.0
107206452610141,10011,2,8,2019,1.0,0.0
200260812011800,10111,1,8,2019,1.0,0.0
020810295033466,10111,1,8,2019,1.0,1.0
068088147205781,10011,2,8,2019,2.0,0.0
030110957963609,10011,2,8,2019,2.0,1.0
111213010047434,10011,1,8,2019,3.0,0.0
213240092351703,10011,1,8,2019,1.0,0.0
283240092351603,10011,3,8,2019,3.0,0.0
021525064330313,10011,1,8,2019,1.0,1.0
156333030143220,10011,1,8,2019,2.0,1.0
303303291410018,10111,1,8,2019,3.0,0.0
410005073895774,10011,2,8,2019,3.0,0.0
030613378390960,10011,1,8,2019,3.0,0.0
510306503902946,10011,1,8,2019,3.0,0.0
511762027830943,10011,2,8,2019,1.0,0.0
631563029930280,10011,2,8,2019,2.0,1.0
680590268241103,10011,1,8,2019,1.0,0.0
263703140402306,10011,1,8,2019,3.0,1.0
310000723243466,10011,2,8,2019,3.0,1.0
315990913083760,10011,1,8,2019,1.0,0.0
778070680151103,10011,2,8,2019,2.0,1.0
791690243231003,10011,2,8,2019,2.0,0.0
080087742307001,10011,2,8,2019,3.0,0.0
755300765541003,10011,1,8,2019,2.0,0.0
441880000630364,10011,1,8,2019,2.0,1.0
410006604582440,10011,2,8,2019,3.0,0.0
070000938403541,10111,2,8,2019,2.0,1.0
509422491210034,10011,2,8,2019,2.0,1.0
040211540164344,10011,2,8,2019,3.0,0.0
199474020096279,10011,2,8,2019,1.0,1.0
254580727141004,10011,2,8,2019,1.0,0.0
851527012440164,10011,1,8,2019,2.0,0.0
406510912000212,10011,2,8,2019,3.0,0.0
612684501780407,10011,1,8,2019,2.0,0.0
624355190201018,10011,1,8,2019,3.0,1.0
624355190201018,10011,2,8,2019,3.0,1.0
300408143210345,10011,1,8,2019,1.0,0.0
550810809951004,10111,2,8,2019,3.0,1.0
079095308406021,10111,2,8,2019,2.0,1.0
427802501011406,10011,1,8,2019,2.0,0.0
722460010141004,10011,2,8,2019,3.0,0.0
400060414034714,10111,1,8,2019,2.0,0.0
404406401710631,10011,1,8,2019,2.0,1.0
404406401710631,10011,2,8,2019,2.0,1.0
407910416000893,10011,1,8,2019,3.0,0.0
410005764818778,10011,1,8,2019,1.0,0.0
888354201441407,10011,1,8,2019,3.0,1.0
916330596601004,10011,1,8,2019,3.0,0.0
916330596601004,10011,2,8,2019,3.0,0.0
506790210014053,10011,1,8,2019,1.0,0.0
710179501140508,10011,1,8,2019,1.0,1.0
405813130801910,10011,2,8,2019,2.0,0.0
515122120305404,10011,1,8,2019,3.0,0.0
515122120305404,10011,2,8,2019,3.0,0.0
009501581110303,10011,1,8,2019,3.0,0.0
645807140407018,10111,1,8,2019,3.0,1.0
184074401270508,10011,2,8,2019,3.0,0.0
097095822504431,10011,1,8,2019,3.0,0.0
810007585263145,10011,1,8,2019,3.0,1.0
210002065194376,10011,1,8,2019,2.0,0.0
147530060290221,10011,2,9,2019,1.0,0.0
622250365301200,10011,2,9,2019,2.0,0.0
654480939661100,10011,1,9,2019,1.0,0.0
603001933610137,10011,1,9,2019,1.0,0.0
001560212077822,10011,1,9,2019,1.0,0.0
310003260453059,10011,1,9,2019,3.0,0.0
021305024310314,10011,1,9,2019,3.0,0.0
126050754741501,10011,1,9,2019,3.0,0.0
721231150201623,10011,1,9,2019,1.0,0.0
172031020296813,10011,2,9,2019,2.0,0.0
182000501652109,10011,2,9,2019,3.0,0.0
279530126731101,10011,2,9,2019,1.0,0.0
172551030091083,10011,2,9,2019,1.0,0.0
931667110105802,10011,2,9,2019,2.0,0.0
010512757414787,10011,2,9,2019,3.0,0.0
149571050069552,10111,1,9,2019,2.0,0.0
251646140602804,10111,2,9,2019,1.0,0.0
408109523610051,10111,1,9,2019,1.0,0.0
351177078810883,10011,1,9,2019,,
102270712027728,10011,2,9,2019,3.0,0.0
781969110203709,10011,1,9,2019,3.0,0.0
781969110203709,10011,2,9,2019,3.0,0.0
022660797571002,10011,1,9,2019,1.0,0.0
020110218260155,10011,1,9,2019,2.0,0.0
712423501710207,10011,1,9,2019,2.0,0.0
214430997231002,10111,1,9,2019,3.0,0.0
201890014001460,10011,1,9,2019,2.0,0.0
707225751410612,10011,1,9,2019,2.0,0.0
550680635981202,10011,1,9,2019,3.0,0.0
068088147205781,10011,2,9,2019,1.0,0.0
910000842017249,10011,1,9,2019,3.0,0.0
030011712902482,10011,2,9,2019,1.0,0.0
030110957963609,10011,2,9,2019,1.0,1.0
111213010047434,10011,1,9,2019,2.0,0.0
152903020647546,10011,1,9,2019,3.0,1.0
283240092351603,10011,3,9,2019,2.0,0.0
303700016062421,10011,1,9,2019,3.0,0.0
480990642341103,10012,1,9,2019,1.0,0.0
301520316041582,10011,2,9,2019,1.0,1.0
161368035630876,10011,1,9,2019,3.0,1.0
165953060355869,10011,1,9,2019,2.0,0.0
375066786301811,10011,1,9,2019,2.0,0.0
511762027830943,10011,2,9,2019,,
778070680151103,10011,2,9,2019,1.0,1.0
791690243231003,10011,2,9,2019,1.0,0.0
871871007130360,10011,2,9,2019,3.0,0.0
080087742307001,10011,2,9,2019,2.0,0.0
755300765541003,10011,1,9,2019,1.0,0.0
403404536110781,10011,2,9,2019,1.0,1.0
040211540164344,10011,2,9,2019,2.0,0.0
851527012440164,10011,1,9,2019,1.0,0.0
406510912000212,10011,2,9,2019,2.0,0.0
612684501780407,10011,1,9,2019,1.0,0.0
104402735410951,10011,2,9,2019,,
499220506191204,10011,2,9,2019,1.0,0.0
710005844895356,10011,2,9,2019,3.0,0.0
427802501011406,10011,1,9,2019,1.0,0.0
201409651710836,10011,2,9,2019,3.0,0.0
722460010141004,10011,2,9,2019,2.0,0.0
400060414034714,10111,1,9,2019,1.0,0.0
308438432810146,10011,1,9,2019,2.0,1.0
407910416000893,10011,1,9,2019,2.0,0.0
409120814006831,10011,1,9,2019,2.0,0.0
410005764818778,10011,1,9,2019,,
888354201441407,10011,1,9,2019,2.0,1.0
916330596601004,10011,1,9,2019,2.0,0.0
916330596601004,10011,2,9,2019,2.0,0.0
994819160208717,10011,1,9,2019,3.0,1.0
050010894691310,10111,3,9,2019,3.0,0.0
605154180805416,10011,2,9,2019,3.0,1.0
809511589010360,10011,1,9,2019,3.0,0.0
515122120305404,10011,1,9,2019,2.0,0.0
515122120305404,10011,2,9,2019,2.0,0.0
009501581110303,10011,1,9,2019,2.0,0.0
184074401270508,10011,2,9,2019,2.0,0.0
097095822504431,10011,1,9,2019,2.0,0.0
210002065194376,10011,1,9,2019,1.0,0.0
210312190806502,10111,2,10,2019,2.0,0.0
000410110201661,10111,1,10,2019,2.0,0.0
610007850621125,10011,2,10,2019,2.0,0.0
622250365301200,10011,2,10,2019,1.0,0.0
654480939661100,10011,1,10,2019,,
192630160992594,10011,1,10,2019,3.0,0.0
690905110306718,10011,1,10,2019,2.0,0.0
310003260453059,10011,1,10,2019,2.0,0.0
126050754741501,10011,1,10,2019,2.0,0.0
154951020139548,10011,2,10,2019,1.0,1.0
307150682210470,10011,2,10,2019,3.0,0.0
310009831451152,10011,2,10,2019,2.0,0.0
010210833405353,10011,1,10,2019,3.0,0.0
010211951264586,10011,2,10,2019,3.0,0.0
172031020296813,10011,2,10,2019,1.0,0.0
931667110105802,10011,2,10,2019,1.0,0.0
542400364411401,10011,1,10,2019,2.0,0.0
010512757414787,10011,2,10,2019,2.0,0.0
114260217041505,10111,2,10,2019,3.0,0.0
149571050069552,10111,1,10,2019,1.0,0.0
251646140602804,10111,2,10,2019,,
210001251372337,10011,1,10,2019,1.0,0.0
010811161517565,10011,2,10,2019,,
010810020467477,10011,1,10,2019,3.0,0.0
781969110203709,10011,1,10,2019,2.0,0.0
781969110203709,10011,2,10,2019,2.0,0.0
022660797571002,10011,1,10,2019,,
020110218260155,10011,1,10,2019,1.0,0.0
022984100100200,10111,1,10,2019,3.0,0.0
712423501710207,10011,1,10,2019,1.0,0.0
214430997231002,10111,1,10,2019,2.0,0.0
201890014001460,10011,1,10,2019,1.0,0.0
707225751410612,10011,1,10,2019,1.0,0.0
550680635981202,10011,1,10,2019,2.0,0.0
554660541591002,10011,1,10,2019,3.0,0.0
706206393510126,10111,1,10,2019,3.0,0.0
521140725451002,10011,2,10,2019,3.0,0.0
978613901270200,10111,2,10,2019,3.0,0.0
382953100201106,10111,2,10,2019,2.0,0.0
910000842017249,10011,1,10,2019,2.0,0.0
283240092351603,10011,3,10,2019,1.0,0.0
303303291410018,10111,1,10,2019,1.0,0.0
303700016062421,10011,1,10,2019,2.0,0.0
305630115097482,10011,2,10,2019,1.0,0.0
454899401130308,10011,3,10,2019,1.0,0.0
161368035630876,10011,1,10,2019,2.0,1.0
631065034030875,10011,1,10,2019,2.0,0.0
802323707610040,10011,2,10,2019,2.0,0.0
692560802211103,10011,4,10,2019,1.0,0.0
707315673610626,10011,2,10,2019,1.0,0.0
080087742307001,10011,2,10,2019,1.0,0.0
410006604582440,10011,2,10,2019,1.0,0.0
521619010940210,10011,2,10,2019,3.0,0.0
471759801600409,10011,1,10,2019,3.0,0.0
040210307330939,10011,2,10,2019,3.0,0.0
040211540164344,10011,2,10,2019,1.0,0.0
405401328410166,10011,1,10,2019,2.0,0.0
493370988431304,10011,2,10,2019,1.0,0.0
435269101410408,10011,1,10,2019,3.0,0.0
754226100103107,10111,2,10,2019,1.0,0.0
110005484623725,10011,1,10,2019,3.0,0.0
710005844895356,10011,2,10,2019,2.0,0.0
261260007340537,10011,1,10,2019,3.0,0.0
077087732402061,10111,1,10,2019,2.0,1.0
201409651710836,10011,2,10,2019,2.0,0.0
722460010141004,10011,2,10,2019,1.0,0.0
040811122486237,10011,1,10,2019,3.0,0.0
040812106355981,10011,2,10,2019,,
422190519074810,10011,2,10,2019,2.0,1.0
850620300611204,10011,2,10,2019,2.0,0.0
402320212082830,10011,1,10,2019,3.0,0.0
407910416000893,10011,1,10,2019,1.0,0.0
410003414619288,10011,1,10,2019,3.0,0.0
710002484611438,10011,2,10,2019,3.0,1.0
410008544257568,10011,2,10,2019,2.0,1.0
916330596601004,10011,1,10,2019,1.0,0.0
916330596601004,10011,2,10,2019,1.0,0.0
050010894691310,10111,3,10,2019,2.0,0.0
809511589010360,10011,1,10,2019,2.0,0.0
515122120305404,10011,1,10,2019,1.0,0.0
515122120305404,10011,2,10,2019,1.0,0.0
009501581110303,10011,1,10,2019,1.0,0.0
911731006750217,10011,1,10,2019,3.0,0.0
034054418501341,10111,1,10,2019,1.0,0.0
184074401270508,10011,2,10,2019,1.0,0.0
097095822504431,10011,1,10,2019,1.0,0.0
210312190806502,10111,2,11,2019,1.0,0.0
309044517410851,10011,2,11,2019,3.0,0.0
610007850621125,10011,2,11,2019,1.0,0.0
240076985007671,10011,1,11,2019,3.0,0.0
622250365301200,10011,2,11,2019,,
010207340510576,10011,2,11,2019,3.0,0.0
192630160992594,10011,1,11,2019,2.0,0.0
254086822005021,10011,2,11,2019,3.0,0.0
690905110306718,10011,1,11,2019,1.0,0.0
310003260453059,10011,1,11,2019,1.0,0.0
126050754741501,10011,1,11,2019,1.0,0.0
307150682210470,10011,2,11,2019,2.0,0.0
310009831451152,10011,2,11,2019,1.0,0.0
521365110308006,10011,1,11,2019,3.0,0.0
010210833405353,10011,1,11,2019,2.0,0.0
010211951264586,10011,2,11,2019,2.0,0.0
042082959101851,10011,3,11,2019,3.0,1.0
721808170301214,10011,2,11,2019,3.0,0.0
321011120402002,10011,2,11,2019,3.0,1.0
361331009310774,10011,1,11,2019,2.0,0.0
542400364411401,10011,1,11,2019,1.0,0.0
010512757414787,10011,2,11,2019,1.0,0.0
114260217041505,10111,2,11,2019,2.0,0.0
063086981101701,10111,2,11,2019,,
321279063110834,10011,1,11,2019,,
771127180800403,10011,2,11,2019,3.0,1.0
010811265564913,10011,2,11,2019,2.0,0.0
010810020467477,10011,1,11,2019,2.0,0.0
781969110203709,10011,1,11,2019,1.0,0.0
781969110203709,10011,2,11,2019,1.0,0.0
167001090072121,10011,1,11,2019,3.0,0.0
010003492812271,10011,1,11,2019,3.0,0.0
550680635981202,10011,1,11,2019,1.0,0.0
029015279207171,10011,1,11,2019,3.0,0.0
208650019087564,10011,1,11,2019,2.0,0.0
451556006520914,10011,1,11,2019,2.0,0.0
451556006520914,10011,2,11,2019,2.0,0.0
554660541591002,10011,1,11,2019,2.0,0.0
706206393510126,10111,1,11,2019,2.0,0.0
521140725451002,10011,2,11,2019,2.0,0.0
701203561610522,10011,2,11,2019,3.0,0.0
978613901270200,10111,2,11,2019,2.0,0.0
020810443730323,10111,1,11,2019,3.0,0.0
482274160101908,10011,1,11,2019,2.0,0.0
873950436301002,10011,1,11,2019,3.0,0.0
910000842017249,10011,1,11,2019,1.0,0.0
179053000096697,10011,2,11,2019,2.0,1.0
030111338402466,10011,1,11,2019,3.0,0.0
243657170105303,10011,1,11,2019,,
243657170105303,10011,2,11,2019,,
303700016062421,10011,1,11,2019,1.0,0.0
305850612009471,10011,1,11,2019,3.0,0.0
804305006410729,10011,1,11,2019,1.0,0.0
802323707610040,10011,2,11,2019,1.0,0.0
810008833897126,10011,1,11,2019,2.0,1.0
810008833897126,10011,2,11,2019,2.0,0.0
030711233405383,10011,2,11,2019,1.0,0.0
198047995303551,10011,1,11,2019,3.0,0.0
693821110504714,10011,1,11,2019,2.0,1.0
804282100208500,10011,1,11,2019,3.0,0.0
471759801600409,10011,1,11,2019,2.0,0.0
040210307330939,10011,2,11,2019,2.0,0.0
405401328410166,10011,1,11,2019,1.0,0.0
435269101410408,10011,1,11,2019,2.0,0.0
564500252511004,10011,1,11,2019,1.0,0.0
110005484623725,10011,1,11,2019,2.0,0.0
710005844895356,10011,2,11,2019,1.0,0.0
261260007340537,10011,1,11,2019,2.0,0.0
201409651710836,10011,2,11,2019,1.0,0.0
146924080210104,10011,2,11,2019,3.0,0.0
402320212082830,10011,1,11,2019,2.0,0.0
410003414619288,10011,1,11,2019,2.0,0.0
210079626406721,10011,1,11,2019,3.0,0.0
005911110609202,10011,2,11,2019,3.0,1.0
050010894691310,10111,3,11,2019,1.0,0.0
515880915096066,10011,1,11,2019,3.0,0.0
809511589010360,10011,1,11,2019,1.0,0.0
178615010078023,10011,2,11,2019,2.0,0.0
201527871310159,10011,2,11,2019,1.0,1.0
911731006750217,10011,1,11,2019,2.0,0.0
050410744016239,10011,2,11,2019,2.0,0.0
309044517410851,10011,2,12,2019,2.0,0.0
807008524510245,10011,1,12,2019,2.0,0.0
060036160700803,11011,2,12,2019,3.0,1.0
240076985007671,10011,1,12,2019,2.0,0.0
697820528931020,10011,1,12,2019,1.0,0.0
010207340510576,10011,2,12,2019,2.0,0.0
192630160992594,10011,1,12,2019,1.0,0.0
405017074610991,11011,1,12,2019,3.0,0.0
021886005800125,10011,1,12,2019,1.0,0.0
158486901800005,10011,2,12,2019,2.0,0.0
000911283123385,10011,2,12,2019,2.0,0.0
010011698315990,11011,1,12,2019,3.0,1.0
311891110600355,10111,4,12,2019,1.0,0.0
671414022410019,11111,1,12,2019,3.0,0.0
307150682210470,10011,2,12,2019,1.0,0.0
521365110308006,10011,1,12,2019,2.0,0.0
010211951264586,10011,2,12,2019,1.0,0.0
721808170301214,10011,2,12,2019,2.0,0.0
321011120402002,10011,2,12,2019,2.0,1.0
609101179310011,10011,2,12,2019,2.0,1.0
010310451878975,11011,1,12,2019,3.0,0.0
881933001510891,11011,1,12,2019,3.0,0.0
010716503091986,10011,1,12,2019,2.0,1.0
010811265564913,10011,2,12,2019,1.0,0.0
168250101640105,11111,1,12,2019,3.0,1.0
010003492812271,10011,1,12,2019,2.0,0.0
112328160004401,11011,1,12,2019,2.0,0.0
182642020024033,11111,2,12,2019,3.0,0.0
029015279207171,10011,1,12,2019,2.0,0.0
451556006520914,10011,1,12,2019,1.0,0.0
451556006520914,10011,2,12,2019,1.0,0.0
554660541591002,10011,1,12,2019,1.0,0.0
706206393510126,10111,1,12,2019,1.0,0.0
521140725451002,10011,2,12,2019,1.0,0.0
136752070094518,11011,2,12,2019,3.0,1.0
771060743911002,11011,1,12,2019,3.0,0.0
978613901270200,10111,2,12,2019,1.0,0.0
020810443730323,10111,1,12,2019,2.0,0.0
482274160101908,10011,1,12,2019,1.0,0.0
873950436301002,10011,1,12,2019,2.0,0.0
303710616026046,11011,1,12,2019,3.0,1.0
030111338402466,10011,1,12,2019,2.0,0.0
703309280110705,11111,2,12,2019,3.0,0.0
612766301392303,10011,1,12,2019,1.0,0.0
305850612009471,10011,1,12,2019,2.0,0.0
030512357414717,11011,4,12,2019,3.0,0.0
573780093251203,10111,1,12,2019,2.0,1.0
810008833897126,10011,2,12,2019,1.0,0.0
308860110015620,10011,1,12,2019,1.0,0.0
198047995303551,10011,1,12,2019,2.0,0.0
030810310003711,11011,2,12,2019,3.0,0.0
803302660910955,11011,1,12,2019,3.0,0.0
182454000028522,11011,2,12,2019,3.0,1.0
521619010940210,10011,2,12,2019,1.0,0.0
471759801600409,10011,1,12,2019,1.0,0.0
040210307330939,10011,2,12,2019,1.0,0.0
029082242401201,11011,1,12,2019,3.0,1.0
405401328410166,10011,1,12,2019,,
435269101410408,10011,1,12,2019,1.0,0.0
110005484623725,10011,1,12,2019,1.0,0.0
936403601370401,11011,2,12,2019,3.0,0.0
261260007340537,10011,1,12,2019,1.0,0.0
146924080210104,10011,2,12,2019,2.0,0.0
268187101390404,10011,1,12,2019,1.0,1.0
402320212082830,10011,1,12,2019,1.0,0.0
410003414619288,10011,1,12,2019,1.0,0.0
710002484611438,10011,2,12,2019,1.0,1.0
210079626406721,10011,1,12,2019,2.0,0.0
005911110609202,10011,2,12,2019,2.0,1.0
515880915096066,10011,1,12,2019,2.0,0.0
501030418088169,11011,3,12,2019,3.0,0.0
105995010075812,11011,1,12,2019,3.0,0.0
178615010078023,10011,2,12,2019,1.0,0.0
911731006750217,10011,1,12,2019,1.0,0.0
050410744016239,10011,2,12,2019,1.0,0.0
502200617096495,11011,2,12,2019,3.0,0.0
609505256410707,10111,3,12,2019,2.0,0.0
645950160208005,11111,2,12,2019,2.0,0.0
010006910833941,11011,1,1,2020,3.0,0.0
710502160053924,10011,1,1,2020,1.0,0.0
309044517410851,10011,2,1,2020,1.0,0.0
807008524510245,10011,1,1,2020,1.0,0.0
060036160700803,11011,2,1,2020,2.0,1.0
240076985007671,10011,1,1,2020,1.0,0.0
411009460606216,11011,2,1,2020,,
010207340510576,10011,2,1,2020,1.0,0.0
158486901800005,10011,2,1,2020,1.0,0.0
010012565752029,10011,2,1,2020,1.0,0.0
671414022410019,11111,1,1,2020,2.0,0.0
521365110308006,10011,1,1,2020,1.0,0.0
721808170301214,10011,2,1,2020,1.0,0.0
321011120402002,10011,2,1,2020,1.0,1.0
610004021334382,11011,1,1,2020,3.0,0.0
010310451878975,11011,1,1,2020,2.0,0.0
902104390310964,11011,1,1,2020,2.0,1.0
102280018069518,11111,1,1,2020,2.0,0.0
107133551710898,11011,1,1,2020,3.0,0.0
771127180800403,10011,2,1,2020,1.0,1.0
168250101640105,11111,1,1,2020,2.0,1.0
068058264101441,11011,2,1,2020,2.0,0.0
107170410095916,11011,2,1,2020,2.0,0.0
167001090072121,10011,1,1,2020,1.0,0.0
010003492812271,10011,1,1,2020,1.0,0.0
112328160004401,11011,1,1,2020,1.0,0.0
510000272253143,11011,1,1,2020,3.0,0.0
029015279207171,10011,1,1,2020,1.0,0.0
701203561610522,10011,2,1,2020,1.0,0.0
136752070094518,11011,2,1,2020,2.0,1.0
771060743911002,11011,1,1,2020,2.0,0.0
020810443730323,10111,1,1,2020,1.0,0.0
482274160101908,10011,1,1,2020,,
873950436301002,10011,1,1,2020,1.0,0.0
930290123221002,11111,1,1,2020,3.0,0.0
030111338402466,10011,1,1,2020,1.0,0.0
703309280110705,11111,2,1,2020,2.0,0.0
731971901550307,11011,1,1,2020,3.0,0.0
305850612009471,10011,1,1,2020,1.0,0.0
109933060178934,10011,2,1,2020,1.0,0.0
210009343629356,11011,1,1,2020,3.0,0.0
610006043193477,11011,1,1,2020,2.0,0.0
198047995303551,10011,1,1,2020,1.0,0.0
030810310003711,11011,2,1,2020,2.0,0.0
609975701660304,11011,2,1,2020,2.0,0.0
803302660910955,11011,1,1,2020,2.0,0.0
985360677191003,11011,2,1,2020,3.0,0.0
924930190101200,11011,2,1,2020,2.0,0.0
434790266361004,11011,2,1,2020,3.0,0.0
564500252511004,10011,1,1,2020,,
040510373168357,11011,1,1,2020,3.0,0.0
146924080210104,10011,2,1,2020,1.0,0.0
368085101630400,11011,1,1,2020,2.0,0.0
368085101630400,11011,2,1,2020,2.0,0.0
741280022440672,11011,1,1,2020,1.0,0.0
408550218094857,11011,2,1,2020,1.0,1.0
849520794911004,11011,2,1,2020,2.0,0.0
889580604321604,11011,1,1,2020,3.0,0.0
009401223810565,11011,2,1,2020,3.0,0.0
210079626406721,10011,1,1,2020,1.0,0.0
005141160305309,11111,2,1,2020,3.0,0.0
005911110609202,10011,2,1,2020,1.0,1.0
504360217041000,11011,2,1,2020,1.0,0.0
515880915096066,10011,1,1,2020,1.0,0.0
501030418088169,11011,3,1,2020,2.0,0.0
105995010075812,11011,1,1,2020,2.0,0.0
804505261310523,11011,2,1,2020,3.0,0.0
136083630500501,11011,1,1,2020,3.0,0.0
004335901960501,11111,1,1,2020,3.0,0.0
078054932503031,11011,1,1,2020,1.0,1.0
502200617096495,11011,2,1,2020,2.0,0.0
609505256410707,10111,3,1,2020,1.0,0.0
645496120201401,11011,1,1,2020,3.0,0.0
645950160208005,11111,2,1,2020,1.0,0.0
910000165942444,11111,2,1,2020,3.0,0.0
121060010072719,11011,1,2,2020,3.0,0.0
000110219677052,11011,1,2,2020,3.0,0.0
010006910833941,11011,1,2,2020,2.0,0.0
022240218035475,11011,2,2,2020,2.0,0.0
311164011100016,11011,2,2,2020,1.0,0.0
571765010700441,11011,1,2,2020,1.0,0.0
007091519018640,11011,1,2,2020,2.0,0.0
060081191309907,11011,1,2,2020,3.0,0.0
176066501500009,11011,2,2,2020,3.0,0.0
811291005400471,11011,1,2,2020,3.0,0.0
084960521981101,11011,1,2,2020,,
671414022410019,11111,1,2,2020,1.0,0.0
095042943102921,11011,1,2,2020,,
171727006510297,11011,2,2,2020,3.0,0.0
610004021334382,11011,1,2,2020,2.0,0.0
010310451878975,11011,1,2,2020,1.0,0.0
081083873104451,11011,2,2,2020,3.0,0.0
410008861906203,11011,2,2,2020,3.0,0.0
531778190504701,11011,2,2,2020,2.0,0.0
571869190002605,11011,2,2,2020,3.0,0.0
068058264101441,11011,2,2,2020,1.0,0.0
961996009710091,11011,2,2,2020,3.0,0.0
906101202910377,11011,2,2,2020,3.0,0.0
602203150103709,11011,1,2,2020,3.0,0.0
110000112319630,11011,1,2,2020,3.0,0.0
203020913072167,11011,2,2,2020,1.0,0.0
471791101210209,11011,1,2,2020,3.0,0.0
112328160004401,11011,1,2,2020,,
703206232210175,11111,2,2,2020,3.0,0.0
510000272253143,11011,1,2,2020,2.0,0.0
242627120509701,11011,1,2,2020,3.0,0.0
115542050027373,11011,2,2,2020,2.0,0.0
562026170300109,11011,3,2,2020,2.0,0.0
810008982122956,11011,1,2,2020,1.0,1.0
771060743911002,11011,1,2,2020,1.0,0.0
692336140203006,11011,1,2,2020,2.0,0.0
930290123221002,11111,1,2,2020,2.0,0.0
451701003530192,11111,2,2,2020,1.0,0.0
703309280110705,11111,2,2,2020,1.0,0.0
731971901550307,11011,1,2,2020,2.0,0.0
684170601260308,11111,2,2,2020,3.0,0.0
981348005130655,11011,3,2,2020,3.0,0.0
105322742510830,11011,1,2,2020,3.0,0.0
128133060105447,11011,1,2,2020,3.0,0.0
210105273742316,11011,2,2,2020,1.0,0.0
791462007530002,11011,1,2,2020,3.0,1.0
902306319610095,11011,2,2,2020,1.0,1.0
210009343629356,11011,1,2,2020,2.0,0.0
610006043193477,11011,1,2,2020,1.0,0.0
187926501260304,11011,1,2,2020,1.0,0.0
303150211006721,11011,1,2,2020,2.0,0.0
030810310003711,11011,2,2,2020,1.0,0.0
609975701660304,11011,2,2,2020,1.0,0.0
803302660910955,11011,1,2,2020,1.0,0.0
985360677191003,11011,2,2,2020,2.0,0.0
924930190101200,11011,2,2,2020,1.0,0.0
434790266361004,11011,2,2,2020,2.0,0.0
615864501970401,11011,1,2,2020,1.0,0.0
040510373168357,11011,1,2,2020,2.0,0.0
400120018025586,11011,1,2,2020,,
368085101630400,11011,1,2,2020,1.0,0.0
368085101630400,11011,2,2,2020,1.0,0.0
849520794911004,11011,2,2,2020,1.0,0.0
889580604321604,11011,1,2,2020,2.0,0.0
009401223810565,11011,2,2,2020,2.0,0.0
040911518464193,11011,2,2,2020,3.0,0.0
805020170407006,11011,1,2,2020,3.0,0.0
501030418088169,11011,3,2,2020,1.0,0.0
105995010075812,11011,1,2,2020,1.0,0.0
136083630500501,11011,1,2,2020,2.0,0.0
004335901960501,11111,1,2,2020,2.0,0.0
645496120201401,11011,1,2,2020,2.0,0.0
645950160208005,11111,2,2,2020,,
910000165942444,11111,2,2,2020,2.0,0.0
121060010072719,11011,1,3,2020,2.0,0.0
010006910833941,11011,1,3,2020,1.0,0.0
007091519018640,11011,1,3,2020,1.0,0.0
153310060139801,11011,1,3,2020,1.0,0.0
811291005400471,11011,1,3,2020,2.0,0.0
960143001441103,11011,1,3,2020,3.0,0.0
171727006510297,11011,2,3,2020,2.0,0.0
610004021334382,11011,1,3,2020,1.0,0.0
081083873104451,11011,2,3,2020,2.0,0.0
410008861906203,11011,2,3,2020,2.0,0.0
531778190504701,11011,2,3,2020,1.0,0.0
314920763451001,11011,1,3,2020,3.0,0.0
107133551710898,11011,1,3,2020,1.0,0.0
571869190002605,11011,2,3,2020,2.0,0.0
771730126031001,11011,1,3,2020,1.0,0.0
961996009710091,11011,2,3,2020,2.0,0.0
602203150103709,11011,1,3,2020,2.0,0.0
020210209252961,11011,1,3,2020,2.0,0.0
703206232210175,11111,2,3,2020,2.0,0.0
510000272253143,11011,1,3,2020,1.0,0.0
510007172906963,11111,2,3,2020,3.0,0.0
242627120509701,11011,1,3,2020,2.0,0.0
115542050027373,11011,2,3,2020,1.0,0.0
562026170300109,11011,3,3,2020,1.0,0.0
469612001830206,11011,2,3,2020,3.0,0.0
930290123221002,11111,1,3,2020,1.0,0.0
322032350305491,11011,1,3,2020,1.0,0.0
684170601260308,11111,2,3,2020,2.0,0.0
981348005130655,11011,3,3,2020,2.0,0.0
105322742510830,11011,1,3,2020,2.0,0.0
128133060105447,11011,1,3,2020,2.0,0.0
446807501990300,11011,1,3,2020,2.0,1.0
303150211006721,11011,1,3,2020,1.0,0.0
641495001430172,11011,1,3,2020,2.0,0.0
030910147604386,11011,1,3,2020,2.0,0.0
402280719018005,11111,1,3,2020,3.0,0.0
406120518004033,11011,1,3,2020,3.0,0.0
102114020060668,11011,1,3,2020,2.0,1.0
403390215015230,11011,2,3,2020,1.0,0.0
210006934906245,11111,1,3,2020,2.0,0.0
040510373168357,11011,1,3,2020,1.0,0.0
030097317400641,11111,4,3,2020,3.0,0.0
889580604321604,11011,1,3,2020,1.0,0.0
009401223810565,11011,2,3,2020,1.0,0.0
040911518464193,11011,2,3,2020,2.0,0.0
210002654535019,11011,2,3,2020,3.0,0.0
805020170407006,11011,1,3,2020,2.0,0.0
050010937384968,11011,1,3,2020,2.0,1.0
050110515977228,11011,2,3,2020,3.0,0.0
810009775252151,11011,2,3,2020,3.0,0.0
136083630500501,11011,1,3,2020,1.0,0.0
004335901960501,11111,1,3,2020,1.0,0.0
845172120604402,11011,2,3,2020,1.0,0.0
645496120201401,11011,1,3,2020,1.0,0.0
910000165942444,11111,2,3,2020,1.0,0.0
910001615826506,11111,2,3,2020,3.0,0.0
121060010072719,11011,1,4,2020,1.0,0.0
005150210031121,11111,2,4,2020,2.0,0.0
361525022200965,11011,2,4,2020,3.0,0.0
571266009700718,11011,2,4,2020,3.0,0.0
699740637401200,11011,1,4,2020,3.0,0.0
000611920063016,11011,1,4,2020,3.0,1.0
060081191309907,11011,1,4,2020,1.0,0.0
660102140200914,11011,1,4,2020,3.0,0.0
811291005400471,11011,1,4,2020,1.0,0.0
510009260384189,11011,2,4,2020,3.0,0.0
960143001441103,11011,1,4,2020,2.0,0.0
710000961625182,11011,2,4,2020,2.0,0.0
171727006510297,11011,2,4,2020,1.0,0.0
081083873104451,11011,2,4,2020,1.0,0.0
410008861906203,11011,2,4,2020,1.0,0.0
710007021907223,11011,2,4,2020,3.0,0.0
797001301613109,11011,2,4,2020,1.0,0.0
571869190002605,11011,2,4,2020,1.0,0.0
793030996101301,11011,1,4,2020,2.0,0.0
871520952591001,11011,1,4,2020,3.0,0.0
871520952591001,11011,2,4,2020,3.0,0.0
100600417061934,11011,1,4,2020,3.0,0.0
961996009710091,11011,2,4,2020,1.0,0.0
602203150103709,11011,1,4,2020,1.0,0.0
881850501930200,11011,1,4,2020,1.0,1.0
110007642832872,11011,1,4,2020,3.0,0.0
992413201400202,11011,1,4,2020,1.0,1.0
125292020099515,11111,1,4,2020,2.0,0.0
510007172906963,11111,2,4,2020,2.0,0.0
242627120509701,11011,1,4,2020,1.0,0.0
228890518015463,11011,2,4,2020,3.0,0.0
698250482691102,11011,2,4,2020,3.0,0.0
714760422531002,11011,2,4,2020,3.0,0.0
469612001830206,11011,2,4,2020,2.0,0.0
981348005130655,11011,3,4,2020,1.0,0.0
193263050084459,11111,1,4,2020,1.0,0.0
128133060105447,11011,1,4,2020,1.0,0.0
111867006130196,11011,1,4,2020,3.0,0.0
030710591336278,11011,2,4,2020,3.0,0.0
066068722303951,11011,1,4,2020,2.0,0.0
641495001430172,11011,1,4,2020,1.0,0.0
030910147604386,11011,1,4,2020,1.0,0.0
406120518004033,11011,1,4,2020,2.0,0.0
210006934906245,11111,1,4,2020,1.0,0.0
030097317400641,11111,4,4,2020,2.0,0.0
816120469251204,11011,1,4,2020,2.0,0.0
891450768471004,11011,1,4,2020,1.0,1.0
040911518464193,11011,2,4,2020,1.0,0.0
061197037440964,11011,2,4,2020,3.0,0.0
210002654535019,11011,2,4,2020,2.0,0.0
805020170407006,11011,1,4,2020,1.0,0.0
650460455041105,11011,2,4,2020,2.0,0.0
910001615826506,11111,2,4,2020,2.0,0.0
871117007900964,11011,1,5,2020,2.0,0.0
005150210031121,11111,2,5,2020,1.0,0.0
361525022200965,11011,2,5,2020,2.0,0.0
361251009200383,11111,1,5,2020,3.0,0.0
571266009700718,11011,2,5,2020,2.0,0.0
699740637401200,11011,1,5,2020,2.0,0.0
000611920063016,11011,1,5,2020,2.0,1.0
660102140200914,11011,1,5,2020,2.0,0.0
510009260384189,11011,2,5,2020,2.0,0.0
960143001441103,11011,1,5,2020,1.0,0.0
710000961625182,11011,2,5,2020,1.0,0.0
010710180217058,11011,1,5,2020,2.0,0.0
793030996101301,11011,1,5,2020,1.0,0.0
871520952591001,11011,1,5,2020,2.0,0.0
871520952591001,11011,2,5,2020,2.0,0.0
110007642832872,11011,1,5,2020,2.0,0.0
125292020099515,11111,1,5,2020,1.0,0.0
510007172906963,11111,2,5,2020,1.0,0.0
228890518015463,11011,2,5,2020,2.0,0.0
698250482691102,11011,2,5,2020,2.0,0.0
469612001830206,11011,2,5,2020,1.0,0.0
064660581951103,11011,2,5,2020,3.0,0.0
400800237531103,11011,2,5,2020,3.0,0.0
931648014230780,11011,1,5,2020,1.0,1.0
030614049947971,11011,2,5,2020,3.0,0.0
111867006130196,11011,1,5,2020,2.0,0.0
801761006230422,11011,2,5,2020,1.0,0.0
030710591336278,11011,2,5,2020,2.0,0.0
066068722303951,11011,1,5,2020,1.0,0.0
406120518004033,11011,1,5,2020,1.0,0.0
266180165021004,11011,1,5,2020,2.0,0.0
030097317400641,11111,4,5,2020,1.0,0.0
084231171607693,11011,2,5,2020,2.0,0.0
061197037440964,11011,2,5,2020,2.0,0.0
210002654535019,11011,2,5,2020,1.0,0.0
141705007850119,11111,1,5,2020,3.0,0.0
604503113110582,11011,5,5,2020,3.0,0.0
472080126721005,11011,2,5,2020,1.0,0.0
910001615826506,11111,2,5,2020,1.0,0.0
152730020219257,11011,2,6,2020,1.0,1.0
361525022200965,11011,2,6,2020,1.0,0.0
000416022748315,11011,2,6,2020,1.0,1.0
121841013400186,11011,1,6,2020,1.0,0.0
591356000800425,11111,6,6,2020,2.0,1.0
021266025800129,11011,2,6,2020,3.0,0.0
138056220002541,11011,1,6,2020,1.0,0.0
571266009700718,11011,2,6,2020,1.0,0.0
000611920063016,11011,1,6,2020,1.0,1.0
006365301801006,11011,1,6,2020,2.0,1.0
660102140200914,11011,1,6,2020,1.0,0.0
510109590577249,11011,1,6,2020,,
510009260384189,11011,2,6,2020,1.0,0.0
010514494691390,11011,1,6,2020,3.0,0.0
010611705457734,11011,1,6,2020,1.0,0.0
010710180217058,11011,1,6,2020,1.0,0.0
410000031571677,11011,1,6,2020,3.0,1.0
010710466817742,11011,2,6,2020,2.0,1.0
871520952591001,11011,1,6,2020,1.0,0.0
871520952591001,11011,2,6,2020,1.0,0.0
100600417061934,11011,1,6,2020,1.0,0.0
020011591316970,11011,1,6,2020,1.0,1.0
231207017420431,11011,2,6,2020,3.0,1.0
340586701961205,11011,1,6,2020,2.0,0.0
105762010123578,11011,1,6,2020,3.0,0.0
406205292110132,11011,1,6,2020,1.0,1.0
110007642832872,11011,1,6,2020,1.0,0.0
166282020061847,11111,2,6,2020,3.0,0.0
208320915075283,11011,2,6,2020,1.0,0.0
502203824210245,11111,2,6,2020,,
214040214005232,11111,1,6,2020,1.0,0.0
151048019920306,11011,2,6,2020,3.0,0.0
228890518015463,11011,2,6,2020,1.0,0.0
698250482691102,11011,2,6,2020,1.0,0.0
020613537180844,11011,2,6,2020,2.0,0.0
200110817008626,11011,1,6,2020,2.0,0.0
020710323747818,11011,2,6,2020,3.0,0.0
064660581951103,11011,2,6,2020,2.0,0.0
510104453071730,11111,2,6,2020,1.0,0.0
384990911030269,11011,1,6,2020,2.0,0.0
111803030005362,11111,1,6,2020,2.0,0.0
162423030033568,11011,1,6,2020,1.0,0.0
030410812902482,11011,1,6,2020,1.0,0.0
610300613613745,11011,5,6,2020,3.0,0.0
111867006130196,11011,1,6,2020,1.0,0.0
210205633949916,11011,2,6,2020,3.0,0.0
030710591336278,11011,2,6,2020,1.0,0.0
030810685990871,11011,2,6,2020,,
728868501860304,11111,2,6,2020,2.0,1.0
410009104628560,11111,1,6,2020,3.0,0.0
952797901750400,11011,1,6,2020,1.0,1.0
303400534210734,11011,1,6,2020,3.0,1.0
040510927185416,11011,1,6,2020,3.0,1.0
403413033610637,11011,1,6,2020,3.0,0.0
771020037961004,11011,2,6,2020,1.0,0.0
084231171607693,11011,2,6,2020,1.0,0.0
310005264113708,11011,2,6,2020,1.0,0.0
999078717417591,11011,3,6,2020,1.0,0.0
139414080104005,11011,2,6,2020,1.0,0.0
681289009640783,11011,2,6,2020,1.0,0.0
061197037440964,11011,2,6,2020,1.0,0.0
141705007850119,11111,1,6,2020,2.0,0.0
410003715259521,11011,2,6,2020,2.0,0.0
604503113110582,11011,5,6,2020,2.0,0.0
650460455041105,11011,2,6,2020,1.0,0.0
165779190509221,11011,2,6,2020,1.0,0.0
061828009100515,11111,1,7,2020,2.0,1.0
370062628005341,11111,1,7,2020,3.0,0.0
591356000800425,11111,6,7,2020,1.0,1.0
021266025800129,11011,2,7,2020,2.0,0.0
081642216064691,11011,1,7,2020,3.0,0.0
610250365301300,11011,1,7,2020,1.0,0.0
203001116610295,11011,1,7,2020,2.0,1.0
222073147610798,11011,2,7,2020,,
679470364031200,11011,2,7,2020,1.0,0.0
120110060087768,11011,1,7,2020,2.0,0.0
191068744007061,11011,1,7,2020,2.0,0.0
390696401010103,11111,2,7,2020,3.0,0.0
010514494691390,11011,1,7,2020,2.0,0.0
086046286101421,11111,1,7,2020,3.0,1.0
048076102106891,11011,2,7,2020,3.0,0.0
178780416070702,11011,1,7,2020,3.0,0.0
020067782108821,11011,1,7,2020,1.0,1.0
901270000410823,11011,2,7,2020,2.0,0.0
010710466817742,11011,2,7,2020,1.0,1.0
110009311537629,11011,1,7,2020,3.0,1.0
202454150305308,11012,1,7,2020,1.0,0.0
105762010123578,11011,1,7,2020,2.0,0.0
178051236207051,11011,1,7,2020,2.0,1.0
166282020061847,11111,2,7,2020,2.0,0.0
321224005320938,11111,1,7,2020,1.0,0.0
403200656210408,11111,1,7,2020,3.0,0.0
020311114524705,11011,1,7,2020,3.0,1.0
151048019920306,11011,2,7,2020,2.0,0.0
079066573204131,11011,2,7,2020,1.0,0.0
015027626204541,11011,2,7,2020,3.0,0.0
020710323747818,11011,2,7,2020,2.0,0.0
930960521981102,11011,2,7,2020,3.0,1.0
384990911030269,11011,1,7,2020,1.0,0.0
571425017130277,11111,2,7,2020,,
474671401350307,11111,1,7,2020,,
105362742510730,11011,2,7,2020,3.0,0.0
277055993301021,11011,2,7,2020,3.0,0.0
610300613613745,11011,5,7,2020,2.0,0.0
156303060268044,11011,6,7,2020,1.0,0.0
561487007230677,11011,1,7,2020,1.0,0.0
306550019082942,11011,1,7,2020,2.0,0.0
410009104628560,11111,1,7,2020,2.0,0.0
221421011940489,11011,1,7,2020,2.0,0.0
991123000040685,11011,1,7,2020,2.0,1.0
210001254632332,11011,1,7,2020,3.0,0.0
040411179663236,11011,1,7,2020,3.0,0.0
419160713026463,11011,2,7,2020,3.0,0.0
205404822610137,11111,2,7,2020,3.0,0.0
403413033610637,11011,1,7,2020,2.0,0.0
757243901620403,11111,2,7,2020,1.0,0.0
084231171607693,11011,2,7,2020,,
126414080128912,11011,1,7,2020,1.0,0.0
091483012040478,11011,1,7,2020,1.0,0.0
922650059271004,11011,2,7,2020,3.0,1.0
528010815069004,11111,1,7,2020,3.0,0.0
880336701842509,11011,1,7,2020,2.0,0.0
410003715259521,11011,2,7,2020,1.0,0.0
601501131110890,11011,1,7,2020,2.0,0.0
604503113110582,11011,5,7,2020,1.0,0.0
133134001571506,11011,1,7,2020,3.0,1.0
106410020036440,12111,2,8,2020,3.0,0.0
540415130708941,12011,1,8,2020,3.0,0.0
025765601530004,11011,2,8,2020,2.0,1.0
081642216064691,11011,1,8,2020,2.0,0.0
600880198921300,11011,2,8,2020,1.0,0.0
110306130466406,11011,4,8,2020,1.0,1.0
310201691744813,11011,1,8,2020,2.0,1.0
009063755109831,11011,2,8,2020,1.0,0.0
571355040710440,11011,2,8,2020,2.0,0.0
305116506610474,11011,2,8,2020,2.0,0.0
799870786841001,11011,2,8,2020,1.0,0.0
901270000410823,11011,2,8,2020,1.0,0.0
038048755102261,12011,1,8,2020,3.0,0.0
116201090040112,12011,2,8,2020,3.0,1.0
710004111337259,12011,1,8,2020,3.0,0.0
105762010123578,11011,1,8,2020,1.0,0.0
503203247210139,11011,1,8,2020,2.0,0.0
403200656210408,11111,1,8,2020,2.0,0.0
522502180208506,12011,2,8,2020,3.0,0.0
020311114524705,11011,1,8,2020,2.0,1.0
510204502704463,11011,1,8,2020,2.0,0.0
151048019920306,11011,2,8,2020,1.0,0.0
742215110504413,11011,2,8,2020,2.0,1.0
900201586510493,12011,2,8,2020,3.0,1.0
015027626204541,11011,2,8,2020,2.0,0.0
020710323747818,11011,2,8,2020,1.0,0.0
180623000041229,12111,1,8,2020,3.0,1.0
353386601420302,11011,2,8,2020,1.0,1.0
277055993301021,11011,2,8,2020,2.0,0.0
610300613613745,11011,5,8,2020,1.0,0.0
210205633949916,11011,2,8,2020,1.0,0.0
096097632300491,11011,1,8,2020,2.0,1.0
145643080066468,12011,1,8,2020,3.0,0.0
198353080121290,11011,2,8,2020,2.0,1.0
106308872910166,11011,1,8,2020,1.0,0.0
306550019082942,11011,1,8,2020,1.0,0.0
410009104628560,11111,1,8,2020,1.0,0.0
710006564442771,12011,2,8,2020,3.0,1.0
221421011940489,11011,1,8,2020,1.0,0.0
121654040239042,12011,3,8,2020,,
455810245681004,12011,1,8,2020,3.0,1.0
610004114243945,12011,1,8,2020,3.0,0.0
403950211006523,11011,1,8,2020,2.0,0.0
825414101820409,11111,1,8,2020,2.0,0.0
310107194033636,11011,2,8,2020,2.0,0.0
403413033610637,11011,1,8,2020,1.0,0.0
040610967381436,11011,1,8,2020,2.0,0.0
964106130905006,11011,2,8,2020,,
757243901620403,11111,2,8,2020,,
808435093910854,11011,1,8,2020,1.0,1.0
922650059271004,11011,2,8,2020,2.0,1.0
125345000287053,11011,1,8,2020,,
528010815069004,11111,1,8,2020,2.0,0.0
880336701842509,11011,1,8,2020,1.0,0.0
601501131110890,11011,1,8,2020,1.0,0.0
524930512033393,11011,2,8,2020,1.0,1.0
310004175940344,12011,2,8,2020,3.0,0.0
199035060178629,11011,2,8,2020,1.0,0.0
300518142610545,11011,1,8,2020,2.0,1.0
134370010002744,12111,2,9,2020,3.0,0.0
025765601530004,11011,2,9,2020,1.0,1.0
000610977656237,12011,1,9,2020,3.0,1.0
921768027000532,12011,1,9,2020,3.0,0.0
000811392408282,12011,1,9,2020,3.0,0.0
973750157721100,11011,2,9,2020,1.0,0.0
106231020215302,12011,1,9,2020,3.0,0.0
209105677210848,11011,2,9,2020,1.0,0.0
247640609811001,12011,4,9,2020,3.0,0.0
272481601772105,12011,2,9,2020,2.0,0.0
421625150607621,11011,1,9,2020,1.0,0.0
310201691744813,11011,1,9,2020,1.0,1.0
010310294631601,11011,1,9,2020,1.0,0.0
334300988891001,11011,2,9,2020,1.0,0.0
010611183485200,12011,1,9,2020,3.0,0.0
305116506610474,11011,2,9,2020,1.0,0.0
310005791251747,12011,2,9,2020,3.0,0.0
038048755102261,12011,1,9,2020,2.0,0.0
610004111633949,12011,1,9,2020,3.0,0.0
710004111337259,12011,1,9,2020,2.0,0.0
650970601431202,12011,1,9,2020,3.0,0.0
001212613110632,12011,1,9,2020,2.0,0.0
603207803110834,12111,1,9,2020,3.0,0.0
022595110502905,12011,1,9,2020,2.0,0.0
403200656210408,11111,1,9,2020,1.0,0.0
056072855204111,12011,2,9,2020,2.0,0.0
522502180208506,12011,2,9,2020,2.0,0.0
410108042249613,12011,1,9,2020,3.0,0.0
510204502704463,11011,1,9,2020,1.0,0.0
110008532188945,12111,1,9,2020,3.0,0.0
015027626204541,11011,2,9,2020,1.0,0.0
020810196757781,12011,2,9,2020,3.0,0.0
582592170100108,12111,1,9,2020,3.0,0.0
728397201820200,11011,1,9,2020,1.0,0.0
329000701511201,11011,3,9,2020,1.0,0.0
277055993301021,11011,2,9,2020,1.0,0.0
010004663189687,11011,1,9,2020,1.0,0.0
145643080066468,12011,1,9,2020,2.0,0.0
030910309533751,12011,2,9,2020,2.0,0.0
221421011940489,11011,1,9,2020,,
040411179663236,11011,1,9,2020,1.0,0.0
419160713026463,11011,2,9,2020,1.0,0.0
610004114243945,12011,1,9,2020,2.0,0.0
403950211006523,11011,1,9,2020,1.0,0.0
040610163943564,12111,2,9,2020,3.0,0.0
310107194033636,11011,2,9,2020,1.0,0.0
040610967381436,11011,1,9,2020,1.0,0.0
013440812810953,12011,2,9,2020,1.0,0.0
132304080035948,12011,2,9,2020,3.0,0.0
907409032810682,12011,2,9,2020,3.0,1.0
111014080067143,12011,2,9,2020,2.0,0.0
701889004240996,12011,1,9,2020,3.0,0.0
528010815069004,11111,1,9,2020,1.0,0.0
122000208841005,11011,1,9,2020,1.0,0.0
158305040063046,12011,1,9,2020,2.0,0.0
310004175940344,12011,2,9,2020,2.0,0.0
513090812003459,12011,1,9,2020,2.0,0.0
508490712003659,12011,1,9,2020,2.0,0.0
031817006100046,12011,1,10,2020,2.0,0.0
134370010002744,12111,2,10,2020,2.0,0.0
106410020036440,12111,2,10,2020,1.0,0.0
260645150009235,12011,1,10,2020,3.0,0.0
341264027600073,12011,1,10,2020,3.0,1.0
921768027000532,12011,1,10,2020,2.0,0.0
860473120903502,12011,2,10,2020,3.0,0.0
000811392408282,12011,1,10,2020,2.0,0.0
709863101440009,12011,1,10,2020,1.0,1.0
010211951264586,12011,1,10,2020,3.0,0.0
010214642609840,12011,1,10,2020,2.0,0.0
106231020215302,12011,1,10,2020,2.0,0.0
247640609811001,12011,4,10,2020,2.0,0.0
272481601772105,12011,2,10,2020,1.0,0.0
147141060160652,12011,1,10,2020,3.0,0.0
305116506610474,12011,1,10,2020,2.0,0.0
010611183485200,12011,1,10,2020,2.0,0.0
310005791251747,12011,2,10,2020,2.0,0.0
417453701740107,12011,1,10,2020,2.0,0.0
498653801580101,12011,1,10,2020,3.0,0.0
038048755102261,12011,1,10,2020,1.0,0.0
610004111633949,12011,1,10,2020,2.0,0.0
710004111337259,12011,1,10,2020,1.0,0.0
650970601431202,12011,1,10,2020,2.0,0.0
093230056121002,12111,1,10,2020,3.0,0.0
001212613110632,12011,1,10,2020,1.0,0.0
022595110502905,12011,1,10,2020,1.0,0.0
622259170502508,12111,2,10,2020,2.0,0.0
056072855204111,12011,2,10,2020,1.0,0.0
522502180208506,12011,2,10,2020,1.0,0.0
101210302410370,12011,1,10,2020,,
110008532188945,12111,1,10,2020,2.0,0.0
403214539510681,12011,2,10,2020,2.0,0.0
410008042769615,12011,2,10,2020,3.0,0.0
752429130700705,12011,4,10,2020,3.0,0.0
020510135147206,12011,2,10,2020,3.0,1.0
020810196757781,12011,2,10,2020,2.0,0.0
209400715061827,12011,1,10,2020,1.0,0.0
873610443111002,12111,1,10,2020,1.0,0.0
692963120905105,12011,1,10,2020,1.0,0.0
713391150708105,12011,2,10,2020,2.0,0.0
152903020647546,12011,1,10,2020,3.0,0.0
253950170504348,12011,1,10,2020,3.0,0.0
253950170504348,12011,2,10,2020,3.0,0.0
553512150407200,12011,2,10,2020,3.0,0.0
284056915308291,12011,2,10,2020,1.0,0.0
065046520304811,12011,1,10,2020,3.0,0.0
314130714067605,12011,1,10,2020,2.0,0.0
314130714067605,12011,2,10,2020,2.0,0.0
654580016421003,12011,1,10,2020,3.0,0.0
145643080066468,12011,1,10,2020,1.0,0.0
030910215400409,12011,2,10,2020,3.0,0.0
030910309533751,12011,2,10,2020,1.0,0.0
610004114243945,12011,1,10,2020,1.0,0.0
040610163943564,12111,2,10,2020,2.0,0.0
403950816057746,12011,1,10,2020,3.0,0.0
907401621710332,12011,1,10,2020,1.0,1.0
165524070040518,12011,2,10,2020,2.0,0.0
412780914005851,12011,1,10,2020,3.0,0.0
412780914005851,12011,2,10,2020,3.0,0.0
611303204361738,12011,3,10,2020,,
093058544404471,12011,1,10,2020,2.0,1.0
132304080035948,12011,2,10,2020,2.0,0.0
198510101601403,12011,1,10,2020,3.0,0.0
226058042406651,12011,1,10,2020,1.0,0.0
809411020810411,12011,1,10,2020,1.0,0.0
854340479541004,12011,2,10,2020,,
111014080067143,12011,2,10,2020,1.0,0.0
307427163910069,12011,1,10,2020,1.0,0.0
049600390241105,12011,2,10,2020,3.0,0.0
158305040063046,12011,1,10,2020,1.0,0.0
310004175940344,12011,2,10,2020,1.0,0.0
513090812003459,12011,1,10,2020,1.0,0.0
031817006100046,12011,1,11,2020,1.0,0.0
011794601570006,12011,2,11,2020,3.0,0.0
134370010002744,12111,2,11,2020,1.0,0.0
551010008600376,12111,1,11,2020,3.0,0.0
004532211092687,12011,1,11,2020,,
260645150009235,12011,1,11,2020,2.0,0.0
341264027600073,12011,1,11,2020,2.0,1.0
921768027000532,12011,1,11,2020,1.0,0.0
860473120903502,12011,2,11,2020,2.0,0.0
966892901090003,12011,1,11,2020,3.0,0.0
000811392408282,12011,1,11,2020,1.0,0.0
010211951264586,12011,1,11,2020,2.0,0.0
010214642609840,12011,1,11,2020,1.0,0.0
106231020215302,12011,1,11,2020,1.0,0.0
150151020041123,12011,2,11,2020,3.0,0.0
247640609811001,12011,4,11,2020,1.0,0.0
031673150607404,12011,2,11,2020,3.0,0.0
147141060160652,12011,1,11,2020,2.0,0.0
010611183485200,12011,1,11,2020,1.0,0.0
010710069612979,12011,2,11,2020,1.0,0.0
310005791251747,12011,2,11,2020,1.0,0.0
498653801580101,12011,1,11,2020,2.0,0.0
047088941101061,12011,2,11,2020,3.0,0.0
081792140105909,12011,1,11,2020,2.0,0.0
610004111633949,12011,1,11,2020,1.0,0.0
289452101710104,12011,2,11,2020,1.0,0.0
650970601431202,12011,1,11,2020,1.0,0.0
093230056121002,12111,1,11,2020,2.0,0.0
971982701720209,12011,3,11,2020,2.0,0.0
056072855204111,12011,2,11,2020,,
202219349410105,12011,2,11,2020,3.0,0.0
020511027012724,12011,1,11,2020,2.0,0.0
110008532188945,12111,1,11,2020,1.0,0.0
403214539510681,12011,2,11,2020,1.0,0.0
410008042769615,12011,2,11,2020,2.0,0.0
752429130700705,12011,4,11,2020,2.0,0.0
020510135147206,12011,2,11,2020,2.0,1.0
162396180900125,12011,1,11,2020,3.0,0.0
020810196757781,12011,2,11,2020,1.0,0.0
713391150708105,12011,2,11,2020,1.0,0.0
152903020647546,12011,1,11,2020,2.0,0.0
051063194306821,12111,1,11,2020,2.0,0.0
553512150407200,12011,2,11,2020,2.0,0.0
627150608761203,12011,2,11,2020,3.0,1.0
910205853695966,12011,2,11,2020,1.0,0.0
065046520304811,12011,1,11,2020,2.0,0.0
162283060111045,12011,1,11,2020,2.0,0.0
162283060111045,12011,2,11,2020,2.0,0.0
030910215400409,12011,2,11,2020,2.0,0.0
175644050081862,12011,1,11,2020,,
040610163943564,12111,2,11,2020,1.0,0.0
403950816057746,12011,1,11,2020,2.0,0.0
165524070040518,12011,2,11,2020,1.0,0.0
412780914005851,12011,1,11,2020,2.0,0.0
412780914005851,12011,2,11,2020,2.0,0.0
584727100906216,12011,1,11,2020,,
691281008440137,12011,1,11,2020,3.0,0.0
132304080035948,12011,2,11,2020,1.0,0.0
198510101601403,12011,1,11,2020,2.0,0.0
049600390241105,12011,2,11,2020,2.0,0.0
050410966723435,12111,1,11,2020,3.0,0.0
158305040063046,12011,1,11,2020,,
415830511651105,12011,1,11,2020,2.0,0.0
505660613019449,12011,1,11,2020,2.0,0.0
025034584505491,12111,2,11,2020,2.0,0.0
321712009200159,12011,1,12,2020,3.0,0.0
551010008600376,12111,1,12,2020,2.0,0.0
920536130903916,12011,2,12,2020,2.0,0.0
054005544005651,12011,2,12,2020,3.0,0.0
701363018900136,12011,1,12,2020,3.0,0.0
941565018900954,12011,4,12,2020,2.0,0.0
167450060228710,12011,1,12,2020,2.0,1.0
871365020100894,12011,2,12,2020,3.0,0.0
966892901090003,12011,1,12,2020,2.0,0.0
000911145302301,12011,1,12,2020,3.0,0.0
195570090179327,12011,1,12,2020,3.0,0.0
921998017000532,12011,1,12,2020,1.0,0.0
219090985103621,12011,2,12,2020,3.0,0.0
150151020041123,12011,2,12,2020,2.0,0.0
310103261693052,12011,3,12,2020,3.0,1.0
606100372310173,12011,2,12,2020,3.0,0.0
306109630310950,12011,3,12,2020,1.0,1.0
031673150607404,12011,2,12,2020,2.0,0.0
845235501770109,12111,2,12,2020,3.0,0.0
147141060160652,12011,1,12,2020,1.0,0.0
305116506610474,12011,1,12,2020,1.0,0.0
110003021033458,12011,2,12,2020,2.0,1.0
498653801580101,12011,1,12,2020,1.0,0.0
047088941101061,12011,2,12,2020,2.0,0.0
093230056121002,12111,1,12,2020,1.0,0.0
971982701720209,12011,3,12,2020,1.0,0.0
020511027012724,12011,1,12,2020,1.0,0.0
410000122097275,12011,1,12,2020,2.0,1.0
410008042769615,12011,2,12,2020,1.0,0.0
752429130700705,12011,4,12,2020,1.0,0.0
020510135147206,12011,2,12,2020,1.0,1.0
020910202829889,12011,1,12,2020,3.0,1.0
369945101490201,12011,1,12,2020,2.0,0.0
152903020647546,12011,1,12,2020,1.0,0.0
159663020680697,12011,1,12,2020,3.0,0.0
051063194306821,12111,1,12,2020,1.0,0.0
030410663719373,12011,2,12,2020,1.0,0.0
553512150407200,12011,2,12,2020,1.0,0.0
065046520304811,12011,1,12,2020,1.0,0.0
162283060111045,12011,1,12,2020,1.0,0.0
162283060111045,12011,2,12,2020,1.0,0.0
314130714067605,12011,1,12,2020,,
314130714067605,12011,2,12,2020,,
304304322710622,12011,2,12,2020,2.0,0.0
030910215400409,12011,2,12,2020,1.0,0.0
079059970302951,12011,2,12,2020,3.0,0.0
040010994473385,12011,1,12,2020,3.0,0.0
418290518015266,12011,1,12,2020,3.0,0.0
182004040244181,12011,2,12,2020,3.0,0.0
101454050177521,12011,1,12,2020,3.0,0.0
403950816057746,12011,1,12,2020,1.0,0.0
760150501701104,12011,1,12,2020,2.0,0.0
786120469251004,12011,1,12,2020,2.0,0.0
142067481401291,12011,1,12,2020,1.0,0.0
142067481401291,12011,2,12,2020,1.0,0.0
120047533400881,12011,1,12,2020,2.0,0.0
165524070040518,12011,2,12,2020,,
412780914005851,12011,1,12,2020,1.0,0.0
412780914005851,12011,2,12,2020,1.0,0.0
691281008440137,12011,1,12,2020,2.0,0.0
198510101601403,12011,1,12,2020,1.0,0.0
866510879501004,12011,1,12,2020,3.0,0.0
049600390241105,12011,2,12,2020,1.0,0.0
169050769509581,12011,1,12,2020,2.0,0.0
116525030048438,12011,2,12,2020,2.0,1.0
050410966723435,12111,1,12,2020,2.0,0.0
415830511651105,12011,1,12,2020,1.0,0.0
025034584505491,12111,2,12,2020,1.0,0.0
321712009200159,12011,1,1,2021,2.0,0.0
551010008600376,12111,1,1,2021,1.0,0.0
920536130903916,12011,2,1,2021,1.0,0.0
309044519410051,12011,1,1,2021,,
014025133006501,12011,2,1,2021,2.0,0.0
054005544005651,12011,2,1,2021,2.0,0.0
004360019092693,12011,1,1,2021,3.0,0.0
000611985954519,12011,2,1,2021,2.0,0.0
609011171610811,12011,1,1,2021,2.0,1.0
871365020100894,12011,2,1,2021,2.0,0.0
966892901090003,12011,1,1,2021,1.0,0.0
000911145302301,12011,1,1,2021,2.0,0.0
195570090179327,12011,1,1,2021,2.0,0.0
219090985103621,12011,2,1,2021,2.0,0.0
992829801561106,12011,1,1,2021,3.0,0.0
606100372310173,12011,2,1,2021,2.0,0.0
031673150607404,12011,2,1,2021,1.0,0.0
845235501770109,12111,2,1,2021,2.0,0.0
171066505106891,12011,1,1,2021,3.0,0.0
503155338710944,12011,2,1,2021,3.0,0.0
109260512028748,12011,1,1,2021,3.0,0.0
110003021033458,12011,2,1,2021,1.0,1.0
910007151613088,12011,1,1,2021,3.0,0.0
047088941101061,12011,2,1,2021,1.0,0.0
081792140105909,12011,1,1,2021,1.0,0.0
231253008320153,12111,3,1,2021,2.0,0.0
352588190703114,12011,2,1,2021,3.0,0.0
991160019020325,12011,2,1,2021,3.0,0.0
205250717017725,12011,2,1,2021,1.0,0.0
251898007220790,12011,1,1,2021,3.0,0.0
369945101490201,12011,1,1,2021,1.0,0.0
159663020680697,12011,1,1,2021,2.0,0.0
604303113310382,12011,3,1,2021,2.0,0.0
843467150800403,12011,2,1,2021,3.0,0.0
103348354510419,12011,2,1,2021,2.0,1.0
196623050022526,12111,1,1,2021,2.0,1.0
304304322710622,12011,2,1,2021,1.0,0.0
905305048910626,12011,1,1,2021,3.0,0.0
079059970302951,12011,2,1,2021,2.0,0.0
040010994473385,12011,1,1,2021,2.0,0.0
073900092931004,12011,3,1,2021,2.0,0.0
418290518015266,12011,1,1,2021,2.0,0.0
182004040244181,12011,2,1,2021,2.0,0.0
192794050080750,12012,1,1,2021,1.0,0.0
101454050177521,12011,1,1,2021,2.0,0.0
591278017640082,12012,2,1,2021,,
786120469251004,12011,1,1,2021,1.0,0.0
142067481401291,12011,1,1,2021,,
120047533400881,12011,1,1,2021,1.0,0.0
691281008440137,12011,1,1,2021,1.0,0.0
846110369451314,12011,4,1,2021,2.0,1.0
866510879501004,12011,1,1,2021,2.0,0.0
274033958503401,12011,1,1,2021,3.0,0.0
883130901950504,12111,2,1,2021,1.0,0.0
791132007550004,12011,2,1,2021,3.0,0.0
157315040065255,12111,1,1,2021,3.0,1.0
692740366101105,12011,1,1,2021,3.0,0.0
321712009200159,12011,1,2,2021,1.0,0.0
404660541591400,12011,1,2,2021,3.0,0.0
014025133006501,12011,2,2,2021,1.0,0.0
054005544005651,12011,2,2,2021,1.0,0.0
200610257499118,12011,1,2,2021,1.0,0.0
908000655610479,12011,2,2,2021,3.0,0.0
000611985954519,12011,2,2,2021,1.0,0.0
609011171610811,12011,1,2,2021,1.0,1.0
871365020100894,12011,2,2,2021,1.0,0.0
000911145302301,12011,1,2,2021,1.0,0.0
195570090179327,12011,1,2,2021,1.0,0.0
219090985103621,12011,2,2,2021,1.0,0.0
310103261693052,12011,3,2,2021,1.0,1.0
992829801561106,12011,1,2,2021,2.0,0.0
606100372310173,12011,2,2,2021,1.0,0.0
116420919051587,12111,1,2,2021,2.0,0.0
157711050152547,12111,1,2,2021,3.0,0.0
845235501770109,12111,2,2,2021,1.0,0.0
171066505106891,12011,1,2,2021,2.0,0.0
503155338710944,12011,2,2,2021,2.0,0.0
109260512028748,12011,1,2,2021,2.0,0.0
910007151613088,12011,1,2,2021,2.0,0.0
041012875206051,12111,2,2,2021,3.0,0.0
020210365596060,12111,2,2,2021,3.0,0.0
025032984202491,12011,2,2,2021,1.0,0.0
931924005420822,12011,2,2,2021,1.0,0.0
207870218051495,12011,4,2,2021,2.0,0.0
352588190703114,12011,2,2,2021,2.0,0.0
991160019020325,12011,2,2,2021,2.0,0.0
016230551051003,12011,2,2,2021,3.0,0.0
261418017930553,12011,2,2,2021,1.0,0.0
110008533579841,12011,2,2,2021,3.0,0.0
159663020680697,12011,1,2,2021,1.0,0.0
604303113310382,12011,3,2,2021,1.0,0.0
843467150800403,12011,2,2,2021,2.0,0.0
196623050022526,12111,1,2,2021,1.0,1.0
456382601421302,12011,1,2,2021,1.0,0.0
791690243231003,12011,1,2,2021,2.0,1.0
304304322710622,12011,2,2,2021,,
110207223033058,12011,1,2,2021,3.0,1.0
905305048910626,12011,1,2,2021,2.0,0.0
079059970302951,12011,2,2,2021,1.0,0.0
040010994473385,12011,1,2,2021,1.0,0.0
040110343145833,12111,1,2,2021,2.0,1.0
632936901351404,12011,2,2,2021,3.0,0.0
418290518015266,12011,1,2,2021,1.0,0.0
182004040244181,12011,2,2,2021,1.0,0.0
101454050177521,12011,1,2,2021,1.0,0.0
756677701760402,12011,1,2,2021,3.0,0.0
786120469251004,12011,1,2,2021,,
120047533400881,12011,1,2,2021,,
866510879501004,12011,1,2,2021,1.0,0.0
640136301040503,12111,1,2,2021,1.0,0.0
274033958503401,12011,1,2,2021,2.0,0.0
791132007550004,12011,2,2,2021,2.0,0.0
624896601190505,12111,1,2,2021,3.0,0.0
271363001550145,12111,1,2,2021,3.0,1.0
404660541591400,12011,1,3,2021,2.0,0.0
004360019092693,12011,1,3,2021,1.0,0.0
471589014900915,12011,2,3,2021,2.0,0.0
214330596601201,12011,2,3,2021,3.0,0.0
172701020472532,12011,2,3,2021,3.0,0.0
992829801561106,12011,1,3,2021,1.0,0.0
116420919051587,12111,1,3,2021,1.0,0.0
157711050152547,12111,1,3,2021,2.0,0.0
171066505106891,12011,1,3,2021,1.0,0.0
503155338710944,12011,2,3,2021,1.0,0.0
109260512028748,12011,1,3,2021,1.0,0.0
910007151613088,12011,1,3,2021,1.0,0.0
020010080217078,12111,2,3,2021,3.0,0.0
106372000024534,12011,1,3,2021,3.0,0.0
808206629010889,12011,2,3,2021,3.0,0.0
020050216201371,12011,2,3,2021,3.0,0.0
701718005920761,12111,2,3,2021,2.0,0.0
204480212043157,12011,2,3,2021,,
041012875206051,12111,2,3,2021,2.0,0.0
921923004920372,12011,1,3,2021,1.0,0.0
352588190703114,12011,2,3,2021,1.0,0.0
991160019020325,12011,2,3,2021,1.0,0.0
772960521981002,12011,1,3,2021,3.0,0.0
016230551051003,12011,2,3,2021,2.0,0.0
503305339010144,12011,1,3,2021,3.0,0.0
147953000022776,12111,1,3,2021,1.0,0.0
110008533579841,12011,2,3,2021,2.0,0.0
030410713127534,12011,2,3,2021,3.0,0.0
843467150800403,12011,2,3,2021,1.0,0.0
809305454610959,12011,4,3,2021,3.0,0.0
610009063634778,12111,2,3,2021,3.0,0.0
905305048910626,12011,1,3,2021,1.0,0.0
632936901351404,12011,2,3,2021,2.0,0.0
081956002540722,12011,2,3,2021,2.0,0.0
756677701760402,12011,1,3,2021,2.0,0.0
708415981710160,12011,2,3,2021,3.0,0.0
384896150808607,12011,1,3,2021,3.0,0.0
784193190201801,12011,2,3,2021,3.0,0.0
884530170105032,12011,2,3,2021,3.0,0.0
406140319051851,12011,1,3,2021,2.0,0.0
810204504635899,12011,2,3,2021,3.0,0.0
006880619501105,12111,1,3,2021,2.0,0.0
200927201611505,12011,1,3,2021,2.0,0.0
791132007550004,12011,2,3,2021,1.0,0.0
624896601190505,12111,1,3,2021,2.0,0.0
140366190806144,13011,2,4,2021,3.0,0.0
008220511077540,12111,1,4,2021,2.0,0.0
019016266009431,13011,1,4,2021,3.0,1.0
000611812490214,13011,1,4,2021,3.0,0.0
083851816057648,13011,2,4,2021,3.0,0.0
680570198941020,13011,4,4,2021,3.0,0.0
147140090100642,12011,1,4,2021,2.0,0.0
157471010604530,13111,1,4,2021,3.0,0.0
126180519053205,13011,1,4,2021,3.0,0.0
172701020472532,12011,2,4,2021,2.0,0.0
157711050152547,12111,1,4,2021,1.0,0.0
010611678592093,12012,1,4,2021,2.0,0.0
705102688610895,12011,2,4,2021,1.0,1.0
151161080019308,13111,1,4,2021,3.0,0.0
020010080217078,12111,2,4,2021,2.0,0.0
106372000024534,12011,1,4,2021,2.0,0.0
808206629010889,12011,2,4,2021,2.0,0.0
020050216201371,12011,2,4,2021,2.0,0.0
701718005920761,12111,2,4,2021,1.0,0.0
041012875206051,12111,2,4,2021,1.0,0.0
243700176581002,13111,2,4,2021,3.0,0.0
188712050053266,13011,2,4,2021,3.0,0.0
772960521981002,12011,1,4,2021,2.0,0.0
016230551051003,12011,2,4,2021,1.0,0.0
503305339010144,12011,1,4,2021,2.0,0.0
110008533579841,12011,2,4,2021,1.0,0.0
030410713127534,12011,2,4,2021,2.0,0.0
195573050499327,13011,1,4,2021,3.0,0.0
195573050499327,13011,2,4,2021,3.0,0.0
358056300304941,12011,1,4,2021,2.0,0.0
809305454610959,12011,4,4,2021,2.0,0.0
610009063634778,12111,2,4,2021,2.0,0.0
316200218052975,12011,2,4,2021,2.0,0.0
072720341851004,13011,2,4,2021,3.0,0.0
111204009340463,12111,1,4,2021,1.0,0.0
103419266210917,13011,2,4,2021,3.0,0.0
632936901351404,12011,2,4,2021,1.0,0.0
081956002540722,12011,2,4,2021,1.0,0.0
756677701760402,12011,1,4,2021,1.0,0.0
764264150101002,12111,2,4,2021,1.0,1.0
964288100708902,13011,1,4,2021,3.0,0.0
040711154333404,13011,2,4,2021,3.0,0.0
708415981710160,12011,2,4,2021,2.0,0.0
384896150808607,12011,1,4,2021,2.0,0.0
510106694872348,12011,2,4,2021,1.0,0.0
784193190201801,12011,2,4,2021,2.0,0.0
884530170105032,12011,2,4,2021,2.0,0.0
061085001640056,13011,2,4,2021,3.0,0.0
409729601282405,13011,2,4,2021,2.0,1.0
964220989371204,13011,1,4,2021,,
171719005850943,13011,1,4,2021,3.0,0.0
624896601190505,12111,1,4,2021,1.0,0.0
706506394410226,12011,1,4,2021,2.0,0.0
008220511077540,12111,1,5,2021,1.0,0.0
000611812490214,13011,1,5,2021,2.0,0.0
083851816057648,13011,2,5,2021,2.0,0.0
816790735591000,13011,2,5,2021,2.0,0.0
571795017100273,13011,1,5,2021,3.0,0.0
126180519053205,13011,1,5,2021,2.0,0.0
010211939329716,13011,2,5,2021,2.0,0.0
172701020472532,12011,2,5,2021,1.0,0.0
036002241109911,13011,2,5,2021,3.0,0.0
083083299103081,13011,1,5,2021,1.0,0.0
109015563106491,12111,1,5,2021,1.0,0.0
078057236103051,13011,2,5,2021,3.0,0.0
610000631830207,13011,1,5,2021,3.0,0.0
610000631830207,13011,2,5,2021,3.0,0.0
151161080019308,13111,1,5,2021,2.0,0.0
020010080217078,12111,2,5,2021,1.0,0.0
106372000024534,12011,1,5,2021,1.0,0.0
808206629010889,12011,2,5,2021,1.0,0.0
020050216201371,12011,2,5,2021,1.0,0.0
611520005620196,13111,2,5,2021,1.0,0.0
010044960207191,12011,2,5,2021,1.0,0.0
031252012120108,13011,1,5,2021,3.0,0.0
137095061200711,13011,2,5,2021,3.0,0.0
188712050053266,13011,2,5,2021,2.0,0.0
190822070187203,13011,1,5,2021,2.0,0.0
772960521981002,12011,1,5,2021,1.0,0.0
503305339010144,12011,1,5,2021,1.0,0.0
085960751771003,12111,2,5,2021,1.0,0.0
030410713127534,12011,2,5,2021,1.0,0.0
081015842304751,13111,1,5,2021,3.0,0.0
358056300304941,12011,1,5,2021,1.0,0.0
809305454610959,12011,4,5,2021,1.0,0.0
510104703703537,13011,2,5,2021,3.0,0.0
326380716082816,13011,1,5,2021,3.0,0.0
610009063634778,12111,2,5,2021,1.0,0.0
008301251910044,13011,2,5,2021,3.0,0.0
316200218052975,12011,2,5,2021,1.0,0.0
072720341851004,13011,2,5,2021,2.0,0.0
171042939402901,13011,2,5,2021,2.0,1.0
710003074072772,13011,2,5,2021,3.0,0.0
707403441510360,13111,2,5,2021,1.0,0.0
510000064016155,13111,3,5,2021,3.0,0.0
167314060074310,13111,2,5,2021,,
964288100708902,13011,1,5,2021,2.0,0.0
040711154333404,13011,2,5,2021,2.0,0.0
708415981710160,12011,2,5,2021,1.0,0.0
384896150808607,12011,1,5,2021,1.0,0.0
610003844874848,13011,1,5,2021,1.0,0.0
784193190201801,12011,2,5,2021,1.0,0.0
884530170105032,12011,2,5,2021,1.0,0.0
911301974057958,12011,2,5,2021,1.0,0.0
351987015140382,13011,1,5,2021,3.0,0.0
061085001640056,13011,2,5,2021,2.0,0.0
143255000145538,13111,2,5,2021,3.0,1.0
061915001650052,13011,2,5,2021,2.0,0.0
171719005850943,13011,1,5,2021,2.0,0.0
923587601360505,13011,2,5,2021,2.0,0.0
745760110106219,12011,2,5,2021,1.0,0.0
001763016600382,13011,1,6,2021,3.0,1.0
004027381610367,13011,1,6,2021,1.0,0.0
056694401500002,13011,2,6,2021,1.0,0.0
105570060224623,13011,2,6,2021,3.0,1.0
160046136006041,13011,1,6,2021,2.0,0.0
360603120708525,13011,1,6,2021,3.0,1.0
441160010600366,13011,2,6,2021,3.0,0.0
860016160706904,13011,1,6,2021,3.0,0.0
000611812490214,13011,1,6,2021,1.0,0.0
051962028600998,13011,1,6,2021,3.0,0.0
083851816057648,13011,2,6,2021,1.0,0.0
560931120703513,13011,1,6,2021,1.0,0.0
610820609591300,13011,2,6,2021,1.0,0.0
698640114481020,13011,2,6,2021,3.0,0.0
571795017100273,13011,1,6,2021,2.0,0.0
119240461701501,13011,1,6,2021,2.0,0.0
126180519053205,13011,1,6,2021,1.0,0.0
057002678105841,13011,1,6,2021,2.0,0.0
234790266361101,13011,1,6,2021,3.0,1.0
101229006110439,13011,1,6,2021,1.0,0.0
083083299103081,13011,1,6,2021,,
078057236103051,13011,2,6,2021,2.0,0.0
151161080019308,13111,1,6,2021,1.0,0.0
138752020038644,13111,1,6,2021,3.0,0.0
243700176581002,13111,2,6,2021,1.0,0.0
137095061200711,13011,2,6,2021,2.0,0.0
188712050053266,13011,2,6,2021,1.0,0.0
306534301941206,13011,2,6,2021,3.0,0.0
762207180301003,13011,2,6,2021,2.0,1.0
190822070187203,13011,1,6,2021,1.0,0.0
747960571921002,13011,1,6,2021,1.0,0.0
099098419202931,13111,1,6,2021,2.0,0.0
130733010034065,13011,2,6,2021,2.0,0.0
667092206304561,13011,1,6,2021,3.0,0.0
183860001911304,13011,2,6,2021,3.0,0.0
310580215099557,13011,2,6,2021,2.0,1.0
187613060332240,13011,1,6,2021,2.0,0.0
320680418016694,13011,1,6,2021,3.0,0.0
916853801763306,13011,2,6,2021,3.0,0.0
307430010099734,13011,2,6,2021,2.0,1.0
710000293638907,13011,2,6,2021,2.0,0.0
008301251910044,13011,2,6,2021,2.0,0.0
072720341851004,13011,2,6,2021,1.0,0.0
405380216042091,13011,2,6,2021,3.0,1.0
341918002840469,13011,2,6,2021,3.0,1.0
971888401820409,13011,1,6,2021,1.0,1.0
710003074072772,13011,2,6,2021,2.0,0.0
510000064016155,13111,3,6,2021,2.0,0.0
964288100708902,13011,1,6,2021,1.0,0.0
101974004040702,13011,1,6,2021,1.0,1.0
101974004040702,13011,2,6,2021,1.0,1.0
159048250408281,13011,3,6,2021,3.0,1.0
403300912019868,13011,2,6,2021,1.0,0.0
610003844874848,13011,1,6,2021,,
841780600381104,13011,1,6,2021,2.0,1.0
143255000145538,13111,2,6,2021,2.0,1.0
171719005850943,13011,1,6,2021,1.0,0.0
009508752510318,13011,1,6,2021,2.0,0.0
600009054110289,13111,1,7,2021,,
105570060224623,13011,2,7,2021,2.0,1.0
441160010600366,13011,2,7,2021,2.0,0.0
860016160706904,13011,1,7,2021,2.0,0.0
000612123395185,13011,1,7,2021,1.0,1.0
698640114481020,13011,2,7,2021,2.0,0.0
851169003400194,13011,1,7,2021,3.0,1.0
119240461701501,13011,1,7,2021,1.0,0.0
010212186526533,13011,1,7,2021,3.0,0.0
170901020521500,13011,1,7,2021,2.0,1.0
057002678105841,13011,1,7,2021,1.0,0.0
234790266361101,13011,1,7,2021,2.0,1.0
036002241109911,13011,2,7,2021,1.0,0.0
101229006110439,13011,1,7,2021,,
171821030044531,13011,1,7,2021,3.0,0.0
423247901450108,13011,1,7,2021,3.0,0.0
408116244510264,13011,1,7,2021,2.0,1.0
010611679935775,13011,1,7,2021,3.0,0.0
078057236103051,13011,2,7,2021,1.0,0.0
605107051810090,13111,2,7,2021,1.0,0.0
010810405821640,13011,1,7,2021,2.0,1.0
010810405821640,13011,2,7,2021,2.0,1.0
203000016062129,13011,2,7,2021,3.0,1.0
138752020038644,13111,1,7,2021,2.0,0.0
309204517310851,13011,1,7,2021,3.0,0.0
142342040075892,13011,1,7,2021,3.0,0.0
031252012120108,13011,1,7,2021,1.0,0.0
137095061200711,13011,2,7,2021,1.0,0.0
306534301941206,13011,2,7,2021,2.0,0.0
058415301200201,13011,2,7,2021,3.0,1.0
210001252752338,13011,2,7,2021,1.0,1.0
177352090021697,13011,1,7,2021,3.0,1.0
177352090021697,13011,2,7,2021,3.0,1.0
206203482910684,13011,1,7,2021,3.0,1.0
179793000021886,13011,2,7,2021,1.0,1.0
510108813257420,13011,1,7,2021,1.0,1.0
531856801710307,13011,1,7,2021,1.0,1.0
130733010034065,13011,2,7,2021,1.0,0.0
667092206304561,13011,1,7,2021,2.0,0.0
304760711036301,13011,1,7,2021,2.0,1.0
655404501474307,13011,3,7,2021,1.0,0.0
310580215099557,13011,2,7,2021,1.0,1.0
187613060332240,13011,1,7,2021,1.0,0.0
916853801763306,13011,2,7,2021,2.0,0.0
910009543945856,13011,1,7,2021,3.0,1.0
710000293638907,13011,2,7,2021,1.0,0.0
510104703703537,13011,2,7,2021,1.0,0.0
802318481710190,13011,1,7,2021,2.0,0.0
008301251910044,13011,2,7,2021,1.0,0.0
122894601191405,13011,2,7,2021,3.0,1.0
200400326210211,13011,3,7,2021,1.0,0.0
428710815069406,13011,1,7,2021,3.0,1.0
405140815003526,13111,1,7,2021,3.0,1.0
042095406402521,13011,1,7,2021,3.0,0.0
510000064016155,13111,3,7,2021,1.0,0.0
760960751771004,13011,2,7,2021,2.0,0.0
159048250408281,13011,3,7,2021,2.0,1.0
815230752381004,13011,2,7,2021,1.0,1.0
710100955835410,13111,1,7,2021,3.0,0.0
804511668010545,13011,1,7,2021,3.0,1.0
804511668010545,13011,2,7,2021,3.0,1.0
502770816016421,13111,1,7,2021,3.0,0.0
610002275941084,13011,2,7,2021,3.0,1.0
311958005750872,13011,2,7,2021,1.0,1.0
009508752510318,13011,1,7,2021,1.0,0.0
050610727978561,13011,1,7,2021,1.0,0.0
516330017013641,13011,1,7,2021,3.0,0.0
554270309191000,13011,1,8,2021,1.0,1.0
441160010600366,13011,2,8,2021,1.0,0.0
460625150502601,13011,1,8,2021,3.0,0.0
703019289610305,13011,1,8,2021,3.0,1.0
860016160706904,13011,1,8,2021,1.0,0.0
291262088501389,13011,1,8,2021,2.0,1.0
291262088501389,13011,2,8,2021,2.0,1.0
698640114481020,13011,2,8,2021,1.0,0.0
151068206002501,13011,2,8,2021,3.0,0.0
657051597103931,13011,3,8,2021,,
657051597103931,13011,2,8,2021,,
422988701211104,13011,1,8,2021,1.0,0.0
171821030044531,13011,1,8,2021,2.0,0.0
423247901450108,13011,1,8,2021,2.0,0.0
010611679935775,13011,1,8,2021,2.0,0.0
139331070607116,13011,2,8,2021,2.0,0.0
023057412108321,13011,1,8,2021,1.0,1.0
104209951210511,13111,2,8,2021,3.0,0.0
142342040075892,13011,1,8,2021,2.0,0.0
141015047205821,13011,2,8,2021,1.0,1.0
167492050039764,13011,1,8,2021,2.0,0.0
306534301941206,13011,2,8,2021,1.0,0.0
200360414034710,13011,1,8,2021,3.0,0.0
604201443710318,13011,1,8,2021,3.0,0.0
892270571891002,13011,4,8,2021,1.0,0.0
441099007420286,13011,1,8,2021,1.0,0.0
177352090021697,13011,1,8,2021,2.0,1.0
177352090021697,13011,2,8,2021,2.0,1.0
177072721301551,13111,1,8,2021,3.0,0.0
030217165752049,13011,3,8,2021,1.0,0.0
461841008230856,13011,1,8,2021,1.0,0.0
207006939307891,13011,1,8,2021,2.0,1.0
673400399981103,13011,2,8,2021,2.0,0.0
916853801763306,13011,2,8,2021,1.0,0.0
310108063870456,13011,2,8,2021,1.0,1.0
802318481710190,13011,1,8,2021,1.0,0.0
991470019030321,13011,2,8,2021,3.0,0.0
836000066271003,13011,2,8,2021,,
493170180201103,13011,2,8,2021,1.0,1.0
610004764579911,13011,1,8,2021,1.0,0.0
110007644262871,13011,1,8,2021,1.0,1.0
122894601191405,13011,2,8,2021,2.0,1.0
172154901150402,13011,2,8,2021,3.0,1.0
042095406402521,13011,1,8,2021,2.0,0.0
760960751771004,13011,2,8,2021,1.0,0.0
864550365971004,13011,1,8,2021,3.0,0.0
176644090369007,13011,2,8,2021,1.0,0.0
196915000023083,13011,1,8,2021,1.0,1.0
255000855500561,13011,1,8,2021,1.0,0.0
513340518074063,13111,1,8,2021,3.0,0.0
178155030259752,13011,1,8,2021,3.0,1.0
502770816016421,13111,1,8,2021,2.0,0.0
609505257410807,13111,1,8,2021,1.0,1.0
610002275941084,13011,2,8,2021,2.0,1.0
710002575251754,13011,2,8,2021,1.0,1.0
050610727978561,13011,1,8,2021,,
516330017013641,13011,1,8,2021,2.0,0.0
460625150502601,13011,1,9,2021,2.0,0.0
000611337808156,13011,2,9,2021,3.0,0.0
151068206002501,13011,2,9,2021,2.0,0.0
142250080005765,13011,2,9,2021,2.0,0.0
481910501336101,13111,3,9,2021,1.0,0.0
582705201820107,13011,2,9,2021,1.0,0.0
171821030044531,13011,1,9,2021,1.0,0.0
831384120004201,13011,2,9,2021,2.0,0.0
139331070607116,13011,2,9,2021,1.0,0.0
551976000910312,13011,2,9,2021,,
000078591100941,13111,1,9,2021,2.0,0.0
972190072761001,13011,1,9,2021,1.0,0.0
020110244564568,13011,1,9,2021,3.0,0.0
082062929207761,13111,1,9,2021,3.0,1.0
082062929207761,13111,2,9,2021,3.0,1.0
104209951210511,13111,2,9,2021,2.0,0.0
309204517310851,13011,1,9,2021,1.0,0.0
142342040075892,13011,1,9,2021,1.0,0.0
212790110012515,13011,2,9,2021,1.0,0.0
200360414034710,13011,1,9,2021,2.0,0.0
604201443710318,13011,1,9,2021,2.0,0.0
314780415093073,13011,1,9,2021,1.0,0.0
177072721301551,13111,1,9,2021,2.0,0.0
010002083250764,13011,3,9,2021,2.0,0.0
803312912710338,13011,2,9,2021,2.0,0.0
510004943034387,13011,2,9,2021,3.0,0.0
055029028304751,13011,1,9,2021,3.0,0.0
040510388299158,13111,1,9,2021,3.0,0.0
042095406402521,13011,1,9,2021,1.0,0.0
000067998401911,13111,1,9,2021,3.0,0.0
864550365971004,13011,1,9,2021,2.0,0.0
981883008940655,13011,2,9,2021,3.0,0.0
058069282403141,13011,3,9,2021,3.0,0.0
513340518074063,13111,1,9,2021,2.0,0.0
050010601265572,13111,1,9,2021,3.0,0.0
710100955835410,13111,1,9,2021,1.0,0.0
710100955835410,13111,2,9,2021,1.0,0.0
061537003450226,13011,1,9,2021,2.0,1.0
502770816016421,13111,1,9,2021,1.0,0.0
516330017013641,13011,1,9,2021,1.0,0.0
150130010022522,13011,1,10,2021,3.0,1.0
154590060169958,13011,1,10,2021,1.0,0.0
460625150502601,13011,1,10,2021,1.0,0.0
691210644691910,13011,3,10,2021,3.0,0.0
000611337808156,13011,2,10,2021,2.0,0.0
021490910010607,13011,3,10,2021,1.0,0.0
151068206002501,13011,2,10,2021,1.0,0.0
151408029910309,13011,2,10,2021,3.0,0.0
105152744110830,13011,2,10,2021,,
010210324582453,13011,3,10,2021,2.0,1.0
010211444477340,13011,1,10,2021,1.0,0.0
104102739210151,13011,2,10,2021,1.0,0.0
175881070578348,13011,1,10,2021,3.0,0.0
271381130309359,13011,1,10,2021,,
000078591100941,13111,1,10,2021,1.0,0.0
020010744798732,13011,1,10,2021,3.0,0.0
020110244564568,13011,1,10,2021,2.0,0.0
104209951210511,13111,2,10,2021,1.0,0.0
491760882611002,13011,2,10,2021,1.0,0.0
176242050032063,13111,1,10,2021,3.0,0.0
610003812594676,13011,1,10,2021,2.0,0.0
200360414034710,13011,1,10,2021,1.0,0.0
604201443710318,13011,1,10,2021,1.0,0.0
030110831683000,13011,1,10,2021,2.0,0.0
177072721301551,13111,1,10,2021,1.0,0.0
308630619065382,13011,2,10,2021,2.0,0.0
843866110607607,13011,2,10,2021,2.0,0.0
010002083250764,13011,3,10,2021,1.0,0.0
309308404410731,13011,2,10,2021,1.0,1.0
507341473510674,13011,1,10,2021,,
710308633830456,13011,1,10,2021,3.0,0.0
030611291090100,13011,2,10,2021,3.0,0.0
614830720701003,13011,1,10,2021,3.0,1.0
910105163594546,13011,1,10,2021,2.0,0.0
803312912710338,13011,2,10,2021,1.0,0.0
510004943034387,13011,2,10,2021,2.0,0.0
510208393456688,13011,1,10,2021,,
993259110300000,13011,1,10,2021,,
055029028304751,13011,1,10,2021,2.0,0.0
882564601190405,13011,1,10,2021,3.0,0.0
901412961210858,13011,2,10,2021,3.0,0.0
372675901170400,13011,1,10,2021,3.0,0.0
810003364752912,13011,2,10,2021,3.0,0.0
205405949410179,13011,2,10,2021,2.0,0.0
510009594197244,13011,2,10,2021,3.0,1.0
040510388299158,13111,1,10,2021,2.0,0.0
000067998401911,13111,1,10,2021,2.0,0.0
009408313810352,13011,1,10,2021,2.0,0.0
040811052610120,13011,1,10,2021,3.0,0.0
127344080014346,13011,1,10,2021,3.0,0.0
864550365971004,13011,1,10,2021,1.0,0.0
981883008940655,13011,2,10,2021,2.0,0.0
176644090369007,13011,2,10,2021,,
513340518074063,13111,1,10,2021,1.0,0.0
050010601265572,13111,1,10,2021,2.0,0.0
150130010022522,13011,1,11,2021,2.0,1.0
810004120904055,13111,1,11,2021,3.0,0.0
607025003610064,13011,1,11,2021,3.0,0.0
000611337808156,13011,2,11,2021,1.0,0.0
988076920013011,13011,2,11,2021,3.0,0.0
602008075610754,13011,2,11,2021,3.0,0.0
973320403571000,13011,1,11,2021,2.0,0.0
151408029910309,13011,2,11,2021,2.0,0.0
671314062410019,13111,1,11,2021,2.0,0.0
100730910039273,13011,2,11,2021,3.0,0.0
103720514029298,13011,1,11,2021,1.0,0.0
378670582041001,13011,1,11,2021,,
255761502920100,13011,4,11,2021,2.0,0.0
255761502920100,13011,3,11,2021,2.0,0.0
175881070578348,13011,1,11,2021,2.0,0.0
753150937581501,13011,3,11,2021,3.0,1.0
020010744798732,13011,1,11,2021,2.0,0.0
020110244564568,13011,1,11,2021,1.0,0.0
176242050032063,13111,1,11,2021,2.0,0.0
305213515510247,13011,3,11,2021,3.0,0.0
610003812594676,13011,1,11,2021,1.0,0.0
814670987911002,13111,2,11,2021,2.0,0.0
030110831683000,13011,1,11,2021,1.0,0.0
410005843955414,13011,1,11,2021,3.0,0.0
311240816025681,13011,1,11,2021,2.0,0.0
710308633830456,13011,1,11,2021,2.0,0.0
030610291336268,13011,2,11,2021,2.0,1.0
030611291090100,13011,2,11,2021,2.0,0.0
263891140308311,13011,1,11,2021,2.0,0.0
614830720701003,13011,1,11,2021,2.0,1.0
510004943034387,13011,2,11,2021,1.0,0.0
691774000930922,13011,2,11,2021,3.0,0.0
882564601190405,13011,1,11,2021,2.0,0.0
901412961210858,13011,2,11,2021,2.0,0.0
372675901170400,13011,1,11,2021,2.0,0.0
810003364752912,13011,2,11,2021,2.0,0.0
205405949410179,13011,2,11,2021,1.0,0.0
040510388299158,13111,1,11,2021,1.0,0.0
000067998401911,13111,1,11,2021,1.0,0.0
009408313810352,13011,1,11,2021,1.0,0.0
040811052610120,13011,1,11,2021,2.0,0.0
127344080014346,13011,1,11,2021,2.0,0.0
981883008940655,13011,2,11,2021,1.0,0.0
154044090043979,13011,2,11,2021,2.0,0.0
029010279509171,13011,1,11,2021,3.0,0.0
050010601265572,13111,1,11,2021,1.0,0.0
010002085030763,13011,1,11,2021,3.0,0.0
503540401732508,13011,1,11,2021,1.0,0.0
169355030020885,13011,2,11,2021,3.0,0.0
310776100301408,14011,1,12,2021,,
610009360592252,14011,2,12,2021,3.0,0.0
810004120904055,13111,1,12,2021,2.0,0.0
607025003610064,13011,1,12,2021,2.0,0.0
560814130108909,14011,1,12,2021,3.0,0.0
209005708810115,14011,1,12,2021,3.0,0.0
128960090061860,14011,1,12,2021,3.0,0.0
151408029910309,13011,2,12,2021,1.0,0.0
134260217041108,14111,1,12,2021,3.0,0.0
510204651097301,14011,3,12,2021,3.0,0.0
671314062410019,13111,1,12,2021,1.0,0.0
100730910039273,13011,2,12,2021,2.0,0.0
134062847100051,14011,1,12,2021,3.0,0.0
632750701040100,14011,2,12,2021,3.0,0.0
410000121457276,14011,3,12,2021,3.0,0.0
175881070578348,13011,1,12,2021,1.0,0.0
257852101750103,13011,2,12,2021,1.0,0.0
753150937581501,13011,3,12,2021,2.0,1.0
718941701060100,14011,1,12,2021,2.0,0.0
501490005410472,14011,2,12,2021,3.0,0.0
020010744798732,13011,1,12,2021,1.0,0.0
020110085586972,13011,1,12,2021,1.0,0.0
764153001910206,14011,1,12,2021,3.0,1.0
764153001910206,14011,2,12,2021,3.0,0.0
305213515510247,13011,3,12,2021,2.0,0.0
752032170009717,14011,4,12,2021,3.0,0.0
701209352610664,13011,2,12,2021,1.0,1.0
020810307227611,13111,1,12,2021,1.0,0.0
814670987911002,13111,2,12,2021,1.0,0.0
310003082820658,13011,2,12,2021,2.0,1.0
080041235301741,14011,1,12,2021,3.0,1.0
104433020371634,14011,1,12,2021,3.0,0.0
310001453038433,14011,2,12,2021,3.0,0.0
410005843955414,13011,1,12,2021,2.0,0.0
710308633830456,13011,1,12,2021,1.0,0.0
030610291336268,13011,2,12,2021,1.0,1.0
263891140308311,13011,1,12,2021,1.0,0.0
040010494473325,14011,2,12,2021,3.0,0.0
040210287764251,14011,2,12,2021,3.0,0.0
882564601190405,13011,1,12,2021,1.0,0.0
901412961210858,13011,2,12,2021,1.0,0.0
372675901170400,13011,1,12,2021,1.0,0.0
205405949410179,13011,2,12,2021,,
997452701890401,13111,1,12,2021,1.0,0.0
040811052610120,13011,1,12,2021,1.0,0.0
168714080714916,14011,1,12,2021,3.0,0.0
728388701403404,13011,2,12,2021,2.0,0.0
127344080014346,13011,1,12,2021,1.0,0.0
578060801520407,14011,1,12,2021,3.0,0.0
029010279509171,13011,1,12,2021,2.0,0.0
121185010072325,13011,1,12,2021,1.0,1.0
505240010087331,14011,1,12,2021,3.0,0.0
169355030020885,13011,2,12,2021,2.0,0.0
851246009550597,13111,2,12,2021,1.0,0.0
006280716082118,14011,1,1,2022,3.0,0.0
610009360592252,14011,1,1,2022,2.0,0.0
002180115016575,14011,1,1,2022,3.0,0.0
510004700533535,14111,1,1,2022,2.0,0.0
115840060189606,14011,1,1,2022,3.0,0.0
607025003610064,13011,1,1,2022,1.0,0.0
000610238178956,14011,1,1,2022,3.0,1.0
102940060226327,13011,2,1,2022,1.0,0.0
560814130108909,14011,1,1,2022,2.0,0.0
680680429471100,14011,1,1,2022,1.0,0.0
007380718055888,14011,2,1,2022,3.0,0.0
128960090061860,14011,1,1,2022,2.0,0.0
157790090042473,14011,1,1,2022,2.0,0.0
134260217041108,14111,1,1,2022,2.0,0.0
510204651097301,14011,3,1,2022,2.0,0.0
711604120208134,14111,1,1,2022,2.0,0.0
010210918926485,14011,4,1,2022,,
100730910039273,13011,2,1,2022,1.0,0.0
108310015039271,14011,2,1,2022,3.0,0.0
134062847100051,14011,1,1,2022,2.0,0.0
632750701040100,14011,2,1,2022,2.0,0.0
210007981907443,14011,1,1,2022,2.0,0.0
902104390310964,14011,1,1,2022,3.0,1.0
302108701310565,14011,2,1,2022,3.0,0.0
410000121457276,14011,3,1,2022,2.0,0.0
641668008010875,14011,2,1,2022,3.0,0.0
010710235649085,14011,2,1,2022,3.0,0.0
531384008910810,14111,1,1,2022,3.0,0.0
305104955810906,13011,1,1,2022,1.0,0.0
501490005410472,14011,2,1,2022,2.0,0.0
111124007820124,14111,3,1,2022,1.0,0.0
604206471210544,14011,1,1,2022,3.0,0.0
019033688200451,14111,2,1,2022,3.0,0.0
764153001910206,14011,1,1,2022,2.0,1.0
764153001910206,14011,2,1,2022,2.0,0.0
105374701770202,14111,1,1,2022,3.0,1.0
305213515510247,13011,3,1,2022,1.0,0.0
752032170009717,14011,4,1,2022,2.0,0.0
865070401610203,14111,1,1,2022,3.0,1.0
571476008820193,14011,2,1,2022,1.0,0.0
741680960641002,14011,2,1,2022,,
205260213035801,14011,1,1,2022,3.0,0.0
999693401010203,14011,2,1,2022,2.0,1.0
104433020371634,14011,1,1,2022,2.0,0.0
071622066930963,13011,1,1,2022,1.0,0.0
707305757210112,14111,1,1,2022,3.0,0.0
310001453038433,14011,2,1,2022,2.0,0.0
030410462907996,14011,3,1,2022,1.0,0.0
410001273405134,14111,2,1,2022,3.0,0.0
410005843955414,13011,1,1,2022,1.0,0.0
107329683510350,14011,1,1,2022,3.0,0.0
182303050145927,14111,1,1,2022,3.0,0.0
514050754741203,14011,1,1,2022,3.0,0.0
084025446301461,14111,2,1,2022,2.0,0.0
308160712073631,14011,1,1,2022,3.0,1.0
030710381306238,13011,1,1,2022,1.0,0.0
691774000930922,13011,2,1,2022,1.0,0.0
040010494473325,14011,2,1,2022,2.0,0.0
710007364313910,14111,1,1,2022,3.0,0.0
096075681404511,14011,1,1,2022,3.0,0.0
157914050068146,14011,1,1,2022,3.0,0.0
407610416000792,14011,2,1,2022,3.0,0.0
040817243496475,14011,1,1,2022,2.0,0.0
168714080714916,14011,1,1,2022,2.0,0.0
728388701403404,13011,2,1,2022,1.0,0.0
906402439810159,13011,1,1,2022,1.0,0.0
040810163719313,14011,2,1,2022,3.0,0.0
029010279509171,13011,1,1,2022,1.0,0.0
505240010087331,14011,1,1,2022,2.0,0.0
010002085030763,13011,1,1,2022,1.0,0.0
035989110201800,14011,1,1,2022,2.0,0.0
505350110059698,14011,2,1,2022,2.0,1.0
176940010048512,14111,1,2,2022,3.0,0.0
006280716082118,14011,1,2,2022,2.0,0.0
143260010046912,14011,2,2,2022,2.0,0.0
006830012009265,14011,1,2,2022,3.0,0.0
610009360592252,14011,2,2,2022,1.0,0.0
000412794631601,14011,1,2,2022,2.0,0.0
002180115016575,14011,1,2,2022,2.0,0.0
310006580011575,14011,2,2,2022,3.0,0.0
115840060189606,14011,1,2,2022,2.0,0.0
816283011870000,14011,2,2,2022,3.0,0.0
560814130108909,14011,1,2,2022,1.0,0.0
680680429471100,14011,1,2,2022,,
041078215003321,14011,1,2,2022,,
007380718055888,14011,2,2,2022,2.0,0.0
128960090061860,14011,1,2,2022,1.0,0.0
157790090042473,14011,1,2,2022,1.0,0.0
134260217041108,14111,1,2,2022,1.0,0.0
510204651097301,14011,3,2,2022,1.0,0.0
805102336210431,14011,1,2,2022,1.0,0.0
108310015039271,14011,2,2,2022,2.0,0.0
134062847100051,14011,1,2,2022,1.0,0.0
632750701040100,14011,2,2,2022,1.0,0.0
210007981907443,14011,1,2,2022,1.0,0.0
302108701310565,14011,2,2,2022,2.0,0.0
410000121457276,14011,3,2,2022,1.0,0.0
641668008010875,14011,2,2,2022,2.0,0.0
010710235649085,14011,2,2,2022,2.0,0.0
031977006110042,14011,2,2,2022,2.0,0.0
194141070077416,14011,1,2,2022,1.0,1.0
772990939911001,14011,1,2,2022,3.0,0.0
531384008910810,14111,1,2,2022,2.0,0.0
501490005410472,14011,2,2,2022,1.0,0.0
033072440202411,14011,2,2,2022,2.0,0.0
604206471210544,14011,1,2,2022,2.0,0.0
019033688200451,14111,2,2,2022,2.0,0.0
114492040088056,14011,2,2,2022,1.0,0.0
764153001910206,14011,2,2,2022,1.0,0.0
105374701770202,14111,1,2,2022,2.0,1.0
752032170009717,14011,4,2,2022,1.0,0.0
205260213035801,14011,1,2,2022,2.0,0.0
999693401010203,14011,2,2,2022,1.0,1.0
104433020371634,14011,1,2,2022,1.0,0.0
707305757210112,14111,1,2,2022,2.0,0.0
310001453038433,14011,2,2,2022,1.0,0.0
030410462907996,14011,3,2,2022,,
410001273405134,14111,2,2,2022,2.0,0.0
030512230465715,14011,1,2,2022,2.0,0.0
182303050145927,14111,1,2,2022,2.0,0.0
514050754741203,14011,1,2,2022,2.0,0.0
084025446301461,14111,2,2,2022,1.0,0.0
302790518043601,14011,1,2,2022,1.0,0.0
908306898710167,14011,1,2,2022,2.0,0.0
308220915075888,14011,1,2,2022,3.0,0.0
040010494473325,14011,2,2,2022,1.0,0.0
710007364313910,14111,1,2,2022,2.0,0.0
040110210751534,14111,1,2,2022,3.0,0.0
172900827901004,14111,2,2,2022,3.0,0.0
210001864318761,14111,1,2,2022,1.0,0.0
412951901470408,14011,1,2,2022,3.0,1.0
710004674024202,14011,2,2,2022,2.0,0.0
040510122783969,14011,1,2,2022,3.0,0.0
096075681404511,14011,1,2,2022,2.0,0.0
157914050068146,14011,1,2,2022,2.0,0.0
040510192408252,14011,1,2,2022,2.0,0.0
045087630400621,14011,2,2,2022,2.0,0.0
407610416000792,14011,2,2,2022,2.0,0.0
168714080714916,14011,1,2,2022,1.0,0.0
741780012440678,14011,1,2,2022,3.0,0.0
040810163719313,14011,2,2,2022,2.0,0.0
991740226951104,14011,2,2,2022,3.0,0.0
220513401540507,14111,2,2,2022,2.0,0.0
505240010087331,14011,1,2,2022,1.0,0.0
035989110201800,14011,1,2,2022,1.0,0.0
064885801741500,14011,1,2,2022,3.0,0.0
745845110301100,14011,2,2,2022,3.0,0.0
295711601320501,14011,2,2,2022,3.0,0.0
176940010048512,14111,1,3,2022,2.0,0.0
007280610052145,14011,2,3,2022,2.0,0.0
006280716082118,14011,1,3,2022,1.0,0.0
006830012009265,14011,1,3,2022,2.0,0.0
002180115016575,14011,1,3,2022,1.0,0.0
310006580011575,14011,2,3,2022,2.0,0.0
115840060189606,14011,1,3,2022,1.0,0.0
816283011870000,14011,2,3,2022,2.0,0.0
025056899006251,14011,1,3,2022,3.0,0.0
025056899006251,14011,2,3,2022,3.0,0.0
007380718055888,14011,2,3,2022,1.0,0.0
141070315105321,14011,2,3,2022,3.0,0.0
108310015039271,14011,2,3,2022,1.0,0.0
210007981907443,14011,1,3,2022,,
302108701310565,14011,2,3,2022,1.0,0.0
010310163211965,14011,1,3,2022,1.0,0.0
641668008010875,14011,2,3,2022,1.0,0.0
010710235649085,14011,2,3,2022,1.0,0.0
304134584710468,14011,2,3,2022,3.0,1.0
772990939911001,14011,1,3,2022,2.0,0.0
531384008910810,14111,1,3,2022,1.0,0.0
941660078301001,14011,1,3,2022,2.0,1.0
033072440202411,14011,2,3,2022,1.0,0.0
310000892025562,14011,1,3,2022,3.0,0.0
604206471210544,14011,1,3,2022,1.0,0.0
114492040088056,14011,2,3,2022,,
105374701770202,14111,1,3,2022,1.0,1.0
205260213035801,14011,1,3,2022,1.0,0.0
603204111810541,14111,2,3,2022,3.0,0.0
707305757210112,14111,1,3,2022,1.0,0.0
410001273405134,14111,2,3,2022,1.0,0.0
594040101750305,14111,2,3,2022,2.0,0.0
030511215983153,14111,1,3,2022,3.0,0.0
030512230465715,14011,1,3,2022,1.0,0.0
182303050145927,14111,1,3,2022,1.0,0.0
514050754741203,14011,1,3,2022,1.0,0.0
110003153520406,14011,2,3,2022,2.0,1.0
686746401350309,14011,1,3,2022,1.0,1.0
721770986791003,14011,2,3,2022,3.0,0.0
908306898710167,14011,1,3,2022,1.0,0.0
300390110098883,14011,2,3,2022,1.0,0.0
308220915075888,14011,1,3,2022,2.0,0.0
670684801230405,14011,2,3,2022,2.0,0.0
710007364313910,14111,1,3,2022,1.0,0.0
040110210751534,14111,1,3,2022,2.0,0.0
104674010095334,14011,2,3,2022,3.0,0.0
172900827901004,14111,2,3,2022,2.0,0.0
202317901740409,14011,1,3,2022,3.0,0.0
621921002240392,14011,2,3,2022,2.0,0.0
096075681404511,14011,1,3,2022,1.0,0.0
157914050068146,14011,1,3,2022,1.0,0.0
040510192408252,14011,1,3,2022,1.0,0.0
040710464814124,14011,2,3,2022,1.0,0.0
045087630400621,14011,2,3,2022,1.0,0.0
407610416000792,14011,2,3,2022,1.0,0.0
621272001440591,14111,2,3,2022,3.0,0.0
074335150105703,14011,1,3,2022,3.0,0.0
159904080138400,14011,1,3,2022,2.0,1.0
741780012440678,14011,1,3,2022,2.0,0.0
068754101700402,14011,1,3,2022,2.0,1.0
040810163719313,14011,2,3,2022,1.0,0.0
488673801650404,14011,2,3,2022,2.0,1.0
046049289402101,14011,2,3,2022,3.0,0.0
000730201351504,14011,2,3,2022,3.0,0.0
205140110705008,14111,2,3,2022,2.0,1.0
220513401540507,14111,2,3,2022,1.0,0.0
510006515404951,14011,2,3,2022,3.0,0.0
135023293501431,14011,4,3,2022,1.0,1.0
050310789045055,14011,1,3,2022,2.0,0.0
064885801741500,14011,1,3,2022,2.0,0.0
745845110301100,14011,2,3,2022,2.0,0.0
295711601320501,14011,2,3,2022,2.0,0.0
966952701930506,14111,1,3,2022,3.0,0.0
110301110305104,14111,1,4,2022,1.0,0.0
006830012009265,14011,1,4,2022,1.0,0.0
310006580011575,14011,2,4,2022,1.0,0.0
216167701910001,14011,1,4,2022,1.0,1.0
361668009500505,14011,2,4,2022,2.0,0.0
816283011870000,14011,2,4,2022,1.0,0.0
025056899006251,14011,1,4,2022,2.0,0.0
025056899006251,14011,2,4,2022,2.0,0.0
377046006000431,14011,2,4,2022,,
760725160803904,14011,2,4,2022,3.0,0.0
141070315105321,14011,2,4,2022,2.0,0.0
010210853400357,14011,1,4,2022,3.0,1.0
050086082104021,14111,2,4,2022,,
772990939911001,14011,1,4,2022,1.0,0.0
171675006110895,14011,2,4,2022,,
181387150004708,14011,3,4,2022,2.0,0.0
203890215015238,14011,1,4,2022,1.0,0.0
200420615361102,14111,1,4,2022,3.0,0.0
066067842204311,14011,1,4,2022,1.0,0.0
901481009120002,14011,1,4,2022,1.0,0.0
603204111810541,14111,2,4,2022,2.0,0.0
392666110609800,14011,1,4,2022,3.0,0.0
392666110609800,14011,2,4,2022,3.0,0.0
155580209831103,14011,1,4,2022,3.0,0.0
110002913617611,14011,1,4,2022,2.0,0.0
030311574087892,14011,2,4,2022,3.0,0.0
594040101750305,14111,2,4,2022,1.0,0.0
030511215983153,14111,1,4,2022,2.0,0.0
325180113013596,14011,1,4,2022,1.0,0.0
325180113013596,14011,2,4,2022,1.0,0.0
578530039451003,14011,1,4,2022,3.0,0.0
735558301940300,14011,2,4,2022,2.0,0.0
110003153520406,14011,2,4,2022,1.0,1.0
591570004330480,14011,2,4,2022,2.0,1.0
706330303541003,14011,1,4,2022,2.0,1.0
721770986791003,14011,2,4,2022,2.0,0.0
308220915075888,14011,1,4,2022,1.0,0.0
670684801230405,14011,2,4,2022,1.0,0.0
040110210751534,14111,1,4,2022,1.0,0.0
104674010095334,14011,2,4,2022,2.0,0.0
172900827901004,14111,2,4,2022,1.0,0.0
202317901740409,14011,1,4,2022,2.0,0.0
710004674024202,14011,2,4,2022,1.0,0.0
554842180905003,14011,1,4,2022,3.0,0.0
074335150105703,14011,1,4,2022,2.0,0.0
159904080138400,14011,1,4,2022,1.0,1.0
741780012440678,14011,1,4,2022,1.0,0.0
046058422401461,14011,1,4,2022,3.0,1.0
700403110810735,14011,2,4,2022,2.0,0.0
102407797910006,14011,2,4,2022,2.0,0.0
046049289402101,14011,2,4,2022,2.0,0.0
050310789045055,14011,1,4,2022,1.0,0.0
064885801741500,14011,1,4,2022,1.0,0.0
810003225610924,14111,3,4,2022,1.0,0.0
295711601320501,14011,2,4,2022,1.0,0.0
966952701930506,14111,1,4,2022,2.0,0.0
361668009500505,14011,2,5,2022,1.0,0.0
024410711082619,14011,1,5,2022,3.0,0.0
025056899006251,14011,1,5,2022,1.0,0.0
025056899006251,14011,2,5,2022,1.0,0.0
612702520063496,14011,1,5,2022,3.0,0.0
960106130504006,14011,1,5,2022,2.0,0.0
306875901350002,14011,1,5,2022,3.0,0.0
101409006110437,14111,1,5,2022,3.0,0.0
141070315105321,14011,2,5,2022,1.0,0.0
114780093251301,14011,1,5,2022,1.0,0.0
010312281010284,14011,1,5,2022,3.0,1.0
010312281010284,14011,2,5,2022,3.0,0.0
155085961108891,14111,1,5,2022,3.0,0.0
181387150004708,14011,3,5,2022,1.0,0.0
931199004910536,14011,2,5,2022,3.0,0.0
200100310910939,14011,1,5,2022,2.0,0.0
221501011920485,14011,2,5,2022,3.0,0.0
020110744969556,14011,2,5,2022,2.0,0.0
200360511069211,14111,1,5,2022,1.0,0.0
200420615361102,14111,1,5,2022,2.0,0.0
379810245681102,14011,2,5,2022,2.0,0.0
126372070091499,14011,1,5,2022,3.0,0.0
163132080025930,14011,2,5,2022,3.0,0.0
168746101710204,14011,1,5,2022,,
168746101710204,14011,2,5,2022,,
603204111810541,14111,2,5,2022,1.0,0.0
392666110609800,14011,1,5,2022,2.0,0.0
392666110609800,14011,2,5,2022,2.0,0.0
155580209831103,14011,1,5,2022,2.0,0.0
306240210009180,14111,2,5,2022,3.0,0.0
030218945302371,14011,1,5,2022,3.0,0.0
030311574087892,14011,2,5,2022,2.0,0.0
305210617019380,14111,1,5,2022,3.0,0.0
305210617019380,14111,2,5,2022,3.0,1.0
493400399981003,14011,1,5,2022,1.0,0.0
694670801450301,14111,1,5,2022,1.0,0.0
030511215983153,14111,1,5,2022,1.0,0.0
578530039451003,14011,1,5,2022,2.0,0.0
735558301940300,14011,2,5,2022,1.0,0.0
310890419039683,14011,1,5,2022,3.0,1.0
721770986791003,14011,2,5,2022,1.0,0.0
907409001880302,14011,1,5,2022,3.0,0.0
030810204969952,14011,1,5,2022,1.0,0.0
707415757210312,14011,1,5,2022,2.0,0.0
202317901740409,14011,1,5,2022,1.0,0.0
083025614405111,14111,1,5,2022,2.0,0.0
190594050047533,14011,1,5,2022,3.0,0.0
554842180905003,14011,1,5,2022,2.0,0.0
040510927185416,14011,2,5,2022,3.0,0.0
074335150105703,14011,1,5,2022,1.0,0.0
046058422401461,14011,1,5,2022,2.0,1.0
700403110810735,14011,2,5,2022,1.0,0.0
488673801650404,14011,2,5,2022,1.0,1.0
810007644247458,14011,2,5,2022,3.0,1.0
046049289402101,14011,2,5,2022,1.0,0.0
140425010046614,14011,2,5,2022,1.0,0.0
501503121110682,14011,2,5,2022,1.0,0.0
804505261310523,14011,2,5,2022,1.0,0.0
966952701930506,14111,1,5,2022,1.0,0.0
851752001100763,14011,1,6,2022,2.0,0.0
260645150404235,14011,2,6,2022,3.0,0.0
656840610581100,14011,1,6,2022,3.0,0.0
024410711082619,14011,1,6,2022,2.0,0.0
107150060054861,14011,1,6,2022,1.0,0.0
311864072902828,14011,1,6,2022,1.0,1.0
612702520063496,14011,1,6,2022,2.0,0.0
806899721906001,14011,2,6,2022,1.0,1.0
310003790111818,14011,3,6,2022,2.0,0.0
126730080082149,14011,1,6,2022,2.0,1.0
101409006110437,14111,1,6,2022,2.0,0.0
141317075710472,14111,1,6,2022,3.0,0.0
010104771763442,14011,2,6,2022,1.0,1.0
169261020254659,14011,2,6,2022,3.0,0.0
721855170602708,14011,1,6,2022,1.0,0.0
010312281010284,14011,2,6,2022,2.0,0.0
155085961108891,14111,1,6,2022,2.0,0.0
149571050149592,14011,1,6,2022,3.0,0.0
719390133281701,14011,2,6,2022,2.0,1.0
010009471671097,14011,2,6,2022,3.0,1.0
179330312013784,14011,1,6,2022,3.0,1.0
771950455161001,14011,2,6,2022,3.0,0.0
143391080049821,14011,2,6,2022,3.0,1.0
931199004910536,14011,2,6,2022,2.0,0.0
200100310910939,14011,1,6,2022,1.0,0.0
221501011920485,14011,2,6,2022,2.0,0.0
020110744969556,14011,2,6,2022,1.0,0.0
200420615361102,14111,1,6,2022,1.0,0.0
910101882406022,14111,1,6,2022,1.0,0.0
020310368328167,14111,1,6,2022,2.0,0.0
158063782209141,14011,2,6,2022,1.0,0.0
379810245681102,14011,2,6,2022,1.0,0.0
133024481201931,14011,1,6,2022,2.0,0.0
071157007520545,14011,1,6,2022,3.0,0.0
931894002620624,14011,2,6,2022,3.0,1.0
392666110609800,14011,1,6,2022,1.0,0.0
392666110609800,14011,2,6,2022,1.0,0.0
020910909533731,14011,1,6,2022,2.0,0.0
104432090151604,14011,2,6,2022,1.0,0.0
155580209831103,14011,1,6,2022,1.0,0.0
306240210009180,14111,2,6,2022,2.0,0.0
030218945302371,14011,1,6,2022,2.0,0.0
900399140210036,14011,1,6,2022,3.0,0.0
030311574087892,14011,2,6,2022,1.0,0.0
305210617019380,14111,1,6,2022,2.0,0.0
305210617019380,14111,2,6,2022,2.0,1.0
625011401576303,14011,2,6,2022,3.0,0.0
735558301940300,14011,2,6,2022,,
710003843834975,14111,1,6,2022,3.0,0.0
310890419039683,14011,1,6,2022,2.0,1.0
710006813252806,14011,3,6,2022,,
641576000430444,14011,2,6,2022,3.0,0.0
907409001880302,14011,1,6,2022,2.0,0.0
315920616048881,14011,2,6,2022,3.0,0.0
143183080348529,14011,1,6,2022,1.0,0.0
050690666741104,14011,2,6,2022,3.0,0.0
210001864188761,14011,2,6,2022,3.0,1.0
010106914963942,14011,1,6,2022,2.0,0.0
922571801561409,14011,1,6,2022,3.0,1.0
922571801561409,14011,2,6,2022,3.0,1.0
083025614405111,14111,1,6,2022,1.0,0.0
554842180905003,14011,1,6,2022,1.0,0.0
157024060026575,14011,1,6,2022,2.0,1.0
157024060026575,14011,2,6,2022,2.0,1.0
711904984531668,14011,2,6,2022,3.0,1.0
046058422401461,14011,1,6,2022,1.0,1.0
176004080179114,14011,2,6,2022,3.0,0.0
284094110206222,14011,1,6,2022,3.0,0.0
284094110206222,14011,2,6,2022,3.0,0.0
433770514047808,14011,1,6,2022,2.0,0.0
841383003540935,14011,2,6,2022,3.0,0.0
001432772910362,14011,1,6,2022,2.0,0.0
706432943910525,14011,1,6,2022,3.0,0.0
608521352010027,14111,1,6,2022,3.0,0.0
355850559491005,14011,2,6,2022,2.0,0.0
110004875895104,14111,2,6,2022,2.0,1.0
406505296410732,14111,1,6,2022,3.0,0.0
504750219075498,14111,1,6,2022,1.0,0.0
007075496509901,14011,2,6,2022,1.0,0.0
079042895006631,14111,2,7,2022,1.0,0.0
428920317621000,14111,2,7,2022,2.0,0.0
210005710337425,14111,1,7,2022,2.0,0.0
072522819058633,14011,1,7,2022,3.0,1.0
636134001570006,14011,1,7,2022,2.0,1.0
655580976071100,14011,1,7,2022,2.0,0.0
656840610581100,14011,1,7,2022,2.0,0.0
698250365301200,14011,1,7,2022,2.0,0.0
024410711082619,14011,1,7,2022,1.0,0.0
025350814059696,14011,2,7,2022,2.0,1.0
612702520063496,14011,1,7,2022,1.0,0.0
310003790111818,14011,3,7,2022,1.0,0.0
507021682810568,14011,1,7,2022,1.0,0.0
101409006110437,14111,1,7,2022,1.0,0.0
141317075710472,14111,1,7,2022,2.0,0.0
671514072410018,14111,1,7,2022,3.0,0.0
169351020210865,14011,1,7,2022,3.0,0.0
169261020254659,14011,2,7,2022,2.0,0.0
112311020029884,14011,1,7,2022,1.0,1.0
521455016010799,14111,1,7,2022,3.0,0.0
112800617096596,14111,1,7,2022,3.0,0.0
155085961108891,14111,1,7,2022,1.0,0.0
149571050149592,14011,1,7,2022,2.0,0.0
062026559105771,14011,3,7,2022,2.0,1.0
010009471671097,14011,2,7,2022,2.0,1.0
107100910019786,14011,2,7,2022,3.0,1.0
197574801320100,14011,1,7,2022,3.0,0.0
771950455161001,14011,2,7,2022,2.0,0.0
931199004910536,14011,2,7,2022,1.0,0.0
221501011920485,14011,2,7,2022,1.0,0.0
020110123759715,14111,1,7,2022,2.0,0.0
120212020041931,14011,1,7,2022,3.0,1.0
020310368328167,14111,1,7,2022,1.0,0.0
133024481201931,14011,1,7,2022,1.0,0.0
020410137926457,14011,2,7,2022,3.0,1.0
071157007520545,14011,1,7,2022,2.0,0.0
161973016220462,14011,1,7,2022,1.0,1.0
606211631710824,14011,2,7,2022,3.0,1.0
200760113068960,14011,2,7,2022,2.0,1.0
310001453398430,14011,1,7,2022,2.0,0.0
030111647118327,14011,1,7,2022,3.0,0.0
087091201309281,14011,1,7,2022,2.0,0.0
030218945302371,14011,1,7,2022,1.0,0.0
900399140210036,14011,1,7,2022,2.0,0.0
305210617019380,14111,1,7,2022,1.0,0.0
907311622410532,14011,2,7,2022,1.0,1.0
182303050625907,14011,1,7,2022,3.0,0.0
167453060118750,14011,1,7,2022,1.0,0.0
310890419039683,14011,1,7,2022,1.0,1.0
502323684610470,14011,2,7,2022,3.0,0.0
641576000430444,14011,2,7,2022,2.0,0.0
743790448421203,14011,2,7,2022,3.0,1.0
907409001880302,14011,1,7,2022,1.0,0.0
307580610052742,14011,1,7,2022,2.0,1.0
315920616048881,14011,2,7,2022,2.0,0.0
050690666741104,14011,2,7,2022,2.0,0.0
610104344318281,14011,3,7,2022,2.0,0.0
066071299402201,14111,1,7,2022,3.0,0.0
210001864188761,14011,2,7,2022,2.0,1.0
010106914963942,14011,1,7,2022,1.0,0.0
040210721362259,14011,2,7,2022,2.0,0.0
177494020027237,14011,4,7,2022,3.0,0.0
407760814021271,14011,2,7,2022,2.0,1.0
024519140701414,14011,1,7,2022,3.0,1.0
400720812092263,14011,1,7,2022,3.0,0.0
922571801561409,14011,1,7,2022,2.0,1.0
922571801561409,14011,2,7,2022,2.0,1.0
404416400410431,14011,1,7,2022,1.0,0.0
404416400410431,14011,2,7,2022,1.0,0.0
157024060026575,14011,1,7,2022,1.0,1.0
864719130201608,14111,2,7,2022,1.0,0.0
432550718000839,14011,3,7,2022,3.0,0.0
711904984311668,14011,1,7,2022,2.0,0.0
711904984311668,14011,2,7,2022,2.0,0.0
176004080179114,14011,2,7,2022,2.0,0.0
433770514047808,14011,1,7,2022,1.0,0.0
841383003540935,14011,2,7,2022,2.0,0.0
954068944412391,14011,1,7,2022,3.0,0.0
411782008240379,14011,1,7,2022,3.0,0.0
706432943910525,14011,1,7,2022,2.0,0.0
007515982010086,14011,1,7,2022,3.0,1.0
608521352010027,14111,1,7,2022,2.0,0.0
010204125750180,14011,2,7,2022,2.0,0.0
804511669010645,14111,1,7,2022,1.0,0.0
117745010070421,14011,1,7,2022,1.0,0.0
160180127541005,14011,2,7,2022,3.0,0.0
704503437110880,14011,2,7,2022,1.0,0.0
643135501670502,14011,1,7,2022,3.0,1.0
023063724508701,14011,1,7,2022,2.0,1.0
355850559491005,14011,2,7,2022,1.0,0.0
406505296410732,14111,1,7,2022,2.0,0.0
814864401440501,14011,2,7,2022,1.0,0.0
981525014700490,15011,1,8,2022,1.0,1.0
003043764410914,15011,2,8,2022,3.0,0.0
428920317621000,14111,2,8,2022,1.0,0.0
210001610571235,14012,1,8,2022,1.0,0.0
851752001100763,14011,1,8,2022,,
210005710337425,14111,1,8,2022,1.0,0.0
021262011400922,14011,3,8,2022,2.0,0.0
655580976071100,14011,1,8,2022,1.0,0.0
656840610581100,14011,1,8,2022,1.0,0.0
698250365301200,14011,1,8,2022,1.0,0.0
166070401611003,15011,1,8,2022,3.0,0.0
910209540635856,14011,2,8,2022,1.0,0.0
310003790111818,14011,3,8,2022,,
769021401171004,15011,2,8,2022,3.0,0.0
010117354572572,14011,4,8,2022,2.0,1.0
105571010754633,14011,2,8,2022,1.0,0.0
153311010639871,15111,1,8,2022,3.0,0.0
671514072410018,14111,1,8,2022,2.0,0.0
169351020210865,14011,1,8,2022,2.0,0.0
169261020254659,14011,2,8,2022,1.0,0.0
105840214088260,14011,1,8,2022,1.0,0.0
891636005710405,14011,2,8,2022,,
521455016010799,14111,1,8,2022,2.0,0.0
112800617096596,14111,1,8,2022,2.0,0.0
900149146510236,14011,2,8,2022,1.0,0.0
149571050149592,14011,1,8,2022,1.0,0.0
671620724441001,15111,1,8,2022,3.0,0.0
173670414073726,14011,1,8,2022,1.0,0.0
104730211053791,15011,2,8,2022,3.0,0.0
771950455161001,14011,2,8,2022,1.0,0.0
941585009410304,14011,1,8,2022,2.0,0.0
212690315039134,14011,1,8,2022,2.0,0.0
710006562312771,14011,1,8,2022,2.0,0.0
020110123759715,14111,1,8,2022,1.0,0.0
034031259202991,15011,1,8,2022,3.0,0.0
034031259202991,15011,2,8,2022,3.0,0.0
266074999207201,14011,2,8,2022,1.0,1.0
451148013620840,14011,1,8,2022,1.0,0.0
071157007520545,14011,1,8,2022,1.0,0.0
165115901231205,15011,1,8,2022,3.0,1.0
166282050041887,15111,1,8,2022,3.0,1.0
215820012031571,15011,1,8,2022,3.0,1.0
838854801710207,14111,2,8,2022,2.0,0.0
930950893361002,15111,2,8,2022,,
310001453398430,14011,1,8,2022,1.0,0.0
905301239010006,15011,1,8,2022,3.0,1.0
030111647118327,14011,1,8,2022,2.0,0.0
281913501330301,15011,1,8,2022,3.0,0.0
087091201309281,14011,1,8,2022,1.0,0.0
395050612009276,14011,3,8,2022,2.0,0.0
900399140210036,14011,1,8,2022,1.0,0.0
316180425691003,15111,1,8,2022,3.0,0.0
610006633072793,14111,1,8,2022,2.0,1.0
415570717441003,15011,2,8,2022,3.0,1.0
421490279091003,14011,1,8,2022,1.0,1.0
710003843834975,14111,1,8,2022,1.0,0.0
071865041630680,14011,1,8,2022,,
316265701970305,14011,1,8,2022,1.0,0.0
502323684610470,14011,2,8,2022,2.0,0.0
641576000430444,14011,2,8,2022,1.0,0.0
743790448421203,14011,2,8,2022,2.0,1.0
315920616048881,14011,2,8,2022,1.0,0.0
502305508810621,14011,1,8,2022,2.0,1.0
402302942910541,15011,1,8,2022,,
050690666741104,14011,2,8,2022,1.0,0.0
610104344318281,14011,3,8,2022,1.0,0.0
040210494709977,15011,2,8,2022,3.0,0.0
110003554269062,14011,2,8,2022,2.0,0.0
177494020027237,14011,4,8,2022,2.0,0.0
424672180701107,14011,1,8,2022,,
024519140701414,14011,1,8,2022,2.0,1.0
400720812092263,14011,1,8,2022,2.0,0.0
922571801561409,14011,1,8,2022,1.0,1.0
404416400410431,14011,1,8,2022,,
404416400410431,14011,2,8,2022,,
691745007640067,15011,2,8,2022,3.0,1.0
309408405510431,14011,2,8,2022,,
077047706408131,15011,2,8,2022,3.0,0.0
010002264375348,15011,1,8,2022,3.0,0.0
432550718000839,14011,3,8,2022,2.0,0.0
176004080179114,14011,2,8,2022,1.0,0.0
176724080226527,14011,1,8,2022,1.0,0.0
284094110206222,14011,2,8,2022,1.0,0.0
410002074185258,15011,2,8,2022,3.0,1.0
841383003540935,14011,2,8,2022,1.0,0.0
954068944412391,14011,1,8,2022,2.0,0.0
411782008240379,14011,1,8,2022,2.0,0.0
838245201610408,15011,1,8,2022,3.0,1.0
706432943910525,14011,1,8,2022,1.0,0.0
005655150502515,15111,1,8,2022,3.0,0.0
066210767221005,15111,2,8,2022,3.0,0.0
608521352010027,14111,1,8,2022,1.0,0.0
010204125750180,14011,2,8,2022,1.0,0.0
160180127541005,14011,2,8,2022,2.0,0.0
185061519505071,14011,2,8,2022,1.0,0.0
643135501670502,14011,1,8,2022,2.0,1.0
406505296410732,14111,1,8,2022,1.0,0.0
250450799841100,15011,2,9,2022,,
250450799841100,15011,3,9,2022,1.0,1.0
003043764410914,15011,2,9,2022,2.0,0.0
440680180101718,15011,1,9,2022,3.0,0.0
000510277669530,15011,1,9,2022,3.0,0.0
706006956510760,15011,1,9,2022,2.0,0.0
021262011400922,14011,3,9,2022,1.0,0.0
085096241023791,15011,1,9,2022,2.0,0.0
190590060297513,15011,2,9,2022,2.0,0.0
677740366101000,15011,2,9,2022,1.0,0.0
941465018900953,15011,2,9,2022,,
166070401611003,15011,1,9,2022,2.0,0.0
706547401730008,15011,2,9,2022,1.0,0.0
153311010639871,15111,1,9,2022,2.0,0.0
671514072410018,14111,1,9,2022,1.0,0.0
007121720210493,15011,1,9,2022,2.0,0.0
169351020210865,14011,1,9,2022,1.0,0.0
000114929210892,15011,1,9,2022,2.0,0.0
223640264521401,15011,3,9,2022,1.0,0.0
010310884510216,15011,1,9,2022,2.0,0.0
521455016010799,14111,1,9,2022,1.0,0.0
112800617096596,14111,1,9,2022,1.0,0.0
671620724441001,15111,1,9,2022,2.0,0.0
104730211053791,15011,2,9,2022,2.0,0.0
561793008510472,15011,1,9,2022,3.0,0.0
302592170803406,15011,1,9,2022,3.0,0.0
020111132395389,15011,2,9,2022,2.0,0.0
212690315039134,14011,1,9,2022,1.0,0.0
710006562312771,14011,1,9,2022,1.0,0.0
034031259202991,15011,1,9,2022,2.0,0.0
164270571891002,15011,2,9,2022,1.0,0.0
101203143210110,15111,1,9,2022,3.0,0.0
101203143210110,15111,2,9,2022,3.0,1.0
223065024200701,14011,1,9,2022,1.0,0.0
166282050041887,15111,1,9,2022,2.0,1.0
762279170308417,15011,1,9,2022,3.0,0.0
507203185810978,14011,1,9,2022,1.0,0.0
507203185810978,14011,2,9,2022,1.0,0.0
030111647118327,14011,1,9,2022,1.0,0.0
281913501330301,15011,1,9,2022,2.0,0.0
395050612009276,14011,3,9,2022,1.0,0.0
316180425691003,15111,1,9,2022,2.0,0.0
502323684610470,14011,2,9,2022,1.0,0.0
606365401001306,14011,1,9,2022,1.0,0.0
863561150502317,15011,2,9,2022,2.0,1.0
341600316017952,15011,2,9,2022,3.0,0.0
199630608031004,15011,1,9,2022,2.0,0.0
066071299402201,14111,1,9,2022,1.0,0.0
040210494709977,15011,2,9,2022,2.0,0.0
110003554269062,14011,2,9,2022,1.0,0.0
177494020027237,14011,4,9,2022,1.0,0.0
400720812092263,14011,1,9,2022,1.0,0.0
691745007640067,15011,2,9,2022,2.0,1.0
704927201612405,15011,2,9,2022,2.0,0.0
190944080296496,15011,2,9,2022,2.0,0.0
432550718000839,14011,3,9,2022,1.0,0.0
954068944412391,14011,1,9,2022,1.0,0.0
411782008240379,14011,1,9,2022,1.0,0.0
005655150502515,15111,1,9,2022,2.0,0.0
066210767221005,15111,2,9,2022,2.0,0.0
003043764410914,15011,2,10,2022,1.0,0.0
047064238001391,15111,4,10,2022,3.0,0.0
440680180101718,15011,1,10,2022,2.0,0.0
000510277669530,15011,1,10,2022,2.0,0.0
002280411075588,15111,2,10,2022,2.0,1.0
005840815003626,15011,2,10,2022,3.0,1.0
085096241023791,15011,1,10,2022,1.0,0.0
677740366101000,15011,2,10,2022,,
166070401611003,15011,1,10,2022,1.0,0.0
521067002000274,15011,1,10,2022,1.0,0.0
610108080531376,15011,2,10,2022,,
860222140106530,15011,2,10,2022,2.0,0.0
912008000381976,15011,2,10,2022,3.0,0.0
706547401730008,15011,2,10,2022,,
010105810624348,15011,2,10,2022,3.0,0.0
890816100700912,15011,1,10,2022,2.0,0.0
153311010639871,15111,1,10,2022,1.0,0.0
007121720210493,15011,1,10,2022,1.0,0.0
223640264521401,15011,3,10,2022,,
251480772831501,15011,2,10,2022,2.0,0.0
506350947721001,15111,1,10,2022,2.0,0.0
561397170404519,15011,1,10,2022,2.0,0.0
102470114099684,15111,1,10,2022,3.0,0.0
671620724441001,15111,1,10,2022,1.0,0.0
104730211053791,15011,2,10,2022,1.0,0.0
287447101180105,15011,1,10,2022,3.0,0.0
302592170803406,15011,1,10,2022,2.0,0.0
034031259202991,15011,1,10,2022,1.0,0.0
164270571891002,15011,2,10,2022,,
038092814200161,15111,1,10,2022,1.0,0.0
101203143210110,15111,1,10,2022,2.0,0.0
313357100201109,15111,2,10,2022,3.0,0.0
281913501330301,15011,1,10,2022,1.0,0.0
316180425691003,15111,1,10,2022,1.0,0.0
401635000830375,15111,2,10,2022,3.0,0.0
320530817042607,15011,3,10,2022,3.0,0.0
736980530651003,15011,1,10,2022,2.0,1.0
122633070072211,15011,1,10,2022,2.0,0.0
122633070072211,15011,2,10,2022,2.0,0.0
165123070062357,15011,2,10,2022,3.0,0.0
541485008530993,15111,1,10,2022,,
341600316017952,15011,2,10,2022,2.0,0.0
175883090008358,15011,1,10,2022,,
091050321271004,15011,2,10,2022,3.0,1.0
199630608031004,15011,1,10,2022,1.0,0.0
409413680110796,15011,2,10,2022,1.0,0.0
040210494709977,15011,2,10,2022,1.0,0.0
170434050023624,15011,1,10,2022,3.0,0.0
040710286785406,15011,2,10,2022,1.0,1.0
190944080296496,15011,2,10,2022,1.0,0.0
441580010640360,15011,2,10,2022,3.0,1.0
701293009140558,15011,2,10,2022,,
066210767221005,15111,2,10,2022,1.0,0.0
021812001450925,15011,1,10,2022,,
156335040003250,15111,1,10,2022,3.0,0.0
050510342613615,15011,1,10,2022,1.0,0.0
303000535110434,15011,2,11,2022,1.0,0.0
440680180101718,15011,1,11,2022,1.0,0.0
000510277669530,15011,1,11,2022,1.0,0.0
107800260112158,15011,1,11,2022,3.0,0.0
636800018721120,15011,1,11,2022,2.0,0.0
860222140106530,15011,2,11,2022,1.0,0.0
912008000381976,15011,2,11,2022,2.0,0.0
010105810624348,15011,2,11,2022,2.0,0.0
158290712003154,15111,1,11,2022,2.0,0.0
235092305100681,15011,1,11,2022,2.0,0.0
142511020271815,15011,2,11,2022,2.0,0.0
205540572251001,15011,1,11,2022,2.0,1.0
251480772831501,15011,2,11,2022,1.0,0.0
010511575069676,15111,2,11,2022,1.0,0.0
287447101180105,15011,1,11,2022,2.0,0.0
547839801455106,15011,2,11,2022,3.0,0.0
771474006510293,15011,1,11,2022,3.0,0.0
561793008510472,15011,1,11,2022,1.0,0.0
103360913098920,15011,1,11,2022,3.0,1.0
302592170803406,15011,1,11,2022,1.0,0.0
020210355462532,15111,1,11,2022,3.0,0.0
101203143210110,15111,1,11,2022,1.0,0.0
542388180806807,15011,2,11,2022,2.0,1.0
442789110509902,15011,1,11,2022,3.0,0.0
020611549157125,15011,2,11,2022,2.0,0.0
033037527206421,15011,2,11,2022,3.0,0.0
510007352244318,15111,2,11,2022,3.0,0.0
270267401970305,15011,2,11,2022,3.0,0.0
313357100201109,15111,2,11,2022,2.0,0.0
533397170700509,15011,1,11,2022,,
320530817042607,15011,3,11,2022,2.0,0.0
736980530651003,15011,1,11,2022,1.0,1.0
122633070072211,15011,1,11,2022,1.0,0.0
122633070072211,15011,2,11,2022,1.0,0.0
165123070062357,15011,2,11,2022,2.0,0.0
341600316017952,15011,2,11,2022,1.0,0.0
910109753119599,15011,1,11,2022,2.0,0.0
004141160701309,15011,2,11,2022,2.0,1.0
705404535210914,15011,2,11,2022,2.0,1.0
170434050023624,15011,1,11,2022,2.0,0.0
674843100701000,15011,1,11,2022,3.0,0.0
040810459815091,15011,1,11,2022,3.0,0.0
784433140906704,15011,2,11,2022,3.0,0.0
881110369451314,15011,2,11,2022,3.0,0.0
892670784271004,15011,1,11,2022,3.0,0.0
503523240310239,15011,2,11,2022,3.0,0.0
156335040003250,15111,1,11,2022,2.0,0.0
691940316141105,15011,1,11,2022,2.0,0.0
000410551481477,15111,2,12,2022,3.0,1.0
107800260112158,15011,1,12,2022,2.0,0.0
636800018721120,15011,1,12,2022,1.0,0.0
912008000381976,15011,2,12,2022,1.0,0.0
010105810624348,15011,2,12,2022,1.0,0.0
580486130609408,15011,2,12,2022,1.0,0.0
004230911061968,15011,3,12,2022,3.0,0.0
703019281910805,15011,2,12,2022,3.0,0.0
158290712003154,15111,1,12,2022,1.0,0.0
235092305100681,15011,1,12,2022,1.0,0.0
142341020065842,15011,1,12,2022,2.0,0.0
142511020271815,15011,2,12,2022,1.0,0.0
104360517054388,15011,1,12,2022,1.0,0.0
503570201810104,15011,1,12,2022,2.0,0.0
900149141510636,15011,1,12,2022,3.0,0.0
261950170504308,15111,1,12,2022,2.0,1.0
010715539832113,15012,1,12,2022,1.0,0.0
547839801455106,15011,2,12,2022,2.0,0.0
178611070008043,15011,1,12,2022,2.0,0.0
206108573810141,15011,2,12,2022,,
103360913098920,15011,1,12,2022,2.0,1.0
020210355462532,15111,1,12,2022,2.0,0.0
162422040193518,15011,2,12,2022,3.0,0.0
442789110509902,15011,1,12,2022,2.0,0.0
310003492118324,15011,1,12,2022,1.0,0.0
116522050068468,15011,2,12,2022,1.0,0.0
033037527206421,15011,2,12,2022,2.0,0.0
093038563205261,15011,1,12,2022,3.0,0.0
510007352244318,15111,2,12,2022,2.0,0.0
270267401970305,15011,2,12,2022,2.0,0.0
313357100201109,15111,2,12,2022,1.0,0.0
394846001990303,15011,1,12,2022,1.0,0.0
130153060235562,15011,2,12,2022,2.0,1.0
463837150901422,15011,1,12,2022,2.0,0.0
710207423076766,15011,1,12,2022,3.0,1.0
810201953875426,15011,1,12,2022,3.0,0.0
373743190105504,15011,2,12,2022,2.0,0.0
165123070062357,15011,2,12,2022,1.0,0.0
705404535210914,15011,2,12,2022,1.0,1.0
404510614014284,15011,2,12,2022,,
410305164204864,15011,2,12,2022,3.0,0.0
681350017140440,15011,2,12,2022,3.0,1.0
510000064016155,15111,1,12,2022,2.0,0.0
040710700486310,15011,2,12,2022,1.0,0.0
674843100701000,15011,1,12,2022,2.0,0.0
728570030471004,15011,1,12,2022,3.0,0.0
104405104710257,15011,2,12,2022,2.0,0.0
610309794200028,15011,1,12,2022,1.0,0.0
040810459815091,15011,1,12,2022,2.0,0.0
040811067748094,15011,2,12,2022,2.0,0.0
111078845405081,15011,2,12,2022,1.0,0.0
288952401250403,15011,2,12,2022,2.0,0.0
784433140906704,15011,2,12,2022,2.0,0.0
830650628961104,15011,2,12,2022,3.0,0.0
892670784271004,15011,1,12,2022,2.0,0.0
898460373201304,15011,2,12,2022,3.0,0.0
503523240310239,15011,2,12,2022,2.0,0.0
156335040003250,15111,1,12,2022,1.0,0.0
410004215457185,15011,1,12,2022,1.0,0.0
926373601250504,15111,1,12,2022,3.0,0.0
407500016847750,15111,1,1,2023,3.0,0.0
210401019239610,15011,2,1,2023,3.0,0.0
472569921060017,15011,1,1,2023,3.0,0.0
322062108645125,15011,1,1,2023,,
160991500684071,15111,2,1,2023,3.0,0.0
617701014856960,15011,2,1,2023,3.0,0.0
249533041090011,15011,1,1,2023,3.0,0.0
340399011105402,15011,2,1,2023,3.0,0.0
042369560120175,15011,1,1,2023,3.0,0.0
049719510521126,15011,2,1,2023,2.0,1.0
082063017817002,15011,2,1,2023,3.0,0.0
170557100752272,15011,1,1,2023,3.0,0.0
621700206658630,15011,2,1,2023,3.0,0.0
290848071411860,15011,1,1,2023,2.0,0.0
820208051417756,15011,2,1,2023,3.0,1.0
171671000991624,15011,2,1,2023,3.0,0.0
055903015159770,15011,1,1,2023,3.0,1.0
921100501614155,15011,2,1,2023,3.0,0.0
350923071501510,15011,1,1,2023,2.0,0.0
204982035090116,15111,2,1,2023,2.0,1.0
324355415080013,15111,1,1,2023,3.0,0.0
060021770003061,15111,2,1,2023,2.0,0.0
703019281910805,15011,2,1,2023,2.0,0.0
004230911061968,15011,3,1,2023,2.0,0.0
900149141510636,15011,1,1,2023,2.0,0.0
114610012111002,15011,3,1,2023,,
162422040193518,15011,2,1,2023,2.0,0.0
910100642014164,15011,1,1,2023,1.0,0.0
116522050068468,15011,2,1,2023,,
030217296829541,15011,1,1,2023,2.0,0.0
130153060235562,15011,2,1,2023,1.0,1.0
681350017140440,15011,2,1,2023,2.0,1.0
728570030471004,15011,1,1,2023,2.0,0.0
174004070027385,15011,2,1,2023,1.0,0.0
898460373201304,15011,2,1,2023,2.0,0.0
926373601250504,15111,1,1,2023,2.0,0.0
303000535110434,15011,2,1,2023,,
107800260112158,15011,1,1,2023,1.0,0.0
800017427610395,15011,2,1,2023,1.0,0.0
510008880375778,15011,1,1,2023,1.0,0.0
235092305100681,15011,1,1,2023,,
503570201810104,15011,1,1,2023,1.0,0.0
547839801455106,15011,2,1,2023,1.0,0.0
103360913098920,15011,1,1,2023,1.0,1.0
214390726931002,15111,2,1,2023,1.0,0.0
020210355462532,15111,1,1,2023,1.0,0.0
442789110509902,15011,1,1,2023,1.0,0.0
033037527206421,15011,2,1,2023,1.0,0.0
510007352244318,15111,2,1,2023,1.0,0.0
710008353399150,15011,1,1,2023,1.0,0.0
270267401970305,15011,2,1,2023,1.0,0.0
373743190105504,15011,2,1,2023,1.0,0.0
674843100701000,15011,1,1,2023,1.0,0.0
892670784271004,15011,1,1,2023,1.0,0.0
288952401250403,15011,2,1,2023,1.0,0.0
784433140906704,15011,2,1,2023,1.0,0.0
503523240310239,15011,2,1,2023,1.0,0.0
570010469051645,15011,1,2,2023,3.0,0.0
607002210654130,15011,1,2,2023,,
261900426229216,15011,2,2,2023,3.0,0.0
001150106361926,15111,2,2,2023,3.0,0.0
512406115384460,15011,1,2,2023,3.0,0.0
106150126890796,15111,1,2,2023,3.0,0.0
221040202030017,15011,2,2,2023,3.0,0.0
005140255160601,15011,1,2,2023,3.0,0.0
540382283091270,15011,1,2,2023,3.0,0.0
502001100828322,15111,2,2,2023,3.0,0.0
237900712862690,15011,2,2,2023,3.0,0.0
103160361395530,15011,1,2,2023,3.0,0.0
440244664041720,15011,1,2,2023,3.0,0.0
170101600551684,15111,2,2,2023,3.0,0.0
942206013471270,15011,2,2,2023,3.0,0.0
690043107915422,15011,2,2,2023,3.0,0.0
109100517459504,15111,2,2,2023,3.0,0.0
015391310850156,15011,2,2,2023,3.0,0.0
710541001009717,15111,1,2,2023,2.0,0.0
090139059312663,15011,2,2,2023,2.0,0.0
407500016847750,15111,1,2,2023,2.0,0.0
210401019239610,15011,2,2,2023,2.0,0.0
472569921060017,15011,1,2,2023,2.0,0.0
160991500684071,15111,2,2,2023,2.0,0.0
617701014856960,15011,2,2,2023,2.0,0.0
340399011105402,15011,2,2,2023,2.0,0.0
249533041090011,15011,1,2,2023,2.0,0.0
042369560120175,15011,1,2,2023,2.0,0.0
082063017817002,15011,2,2,2023,2.0,0.0
170557100752272,15011,1,2,2023,2.0,0.0
621700206658630,15011,2,2,2023,2.0,0.0
492032654020113,15011,2,2,2023,2.0,0.0
290848071411860,15011,1,2,2023,1.0,0.0
171671000991624,15011,2,2,2023,2.0,0.0
921100501614155,15011,2,2,2023,2.0,0.0
350923071501510,15011,1,2,2023,1.0,0.0
060021770003061,15111,2,2,2023,1.0,0.0
703019281910805,15011,2,2,2023,1.0,0.0
004230911061968,15011,3,2,2023,1.0,0.0
525021455105471,15111,2,2,2023,1.0,0.0
525021455105471,15111,3,2,2023,1.0,0.0
900149141510636,15011,1,2,2023,1.0,0.0
910100642014164,15011,1,2,2023,,
162422040193518,15011,2,2,2023,1.0,0.0
084059215202291,15011,3,2,2023,1.0,0.0
134373020292734,15011,1,2,2023,1.0,0.0
030217296829541,15011,1,2,2023,1.0,0.0
408329527610851,15011,2,2,2023,1.0,0.0
710207423076766,15011,1,2,2023,1.0,0.0
728570030471004,15011,1,2,2023,1.0,0.0
898460373201304,15011,2,2,2023,1.0,0.0
926373601250504,15111,1,2,2023,1.0,0.0
070061014511774,15111,2,3,2023,3.0,0.0
330060748021721,15011,2,3,2023,3.0,0.0
010018091614712,15011,1,3,2023,3.0,1.0
170854100599150,15011,2,3,2023,2.0,0.0
106160077871445,15011,4,3,2023,3.0,0.0
169842601619940,15011,2,3,2023,3.0,0.0
160976021024310,15011,1,3,2023,1.0,0.0
194824400247121,15011,2,3,2023,3.0,0.0
240261431071522,15011,2,3,2023,3.0,0.0
180767300634171,15111,1,3,2023,3.0,0.0
980591391091980,15011,1,3,2023,3.0,0.0
029302013469370,15011,2,3,2023,3.0,0.0
043233790920141,15011,1,3,2023,3.0,1.0
580250031404944,15111,1,3,2023,3.0,0.0
320364194011400,15111,2,3,2023,3.0,0.0
740070109463484,15111,2,3,2023,3.0,0.0
521600403606541,15111,2,3,2023,3.0,0.0
009695080140167,15011,1,3,2023,1.0,0.0
094095063518679,15011,2,3,2023,3.0,0.0
201700208316849,15011,1,3,2023,3.0,0.0
460474726041083,15011,2,3,2023,3.0,0.0
901100218477847,15011,1,3,2023,3.0,0.0
150495200846234,15011,1,3,2023,3.0,0.0
570010469051645,15011,1,3,2023,2.0,0.0
261900426229216,15011,2,3,2023,2.0,0.0
001150106361926,15111,2,3,2023,2.0,0.0
106150126890796,15111,1,3,2023,2.0,0.0
170486500954021,15011,1,3,2023,2.0,1.0
221040202030017,15011,2,3,2023,2.0,0.0
005140255160601,15011,1,3,2023,2.0,0.0
931900202716521,15111,1,3,2023,,
540382283091270,15011,1,3,2023,2.0,0.0
283090101796270,15112,2,3,2023,2.0,0.0
502001100828322,15111,2,3,2023,2.0,0.0
237900712862690,15011,2,3,2023,2.0,0.0
103160361395530,15011,1,3,2023,2.0,0.0
273081102375399,15011,2,3,2023,2.0,0.0
440244664041720,15011,1,3,2023,2.0,0.0
170101600551684,15111,2,3,2023,2.0,0.0
181452900880544,15011,1,3,2023,2.0,0.0
942206013471270,15011,2,3,2023,2.0,0.0
690043107915422,15011,2,3,2023,2.0,0.0
109100517459504,15111,2,3,2023,2.0,0.0
490995831051930,15011,1,3,2023,2.0,0.0
075083072014990,15011,2,3,2023,2.0,1.0
015391310850156,15011,2,3,2023,2.0,0.0
710541001009717,15111,1,3,2023,1.0,0.0
407500016847750,15111,1,3,2023,1.0,0.0
320311043021502,15011,2,3,2023,1.0,0.0
210401019239610,15011,2,3,2023,1.0,0.0
472569921060017,15011,1,3,2023,1.0,0.0
160991500684071,15111,2,3,2023,1.0,0.0
617701014856960,15011,2,3,2023,1.0,0.0
249533041090011,15011,1,3,2023,1.0,0.0
340399011105402,15011,2,3,2023,1.0,0.0
042369560120175,15011,1,3,2023,1.0,0.0
082063017817002,15011,2,3,2023,1.0,0.0
170557100752272,15011,1,3,2023,1.0,0.0
531300403365030,15011,2,3,2023,1.0,1.0
006785450731106,15011,4,3,2023,1.0,0.0
621700206658630,15011,2,3,2023,1.0,0.0
492032654020113,15011,2,3,2023,1.0,0.0
171671000991624,15011,2,3,2023,1.0,0.0
921100501614155,15011,2,3,2023,1.0,0.0
740754011044801,16011,1,4,2023,3.0,0.0
105140065261779,16011,1,4,2023,2.0,0.0
003150047280354,16111,1,4,2023,3.0,0.0
250450391021262,16011,3,4,2023,3.0,0.0
907204113275390,16011,1,4,2023,3.0,1.0
907204113275390,16011,2,4,2023,3.0,1.0
035722790401139,16011,2,4,2023,3.0,0.0
760421743081824,16011,1,4,2023,3.0,0.0
061117200110133,16011,2,4,2023,3.0,0.0
251800004716710,16011,1,4,2023,3.0,0.0
110979900515722,16011,2,4,2023,1.0,0.0
145255482080016,16011,2,4,2023,3.0,0.0
524800012241690,16111,1,4,2023,3.0,0.0
151988200530402,16011,2,4,2023,3.0,0.0
131907012276360,16011,1,4,2023,,
005140341185389,16111,2,4,2023,3.0,0.0
006150370756967,16111,1,4,2023,,
150475071325017,16011,2,4,2023,3.0,0.0
031202140231177,16011,2,4,2023,3.0,1.0
910978825030014,16111,2,4,2023,3.0,1.0
045011005311030,16011,2,4,2023,3.0,0.0
070061014511774,15111,2,4,2023,2.0,0.0
330060748021721,15011,2,4,2023,2.0,0.0
010018091614712,15011,1,4,2023,2.0,1.0
169842601619940,15011,2,4,2023,2.0,0.0
160976021024310,15011,1,4,2023,,
194824400247121,15011,2,4,2023,2.0,0.0
024431500410165,15111,2,4,2023,2.0,1.0
180767300634171,15111,1,4,2023,2.0,0.0
000190285867770,15011,1,4,2023,2.0,0.0
140318000637713,15011,1,4,2023,1.0,0.0
340303292021661,15011,1,4,2023,2.0,0.0
320364194011400,15111,2,4,2023,2.0,0.0
009695080140167,15011,1,4,2023,,
094095063518679,15011,2,4,2023,2.0,0.0
460474726041083,15011,2,4,2023,2.0,0.0
201700208316849,15011,1,4,2023,2.0,0.0
901100218477847,15011,1,4,2023,2.0,0.0
248438644050012,15011,1,4,2023,2.0,0.0
150495200846234,15011,1,4,2023,2.0,0.0
009110041613101,15111,1,4,2023,1.0,0.0
570010469051645,15011,1,4,2023,1.0,0.0
261900426229216,15011,2,4,2023,1.0,0.0
512406115384460,15011,1,4,2023,1.0,0.0
001150106361926,15111,2,4,2023,1.0,0.0
106150126890796,15111,1,4,2023,1.0,0.0
003160121734857,15011,1,4,2023,1.0,0.0
013047210510187,15011,2,4,2023,1.0,0.0
221040202030017,15011,2,4,2023,1.0,0.0
110632556081720,15111,1,4,2023,1.0,0.0
005140255160601,15011,1,4,2023,1.0,0.0
001160278896622,15011,1,4,2023,1.0,0.0
540382283091270,15011,1,4,2023,1.0,0.0
283090101796270,15112,2,4,2023,1.0,0.0
502001100828322,15111,2,4,2023,1.0,0.0
237900712862690,15011,2,4,2023,1.0,0.0
103160361395530,15011,1,4,2023,1.0,0.0
273081102375399,15011,2,4,2023,1.0,0.0
440244664041720,15011,1,4,2023,1.0,0.0
170101600551684,15111,2,4,2023,1.0,0.0
942206013471270,15011,2,4,2023,1.0,0.0
690043107915422,15011,2,4,2023,1.0,0.0
109100517459504,15111,2,4,2023,1.0,0.0
075083072014990,15011,2,4,2023,1.0,1.0
015391310850156,15011,2,4,2023,1.0,0.0
464366300070511,16011,1,5,2023,3.0,0.0
080074217816002,16011,2,5,2023,1.0,0.0
910306081005269,16011,1,5,2023,3.0,0.0
001120129739533,16011,1,5,2023,3.0,0.0
191917100670631,16011,1,5,2023,3.0,0.0
576050100712154,16011,2,5,2023,2.0,1.0
719606613307750,16011,2,5,2023,3.0,1.0
810308011935260,16011,2,5,2023,,
660082969041110,16011,2,5,2023,3.0,1.0
004170209638413,16011,1,5,2023,3.0,0.0
042063030118468,16011,2,5,2023,1.0,0.0
478113552070019,16111,2,5,2023,3.0,0.0
237205114075710,16111,2,5,2023,3.0,0.0
310856061309710,16011,2,5,2023,3.0,0.0
361100610853736,16011,2,5,2023,3.0,0.0
121161400828594,16011,2,5,2023,,
490744318001680,16011,1,5,2023,3.0,1.0
120113011526080,16011,1,5,2023,3.0,0.0
522042100899005,16011,2,5,2023,2.0,0.0
105140065261779,16011,1,5,2023,1.0,0.0
003150047280354,16111,1,5,2023,2.0,0.0
580205001004990,16111,1,5,2023,2.0,0.0
250450391021262,16011,3,5,2023,2.0,0.0
035722790401139,16011,2,5,2023,2.0,0.0
251800004716710,16011,1,5,2023,2.0,0.0
145255482080016,16011,2,5,2023,2.0,0.0
524800012241690,16111,1,5,2023,2.0,0.0
151988200530402,16011,2,5,2023,2.0,0.0
538406019240710,16011,2,5,2023,2.0,0.0
700574764031500,16111,1,5,2023,1.0,0.0
314020106764434,16011,2,5,2023,2.0,0.0
010956090240152,16011,2,5,2023,2.0,0.0
744013104560495,16011,1,5,2023,2.0,0.0
970388051408755,16011,1,5,2023,,
065024063714296,16011,2,5,2023,2.0,0.0
070061014511774,15111,2,5,2023,1.0,0.0
330060748021721,15011,2,5,2023,1.0,0.0
405904413916650,15011,2,5,2023,1.0,0.0
170854100599150,15011,2,5,2023,1.0,0.0
169842601619940,15011,2,5,2023,1.0,0.0
194824400247121,15011,2,5,2023,1.0,0.0
180767300634171,15111,1,5,2023,1.0,0.0
029302013469370,15011,2,5,2023,1.0,0.0
043233790920141,15011,1,5,2023,1.0,1.0
000190285867770,15011,1,5,2023,1.0,0.0
140318000637713,15011,1,5,2023,,
632900112922140,15011,2,5,2023,1.0,0.0
320364194011400,15111,2,5,2023,1.0,0.0
580250031404944,15111,1,5,2023,1.0,0.0
740070109463484,15111,2,5,2023,1.0,0.0
094095063518679,15011,2,5,2023,1.0,0.0
460474726041083,15011,2,5,2023,1.0,0.0
201700208316849,15011,1,5,2023,1.0,0.0
901100218477847,15011,1,5,2023,1.0,0.0
248438644050012,15011,1,5,2023,1.0,0.0
150495200846234,15011,1,5,2023,1.0,0.0
209305118296360,16011,2,6,2023,3.0,0.0
931785991070515,16011,2,6,2023,3.0,0.0
550376021110978,16011,1,6,2023,3.0,1.0
201200009537713,16011,1,6,2023,1.0,1.0
241300206887625,16011,2,6,2023,,
827904012709010,16011,2,6,2023,3.0,0.0
920405011423110,16011,1,6,2023,3.0,1.0
133908012734190,16011,1,6,2023,3.0,0.0
108110377331814,16011,1,6,2023,3.0,0.0
420173854011152,16011,1,6,2023,3.0,0.0
420173854011152,16011,2,6,2023,3.0,0.0
073075080515925,16011,1,6,2023,3.0,0.0
770897081316639,16011,2,6,2023,,
074025000510334,16111,2,6,2023,3.0,0.0
491400114410245,16011,1,6,2023,3.0,1.0
246009014363350,16011,2,6,2023,3.0,0.0
005140429868810,16011,1,6,2023,3.0,0.0
064369900440118,16011,3,6,2023,3.0,0.0
053457440450125,16011,1,6,2023,3.0,0.0
741200504372658,16011,1,6,2023,3.0,1.0
464366300070511,16011,1,6,2023,2.0,0.0
090062063615154,16111,1,6,2023,2.0,0.0
500105014144490,16011,2,6,2023,,
010096031916646,16011,2,6,2023,1.0,1.0
492262931010017,16011,2,6,2023,2.0,0.0
001120129739533,16011,1,6,2023,2.0,0.0
191917100670631,16011,1,6,2023,2.0,0.0
719606613307750,16011,2,6,2023,2.0,1.0
120945600850212,16011,1,6,2023,2.0,1.0
006180264343081,16011,1,6,2023,2.0,1.0
100631400863842,16011,1,6,2023,2.0,1.0
110197400981102,16011,1,6,2023,2.0,1.0
761200604233929,16011,4,6,2023,2.0,0.0
237205114075710,16111,2,6,2023,2.0,0.0
072855130432166,16011,2,6,2023,2.0,0.0
637502312921320,16011,1,6,2023,2.0,0.0
130992000740523,16011,2,6,2023,1.0,0.0
361100610853736,16011,2,6,2023,2.0,0.0
014089001115602,16011,1,6,2023,2.0,1.0
490744318001680,16011,1,6,2023,2.0,1.0
582033114654494,16011,2,6,2023,2.0,1.0
582033114654494,16011,3,6,2023,2.0,1.0
120492071022835,16011,1,6,2023,1.0,0.0
105140065261779,16011,1,6,2023,,
003150047280354,16111,1,6,2023,1.0,0.0
250450391021262,16011,3,6,2023,1.0,0.0
035722790401139,16011,2,6,2023,1.0,0.0
940181807081421,16011,1,6,2023,1.0,1.0
760421743081824,16011,1,6,2023,1.0,0.0
991300209884211,16011,1,6,2023,1.0,0.0
061117200110133,16011,2,6,2023,1.0,0.0
251800004716710,16011,1,6,2023,1.0,0.0
524800012241690,16111,1,6,2023,1.0,0.0
145255482080016,16011,2,6,2023,1.0,0.0
151988200530402,16011,2,6,2023,1.0,0.0
012033048417501,16011,1,6,2023,1.0,1.0
151943500410193,16011,1,6,2023,1.0,0.0
130958500744523,16011,1,6,2023,1.0,0.0
066786270131157,16011,2,6,2023,1.0,0.0
939206013207560,16011,2,6,2023,1.0,1.0
549020104326416,16011,2,6,2023,1.0,0.0
744013104560495,16011,1,6,2023,1.0,0.0
191129800502074,16011,1,6,2023,1.0,1.0
870330051514002,16011,1,6,2023,1.0,0.0
045011005311030,16011,2,6,2023,1.0,0.0
065024063714296,16011,2,6,2023,1.0,0.0
826127835060118,16111,2,6,2023,1.0,0.0
095884820900121,16011,1,7,2023,3.0,0.0
095884820900121,16011,2,7,2023,3.0,0.0
209305212796360,16011,2,7,2023,2.0,0.0
531400607664500,16111,2,7,2023,1.0,0.0
606801014678560,16011,4,7,2023,3.0,0.0
803708015892290,16011,2,7,2023,3.0,0.0
160434900686691,16011,1,7,2023,3.0,1.0
031549074417732,16011,1,7,2023,3.0,0.0
178912071090011,16011,1,7,2023,3.0,1.0
690902035021200,16011,2,7,2023,3.0,0.0
130657200062942,16111,1,7,2023,3.0,0.0
025727450020138,16011,2,7,2023,3.0,1.0
108100322740291,16011,2,7,2023,3.0,0.0
922057106257350,16011,2,7,2023,3.0,1.0
054112070516334,16011,2,7,2023,3.0,1.0
014020014717851,16111,1,7,2023,3.0,0.0
094083002918136,16011,2,7,2023,3.0,0.0
486460755030011,16111,1,7,2023,3.0,0.0
081800807855103,16011,1,7,2023,2.0,0.0
560540708071662,16011,2,7,2023,2.0,0.0
931785991070515,16011,2,7,2023,2.0,0.0
701200544213519,16011,1,7,2023,2.0,1.0
566000103514167,16111,2,7,2023,2.0,1.0
191300701463911,16011,1,7,2023,2.0,0.0
191300701463911,16011,2,7,2023,2.0,0.0
261000708473227,16011,1,7,2023,1.0,0.0
861700922268624,16011,1,7,2023,2.0,0.0
827904012709010,16011,2,7,2023,2.0,0.0
023151038510425,16111,2,7,2023,2.0,0.0
133908012734190,16011,1,7,2023,2.0,0.0
108110377331814,16011,1,7,2023,2.0,0.0
170821300342053,16111,2,7,2023,2.0,0.0
023068093214045,16011,1,7,2023,2.0,0.0
420173854011152,16011,2,7,2023,2.0,0.0
187562463030018,16011,1,7,2023,2.0,1.0
074025000510334,16111,2,7,2023,2.0,0.0
246009014363350,16011,2,7,2023,2.0,0.0
510644211071340,16011,1,7,2023,,
064369900440118,16011,3,7,2023,2.0,0.0
941800516436051,16111,2,7,2023,2.0,0.0
053457440450125,16011,1,7,2023,2.0,0.0
090062063615154,16111,1,7,2023,1.0,0.0
720666091006150,16011,4,7,2023,1.0,0.0
780386091003211,16011,1,7,2023,1.0,1.0
001120129739533,16011,1,7,2023,1.0,0.0
513509410524200,16011,2,7,2023,1.0,1.0
220211579051880,16011,2,7,2023,1.0,1.0
381600211401323,16011,1,7,2023,1.0,0.0
120945600850212,16011,1,7,2023,1.0,1.0
110197400981102,16011,1,7,2023,1.0,1.0
761200604233929,16011,4,7,2023,1.0,0.0
237205114075710,16111,2,7,2023,1.0,0.0
637502312921320,16011,1,7,2023,1.0,0.0
072855130432166,16011,2,7,2023,1.0,0.0
361100610853736,16011,2,7,2023,1.0,0.0
395090103238331,16011,1,7,2023,1.0,1.0
140319041311668,16011,1,7,2023,1.0,0.0
014089001115602,16011,1,7,2023,1.0,1.0
490744318001680,16011,1,7,2023,1.0,1.0
582033114654494,16011,2,7,2023,1.0,1.0
582033114654494,16011,3,7,2023,1.0,1.0
861413350010010,16011,2,8,2023,3.0,1.0
811601894454601,16011,1,8,2023,3.0,0.0
040102050416941,16011,1,8,2023,3.0,0.0
861081102520057,16011,4,8,2023,3.0,0.0
819008014036550,16011,3,8,2023,,
126070105509287,16111,1,8,2023,3.0,0.0
126070105509287,16111,2,8,2023,3.0,0.0
190036600588852,16111,1,8,2023,2.0,0.0
120182400843532,16011,2,8,2023,3.0,0.0
841800300145826,16011,1,8,2023,3.0,0.0
008110355860601,16011,1,8,2023,,
013113029912568,16111,2,8,2023,3.0,1.0
094163030936182,16011,3,8,2023,3.0,1.0
490113620071454,16011,2,8,2023,3.0,0.0
141100912242630,16011,1,8,2023,3.0,1.0
023139063916915,16011,2,8,2023,3.0,0.0
750828011300301,16011,1,8,2023,3.0,0.0
330899061302311,16011,1,8,2023,3.0,0.0
007100428418907,16111,2,8,2023,3.0,0.0
144503014060470,16111,1,8,2023,3.0,0.0
122211000486404,16011,1,8,2023,3.0,0.0
618850634001316,16011,1,8,2023,3.0,1.0
095884820900121,16011,1,8,2023,2.0,0.0
095884820900121,16011,2,8,2023,2.0,0.0
150430775091410,16011,1,8,2023,2.0,0.0
209305212796360,16011,2,8,2023,1.0,0.0
126160044311486,16011,2,8,2023,2.0,1.0
606801014678560,16011,4,8,2023,2.0,0.0
803708015892290,16011,2,8,2023,2.0,0.0
800352091115816,16011,1,8,2023,2.0,0.0
851900816159512,16111,2,8,2023,2.0,0.0
306612121000016,16011,2,8,2023,2.0,0.0
031549074417732,16011,1,8,2023,2.0,0.0
002170199693919,16011,1,8,2023,2.0,0.0
130657200062942,16111,1,8,2023,2.0,0.0
690902035021200,16011,2,8,2023,2.0,0.0
620901011446580,16011,2,8,2023,2.0,1.0
108100322740291,16011,2,8,2023,2.0,0.0
093196099217331,16011,1,8,2023,2.0,0.0
014020014717851,16111,1,8,2023,2.0,0.0
094083002918136,16011,2,8,2023,2.0,0.0
064019024918539,16011,1,8,2023,2.0,0.0
486460755030011,16111,1,8,2023,2.0,0.0
081800807855103,16011,1,8,2023,1.0,0.0
560540708071662,16011,2,8,2023,1.0,0.0
065271900511165,16111,5,8,2023,1.0,0.0
893040100894183,16011,2,8,2023,1.0,0.0
471200904539025,16011,1,8,2023,1.0,0.0
170752923051320,16111,2,8,2023,1.0,0.0
094169030921184,16011,1,8,2023,1.0,0.0
861700922268624,16011,1,8,2023,1.0,0.0
417144482060014,16011,1,8,2023,1.0,1.0
827904012709010,16011,2,8,2023,1.0,0.0
023151038510425,16111,2,8,2023,1.0,0.0
133908012734190,16011,1,8,2023,1.0,0.0
108110377331814,16011,1,8,2023,1.0,0.0
536000103564367,16011,3,8,2023,1.0,1.0
023068093214045,16011,1,8,2023,1.0,0.0
420173854011152,16011,2,8,2023,1.0,0.0
073075080515925,16011,1,8,2023,1.0,0.0
560433750061860,16011,1,8,2023,1.0,1.0
074025000510334,16111,2,8,2023,1.0,0.0
001110434789637,16011,3,8,2023,1.0,0.0
100120497390431,16011,1,8,2023,1.0,0.0
246009014363350,16011,2,8,2023,1.0,0.0
194567704040215,16011,2,8,2023,1.0,1.0
064369900440118,16011,3,8,2023,1.0,0.0
820197635060018,16011,2,8,2023,1.0,0.0
941800516436051,16111,2,8,2023,1.0,0.0
091575780750155,16011,1,8,2023,1.0,0.0
053457440450125,16011,1,8,2023,1.0,0.0
204406119950340,16011,2,9,2023,3.0,1.0
162540100201640,16011,2,9,2023,3.0,0.0
131700004661406,16111,1,9,2023,3.0,0.0
030716560300146,16011,2,9,2023,3.0,1.0
990330781001361,16011,2,9,2023,3.0,0.0
521200412756608,16011,2,9,2023,3.0,0.0
798552490010016,16011,1,9,2023,3.0,1.0
600023106719109,16011,1,9,2023,3.0,0.0
411300751707211,16011,1,9,2023,3.0,0.0
170374900268941,16011,1,9,2023,2.0,0.0
138001101049117,16011,1,9,2023,3.0,0.0
041345064415301,16011,2,9,2023,3.0,0.0
567080107675129,16011,3,9,2023,3.0,0.0
400352091205826,16111,2,9,2023,3.0,0.0
780072274081720,16011,1,9,2023,3.0,0.0
455070107715205,16011,2,9,2023,3.0,0.0
826924823020017,16011,2,9,2023,3.0,0.0
191000306145145,16011,2,9,2023,2.0,0.0
681001346026841,16011,2,9,2023,3.0,0.0
411200500977945,16011,1,9,2023,3.0,0.0
020805965061550,16011,2,9,2023,3.0,0.0
811601894454601,16011,1,9,2023,2.0,0.0
604811915844610,16011,1,9,2023,2.0,0.0
180540168141469,16011,1,9,2023,2.0,0.0
040102050416941,16011,1,9,2023,2.0,0.0
861081102520057,16011,4,9,2023,2.0,0.0
122070108477262,16011,2,9,2023,2.0,0.0
120182400843532,16011,2,9,2023,2.0,0.0
841800300145826,16011,1,9,2023,2.0,0.0
013113029912568,16111,2,9,2023,2.0,1.0
133048753020011,16111,2,9,2023,2.0,0.0
490113620071454,16011,2,9,2023,2.0,0.0
750828011300301,16011,1,9,2023,2.0,0.0
330899061302311,16011,1,9,2023,2.0,0.0
107050100746429,16011,2,9,2023,2.0,0.0
007100428418907,16111,2,9,2023,2.0,0.0
144503014060470,16111,1,9,2023,2.0,0.0
991800804882147,16011,1,9,2023,,
181393400239034,16011,1,9,2023,2.0,0.0
122211000486404,16011,1,9,2023,2.0,0.0
618850634001316,16011,1,9,2023,2.0,1.0
050519220550133,16011,1,9,2023,2.0,0.0
065246085114127,16111,2,9,2023,2.0,0.0
150430775091410,16011,1,9,2023,1.0,0.0
354755470020119,16011,1,9,2023,1.0,0.0
004160024578435,16011,1,9,2023,1.0,0.0
803708015892290,16011,2,9,2023,1.0,0.0
626060105312120,16011,1,9,2023,1.0,0.0
174153400267281,16011,1,9,2023,1.0,0.0
800352091115816,16011,1,9,2023,1.0,0.0
340111043021554,16011,1,9,2023,1.0,1.0
306612121000016,16011,2,9,2023,1.0,0.0
031549074417732,16011,1,9,2023,1.0,0.0
002170199693919,16011,1,9,2023,1.0,0.0
092060101772110,16011,2,9,2023,1.0,0.0
690902035021200,16011,2,9,2023,1.0,0.0
130657200062942,16111,1,9,2023,1.0,0.0
108100322740291,16011,2,9,2023,1.0,0.0
720743214011840,16011,1,9,2023,1.0,0.0
093196099217331,16011,1,9,2023,1.0,0.0
094083002918136,16011,2,9,2023,1.0,0.0
064019024918539,16011,1,9,2023,1.0,0.0
486460755030011,16111,1,9,2023,1.0,0.0
008150085216021,16011,2,10,2023,3.0,0.0
550470584261361,16011,1,10,2023,3.0,1.0
218107415668390,16011,2,10,2023,2.0,0.0
622061105427173,16011,1,10,2023,1.0,0.0
312501010872790,16011,1,10,2023,3.0,1.0
015394310811116,16011,2,10,2023,2.0,0.0
471800605728811,16011,1,10,2023,3.0,1.0
624591582090119,16011,2,10,2023,3.0,0.0
150537200661212,16011,3,10,2023,3.0,0.0
648059982020010,16111,2,10,2023,3.0,0.0
570122864001780,16111,2,10,2023,3.0,0.0
709017122040014,16011,1,10,2023,3.0,0.0
145519013030215,16011,1,10,2023,3.0,0.0
956945473030010,16011,1,10,2023,3.0,0.0
083045000616633,16011,2,10,2023,3.0,1.0
741100415920240,16011,1,10,2023,3.0,0.0
004120406517587,16011,2,10,2023,3.0,0.0
561800028965441,16011,1,10,2023,3.0,0.0
064275085914956,16011,1,10,2023,3.0,0.0
120764600740484,16111,1,10,2023,3.0,1.0
490798021433374,16011,1,10,2023,3.0,0.0
540266415030017,16111,1,10,2023,3.0,0.0
231836025040011,16011,3,10,2023,3.0,0.0
941300109995358,16011,1,10,2023,3.0,0.0
162540100201640,16011,2,10,2023,2.0,0.0
020521043914694,16011,2,10,2023,2.0,0.0
131700004661406,16111,1,10,2023,2.0,0.0
990330781001361,16011,2,10,2023,2.0,0.0
521200412756608,16011,2,10,2023,2.0,0.0
411300751707211,16011,1,10,2023,2.0,0.0
138001101049117,16011,1,10,2023,2.0,0.0
042360560111155,16011,4,10,2023,2.0,0.0
041345064415301,16011,2,10,2023,2.0,0.0
041053020518246,16011,1,10,2023,2.0,0.0
053736610220100,16011,1,10,2023,2.0,0.0
780072274081720,16011,1,10,2023,2.0,0.0
826924823020017,16011,2,10,2023,2.0,0.0
004160364503295,16011,2,10,2023,2.0,1.0
001190340137744,16011,2,10,2023,2.0,0.0
170620900059614,16011,2,10,2023,2.0,0.0
225030100612406,16011,3,10,2023,2.0,0.0
053046530741107,16011,2,10,2023,2.0,0.0
681001346026841,16011,2,10,2023,2.0,0.0
020805965061550,16011,2,10,2023,2.0,0.0
090564045314511,16011,1,10,2023,1.0,1.0
811601894454601,16011,1,10,2023,1.0,0.0
040102050416941,16011,1,10,2023,1.0,0.0
861081102520057,16011,4,10,2023,1.0,0.0
080059026616458,16011,4,10,2023,1.0,1.0
025040108588116,16011,3,10,2023,1.0,0.0
676040104389128,16011,2,10,2023,1.0,0.0
126070105509287,16111,1,10,2023,1.0,0.0
126070105509287,16111,2,10,2023,1.0,0.0
122070108477262,16011,2,10,2023,1.0,0.0
841800300145826,16011,1,10,2023,1.0,0.0
013113029912568,16111,2,10,2023,1.0,1.0
133048753020011,16111,2,10,2023,1.0,0.0
023139063916915,16011,2,10,2023,1.0,0.0
161234600765303,16011,1,10,2023,1.0,1.0
107050100746429,16011,2,10,2023,1.0,0.0
144503014060470,16111,1,10,2023,1.0,0.0
181393400239034,16011,1,10,2023,1.0,0.0
122211000486404,16011,1,10,2023,1.0,0.0
094120038017869,16011,2,10,2023,1.0,0.0
050519220550133,16011,1,10,2023,1.0,0.0
065246085114127,16111,2,10,2023,1.0,0.0
518070104021079,16111,1,11,2023,3.0,0.0
500635021005548,16111,1,11,2023,3.0,0.0
086657350210123,16011,1,11,2023,3.0,0.0
086657350210123,16011,2,11,2023,,
105160187106488,16011,1,11,2023,3.0,0.0
000047061177838,16011,1,11,2023,3.0,0.0
055977530610128,16011,1,11,2023,3.0,0.0
150307200992831,16011,1,11,2023,3.0,0.0
021031084019383,16011,1,11,2023,3.0,0.0
021031084019383,16011,2,11,2023,3.0,0.0
003190182138430,16011,1,11,2023,3.0,0.0
821900508004021,16011,1,11,2023,2.0,0.0
340370031204217,16111,1,11,2023,3.0,0.0
960672432071520,16011,1,11,2023,2.0,0.0
461574583050017,16011,2,11,2023,3.0,0.0
969031101828385,16011,1,11,2023,3.0,0.0
630409014042120,16011,1,11,2023,1.0,1.0
543707012748060,16011,1,11,2023,3.0,0.0
279000109993490,16011,1,11,2023,2.0,1.0
360391041508881,16011,2,11,2023,3.0,0.0
060695408091540,16011,1,11,2023,3.0,0.0
780255031504954,16011,2,11,2023,3.0,0.0
010170450500145,16111,2,11,2023,2.0,0.0
008150085216021,16011,2,11,2023,2.0,0.0
622061105427173,16011,1,11,2023,,
611902011427840,16111,2,11,2023,2.0,0.0
015394310811116,16011,2,11,2023,1.0,0.0
471800605728811,16011,1,11,2023,2.0,1.0
624591582090119,16011,2,11,2023,2.0,0.0
150537200661212,16011,3,11,2023,2.0,0.0
648059982020010,16111,2,11,2023,2.0,0.0
570122864001780,16111,2,11,2023,2.0,0.0
709017122040014,16011,1,11,2023,2.0,0.0
634000106952316,16011,2,11,2023,2.0,0.0
680023494031941,16011,2,11,2023,2.0,0.0
145519013030215,16011,1,11,2023,2.0,0.0
956945473030010,16011,1,11,2023,2.0,0.0
580543211071361,16011,1,11,2023,2.0,0.0
150434783091110,16011,2,11,2023,2.0,0.0
064275085914956,16011,1,11,2023,2.0,0.0
490798021433374,16011,1,11,2023,2.0,0.0
241100912292840,16011,1,11,2023,2.0,0.0
540266415030017,16111,1,11,2023,2.0,0.0
231836025040011,16011,3,11,2023,2.0,0.0
941300109995358,16011,1,11,2023,2.0,0.0
162540100201640,16011,2,11,2023,1.0,0.0
020521043914694,16011,2,11,2023,1.0,0.0
131700004661406,16111,1,11,2023,1.0,0.0
521200412756608,16011,2,11,2023,1.0,0.0
990330781001361,16011,2,11,2023,1.0,0.0
608562270020018,16011,1,11,2023,1.0,0.0
411300751707211,16011,1,11,2023,1.0,0.0
620322021101279,16011,1,11,2023,1.0,1.0
138001101049117,16011,1,11,2023,1.0,0.0
042360560111155,16011,4,11,2023,1.0,0.0
041345064415301,16011,2,11,2023,1.0,0.0
041053020518246,16011,1,11,2023,1.0,0.0
400352091205826,16111,2,11,2023,1.0,0.0
780072274081720,16011,1,11,2023,1.0,0.0
630526041300474,16011,2,11,2023,1.0,0.0
740726011317155,16011,3,11,2023,1.0,0.0
826924823020017,16011,2,11,2023,1.0,0.0
170620900059614,16011,2,11,2023,1.0,0.0
191000306145145,16011,2,11,2023,1.0,0.0
681001346026841,16011,2,11,2023,1.0,0.0
107508011978750,17011,1,12,2023,3.0,0.0
100322081015566,17011,1,12,2023,3.0,0.0
077754450002174,17011,1,12,2023,3.0,0.0
507702015147790,17011,1,12,2023,3.0,0.0
550229031000944,17011,3,12,2023,3.0,0.0
003120277231814,17011,2,12,2023,3.0,1.0
003100327724138,17011,1,12,2023,,
401600735912235,17011,2,12,2023,1.0,0.0
950653537001970,17011,1,12,2023,3.0,0.0
741100508310736,17011,1,12,2023,2.0,0.0
120149061306387,17011,1,12,2023,3.0,0.0
120202051405681,17011,1,12,2023,3.0,0.0
090324925031440,17011,2,12,2023,3.0,0.0
628432634070015,17011,1,12,2023,3.0,0.0
074167074218406,17011,1,12,2023,3.0,0.0
150455795001300,17011,2,12,2023,2.0,1.0
050841001505478,17011,6,12,2023,2.0,0.0
320681071509203,17011,1,12,2023,1.0,1.0
990275539001830,17011,1,12,2023,3.0,0.0
711500602020551,17011,3,12,2023,,
152080105120564,17011,1,12,2023,3.0,0.0
441300207236650,17111,2,12,2023,3.0,1.0
518070104021079,16111,1,12,2023,2.0,0.0
270294011009711,16111,1,12,2023,2.0,1.0
500635021005548,16111,1,12,2023,2.0,0.0
710470186081560,16011,5,12,2023,2.0,0.0
002120168502157,16011,2,12,2023,2.0,0.0
002130152698658,16011,2,12,2023,2.0,0.0
086657350210123,16011,1,12,2023,2.0,0.0
105160187106488,16011,1,12,2023,2.0,0.0
000047061177838,16011,1,12,2023,2.0,0.0
055977530610128,16011,1,12,2023,2.0,0.0
150307200992831,16011,1,12,2023,2.0,0.0
003190182138430,16011,1,12,2023,2.0,0.0
021031084019383,16011,1,12,2023,2.0,0.0
021031084019383,16011,2,12,2023,2.0,0.0
340370031204217,16111,1,12,2023,2.0,0.0
821900508004021,16011,1,12,2023,1.0,0.0
051100109263526,16111,3,12,2023,2.0,0.0
461574583050017,16011,2,12,2023,2.0,0.0
096224030231121,16011,2,12,2023,1.0,1.0
180181600471663,16111,1,12,2023,2.0,0.0
110519300443463,16012,1,12,2023,2.0,0.0
064030108710327,16011,1,12,2023,2.0,1.0
811200103241046,16111,1,12,2023,1.0,1.0
543707012748060,16011,1,12,2023,2.0,0.0
468254464040010,16011,2,12,2023,1.0,0.0
360391041508881,16011,2,12,2023,2.0,0.0
060695408091540,16011,1,12,2023,2.0,0.0
780255031504954,16011,2,12,2023,2.0,0.0
060571061714340,16011,1,12,2023,1.0,0.0
010170450500145,16111,2,12,2023,1.0,0.0
218107415668390,16011,2,12,2023,1.0,0.0
312501010872790,16011,1,12,2023,1.0,1.0
015394310811116,16011,2,12,2023,,
021053069918664,16011,2,12,2023,1.0,0.0
624591582090119,16011,2,12,2023,1.0,0.0
150537200661212,16011,3,12,2023,1.0,0.0
648059982020010,16111,2,12,2023,1.0,0.0
583090102790230,16111,1,12,2023,1.0,0.0
570122864001780,16111,2,12,2023,1.0,0.0
503061106397324,16011,2,12,2023,1.0,0.0
680023494031941,16011,2,12,2023,1.0,0.0
537405414645070,16011,2,12,2023,1.0,0.0
145519013030215,16011,1,12,2023,1.0,0.0
851100113457632,16011,1,12,2023,1.0,0.0
580543211071361,16011,1,12,2023,1.0,0.0
956945473030010,16011,1,12,2023,1.0,0.0
830408012727650,16111,1,12,2023,1.0,0.0
150434783091110,16011,2,12,2023,1.0,0.0
004120406517587,16011,2,12,2023,1.0,0.0
064275085914956,16011,1,12,2023,1.0,0.0
290215061405937,16011,2,12,2023,,
106180408218794,16011,2,12,2023,1.0,0.0
490798021433374,16011,1,12,2023,1.0,0.0
025096071910917,16111,1,12,2023,1.0,1.0
540266415030017,16111,1,12,2023,1.0,0.0
231836025040011,16011,3,12,2023,1.0,0.0
941300109995358,16011,1,12,2023,1.0,0.0
007035990300101,17111,2,1,2024,2.0,0.0
065277900512115,17011,1,1,2024,3.0,0.0
006150245304432,17011,2,1,2024,3.0,0.0
100352300952212,17011,2,1,2024,3.0,0.0
594070100150221,17011,1,1,2024,1.0,1.0
700473254011800,17111,2,1,2024,3.0,0.0
239802312416950,17011,1,1,2024,3.0,0.0
265090100151333,17011,2,1,2024,3.0,0.0
130762300655053,17011,1,1,2024,2.0,0.0
000537030031116,17011,2,1,2024,3.0,0.0
190929800104074,17011,1,1,2024,3.0,0.0
006120409198552,17011,1,1,2024,3.0,0.0
094061085212905,17011,1,1,2024,1.0,0.0
194537104040115,17011,2,1,2024,3.0,1.0
034094049315823,17011,2,1,2024,2.0,0.0
137205600881244,17011,1,1,2024,3.0,0.0
107508011978750,17011,1,1,2024,2.0,0.0
100322081015566,17011,1,1,2024,2.0,0.0
077754450002174,17011,1,1,2024,2.0,0.0
250645041007330,17011,1,1,2024,2.0,0.0
507702015147790,17011,1,1,2024,2.0,0.0
380996001091027,17011,8,1,2024,2.0,0.0
550229031000944,17011,3,1,2024,2.0,0.0
120937400800691,17011,1,1,2024,1.0,1.0
422010106498209,17111,1,1,2024,2.0,0.0
002061008316014,17012,2,1,2024,2.0,0.0
552167723070317,17011,2,1,2024,2.0,0.0
076612280830133,17011,2,1,2024,1.0,0.0
120149061306387,17011,1,1,2024,2.0,0.0
120202051405681,17011,1,1,2024,2.0,0.0
090324925031440,17011,2,1,2024,2.0,0.0
084096069117726,17011,1,1,2024,2.0,0.0
401900007526842,17011,1,1,2024,2.0,0.0
074167074218406,17011,1,1,2024,2.0,0.0
990275539001830,17011,1,1,2024,2.0,0.0
441300207236650,17111,2,1,2024,2.0,1.0
881400103345104,16111,1,1,2024,1.0,0.0
518070104021079,16111,1,1,2024,1.0,0.0
051800608253507,16011,2,1,2024,,
500635021005548,16111,1,1,2024,1.0,0.0
086657350210123,16011,1,1,2024,1.0,0.0
105160187106488,16011,1,1,2024,1.0,0.0
055977530610128,16011,1,1,2024,1.0,0.0
150307200992831,16011,1,1,2024,1.0,0.0
003190182138430,16011,1,1,2024,1.0,0.0
021031084019383,16011,1,1,2024,1.0,0.0
021031084019383,16011,2,1,2024,1.0,0.0
340370031204217,16111,1,1,2024,1.0,0.0
821900508004021,16011,1,1,2024,,
960672432071520,16011,1,1,2024,1.0,0.0
022163071917917,16011,1,1,2024,1.0,1.0
461574583050017,16011,2,1,2024,1.0,0.0
180181600471663,16111,1,1,2024,1.0,0.0
110519300443463,16012,1,1,2024,1.0,0.0
061482490031126,16011,2,1,2024,1.0,0.0
543707012748060,16011,1,1,2024,1.0,0.0
191300709540745,16011,1,1,2024,1.0,0.0
279000109993490,16011,1,1,2024,1.0,1.0
360391041508881,16011,2,1,2024,1.0,0.0
060695408091540,16011,1,1,2024,1.0,0.0
780255031504954,16011,2,1,2024,1.0,0.0
006150245304432,17011,2,2,2024,2.0,0.0
120202051405681,17011,1,2,2024,1.0,0.0
107508011978750,17011,1,2,2024,1.0,0.0
265090100151333,17011,2,2,2024,2.0,0.0
422010106498209,17111,1,2,2024,1.0,0.0
141346400693712,17011,1,2,2024,2.0,0.0
700473254011800,17111,2,2,2024,2.0,0.0
550229031000944,17011,3,2,2024,1.0,0.0
076612280830133,17011,2,2,2024,,
120149061306387,17011,1,2,2024,1.0,0.0
190085500262032,17111,1,2,2024,2.0,0.0
250645041007330,17011,1,2,2024,1.0,0.0
077754450002174,17011,1,2,2024,1.0,0.0
507702015147790,17011,1,2,2024,1.0,0.0
100352300952212,17011,2,2,2024,2.0,0.0
232705316095600,17011,3,2,2024,2.0,0.0
180045041005808,17111,2,2,2024,3.0,0.0
062024063715296,17012,1,2,2024,1.0,0.0
062024063715296,17012,2,2,2024,1.0,0.0
094061085212905,17011,1,2,2024,,
084096069117726,17011,1,2,2024,1.0,0.0
000537030031116,17011,2,2,2024,2.0,0.0
041600800951038,17011,2,2,2024,2.0,0.0
552167723070317,17011,2,2,2024,1.0,0.0
003120277231814,17011,2,2,2024,1.0,0.0
441300207276520,17011,2,2,2024,3.0,0.0
221043102395390,17011,1,2,2024,1.0,1.0
003190485342691,17011,2,2,2024,3.0,0.0
160991500975923,17011,1,2,2024,3.0,0.0
239802312416950,17011,1,2,2024,2.0,0.0
240938051404734,17011,2,2,2024,2.0,0.0
190723800805424,17011,2,2,2024,3.0,0.0
074167074218406,17011,1,2,2024,1.0,0.0
007035990300101,17111,2,2,2024,1.0,0.0
380996001091027,17011,8,2,2024,1.0,0.0
290660071119002,17011,2,2,2024,2.0,1.0
005120271278595,17011,1,2,2024,3.0,0.0
281040102376296,17011,1,2,2024,2.0,0.0
860573403001530,17011,2,2,2024,,
069624620530114,17011,3,2,2024,1.0,0.0
990275539001830,17011,1,2,2024,1.0,0.0
300633061305913,17111,1,2,2024,2.0,1.0
130762300655053,17011,1,2,2024,1.0,0.0
015584790300116,17011,2,2,2024,3.0,0.0
209936892060017,17011,2,2,2024,2.0,0.0
891000209142145,17011,1,2,2024,3.0,0.0
001110006206302,17011,2,2,2024,3.0,1.0
150455795001300,17011,2,2,2024,1.0,1.0
012144044616497,17011,2,2,2024,1.0,0.0
407500213947750,17011,1,2,2024,3.0,0.0
180533849021110,17011,2,2,2024,2.0,0.0
751100008726619,17111,1,2,2024,2.0,0.0
102051104293103,17011,2,3,2024,3.0,0.0
157317884050015,17111,1,3,2024,3.0,1.0
044914240200126,17011,1,3,2024,2.0,0.0
040200191021660,17011,2,3,2024,1.0,0.0
033103019612337,17011,3,3,2024,3.0,0.0
190929800104074,17011,1,3,2024,1.0,0.0
511700800645557,17011,1,3,2024,3.0,0.0
700473254011800,17111,2,3,2024,1.0,0.0
631905112442780,17011,2,3,2024,2.0,0.0
006150245304432,17011,2,3,2024,1.0,0.0
239802312416950,17011,1,3,2024,1.0,0.0
891000209142145,17011,1,3,2024,2.0,0.0
115406314650370,17011,2,3,2024,3.0,0.0
281040102376296,17011,1,3,2024,1.0,0.0
034094049315823,17011,2,3,2024,,
034082005715298,17011,2,3,2024,3.0,0.0
811700205707435,17111,2,3,2024,2.0,0.0
541600407404126,17011,2,3,2024,1.0,1.0
180533849021110,17011,2,3,2024,1.0,0.0
101102012431740,17011,1,3,2024,2.0,0.0
000190042888707,17011,2,3,2024,1.0,0.0
190085500262032,17111,1,3,2024,1.0,0.0
036339070090010,17011,1,3,2024,1.0,0.0
150348900852834,17011,1,3,2024,2.0,0.0
003190485342691,17011,2,3,2024,2.0,0.0
015584790300116,17011,2,3,2024,2.0,0.0
731400100414816,17011,2,3,2024,2.0,1.0
016060109262323,17011,1,3,2024,,
232705316095600,17011,3,3,2024,1.0,0.0
210220011401663,17111,1,3,2024,3.0,0.0
074712440900121,17011,1,3,2024,3.0,0.0
290660071119002,17011,2,3,2024,1.0,1.0
412479151050016,17011,2,3,2024,2.0,1.0
441300207276520,17011,2,3,2024,2.0,0.0
011062002410353,17111,2,3,2024,,
120613400417180,17011,1,3,2024,2.0,0.0
209936892060017,17011,2,3,2024,1.0,0.0
160991500975923,17011,1,3,2024,2.0,0.0
879916513030018,17011,1,3,2024,3.0,0.0
772715020010019,17111,2,3,2024,3.0,0.0
731600000931808,17011,1,3,2024,2.0,0.0
512705117295600,17011,1,3,2024,,
100352300952212,17011,2,3,2024,1.0,0.0
143805013214980,17011,2,3,2024,3.0,0.0
180045041005808,17111,2,3,2024,2.0,0.0
901160028552938,17011,2,3,2024,3.0,0.0
004090016918913,17011,2,3,2024,3.0,0.0
867723033070012,17011,3,4,2024,2.0,0.0
043119018219227,17011,1,4,2024,3.0,0.0
157317884050015,17111,1,4,2024,2.0,1.0
013908016035110,17011,1,4,2024,1.0,0.0
160991500975923,17011,1,4,2024,1.0,0.0
001120004214660,17111,2,4,2024,,
407500213947750,17011,1,4,2024,1.0,0.0
917901016849580,17011,2,4,2024,3.0,0.0
534406115838110,17011,1,4,2024,3.0,0.0
511700800645557,17011,1,4,2024,2.0,0.0
772715020010019,17111,2,4,2024,2.0,0.0
115406314650370,17011,2,4,2024,2.0,0.0
050661423051322,17011,1,4,2024,2.0,0.0
261000517021638,17011,2,4,2024,3.0,0.0
879916513030018,17011,1,4,2024,2.0,0.0
034082005715298,17011,2,4,2024,2.0,0.0
044914240200126,17011,1,4,2024,1.0,0.0
891000209142145,17011,1,4,2024,1.0,0.0
901160028552938,17011,2,4,2024,2.0,0.0
034044062711783,17011,1,4,2024,1.0,0.0
000180459804980,17011,1,4,2024,2.0,0.0
180045041005808,17111,2,4,2024,1.0,0.0
711600804424931,17011,1,4,2024,2.0,0.0
161000708567247,17011,1,4,2024,1.0,0.0
991900308025521,17111,1,4,2024,3.0,0.0
015584790300116,17011,2,4,2024,1.0,0.0
147502012221320,17011,1,4,2024,1.0,0.0
210220011401663,17111,1,4,2024,2.0,0.0
074712440900121,17011,1,4,2024,2.0,0.0
102051104293103,17011,2,4,2024,2.0,0.0
920001102765151,17011,1,4,2024,2.0,0.0
013060107872200,17011,1,4,2024,3.0,0.0
726080106481265,17011,2,4,2024,,
631905112442780,17011,2,4,2024,1.0,0.0
028684560930123,17111,2,4,2024,2.0,0.0
014103110303156,17011,1,4,2024,3.0,0.0
177926842090016,17011,1,4,2024,3.0,0.0
003190485342691,17011,2,4,2024,1.0,0.0
553006016061800,17011,2,4,2024,1.0,0.0
091325820700141,17011,1,4,2024,3.0,1.0
416057100774157,17111,1,4,2024,3.0,1.0
980591718041261,17011,1,4,2024,3.0,0.0
673090104292253,17011,2,4,2024,3.0,0.0
033103019612337,17011,3,4,2024,2.0,0.0
150348900852834,17011,1,4,2024,1.0,0.0
609120150129702,17011,2,4,2024,3.0,0.0
100492100566542,17011,3,4,2024,2.0,0.0
420606071311298,17011,1,4,2024,1.0,0.0
141346400693712,17011,1,4,2024,1.0,0.0
024993570550150,17011,1,4,2024,3.0,0.0
072900810840160,17111,1,4,2024,,
130294200164315,17011,2,4,2024,3.0,0.0
899547700010116,17011,2,4,2024,3.0,0.0
359021100421373,17011,1,4,2024,3.0,0.0
004059091914346,17011,1,4,2024,3.0,1.0
005170222164897,17011,1,4,2024,1.0,0.0
656802111711340,17111,1,4,2024,3.0,0.0
109604015555300,17111,2,5,2024,3.0,0.0
028684560930123,17111,2,5,2024,1.0,0.0
359021100421373,17011,1,5,2024,2.0,0.0
043119018219227,17011,1,5,2024,2.0,0.0
811700205707435,17111,2,5,2024,,
157010106172097,17011,1,5,2024,3.0,0.0
030170017316044,17011,1,5,2024,3.0,0.0
180046041015818,17011,1,5,2024,3.0,1.0
251400803718046,17011,2,5,2024,2.0,1.0
034902108018513,17011,1,5,2024,3.0,0.0
511700800645557,17011,1,5,2024,1.0,0.0
210220011401663,17111,1,5,2024,1.0,0.0
074712440900121,17011,1,5,2024,1.0,0.0
639809412966930,17011,1,5,2024,3.0,1.0
879916513030018,17011,1,5,2024,1.0,0.0
034082005715298,17011,2,5,2024,1.0,0.0
130294200164315,17011,2,5,2024,2.0,0.0
001140025334872,17111,1,5,2024,1.0,0.0
560301676091777,17011,2,5,2024,3.0,1.0
917707014658060,17011,1,5,2024,2.0,0.0
160594100761622,17011,2,5,2024,1.0,0.0
534406115838110,17011,1,5,2024,2.0,0.0
000180459804980,17011,1,5,2024,1.0,0.0
899547700010116,17011,2,5,2024,2.0,0.0
115406314650370,17011,2,5,2024,1.0,0.0
050661423051322,17011,1,5,2024,1.0,0.0
609120150129702,17011,2,5,2024,2.0,0.0
731106018757230,17011,1,5,2024,2.0,0.0
130061500791122,17011,1,5,2024,3.0,0.0
610936051505471,17011,1,5,2024,1.0,0.0
920001102765151,17011,1,5,2024,1.0,0.0
016657400916142,17011,2,5,2024,2.0,0.0
047235543070016,17011,2,5,2024,1.0,0.0
621700514669932,17011,2,5,2024,2.0,0.0
167884700784001,17011,2,5,2024,3.0,0.0
270930021208635,17011,1,5,2024,3.0,0.0
076010103804200,17011,1,5,2024,3.0,0.0
143805013214980,17011,2,5,2024,1.0,0.0
849509018930470,17011,2,5,2024,1.0,0.0
553006016061800,17011,2,5,2024,,
102051104293103,17011,2,5,2024,1.0,0.0
007130277520737,17012,2,5,2024,1.0,0.0
261000517021638,17011,2,5,2024,2.0,0.0
991900308025521,17111,1,5,2024,2.0,0.0
120613400417180,17011,1,5,2024,,
980591718041261,17011,1,5,2024,2.0,0.0
917901016849580,17011,2,5,2024,2.0,0.0
692060108577384,17011,2,5,2024,3.0,0.0
912183042060010,17111,4,5,2024,1.0,0.0
227020101071491,17011,1,5,2024,3.0,0.0
033103019612337,17011,3,5,2024,1.0,0.0
150618600482093,17011,2,5,2024,1.0,1.0
902305015146820,17011,1,5,2024,2.0,0.0
024993570550150,17011,1,5,2024,2.0,0.0
901160028552938,17011,2,5,2024,1.0,0.0
208482894010012,17011,3,5,2024,1.0,0.0
656802111711340,17111,1,5,2024,2.0,0.0
960696051009865,17011,1,5,2024,2.0,0.0
867723033070012,17011,3,5,2024,1.0,0.0
902305015146820,17011,1,6,2024,1.0,0.0
016657400916142,17011,2,6,2024,1.0,0.0
359021100421373,17011,1,6,2024,1.0,0.0
043119018219227,17011,1,6,2024,1.0,0.0
034902108018513,17011,1,6,2024,2.0,0.0
660002028071990,17111,1,6,2024,3.0,1.0
024435500431153,17011,2,6,2024,3.0,0.0
731106018757230,17011,2,6,2024,1.0,1.0
556040101465427,17011,2,6,2024,3.0,0.0
459701114533630,17011,1,6,2024,3.0,0.0
170581500507413,17011,1,6,2024,2.0,1.0
012292000403116,17011,1,6,2024,2.0,0.0
608402014677770,17011,2,6,2024,3.0,1.0
026215821040018,17011,1,6,2024,2.0,1.0
081018022917023,17011,2,6,2024,1.0,0.0
713202010826470,17011,1,6,2024,1.0,0.0
917707014658060,17011,1,6,2024,1.0,0.0
150812200948241,17011,1,6,2024,2.0,1.0
160879900712462,17011,2,6,2024,1.0,0.0
997070103144268,17011,1,6,2024,2.0,1.0
229048102305390,17011,1,6,2024,1.0,1.0
093054510741126,17011,1,6,2024,1.0,0.0
202180462477520,17011,1,6,2024,1.0,1.0
202180462477520,17011,2,6,2024,1.0,1.0
456532155080113,17011,1,6,2024,1.0,1.0
003150084195852,17111,1,6,2024,,
480551219061822,17011,1,6,2024,3.0,1.0
609120150129702,17011,2,6,2024,1.0,0.0
284199643020016,17011,1,6,2024,1.0,0.0
082078110732156,17011,2,6,2024,3.0,0.0
109604015555300,17111,2,6,2024,2.0,0.0
116539600444610,17011,2,6,2024,1.0,0.0
157010106172097,17011,1,6,2024,2.0,0.0
876533800050016,17011,1,6,2024,3.0,1.0
560301676091777,17011,2,6,2024,2.0,1.0
180683500912622,17011,2,6,2024,1.0,1.0
101160535917059,17111,1,6,2024,3.0,0.0
151500514262907,17011,2,6,2024,2.0,0.0
426010105832271,17011,1,6,2024,1.0,0.0
261000517021638,17011,2,6,2024,1.0,0.0
170945925001640,17011,2,6,2024,2.0,1.0
150608600129990,17111,2,6,2024,1.0,0.0
991900308025521,17111,1,6,2024,1.0,0.0
008160280391539,17011,1,6,2024,1.0,0.0
076010103804200,17011,1,6,2024,2.0,0.0
582936563090015,17011,1,6,2024,1.0,1.0
582936563090015,17011,2,6,2024,1.0,1.0
002990600743168,17011,1,6,2024,3.0,0.0
656802111711340,17111,1,6,2024,1.0,0.0
130294200164315,17011,2,6,2024,1.0,0.0
601006110164730,17011,2,6,2024,2.0,1.0
534406115838110,17011,1,6,2024,1.0,0.0
161739200016383,17111,1,6,2024,3.0,0.0
899547700010116,17011,2,6,2024,1.0,0.0
170131304071630,17011,2,6,2024,2.0,0.0
869123044010314,17011,1,6,2024,3.0,1.0
100492100566542,17011,3,6,2024,1.0,0.0
227020101071491,17011,1,6,2024,2.0,0.0
240409017242120,17011,2,6,2024,1.0,0.0
245092101331565,17111,1,6,2024,3.0,0.0
110441168041490,17011,2,6,2024,2.0,0.0
024993570550150,17011,1,6,2024,1.0,0.0
432030101791325,17111,1,6,2024,3.0,1.0
375359290050014,17011,1,6,2024,1.0,0.0
605900314692860,17011,1,6,2024,3.0,0.0
971700902411817,17011,1,6,2024,3.0,1.0
190608900313841,17011,1,6,2024,3.0,0.0
018147470250175,17011,2,6,2024,3.0,1.0
760621350061821,17011,1,7,2024,2.0,1.0
082078110732156,17011,2,7,2024,2.0,0.0
157010106172097,17011,1,7,2024,1.0,0.0
616503018908950,17011,1,7,2024,2.0,1.0
170581500507413,17011,1,7,2024,1.0,1.0
093009085210905,17111,1,7,2024,1.0,1.0
262067127563024,17011,1,7,2024,2.0,0.0
012292000403116,17011,1,7,2024,1.0,0.0
001190283179854,17011,2,7,2024,2.0,1.0
111456930649158,17011,1,7,2024,1.0,0.0
041007057016754,17111,2,7,2024,2.0,0.0
013361067215440,17111,1,7,2024,2.0,1.0
151500514262907,17011,2,7,2024,1.0,0.0
007130149504366,17011,1,7,2024,2.0,0.0
007130149504366,17011,2,7,2024,2.0,0.0
190608900313841,17011,1,7,2024,2.0,0.0
092003004311635,17011,1,7,2024,1.0,1.0
520702848041820,17111,1,7,2024,1.0,1.0
170131304071630,17011,2,7,2024,1.0,0.0
410422273051670,17011,2,7,2024,1.0,1.0
997070103144268,17011,1,7,2024,1.0,1.0
141264300904140,17011,1,7,2024,2.0,1.0
141264300904140,17011,2,7,2024,2.0,1.0
131265600270991,17011,2,7,2024,2.0,1.0
331022106774134,17011,1,7,2024,2.0,1.0
068981560322155,17011,3,7,2024,,
515881812070014,17011,2,7,2024,1.0,1.0
106050104213103,17111,2,7,2024,2.0,1.0
876533800050016,17011,1,7,2024,2.0,1.0
163003200897234,17011,1,7,2024,2.0,0.0
103180444204892,17011,1,7,2024,2.0,0.0
103180444204892,17011,2,7,2024,2.0,1.0
869123044010314,17011,1,7,2024,2.0,1.0
451100927216659,17111,2,7,2024,2.0,1.0
459701114533630,17011,1,7,2024,2.0,0.0
591400303742109,17111,1,7,2024,2.0,0.0
395824832070016,17111,1,7,2024,2.0,0.0
040180423051351,17011,1,7,2024,1.0,0.0
006651421010011,17011,3,7,2024,1.0,1.0
240321676081890,17011,1,7,2024,,
231900202786401,17111,1,7,2024,1.0,0.0
941090104029372,17011,1,7,2024,2.0,1.0
160654612001820,17011,1,7,2024,2.0,1.0
311087107285190,17111,1,7,2024,2.0,0.0
160623400573970,17011,2,7,2024,1.0,1.0
110441168041490,17011,1,7,2024,1.0,0.0
110441168041490,17011,2,7,2024,1.0,0.0
005190194899552,17011,2,7,2024,2.0,0.0
076010103804200,17011,1,7,2024,1.0,0.0
034902108018513,17011,1,7,2024,1.0,0.0
131871100362405,17011,2,7,2024,1.0,0.0
161739200016383,17111,1,7,2024,2.0,0.0
070269940302186,17011,1,7,2024,2.0,0.0
041333064410301,17011,1,7,2024,2.0,1.0
623029106739309,17011,1,7,2024,2.0,0.0
180634304071651,17011,2,7,2024,2.0,0.0
109604015555300,17111,2,7,2024,1.0,0.0
080044021711065,17111,2,7,2024,1.0,1.0
101160535917059,17111,1,7,2024,2.0,0.0
920038061405254,17011,2,7,2024,2.0,0.0
950655162011311,17011,2,7,2024,2.0,0.0
432030101791325,17111,1,7,2024,2.0,1.0
720273154041753,17111,1,7,2024,2.0,0.0
107070108447562,17111,2,7,2024,2.0,1.0
245092101331565,17111,1,7,2024,2.0,0.0
639809412966930,17011,1,7,2024,1.0,0.0
209501212205740,17011,1,7,2024,2.0,0.0
018147470250175,17011,2,7,2024,2.0,1.0
426010105832271,17011,1,7,2024,,
240409017242120,17011,2,7,2024,,
557010103597534,17011,1,7,2024,2.0,1.0
007130149504366,17011,1,8,2024,1.0,0.0
007130149504366,17011,2,8,2024,1.0,0.0
190608900313841,17011,1,8,2024,1.0,0.0
191616300637733,18011,2,8,2024,2.0,1.0
630409013942120,18011,2,8,2024,1.0,0.0
082078110732156,17011,2,8,2024,1.0,0.0
556040101465427,17011,2,8,2024,1.0,0.0
311087107285190,17111,1,8,2024,1.0,0.0
262067127563024,17011,1,8,2024,1.0,0.0
109160023084933,17011,1,8,2024,1.0,0.0
070269940302186,17011,1,8,2024,1.0,0.0
416842910070211,17011,1,8,2024,1.0,0.0
163003200897234,17011,1,8,2024,1.0,0.0
161900416209356,17011,1,8,2024,1.0,0.0
007110479051726,18111,4,8,2024,2.0,1.0
031045083112159,18011,2,8,2024,2.0,0.0
631400110464246,17011,1,8,2024,,
190674500191795,18011,3,8,2024,2.0,0.0
741010102242367,17111,2,8,2024,1.0,1.0
209501212205740,17011,1,8,2024,1.0,0.0
001122210210119,18011,1,8,2024,2.0,0.0
390679061434007,17011,1,8,2024,1.0,1.0
006140383316441,18011,1,8,2024,2.0,1.0
093131015816680,17011,1,8,2024,1.0,1.0
960633488051561,18011,2,8,2024,2.0,1.0
063018070517987,17011,1,8,2024,1.0,0.0
760002107853062,18011,3,8,2024,2.0,0.0
691900207257607,17011,1,8,2024,1.0,0.0
691900207257607,17011,2,8,2024,1.0,0.0
047693000120146,17011,1,8,2024,1.0,0.0
132455400530433,17011,1,8,2024,1.0,0.0
911183044060010,18011,2,8,2024,2.0,0.0
861300936701947,18011,1,8,2024,2.0,0.0
041333064410301,17011,1,8,2024,1.0,1.0
013717450214120,17011,2,8,2024,1.0,0.0
002110206674083,17011,1,8,2024,1.0,0.0
070070256816534,18011,1,8,2024,1.0,0.0
005190194899552,17011,2,8,2024,1.0,0.0
623029106739309,17011,1,8,2024,1.0,0.0
724070105464117,18011,2,8,2024,2.0,0.0
041007057016754,17111,2,8,2024,1.0,0.0
720273154041753,17111,1,8,2024,1.0,0.0
005180376870336,17111,1,8,2024,1.0,0.0
832380641060013,17011,1,8,2024,1.0,0.0
584956764090215,18011,2,8,2024,2.0,0.0
311100505144846,18011,1,8,2024,2.0,0.0
160521400383955,18011,1,8,2024,2.0,0.0
459701114533630,17011,1,8,2024,1.0,0.0
080087006911759,17111,2,8,2024,1.0,0.0
282930850207126,17011,1,8,2024,,
605900314692860,17011,1,8,2024,1.0,0.0
062038047313251,18011,2,8,2024,2.0,1.0
024367260920139,18011,1,8,2024,1.0,0.0
512430850070019,18111,2,8,2024,1.0,0.0
590231685041270,18011,1,8,2024,,
395824832070016,17111,1,8,2024,1.0,0.0
891900109959813,17011,1,8,2024,1.0,0.0
000140353894588,17011,1,8,2024,1.0,0.0
101160535917059,17111,1,8,2024,1.0,0.0
000140353894588,17011,1,9,2024,,
911500608528939,17011,1,9,2024,,
001122210210119,18011,1,9,2024,1.0,0.0
190674500191795,18011,3,9,2024,1.0,0.0
041007057016754,17111,2,9,2024,,
135049600490420,18011,2,9,2024,2.0,0.0
008779560720179,18011,1,9,2024,1.0,0.0
810591368031824,18011,1,9,2024,,
660062051149928,18011,2,9,2024,1.0,0.0
673732021000015,18011,2,9,2024,1.0,0.0
006140383316441,18011,1,9,2024,1.0,1.0
065031027511133,18011,4,9,2024,1.0,0.0
395824832070016,17111,1,9,2024,,
311087107285190,17111,1,9,2024,,
209501212205740,17011,1,9,2024,,
311100505144846,18011,1,9,2024,1.0,0.0
402120180699566,18012,2,9,2024,1.0,0.0
063018070517987,17011,1,9,2024,,
934106012440430,18011,2,9,2024,1.0,0.0
900777041406381,18011,1,9,2024,2.0,0.0
950655162011311,17011,2,9,2024,,
042052027115531,18111,2,9,2024,2.0,0.0
150843500811194,18011,2,9,2024,1.0,0.0
001180435830713,18011,2,9,2024,2.0,1.0
861300936701947,18011,1,9,2024,1.0,0.0
109140514458454,18111,3,9,2024,2.0,0.0
070269940302186,17011,1,9,2024,,
891900109959813,17011,1,9,2024,,
623029106739309,17011,1,9,2024,,
047602017415090,18011,1,9,2024,2.0,0.0
163003200897234,17011,1,9,2024,,
013717450214120,17011,2,9,2024,,
031045083112159,18011,2,9,2024,1.0,0.0
007130149504366,17011,1,9,2024,,
007130149504366,17011,2,9,2024,,
768040109977009,18011,2,9,2024,2.0,0.0
064466120718133,18011,3,9,2024,2.0,1.0
054270090118824,18011,2,9,2024,2.0,0.0
161900416209356,17011,1,9,2024,,
920038061405254,17011,2,9,2024,,
080087006911759,17111,2,9,2024,,
040180423051351,17011,1,9,2024,,
184074700287321,18011,1,9,2024,1.0,0.0
584956764090215,18011,2,9,2024,1.0,0.0
009160477605222,18011,2,9,2024,2.0,0.0
841409011495780,18011,2,9,2024,,
062083063212000,18011,1,9,2024,2.0,0.0
092626730105114,18011,1,9,2024,1.0,0.0
006180442793182,18011,2,9,2024,1.0,0.0
121947600364775,18011,1,9,2024,2.0,0.0
270615051001862,18011,1,9,2024,1.0,0.0
724070105464117,18011,2,9,2024,1.0,0.0
002110206674083,17011,1,9,2024,,
450384021510943,18111,1,9,2024,1.0,1.0
540329081209291,18011,1,9,2024,2.0,0.0
901800703114941,18011,1,9,2024,2.0,1.0
900777041406381,18011,1,11,2024,1.0,0.0
040251090116224,18011,4,11,2024,1.0,0.0
061041106023306,18011,1,11,2024,1.0,0.0
320662061202519,18111,2,11,2024,1.0,0.0
092626730105114,18011,1,11,2024,,
910927091203903,18011,2,11,2024,1.0,0.0
570229081425096,18011,1,11,2024,1.0,0.0
042052027115531,18111,2,11,2024,1.0,0.0
135049600490420,18011,2,11,2024,1.0,0.0
070176086216224,18011,1,11,2024,1.0,0.0
761900709838716,18011,2,11,2024,1.0,1.0
520922260001991,18011,1,11,2024,1.0,0.0
004110414558454,18011,2,11,2024,1.0,0.0
006180442793182,18011,2,11,2024,,
117002515954130,18111,1,11,2024,1.0,0.0
109140514458454,18111,3,11,2024,1.0,0.0
034026026019353,18011,2,11,2024,1.0,0.0
065278900511145,18111,1,11,2024,1.0,0.0
156061109908125,18111,1,11,2024,1.0,0.0
180572051429880,18011,1,11,2024,1.0,0.0
240363001201119,18111,2,11,2024,1.0,0.0
086239420510182,18011,2,11,2024,1.0,0.0
062083063212000,18011,1,11,2024,1.0,0.0
276116823080316,18011,1,11,2024,1.0,0.0
047602017415090,18011,1,11,2024,1.0,0.0
467030107693598,18011,2,11,2024,,
731500904332213,18011,1,11,2024,1.0,0.0
768040109977009,18011,2,11,2024,1.0,0.0
561400414842906,18011,1,11,2024,1.0,0.0
710087101620195,18011,1,11,2024,1.0,0.0
770973124011561,18011,1,11,2024,1.0,0.0
092628730104154,18011,1,11,2024,1.0,0.0
540329081209291,18011,1,11,2024,1.0,0.0
276116823080316,18011,1,12,2024,,
634308316042570,18011,2,12,2024,,
190192300639193,18011,2,12,2024,,
170907600594904,18011,1,12,2024,,
671100504554452,18111,2,12,2024,,
050232091712422,18011,2,12,2024,,
380460670011444,18011,7,12,2024,,
000422993091061,18011,4,12,2024,,
064367900420136,18011,2,12,2024,,
051002070413971,18011,3,12,2024,,
061041106023306,18011,1,12,2024,,
621800801556504,18011,2,12,2024,,
070176086216224,18011,1,12,2024,,
006180043772323,18011,2,12,2024,,
163410801863304,18011,2,12,2024,,
110025700582470,18111,2,12,2024,,
561400414842906,18011,1,12,2024,,
001425019312660,18011,4,12,2024,,
770973124011561,18011,1,12,2024,,
057943810940152,18011,2,12,2024,,
057943810940152,18011,3,12,2024,,
155053104253103,18011,1,12,2024,,
001160220319140,18011,2,12,2024,,
034026026019353,18011,2,12,2024,,
570229081425096,18011,1,12,2024,,
350691107051820,18011,2,12,2024,,
430146051300170,18011,2,12,2024,,
320662061202519,18111,2,12,2024,,
240363001201119,18111,2,12,2024,,
345021106734534,18111,1,12,2024,,
260092011373994,18011,1,12,2024,,
033057045413831,18011,1,12,2024,,
080269290230126,18011,1,12,2024,,
964286864070013,18011,1,12,2024,,
040251090116224,18011,4,12,2024,,
520922260001991,18011,1,12,2024,,
004110414558454,18011,2,12,2024,,
030088670410142,18011,2,12,2024,,
160936800376991,18011,2,12,2024,,
726052101518339,18011,3,12,2024,,
000180329998372,18011,1,12,2024,,
156061109908125,18111,1,12,2024,,
882550982040014,18111,2,12,2024,,
262069117523024,18011,2,12,2024,,
731500904332213,18011,1,12,2024,,
570163930061340,18011,2,12,2024,,
013467067215440,18011,1,12,2024,,
073195018416371,18011,1,12,2024,,
784487634090014,18011,1,12,2024,,
086239420510182,18011,2,12,2024,,
517405219945070,18011,2,12,2024,,
092628730104154,18011,1,12,2024,,
014102075418902,18011,1,12,2024,,
589123090010113,18011,2,12,2024,,
