HRHHID,HRMONTH,HRYEAR4_0,HEFAMINC_0,HRMIS_0,HRHHID2,GESTFIPS_0,PRTAGE_0,PEMARITL_0,PESEX_0,PEEDUCA_0,PTDTRACE_0,PULINENO,PEHSPNON_0,PRCITSHP_0,PEMLR_0,PEHRUSL1_0,PWSSWGT_0,PTIO1OCD_0,employed_0,teacher_0,HRYEAR4_1,HEFAMINC_1,HRMIS_1,GESTFIPS_1,PRTAGE_1,PEMARITL_1,PESEX_1,PEEDUCA_1,PTDTRACE_1,PEHSPNON_1,PRCITSHP_1,PEMLR_1,PEHRUSL1_1,PWSSWGT_1,PTIO1OCD_1,employed_1,teacher_1,still_teacher,leaver,dest
081925080070015,4,2024,14,3,17011,1,50,4,2,46,2,1,2,1,1,60,2792.8889,2310,1,1,2025,13,7,1,51,4,2,46,2,2,1,1,50,3660.9786,2310,1,1,1,0,still teacher
041390057011754,4,2024,13,4,17011,11,33,6,1,43,1,1,2,1,1,38,408.3795,2310,1,1,2025,12,8,11,34,6,1,43,1,2,1,1,40,472.8001,2310,1,1,1,0,still teacher
046459810710113,4,2024,14,2,17011,13,43,1,1,43,1,1,2,1,1,55,3649.4,2320,1,1,2025,14,6,13,45,1,1,43,1,2,1,1,60,3060.649,2310,1,1,1,0,still teacher
046459810710113,4,2024,14,2,17011,13,40,1,2,45,1,2,2,1,1,40,3729.7699,2330,1,1,2025,14,6,13,42,1,2,45,1,2,1,1,50,3422.4335,2330,1,1,1,0,still teacher
070171099071430,4,2024,16,3,17011,13,63,3,2,43,1,1,2,1,1,40,4443.545,2310,1,1,2025,16,7,13,64,3,2,43,1,2,1,1,40,2911.9663,2310,1,1,1,0,still teacher
062033062915757,4,2024,13,4,17011,25,48,1,2,44,1,2,2,1,1,40,3083.3283,2310,1,1,2025,14,8,25,49,1,2,44,1,2,1,1,40,3224.9358,2310,1,1,1,0,still teacher
823455993010016,4,2024,16,2,17011,33,69,1,2,43,1,2,2,1,1,14,891.6842,2310,1,1,2025,15,6,33,70,1,2,43,1,2,1,1,20,906.9238,2360,1,0,0,1,other occupation
170143200357163,4,2024,15,2,17011,33,39,4,2,44,1,1,2,1,1,40,883.0052,2310,1,1,2025,15,6,33,40,4,2,44,1,2,1,1,40,844.9114,2300,1,1,1,0,still teacher
460554081301928,4,2024,16,3,17011,34,32,6,2,43,1,3,2,1,1,40,3532.4237,2310,1,1,2025,13,7,34,33,6,2,43,1,2,1,1,35,3835.0587,2310,1,1,1,0,still teacher
867723033070012,4,2024,13,2,17011,37,32,6,2,44,2,3,2,1,1,40,6292.1386,2310,1,1,2025,13,6,37,33,6,2,39,2,2,1,1,37,4610.3084,2545,1,0,0,1,other occupation
043119018219227,4,2024,13,1,17011,39,33,1,2,43,1,1,2,1,1,40,3932.7368,2310,1,1,2025,15,5,39,34,1,2,43,1,2,1,1,40,4522.3479,2555,1,0,0,1,other occupation
190692300931193,4,2024,16,3,17011,39,57,1,2,44,1,1,2,1,1,40,3521.3726,2310,1,1,2025,16,7,39,59,1,2,44,1,2,1,1,40,3661.5498,2310,1,1,1,0,still teacher
190692300931193,4,2024,16,3,17011,39,25,6,2,43,1,3,2,1,1,40,4434.3265,2310,1,1,2025,16,7,39,26,6,2,43,1,2,1,1,40,4823.8324,2310,1,1,1,0,still teacher
626050107900466,4,2024,16,2,17011,42,54,1,2,43,1,2,2,1,1,40,4733.9256,2310,1,1,2025,16,6,42,55,1,2,43,1,2,1,1,40,4378.5531,2310,1,1,1,0,still teacher
392135034020015,4,2024,16,2,17011,42,46,1,2,44,1,2,2,1,1,40,4436.5037,2310,1,1,2025,16,6,42,47,1,2,44,1,2,1,1,40,4408.5448,2310,1,1,1,0,still teacher
242706012795380,4,2024,6,4,17011,42,61,6,2,42,2,1,2,1,1,40,6099.9326,2300,1,1,2025,10,8,42,63,6,2,42,2,2,1,1,38,8478.453,3603,1,0,0,1,other occupation
194537104040115,4,2024,14,4,17011,44,45,1,1,43,1,2,2,1,1,40,1124.2942,2310,1,1,2025,15,8,44,47,1,1,43,1,2,1,1,40,937.6427,2320,1,1,1,0,still teacher
007110536000622,4,2024,15,1,17011,51,38,1,2,43,4,2,2,5,2,40,4036.4522,2310,1,1,2025,15,5,51,39,1,2,43,4,2,5,1,40,5568.944,2310,1,1,1,0,still teacher
110699300442605,4,2024,14,4,17011,54,28,1,2,43,1,1,1,1,1,40,1039.0479,2310,1,1,2025,15,8,54,29,1,2,43,1,1,1,1,40,961.1149,2300,1,1,1,0,still teacher
110435783091141,4,2024,12,1,17011,54,47,6,2,44,1,1,2,1,1,40,856.7368,2310,1,1,2025,13,5,54,48,6,2,44,1,2,1,1,40,881.7151,2310,1,1,1,0,still teacher
270361091003113,4,2024,14,4,17111,1,49,4,2,44,1,1,2,1,1,40,2471.1862,2310,1,1,2025,12,8,1,50,4,2,44,1,2,1,1,40,1948.1575,2310,1,1,1,0,still teacher
119040101120031,4,2024,12,1,17111,1,39,1,2,42,1,2,2,1,1,40,2376.3954,2330,1,1,2025,14,5,1,40,1,2,41,1,2,1,1,40,2835.1358,2310,1,1,1,0,still teacher
112070105599087,4,2024,13,2,17111,1,55,6,2,44,1,1,2,1,2,40,2361.2749,2310,1,1,2025,13,6,1,56,6,2,44,1,2,1,1,40,1964.2766,2310,1,1,1,0,still teacher
012705012495600,4,2024,16,3,17111,10,39,1,2,44,1,2,2,1,1,50,970.0168,2310,1,1,2025,13,7,10,40,1,2,44,1,2,1,1,-4,783.8836,2320,1,1,1,0,still teacher
550080105856291,4,2024,13,2,17111,25,48,2,2,44,1,1,2,1,1,40,3262.3585,2320,1,1,2025,16,6,25,49,2,2,44,1,2,1,1,40,3516.2937,2310,1,1,1,0,still teacher
110521700583442,4,2024,16,3,17111,25,27,6,2,44,1,2,2,1,1,40,3630.0879,2310,1,1,2025,16,7,25,29,6,2,44,1,2,1,1,40,3490.3922,2310,1,1,1,0,still teacher
827607011729100,4,2024,15,4,17111,28,54,1,2,43,1,1,2,1,1,40,1891.2833,2310,1,1,2025,15,8,28,55,1,2,43,1,2,1,1,40,1411.0424,2310,1,1,1,0,still teacher
140037600842072,4,2024,15,2,17111,28,39,1,2,44,1,2,2,1,1,40,2072.0479,2310,1,1,2025,16,6,28,40,1,2,44,1,2,1,1,40,1347.664,2310,1,1,1,0,still teacher
331500508245827,4,2024,11,1,17111,28,25,6,2,43,2,1,2,1,1,40,2613.008,2320,1,1,2025,11,5,28,26,6,2,43,2,2,1,1,40,2468.5901,2320,1,1,1,0,still teacher
157317884050015,4,2024,13,2,17111,47,65,4,2,43,1,1,2,1,1,60,3131.0602,2310,1,1,2025,13,6,47,66,4,2,43,1,2,1,5,-1,2827.8826,-1,0,0,0,1,out of labor force
480524041503175,4,2024,12,2,17111,54,48,1,2,42,1,3,2,1,1,40,749.4456,2320,1,1,2025,15,6,54,49,1,2,42,1,2,1,1,40,577.6064,2310,1,1,1,0,still teacher
301140585916021,4,2024,16,1,17111,54,26,6,1,43,1,3,2,3,1,40,973.7069,2320,1,1,2025,16,5,54,27,6,1,43,1,2,3,1,40,945.759,2310,1,1,1,0,still teacher
001110006206302,4,2024,14,3,17011,1,32,1,2,44,1,2,2,1,1,40,2119.5532,2310,1,1,2025,15,7,1,34,1,2,44,1,2,1,1,40,1949.0137,2310,1,1,1,0,still teacher
006745310302154,4,2024,14,3,17011,4,41,1,1,44,1,1,2,1,1,50,4486.8248,2310,1,1,2025,15,7,4,42,1,1,44,1,2,1,1,50,6166.0965,2310,1,1,1,0,still teacher
006745310302154,4,2024,14,3,17011,4,39,1,2,43,1,2,2,1,1,50,4286.6854,2310,1,1,2025,15,7,4,40,1,2,43,1,2,1,1,50,4750.3826,2310,1,1,1,0,still teacher
091800804862607,4,2024,14,2,17011,6,43,1,2,44,4,2,2,5,1,25,4777.1287,2310,1,1,2025,15,6,6,44,1,2,44,4,2,5,1,40,4797.7057,2310,1,1,1,0,still teacher
013908016035110,4,2024,15,3,17011,10,61,6,1,43,1,1,2,1,1,40,683.071,2330,1,1,2025,16,7,10,62,6,1,43,1,2,1,1,40,1023.7428,1220,1,0,0,1,other occupation
108120109115752,4,2024,13,2,17011,12,28,1,2,39,1,3,1,5,1,40,4310.6768,2300,1,1,2025,14,6,12,30,1,2,43,1,1,5,1,40,5550.9161,2360,1,0,0,1,other occupation
041289045317688,4,2024,15,4,17012,17,32,1,2,43,1,2,2,1,1,40,5235.5779,2310,1,1,2025,15,8,17,33,1,2,43,1,2,1,1,40,6342.765,2310,1,1,1,0,still teacher
719606311407750,4,2024,15,4,17011,17,37,1,2,44,1,2,2,4,1,40,3716.1525,2310,1,1,2025,16,8,17,38,1,2,44,1,2,4,1,40,5085.2572,2310,1,1,1,0,still teacher
578955401060010,4,2024,15,3,17011,18,30,1,2,43,1,2,2,1,1,40,5643.4046,2310,1,1,2025,14,7,18,32,1,2,43,1,2,1,1,40,5025.9764,2310,1,1,1,0,still teacher
541600407404126,4,2024,13,4,17011,21,56,1,2,44,1,2,2,1,1,40,4042.2573,2310,1,1,2025,13,8,21,57,1,2,44,1,2,1,1,40,3335.5344,2310,1,1,1,0,still teacher
540212729081710,4,2024,10,2,17011,21,24,6,2,43,1,1,2,1,1,40,4257.9289,2310,1,1,2025,9,6,21,25,6,2,43,1,2,1,1,36,4399.0859,2310,1,1,1,0,still teacher
044918240220102,4,2024,12,3,17011,22,36,2,2,43,2,1,2,1,1,40,1863.7272,2310,1,1,2025,12,7,22,37,2,2,43,2,2,1,1,40,2388.6907,2310,1,1,1,0,still teacher
120774300260032,4,2024,9,2,17011,22,46,1,2,43,1,1,2,1,1,40,1490.4998,2310,1,1,2025,13,6,22,47,1,2,43,1,2,1,1,40,1465.8031,2310,1,1,1,0,still teacher
624905013995850,4,2024,13,4,17011,26,54,1,1,43,1,1,2,1,1,40,4162.1896,2310,1,1,2025,15,8,26,55,1,1,43,1,2,1,1,40,5616.3349,2320,1,1,1,0,still teacher
110558021201884,4,2024,12,3,17011,28,58,1,2,43,1,2,2,1,1,35,1202.9359,2300,1,1,2025,11,7,28,59,1,2,43,1,2,1,2,35,1277.4321,2300,1,1,1,0,still teacher
006100377398916,4,2024,15,4,17011,30,39,1,2,44,1,2,2,1,2,60,631.089,2310,1,1,2025,15,8,30,40,1,2,44,1,2,1,1,40,816.5871,2310,1,1,1,0,still teacher
008140334352711,4,2024,14,3,17011,34,66,4,2,44,1,1,2,1,1,70,4203.4344,2320,1,1,2025,15,7,34,67,4,2,44,1,2,1,1,60,4058.3852,2310,1,1,1,0,still teacher
107160366639989,4,2024,7,2,17011,36,63,6,2,44,1,1,2,1,1,-4,4282.0641,2300,1,1,2025,11,6,36,64,6,2,44,1,2,1,1,40,6293.3343,2310,1,1,1,0,still teacher
005170314134584,4,2024,15,3,17011,37,34,1,2,43,1,2,2,1,1,40,3305.8844,2310,1,1,2025,15,7,37,35,1,2,43,1,2,1,1,40,3505.5735,2310,1,1,1,0,still teacher
160991500975923,4,2024,16,3,17011,39,54,1,1,44,2,1,2,1,1,40,7462.8407,2310,1,1,2025,16,7,39,55,1,1,46,2,2,1,1,40,7927.2098,230,1,0,0,1,other occupation
160991500975923,4,2024,16,3,17011,39,47,1,2,44,2,2,2,1,1,40,7152.4284,2310,1,1,2025,16,7,39,48,1,2,44,2,2,1,1,40,8208.7557,2310,1,1,1,0,still teacher
411500323627932,4,2024,16,4,17011,39,49,4,2,44,1,1,2,1,1,45,4729.979,2310,1,1,2025,16,8,39,50,4,2,44,1,2,1,1,40,3600.9657,2320,1,1,1,0,still teacher
054083050411464,4,2024,15,4,17011,41,56,1,2,40,1,2,2,1,1,32,2130.172,2300,1,1,2025,15,8,41,57,1,2,40,1,2,1,1,36,2554.131,2300,1,1,1,0,still teacher
107140480401241,4,2024,13,4,17011,44,70,5,2,43,1,1,2,1,1,24,843.7068,2310,1,1,2025,12,8,44,70,5,2,43,1,2,1,1,14,836.7459,2310,1,1,1,0,still teacher
571800407608748,4,2024,15,3,17011,47,30,1,1,43,1,1,2,1,1,40,4022.4163,2320,1,1,2025,15,7,47,31,1,1,43,1,2,1,1,40,3953.7694,2310,1,1,1,0,still teacher
848103011442240,4,2024,16,2,17011,48,56,1,2,43,1,1,2,1,1,50,5789.9264,2310,1,1,2025,16,6,48,57,1,2,43,1,2,1,1,45,3911.6684,2320,1,1,1,0,still teacher
001120004214660,4,2024,16,3,17111,2,55,1,1,43,1,2,2,1,1,50,547.5044,2310,1,1,2025,16,7,2,55,1,1,43,1,2,1,1,40,607.3195,10,1,0,0,1,other occupation
005180243117957,4,2024,14,3,17111,28,50,6,2,43,2,2,2,1,1,40,1764.1629,2310,1,1,2025,13,7,28,51,6,2,43,2,2,1,1,40,1784.9598,2320,1,1,1,0,still teacher
825303011912710,4,2024,6,3,17111,28,47,6,2,44,2,2,2,1,1,40,1796.2475,2310,1,1,2025,4,7,28,48,6,2,44,2,2,1,1,40,2016.7099,2310,1,1,1,0,still teacher
811700205707435,4,2024,13,2,17111,34,41,1,2,44,4,2,2,5,1,7,4634.7166,2310,1,1,2025,8,6,34,42,1,2,44,4,2,5,7,-1,4349.2096,-1,0,0,0,1,out of labor force
431400100434456,4,2024,13,3,17111,54,21,1,2,40,1,2,2,1,1,25,1109.2675,2300,1,1,2025,12,7,54,22,1,2,43,1,2,1,1,5,1258.0014,4600,1,0,0,1,other occupation
920061109000092,4,2024,16,4,17011,2,47,1,2,44,1,1,2,1,1,55,565.6019,2320,1,1,2025,16,8,2,48,2,2,44,1,2,1,1,50,744.8457,2310,1,1,1,0,still teacher
407500213947750,4,2024,13,3,17011,4,41,6,2,44,1,1,2,1,1,40,4385.0915,2310,1,1,2025,13,7,4,42,6,2,44,1,2,1,1,40,4711.578,5940,1,0,0,1,other occupation
408800017267310,4,2024,14,2,17011,4,40,6,2,44,1,1,2,1,1,50,4114.7055,2310,1,1,2025,14,6,4,41,6,2,44,1,2,1,1,45,3280.2826,2310,1,1,1,0,still teacher
200985051006168,4,2024,11,2,17011,5,25,6,2,43,1,1,2,1,1,40,2332.4723,2310,1,1,2025,11,6,5,26,6,2,43,1,2,1,1,40,2332.0875,2310,1,1,1,0,still teacher
170350700659440,4,2024,16,2,17011,6,42,1,2,44,4,2,2,4,1,40,4276.7825,2310,1,1,2025,16,6,6,44,1,2,44,4,2,4,1,40,4346.7144,2310,1,1,1,0,still teacher
205160045732701,4,2024,16,1,17011,6,52,1,2,43,1,1,2,1,1,40,4020.7593,2310,1,1,2025,16,5,6,53,1,2,43,1,2,1,1,40,3598.6389,2310,1,1,1,0,still teacher
171070500661840,4,2024,16,3,17011,6,58,1,2,44,1,2,2,1,1,40,3935.3556,2300,1,1,2025,16,7,6,59,1,2,44,1,2,1,5,-1,4328.8414,-1,0,0,0,1,out of labor force
980406071025716,4,2024,16,1,17011,6,46,1,2,44,1,2,2,1,1,35,3990.5295,2310,1,1,2025,16,5,6,47,1,2,44,1,2,1,1,38,3944.7891,2310,1,1,1,0,still teacher
109160038460036,4,2024,13,1,17011,6,66,1,2,44,4,1,2,4,1,30,4427.7722,2310,1,1,2025,13,5,6,67,1,2,44,4,2,4,1,35,5694.8404,2320,1,1,1,0,still teacher
000059079716520,4,2024,16,2,17011,6,25,1,2,43,1,2,1,1,1,40,3960.7752,2310,1,1,2025,16,6,6,26,1,2,43,1,1,1,2,40,5020.8009,2310,1,1,1,0,still teacher
050225095216133,4,2024,14,1,17011,6,39,6,2,43,1,4,2,1,1,24,4738.5113,2310,1,1,2025,15,5,6,40,6,2,43,1,2,1,1,30,4951.4558,2320,1,1,1,0,still teacher
170687800547021,4,2024,15,3,17011,15,57,1,2,43,4,1,2,5,1,40,709.838,2310,1,1,2025,15,7,15,59,1,2,43,4,2,5,1,40,653.3551,2310,1,1,1,0,still teacher
936775591070015,4,2024,16,4,17011,16,50,1,2,43,1,1,2,1,1,40,943.713,2310,1,1,2025,16,8,16,51,1,2,43,1,2,1,1,40,1295.4402,2360,1,0,0,1,other occupation
071303035117958,4,2024,15,4,17011,17,25,6,2,43,1,1,2,1,1,40,5834.2774,2310,1,1,2025,15,8,17,26,6,2,43,1,2,1,1,40,6450.7137,2320,1,1,1,0,still teacher
280437051176428,4,2024,16,1,17011,17,74,1,1,44,1,1,2,4,1,20,4274.363,2310,1,1,2025,14,5,17,75,1,1,44,1,2,4,1,40,4060.8517,2310,1,1,1,0,still teacher
251600407230718,4,2024,16,2,17011,17,49,1,2,44,1,1,2,1,1,38,3743.8046,2330,1,1,2025,16,6,17,50,1,2,44,1,2,1,1,40,4718.1969,2330,1,1,1,0,still teacher
031067064617955,4,2024,12,1,17011,17,54,6,2,40,1,1,2,1,1,40,5266.6613,2310,1,1,2025,14,5,17,54,6,2,40,1,2,1,1,35,4919.7906,2545,1,0,0,1,other occupation
731400100414816,4,2024,15,2,17011,18,27,1,2,43,1,2,2,1,1,40,4284.174,2310,1,1,2025,15,6,18,28,1,2,43,1,2,1,2,40,4982.631,2310,1,1,1,0,still teacher
071081017018923,4,2024,14,2,17011,18,49,4,2,39,3,5,2,4,1,40,6488.4876,2300,1,1,2025,14,6,18,50,4,2,39,3,2,4,1,40,5660.9082,2545,1,0,0,1,other occupation
917901016849580,4,2024,16,1,17011,19,46,1,1,43,1,2,2,1,1,40,2293.6881,2320,1,1,2025,16,5,19,47,1,1,43,1,2,1,1,48,2766.0425,3870,1,0,0,1,other occupation
130645200051622,4,2024,15,2,17012,20,40,6,2,44,1,2,2,1,1,40,2204.5284,2320,1,1,2025,15,6,20,41,6,2,44,1,2,1,1,40,1461.7258,2320,1,1,1,0,still teacher
032081026210935,4,2024,12,3,17011,20,38,6,2,44,1,1,2,1,1,40,3243.6804,2330,1,1,2025,12,7,20,39,6,2,44,1,2,1,1,40,2669.2247,2310,1,1,1,0,still teacher
370162542021970,4,2024,16,2,17011,27,44,1,2,44,1,2,2,1,1,40,2946.0017,2310,1,1,2025,16,6,27,44,1,2,44,1,2,1,1,40,3955.572,2310,1,1,1,0,still teacher
063095023511062,4,2024,11,4,17011,31,73,4,2,43,2,1,2,1,1,-4,1196.6369,2320,1,1,2025,11,8,31,73,4,2,43,2,2,1,1,10,1078.1974,2300,1,1,1,0,still teacher
240113943031611,4,2024,15,1,17011,31,42,1,2,44,1,2,2,1,1,40,2039.9409,2310,1,1,2025,16,5,31,43,1,2,44,1,2,1,1,40,1630.9663,2310,1,1,1,0,still teacher
075902660633112,4,2024,16,4,17011,32,54,1,2,42,1,2,2,1,1,40,2352.6728,2310,1,1,2025,15,8,32,55,1,2,42,1,2,1,5,-1,2417.7187,2310,0,0,0,1,out of labor force
622531583090319,4,2024,14,3,17011,32,22,1,2,39,2,2,2,1,1,40,4153.9504,2300,1,1,2025,12,7,32,23,1,2,40,2,2,1,1,40,3559.9107,2545,1,0,0,1,other occupation
804120361952989,4,2024,16,1,17011,32,50,1,1,44,1,1,2,1,1,40,2157.4716,2310,1,1,2025,16,5,32,51,1,1,44,1,2,1,1,40,2438.9078,2310,1,1,1,0,still teacher
804120361952989,4,2024,16,1,17011,32,52,1,2,44,1,2,1,1,1,40,2069.501,2310,1,1,2025,16,5,32,53,1,2,44,1,1,1,1,40,3150.9175,2310,1,1,1,0,still teacher
160791500575923,4,2024,15,2,17011,35,41,1,1,44,1,1,1,1,1,40,1183.8963,2320,1,1,2025,15,6,35,42,1,1,44,1,1,1,1,40,1510.8034,2310,1,1,1,0,still teacher
160791500575923,4,2024,15,2,17011,35,37,1,2,44,1,2,2,1,1,40,1251.089,2310,1,1,2025,15,6,35,38,1,2,44,1,2,1,1,40,1111.0304,2310,1,1,1,0,still teacher
534406115838110,4,2024,6,1,17011,35,65,4,2,43,1,1,1,1,1,40,1381.5223,2310,1,1,2025,6,5,35,66,4,2,43,1,1,1,7,-1,1539.6686,-1,0,0,0,1,out of labor force
005150311858844,4,2024,16,1,17011,35,53,1,2,44,1,2,2,3,1,30,1246.7956,2310,1,1,2025,14,5,35,54,1,2,44,1,2,3,1,30,1182.3861,2310,1,1,1,0,still teacher
057397960630128,4,2024,8,3,17011,38,34,6,2,43,4,1,2,5,1,40,492.6803,2300,1,1,2025,12,7,38,35,1,2,44,4,2,5,1,40,443.3621,2310,1,1,1,0,still teacher
006100496366746,4,2024,15,2,17011,40,54,1,2,43,1,2,2,1,1,40,2268.6846,2310,1,1,2025,16,6,40,55,1,2,43,1,2,1,1,45,2398.9592,2310,1,1,1,0,still teacher
004063029111905,4,2024,15,2,17011,41,34,1,2,44,1,1,2,1,1,28,3061.7624,2330,1,1,2025,16,6,41,35,1,2,44,1,2,1,1,32,3149.1883,2330,1,1,1,0,still teacher
190929800104074,4,2024,13,4,17011,41,58,1,1,44,1,1,2,1,1,38,2285.1183,2320,1,1,2025,11,8,41,59,1,1,44,1,2,1,5,-1,3260.7684,-1,0,0,0,1,out of labor force
786436634060011,4,2024,15,4,17011,46,61,1,2,42,1,1,2,1,1,50,663.053,2320,1,1,2025,15,8,46,62,1,2,43,1,2,1,1,55,781.1954,2310,1,1,1,0,still teacher
044574390840198,4,2024,14,3,17011,48,33,1,2,43,1,2,1,1,1,40,5367.9711,2310,1,1,2025,14,7,48,34,1,2,43,1,1,1,1,40,5289.199,2310,1,1,1,0,still teacher
014677016918482,4,2024,15,2,17011,48,35,1,2,43,1,2,2,1,1,40,4212.0534,2310,1,1,2025,15,6,48,36,1,2,43,1,2,1,1,40,4783.8717,2310,1,1,1,0,still teacher
840312912263710,4,2024,16,1,17011,48,35,1,2,43,1,2,2,1,2,40,4812.848,2310,1,1,2025,16,5,48,36,1,2,43,1,2,1,1,40,5547.1998,2310,1,1,1,0,still teacher
150153900811934,4,2024,15,3,17011,48,54,1,2,43,1,2,2,1,1,45,4054.4411,2310,1,1,2025,16,7,48,55,1,2,43,1,2,1,1,45,3538.7374,2310,1,1,1,0,still teacher
481020102841434,4,2024,14,2,17011,48,30,6,2,39,1,3,2,1,1,24,6478.3545,2300,1,1,2025,14,6,48,31,6,2,39,1,2,1,1,25,4863.6991,2545,1,0,0,1,other occupation
003180460206589,4,2024,12,4,17011,48,56,6,2,44,2,1,2,1,1,40,4429.1179,2310,1,1,2025,12,8,48,57,6,2,44,2,2,1,1,40,4042.859,2300,1,1,1,0,still teacher
721300815930846,4,2024,14,2,17011,48,55,1,2,43,1,1,2,1,1,40,4658.6406,2310,1,1,2025,14,6,48,56,1,2,43,1,2,1,1,40,4157.0582,2310,1,1,1,0,still teacher
960728011409659,4,2024,16,3,17011,48,37,1,2,44,1,2,1,1,1,40,4124.6205,2310,1,1,2025,16,7,48,38,1,2,44,1,1,1,1,40,5464.0042,2310,1,1,1,0,still teacher
190723800805424,4,2024,15,3,17011,48,45,1,2,44,1,1,2,4,1,40,3740.0162,2310,1,1,2025,15,7,48,45,1,2,44,1,2,4,1,40,4820.934,2320,1,1,1,0,still teacher
511700800645557,4,2024,13,2,17011,55,47,6,1,44,1,1,1,5,1,40,6571.3751,2310,1,1,2025,13,6,55,48,6,1,44,1,1,5,1,40,6618.164,230,1,0,0,1,other occupation
006150519136235,4,2024,16,1,17011,55,42,1,1,42,1,2,2,1,1,40,3822.0135,2310,1,1,2025,16,5,55,43,1,1,42,1,2,1,1,40,5331.3192,2310,1,1,1,0,still teacher
772715020010019,4,2024,16,2,17111,2,45,1,1,43,3,2,2,1,1,60,734.0784,2320,1,1,2025,16,6,2,46,1,1,43,3,2,1,1,20,604.0364,230,1,0,0,1,other occupation
021153800330140,4,2024,11,2,17111,30,46,1,2,43,1,2,2,1,1,40,497.7356,2310,1,1,2025,16,6,30,47,1,2,43,1,2,1,1,40,509.8806,2310,1,1,1,0,still teacher
700473254011800,4,2024,16,4,17111,30,30,1,2,44,1,2,2,1,1,40,723.865,2310,1,1,2025,6,8,30,31,1,2,44,1,2,1,7,-1,864.0293,-1,0,0,0,1,out of labor force
040224153021400,4,2024,15,4,17111,40,49,1,1,43,1,1,2,1,1,40,2865.7968,2310,1,1,2025,16,8,40,50,1,1,43,1,2,1,1,40,3528.7063,2310,1,1,1,0,still teacher
211800301319147,4,2024,14,3,17111,41,42,1,2,44,1,2,2,1,1,40,3114.5225,2320,1,1,2025,15,7,41,43,1,2,44,1,2,1,1,40,2206.5526,2320,1,1,1,0,still teacher
655105014320520,4,2024,12,4,17111,56,54,1,2,44,1,2,2,1,1,50,388.6362,2320,1,1,2025,14,8,56,55,1,2,44,1,2,1,1,40,395.2926,2320,1,1,1,0,still teacher
421900402238650,4,2024,15,3,17111,56,48,1,2,44,1,1,2,1,1,40,356.9377,2310,1,1,2025,15,7,56,49,1,2,44,1,2,1,1,20,505.7455,2310,1,1,1,0,still teacher
115406314650370,4,2024,15,2,17011,11,38,1,1,44,2,1,2,1,1,40,802.7658,2310,1,1,2025,16,6,11,39,1,1,44,2,2,1,1,40,1227.0277,2310,1,1,1,0,still teacher
115406314650370,4,2024,15,2,17011,11,41,1,2,44,2,2,2,1,1,40,669.0629,2310,1,1,2025,16,6,11,42,1,2,44,2,2,1,1,40,601.2172,2360,1,0,0,1,other occupation
050661423051322,4,2024,11,1,17011,12,61,1,2,44,1,1,1,4,1,40,5185.4435,2310,1,1,2025,12,5,12,63,1,2,44,1,1,4,1,35,4967.6683,2861,1,0,0,1,other occupation
045685300010162,4,2024,16,3,17011,12,40,1,2,43,1,2,2,1,1,12,3668.074,2300,1,1,2025,16,7,12,41,1,2,43,1,2,1,1,30,4240.2283,2300,1,1,1,0,still teacher
006130118103152,4,2024,16,2,17011,13,35,1,2,44,1,2,2,1,1,40,3946.2851,2310,1,1,2025,16,6,13,37,1,2,44,1,2,1,1,40,4558.5264,2310,1,1,1,0,still teacher
330093041104955,4,2024,15,1,17011,13,47,1,2,44,1,2,2,1,1,24,4567.4197,2310,1,1,2025,16,5,13,48,1,2,44,1,2,1,1,24,4415.4001,2310,1,1,1,0,still teacher
890341242051930,4,2024,16,3,17011,13,47,1,2,44,1,2,2,1,1,45,4223.5716,2310,1,1,2025,16,7,13,48,1,2,44,1,2,1,1,40,3911.1552,2310,1,1,1,0,still teacher
031040108528116,4,2024,16,3,17011,13,43,4,2,43,1,3,2,1,1,40,4860.2088,2310,1,1,2025,12,7,13,44,4,2,43,1,2,1,1,40,5354.1161,2310,1,1,1,0,still teacher
081061021713065,4,2024,13,3,17011,13,69,4,1,40,1,1,2,1,1,40,4097.5986,2330,1,1,2025,16,7,13,70,4,1,43,1,2,1,1,40,3793.3031,2330,1,1,1,0,still teacher
180580900147962,4,2024,14,1,17011,21,41,1,2,44,1,1,2,1,1,40,3536.3113,2310,1,1,2025,14,5,21,41,1,2,44,1,2,1,1,40,4507.7529,2310,1,1,1,0,still teacher
180580900147962,4,2024,14,1,17011,21,38,1,1,44,1,2,2,1,1,40,3302.8598,2310,1,1,2025,14,5,21,39,1,1,44,1,2,1,1,40,4407.5574,2310,1,1,1,0,still teacher
041294310820122,4,2024,15,3,17011,22,56,4,2,43,1,1,2,1,1,40,1993.4346,2310,1,1,2025,12,7,22,57,4,2,43,1,2,1,1,40,1789.3987,2310,1,1,1,0,still teacher
951500006319228,4,2024,15,2,17011,22,44,1,2,44,2,1,2,1,1,40,2005.213,2310,1,1,2025,16,6,22,45,1,2,44,2,2,1,1,40,1469.4575,2310,1,1,1,0,still teacher
325903114059770,4,2024,15,1,17011,23,28,1,1,43,1,1,1,1,1,40,1992.1447,2330,1,1,2025,15,5,23,29,1,1,43,1,1,1,1,50,2212.4454,2310,1,1,1,0,still teacher
820312171041550,4,2024,16,3,17011,25,23,6,2,43,1,3,2,1,1,30,4187.1566,2310,1,1,2025,16,7,25,24,6,2,43,1,2,1,1,30,4581.9323,2545,1,0,0,1,other occupation
450823011300371,4,2024,14,4,17011,33,55,1,2,43,1,1,2,1,1,33,967.7201,2310,1,1,2025,15,8,33,57,1,2,43,1,2,1,1,33,969.5101,2310,1,1,1,0,still teacher
953266223060016,4,2024,16,3,17011,33,48,1,2,43,1,2,2,1,1,-4,929.8565,2310,1,1,2025,16,7,33,49,1,2,43,1,2,1,1,35,1105.5033,2310,1,1,1,0,still teacher
335105113420520,4,2024,15,1,17011,33,55,1,2,44,1,1,2,1,1,50,1050.8474,2310,1,1,2025,16,5,33,55,1,2,44,1,2,1,1,40,1113.7624,2310,1,1,1,0,still teacher
914814193050017,4,2024,14,1,17011,34,29,6,1,43,1,3,2,1,1,35,5158.6934,2310,1,1,2025,15,5,34,30,6,1,43,1,2,1,1,35,7594.5358,2310,1,1,1,0,still teacher
018249000130136,4,2024,16,3,17011,36,32,1,2,44,1,2,2,1,1,40,4475.644,2330,1,1,2025,16,7,36,33,1,2,44,1,2,1,1,40,3709.5718,2310,1,1,1,0,still teacher
756267763070016,4,2024,16,4,17011,36,47,1,1,44,1,1,2,1,1,35,5230.7168,2320,1,1,2025,16,8,36,48,1,1,44,1,2,1,1,35,5454.3582,2310,1,1,1,0,still teacher
756267763070016,4,2024,16,4,17011,36,48,1,2,44,1,2,2,1,1,37,6579.1279,2320,1,1,2025,16,8,36,49,1,2,44,1,2,1,1,37,5333.1603,2320,1,1,1,0,still teacher
561700716752634,4,2024,15,2,17011,36,27,6,1,44,3,2,2,1,1,40,5699.4349,2310,1,1,2025,15,6,36,28,6,1,44,3,2,1,1,40,7011.2305,2320,1,1,1,0,still teacher
191922600655043,4,2024,15,2,17011,36,38,6,1,44,1,3,2,1,1,47,4439.6712,2320,1,1,2025,16,6,36,39,6,1,44,1,2,1,1,40,5311.7793,2320,1,1,1,0,still teacher
440173499011260,4,2024,15,2,17011,36,38,1,2,44,1,2,2,1,1,40,4219.174,2310,1,1,2025,16,6,36,38,1,2,44,1,2,1,1,40,4652.216,2310,1,1,1,0,still teacher
050956061314144,4,2024,16,2,17011,36,39,1,1,44,1,2,2,1,1,40,5272.4358,2310,1,1,2025,15,6,36,40,1,1,44,1,2,1,1,40,4806.7532,2320,1,1,1,0,still teacher
261000517021638,4,2024,16,1,17011,36,52,1,2,44,1,2,2,1,1,35,5421.6492,2320,1,1,2025,16,5,36,53,1,2,44,1,2,1,1,40,4657.0191,650,1,0,0,1,other occupation
257864493070011,4,2024,10,4,17011,37,29,6,2,43,6,1,2,1,1,40,6116.351,2300,1,1,2025,11,8,37,31,6,2,43,6,2,1,1,40,6768.3653,2300,1,1,1,0,still teacher
961000002117733,4,2024,15,2,17011,37,46,1,1,43,1,2,2,1,1,40,4269.5549,2310,1,1,2025,16,6,37,47,1,1,43,1,2,1,1,-4,4221.6093,2310,1,1,1,0,still teacher
621700514669932,4,2024,15,1,17011,39,60,1,2,44,1,2,2,1,1,20,3367.14,2310,1,1,2025,15,5,39,61,1,2,44,1,2,1,2,-4,4087.5772,2360,1,0,0,1,other occupation
879916513030018,4,2024,13,2,17011,39,59,4,2,43,1,1,2,1,1,50,4573.5823,2330,1,1,2025,14,6,39,60,4,2,43,1,2,1,1,50,3623.0572,2360,1,0,0,1,other occupation
170606900227964,4,2024,14,2,17011,42,39,6,1,43,1,1,2,1,1,38,3727.078,2310,1,1,2025,14,6,42,40,6,1,43,1,2,1,1,38,3760.2116,2320,1,1,1,0,still teacher
401500709978249,4,2024,10,3,17011,42,20,6,2,39,1,2,2,1,1,40,5084.1398,2300,1,1,2025,10,7,42,21,6,2,39,1,2,1,1,40,5623.0736,5260,1,0,0,1,other occupation
087659950441182,4,2024,16,1,17011,42,31,6,2,44,1,2,2,1,1,45,5037.7771,2310,1,1,2025,16,5,42,32,6,2,44,1,2,1,1,40,5742.7712,2310,1,1,1,0,still teacher
170665400263764,4,2024,16,3,17011,42,36,1,2,44,1,2,2,1,1,40,3983.1009,2310,1,1,2025,16,7,42,37,1,2,44,1,2,1,1,40,3826.4656,2330,1,1,1,0,still teacher
034082005715298,4,2024,16,2,17011,45,62,1,2,43,1,2,2,1,2,40,2630.3527,2310,1,1,2025,15,6,45,63,1,2,43,1,2,1,1,13,3205.4346,2360,1,0,0,1,other occupation
160297021405957,4,2024,14,3,17011,47,41,4,2,46,1,1,2,1,1,35,2975.2513,2310,1,1,2025,14,7,47,43,1,2,46,1,2,1,1,35,2530.804,2320,1,1,1,0,still teacher
153006016855230,4,2024,16,3,17011,51,41,1,2,44,4,2,2,5,1,25,4121.9375,2300,1,1,2025,15,7,51,42,1,2,44,4,2,5,1,40,5309.815,2310,1,1,1,0,still teacher
310675279051040,4,2024,16,4,17011,54,56,1,2,44,1,2,2,1,1,40,685.0824,2310,1,1,2025,16,8,54,57,1,2,44,1,2,1,1,40,617.6916,2310,1,1,1,0,still teacher
012061064812277,4,2024,12,2,17111,22,64,4,2,43,1,1,2,1,1,45,1635.9177,2330,1,1,2025,12,6,22,65,4,2,43,1,2,1,1,40,1687.2299,2310,1,1,1,0,still teacher
190085500262032,4,2024,5,4,17111,22,34,6,2,43,1,1,2,1,1,35,2159.1063,2310,1,1,2025,9,8,22,35,6,2,42,1,2,1,1,20,1615.0225,5940,1,0,0,1,other occupation
074108630620105,4,2024,16,3,17111,25,55,1,2,44,1,1,2,1,2,40,2746.8981,2310,1,1,2025,16,7,25,55,1,2,44,1,2,1,1,37,2840.821,2310,1,1,1,0,still teacher
005273130220145,4,2024,14,3,17111,25,36,6,1,44,1,1,1,1,1,50,3862.6603,2310,1,1,2025,14,7,25,38,6,1,44,1,1,1,1,45,5156.6529,2310,1,1,1,0,still teacher
911700607319521,4,2024,15,2,17111,25,45,1,1,44,1,2,2,1,1,40,3227.5832,2320,1,1,2025,15,6,25,46,1,1,44,1,2,1,1,40,3078.7863,2320,1,1,1,0,still teacher
850670565000011,4,2024,15,3,17111,50,34,1,2,46,1,2,2,1,1,40,546.9767,2300,1,1,2025,15,7,50,35,1,2,43,1,2,1,1,40,619.9721,2300,1,1,1,0,still teacher
098655110001102,4,2024,10,2,17011,2,33,1,2,39,5,2,2,4,1,40,676.8889,2300,1,1,2025,9,6,2,34,1,2,39,5,2,4,1,40,543.0104,4600,1,0,0,1,other occupation
108160007365046,4,2024,16,2,17011,6,36,1,1,44,1,2,1,1,1,40,3976.5626,2310,1,1,2025,16,6,6,37,1,1,44,1,1,1,1,40,5252.0425,2310,1,1,1,0,still teacher
044914240200126,4,2024,14,2,17011,6,50,6,2,43,1,1,2,1,1,40,4406.7796,2310,1,1,2025,15,6,6,51,6,2,43,1,2,1,1,60,4809.4812,2360,1,0,0,1,other occupation
540110382011480,4,2024,14,3,17011,8,47,1,2,44,1,2,2,4,1,35,3927.201,2310,1,1,2025,14,7,8,48,1,2,44,1,2,4,1,35,4301.8441,2310,1,1,1,0,still teacher
150727400760321,4,2024,15,3,17011,17,32,1,2,44,1,1,2,1,1,40,5057.466,2310,1,1,2025,16,7,17,33,1,2,44,1,2,1,1,40,6759.0002,2320,1,1,1,0,still teacher
031061098417785,4,2024,12,3,17011,17,59,6,2,43,1,1,2,1,1,60,5675.3262,2310,1,1,2025,11,7,17,61,6,2,43,1,2,1,1,40,3959.1354,2310,1,1,1,0,still teacher
170025400821601,4,2024,10,2,17011,18,38,6,2,43,1,1,2,1,1,40,3349.7283,2310,1,1,2025,11,6,18,40,6,2,43,1,2,1,1,40,2963.7182,2310,1,1,1,0,still teacher
039553010520150,4,2024,16,2,17011,20,50,1,2,43,1,1,2,1,1,40,2086.529,2310,1,1,2025,16,6,20,51,1,2,43,1,2,1,1,40,2367.233,2310,1,1,1,0,still teacher
928404010694140,4,2024,9,3,17011,29,38,6,2,44,1,1,2,1,1,36,6834.6371,2310,1,1,2025,7,7,29,39,6,2,43,1,2,1,1,36,6761.3162,2330,1,1,1,0,still teacher
891000209142145,4,2024,16,3,17011,41,44,1,1,46,4,1,2,4,1,40,3682.3183,2320,1,1,2025,16,7,41,45,1,1,46,4,2,4,1,40,3246.3329,2205,1,0,0,1,other occupation
685551254060019,4,2024,15,3,17011,45,43,1,2,44,3,2,1,1,1,40,4782.277,2310,1,1,2025,14,7,45,44,1,2,44,3,1,1,1,40,8317.815,2310,1,1,1,0,still teacher
054629096418434,4,2024,13,4,17011,48,32,6,1,44,1,3,1,1,1,40,4387.3478,2310,1,1,2025,14,8,48,33,6,1,44,1,1,1,1,40,4953.0745,2310,1,1,1,0,still teacher
140061400161095,4,2024,16,4,17011,51,51,1,2,44,1,2,2,1,1,40,4664.3719,2330,1,1,2025,16,8,51,51,1,2,44,1,2,1,1,40,4578.3818,2330,1,1,1,0,still teacher
761700909037550,4,2024,14,2,17011,55,38,6,1,44,1,1,2,1,1,40,5995.0901,2310,1,1,2025,14,6,55,39,6,1,44,1,2,1,1,40,5172.4453,2310,1,1,1,0,still teacher
990245525081850,4,2024,16,3,17011,55,37,1,2,43,1,2,2,1,1,40,4629.7373,2310,1,1,2025,16,7,55,37,1,2,44,1,2,1,1,40,4286.6168,2310,1,1,1,0,still teacher
890013351070012,4,2024,15,2,17111,10,35,1,1,44,1,2,2,1,1,40,950.3909,2320,1,1,2025,16,6,10,37,1,1,44,1,2,1,1,40,943.5861,2320,1,1,1,0,still teacher
208110177871445,4,2024,13,4,17111,11,29,6,2,44,1,1,2,1,1,40,460.9875,2320,1,1,2025,13,8,11,31,6,2,44,1,2,1,1,40,427.6437,2320,1,1,1,0,still teacher
012031094018016,4,2024,14,2,17111,28,41,1,2,43,1,2,2,1,1,40,2103.7967,2310,1,1,2025,14,6,28,43,1,2,43,1,2,1,1,40,1347.664,2310,1,1,1,0,still teacher
532266790020216,4,2024,16,1,17011,2,45,1,2,44,1,2,2,1,1,38,647.1052,2330,1,1,2025,16,5,2,46,1,2,44,1,2,1,1,38,595.2576,2330,1,1,1,0,still teacher
116539600444610,4,2024,14,1,17011,4,63,1,2,43,1,2,2,1,1,24,5606.0922,2310,1,1,2025,14,5,4,64,1,2,43,1,2,1,1,-4,4252.3457,2310,1,1,1,0,still teacher
190299000505320,4,2024,15,3,17011,5,46,1,1,44,1,2,2,1,1,40,1674.4166,2320,1,1,2025,16,7,5,48,1,1,44,1,2,1,1,50,1756.8329,2310,1,1,1,0,still teacher
901160028552938,4,2024,16,2,17011,6,63,1,2,44,1,2,2,1,1,40,3995.0495,2310,1,1,2025,16,6,6,64,1,2,44,1,2,1,5,-1,3932.1903,-1,0,0,0,1,out of labor force
826429170060114,4,2024,16,2,17011,6,63,5,1,43,1,1,1,4,1,18,3846.7036,2310,1,1,2025,15,6,6,63,5,1,43,1,1,4,1,22,4177.8384,2360,1,0,0,1,other occupation
050067094816959,4,2024,16,3,17011,6,70,1,1,44,1,2,2,1,1,40,4209.6483,2320,1,1,2025,16,7,6,70,1,1,44,1,2,1,1,40,4383.3754,2310,1,1,1,0,still teacher
330530275061060,4,2024,15,1,17011,6,24,6,1,43,1,4,1,1,1,40,5849.1059,2310,1,1,2025,16,5,6,25,6,1,43,1,1,1,1,40,4820.3913,2310,1,1,1,0,still teacher
036339070090010,4,2024,15,4,17011,6,35,1,2,43,1,1,2,1,1,35,4121.5838,2310,1,1,2025,15,8,6,36,1,2,43,1,2,1,1,36,5582.0566,2555,1,0,0,1,other occupation
251100907236809,4,2024,15,4,17011,8,59,1,2,42,1,2,2,1,1,20,4222.5096,2310,1,1,2025,13,8,8,60,1,2,42,1,2,1,1,55,3413.3561,230,1,0,0,1,other occupation
936775891070115,4,2024,16,1,17011,16,48,1,2,44,1,2,2,1,1,40,1035.2322,2320,1,1,2025,15,5,16,49,1,2,44,1,2,1,1,40,975.626,2310,1,1,1,0,still teacher
008160199248513,4,2024,9,2,17011,16,45,4,2,40,1,1,2,1,1,20,1067.3226,2310,1,1,2025,7,6,16,46,4,2,40,1,2,1,7,-1,1255.831,-1,0,0,0,1,out of labor force
030788011102492,4,2024,15,4,17011,18,66,1,2,44,1,1,2,1,1,38,3381.0474,2310,1,1,2025,16,8,18,67,1,2,44,1,2,1,1,38,4205.7626,2310,1,1,1,0,still teacher
130638091107269,4,2024,16,3,17011,18,45,1,2,43,1,2,2,1,1,40,3890.9202,2310,1,1,2025,16,7,18,45,1,2,43,1,2,1,2,40,5253.8523,2310,1,1,1,0,still teacher
250688001102134,4,2024,14,3,17011,18,36,1,2,43,1,1,2,1,1,40,6200.0037,2310,1,1,2025,14,7,18,37,1,2,43,1,2,1,1,40,4978.1572,2310,1,1,1,0,still teacher
012016210910109,4,2024,14,2,17011,19,55,1,2,44,1,2,2,1,1,25,2681.8485,2320,1,1,2025,14,6,19,56,1,2,44,1,2,1,1,-4,2284.0612,2751,1,0,0,1,other occupation
005190168207306,4,2024,16,1,17011,19,49,1,2,43,1,2,2,1,1,16,2484.3357,2310,1,1,2025,16,5,19,50,1,2,43,1,2,1,1,-4,2333.2428,2310,1,1,1,0,still teacher
160594100761622,4,2024,16,1,17011,27,56,1,2,43,1,2,2,1,2,30,4400.487,2330,1,1,2025,12,5,27,57,1,2,43,1,2,1,7,-1,4015.9128,-1,0,0,0,1,out of labor force
100352300952212,4,2024,16,4,17011,29,62,1,1,44,1,2,2,1,1,40,5530.5022,2330,1,1,2025,16,8,29,63,1,1,44,1,2,1,1,40,3805.6334,2205,1,0,0,1,other occupation
520389051200445,4,2024,14,1,17011,29,60,4,2,43,1,1,2,1,1,40,5731.9791,2330,1,1,2025,12,5,29,61,4,2,43,1,2,1,1,40,4506.6535,2330,1,1,1,0,still teacher
239802312416950,4,2024,16,4,17011,32,59,1,1,44,1,1,2,1,1,45,1956.9896,2320,1,1,2025,16,8,32,60,1,1,44,1,2,1,1,40,2307.854,1005,1,0,0,1,other occupation
555714843000217,4,2024,13,2,17011,35,51,1,2,42,1,2,1,4,1,40,1393.5276,2300,1,1,2025,13,6,35,51,1,2,42,1,1,4,1,40,1487.4866,2310,1,1,1,0,still teacher
033037003715401,4,2024,13,3,17011,35,36,1,2,43,4,1,2,5,1,40,818.6463,2310,1,1,2025,13,7,35,37,1,2,44,4,2,5,1,40,982.2699,2310,1,1,1,0,still teacher
076612280831118,4,2024,16,2,17011,38,45,1,2,44,1,2,2,1,1,40,389.4669,2330,1,1,2025,15,6,38,46,1,2,44,1,2,1,1,45,455.7676,2330,1,1,1,0,still teacher
800524504091600,4,2024,2,3,17011,40,53,4,2,43,7,1,2,1,1,24,4753.2905,2310,1,1,2025,9,7,40,54,4,2,43,7,2,1,1,50,3009.4303,2310,1,1,1,0,still teacher
003629260040111,4,2024,9,2,17011,41,48,4,2,39,1,1,1,5,1,40,2736.3067,2300,1,1,2025,15,6,41,49,4,2,40,1,1,5,1,40,2599.1615,2310,1,1,1,0,still teacher
034044062711783,4,2024,14,3,17011,41,39,1,1,44,4,1,2,1,1,40,2799.8925,2310,1,1,2025,16,7,41,41,1,1,44,4,2,1,4,-1,2182.9502,2310,0,0,0,1,unemployed
000180459804980,4,2024,16,2,17011,48,42,1,1,43,1,1,2,1,1,40,5513.4819,2310,1,1,2025,15,6,48,43,1,1,43,1,2,1,1,40,4927.7393,1240,1,0,0,1,other occupation
360454031071380,4,2024,16,2,17011,48,39,1,2,43,1,2,2,1,1,40,4212.0534,2320,1,1,2025,16,6,48,40,1,2,43,1,2,1,1,40,3964.8083,2320,1,1,1,0,still teacher
740294492041081,4,2024,14,4,17011,48,55,1,2,43,1,1,2,1,1,50,3846.4489,2310,1,1,2025,16,8,48,56,1,2,43,1,2,1,1,20,4384.6986,2310,1,1,1,0,still teacher
380468071413761,4,2024,16,4,17011,48,57,1,2,44,1,2,2,1,1,40,3750.4733,2310,1,1,2025,15,8,48,58,1,2,44,1,2,1,1,40,4249.1262,2310,1,1,1,0,still teacher
843800015508760,4,2024,13,2,17011,48,65,1,2,43,1,2,2,1,2,20,4378.7863,2310,1,1,2025,15,6,48,66,1,2,43,1,2,1,2,8,4899.4291,2360,1,0,0,1,other occupation
120835300349935,4,2024,15,4,17011,53,33,1,2,44,1,2,2,1,1,40,5224.8049,2310,1,1,2025,15,8,53,34,1,2,44,1,2,1,1,40,4887.3068,2310,1,1,1,0,still teacher
015170078213579,4,2024,16,2,17011,53,51,1,2,43,1,1,2,1,1,15,4162.6603,2300,1,1,2025,16,6,53,52,1,2,43,1,2,1,2,15,3992.6673,2300,1,1,1,0,still teacher
146569715030015,4,2024,15,2,17011,56,59,1,2,43,1,2,2,1,1,40,412.3784,2310,1,1,2025,16,6,56,60,1,2,43,1,2,1,1,40,357.1599,2310,1,1,1,0,still teacher
150743500616195,4,2024,14,2,17011,56,68,1,2,43,1,2,2,1,1,-4,369.9263,2310,1,1,2025,14,6,56,69,1,2,43,1,2,1,2,-4,355.7512,2310,1,1,1,0,still teacher
610936051505471,4,2024,15,2,17011,56,67,1,1,44,1,1,2,1,1,40,432.3232,2320,1,1,2025,15,6,56,68,1,1,44,1,2,1,1,40,396.8303,2320,1,1,1,0,still teacher
180045041005808,4,2024,15,3,17111,5,50,1,2,43,1,2,2,1,1,40,1406.6127,2310,1,1,2025,14,7,5,51,1,2,43,1,2,1,5,-1,1458.7429,-1,0,0,0,1,out of labor force
001160141346702,4,2024,13,3,17111,16,44,4,2,44,1,1,2,1,1,30,929.6683,2310,1,1,2025,15,7,16,45,4,2,44,1,2,1,1,30,1049.0821,2310,1,1,1,0,still teacher
110419071005283,4,2024,16,4,17011,9,53,1,2,44,1,2,2,1,1,45,3299.2523,2300,1,1,2025,16,8,9,54,1,2,45,1,2,1,1,45,3029.7802,2310,1,1,1,0,still teacher
060096063719296,4,2024,15,2,17011,9,19,6,2,40,1,2,2,1,2,12,3395.6233,2300,1,1,2025,13,6,9,20,6,2,40,1,2,1,2,20,3655.8355,5740,1,0,0,1,other occupation
170087800948020,4,2024,13,4,17011,9,72,3,2,44,1,1,2,1,1,15,2998.6198,2310,1,1,2025,14,8,9,73,3,2,44,1,2,1,1,16,2438.8492,2310,1,1,1,0,still teacher
022059086715861,4,2024,16,3,17011,25,42,1,2,44,1,2,2,1,1,40,4021.3747,2310,1,1,2025,16,7,25,43,1,2,44,1,2,1,1,40,3450.9658,2310,1,1,1,0,still teacher
382000109727280,4,2024,9,3,17011,28,52,4,2,43,1,1,2,1,1,40,1240.2738,2310,1,1,2025,14,7,28,52,4,2,43,1,2,1,1,40,1465.7029,2310,1,1,1,0,still teacher
150668400802312,4,2024,15,3,17011,28,43,1,2,44,1,2,2,1,1,40,1339.2528,2310,1,1,2025,16,7,28,44,1,2,44,1,2,1,1,40,1828.2331,2310,1,1,1,0,still teacher
005140353218391,4,2024,15,4,17011,34,45,4,2,44,1,1,2,1,1,60,4258.886,2310,1,1,2025,15,8,34,46,4,2,43,1,2,1,1,35,5069.5919,2320,1,1,1,0,still teacher
440233037051240,4,2024,16,3,17011,34,60,6,2,43,1,1,2,1,1,40,4636.7518,2310,1,1,2025,11,7,34,62,6,2,43,1,2,1,1,40,4316.2419,2320,1,1,1,0,still teacher
745020109652313,4,2024,11,3,17011,34,72,1,2,42,1,1,2,1,1,24,4368.2068,2310,1,1,2025,11,7,34,73,1,2,42,1,2,1,1,24,4369.9275,2360,1,0,0,1,other occupation
074406760330156,4,2024,16,3,17011,36,45,1,2,44,4,2,2,4,1,40,4792.6342,2310,1,1,2025,16,7,36,46,1,2,45,4,2,4,1,40,4458.2742,2330,1,1,1,0,still teacher
130762300655053,4,2024,15,4,17011,36,71,1,2,44,1,1,2,1,1,9,5451.2412,2310,1,1,2025,16,8,36,72,1,2,44,1,2,1,1,18,3990.9427,800,1,0,0,1,other occupation
497012153020013,4,2024,14,1,17011,37,44,1,2,43,1,1,2,1,1,-4,3806.1793,2300,1,1,2025,15,5,37,45,1,2,43,1,2,1,1,38,4700.2574,2300,1,1,1,0,still teacher
711600804424931,4,2024,10,1,17011,39,73,3,2,44,1,1,2,1,2,40,3018.4602,2310,1,1,2025,12,5,39,74,3,2,44,1,2,1,1,-4,3634.8143,2360,1,0,0,1,other occupation
096949260630119,4,2024,16,1,17011,39,40,1,2,44,1,2,2,1,1,-4,3999.6826,2300,1,1,2025,16,5,39,41,1,2,44,1,2,1,1,40,3519.5311,2300,1,1,1,0,still teacher
481000305720244,4,2024,15,4,17011,42,34,1,2,44,1,1,2,1,1,40,4136.2633,2310,1,1,2025,15,8,42,35,1,2,44,1,2,1,1,40,4500.9268,2310,1,1,1,0,still teacher
840274403001520,4,2024,16,4,17011,42,32,1,1,43,1,2,2,1,1,40,5586.6551,2310,1,1,2025,15,8,42,33,1,1,43,1,2,1,1,40,5842.7506,2310,1,1,1,0,still teacher
262442294040010,4,2024,15,1,17011,42,35,4,1,44,1,1,2,1,1,40,5051.4786,2310,1,1,2025,15,5,42,36,4,1,44,1,2,1,1,40,4955.0239,2310,1,1,1,0,still teacher
262442294040010,4,2024,15,1,17011,42,25,6,2,43,1,2,2,1,1,40,4480.3113,2310,1,1,2025,15,5,42,26,6,2,43,1,2,1,1,40,4266.8436,2310,1,1,1,0,still teacher
161000708567247,4,2024,14,3,17011,42,45,6,2,43,1,1,2,1,2,40,3571.5942,2310,1,1,2025,14,7,42,46,6,2,43,1,2,1,1,40,3392.6951,120,1,0,0,1,other occupation
742569454080016,4,2024,16,2,17011,42,42,1,2,44,1,2,2,1,1,39,5553.3744,2320,1,1,2025,16,6,42,43,1,2,44,1,2,1,1,38,4926.4813,2320,1,1,1,0,still teacher
461600210639441,4,2024,15,3,17011,44,41,1,2,44,1,2,2,1,1,40,1130.9853,2310,1,1,2025,15,7,44,42,1,2,44,1,2,1,1,40,1258.6006,2310,1,1,1,0,still teacher
084357250550180,4,2024,12,4,17011,50,32,6,1,44,1,1,2,1,1,35,405.7548,2320,1,1,2025,13,8,50,33,6,1,44,1,2,1,1,40,457.4822,2310,1,1,1,0,still teacher
190890000131685,4,2024,13,4,17011,51,47,1,2,44,1,1,2,1,1,50,4563.7351,2310,1,1,2025,14,8,51,48,1,2,46,1,2,1,1,40,4100.1029,2310,1,1,1,0,still teacher
082086450250141,4,2024,12,1,17011,51,53,4,1,43,1,1,2,1,1,52,4171.8099,2320,1,1,2025,13,5,51,55,4,1,44,1,2,1,1,52,4766.1173,2310,1,1,1,0,still teacher
751500303710153,4,2024,13,2,17011,51,42,4,2,43,1,1,2,1,1,40,3655.6383,2310,1,1,2025,13,6,51,43,4,2,43,1,2,1,1,40,3459.3944,2300,1,1,1,0,still teacher
120835300442935,4,2024,14,3,17011,54,42,1,2,44,1,2,2,1,2,40,1078.1441,2310,1,1,2025,13,7,54,43,1,2,44,1,2,1,1,20,957.4245,2310,1,1,1,0,still teacher
710051634051013,4,2024,14,2,17111,11,41,6,2,44,1,1,2,1,1,45,316.3036,2300,1,1,2025,15,6,11,42,6,2,44,1,2,1,1,50,247.1611,2310,1,1,1,0,still teacher
112507313724550,4,2024,14,2,17111,11,31,6,2,44,8,2,2,3,1,50,464.6898,2310,1,1,2025,14,6,11,32,6,2,44,8,2,3,1,40,333.2953,2300,1,1,1,0,still teacher
137781100158931,4,2024,16,1,17111,11,32,6,2,44,1,2,2,1,1,40,409.2944,2310,1,1,2025,16,5,11,33,1,2,44,1,2,1,1,40,577.5682,2310,1,1,1,0,still teacher
951100905920225,4,2024,16,2,17111,22,34,1,2,43,1,1,2,1,1,40,2799.9052,2300,1,1,2025,16,6,22,35,1,2,43,1,2,1,1,40,2251.3101,2300,1,1,1,0,still teacher
012033078212579,4,2024,15,2,17111,22,64,6,2,43,1,2,2,1,1,40,2260.5233,2320,1,1,2025,13,6,22,65,6,2,43,1,2,1,1,40,2128.9872,2320,1,1,1,0,still teacher
542878862020014,4,2024,14,1,17111,22,42,1,2,43,1,2,2,1,1,40,1484.952,2310,1,1,2025,16,5,22,43,1,2,43,1,2,1,1,40,1750.4644,2310,1,1,1,0,still teacher
431500706674227,4,2024,15,4,17111,22,57,1,2,44,1,2,2,1,1,40,1461.5472,2310,1,1,2025,14,8,22,58,1,2,44,1,2,1,1,40,1608.4497,2320,1,1,1,0,still teacher
991900308025521,4,2024,16,1,17111,25,29,1,1,44,1,1,2,1,1,40,3255.6045,2320,1,1,2025,16,5,25,30,1,1,44,1,2,1,1,40,3516.8636,2205,1,0,0,1,other occupation
300633061305913,4,2024,13,4,17111,33,26,6,2,43,1,1,2,1,1,45,1251.0467,2310,1,1,2025,13,8,33,27,6,2,44,1,2,1,1,30,1165.2697,2012,1,0,0,1,other occupation
043040057014754,4,2024,10,4,17111,34,37,1,1,42,4,2,2,4,1,40,4382.3464,2310,1,1,2025,11,8,34,38,1,1,42,4,2,4,1,40,5430.2705,2310,1,1,1,0,still teacher
140313900093285,4,2024,15,4,17111,50,32,1,2,44,1,1,2,1,1,40,558.5405,2320,1,1,2025,15,8,50,33,1,2,44,1,2,1,1,40,599.3023,2310,1,1,1,0,still teacher
345062100754031,4,2024,16,3,17011,4,32,1,2,44,1,2,1,1,1,40,4457.2072,2310,1,1,2025,16,7,4,32,1,2,44,1,1,1,1,40,5026.7895,2310,1,1,1,0,still teacher
005150076297252,4,2024,9,4,17011,5,32,6,2,43,2,1,2,1,1,40,2836.7906,2300,1,1,2025,13,8,5,33,6,2,43,2,2,1,1,40,2384.8476,4230,1,0,0,1,other occupation
015584790300116,4,2024,16,3,17011,6,62,1,2,43,6,2,2,1,1,50,6150.5024,2310,1,1,2025,15,7,6,63,1,2,43,6,2,1,5,-1,5804.2657,-1,0,0,0,1,out of labor force
006150245304432,4,2024,14,4,17011,25,44,6,2,44,2,2,2,1,1,40,4275.8314,2310,1,1,2025,14,8,25,45,6,2,44,2,2,1,1,40,2716.5503,10,1,0,0,1,other occupation
095183050113559,4,2024,11,4,17011,53,80,1,1,42,1,2,2,1,2,-4,3250.3998,2310,1,1,2025,12,8,53,80,1,1,42,1,2,1,5,-1,3424.9128,2545,0,0,0,1,out of labor force
190940406061020,4,2024,13,3,17011,2,72,1,2,44,1,2,2,1,1,21,472.1273,2310,1,1,2025,15,7,2,73,1,2,44,1,2,1,5,-1,583.9995,-1,0,0,0,1,out of labor force
840782021009519,4,2024,16,2,17011,2,52,1,1,44,1,2,2,1,1,40,683.5794,2310,1,1,2025,16,6,2,52,1,1,44,1,2,1,1,40,652.5687,2310,1,1,1,0,still teacher
020300600600164,4,2024,15,2,17011,4,37,1,2,43,1,2,2,1,1,35,3986.6737,2300,1,1,2025,15,6,4,39,1,2,43,1,2,1,1,35,4392.0731,2310,1,1,1,0,still teacher
311100925363608,4,2024,16,1,17011,6,58,1,2,44,1,1,2,1,1,32,4195.556,2310,1,1,2025,16,5,6,59,1,2,44,1,2,1,1,40,4053.6755,2310,1,1,1,0,still teacher
110017800649120,4,2024,14,4,17011,6,40,1,2,44,1,2,1,1,1,40,4876.5525,2310,1,1,2025,15,8,6,41,1,2,44,1,1,1,1,40,5224.9716,2310,1,1,1,0,still teacher
290986051016002,4,2024,16,2,17011,6,33,1,2,44,2,2,2,1,1,40,8561.3253,2310,1,1,2025,16,6,6,34,1,2,44,2,2,1,1,40,7145.702,2310,1,1,1,0,still teacher
673033100190199,4,2024,15,2,17011,17,47,1,2,44,1,1,2,1,1,40,3743.8046,2330,1,1,2025,15,6,17,48,1,2,43,1,2,1,1,40,4450.0391,2330,1,1,1,0,still teacher
673033100190199,4,2024,15,2,17011,17,47,1,1,43,2,2,2,1,1,40,6487.5526,2330,1,1,2025,15,6,17,48,1,1,43,2,2,1,1,32,5719.6715,2310,1,1,1,0,still teacher
003101690913157,4,2024,14,2,17011,17,35,6,2,44,4,1,2,1,1,40,4906.2844,2310,1,1,2025,14,6,17,36,6,2,44,4,2,1,1,40,3788.5959,2310,1,1,1,0,still teacher
988628021090011,4,2024,15,2,17011,18,46,6,2,44,1,2,2,1,1,50,3496.4149,2310,1,1,2025,15,6,18,48,6,2,44,1,2,1,1,55,2980.2412,2310,1,1,1,0,still teacher
917707014658060,4,2024,6,1,17011,19,50,1,2,44,1,1,2,1,2,30,2529.996,2310,1,1,2025,16,5,19,51,1,2,44,1,2,1,1,20,2214.5564,2006,1,0,0,1,other occupation
570950081200979,4,2024,16,2,17011,20,55,1,2,44,4,2,2,5,1,40,2668.8122,2310,1,1,2025,16,6,20,56,1,2,44,4,2,5,1,40,2006.2806,2310,1,1,1,0,still teacher
002083090616859,4,2024,14,3,17011,26,41,1,2,44,1,1,2,1,1,50,5950.8953,2310,1,1,2025,16,7,26,43,1,2,44,1,2,1,2,50,5619.4169,2310,1,1,1,0,still teacher
002052069917398,4,2024,15,4,17011,27,36,1,2,43,1,1,2,1,1,40,3976.7248,2310,1,1,2025,15,8,27,38,1,2,43,1,2,1,1,40,4405.6907,2300,1,1,1,0,still teacher
013050106675390,4,2024,2,3,17011,31,53,1,2,40,1,1,2,1,1,25,1466.9036,2310,1,1,2025,16,7,31,54,1,2,40,1,2,1,1,25,1890.8218,2310,1,1,1,0,still teacher
120865200191483,4,2024,16,4,17011,31,44,1,2,43,1,1,2,1,1,40,1542.3459,2310,1,1,2025,16,8,31,45,1,2,43,1,2,1,1,40,984.799,2320,1,1,1,0,still teacher
075905660633142,4,2024,14,2,17011,32,35,6,1,44,1,1,2,1,1,40,2381.0059,2320,1,1,2025,14,6,32,36,6,1,44,1,2,1,1,55,2461.8298,2310,1,1,1,0,still teacher
232705316095600,4,2024,11,4,17011,32,25,6,2,43,4,3,2,1,1,20,2008.0016,2310,1,1,2025,14,8,32,25,6,2,43,4,2,1,1,40,2131.7058,750,1,0,0,1,other occupation
229048102305390,4,2024,15,1,17011,32,57,4,2,44,1,1,2,1,1,35,1906.3198,2310,1,1,2025,15,5,32,58,4,2,44,1,2,1,1,40,2230.4019,2330,1,1,1,0,still teacher
582936563090015,4,2024,16,1,17011,32,43,1,2,43,1,1,2,1,1,36,1500.1741,2310,1,1,2025,15,5,32,45,1,2,43,1,2,1,1,40,1898.3927,2320,1,1,1,0,still teacher
582936563090015,4,2024,16,1,17011,32,41,1,1,43,3,2,1,1,1,36,2109.2236,2320,1,1,2025,15,5,32,42,1,1,43,3,1,1,2,40,2309.1279,2320,1,1,1,0,still teacher
110050600082604,4,2024,14,2,17011,40,47,1,2,43,1,1,2,1,1,40,2070.0192,2310,1,1,2025,14,6,40,48,1,2,43,1,2,1,1,40,2457.6043,2310,1,1,1,0,still teacher
900414206071500,4,2024,15,2,17011,40,36,6,2,43,1,2,2,1,1,50,2174.5443,2310,1,1,2025,15,6,40,37,6,2,43,1,2,1,1,60,2449.2609,2310,1,1,1,0,still teacher
147502012221320,4,2024,15,3,17011,41,65,1,2,43,1,1,2,1,1,-4,2052.162,2310,1,1,2025,12,7,41,66,1,2,43,1,2,1,5,-1,2201.6467,-1,0,0,0,1,out of labor force
980948091403960,4,2024,14,2,17011,48,38,1,2,43,1,2,2,1,1,40,4303.2363,2320,1,1,2025,15,6,48,40,1,2,43,1,2,1,1,40,4441.7216,2310,1,1,1,0,still teacher
002180474504876,4,2024,16,3,17011,48,41,1,2,44,1,2,2,1,1,45,4575.6943,2310,1,1,2025,16,7,48,42,1,2,44,1,2,1,1,45,4608.0355,2310,1,1,1,0,still teacher
065966860240158,4,2024,14,3,17011,48,53,1,1,44,1,2,2,4,1,21,4725.5185,2310,1,1,2025,14,7,48,54,1,1,44,1,2,4,1,40,4610.7777,110,1,0,0,1,other occupation
848409711176610,4,2024,13,3,17011,48,44,1,2,43,1,1,1,4,1,40,4023.7508,2310,1,1,2025,13,7,48,45,1,2,43,1,1,4,1,40,4844.077,2310,1,1,1,0,still teacher
668020384090015,4,2024,14,4,17011,48,35,1,2,44,1,2,2,1,1,45,3887.5298,2310,1,1,2025,15,8,48,36,1,2,44,1,2,1,1,35,3979.1981,2310,1,1,1,0,still teacher
849809015195780,4,2024,8,2,17011,48,55,1,2,43,4,2,2,4,1,20,5850.3428,2310,1,1,2025,8,6,48,55,1,2,43,4,2,4,1,40,4572.3552,2310,1,1,1,0,still teacher
849809015195780,4,2024,8,2,17011,48,25,6,2,44,4,4,2,4,1,20,4182.6869,2310,1,1,2025,8,6,48,26,6,2,44,4,2,4,1,40,7331.7751,1825,1,0,0,1,other occupation
849809015195780,4,2024,8,2,17011,48,21,6,1,40,4,5,2,1,1,20,3231.6124,2310,1,1,2025,8,6,48,22,6,1,40,4,2,1,7,-1,5355.2549,-1,0,0,0,1,out of labor force
052435470850143,4,2024,16,2,17011,53,53,1,1,44,1,2,2,1,1,37,3557.7688,2310,1,1,2025,16,6,53,54,1,1,44,1,2,1,2,40,3603.2395,2310,1,1,1,0,still teacher
951020103346563,4,2024,10,3,17011,55,70,1,2,44,1,2,2,1,1,32,3178.3057,2310,1,1,2025,16,7,55,71,1,2,43,1,2,1,5,-1,3697.3426,-1,0,0,0,1,out of labor force
140825300592495,4,2024,16,1,17011,55,40,1,2,44,1,1,2,1,1,40,3709.9448,2310,1,1,2025,16,5,55,41,1,2,44,1,2,1,1,40,4014.4389,2310,1,1,1,0,still teacher
951090106296519,4,2024,15,2,17011,55,61,1,2,44,1,1,2,1,1,45,3617.8134,2310,1,1,2025,16,6,55,62,1,2,44,1,2,1,1,48,3770.2469,2310,1,1,1,0,still teacher
070053030515533,4,2024,13,1,17111,5,50,4,2,43,1,1,2,1,1,40,1512.943,2310,1,1,2025,13,5,5,50,4,2,43,1,2,1,1,40,1726.4361,2310,1,1,1,0,still teacher
071052014516774,4,2024,13,2,17111,16,24,1,2,41,1,1,2,1,1,-4,1029.1477,2300,1,1,2025,14,6,16,25,1,2,41,1,2,1,1,40,1247.4873,4600,1,0,0,1,other occupation
391200509405029,4,2024,16,4,17111,20,52,1,2,43,1,2,2,1,1,45,2302.9698,2310,1,1,2025,15,8,20,53,1,2,43,1,2,1,1,40,2514.5578,2310,1,1,1,0,still teacher
210220011401663,4,2024,13,2,17111,40,34,1,1,44,1,1,2,5,1,40,2717.2098,2320,1,1,2025,14,6,40,35,1,1,44,1,2,5,1,40,3008.5359,230,1,0,0,1,other occupation
120134783091110,4,2024,14,3,17111,41,44,1,2,44,1,2,2,1,1,50,3114.5225,2310,1,1,2025,14,7,41,45,1,2,44,1,2,1,1,45,2654.7688,2310,1,1,1,0,still teacher
074712440900121,4,2024,16,2,17011,1,64,1,1,44,1,1,2,1,1,40,2246.0792,2310,1,1,2025,16,6,1,64,1,1,44,1,2,1,1,40,1861.8004,850,1,0,0,1,other occupation
016009310000129,4,2024,16,3,17011,9,46,1,2,44,1,2,2,1,2,50,2822.7245,2310,1,1,2025,16,7,9,46,1,2,44,1,2,1,1,45,3560.743,2310,1,1,1,0,still teacher
102051104293103,4,2024,16,2,17011,10,29,1,2,44,1,2,2,1,1,40,847.2566,2310,1,1,2025,16,6,10,30,1,2,44,1,2,1,1,40,1011.5575,2001,1,0,0,1,other occupation
392506401030116,4,2024,16,3,17011,12,58,1,2,44,2,1,2,4,1,40,5130.9176,2310,1,1,2025,16,7,12,59,1,2,44,2,2,4,1,40,6538.726,2310,1,1,1,0,still teacher
920001102765151,4,2024,15,2,17011,12,37,1,2,44,1,1,2,1,1,-4,4388.9877,2310,1,1,2025,14,6,12,38,2,2,44,1,2,1,1,40,5350.0056,710,1,0,0,1,other occupation
982896161010018,4,2024,8,4,17011,12,51,1,2,43,1,3,2,1,1,20,4406.9848,2310,1,1,2025,11,8,12,52,1,2,44,1,2,1,1,40,4167.1773,2310,1,1,1,0,still teacher
227010109395169,4,2024,15,2,17011,12,57,1,2,44,1,1,2,1,1,40,4522.7846,2320,1,1,2025,15,6,12,58,1,2,44,1,2,1,1,-4,4301.8102,2310,1,1,1,0,still teacher
723090101776199,4,2024,11,4,17011,12,23,6,2,40,1,3,1,1,1,32,5293.7713,2330,1,1,2025,16,8,12,24,6,2,40,1,1,1,1,-4,5445.5203,2545,1,0,0,1,other occupation
318704010852230,4,2024,15,3,17011,13,49,1,1,46,1,2,2,1,1,65,4269.354,2310,1,1,2025,15,7,13,50,1,1,46,1,2,1,1,50,4206.7431,2320,1,1,1,0,still teacher
013060107872200,4,2024,13,1,17011,21,69,4,1,43,1,1,2,1,1,35,3195.9227,2310,1,1,2025,11,5,21,70,4,1,43,1,2,1,5,-1,3241.87,-1,0,0,0,1,out of labor force
190811900152952,4,2024,14,3,17011,21,44,1,2,41,1,2,2,1,2,16,3877.2241,2310,1,1,2025,14,7,21,45,1,2,41,1,2,1,1,40,3088.3174,4760,1,0,0,1,other occupation
252922092050015,4,2024,12,4,17011,22,53,1,2,44,1,1,2,1,1,50,1707.0848,2330,1,1,2025,15,8,22,54,1,2,44,1,2,1,1,40,2007.8791,2330,1,1,1,0,still teacher
001120227291730,4,2024,15,3,17011,22,45,1,2,40,1,2,2,1,1,40,1857.5652,2300,1,1,2025,13,7,22,46,1,2,40,1,2,1,1,40,1867.9721,2310,1,1,1,0,still teacher
726080106481265,4,2024,15,2,17011,22,38,1,2,43,1,2,2,1,1,40,1882.6919,2310,1,1,2025,12,6,22,39,1,2,39,1,2,1,1,40,1753.4585,2545,1,0,0,1,other occupation
180863041206284,4,2024,15,2,17011,23,38,1,2,44,1,1,2,1,1,40,2221.1622,2300,1,1,2025,15,6,23,39,1,2,44,1,2,1,1,40,2102.3165,2300,1,1,1,0,still teacher
423505011424850,4,2024,16,3,17011,24,45,1,2,44,1,1,2,1,1,40,3683.7387,2310,1,1,2025,16,7,24,46,1,2,44,1,2,1,1,40,4930.32,2310,1,1,1,0,still teacher
310774081203603,4,2024,14,3,17011,24,57,4,2,44,1,1,2,1,1,9,4424.1669,2310,1,1,2025,14,7,24,58,4,2,44,1,2,1,1,10,4989.5177,2350,1,0,0,1,other occupation
053348340520144,4,2024,14,4,17011,24,52,1,2,43,4,2,2,1,1,30,4483.0899,2300,1,1,2025,16,8,24,53,1,2,43,4,2,1,1,40,5498.725,440,1,0,0,1,other occupation
330364081200085,4,2024,16,4,17011,24,56,1,2,43,4,4,2,5,1,40,6415.8176,2310,1,1,2025,16,8,24,57,1,2,43,4,2,5,1,40,5369.0994,2310,1,1,1,0,still teacher
285699512000018,4,2024,16,1,17011,25,38,1,2,44,1,2,2,1,1,40,3741.619,2310,1,1,2025,16,5,25,39,1,2,44,1,2,1,1,40,3770.7998,2310,1,1,1,0,still teacher
558030109025271,4,2024,16,1,17011,25,31,1,2,43,1,2,2,1,1,40,3728.7091,2310,1,1,2025,16,5,25,32,1,2,43,1,2,1,2,40,3816.3304,2310,1,1,1,0,still teacher
000180279208002,4,2024,15,2,17011,28,42,1,2,44,1,1,2,1,1,40,2103.7967,2310,1,1,2025,15,6,28,43,1,2,44,1,2,1,1,40,1347.664,2310,1,1,1,0,still teacher
000180279208002,4,2024,15,2,17011,28,41,1,1,44,1,2,2,1,1,40,1473.0664,2320,1,1,2025,15,6,28,42,1,1,44,1,2,1,1,40,1212.3245,2320,1,1,1,0,still teacher
635020105251342,4,2024,16,4,17011,33,56,1,2,43,1,2,2,1,1,25,967.7201,2310,1,1,2025,16,8,33,58,1,2,43,1,2,1,1,20,969.5101,2310,1,1,1,0,still teacher
008160380265160,4,2024,16,4,17011,36,51,1,2,44,1,1,2,1,1,4,6490.3276,2330,1,1,2025,16,8,36,52,1,2,44,1,2,1,1,18,4771.9613,2300,1,1,1,0,still teacher
461700736792634,4,2024,15,1,17011,36,75,4,2,43,1,1,2,1,1,35,4466.3279,2320,1,1,2025,1,5,36,76,4,2,43,1,2,1,1,40,3627.8085,2320,1,1,1,0,still teacher
631905112442780,4,2024,11,3,17011,36,48,1,2,43,1,2,2,1,1,-4,5558.491,2320,1,1,2025,12,7,36,49,1,2,43,1,2,1,7,-1,5081.0723,-1,0,0,0,1,out of labor force
620607071331248,4,2024,11,1,17011,37,24,4,2,39,1,2,2,1,1,40,4428.0251,2300,1,1,2025,9,5,37,25,4,2,39,1,2,1,1,36,4011.4969,2300,1,1,1,0,still teacher
094827330730127,4,2024,15,3,17011,37,32,1,2,44,1,2,2,1,1,40,3466.1396,2310,1,1,2025,15,7,37,32,1,2,44,1,2,1,1,40,3569.8847,2310,1,1,1,0,still teacher
869163943010014,4,2024,12,2,17011,39,53,6,1,44,1,1,2,1,1,50,4436.5276,2310,1,1,2025,15,6,39,54,6,1,44,1,2,1,1,40,5202.8705,2320,1,1,1,0,still teacher
003090077419344,4,2024,14,2,17011,39,40,1,2,44,1,1,2,1,1,40,4265.1898,2310,1,1,2025,15,6,39,41,1,2,44,1,2,1,1,35,4203.561,2310,1,1,1,0,still teacher
120553500992943,4,2024,11,1,17011,39,47,6,2,44,1,1,2,1,1,40,3915.0076,2300,1,1,2025,11,5,39,49,6,2,44,1,2,1,1,40,4518.012,2300,1,1,1,0,still teacher
300452281031320,4,2024,10,2,17111,22,61,2,2,40,2,1,2,1,1,40,1508.7731,2300,1,1,2025,9,6,22,62,2,2,40,2,2,1,1,40,1381.4578,2310,1,1,1,0,still teacher
180812001209950,4,2024,16,4,17111,22,29,6,2,43,2,2,2,1,1,20,2334.2037,2310,1,1,2025,12,8,22,30,6,2,43,2,2,1,7,-1,2313.7233,-1,0,0,0,1,out of labor force
229907016033820,4,2024,16,1,17111,22,39,1,2,44,1,2,2,1,1,40,1867.4936,2300,1,1,2025,16,5,22,40,1,2,44,1,2,1,1,40,2287.0952,2310,1,1,1,0,still teacher
553127323070017,4,2024,13,4,17111,33,75,1,2,41,1,2,2,1,2,28,825.6184,2310,1,1,2025,12,8,33,76,1,2,41,1,2,1,1,22,927.7934,2310,1,1,1,0,still teacher
028684560930123,4,2024,15,2,17111,33,61,1,2,43,1,2,2,1,1,40,1068.0941,2310,1,1,2025,15,6,33,62,1,2,43,1,2,1,5,-1,921.4498,-1,0,0,0,1,out of labor force
741200010310160,4,2024,14,2,17111,47,35,1,1,43,1,1,2,1,1,45,3806.0798,2310,1,1,2025,15,6,47,36,1,1,43,1,2,1,1,45,3477.4541,2310,1,1,1,0,still teacher
740706011971520,4,2024,13,4,17111,47,34,6,2,39,2,1,2,1,2,40,6059.5607,2300,1,1,2025,13,8,47,35,6,2,39,2,2,1,1,40,5128.6735,3930,1,0,0,1,other occupation
780417535090014,4,2024,15,4,17111,50,41,1,2,43,1,1,2,1,1,32,527.0994,2310,1,1,2025,15,8,50,42,1,2,43,1,2,1,1,40,559.3294,2310,1,1,1,0,still teacher
184564955040014,4,2024,15,2,17111,54,35,1,2,44,1,1,2,1,1,40,787.6344,2310,1,1,2025,15,6,54,36,1,2,44,1,2,1,1,40,702.9002,2310,1,1,1,0,still teacher
310360542121960,4,2024,8,2,17011,6,27,6,2,44,1,4,1,1,1,40,4488.1327,2310,1,1,2025,15,6,6,27,6,2,44,1,1,1,2,40,6092.6827,2310,1,1,1,0,still teacher
171080100653890,4,2024,13,3,17011,6,61,4,2,43,1,1,2,1,1,32,3947.7179,2310,1,1,2025,13,7,6,62,4,2,43,1,2,1,1,40,4306.2319,2310,1,1,1,0,still teacher
014103110303156,4,2024,16,1,17011,6,34,6,1,44,5,1,1,1,1,36,4625.3982,2330,1,1,2025,16,5,6,35,6,1,44,5,1,1,1,40,6897.0533,230,1,0,0,1,other occupation
014103110303156,4,2024,16,1,17011,6,35,6,2,44,1,2,2,1,1,36,4832.3383,2330,1,1,2025,16,5,6,36,6,2,44,1,2,1,1,40,5716.9871,2310,1,1,1,0,still teacher
500430201081960,4,2024,15,2,17011,6,52,1,2,43,4,2,2,4,1,40,4973.8097,2310,1,1,2025,16,6,6,53,1,2,43,4,2,4,1,40,5314.2312,2310,1,1,1,0,still teacher
271900706187605,4,2024,16,1,17011,6,46,1,2,44,1,4,1,1,1,40,3744.7247,2310,1,1,2025,15,5,6,47,1,2,44,1,1,1,1,40,4734.5981,2300,1,1,1,0,still teacher
190230819031580,4,2024,4,3,17011,8,57,3,2,43,1,1,2,1,1,40,4114.5108,2310,1,1,2025,13,7,8,58,3,2,43,1,2,1,1,40,3890.4172,2310,1,1,1,0,still teacher
015399310800128,4,2024,16,3,17011,8,38,1,2,44,1,1,2,1,1,40,5071.0571,2310,1,1,2025,15,7,8,38,1,2,44,1,2,1,1,40,4346.6788,2310,1,1,1,0,still teacher
808700012726250,4,2024,16,3,17011,8,40,1,2,44,1,1,2,1,1,40,4873.0134,2320,1,1,2025,16,7,8,41,1,2,44,1,2,1,1,40,4010.5134,2320,1,1,1,0,still teacher
770367091123183,4,2024,14,4,17011,17,48,1,2,44,1,2,2,1,1,45,4844.6307,2320,1,1,2025,15,8,17,48,1,2,44,1,2,1,1,50,5609.2485,2310,1,1,1,0,still teacher
087843670810147,4,2024,14,4,17011,17,32,1,2,40,1,1,1,1,1,40,4091.5376,2300,1,1,2025,14,8,17,33,1,2,40,1,1,1,1,40,5576.7477,2300,1,1,1,0,still teacher
941400902280716,4,2024,15,1,17011,17,43,1,1,44,1,1,2,1,1,50,4696.1713,2320,1,1,2025,15,5,17,44,1,1,44,1,2,1,1,-4,4196.5786,2310,1,1,1,0,still teacher
001180187195093,4,2024,16,2,17011,18,36,1,2,44,4,2,2,5,1,40,4424.3767,2300,1,1,2025,15,6,18,37,1,2,44,4,2,5,1,40,3598.0252,2300,1,1,1,0,still teacher
814003013243780,4,2024,13,1,17011,18,50,4,2,44,1,1,2,1,1,50,3639.3367,2320,1,1,2025,14,5,18,52,4,2,44,1,2,1,1,50,3220.4613,2310,1,1,1,0,still teacher
391080105690175,4,2024,14,2,17011,19,51,1,2,43,1,2,2,1,1,40,2518.2441,2310,1,1,2025,14,6,19,52,1,2,43,1,2,1,1,50,2481.1046,2330,1,1,1,0,still teacher
763080106893221,4,2024,13,1,17011,26,37,4,2,43,1,1,1,1,1,40,4107.1119,2310,1,1,2025,13,5,26,39,4,2,43,1,1,1,1,40,3938.359,2310,1,1,1,0,still teacher
180227011209334,4,2024,16,2,17011,27,47,1,2,40,1,1,2,1,1,40,4317.7862,2310,1,1,2025,16,6,27,48,1,2,40,1,2,1,1,40,4009.7378,2310,1,1,1,0,still teacher
177926842090016,4,2024,15,1,17011,27,76,1,1,43,1,1,2,1,2,0,2668.8737,2310,1,1,2025,16,5,27,77,1,1,43,1,2,1,5,-1,2785.6185,-1,0,0,0,1,out of labor force
160879900712462,4,2024,16,1,17011,27,52,1,2,44,1,2,2,1,1,40,4228.0915,2320,1,1,2025,6,5,27,53,1,2,44,1,2,1,1,40,3430.2869,2310,1,1,1,0,still teacher
170104600701312,4,2024,14,3,17011,27,52,1,2,43,1,2,2,1,1,40,3692.0818,2310,1,1,2025,14,7,27,53,1,2,43,1,2,1,1,40,4494.1723,2310,1,1,1,0,still teacher
531900904702923,4,2024,15,2,17011,29,40,1,1,43,1,1,2,1,1,40,3848.3545,2320,1,1,2025,15,6,29,41,1,1,43,1,2,1,1,40,3133.4282,2320,1,1,1,0,still teacher
065657000930131,4,2024,14,3,17011,31,40,1,1,45,1,2,2,1,1,50,1485.4915,2310,1,1,2025,15,7,31,41,1,1,44,1,2,1,1,50,1878.9901,2320,1,1,1,0,still teacher
521931863000017,4,2024,15,2,17011,31,52,6,2,44,1,1,2,1,1,40,1768.7915,2310,1,1,2025,15,6,31,53,6,2,45,1,2,1,1,40,1610.2909,2320,1,1,1,0,still teacher
130494200164313,4,2024,16,3,17011,31,24,6,1,40,1,2,1,1,1,35,1286.9056,2310,1,1,2025,15,7,31,25,6,1,40,1,1,1,1,35,2017.5052,2310,1,1,1,0,still teacher
130494200164313,4,2024,16,3,17011,31,24,6,2,43,1,3,1,1,1,40,1968.5495,2310,1,1,2025,15,7,31,25,6,2,43,1,1,1,1,35,2079.225,2310,1,1,1,0,still teacher
018027510631115,4,2024,9,1,17011,35,35,6,2,42,3,1,2,1,1,40,1417.1909,2310,1,1,2025,15,5,35,36,6,2,40,3,2,1,1,30,1923.2561,2722,1,0,0,1,other occupation
300338081304913,4,2024,14,4,17011,38,39,1,2,43,1,1,2,1,1,40,499.0625,2310,1,1,2025,16,8,38,40,1,2,43,1,2,1,1,40,710.0651,2310,1,1,1,0,still teacher
441500503434834,4,2024,15,3,17011,38,37,1,2,43,1,1,2,1,1,40,663.6811,2300,1,1,2025,15,7,38,38,1,2,43,1,2,1,1,40,513.4913,2300,1,1,1,0,still teacher
640254197071610,4,2024,13,4,17011,41,58,6,2,43,1,1,2,3,1,75,2037.9254,2320,1,1,2025,14,8,41,59,6,2,43,1,2,3,1,65,2408.9158,2320,1,1,1,0,still teacher
160934900685694,4,2024,16,4,17011,46,54,1,2,43,1,2,2,1,1,40,647.671,2320,1,1,2025,15,8,46,55,1,2,43,1,2,1,1,40,646.9052,2320,1,1,1,0,still teacher
560946061409398,4,2024,16,4,17011,46,37,1,2,43,1,2,2,1,1,40,742.4448,2310,1,1,2025,5,8,46,37,1,2,43,1,2,1,1,40,714.886,2310,1,1,1,0,still teacher
161534900687694,4,2024,10,1,17011,46,26,6,2,43,1,2,2,1,1,40,752.4581,2310,1,1,2025,13,5,46,28,6,2,43,1,2,1,1,40,737.3714,2310,1,1,1,0,still teacher
074063011216754,4,2024,15,3,17011,46,54,1,1,44,1,1,2,1,1,45,664.7586,2310,1,1,2025,16,7,46,55,1,1,44,1,2,1,1,40,684.4006,2310,1,1,1,0,still teacher
760034990081880,4,2024,16,2,17011,48,36,1,2,44,1,2,2,1,1,55,5104.2721,2310,1,1,2025,16,6,48,37,1,2,44,1,2,1,1,45,4362.2982,2320,1,1,1,0,still teacher
301000912649847,4,2024,8,3,17011,48,23,6,2,39,1,1,1,1,1,40,5873.6037,2300,1,1,2025,9,7,48,24,6,2,39,1,1,1,1,40,5856.1341,5310,1,0,0,1,other occupation
003190485342691,4,2024,15,3,17011,49,47,1,2,44,1,2,2,1,1,40,1543.1448,2310,1,1,2025,15,7,49,48,1,2,44,1,2,1,2,40,1627.8314,230,1,0,0,1,other occupation
794050100013448,4,2024,16,3,17011,49,47,1,2,44,1,2,2,1,1,55,1543.1448,2320,1,1,2025,16,7,49,48,1,2,44,1,2,1,1,50,1627.8314,2320,1,1,1,0,still teacher
113408715030112,4,2024,13,4,17011,53,30,6,2,44,1,1,2,1,1,40,4988.4231,2310,1,1,2025,13,8,53,31,6,2,44,1,2,1,1,40,5117.3637,2310,1,1,1,0,still teacher
553006016061800,4,2024,13,1,17011,55,32,1,2,43,1,2,2,1,1,40,3645.8816,2330,1,1,2025,14,5,55,33,1,2,43,1,2,1,1,40,4496.6227,2555,1,0,0,1,other occupation
390916001505585,4,2024,14,2,17011,56,47,1,2,43,1,1,2,4,1,40,353.1295,2300,1,1,2025,14,6,56,48,1,2,43,1,2,4,1,40,357.4747,2300,1,1,1,0,still teacher
000140041363169,4,2024,14,4,17111,4,49,4,2,43,1,1,2,1,1,40,4390.1472,2310,1,1,2025,14,8,4,50,4,2,43,1,2,1,1,40,5643.5464,2310,1,1,1,0,still teacher
861100200101610,4,2024,15,4,17111,16,40,1,2,43,1,2,2,1,1,25,907.8964,2320,1,1,2025,15,8,16,41,1,2,43,1,2,1,1,25,941.5379,2320,1,1,1,0,still teacher
570393762071400,4,2024,12,3,17111,30,53,6,2,44,1,1,2,1,1,40,490.7898,2310,1,1,2025,13,7,30,54,6,2,44,1,2,1,1,40,596.0878,2310,1,1,1,0,still teacher
445015333020014,4,2024,15,3,17111,35,29,1,2,44,1,2,2,1,1,45,1071.3214,2310,1,1,2025,15,7,35,30,1,2,44,1,2,1,1,45,1119.9324,2310,1,1,1,0,still teacher
150823200531123,4,2024,14,4,17111,35,66,1,1,44,1,2,1,1,1,40,995.5531,2320,1,1,2025,14,8,35,66,1,1,44,1,1,1,1,40,1223.4282,2320,1,1,1,0,still teacher
091325820700141,4,2024,15,1,17011,1,30,6,2,44,2,1,2,1,1,40,3416.8345,2310,1,1,2025,16,5,1,31,6,2,44,2,2,1,7,-1,3164.8529,-1,0,0,0,1,out of labor force
070076084919473,4,2024,15,3,17011,9,22,6,1,43,1,1,1,1,1,40,2730.1396,2310,1,1,2025,15,7,9,23,6,1,43,1,1,1,1,40,3150.6106,2310,1,1,1,0,still teacher
000190042888707,4,2024,16,4,17011,9,69,1,1,44,1,2,2,1,1,-4,3199.8324,2320,1,1,2025,16,8,9,70,1,1,44,1,2,1,1,-4,2067.8921,2722,1,0,0,1,other occupation
221011100542165,4,2024,12,2,17011,12,64,1,2,43,1,1,1,5,1,45,4185.2407,2300,1,1,2025,10,6,12,65,1,2,43,1,1,5,1,45,4311.2699,52,1,0,0,1,other occupation
910932041103961,4,2024,14,1,17011,12,39,1,2,42,1,2,2,1,1,40,5933.4275,2310,1,1,2025,15,5,12,40,1,2,42,1,2,1,1,37,5354.7131,2310,1,1,1,0,still teacher
140716100346841,4,2024,13,2,17011,13,60,1,2,44,2,2,2,4,1,40,3336.4248,2300,1,1,2025,13,6,13,61,1,2,43,2,2,4,1,40,3305.5302,2300,1,1,1,0,still teacher
990211449071930,4,2024,14,2,17011,13,32,1,2,43,1,2,2,1,1,40,5015.8924,2310,1,1,2025,14,6,13,33,1,2,43,1,2,1,1,40,4984.0798,2310,1,1,1,0,still teacher
077699780220111,4,2024,14,4,17011,21,49,1,2,42,1,2,2,1,1,40,4542.9431,2310,1,1,2025,15,8,21,50,1,2,42,1,2,1,2,40,3740.9478,2545,1,0,0,1,other occupation
050001101985229,4,2024,11,4,17011,25,71,6,2,43,1,1,2,1,1,35,2568.7487,2310,1,1,2025,15,8,25,71,6,2,43,1,2,1,1,38,2736.2086,2310,1,1,1,0,still teacher
008150242755358,4,2024,16,3,17011,25,75,1,2,44,6,2,2,1,1,45,3043.0696,2320,1,1,2025,16,7,25,76,1,2,44,6,2,1,1,50,2903.4333,2320,1,1,1,0,still teacher
453755993020019,4,2024,12,3,17011,33,34,6,2,43,1,1,2,1,1,46,1491.3809,2310,1,1,2025,12,7,33,35,6,2,43,1,2,1,1,45,1249.4297,2320,1,1,1,0,still teacher
550663930061330,4,2024,15,3,17011,33,26,6,1,43,1,2,2,1,1,40,1571.9896,2320,1,1,2025,15,7,33,27,1,1,43,1,2,1,1,40,1308.8413,2320,1,1,1,0,still teacher
130814600722653,4,2024,14,2,17011,37,30,1,1,44,1,1,2,1,1,40,5151.6014,2320,1,1,2025,15,6,37,31,1,1,44,1,2,1,1,40,5814.6504,2320,1,1,1,0,still teacher
731106018757230,4,2024,16,1,17011,37,56,1,1,44,2,2,2,1,1,40,3954.1596,2320,1,1,2025,14,5,37,57,1,1,44,2,2,1,1,40,5336.7656,2320,1,1,1,0,still teacher
043090048519736,4,2024,14,2,17011,39,47,1,1,44,1,1,2,1,1,50,3719.0244,2310,1,1,2025,15,6,39,48,1,1,44,1,2,1,1,53,3687.8362,2320,1,1,1,0,still teacher
303140456898569,4,2024,14,1,17011,44,61,6,2,44,1,1,2,1,1,40,1230.3287,2310,1,1,2025,14,5,44,62,6,2,44,1,2,1,1,40,1211.8439,2310,1,1,1,0,still teacher
062644420640117,4,2024,16,4,17011,47,39,1,2,43,1,2,2,1,1,40,3312.9684,2310,1,1,2025,16,8,47,40,2,2,43,1,2,1,1,40,2718.3412,2310,1,1,1,0,still teacher
931300100994058,4,2024,15,2,17011,50,54,1,2,44,1,2,2,3,1,40,394.848,2320,1,1,2025,16,6,50,55,1,2,44,1,2,3,1,40,437.6799,2320,1,1,1,0,still teacher
018060109271510,4,2024,16,1,17011,51,26,6,2,43,4,5,2,1,1,-4,5425.0188,2310,1,1,2025,15,5,51,26,6,2,43,4,2,1,1,35,8412.751,2310,1,1,1,0,still teacher
350555657091540,4,2024,14,3,17011,54,54,1,2,44,1,1,2,1,1,40,745.2119,2330,1,1,2025,14,7,54,55,1,2,44,1,2,1,1,40,603.5717,2330,1,1,1,0,still teacher
140784500180800,4,2024,15,2,17111,1,33,1,2,43,1,1,2,1,1,40,3245.4625,2310,1,1,2025,16,6,1,34,1,2,43,1,2,1,1,40,2816.5514,2300,1,1,1,0,still teacher
001110051135022,4,2024,12,3,17111,1,51,4,2,43,1,1,2,1,1,40,2210.8785,2310,1,1,2025,12,7,1,52,2,2,43,1,2,1,1,40,2866.8194,2320,1,1,1,0,still teacher
416057100774157,4,2024,11,1,17111,11,30,6,2,43,1,1,2,1,1,50,409.2944,2310,1,1,2025,13,5,11,31,6,2,44,1,2,1,1,40,577.5682,2100,1,0,0,1,other occupation
002611822010011,4,2024,15,2,17112,22,24,6,2,43,1,1,2,1,1,40,2269.7706,2330,1,1,2025,15,6,22,26,6,2,43,1,2,1,1,40,2067.408,2320,1,1,1,0,still teacher
098018620220102,4,2024,13,3,17111,22,62,6,2,44,2,1,2,1,1,40,1953.7365,2310,1,1,2025,15,7,22,63,6,2,43,2,2,1,1,40,2114.0147,2310,1,1,1,0,still teacher
190886900871172,4,2024,15,2,17111,28,30,6,2,40,2,5,2,1,1,25,2052.0182,2300,1,1,2025,14,6,28,31,6,2,43,2,2,1,1,40,2325.3384,2300,1,1,1,0,still teacher
045067012210770,4,2024,14,4,17111,50,48,4,2,43,1,1,2,1,1,40,417.1617,2320,1,1,2025,14,8,50,49,4,2,44,1,2,1,1,35,454.2089,2320,1,1,1,0,still teacher
065372820152124,4,2024,12,2,17111,54,48,1,1,43,1,1,2,1,1,40,735.2653,2310,1,1,2025,14,6,54,49,1,1,43,1,2,1,1,40,589.9211,2310,1,1,1,0,still teacher
110367500238040,4,2024,16,3,17011,2,55,1,2,44,1,2,2,1,1,32,463.1925,2310,1,1,2025,16,7,2,56,1,2,44,1,2,1,1,37,519.2714,2310,1,1,1,0,still teacher
652050106125062,4,2024,14,2,17011,5,49,6,1,43,2,1,2,1,1,60,2759.8112,2310,1,1,2025,14,6,5,50,6,1,43,2,2,1,1,50,1778.0228,2310,1,1,1,0,still teacher
121513400618180,4,2024,16,1,17011,6,48,1,2,43,1,2,2,1,1,45,4101.4103,2310,1,1,2025,16,5,6,49,1,2,43,1,2,1,1,40,4255.9871,2310,1,1,1,0,still teacher
198120600090010,4,2024,16,2,17011,8,27,6,2,43,1,3,2,1,1,50,4674.0108,2310,1,1,2025,16,6,8,28,6,2,43,1,2,1,1,50,4530.014,2310,1,1,1,0,still teacher
517900414862690,4,2024,16,1,17011,15,34,1,2,43,1,2,2,1,1,30,831.6502,2310,1,1,2025,16,5,15,35,1,2,43,1,2,1,3,-1,778.9496,2016,0,0,0,1,unemployed
980591718041261,4,2024,15,1,17011,16,53,1,2,44,1,1,2,1,1,60,1076.5314,2310,1,1,2025,15,5,16,54,1,2,44,1,2,1,1,10,922.2083,2205,1,0,0,1,other occupation
081010109643119,4,2024,15,2,17011,18,64,1,2,43,1,2,2,1,1,40,3737.5642,2310,1,1,2025,15,6,18,65,1,2,43,1,2,1,1,40,3129.024,2320,1,1,1,0,still teacher
720141433051380,4,2024,16,2,17011,18,31,1,1,43,1,1,2,1,1,40,4727.5431,2310,1,1,2025,11,6,18,32,4,1,43,1,2,1,1,40,4955.9234,2310,1,1,1,0,still teacher
008160280391539,4,2024,16,1,17011,26,53,1,2,44,1,1,2,1,1,40,5007.5201,2310,1,1,2025,16,5,26,54,1,2,44,1,2,1,2,40,4252.8508,2310,1,1,1,0,still teacher
673090104292253,4,2024,15,1,17011,27,70,1,2,43,1,2,2,1,1,40,3471.195,2310,1,1,2025,13,5,27,71,1,2,39,1,2,1,5,-1,3344.9121,-1,0,0,0,1,out of labor force
033103019612337,4,2024,14,2,17011,32,71,1,1,44,1,2,2,1,1,40,1760.6026,2310,1,1,2025,15,6,32,72,1,1,44,1,2,1,1,40,1804.8741,2310,1,1,1,0,still teacher
033103019612337,4,2024,14,2,17011,32,31,6,2,43,1,3,2,1,1,40,2111.7526,2310,1,1,2025,15,6,32,32,6,2,43,1,2,1,1,40,2388.7217,5240,1,0,0,1,other occupation
150348900852834,4,2024,14,3,17011,48,49,4,2,43,1,1,1,1,1,40,4615.7597,2310,1,1,2025,13,7,48,50,4,2,43,1,1,1,1,40,4401.296,5120,1,0,0,1,other occupation
849509018930470,4,2024,15,2,17011,48,73,1,2,43,1,1,2,1,1,20,3767.8344,2320,1,1,2025,15,6,48,74,1,2,43,1,2,1,1,25,3427.9199,2310,1,1,1,0,still teacher
849509018930470,4,2024,15,2,17011,48,73,1,1,43,1,2,2,1,1,40,3904.4518,2320,1,1,2025,15,6,48,74,1,1,43,1,2,1,1,-4,3088.3331,2310,1,1,1,0,still teacher
137205600881244,4,2024,15,4,17011,48,60,1,2,43,1,2,1,4,1,40,4207.5698,2310,1,1,2025,13,8,48,61,1,2,43,1,1,4,1,40,4553.359,2310,1,1,1,0,still teacher
481060100172473,4,2024,14,3,17011,48,28,1,1,43,2,1,2,1,1,50,10509.8912,2320,1,1,2025,15,7,48,29,1,1,43,2,2,1,1,50,7285.0521,2320,1,1,1,0,still teacher
481060100172473,4,2024,14,3,17011,48,28,1,2,43,2,2,2,1,1,50,8332.8884,2320,1,1,2025,15,7,48,29,1,2,43,2,2,1,1,40,9925.9104,2320,1,1,1,0,still teacher
001190485369682,4,2024,15,2,17011,49,45,1,2,43,1,2,2,1,1,40,1531.0416,2310,1,1,2025,16,6,49,45,1,2,43,1,2,1,1,40,1854.9633,2310,1,1,1,0,still teacher
075101062216712,4,2024,16,1,17011,56,51,1,2,43,1,2,2,1,1,40,408.2808,2310,1,1,2025,15,5,56,52,1,2,43,1,2,1,1,40,429.3702,2310,1,1,1,0,still teacher
095052000916178,4,2024,14,2,17011,56,53,4,1,43,1,1,2,1,1,40,433.3474,2310,1,1,2025,14,6,56,54,4,1,43,1,2,1,1,40,420.876,2310,1,1,1,0,still teacher
080586061102471,4,2024,15,3,17111,16,65,3,1,44,1,1,2,4,1,50,938.9953,2310,1,1,2025,16,7,16,66,3,1,44,1,2,4,1,45,1001.0148,2310,1,1,1,0,still teacher
120903500670154,4,2024,11,4,17111,46,58,3,2,43,1,1,2,1,1,40,805.4784,2310,1,1,2025,11,8,46,59,3,2,43,1,2,1,1,40,884.5493,2310,1,1,1,0,still teacher
030007062716735,4,2024,10,3,17011,6,28,1,2,43,1,2,1,1,1,40,5231.4959,2300,1,1,2025,8,7,6,29,1,2,42,1,1,1,2,40,6562.2268,4600,1,0,0,1,other occupation
490986051016022,4,2024,16,3,17011,6,56,1,1,43,1,1,1,1,1,35,4118.1155,2310,1,1,2025,15,7,6,57,1,1,43,1,1,1,1,40,5396.5012,2310,1,1,1,0,still teacher
490986051016022,4,2024,16,3,17011,6,30,6,1,43,1,3,1,1,1,35,3634.2925,2310,1,1,2025,15,7,6,30,6,1,43,1,1,1,1,35,4591.168,2310,1,1,1,0,still teacher
596830090060010,4,2024,16,3,17011,6,73,1,2,44,1,1,2,1,1,35,3719.0795,2310,1,1,2025,16,7,6,74,3,2,44,1,2,1,1,40,4359.793,2310,1,1,1,0,still teacher
101700508362909,4,2024,15,3,17011,9,60,4,2,44,1,1,2,1,1,55,2983.6363,2320,1,1,2025,15,7,9,61,4,2,44,1,2,1,1,50,3306.9173,2320,1,1,1,0,still teacher
014703530200169,4,2024,16,2,17011,9,48,1,2,44,1,2,2,1,1,-4,2908.9271,2320,1,1,2025,16,6,9,49,1,2,45,1,2,1,1,40,3262.6413,2320,1,1,1,0,still teacher
070058047319952,4,2024,10,2,17011,9,38,6,2,43,2,1,2,1,1,40,4127.1469,2300,1,1,2025,16,6,9,38,6,2,43,2,2,1,1,40,4164.7127,5860,1,0,0,1,other occupation
904304118954200,4,2024,14,1,17011,9,61,1,2,44,1,2,2,1,1,40,3319.2482,2310,1,1,2025,16,5,9,63,1,2,44,1,2,1,1,40,3346.3155,2310,1,1,1,0,still teacher
609120150129702,4,2024,12,1,17011,12,23,4,1,43,2,2,2,1,1,40,7544.7991,2310,1,1,2025,15,5,12,24,4,1,43,2,2,1,1,40,6193.6991,1760,1,0,0,1,other occupation
005130125108459,4,2024,1,2,17011,13,51,3,1,43,2,1,2,1,1,24,3814.2835,2310,1,1,2025,8,6,13,52,3,1,43,2,2,1,6,-1,3589.8268,-1,0,0,0,1,out of labor force
215665961040013,4,2024,15,4,17011,15,51,1,1,43,4,1,2,1,1,40,968.597,2310,1,1,2025,15,8,15,52,1,1,43,4,2,1,1,40,814.4793,2330,1,1,1,0,still teacher
215665961040013,4,2024,15,4,17011,15,51,1,2,43,4,2,1,1,1,40,747.2304,2310,1,1,2025,15,8,15,52,1,2,43,4,1,1,1,40,810.3283,2300,1,1,1,0,still teacher
100987051106108,4,2024,14,1,17011,17,40,1,1,41,1,2,2,1,1,40,4475.0809,2320,1,1,2025,15,5,17,41,1,1,41,1,2,1,1,40,3772.0803,2360,1,0,0,1,other occupation
131600733309711,4,2024,8,3,17011,17,29,6,1,42,1,1,2,1,1,25,5425.1198,2310,1,1,2025,7,7,17,30,6,1,42,1,2,1,1,20,4997.005,2320,1,1,1,0,still teacher
091063063317326,4,2024,15,2,17011,17,56,1,2,43,1,1,2,1,1,18,4367.262,2300,1,1,2025,16,6,17,57,1,2,43,1,2,1,2,20,4343.8491,3601,1,0,0,1,other occupation
081018022917023,4,2024,15,1,17011,17,32,1,2,44,1,2,2,1,1,40,5358.8141,2310,1,1,2025,15,5,17,33,1,2,44,1,2,1,1,40,5168.1613,2330,1,1,1,0,still teacher
005170139803455,4,2024,15,1,17011,17,38,1,2,44,1,2,2,1,1,40,5377.368,2310,1,1,2025,16,5,17,39,1,2,44,1,2,1,1,21,5106.5029,2310,1,1,1,0,still teacher
390007071101419,4,2024,15,4,17011,17,33,1,1,44,1,1,2,1,1,40,3835.8295,2310,1,1,2025,15,8,17,34,1,1,44,1,2,1,1,40,6245.0659,2310,1,1,1,0,still teacher
390007071101419,4,2024,15,4,17011,17,30,1,2,44,1,2,2,1,1,40,4265.362,2310,1,1,2025,15,8,17,31,1,2,44,1,2,1,1,40,5654.0904,2310,1,1,1,0,still teacher
713202010826470,4,2024,14,1,17011,17,64,1,2,44,1,1,2,1,1,32,4512.3476,2310,1,1,2025,16,5,17,65,1,2,44,1,2,1,1,20,4794.3962,2360,1,0,0,1,other occupation
025505016509310,4,2024,12,2,17011,20,36,6,1,44,1,1,2,1,1,45,2112.8636,2310,1,1,2025,13,6,20,37,6,1,44,1,2,1,1,40,1992.1577,2310,1,1,1,0,still teacher
034974580720110,4,2024,16,2,17011,20,51,1,2,44,1,1,2,1,1,50,2218.1033,2310,1,1,2025,16,6,20,51,1,2,44,1,2,1,1,50,2268.4661,2310,1,1,1,0,still teacher
112525652060017,4,2024,14,4,17012,22,36,1,2,42,2,2,2,1,1,40,1869.8903,2320,1,1,2025,10,8,22,37,1,2,42,2,2,1,1,40,2000.1083,2320,1,1,1,0,still teacher
335080107205290,4,2024,15,2,17011,23,39,1,2,44,1,2,2,1,1,40,2650.7112,2320,1,1,2025,15,6,23,40,1,2,44,1,2,1,1,50,1902.3267,2320,1,1,1,0,still teacher
100492100566542,4,2024,16,1,17011,25,26,6,2,44,1,3,2,1,1,40,4118.7076,2310,1,1,2025,16,5,25,27,6,2,44,1,2,1,1,40,3460.8369,4700,1,0,0,1,other occupation
006160273118400,4,2024,16,3,17011,26,48,1,2,44,1,2,2,1,1,30,3889.8785,2320,1,1,2025,16,7,26,49,1,2,44,1,2,1,2,40,4557.3849,2320,1,1,1,0,still teacher
875090103017222,4,2024,14,4,17011,27,68,1,2,43,1,1,2,1,1,24,3519.4423,2320,1,1,2025,14,8,27,69,1,2,43,1,2,1,1,-4,3828.6893,2310,1,1,1,0,still teacher
857546702030012,4,2024,13,4,17011,27,55,4,2,43,1,1,2,1,1,40,3638.1703,2310,1,1,2025,14,8,27,56,4,2,43,1,2,1,1,40,4074.1393,2310,1,1,1,0,still teacher
032860990020149,4,2024,8,3,17011,29,32,6,1,43,1,2,2,1,1,40,4258.1688,2330,1,1,2025,16,7,29,33,6,1,43,1,2,1,1,40,6366.479,2310,1,1,1,0,still teacher
063075063713296,4,2024,16,2,17011,33,60,1,2,44,1,1,2,1,1,13,1065.5612,2320,1,1,2025,15,6,33,61,1,2,44,1,2,1,1,12,976.6049,2310,1,1,1,0,still teacher
033045026013353,4,2024,16,4,17011,33,26,6,2,44,1,3,2,1,1,40,1251.0467,2310,1,1,2025,16,8,33,27,6,2,44,1,2,1,1,40,1165.2697,2310,1,1,1,0,still teacher
150618600482093,4,2024,13,2,17011,34,50,1,1,44,1,1,2,1,1,40,4636.5092,2310,1,1,2025,16,6,34,52,1,1,44,1,2,1,1,40,4801.9647,2310,1,1,1,0,still teacher
150618600482093,4,2024,13,2,17011,34,48,1,2,43,1,2,2,1,1,27,4274.2636,2310,1,1,2025,16,6,34,49,1,2,43,1,2,1,1,40,4582.6137,2310,1,1,1,0,still teacher
420606071311298,4,2024,16,3,17011,36,34,6,2,46,4,1,1,4,2,40,6593.615,2320,1,1,2025,16,7,36,35,1,2,46,4,1,4,1,40,7675.0143,2205,1,0,0,1,other occupation
900256061307358,4,2024,14,4,17011,36,63,2,2,44,2,1,2,1,1,40,4407.2201,2310,1,1,2025,14,8,36,64,2,2,44,2,2,1,1,30,4797.28,2310,1,1,1,0,still teacher
276020105835334,4,2024,16,1,17011,37,42,1,2,43,1,1,2,1,1,-4,3743.2818,2310,1,1,2025,15,5,37,43,1,2,43,1,2,1,1,50,4608.3601,2310,1,1,1,0,still teacher
045234130030119,4,2024,13,2,17011,39,34,1,1,43,1,1,2,1,1,40,5510.1757,2320,1,1,2025,13,6,39,35,1,1,43,1,2,1,1,40,4622.477,2320,1,1,1,0,still teacher
770314010031000,4,2024,16,2,17011,40,42,1,2,44,1,1,2,1,1,50,1874.7364,2310,1,1,2025,15,6,40,43,1,2,46,1,2,1,1,50,1577.1408,2310,1,1,1,0,still teacher
340541001404586,4,2024,15,4,17011,41,42,1,2,43,1,1,2,1,2,40,2268.6298,2300,1,1,2025,16,8,41,43,1,2,43,1,2,1,1,40,2638.0467,2300,1,1,1,0,still teacher
542029684000019,4,2024,16,3,17011,42,36,2,2,44,1,2,2,1,1,40,5081.2869,2310,1,1,2025,16,7,42,38,2,2,44,1,2,1,1,40,4590.1124,2310,1,1,1,0,still teacher
997348744090015,4,2024,14,2,17011,47,27,1,1,43,1,1,2,1,1,40,4411.0142,2310,1,1,2025,15,6,47,28,1,1,43,1,2,1,1,45,3933.7665,2310,1,1,1,0,still teacher
997348744090015,4,2024,14,2,17011,47,27,1,2,43,1,2,2,1,1,40,3453.5967,2310,1,1,2025,15,6,47,28,1,2,43,1,2,1,1,40,4325.8307,2310,1,1,1,0,still teacher
118318094090017,4,2024,15,4,17011,48,41,1,2,43,1,1,2,1,1,40,4722.4434,2310,1,1,2025,14,8,48,42,1,2,43,1,2,1,1,40,5637.6871,2330,1,1,1,0,still teacher
053409740741138,4,2024,14,3,17011,48,45,1,2,43,1,2,2,1,1,40,3660.7676,2310,1,1,2025,15,7,48,46,1,2,43,1,2,1,1,40,4303.3043,2310,1,1,1,0,still teacher
292061102847405,4,2024,16,2,17011,49,52,1,2,43,1,1,2,1,1,50,1757.134,2310,1,1,2025,16,6,49,53,1,2,43,1,2,1,1,40,1844.3886,2310,1,1,1,0,still teacher
005100574150757,4,2024,11,3,17011,50,68,4,2,44,1,1,2,1,1,-4,401.2808,2320,1,1,2025,12,7,50,69,4,2,44,1,2,1,1,35,386.8376,2310,1,1,1,0,still teacher
600040725070018,4,2024,16,4,17011,50,50,1,2,43,1,2,2,1,1,45,413.7877,2310,1,1,2025,15,8,50,51,1,2,44,1,2,1,1,45,460.7923,2310,1,1,1,0,still teacher
351112875040014,4,2024,13,3,17011,51,60,1,2,43,1,2,2,1,1,40,3327.9295,2310,1,1,2025,14,7,51,60,1,2,44,1,2,1,1,50,3533.4502,2310,1,1,1,0,still teacher
771700614335457,4,2024,16,1,17011,54,54,1,2,44,1,2,2,1,1,40,877.2244,2320,1,1,2025,16,5,54,55,1,2,44,1,2,1,1,40,898.0659,2310,1,1,1,0,still teacher
131700900765452,4,2024,16,4,17011,54,48,1,2,43,1,3,2,1,1,40,765.9573,2300,1,1,2025,16,8,54,49,1,2,43,1,2,1,1,40,668.7222,2300,1,1,1,0,still teacher
650475370041450,4,2024,16,1,17011,55,34,1,2,43,1,2,2,1,1,45,3740.1435,2310,1,1,2025,16,5,55,35,1,2,43,1,2,1,1,40,5126.9976,2310,1,1,1,0,still teacher
101291900606885,4,2024,16,1,17011,56,60,1,1,44,1,1,2,1,1,57,469.9526,2310,1,1,2025,16,5,56,61,1,1,44,1,2,1,1,45,602.0306,2310,1,1,1,0,still teacher
039933670240107,4,2024,15,3,17111,47,64,1,1,44,1,1,2,1,1,40,4197.6782,2310,1,1,2025,15,7,47,65,1,1,44,1,2,1,1,40,3421.6323,2310,1,1,1,0,still teacher
095052061513601,4,2024,16,1,17111,53,61,1,2,44,1,2,2,1,1,30,4145.5616,2310,1,1,2025,15,5,53,62,1,2,44,1,2,1,5,-1,3805.3206,-1,0,0,0,1,out of labor force
934173585030012,4,2024,13,2,17111,54,54,6,2,44,1,1,2,1,1,40,821.372,2310,1,1,2025,11,6,54,55,6,2,44,1,2,1,1,40,563.8232,2310,1,1,1,0,still teacher
414124685060014,4,2024,6,3,17111,54,37,1,2,43,2,1,2,1,1,40,909.3319,2300,1,1,2025,10,7,54,37,1,2,43,2,2,1,1,45,901.9747,2300,1,1,1,0,still teacher
250746031508064,4,2024,15,2,17111,56,59,1,1,44,1,1,2,1,1,34,485.4435,2320,1,1,2025,16,6,56,60,1,1,44,1,2,1,1,40,445.3064,2310,1,1,1,0,still teacher
540270353001350,4,2024,10,3,17011,5,57,4,2,43,2,1,2,1,1,40,1814.4814,2300,1,1,2025,11,7,5,58,4,2,43,2,2,1,2,40,2389.3693,2300,1,1,1,0,still teacher
180466042001154,4,2024,9,3,17011,6,47,6,2,43,4,1,2,4,1,40,4129.5659,2300,1,1,2025,16,7,6,48,6,2,43,4,2,4,1,30,4335.9875,2300,1,1,1,0,still teacher
180466042001154,4,2024,9,3,17011,6,46,6,2,42,15,2,2,5,1,40,6286.8331,2300,1,1,2025,16,7,6,47,6,2,42,15,2,5,1,30,4131.1743,2300,1,1,1,0,still teacher
416114580060024,4,2024,9,3,17011,6,40,6,2,42,4,1,2,5,1,40,3368.4121,2300,1,1,2025,12,7,6,41,6,2,42,4,2,5,1,30,3566.4795,4600,1,0,0,1,other occupation
080061029826523,4,2024,9,3,17011,6,37,6,2,42,4,1,2,5,1,40,3240.2927,2300,1,1,2025,12,7,6,38,6,2,42,4,2,5,1,30,3253.7633,4600,1,0,0,1,other occupation
290628500621380,4,2024,9,3,17011,6,39,6,2,43,4,1,2,5,1,40,3240.2927,2300,1,1,2025,12,7,6,40,6,2,43,4,2,5,1,30,3566.4795,4600,1,0,0,1,other occupation
130886092005262,4,2024,9,3,17011,6,50,6,2,42,4,1,2,5,1,40,4716.9859,2300,1,1,2025,12,7,6,50,6,2,42,4,2,5,1,30,4728.9233,4600,1,0,0,1,other occupation
356587240080916,4,2024,14,4,17011,6,59,4,2,44,1,1,2,1,1,40,3531.5198,2310,1,1,2025,14,8,6,61,4,2,44,1,2,1,1,40,4115.2113,2320,1,1,1,0,still teacher
469678640040012,4,2024,14,4,17011,9,42,1,1,43,4,1,2,5,1,35,3262.6418,2310,1,1,2025,14,8,9,43,1,1,44,4,2,5,1,35,3742.4538,2310,1,1,1,0,still teacher
469678640040012,4,2024,14,4,17011,9,39,1,2,43,4,2,2,5,1,35,3308.6293,2310,1,1,2025,14,8,9,40,1,2,43,4,2,5,1,35,3209.7168,2310,1,1,1,0,still teacher
290660071119002,4,2024,16,4,17011,10,48,1,2,43,1,2,2,1,1,35,946.8256,2310,1,1,2025,15,8,10,49,1,2,43,1,2,1,1,35,748.6572,2320,1,1,1,0,still teacher
300110183309257,4,2024,14,2,17011,11,34,6,2,44,2,1,2,1,1,40,662.058,2310,1,1,2025,14,6,11,35,6,2,44,2,2,1,1,45,595.6031,2310,1,1,1,0,still teacher
160628500361531,4,2024,14,2,17011,13,38,1,2,44,1,2,2,1,1,40,3946.2851,2310,1,1,2025,15,6,13,39,1,2,44,1,2,1,1,40,4558.5264,2310,1,1,1,0,still teacher
190655600371631,4,2024,11,3,17011,13,37,4,2,43,1,1,2,1,1,40,5057.7321,2310,1,1,2025,11,7,13,38,4,2,43,1,2,1,1,60,5802.9036,2310,1,1,1,0,still teacher
058423600121150,4,2024,15,1,17011,20,47,1,2,43,1,1,2,1,1,30,2366.4469,2300,1,1,2025,16,5,20,48,1,2,43,1,2,1,1,30,2548.979,2300,1,1,1,0,still teacher
160012051205356,4,2024,14,2,17011,22,23,1,2,43,1,2,2,1,1,40,2269.7706,2300,1,1,2025,14,6,22,24,1,2,43,1,2,1,1,40,1949.497,2300,1,1,1,0,still teacher
504033832060018,4,2024,15,4,17011,24,51,1,2,44,2,1,2,1,1,40,7010.7585,2310,1,1,2025,16,8,24,53,1,2,44,2,2,1,2,40,4830.3775,2310,1,1,1,0,still teacher
031572540320175,4,2024,16,2,17011,25,38,1,1,44,1,1,2,1,1,40,3607.0847,2310,1,1,2025,16,6,25,39,1,1,44,1,2,1,1,40,3361.7836,2310,1,1,1,0,still teacher
031572540320175,4,2024,16,2,17011,25,37,1,2,44,1,2,2,1,1,40,2967.8189,2320,1,1,2025,16,6,25,37,1,2,44,1,2,1,1,40,3057.0667,2320,1,1,1,0,still teacher
141346400693712,4,2024,12,3,17011,26,35,1,2,43,2,1,2,1,1,35,6836.0163,2310,1,1,2025,13,7,26,36,1,2,43,2,2,1,1,40,8067.2118,2360,1,0,0,1,other occupation
009180223049805,4,2024,15,3,17011,28,56,1,2,44,1,2,2,1,1,40,1484.2194,2310,1,1,2025,15,7,28,57,1,2,44,1,2,1,1,40,1327.7041,2310,1,1,1,0,still teacher
281040102376296,4,2024,15,4,17011,28,49,1,2,44,2,1,2,1,1,40,1708.8794,2320,1,1,2025,15,8,28,50,1,2,44,2,2,1,1,40,1227.9207,2205,1,0,0,1,other occupation
281040102376296,4,2024,15,4,17011,28,55,1,1,42,2,2,2,1,1,40,2259.7773,2320,1,1,2025,15,8,28,56,1,1,42,2,2,1,1,40,1467.035,2320,1,1,1,0,still teacher
740362345041090,4,2024,11,1,17011,29,50,4,2,43,1,1,2,1,1,55,6722.771,2310,1,1,2025,11,5,29,52,4,2,44,1,2,1,1,60,4471.7736,2310,1,1,1,0,still teacher
270813687041700,4,2024,12,1,17011,30,39,6,1,44,1,1,2,1,1,40,582.593,2320,1,1,2025,12,5,30,40,6,1,44,1,2,1,1,40,701.1674,2320,1,1,1,0,still teacher
038709114124470,4,2024,12,1,17011,30,24,6,2,35,1,3,2,1,1,40,977.8657,2300,1,1,2025,12,5,30,25,6,2,35,1,2,1,7,-1,684.303,-1,0,0,0,1,out of labor force
421700204929733,4,2024,14,3,17011,37,49,1,2,44,1,2,2,1,1,40,4359.9571,2310,1,1,2025,14,7,37,50,1,2,44,1,2,1,1,40,4271.8296,2310,1,1,1,0,still teacher
190450001408156,4,2024,14,3,17011,40,41,1,2,44,1,1,2,1,1,40,1903.9423,2310,1,1,2025,14,7,40,42,1,2,44,1,2,1,1,40,1750.1516,2310,1,1,1,0,still teacher
400494615021200,4,2024,11,2,17011,40,38,3,2,43,1,1,2,1,1,40,1846.4444,2310,1,1,2025,12,6,40,38,3,2,44,1,2,1,1,45,1902.9518,2310,1,1,1,0,still teacher
775011105067462,4,2024,16,1,17011,47,61,1,2,44,2,2,2,1,1,40,3197.397,2310,1,1,2025,14,5,47,62,1,2,44,2,2,1,1,40,3828.225,2310,1,1,1,0,still teacher
180752900885544,4,2024,16,4,17011,48,39,1,2,44,1,2,2,1,1,45,4021.1984,2330,1,1,2025,16,8,48,40,1,2,44,1,2,1,1,45,5197.434,2310,1,1,1,0,still teacher
078407964020214,4,2024,12,3,17011,48,43,6,2,43,2,1,2,1,1,50,5034.6567,2310,1,1,2025,13,7,48,45,6,2,43,2,2,1,1,50,7883.0582,2310,1,1,1,0,still teacher
983070102090480,4,2024,16,2,17011,48,74,1,1,44,1,2,2,1,1,50,3836.1834,2310,1,1,2025,16,6,48,76,1,1,44,1,2,1,1,60,3240.6196,2310,1,1,1,0,still teacher
290208051404558,4,2024,14,4,17011,48,48,1,2,43,1,1,2,1,1,55,4157.5734,2310,1,1,2025,14,8,48,49,1,2,43,1,2,1,1,60,3771.3073,2310,1,1,1,0,still teacher
202180462477520,4,2024,14,1,17011,48,29,1,2,43,1,1,1,1,1,40,5345.0717,2330,1,1,2025,15,5,48,30,1,2,43,1,1,1,1,40,4891.8346,2310,1,1,1,0,still teacher
202180462477520,4,2024,14,1,17011,48,31,1,1,43,1,2,1,1,1,40,5293.7095,2310,1,1,2025,15,5,48,32,1,1,43,1,1,1,1,40,6308.2765,2320,1,1,1,0,still teacher
070189041400173,4,2024,13,3,17011,49,34,1,2,43,1,1,2,1,1,40,1750.9956,2310,1,1,2025,13,7,49,35,1,2,43,1,2,1,1,40,1883.041,2310,1,1,1,0,still teacher
024993570550150,4,2024,13,1,17011,50,64,3,2,43,1,1,2,1,1,40,379.0162,2320,1,1,2025,13,5,50,64,3,2,43,1,2,1,5,-1,397.5095,-1,0,0,0,1,out of labor force
950045525081810,4,2024,16,2,17011,51,49,1,2,44,1,1,2,1,1,50,4800.9458,2310,1,1,2025,16,6,51,50,1,2,44,1,2,1,1,60,4865.9323,2310,1,1,1,0,still teacher
140684081507837,4,2024,16,2,17011,54,52,1,2,44,1,1,2,1,1,40,814.9798,2320,1,1,2025,16,6,54,52,1,2,44,1,2,1,1,40,612.7404,2310,1,1,1,0,still teacher
028689560951136,4,2024,16,1,17011,56,42,1,2,44,1,2,2,1,1,40,383.648,2310,1,1,2025,12,5,56,43,1,2,44,1,2,1,1,40,417.653,2320,1,1,1,0,still teacher
456532155080113,4,2024,14,1,17011,56,38,6,2,44,1,1,2,1,1,40,365.012,2310,1,1,2025,13,5,56,38,6,2,44,1,2,1,1,45,450.7547,2310,1,1,1,0,still teacher
027627890600121,4,2024,15,2,17111,1,38,1,2,44,1,1,2,1,1,40,2373.9568,2310,1,1,2025,15,6,1,39,1,2,44,1,2,1,1,40,2631.9279,2310,1,1,1,0,still teacher
052809340931190,4,2024,13,1,17111,30,52,6,2,44,1,1,2,1,1,40,602.244,2310,1,1,2025,15,5,30,53,6,2,44,1,2,1,1,40,475.2667,2310,1,1,1,0,still teacher
072900810840160,4,2024,13,1,17111,40,45,4,1,44,3,1,2,1,1,40,2990.6217,2310,1,1,2025,13,5,40,46,4,1,44,3,2,1,1,37,4376.2057,2722,1,0,0,1,other occupation
170350700052445,4,2024,16,3,17111,50,42,1,2,44,1,2,2,1,1,40,577.4557,2310,1,1,2025,15,7,50,43,1,2,44,1,2,1,1,40,572.0245,2320,1,1,1,0,still teacher
780334021501359,4,2024,15,2,17111,54,68,1,2,44,1,2,2,1,1,30,784.2518,2310,1,1,2025,13,6,54,69,1,2,44,1,2,1,1,12,574.8216,230,1,0,0,1,other occupation
170887900171960,4,2024,15,2,17011,1,57,1,1,43,1,2,2,1,1,45,2776.4421,2310,1,1,2025,15,6,1,58,1,1,43,1,2,1,1,55,2119.572,2310,1,1,1,0,still teacher
130071100261401,4,2024,14,2,17011,12,59,3,2,39,1,2,1,1,1,25,3918.7402,2300,1,1,2025,14,6,12,60,3,2,39,1,1,1,7,-1,4924.415,-1,0,0,0,1,out of labor force
082928391030018,4,2024,11,2,17011,12,35,4,2,43,1,1,2,1,1,40,4324.9308,2310,1,1,2025,12,6,12,36,4,2,43,1,2,1,1,40,4939.2696,2310,1,1,1,0,still teacher
042026052814263,4,2024,15,4,17011,24,68,1,2,43,1,2,2,1,1,40,4971.8034,2310,1,1,2025,7,8,24,69,1,2,44,1,2,1,7,-1,4237.2155,-1,0,0,0,1,out of labor force
007180210519009,4,2024,16,1,17011,28,51,1,2,46,1,1,2,1,1,40,1427.3583,2310,1,1,2025,16,5,28,52,1,2,46,1,2,1,1,40,1351.3114,2310,1,1,1,0,still teacher
102130396425626,4,2024,14,1,17011,33,50,4,1,44,1,1,2,5,1,40,1081.6392,2310,1,1,2025,15,5,33,51,4,1,44,1,2,5,1,40,1292.3201,2310,1,1,1,0,still teacher
023025011716841,4,2024,16,1,17011,36,56,1,1,44,2,2,2,1,1,35,6272.6518,2310,1,1,2025,16,5,36,57,1,1,44,2,2,1,1,35,5573.593,2320,1,1,1,0,still teacher
361090101171319,4,2024,15,2,17011,36,40,1,2,44,1,2,2,1,1,50,4286.8131,2310,1,1,2025,15,6,36,41,1,2,44,1,2,1,1,40,4031.0374,2320,1,1,1,0,still teacher
013019022317410,4,2024,14,2,17011,37,70,3,2,41,2,1,2,5,1,40,4579.3307,2300,1,1,2025,14,6,37,71,3,2,43,2,2,1,1,40,4819.3511,2300,1,1,1,0,still teacher
246809015858260,4,2024,9,1,17011,42,36,6,2,44,1,1,2,1,1,38,3962.6673,2310,1,1,2025,10,5,42,37,6,2,44,1,2,1,1,31,4730.2438,2310,1,1,1,0,still teacher
190836600282854,4,2024,15,2,17011,42,36,1,1,44,1,1,2,1,1,40,4754.6756,2310,1,1,2025,15,6,42,37,1,1,44,1,2,1,1,40,5072.8737,2320,1,1,1,0,still teacher
030694957081920,4,2024,16,4,17011,42,52,1,2,43,1,2,2,1,1,50,5625.9051,2310,1,1,2025,16,8,42,54,1,2,43,1,2,1,1,40,5902.5442,2310,1,1,1,0,still teacher
000140434389637,4,2024,15,2,17011,44,60,4,2,44,1,1,2,1,1,40,1146.3723,2310,1,1,2025,15,6,44,61,4,2,44,1,2,1,1,40,1094.1196,2310,1,1,1,0,still teacher
400274071408824,4,2024,15,4,17011,44,48,1,2,44,1,1,2,1,1,45,1012.7207,2320,1,1,2025,15,8,44,49,1,2,44,1,2,1,1,40,986.201,2320,1,1,1,0,still teacher
130294200164315,4,2024,15,1,17011,51,45,1,2,43,1,2,2,1,1,-4,4503.0639,2310,1,1,2025,15,5,51,46,1,2,43,1,2,1,1,-4,6256.7931,725,1,0,0,1,other occupation
003150242355358,4,2024,14,2,17111,25,27,1,2,44,1,1,2,1,1,12,3113.907,2310,1,1,2025,14,6,25,28,1,2,44,1,2,1,1,20,3260.5172,2905,1,0,0,1,other occupation
130001700301013,4,2024,15,3,17111,33,64,1,2,44,1,1,2,5,1,40,974.5534,2300,1,1,2025,16,7,33,65,1,2,44,1,2,5,1,40,1023.1457,2300,1,1,1,0,still teacher
053062026113489,4,2024,13,3,17111,33,62,4,2,44,1,1,2,1,1,55,982.8638,2310,1,1,2025,13,7,33,63,4,2,44,1,2,1,1,40,839.3289,2310,1,1,1,0,still teacher
140826600342883,4,2024,14,2,17111,33,66,5,2,43,1,1,2,1,1,55,936.1665,2310,1,1,2025,14,6,33,67,5,2,43,1,2,1,1,55,917.8153,2310,1,1,1,0,still teacher
460774061502577,4,2024,14,3,17111,54,53,4,2,44,1,1,2,1,1,40,783.6278,2310,1,1,2025,14,7,54,55,4,2,44,1,2,1,1,50,653.9266,2310,1,1,1,0,still teacher
007140577425667,4,2024,16,3,17111,54,44,1,2,43,1,1,2,1,1,40,1120.2675,2300,1,1,2025,15,7,54,45,1,2,43,1,2,1,1,40,694.2673,2310,1,1,1,0,still teacher
220794061023102,4,2024,16,4,17011,4,51,1,2,44,1,1,2,1,1,45,4354.639,2310,1,1,2025,16,8,4,52,1,2,44,1,2,1,1,45,5643.5464,2310,1,1,1,0,still teacher
150788200435400,4,2024,14,2,17011,4,46,1,2,41,1,2,1,4,1,40,3141.823,2300,1,1,2025,14,6,4,47,1,2,42,1,1,4,1,40,4915.487,2300,1,1,1,0,still teacher
140218000634710,4,2024,12,3,17011,6,69,4,2,44,1,1,1,1,2,40,3687.2901,2330,1,1,2025,13,7,6,70,4,2,44,1,1,1,2,40,3771.9991,2330,1,1,1,0,still teacher
926864720040015,4,2024,16,4,17011,6,47,1,2,44,1,1,2,1,1,40,4729.2567,2300,1,1,2025,16,8,6,48,1,2,44,1,2,1,1,40,4717.3207,2310,1,1,1,0,still teacher
080033035818878,4,2024,14,3,17011,8,44,6,1,44,1,1,2,1,1,55,4674.4443,2310,1,1,2025,14,7,8,45,6,1,44,1,2,1,1,55,3966.4612,2310,1,1,1,0,still teacher
130024800748961,4,2024,16,1,17011,17,46,4,2,44,1,5,2,1,1,55,5143.658,2310,1,1,2025,16,5,17,47,4,2,44,1,2,1,1,40,5326.2109,2310,1,1,1,0,still teacher
190567600751062,4,2024,14,2,17011,27,53,6,2,44,1,1,2,1,1,40,4732.1761,2300,1,1,2025,14,6,27,55,6,2,44,1,2,1,1,-4,3914.0547,2555,1,0,0,1,other occupation
006180343317957,4,2024,16,3,17011,38,53,1,2,43,1,1,1,4,1,40,472.3577,2310,1,1,2025,14,7,38,54,1,2,43,1,1,4,1,40,507.0699,2310,1,1,1,0,still teacher
280908091420485,4,2024,13,1,17011,48,54,4,2,43,1,1,2,1,1,40,5402.5038,2310,1,1,2025,14,5,48,55,4,2,43,1,2,1,1,40,5544.4441,2310,1,1,1,0,still teacher
080094820001781,4,2024,6,1,17011,48,30,1,2,43,1,2,2,1,1,40,4796.2419,2310,1,1,2025,15,5,48,31,1,2,43,1,2,1,1,40,5614.1795,2310,1,1,1,0,still teacher
067299960740118,4,2024,12,3,17011,48,20,5,2,43,1,1,2,1,1,50,4605.9572,2310,1,1,2025,12,7,48,21,5,2,43,1,2,1,1,45,4860.7352,2310,1,1,1,0,still teacher
024076091018566,4,2024,15,3,17011,48,40,1,2,42,2,2,2,1,1,40,4673.6832,2300,1,1,2025,15,7,48,41,1,2,40,2,2,1,1,40,4639.4783,2300,1,1,1,0,still teacher
087190240250143,4,2024,10,3,17011,53,34,6,2,44,1,1,2,1,1,-4,3852.6745,2310,1,1,2025,13,7,53,35,6,2,44,1,2,1,1,-4,4576.843,2310,1,1,1,0,still teacher
050675597051930,4,2024,16,1,17011,53,48,1,1,44,1,1,2,1,1,50,4069.9548,2320,1,1,2025,16,5,53,49,1,1,44,1,2,1,1,40,3848.9037,2320,1,1,1,0,still teacher
740115010031061,4,2024,10,1,17011,56,56,1,1,44,1,1,2,1,1,60,493.2203,2320,1,1,2025,15,5,56,58,1,1,44,1,2,1,1,60,604.3248,2320,1,1,1,0,still teacher
035718620450146,4,2024,15,4,17011,56,35,1,2,43,1,1,2,1,1,40,606.0511,2310,1,1,2025,13,8,56,36,1,2,43,1,2,1,1,40,443.6229,2310,1,1,1,0,still teacher
899547700010116,4,2024,16,1,17011,9,41,1,2,46,1,2,2,1,1,45,3344.6347,2310,1,1,2025,16,5,9,42,1,2,46,1,2,1,1,48,3531.551,230,1,0,0,1,other occupation
196060109908025,4,2024,12,4,17011,9,40,1,2,41,1,5,2,1,1,40,3293.2731,2330,1,1,2025,10,8,9,41,1,2,43,1,2,1,1,40,3593.4158,2330,1,1,1,0,still teacher
402014106448109,4,2024,15,1,17011,10,47,6,2,43,1,2,2,1,1,40,867.7443,2300,1,1,2025,14,5,10,48,6,2,43,1,2,1,1,40,862.6346,2300,1,1,1,0,still teacher
990771318051520,4,2024,9,2,17011,12,44,6,2,40,2,1,2,1,1,35,4779.1786,2300,1,1,2025,8,6,12,45,6,2,40,2,2,1,1,38,5461.5216,2300,1,1,1,0,still teacher
412479151050016,4,2024,13,2,17011,12,60,1,1,43,1,2,2,1,1,45,3878.9692,2320,1,1,2025,11,6,12,61,1,1,43,1,2,1,1,40,4886.8505,2320,1,1,1,0,still teacher
831969462040016,4,2024,16,1,17011,21,48,1,2,44,1,2,2,1,1,65,5013.0903,2310,1,1,2025,15,5,21,50,1,2,44,1,2,1,2,40,3951.0241,2310,1,1,1,0,still teacher
180655100272632,4,2024,16,2,17011,22,35,1,1,43,1,1,2,1,1,42,2343.0679,2320,1,1,2025,16,6,22,36,1,1,43,1,2,1,1,40,2151.6748,2320,1,1,1,0,still teacher
580333021201379,4,2024,16,2,17011,23,55,1,1,41,1,1,2,1,1,36,1650.526,2320,1,1,2025,16,6,23,56,1,1,41,1,2,1,1,34,1706.8257,2320,1,1,1,0,still teacher
580333021201379,4,2024,16,2,17011,23,55,1,2,43,1,2,2,1,1,36,1752.0973,2320,1,1,2025,16,6,23,56,1,2,43,1,2,1,1,34,1796.8184,2320,1,1,1,0,still teacher
428907013917250,4,2024,16,2,17011,24,67,6,1,44,1,1,2,1,1,40,5204.0926,2320,1,1,2025,16,6,24,68,6,1,44,1,2,1,1,45,5930.4906,2320,1,1,1,0,still teacher
437205014375710,4,2024,15,4,17011,34,64,4,2,44,1,1,2,1,1,40,4201.4701,2320,1,1,2025,15,8,34,65,4,2,44,1,2,1,1,40,4472.7279,2320,1,1,1,0,still teacher
009140372459691,4,2024,16,1,17011,34,35,1,1,46,1,1,2,1,1,40,5349.5802,2320,1,1,2025,16,5,34,37,1,1,46,1,2,1,1,40,7530.3097,2320,1,1,1,0,still teacher
009140372459691,4,2024,16,1,17011,34,37,1,2,44,1,2,2,1,1,40,5991.4098,2320,1,1,2025,16,5,34,38,1,2,44,1,2,1,1,40,7551.1178,2310,1,1,1,0,still teacher
359021100421373,4,2024,12,1,17011,35,59,6,1,44,1,1,1,1,1,40,1436.0834,2320,1,1,2025,16,5,35,60,6,1,44,1,1,1,1,40,1205.2599,2360,1,0,0,1,other occupation
073075001917393,4,2024,15,3,17011,37,62,1,2,43,1,1,2,1,1,-4,4344.522,2310,1,1,2025,15,7,37,63,1,2,43,1,2,1,1,-4,2813.5477,2310,1,1,1,0,still teacher
251400803718046,4,2024,15,1,17011,40,58,1,2,43,1,2,2,1,1,50,3192.6689,2330,1,1,2025,15,5,40,59,1,2,43,1,2,1,1,40,2895.0061,2330,1,1,1,0,still teacher
004059091914346,4,2024,9,1,17011,44,75,3,2,44,1,1,2,1,1,-4,1143.0731,2310,1,1,2025,12,5,44,76,3,2,44,1,2,1,5,-1,1085.87,-1,0,0,0,1,out of labor force
064002011915344,4,2024,15,3,17011,45,33,1,1,44,1,1,2,1,1,40,2897.9574,2310,1,1,2025,13,7,45,34,1,1,44,1,2,1,1,40,2594.7568,2310,1,1,1,0,still teacher
005789910840117,4,2024,14,1,17011,47,29,1,2,43,1,2,2,1,1,45,4428.3047,2310,1,1,2025,15,5,47,30,1,2,43,1,2,1,1,40,3507.4906,2310,1,1,1,0,still teacher
678303704040212,4,2024,11,2,17011,48,50,6,2,44,1,1,2,4,2,-4,4376.8624,2320,1,1,2025,12,6,48,51,6,2,44,1,2,4,1,-4,4515.3085,2310,1,1,1,0,still teacher
090736011516796,4,2024,14,2,17011,56,54,1,1,43,1,2,2,1,1,40,432.8829,2310,1,1,2025,16,6,56,55,1,1,43,1,2,1,1,40,438.4887,2310,1,1,1,0,still teacher
006110029960598,4,2024,16,1,17111,1,50,1,2,44,2,1,2,1,1,40,3456.8121,2310,1,1,2025,16,5,1,51,1,2,44,2,2,1,1,40,3207.1078,2310,1,1,1,0,still teacher
440213238061130,4,2024,13,2,17111,33,34,1,2,44,1,2,2,1,1,40,1120.7124,2310,1,1,2025,14,6,33,34,1,2,44,1,2,1,1,40,1136.632,2310,1,1,1,0,still teacher
454807611692190,4,2024,13,1,17111,54,49,4,2,44,1,1,2,1,1,40,808.0404,2310,1,1,2025,13,5,54,50,4,2,44,1,2,1,1,45,735.4092,2300,1,1,1,0,still teacher
053869470400175,4,2024,16,1,17011,5,48,1,2,44,1,1,2,1,1,40,1398.9593,2310,1,1,2025,15,5,5,49,1,2,44,1,2,1,1,40,1648.4024,2310,1,1,1,0,still teacher
071467057715152,4,2024,14,1,17011,15,65,4,2,43,1,1,2,1,1,40,671.1333,2320,1,1,2025,12,5,15,66,4,2,43,1,2,1,1,40,628.9848,2310,1,1,1,0,still teacher
140339100852451,4,2024,12,3,17011,18,31,1,2,42,1,2,2,1,1,25,4602.4766,2300,1,1,2025,13,7,18,31,1,2,42,1,2,1,1,30,4146.343,2300,1,1,1,0,still teacher
826925052070016,4,2024,16,2,17011,26,32,1,2,44,1,1,2,1,1,40,6125.4436,2310,1,1,2025,16,6,26,33,1,2,44,1,2,1,1,40,5813.0073,2310,1,1,1,0,still teacher
027002900820127,4,2024,15,3,17011,27,44,1,2,44,1,2,2,1,1,43,4172.5607,2310,1,1,2025,15,7,27,45,1,2,44,1,2,1,1,40,4158.5252,2320,1,1,1,0,still teacher
005170222164897,4,2024,15,3,17011,27,48,1,1,43,1,1,2,1,1,40,3286.325,2310,1,1,2025,16,7,27,49,1,1,43,1,2,1,1,40,4482.5078,9130,1,0,0,1,other occupation
591600932607230,4,2024,14,2,17011,32,29,6,2,43,1,2,2,1,1,40,2052.1348,2310,1,1,2025,15,6,32,30,6,2,43,1,2,1,1,40,2388.7217,2330,1,1,1,0,still teacher
440144321081280,4,2024,16,2,17011,48,38,1,2,40,1,2,1,1,1,32,4968.3798,2300,1,1,2025,16,6,48,39,1,2,40,1,1,1,7,-1,3792.6374,-1,0,0,0,1,out of labor force
390255210071460,4,2024,16,4,17011,56,61,4,2,43,1,1,2,1,1,50,365.828,2330,1,1,2025,16,8,56,62,4,2,43,1,2,1,1,52,387.156,2330,1,1,1,0,still teacher
656802111711340,4,2024,12,1,17111,56,42,1,2,44,1,1,2,1,1,55,383.648,2320,1,1,2025,15,5,56,43,1,2,44,1,2,1,1,47,417.653,137,1,0,0,1,other occupation
481700106276108,4,2024,14,1,17011,1,45,1,2,44,1,1,2,1,1,40,1921.5993,2310,1,1,2025,14,5,1,47,1,2,44,1,2,1,1,40,1962.6323,2310,1,1,1,0,still teacher
000180226317628,4,2024,13,4,17011,28,33,6,2,42,2,1,2,1,1,40,1760.3015,2300,1,1,2025,12,8,28,34,6,2,42,2,2,1,1,40,2089.9114,2300,1,1,1,0,still teacher
714764903020012,4,2024,15,1,17011,34,74,3,2,44,1,1,2,1,1,10,4778.7979,2310,1,1,2025,14,5,34,75,3,2,44,1,2,1,1,7,4366.794,4600,1,0,0,1,other occupation
460056071302595,4,2024,16,1,17011,36,28,6,2,44,1,3,2,1,1,35,5477.1369,2310,1,1,2025,16,5,36,29,6,2,44,1,2,1,1,40,4507.4362,2310,1,1,1,0,still teacher
636501214194540,4,2024,16,1,17011,36,42,1,2,44,1,2,2,1,1,40,4763.4771,2310,1,1,2025,16,5,36,43,1,2,44,1,2,1,1,40,4156.1615,2310,1,1,1,0,still teacher
180179700701784,4,2024,15,3,17011,47,39,1,2,43,1,2,2,1,1,40,4052.3982,2310,1,1,2025,12,7,47,40,1,2,43,1,2,1,1,40,3139.5824,2310,1,1,1,0,still teacher
025339280150111,4,2024,15,1,17011,51,49,4,1,44,1,1,2,1,1,40,4183.6727,2310,1,1,2025,15,5,51,49,4,1,44,1,2,1,1,40,5126.4117,2310,1,1,1,0,still teacher
170172500151795,4,2024,16,3,17011,51,52,1,2,44,2,2,2,1,1,40,5826.8166,2330,1,1,2025,16,7,51,53,1,2,44,2,2,1,1,40,5226.2688,2330,1,1,1,0,still teacher
550663930061330,4,2024,15,1,17111,33,53,1,1,44,1,1,2,1,1,60,1030.2447,2310,1,1,2025,15,5,33,54,1,1,44,1,2,1,1,40,1452.0596,2310,1,1,1,0,still teacher
100351500453995,4,2024,16,2,17111,54,45,1,2,44,1,1,2,1,1,40,752.5446,2310,1,1,2025,16,6,54,46,1,2,44,1,2,1,1,40,583.9769,2310,1,1,1,0,still teacher
058044109146193,4,2024,16,1,17011,15,38,2,2,40,8,4,2,1,1,20,961.3089,2310,1,1,2025,16,5,15,39,2,2,42,8,2,1,7,-1,969.1776,-1,0,0,0,1,out of labor force
000190166348578,4,2024,15,2,17011,19,54,1,2,43,1,2,1,5,1,40,2660.958,2310,1,1,2025,15,6,19,55,1,2,43,1,1,5,1,40,2402.7453,2310,1,1,1,0,still teacher
038242640020126,4,2024,14,3,17011,26,57,1,2,43,1,1,2,1,1,40,3814.3541,2300,1,1,2025,14,7,26,58,1,2,43,1,2,1,1,40,4235.0834,2300,1,1,1,0,still teacher
241700400611622,4,2024,10,3,17011,26,34,6,1,44,2,1,1,5,1,40,5405.7092,2320,1,1,2025,11,7,26,35,6,1,44,2,1,5,1,35,9703.56,2320,1,1,1,0,still teacher
209936892060017,4,2024,15,4,17011,29,45,4,2,43,1,2,2,1,1,40,4288.4192,2310,1,1,2025,16,8,29,47,4,2,43,1,2,1,7,-1,4046.7849,420,0,0,0,1,out of labor force
746022109652013,4,2024,10,2,17011,4,45,2,2,39,1,1,1,1,1,29,3489.302,2330,1,1,2025,11,6,4,46,4,2,39,1,1,1,1,37,5093.8794,2545,1,0,0,1,other occupation
760043456081310,4,2024,14,4,17011,31,47,1,2,43,1,1,2,1,1,40,1271.1853,2320,1,1,2025,14,8,31,47,1,2,43,1,2,1,1,40,1117.4077,2320,1,1,1,0,still teacher
807070103443589,4,2024,12,4,17111,50,40,4,1,43,1,1,2,1,1,50,400.6394,2310,1,1,2025,13,8,50,41,4,1,43,1,2,1,1,70,406.2003,2310,1,1,1,0,still teacher
005749470550116,4,2024,14,2,17111,56,37,1,2,44,1,1,2,1,1,55,332.7729,2300,1,1,2025,13,6,56,38,1,2,44,1,2,1,1,50,541.0989,2300,1,1,1,0,still teacher
075726710500159,4,2024,16,4,17011,9,33,6,2,44,1,1,2,1,1,40,4209.8358,2310,1,1,2025,16,8,9,34,6,2,44,1,2,1,2,40,4298.7009,2310,1,1,1,0,still teacher
089046850520148,4,2024,16,1,17011,28,53,1,2,46,2,1,2,1,1,40,2188.5098,2310,1,1,2025,16,5,28,54,1,2,44,2,2,1,1,40,1978.0747,2310,1,1,1,0,still teacher
291100309774240,4,2024,15,2,17011,42,45,1,1,44,1,2,2,1,1,40,5850.1551,2320,1,1,2025,15,6,42,46,1,1,44,1,2,1,1,45,5226.0689,2320,1,1,1,0,still teacher
151500514262907,8,2024,14,4,17011,9,75,6,2,43,1,2,2,1,2,-4,2245.0144,2320,1,1,2025,14,8,9,76,6,2,43,1,2,1,5,-1,3020.3411,-1,0,0,0,1,out of labor force
831900634051019,8,2024,15,4,17011,10,50,1,2,46,2,1,2,1,1,40,899.1641,2320,1,1,2025,16,8,10,51,1,2,46,2,2,1,1,40,1133.3846,2320,1,1,1,0,still teacher
024999570511172,8,2024,14,3,17011,12,34,1,2,39,1,1,2,1,1,40,4783.1194,2300,1,1,2025,14,7,12,35,1,2,39,1,2,1,1,40,5298.9537,2300,1,1,1,0,still teacher
331060100774131,8,2024,15,4,17011,13,28,1,2,44,1,2,2,1,2,40,3831.8389,2310,1,1,2025,14,8,13,29,1,2,44,1,2,1,1,40,5293.5574,2310,1,1,1,0,still teacher
639040108025112,8,2024,14,4,17011,13,57,5,2,46,1,1,2,1,1,50,4357.0607,2320,1,1,2025,14,8,13,58,5,2,46,1,2,1,1,55,4124.1353,2320,1,1,1,0,still teacher
007130149504366,8,2024,15,2,17011,13,55,1,1,44,1,1,2,1,1,40,4069.65,2310,1,1,2025,15,6,13,56,1,1,40,1,2,1,1,40,4015.9396,205,1,0,0,1,other occupation
007130149504366,8,2024,15,2,17011,13,58,1,2,43,1,2,2,1,1,40,5136.0287,2310,1,1,2025,15,6,13,59,1,2,40,1,2,1,7,-1,4133.8501,-1,0,0,0,1,out of labor force
190608900313841,8,2024,13,3,17011,13,61,1,2,43,2,1,2,1,1,35,4469.2996,2330,1,1,2025,12,7,13,62,1,2,43,2,2,1,1,35,4724.8465,2006,1,0,0,1,other occupation
088959952020015,8,2024,14,4,17011,28,47,1,2,43,2,2,2,1,1,40,1671.562,2310,1,1,2025,16,8,28,47,1,2,43,2,2,1,1,40,1674.8453,2320,1,1,1,0,still teacher
191616300637733,8,2024,14,1,18011,36,49,1,2,44,1,2,2,1,1,40,4740.4289,2310,1,1,2025,13,5,36,50,1,2,44,1,2,1,1,30,3906.5852,9122,1,0,0,1,other occupation
639809412966930,8,2024,13,4,17011,36,37,6,2,43,2,1,2,1,2,45,5239.0881,2310,1,1,2025,9,8,36,38,6,2,43,2,2,1,1,30,8081.8694,2360,1,0,0,1,other occupation
630409013942120,8,2024,16,1,18011,36,30,1,2,44,1,2,2,1,1,40,7170.344,2310,1,1,2025,16,5,36,31,1,2,44,1,2,1,1,41,5383.387,110,1,0,0,1,other occupation
093329890632136,8,2024,16,4,17011,36,55,6,2,44,1,1,2,1,1,40,5064.7031,2310,1,1,2025,16,8,36,56,6,2,44,1,2,1,2,40,4644.6402,2320,1,1,1,0,still teacher
093329890632136,8,2024,16,4,17011,36,57,4,1,46,1,2,2,1,2,52,4913.3602,2310,1,1,2025,16,8,36,57,4,1,45,1,2,1,2,40,5160.7175,2310,1,1,1,0,still teacher
082078110732156,8,2024,16,3,17011,36,31,4,2,43,3,2,2,1,2,35,8251.6644,2310,1,1,2025,16,7,36,32,4,2,43,3,2,1,1,40,8225.9975,2360,1,0,0,1,other occupation
872002101326366,8,2024,15,2,17011,37,39,1,2,44,1,2,2,1,1,40,4076.7379,2310,1,1,2025,14,6,37,39,1,2,44,1,2,1,1,40,4086.0388,2330,1,1,1,0,still teacher
669622043090019,8,2024,12,3,17011,39,39,6,1,44,1,1,2,1,1,-4,4037.1599,2320,1,1,2025,13,7,39,39,6,1,44,1,2,1,1,40,4221.1435,2320,1,1,1,0,still teacher
043120084519723,8,2024,12,2,17011,39,23,6,2,43,2,1,2,1,1,40,6483.2368,2320,1,1,2025,12,6,39,25,6,2,43,2,2,1,1,40,7321.3501,2310,1,1,1,0,still teacher
150212200945243,8,2024,13,3,17011,39,25,6,2,43,1,2,2,1,2,40,4559.1891,2320,1,1,2025,14,7,39,27,6,2,43,1,2,1,1,40,6368.3295,2320,1,1,1,0,still teacher
770402031406708,8,2024,15,2,17011,42,47,1,2,44,1,1,2,1,1,40,5036.0613,2310,1,1,2025,16,6,42,48,1,2,44,1,2,1,1,40,5020.4505,2310,1,1,1,0,still teacher
771800013087242,8,2024,16,4,17011,42,48,1,2,44,1,1,2,1,1,40,6361.457,2320,1,1,2025,16,8,42,49,1,2,44,1,2,1,2,40,5990.0211,2310,1,1,1,0,still teacher
064153014512082,8,2024,16,1,18011,42,46,1,2,44,1,2,2,1,2,40,5113.1371,2330,1,1,2025,16,5,42,47,1,2,44,1,2,1,1,40,5586.2882,2330,1,1,1,0,still teacher
556040101465427,8,2024,15,3,17011,45,52,1,2,43,1,2,2,1,1,-4,2910.8783,2310,1,1,2025,15,7,45,53,1,2,43,1,2,1,5,-1,2975.5291,-1,0,0,0,1,out of labor force
610627091405022,8,2024,16,1,18011,47,51,1,2,44,1,2,2,1,1,40,4975.7817,2310,1,1,2025,15,5,47,52,1,2,44,1,2,1,1,40,4923.0945,2310,1,1,1,0,still teacher
191050800082675,8,2024,15,4,17011,50,53,1,1,45,1,2,2,1,2,45,448.6359,2320,1,1,2025,16,8,50,54,1,1,45,1,2,1,2,40,408.1621,2310,1,1,1,0,still teacher
713060108879585,8,2024,14,2,17011,51,59,1,2,44,1,2,2,1,1,50,3945.8894,2310,1,1,2025,14,6,51,59,1,2,44,1,2,1,1,55,3852.1198,2310,1,1,1,0,still teacher
003110596276717,8,2024,15,4,17011,51,37,1,2,44,1,2,1,1,1,45,3882.6401,2310,1,1,2025,16,8,51,38,1,2,44,1,1,1,1,50,5048.9746,2310,1,1,1,0,still teacher
004140556524713,8,2024,12,2,17011,54,38,6,2,42,1,2,2,1,1,40,802.6614,2310,1,1,2025,14,6,54,39,1,2,43,1,2,1,1,40,1121.1567,2300,1,1,1,0,still teacher
311087107285190,8,2024,13,2,17111,11,27,6,2,43,2,1,2,1,1,47,745.8234,2310,1,1,2025,14,6,11,28,6,2,43,2,2,1,1,42,569.0655,2360,1,0,0,1,other occupation
084284890720121,8,2024,7,3,17111,21,25,1,2,40,1,1,2,1,1,40,3473.9349,2300,1,1,2025,13,7,21,26,1,2,40,1,2,1,1,40,4233.92,2310,1,1,1,0,still teacher
520702848041820,8,2024,16,4,17111,22,24,1,2,44,2,1,2,1,1,40,3066.2497,2310,1,1,2025,15,8,22,26,1,2,44,2,2,1,1,40,3194.0838,2320,1,1,1,0,still teacher
300453210071430,8,2024,12,4,17111,33,63,1,2,44,1,1,2,1,2,28,1309.5561,2310,1,1,2025,15,8,33,64,1,2,44,1,2,1,2,37,1279.1143,2310,1,1,1,0,still teacher
121700305202743,8,2024,16,2,17111,47,55,1,2,44,1,2,2,1,1,40,3823.3235,2310,1,1,2025,16,6,47,56,1,2,44,1,2,1,1,40,4651.7846,2310,1,1,1,0,still teacher
001150026783124,8,2024,16,4,17011,5,55,1,1,44,1,1,2,1,1,40,1883.7032,2310,1,1,2025,16,8,5,56,1,1,44,1,2,1,1,40,1861.5263,2310,1,1,1,0,still teacher
602225714769430,8,2024,16,4,17011,6,30,6,1,43,1,5,1,1,1,40,3574.3436,2320,1,1,2025,15,8,6,31,6,1,43,1,1,1,1,40,5625.7972,2310,1,1,1,0,still teacher
601803218478570,8,2024,16,3,17011,6,50,1,2,43,1,2,2,1,2,25,4063.3969,2300,1,1,2025,16,7,6,51,1,2,43,1,2,1,7,-1,4556.719,-1,0,0,0,1,out of labor force
890316061028138,8,2024,11,2,17011,6,72,6,1,43,2,1,2,1,1,9,4927.7422,2300,1,1,2025,8,6,6,73,6,1,43,2,2,1,1,9,5159.723,2300,1,1,1,0,still teacher
606202017911030,8,2024,13,3,17011,6,29,1,2,44,1,1,2,1,1,40,4614.624,2310,1,1,2025,16,7,6,30,1,2,44,1,2,1,2,40,5139.6653,2310,1,1,1,0,still teacher
170131304071630,8,2024,15,4,17011,13,63,1,2,44,1,2,2,1,1,40,4104.0196,2310,1,1,2025,15,8,13,64,1,2,44,1,2,1,1,40,3804.895,2360,1,0,0,1,other occupation
000130153396456,8,2024,13,4,17011,13,53,1,2,44,2,1,2,1,1,16,5635.7217,2310,1,1,2025,13,8,13,54,1,2,44,2,2,1,1,52,7085.9121,2330,1,1,1,0,still teacher
895175561050418,8,2024,14,2,17011,15,54,1,1,44,1,1,2,1,1,-4,761.1628,2310,1,1,2025,15,6,15,55,1,1,44,1,2,1,1,40,769.7538,2310,1,1,1,0,still teacher
105160105776543,8,2024,14,3,17011,16,45,1,2,43,1,1,2,1,1,40,1031.0177,2300,1,1,2025,14,7,16,46,1,2,43,1,2,1,1,40,1026.155,230,1,0,0,1,other occupation
710405018723110,8,2024,16,4,17011,17,54,1,2,44,1,1,2,4,2,20,4062.9717,2300,1,1,2025,16,8,17,55,1,2,44,1,2,4,1,9,4654.1311,2300,1,1,1,0,still teacher
524706215817820,8,2024,16,4,17011,25,39,2,2,44,1,1,2,1,2,40,2684.6586,2310,1,1,2025,14,8,25,40,2,2,44,1,2,1,2,40,3533.6838,2320,1,1,1,0,still teacher
037625312030117,8,2024,16,4,17011,27,42,1,2,44,1,1,2,1,1,45,3022.3145,2330,1,1,2025,16,8,27,44,1,2,44,1,2,1,1,40,3819.861,2310,1,1,1,0,still teacher
960191011506384,8,2024,16,3,17011,51,29,1,2,44,1,2,2,1,1,40,5116.128,2320,1,1,2025,16,7,51,30,1,2,44,1,2,1,1,40,4842.8097,2310,1,1,1,0,still teacher
380045668031911,8,2024,14,4,17011,51,68,1,2,40,1,2,2,1,1,40,4289.3996,2310,1,1,2025,13,8,51,69,1,2,40,1,2,1,1,40,4448.4396,2310,1,1,1,0,still teacher
131871100362405,8,2024,15,4,17011,53,55,1,2,44,1,2,2,1,2,40,3384.6572,2310,1,1,2025,16,8,53,56,1,2,44,1,2,1,3,-1,3408.9839,2310,0,0,0,1,unemployed
080565680031150,8,2024,11,4,17011,55,33,6,2,43,1,1,2,1,1,50,4028.8603,2310,1,1,2025,12,8,55,34,6,2,43,1,2,1,1,50,4496.4999,2310,1,1,1,0,still teacher
220707016512810,8,2024,16,3,17111,22,55,2,2,44,1,1,2,1,1,50,1866.7706,2310,1,1,2025,16,7,22,56,2,2,43,1,2,1,1,40,1992.759,2310,1,1,1,0,still teacher
100350061405758,8,2024,16,4,17111,40,41,6,2,44,1,1,2,1,1,40,2765.2516,2310,1,1,2025,12,8,40,42,6,2,44,1,2,1,1,40,2972.8,2310,1,1,1,0,still teacher
205120059240723,8,2024,14,4,17012,2,22,1,2,42,1,2,2,1,1,40,958.4665,2300,1,1,2025,14,8,2,24,1,2,42,1,2,1,1,40,501.1843,5740,1,0,0,1,other occupation
030670160512170,8,2024,15,2,17011,2,80,1,2,43,1,2,2,1,1,40,514.3409,2310,1,1,2025,14,6,2,80,1,2,43,1,2,1,1,40,564.4313,2310,1,1,1,0,still teacher
021442091065897,8,2024,13,3,17011,2,38,6,2,44,1,1,2,1,1,50,703.631,2320,1,1,2025,13,7,2,39,6,2,44,1,2,1,1,40,543.0041,2320,1,1,1,0,still teacher
350460757041650,8,2024,12,1,18011,5,27,6,2,43,1,1,2,1,1,40,2329.5604,2310,1,1,2025,12,5,5,28,6,2,43,1,2,1,1,40,2374.7954,2310,1,1,1,0,still teacher
262067127563024,8,2024,16,3,17011,6,41,1,2,44,1,1,1,5,1,40,5093.503,2310,1,1,2025,16,7,6,42,1,2,45,1,1,5,1,40,5102.0651,2205,1,0,0,1,other occupation
660098124242053,8,2024,14,2,17011,6,36,1,2,43,1,2,1,1,1,38,4461.9461,2300,1,1,2025,13,6,6,37,1,2,43,1,1,1,7,-1,5544.6734,-1,0,0,0,1,out of labor force
109160023084933,8,2024,15,3,17011,6,38,6,2,43,1,1,2,1,1,40,4131.1765,2310,1,1,2025,15,7,6,39,6,2,43,1,2,1,1,25,4102.6401,4510,1,0,0,1,other occupation
676584080000217,8,2024,16,3,17011,6,35,1,2,44,1,2,2,1,1,50,4365.7636,2320,1,1,2025,16,7,6,36,1,2,44,1,2,1,2,40,4433.7759,2320,1,1,1,0,still teacher
000361090916110,8,2024,15,3,17011,6,36,1,2,44,1,2,2,1,1,38,4382.847,2300,1,1,2025,16,7,6,37,1,2,44,1,2,1,1,40,4352.6015,2300,1,1,1,0,still teacher
070269940302186,8,2024,15,2,17011,6,42,2,2,43,1,1,1,1,1,40,3805.7173,2310,1,1,2025,15,6,6,43,1,2,43,1,1,1,7,-1,4801.8101,-1,0,0,0,1,out of labor force
602904310002100,8,2024,15,4,17011,6,49,6,1,40,1,1,2,1,1,40,5459.1498,2330,1,1,2025,14,8,6,50,6,1,40,1,2,1,1,40,4260.8856,2310,1,1,1,0,still teacher
416842910070211,8,2024,15,3,17011,6,24,6,2,43,1,1,1,1,2,35,5271.7997,2310,1,1,2025,13,7,6,25,6,2,43,1,1,1,4,-1,5137.7226,2310,0,0,0,1,unemployed
201160018946596,8,2024,16,2,17011,6,46,1,2,44,1,1,2,1,1,35,5483.4169,2330,1,1,2025,16,6,6,46,1,2,44,1,2,1,1,35,4457.6508,2330,1,1,1,0,still teacher
411000204837809,8,2024,15,4,17011,8,44,1,1,44,1,1,2,1,1,50,4928.9142,2310,1,1,2025,16,8,8,45,1,1,44,1,2,1,1,50,4610.9314,2310,1,1,1,0,still teacher
656054107960166,8,2024,9,4,17011,15,80,1,2,43,4,1,2,4,1,-4,1338.2319,2310,1,1,2025,9,8,15,80,1,2,43,4,2,4,1,-4,1050.3338,2320,1,1,1,0,still teacher
166984700787001,8,2024,15,1,18011,17,58,1,1,44,1,1,2,1,1,50,5363.8873,2310,1,1,2025,16,5,17,59,1,1,44,1,2,1,1,40,5162.4684,2320,1,1,1,0,still teacher
565080107635229,8,2024,14,3,17011,26,41,1,1,43,1,1,2,1,1,50,4002.8798,2310,1,1,2025,15,7,26,42,1,1,43,1,2,1,1,60,5909.2643,2310,1,1,1,0,still teacher
565080107635229,8,2024,14,3,17011,26,43,1,2,44,1,2,2,1,1,55,3147.0096,2310,1,1,2025,15,7,26,44,1,2,44,1,2,1,1,60,5101.3249,2310,1,1,1,0,still teacher
474060100853269,8,2024,14,4,17011,27,30,1,1,43,1,2,2,1,2,40,3316.9637,2310,1,1,2025,14,8,27,30,1,1,43,1,2,1,2,40,4452.6784,2310,1,1,1,0,still teacher
520282941051290,8,2024,16,1,18011,29,24,6,1,43,1,4,2,1,1,40,4431.9932,2310,1,1,2025,16,5,29,24,6,1,44,1,2,1,1,40,4824.3871,2310,1,1,1,0,still teacher
761200604233929,8,2024,15,1,18011,29,47,1,2,44,1,1,2,1,1,40,4637.9399,2310,1,1,2025,15,5,29,48,1,2,44,1,2,1,1,40,3913.2063,2310,1,1,1,0,still teacher
708040101642381,8,2024,15,1,18011,30,38,1,1,43,1,2,2,1,2,40,604.9352,2310,1,1,2025,15,5,30,39,1,1,43,1,2,1,2,40,642.66,2310,1,1,1,0,still teacher
018607750934125,8,2024,15,1,18011,35,26,6,2,43,1,2,2,1,1,35,1527.4681,2310,1,1,2025,15,5,35,27,6,2,43,1,2,1,1,35,1435.1592,2310,1,1,1,0,still teacher
001150348766244,8,2024,16,2,17011,35,56,1,2,44,1,2,2,1,1,55,1430.9655,2310,1,1,2025,16,6,35,57,1,2,44,1,2,1,1,65,1196.8402,2300,1,1,1,0,still teacher
950624559051210,8,2024,14,2,17011,41,27,1,2,44,1,1,2,1,2,40,3175.3209,2300,1,1,2025,14,6,41,28,1,2,44,1,2,1,2,40,3217.0679,2300,1,1,1,0,still teacher
006160430328548,8,2024,15,2,17011,46,36,1,1,44,1,1,2,1,1,-4,571.3103,2310,1,1,2025,15,6,46,38,1,1,44,1,2,1,2,-4,893.2842,2310,1,1,1,0,still teacher
658911834000215,8,2024,15,4,17011,48,33,1,2,44,2,2,2,1,1,40,7187.6327,2310,1,1,2025,15,8,48,34,1,2,44,2,2,1,1,40,7658.7944,2310,1,1,1,0,still teacher
849809213490430,8,2024,14,4,17011,48,24,6,1,43,2,3,2,1,1,40,5524.9653,2310,1,1,2025,14,8,48,24,6,1,44,2,2,1,1,40,7776.7621,2310,1,1,1,0,still teacher
845305214116090,8,2024,9,3,17011,48,24,6,2,39,1,1,1,1,2,40,5976.5903,2300,1,1,2025,10,7,48,26,6,2,39,1,1,1,1,40,5002.0737,2300,1,1,1,0,still teacher
941800347470842,8,2024,7,2,17011,48,36,2,2,42,1,1,1,1,1,40,4661.9408,2310,1,1,2025,14,6,48,36,2,2,43,1,1,1,1,40,4152.2643,2310,1,1,1,0,still teacher
916180460181630,8,2024,14,4,17011,48,27,6,2,43,1,2,2,1,1,40,4572.5803,2310,1,1,2025,14,8,48,28,6,2,43,1,2,1,1,40,5815.3621,2310,1,1,1,0,still teacher
847119314995970,8,2024,15,1,18011,48,20,6,1,40,1,3,2,1,1,10,5875.1657,2320,1,1,2025,14,5,48,21,6,1,40,1,2,1,1,6,5601.2293,2040,1,0,0,1,other occupation
415180435049644,8,2024,12,1,18011,48,56,4,2,43,1,1,2,1,1,40,4511.1447,2310,1,1,2025,12,5,48,58,4,2,43,1,2,1,1,40,5495.7849,2310,1,1,1,0,still teacher
961300706299843,8,2024,16,1,18011,48,40,1,2,43,1,2,2,1,1,40,6166.4262,2310,1,1,2025,16,5,48,41,1,2,43,1,2,1,1,45,4692.3624,2310,1,1,1,0,still teacher
163003200897234,8,2024,7,2,17011,48,41,6,2,43,1,1,1,1,1,40,4840.7304,2330,1,1,2025,7,6,48,42,6,2,43,1,1,1,1,40,4955.1712,2545,1,0,0,1,other occupation
121300825950846,8,2024,15,1,18011,48,52,3,2,44,1,1,2,1,1,55,4487.5106,2310,1,1,2025,15,5,48,53,3,2,44,1,2,1,1,40,5167.7035,2310,1,1,1,0,still teacher
161900416209356,8,2024,15,2,17011,53,64,1,2,44,1,1,2,1,2,45,3552.198,2310,1,1,2025,12,6,53,65,1,2,44,1,2,1,7,-1,2987.8517,-1,0,0,0,1,out of labor force
018147470250175,8,2024,16,3,17011,55,61,1,2,44,1,2,2,1,2,40,4068.63,2330,1,1,2025,14,7,55,62,1,2,43,1,2,1,2,40,3414.2776,2310,1,1,1,0,still teacher
815659900080015,8,2024,15,3,17111,5,32,1,2,43,1,1,2,1,1,40,1594.7066,2300,1,1,2025,14,7,5,33,1,2,43,1,2,1,1,40,2274.3313,2310,1,1,1,0,still teacher
151838800071883,8,2024,15,3,17111,30,54,4,2,44,1,1,2,1,2,-4,590.6858,2310,1,1,2025,15,7,30,55,4,2,44,1,2,1,2,40,532.0618,2310,1,1,1,0,still teacher
260092011313954,8,2024,16,1,18111,32,39,1,2,44,1,2,2,1,1,40,2510.2872,2300,1,1,2025,16,5,32,40,1,2,44,1,2,1,1,40,2828.8825,2300,1,1,1,0,still teacher
680812514070016,8,2024,16,2,17111,40,31,1,2,43,1,2,2,1,1,25,3561.2236,2310,1,1,2025,16,6,40,32,1,2,43,1,2,1,1,25,3163.7033,2310,1,1,1,0,still teacher
200404884051300,8,2024,1,2,17111,40,23,6,2,40,1,1,2,1,1,35,3957.0866,2310,1,1,2025,11,6,40,24,6,2,42,1,2,1,1,36,3113.0766,2310,1,1,1,0,still teacher
140666400172444,8,2024,14,1,18111,41,66,6,1,44,1,1,2,1,2,20,2410.5071,2320,1,1,2025,14,5,41,67,6,1,44,1,2,1,2,20,1867.498,2320,1,1,1,0,still teacher
007110479051726,8,2024,16,1,18111,41,42,1,1,44,1,4,2,1,1,40,3089.8285,2310,1,1,2025,16,5,41,42,1,1,44,1,2,1,1,40,3683.4358,2205,1,0,0,1,other occupation
082935850250156,8,2024,15,3,17111,56,61,1,2,43,1,1,2,1,1,40,415.6073,2320,1,1,2025,15,7,56,62,1,2,43,1,2,1,1,40,396.9586,2310,1,1,1,0,still teacher
032577340000139,8,2024,15,1,18011,9,52,4,2,44,1,1,2,1,1,40,2816.1653,2320,1,1,2025,16,5,9,53,4,2,44,1,2,1,1,40,3139.7702,2320,1,1,1,0,still teacher
780741504071517,8,2024,15,3,17011,11,57,4,2,44,2,1,2,1,2,40,459.7653,2310,1,1,2025,16,7,11,57,4,2,44,2,2,1,2,40,418.7514,2310,1,1,1,0,still teacher
780741504071517,8,2024,15,3,17011,11,25,6,2,43,2,2,2,1,1,40,898.1756,2310,1,1,2025,16,7,11,26,6,2,43,2,2,1,2,40,925.2884,2310,1,1,1,0,still teacher
031045083112159,8,2024,9,1,18011,12,23,6,1,43,1,2,1,1,1,45,4611.3083,2310,1,1,2025,14,5,12,24,6,1,43,1,1,1,1,40,7873.6979,2360,1,0,0,1,other occupation
001268016812597,8,2024,14,4,17011,12,37,1,2,43,1,2,2,1,1,40,4973.6921,2310,1,1,2025,15,8,12,39,1,2,43,1,2,1,1,40,4560.4225,2310,1,1,1,0,still teacher
040647370510133,8,2024,16,4,17011,13,37,1,2,43,1,2,2,1,2,5,3948.9112,2310,1,1,2025,16,8,13,37,1,2,43,1,2,1,1,10,4770.4298,2310,1,1,1,0,still teacher
205130113246918,8,2024,16,4,17011,13,65,1,2,43,1,2,2,1,1,25,3802.7885,2300,1,1,2025,15,8,13,65,1,2,43,1,2,1,2,25,3761.3009,2310,1,1,1,0,still teacher
092003004311635,8,2024,16,3,17011,21,47,1,2,44,1,1,2,1,1,50,4053.8134,2310,1,1,2025,14,7,21,48,1,2,44,1,2,1,1,40,3899.097,2310,1,1,1,0,still teacher
006120226324215,8,2024,15,4,17011,22,46,1,1,44,1,1,1,5,1,40,2137.5595,2320,1,1,2025,12,8,22,47,1,1,44,1,1,5,1,40,2651.6022,2310,1,1,1,0,still teacher
006120226324215,8,2024,15,4,17011,22,48,1,2,44,1,2,1,5,1,40,1562.3088,2320,1,1,2025,12,8,22,49,1,2,44,1,1,5,1,40,1522.172,2310,1,1,1,0,still teacher
564555452050010,8,2024,16,1,18011,24,48,1,2,44,4,1,2,4,1,30,5926.3537,2310,1,1,2025,16,5,24,49,1,2,44,4,2,4,1,24,5216.579,2205,1,0,0,1,other occupation
515881812070014,8,2024,14,4,17011,25,32,1,2,44,4,2,2,5,2,35,2873.1528,2320,1,1,2025,15,8,25,33,1,2,44,4,2,5,2,40,3361.5672,2320,1,1,1,0,still teacher
200425021217157,8,2024,11,3,17011,25,63,2,2,44,1,1,2,1,2,4,3272.3875,2310,1,1,2025,12,7,25,63,2,2,44,1,2,1,2,35,4305.1515,2310,1,1,1,0,still teacher
061481490030163,8,2024,14,4,17011,33,75,1,1,43,1,1,2,1,1,30,979.4771,2320,1,1,2025,16,8,33,76,1,1,44,1,2,1,5,-1,940.8544,-1,0,0,0,1,out of labor force
090664071319072,8,2024,16,4,17011,34,39,1,2,44,1,2,1,4,2,37,4637.7424,2310,1,1,2025,16,8,34,40,1,2,44,1,1,4,1,37,4851.7274,2310,1,1,1,0,still teacher
700426091336265,8,2024,15,4,17011,36,32,1,1,43,8,1,2,1,1,40,6736.307,2310,1,1,2025,15,8,36,33,1,1,44,8,2,1,1,40,6240.9113,2320,1,1,1,0,still teacher
043067057017754,8,2024,13,2,17011,37,65,1,2,40,1,1,2,1,2,29,3573.5078,2310,1,1,2025,12,6,37,66,1,2,41,1,2,1,5,-1,3664.8655,-1,0,0,0,1,out of labor force
120153956081870,8,2024,15,3,17011,37,30,1,2,43,1,2,2,1,1,40,5885.9429,2310,1,1,2025,13,7,37,31,1,2,43,1,2,1,1,40,5675.2125,2310,1,1,1,0,still teacher
495080108710392,8,2024,16,3,17011,39,41,1,2,44,1,2,2,1,1,50,3639.1114,2310,1,1,2025,16,7,39,42,1,2,44,1,2,1,1,50,4665.7824,2310,1,1,1,0,still teacher
931203014662480,8,2024,13,2,17011,39,37,1,2,44,1,1,2,1,1,40,4332.0956,2310,1,1,2025,14,6,39,38,1,2,44,1,2,1,2,40,4556.9912,2310,1,1,1,0,still teacher
694020104162338,8,2024,16,2,17011,39,37,1,2,44,1,1,2,1,1,40,4332.0956,2310,1,1,2025,16,6,39,38,1,2,44,1,2,1,1,40,4556.9912,2310,1,1,1,0,still teacher
540383390071790,8,2024,16,1,18011,39,39,1,2,40,1,2,2,1,1,20,4537.2438,2310,1,1,2025,16,5,39,40,1,2,40,1,2,1,3,-1,3630.5531,2310,0,0,0,1,unemployed
043062095219995,8,2024,16,3,17011,39,50,1,2,44,1,2,2,1,1,50,4893.8001,2320,1,1,2025,16,7,39,51,1,2,44,1,2,1,1,50,4551.4776,2320,1,1,1,0,still teacher
631400110464246,8,2024,15,3,17011,42,49,1,2,44,1,1,2,1,2,-4,4061.3552,2310,1,1,2025,15,7,42,50,1,2,44,1,2,1,7,-1,4841.9455,-1,0,0,0,1,out of labor force
130302100227104,8,2024,14,4,17011,42,37,1,1,43,1,1,2,1,1,40,6544.668,2310,1,1,2025,15,8,42,37,1,1,43,1,2,1,1,40,8463.1243,2310,1,1,1,0,still teacher
130302100227104,8,2024,14,4,17011,42,40,1,2,44,1,2,2,1,1,40,5233.6043,2310,1,1,2025,15,8,42,40,1,2,44,1,2,1,1,40,7392.3097,2330,1,1,1,0,still teacher
630102051409526,8,2024,14,2,17011,42,64,4,2,44,1,1,2,1,2,40,4935.7404,2320,1,1,2025,14,6,42,66,4,2,44,1,2,1,2,45,5105.6978,2320,1,1,1,0,still teacher
240405013923110,8,2024,15,3,17011,42,32,1,1,44,1,1,2,1,1,40,5745.0896,2320,1,1,2025,15,7,42,32,1,1,44,1,2,1,1,50,4936.9969,2320,1,1,1,0,still teacher
240405013923110,8,2024,15,3,17011,42,30,1,2,44,1,2,2,1,1,40,4544.7306,2310,1,1,2025,15,7,42,31,1,2,44,1,2,1,1,50,4300.1354,2310,1,1,1,0,still teacher
201200213681245,8,2024,15,3,17011,42,73,2,2,43,1,1,2,1,2,35,4397.6562,2320,1,1,2025,14,7,42,74,2,2,43,1,2,1,2,35,5075.3685,2310,1,1,1,0,still teacher
121321900218484,8,2024,14,4,17011,42,31,1,2,43,1,1,2,1,1,40,6539.3522,2300,1,1,2025,14,8,42,32,1,2,43,1,2,1,2,27,8019.2597,2360,1,0,0,1,other occupation
182667300038175,8,2024,14,4,17011,50,70,6,1,43,1,1,2,1,2,40,351.033,2320,1,1,2025,16,8,50,71,6,1,43,1,2,1,2,-4,350.4804,2320,1,1,1,0,still teacher
055167011611932,8,2024,16,4,17011,51,50,1,2,44,1,2,2,1,1,40,4790.9491,2320,1,1,2025,16,8,51,51,1,2,43,1,2,1,1,40,4602.8997,2310,1,1,1,0,still teacher
100318200112045,8,2024,15,3,17011,51,47,1,2,43,1,1,2,1,1,40,4335.4905,2320,1,1,2025,16,7,51,48,1,2,43,1,2,1,1,40,5287.6903,2320,1,1,1,0,still teacher
153608014301300,8,2024,16,3,17011,51,54,1,2,44,4,2,2,4,1,40,6926.5571,2300,1,1,2025,16,7,51,55,1,2,44,4,2,4,1,40,5333.2296,2300,1,1,1,0,still teacher
190674500191795,8,2024,14,1,18011,51,61,1,2,43,1,3,2,1,1,40,3920.2842,2310,1,1,2025,15,5,51,62,6,2,43,1,2,1,1,40,4053.2211,2722,1,0,0,1,other occupation
630555928061840,8,2024,15,4,17011,54,41,1,2,44,1,2,2,1,1,40,831.3022,2310,1,1,2025,15,8,54,42,1,2,44,1,2,1,1,40,877.6586,2310,1,1,1,0,still teacher
450405013423110,8,2024,12,2,17011,54,40,6,2,44,1,3,2,1,1,40,851.3106,2310,1,1,2025,13,6,54,41,6,2,44,1,2,1,1,40,892.2053,2310,1,1,1,0,still teacher
182667100407445,8,2024,16,2,17011,54,54,1,2,44,1,2,2,1,1,40,684.5366,2310,1,1,2025,16,6,54,55,1,2,44,1,2,1,1,40,834.9788,2310,1,1,1,0,still teacher
271900705612106,8,2024,16,4,17111,1,47,1,2,43,1,1,2,1,1,-4,2410.6025,2310,1,1,2025,16,8,1,47,1,2,43,1,2,1,1,8,2181.7163,2310,1,1,1,0,still teacher
612635572090017,8,2024,15,1,18111,22,35,1,2,44,1,1,2,1,1,40,1395.8254,2310,1,1,2025,16,5,22,36,1,2,44,1,2,1,1,40,1897.6533,2310,1,1,1,0,still teacher
432030101791325,8,2024,15,3,17111,33,45,1,2,44,1,1,2,1,1,40,1115.157,2310,1,1,2025,15,7,33,46,1,2,44,1,2,1,2,40,1074.0892,2310,1,1,1,0,still teacher
741010102242367,8,2024,16,3,17111,34,48,1,2,43,1,2,2,1,1,40,3591.2079,2310,1,1,2025,16,7,34,49,1,2,43,1,2,1,7,-1,3427.3469,-1,0,0,0,1,out of labor force
024012038515425,8,2024,14,4,17111,45,38,5,2,43,1,1,2,1,1,40,2517.734,2320,1,1,2025,12,8,45,39,5,2,43,1,2,1,1,40,2972.6658,2310,1,1,1,0,still teacher
447021108078525,8,2024,15,1,18111,54,48,1,1,43,1,2,2,1,1,40,790.6568,2310,1,1,2025,16,5,54,49,1,1,43,1,2,1,1,55,833.0487,2310,1,1,1,0,still teacher
009110022648483,8,2024,13,4,17011,1,53,3,2,43,3,1,2,1,1,40,2584.5605,2310,1,1,2025,12,8,1,54,3,2,43,3,2,1,1,40,2595.6014,2330,1,1,1,0,still teacher
101300404347501,8,2024,14,3,17011,5,58,1,2,44,1,1,2,1,1,40,1556.4047,2310,1,1,2025,16,7,5,59,1,2,44,1,2,1,1,40,1363.9385,2320,1,1,1,0,still teacher
060038061618255,8,2024,15,3,17011,8,41,1,2,43,1,2,2,1,1,40,4749.3335,2310,1,1,2025,15,7,8,42,1,2,43,1,2,1,1,40,3975.6787,2310,1,1,1,0,still teacher
540539051017670,8,2024,9,4,17011,9,41,1,2,42,4,1,2,4,1,40,4592.0164,2300,1,1,2025,9,8,9,42,1,2,43,4,2,4,1,35,3344.0899,2300,1,1,1,0,still teacher
009120155697006,8,2024,16,2,17011,12,36,1,2,39,1,2,1,1,1,25,5015.0349,2300,1,1,2025,16,6,12,37,1,2,40,1,1,1,1,25,5594.5434,2360,1,0,0,1,other occupation
616503018908950,8,2024,14,3,17011,16,50,1,2,43,1,1,2,1,1,40,1103.9235,2310,1,1,2025,15,7,16,51,1,2,43,1,2,1,1,-4,1119.4119,2310,1,1,1,0,still teacher
763434842060114,8,2024,13,4,17011,23,28,6,2,43,1,3,2,1,2,40,1558.375,2310,1,1,2025,13,8,23,29,6,2,43,1,2,1,2,40,1740.753,2310,1,1,1,0,still teacher
170581500507413,8,2024,13,4,17011,35,40,6,2,43,7,1,1,1,1,50,1856.8554,2310,1,1,2025,13,8,35,41,6,2,43,7,1,1,1,43,1982.2196,2310,1,1,1,0,still teacher
670342051409844,8,2024,16,3,17011,42,41,1,1,44,1,1,2,1,2,40,6553.0926,2310,1,1,2025,16,7,42,42,1,1,44,1,2,1,2,40,7048.1777,2320,1,1,1,0,still teacher
028031108770427,8,2024,16,4,17011,42,57,1,2,46,1,2,1,4,2,50,5132.4778,2310,1,1,2025,16,8,42,58,1,2,46,1,1,4,2,40,5735.2481,2320,1,1,1,0,still teacher
028897304000019,8,2024,14,2,17011,48,60,1,2,43,1,2,2,1,1,50,4264.3861,2310,1,1,2025,14,6,48,61,1,2,43,1,2,1,1,45,3678.1049,2310,1,1,1,0,still teacher
200150126190796,8,2024,13,2,17111,15,25,6,2,44,1,2,2,1,1,40,1028.2426,2310,1,1,2025,15,6,15,26,6,2,44,1,2,1,1,40,996.5008,2310,1,1,1,0,still teacher
556764941000017,8,2024,15,4,17111,16,57,1,1,44,1,1,2,1,1,43,1149.8453,2310,1,1,2025,15,8,16,58,1,1,44,1,2,1,1,40,1021.0175,2310,1,1,1,0,still teacher
556764941000017,8,2024,15,4,17111,16,55,1,2,43,1,2,2,1,1,40,1125.9091,2310,1,1,2025,15,8,16,56,1,2,43,1,2,1,1,40,1020.0472,2310,1,1,1,0,still teacher
093009085210905,8,2024,13,4,17111,30,45,4,2,44,1,1,2,1,1,-4,605.9607,2310,1,1,2025,15,8,30,46,4,2,44,1,2,1,1,40,600.2967,2310,1,1,1,0,still teacher
031513950430143,8,2024,15,4,17111,33,46,1,1,43,1,2,2,1,2,40,1279.9859,2310,1,1,2025,15,8,33,48,1,1,43,1,2,1,2,40,1224.6296,2300,1,1,1,0,still teacher
055406016050370,8,2024,14,2,17111,50,44,1,2,44,1,1,2,1,2,60,439.7224,2320,1,1,2025,16,6,50,46,1,2,44,1,2,1,2,50,552.9106,2310,1,1,1,0,still teacher
209501212205740,8,2024,14,2,17011,2,54,6,2,44,1,1,2,1,1,38,560.2806,2320,1,1,2025,14,6,2,54,6,2,44,1,2,1,1,40,651.3711,2722,1,0,0,1,other occupation
010600031914646,8,2024,13,2,17011,4,43,4,2,44,1,1,2,1,1,40,4121.8849,2310,1,1,2025,13,6,4,44,4,2,44,1,2,1,1,40,3823.6332,2310,1,1,1,0,still teacher
440076107745005,8,2024,14,2,17011,4,50,1,1,43,1,1,2,1,1,-4,4973.1368,2310,1,1,2025,15,6,4,51,1,1,43,1,2,1,1,60,4733.7232,2310,1,1,1,0,still teacher
440076107745005,8,2024,14,2,17011,4,47,1,2,43,1,2,2,1,1,-4,4966.0034,2320,1,1,2025,15,6,4,48,1,2,43,1,2,1,1,60,4911.784,2310,1,1,1,0,still teacher
004671620010111,8,2024,15,3,17011,4,65,4,2,43,1,1,2,1,1,35,4342.2554,2310,1,1,2025,10,7,4,66,4,2,43,1,2,1,1,38,3998.6389,2310,1,1,1,0,still teacher
040044036215715,8,2024,13,1,18011,5,36,1,2,40,1,1,2,1,1,16,2082.5753,2310,1,1,2025,12,5,5,37,1,2,39,1,2,1,7,-1,2371.5924,-1,0,0,0,1,out of labor force
316915520060211,8,2024,16,1,18011,6,46,1,2,44,1,2,2,1,2,45,4561.4181,2310,1,1,2025,16,5,6,47,1,2,44,1,2,1,2,40,4624.0335,2310,1,1,1,0,still teacher
604703216107500,8,2024,16,1,18011,6,28,6,1,43,1,2,1,1,2,32,4245.8592,2310,1,1,2025,11,5,6,29,6,1,42,1,1,1,1,-4,5891.6756,4220,1,0,0,1,other occupation
162592400619080,8,2024,16,2,17011,6,25,6,2,44,1,2,2,1,1,50,4638.2242,2310,1,1,2025,16,6,6,26,6,2,44,1,2,1,1,40,4739.2779,2310,1,1,1,0,still teacher
876533800050016,8,2024,16,3,17011,6,52,1,2,43,4,1,2,1,1,40,6243.9953,2310,1,1,2025,16,7,6,53,1,2,43,4,2,1,1,40,4172.1706,2310,1,1,1,0,still teacher
487030101771025,8,2024,14,2,17011,8,31,1,1,46,1,1,2,1,1,40,5091.2461,2310,1,1,2025,12,6,8,32,1,1,46,1,2,1,1,40,6582.4298,2320,1,1,1,0,still teacher
130001700808010,8,2024,14,4,17011,8,65,1,2,44,1,2,2,1,1,-4,4247.753,2310,1,1,2025,16,8,8,66,1,2,44,1,2,1,1,40,3377.5787,2310,1,1,1,0,still teacher
287070101679095,8,2024,15,4,17011,8,40,1,2,44,1,2,2,1,1,40,4096.595,2320,1,1,2025,16,8,8,41,1,2,44,1,2,1,1,40,4163.6903,2002,1,0,0,1,other occupation
162090104729149,8,2024,14,1,18011,16,42,1,2,43,1,1,2,1,1,40,1079.7544,2310,1,1,2025,13,5,16,43,1,2,43,1,2,1,2,40,732.2635,2310,1,1,1,0,still teacher
380377051102089,8,2024,15,1,18011,17,46,1,2,43,1,2,2,1,1,40,4563.0453,2320,1,1,2025,1,5,17,47,1,2,43,1,2,1,1,40,3537.33,2310,1,1,1,0,still teacher
328556991090014,8,2024,16,2,17011,18,39,1,2,44,1,1,2,1,1,40,3143.5419,2310,1,1,2025,16,6,18,40,1,2,44,1,2,1,1,37,3468.368,2310,1,1,1,0,still teacher
881050108571121,8,2024,12,2,17011,18,22,6,2,39,1,2,2,1,2,40,5010.0832,2300,1,1,2025,12,6,18,23,6,2,39,1,2,1,1,39,4405.6153,2545,1,0,0,1,other occupation
971700902411817,8,2024,13,3,17011,18,55,6,1,43,1,1,2,1,1,50,4371.1393,2320,1,1,2025,13,7,18,57,6,1,43,1,2,1,1,40,3780.1719,2320,1,1,1,0,still teacher
110441168041490,8,2024,16,4,17011,19,46,1,2,44,1,1,2,1,1,-4,3014.288,2310,1,1,2025,16,8,19,47,1,2,44,1,2,1,3,-1,3156.1341,2002,0,0,0,1,unemployed
110441168041490,8,2024,16,4,17011,19,49,1,1,44,1,2,2,1,2,-4,2435.1552,2310,1,1,2025,16,8,19,50,1,1,43,1,2,1,3,-1,3043.9523,2310,0,0,0,1,unemployed
001122210210119,8,2024,16,1,18011,19,46,1,2,44,1,1,2,1,2,42,2830.898,2310,1,1,2025,16,5,19,46,1,2,44,1,2,1,3,-1,2283.3005,2310,0,0,0,1,unemployed
529128611080015,8,2024,15,3,17011,19,29,1,2,43,1,1,2,1,1,45,2504.4441,2310,1,1,2025,15,7,19,30,1,2,43,1,2,1,1,40,2769.5093,2310,1,1,1,0,still teacher
780456212020115,8,2024,16,2,17011,20,67,1,2,44,1,1,2,1,1,40,1521.4713,2320,1,1,2025,15,6,20,68,1,2,44,1,2,1,1,40,1493.7255,2320,1,1,1,0,still teacher
610620051214847,8,2024,11,2,17011,20,21,6,2,40,1,1,2,1,1,40,2376.7611,2300,1,1,2025,9,6,20,22,6,2,42,1,2,1,1,40,2300.5104,4600,1,0,0,1,other occupation
560829372030012,8,2024,11,4,17011,20,77,4,2,43,1,1,2,1,2,-4,1694.3743,2310,1,1,2025,11,8,20,78,4,2,43,1,2,1,1,-4,1750.7754,2310,1,1,1,0,still teacher
863010101274229,8,2024,10,2,17011,26,25,6,2,39,1,2,1,1,1,15,5989.2908,2300,1,1,2025,7,6,26,25,6,2,39,1,1,1,1,18,7144.2395,2300,1,1,1,0,still teacher
240136011202557,8,2024,16,1,18011,26,61,1,2,46,1,2,2,1,1,40,4739.2228,2330,1,1,2025,16,5,26,61,1,2,46,1,2,1,1,40,4194.8699,2310,1,1,1,0,still teacher
410422273051670,8,2024,11,4,17011,27,71,1,1,43,1,2,2,1,2,50,4155.1924,2310,1,1,2025,14,8,27,72,1,1,44,1,2,1,1,38,4004.8659,2320,1,1,1,0,still teacher
076010103804200,8,2024,13,4,17011,27,65,6,2,43,1,1,2,1,2,40,4062.4719,2310,1,1,2025,11,8,27,65,6,2,44,1,2,1,5,-1,3784.9558,-1,0,0,0,1,out of labor force
013058094011016,8,2024,12,3,17011,31,26,4,1,44,1,1,2,3,1,40,2042.3927,2310,1,1,2025,12,7,31,27,4,1,44,1,2,3,1,40,1345.0271,2310,1,1,1,0,still teacher
006002110431111,8,2024,15,4,17011,31,53,3,2,41,1,1,2,1,1,40,1250.7717,2300,1,1,2025,15,8,31,54,3,2,41,1,2,1,1,40,1410.3312,2300,1,1,1,0,still teacher
236501013446840,8,2024,14,2,17011,32,26,1,2,43,1,1,2,1,1,40,2558.0466,2310,1,1,2025,13,6,32,28,1,2,43,1,2,1,2,40,3756.5783,2320,1,1,1,0,still teacher
721400504716230,8,2024,14,4,17011,32,25,6,2,43,1,2,2,1,1,40,1922.0154,2310,1,1,2025,15,8,32,27,1,2,43,1,2,1,1,40,3301.5345,2310,1,1,1,0,still teacher
730525041300404,8,2024,9,4,17011,35,80,4,1,42,1,1,2,1,1,9,1170.6246,2320,1,1,2025,14,8,35,80,4,1,42,1,2,1,1,-4,1022.6249,2310,1,1,1,0,still teacher
055272113050015,8,2024,15,2,17011,35,35,1,2,44,1,2,2,1,1,40,1332.382,2310,1,1,2025,16,6,35,36,1,2,44,1,2,1,1,40,1271.7449,2310,1,1,1,0,still teacher
810258051302560,8,2024,14,4,17011,38,55,1,2,44,1,2,2,1,1,40,580.0256,2310,1,1,2025,15,8,38,56,1,2,44,1,2,1,1,40,480.086,2310,1,1,1,0,still teacher
160534783091110,8,2024,16,4,17011,41,47,1,2,44,1,1,2,1,1,40,2746.6919,2310,1,1,2025,16,8,41,48,1,2,44,1,2,1,1,0,2262.6285,2310,1,1,1,0,still teacher
842903410574930,8,2024,15,1,18011,48,57,1,2,43,1,2,2,1,1,20,4669.3614,2310,1,1,2025,16,5,48,58,1,2,43,1,2,1,1,-4,5991.8893,2310,1,1,1,0,still teacher
101615100823604,8,2024,3,3,17011,48,61,1,2,40,1,1,1,1,1,20,4957.403,2310,1,1,2025,3,7,48,61,1,2,40,1,1,1,1,25,4814.017,2310,1,1,1,0,still teacher
108533134001918,8,2024,14,3,17011,48,47,1,2,44,1,2,2,1,1,40,4219.8824,2310,1,1,2025,14,7,48,47,1,2,44,1,2,1,1,60,4509.1595,2320,1,1,1,0,still teacher
843513913987620,8,2024,14,3,17011,48,34,1,2,43,2,2,2,1,1,40,5489.0137,2310,1,1,2025,14,7,48,35,1,2,43,2,2,1,1,40,5730.9146,2310,1,1,1,0,still teacher
641000601155844,8,2024,15,3,17011,48,51,1,2,43,1,2,2,1,1,40,4269.1034,2310,1,1,2025,15,7,48,52,1,2,43,1,2,1,1,40,4384.8629,2310,1,1,1,0,still teacher
103180444204892,8,2024,12,3,17011,48,30,1,2,44,1,1,2,1,1,30,5071.9504,2310,1,1,2025,14,7,48,31,1,2,44,1,2,1,1,30,4720.97,2205,1,0,0,1,other occupation
103180444204892,8,2024,12,3,17011,48,33,1,1,44,1,2,2,1,1,40,5117.7056,2310,1,1,2025,14,7,48,34,1,1,44,1,2,1,1,40,4226.0433,2310,1,1,1,0,still teacher
113173600962974,8,2024,15,4,17012,49,63,4,2,44,1,1,2,1,1,40,1774.241,2300,1,1,2025,15,8,49,64,4,2,44,1,2,1,1,40,1798.3692,2300,1,1,1,0,still teacher
390679061434007,8,2024,16,2,17011,49,42,1,2,44,1,1,2,1,2,45,1928.1858,2310,1,1,2025,16,6,49,42,1,2,44,1,2,1,3,-1,2051.8778,2310,0,0,0,1,unemployed
953040107972532,8,2024,15,1,18011,55,29,1,2,44,1,1,2,1,1,40,4716.8983,2310,1,1,2025,15,5,55,30,1,2,44,1,2,1,1,30,5572.5268,2320,1,1,1,0,still teacher
786626865010118,8,2024,15,3,17011,56,41,1,2,44,1,1,2,1,1,40,333.6906,2300,1,1,2025,15,7,56,42,1,2,44,1,2,1,1,40,330.3817,2310,1,1,1,0,still teacher
011062050500122,8,2024,10,2,17111,2,34,6,2,43,7,1,2,1,1,99,696.2355,2300,1,1,2025,14,6,2,34,6,2,43,7,2,1,1,40,663.5965,4600,1,0,0,1,other occupation
071176096115580,8,2024,12,2,17111,15,66,4,2,46,7,1,2,1,1,-4,590.5085,2330,1,1,2025,12,6,15,68,4,2,46,7,2,1,1,40,706.9778,2330,1,1,1,0,still teacher
190851956081851,8,2024,16,4,17111,15,54,1,1,44,4,1,2,1,1,-4,786.0145,2320,1,1,2025,16,8,15,55,1,1,44,4,2,1,1,50,802.6745,2320,1,1,1,0,still teacher
012052031910646,8,2024,15,4,17111,20,64,1,2,42,1,2,2,1,1,0,2083.1861,2310,1,1,2025,15,8,20,65,1,2,42,1,2,1,1,24,2009.2142,2545,1,0,0,1,other occupation
132202013206930,8,2024,13,1,18111,31,53,1,2,43,1,1,2,1,1,40,1261.6501,2310,1,1,2025,14,5,31,54,1,2,43,1,2,1,1,40,1561.1842,2310,1,1,1,0,still teacher
320303292021610,8,2024,14,1,18111,31,39,1,2,43,1,1,2,1,1,45,1335.0265,2310,1,1,2025,15,5,31,40,1,2,44,1,2,1,1,40,1503.6688,2310,1,1,1,0,still teacher
302090104325499,8,2024,15,4,17111,40,30,1,2,44,1,1,2,1,1,40,2831.8974,2310,1,1,2025,15,8,40,31,1,2,44,1,2,1,1,40,2792.1786,2310,1,1,1,0,still teacher
794071105454017,8,2024,16,4,17011,9,42,4,2,46,1,1,2,1,1,35,3643.2253,2310,1,1,2025,16,8,9,43,4,2,46,1,2,1,1,35,3285.9484,2330,1,1,1,0,still teacher
571400018046218,8,2024,11,1,18011,12,25,6,2,43,1,1,1,1,1,40,5813.097,2300,1,1,2025,12,5,12,26,6,2,44,1,1,1,1,40,6701.7547,2310,1,1,1,0,still teacher
081226040412585,8,2024,15,2,17011,12,68,1,1,43,2,2,2,1,1,40,4554.4641,2310,1,1,2025,14,6,12,69,1,1,43,2,2,1,1,40,4245.6165,2310,1,1,1,0,still teacher
760621350061821,8,2024,16,2,17011,12,50,4,2,43,1,1,1,1,1,40,4651.0125,2310,1,1,2025,15,6,12,51,4,2,43,1,1,1,1,40,4759.2396,2320,1,1,1,0,still teacher
070321161011130,8,2024,15,1,18011,13,62,1,2,44,1,1,2,1,1,30,3400.3539,2310,1,1,2025,14,5,13,63,1,2,44,1,2,1,5,-1,3485.8391,-1,0,0,0,1,out of labor force
122804300457312,8,2024,16,4,17011,24,40,1,2,44,1,1,2,1,1,35,6226.4493,2310,1,1,2025,16,8,24,41,1,2,44,1,2,1,1,40,5558.474,2310,1,1,1,0,still teacher
424807017292190,8,2024,16,2,17011,24,37,1,1,44,1,1,2,1,1,40,5214.471,2320,1,1,2025,16,6,24,38,1,1,44,1,2,1,1,40,6741.6813,2310,1,1,1,0,still teacher
048607070821114,8,2024,16,2,17011,24,47,1,2,44,8,2,2,1,2,50,4971.9916,2310,1,1,2025,16,6,24,48,1,2,44,8,2,1,1,50,5314.1766,2310,1,1,1,0,still teacher
675984592040017,8,2024,16,2,17011,25,47,1,2,44,1,1,2,1,2,40,3558.7001,2310,1,1,2025,16,6,25,48,1,2,44,1,2,1,2,40,3161.5642,2310,1,1,1,0,still teacher
675984592040017,8,2024,16,2,17011,25,52,1,1,44,1,2,2,1,2,60,3263.6889,2310,1,1,2025,16,6,25,52,1,1,44,1,2,1,2,40,3160.5369,2310,1,1,1,0,still teacher
850692085091150,8,2024,16,3,17011,25,55,1,1,43,1,1,2,1,2,40,2988.1004,2310,1,1,2025,16,7,25,56,1,1,44,1,2,1,1,40,2881.4224,2310,1,1,1,0,still teacher
052112060515555,8,2024,15,3,17011,25,48,1,1,43,1,1,2,1,1,3,2658.6979,2310,1,1,2025,16,7,25,48,1,1,43,1,2,1,1,60,3102.7193,2310,1,1,1,0,still teacher
401200501831433,8,2024,16,1,18011,34,47,1,2,44,2,2,2,1,2,40,7771.5727,2300,1,1,2025,16,5,34,48,1,2,44,2,2,1,2,40,3921.6587,2300,1,1,1,0,still teacher
344794163050018,8,2024,14,2,17011,34,40,6,2,43,1,1,2,1,1,60,5797.3082,2330,1,1,2025,14,6,34,41,6,2,43,1,2,1,1,50,7293.4021,2310,1,1,1,0,still teacher
436008019208470,8,2024,13,3,17011,34,40,6,2,43,2,1,2,1,1,40,7237.0569,2300,1,1,2025,2,7,34,41,6,2,43,2,2,1,1,40,3602.778,3255,1,0,0,1,other occupation
006140383316441,8,2024,14,1,18011,34,46,4,1,43,1,1,2,1,2,40,4215.7836,2310,1,1,2025,14,5,34,47,4,1,43,1,2,1,1,20,4373.159,8555,1,0,0,1,other occupation
054274893080010,8,2024,16,3,17011,34,25,6,2,43,1,3,2,1,1,40,4976.9665,2320,1,1,2025,16,7,34,26,1,2,43,1,2,1,2,40,4454.2856,2310,1,1,1,0,still teacher
093131015816680,8,2024,15,2,17011,36,44,1,1,44,1,1,2,1,1,40,5118.7029,2310,1,1,2025,15,6,36,45,1,1,44,1,2,1,7,-1,5396.7,-1,0,0,0,1,out of labor force
960633488051561,8,2024,15,1,18011,36,23,6,2,43,1,2,2,1,1,40,7172.9411,2310,1,1,2025,15,5,36,24,6,2,43,1,2,1,7,-1,6024.313,-1,0,0,0,1,out of labor force
007160382499352,8,2024,16,1,18011,36,39,1,2,44,1,1,2,1,2,40,6445.2973,2330,1,1,2025,16,5,36,40,1,2,44,1,2,1,1,40,4778.8232,2330,1,1,1,0,still teacher
007160382499352,8,2024,16,1,18011,36,48,1,1,44,1,2,2,1,2,40,4428.712,2320,1,1,2025,16,5,36,49,1,1,44,1,2,1,1,40,4468.9319,2320,1,1,1,0,still teacher
053087065317704,8,2024,15,3,17011,37,45,1,1,44,8,1,2,1,1,40,4914.2914,2320,1,1,2025,15,7,37,46,1,1,44,8,2,1,2,40,3768.1697,2320,1,1,1,0,still teacher
063018070517987,8,2024,15,2,17011,37,53,1,1,44,1,1,2,1,1,35,5488.063,2310,1,1,2025,15,6,37,54,1,1,44,1,2,1,7,-1,4416.5625,-1,0,0,0,1,out of labor force
734600213967430,8,2024,16,4,17011,37,52,1,2,43,1,1,2,1,2,12,4839.7234,2300,1,1,2025,16,8,37,53,1,2,43,1,2,1,2,12,4675.2446,2300,1,1,1,0,still teacher
003969800940132,8,2024,14,1,18011,42,48,1,2,44,1,1,2,1,1,40,4188.711,2310,1,1,2025,6,5,42,49,1,2,44,1,2,1,1,40,5319.6135,2310,1,1,1,0,still teacher
034324005314427,8,2024,15,2,17011,44,38,1,2,44,1,1,2,1,1,40,1267.7419,2300,1,1,2025,16,6,44,39,1,2,44,1,2,1,2,40,1411.1598,2300,1,1,1,0,still teacher
015196016811535,8,2024,16,2,17011,51,46,1,2,44,1,2,2,1,1,-4,4886.6672,2310,1,1,2025,16,6,51,47,1,2,44,1,2,1,1,-4,4642.374,2310,1,1,1,0,still teacher
108202019950420,8,2024,8,2,17111,1,62,1,2,43,2,2,2,1,1,40,2663.1838,2300,1,1,2025,8,6,1,63,1,2,43,2,2,1,1,40,2643.5191,4600,1,0,0,1,other occupation
000110006374083,8,2024,13,1,18111,1,65,1,2,43,1,2,2,1,2,10,2196.9678,2300,1,1,2025,13,5,1,66,1,2,43,1,2,1,5,-1,2420.3252,-1,0,0,0,1,out of labor force
100121071174674,8,2024,16,4,17111,11,32,1,1,44,1,1,2,1,1,40,383.7712,2310,1,1,2025,16,8,11,34,1,1,44,1,2,1,1,42,409.7991,2310,1,1,1,0,still teacher
002120258641240,8,2024,14,1,18111,22,33,1,2,42,1,1,2,1,1,30,1703.4254,2310,1,1,2025,14,5,22,34,1,2,42,1,2,1,1,40,2009.0589,2545,1,0,0,1,other occupation
650452146031250,8,2024,16,4,17111,25,51,1,1,44,1,1,2,1,2,40,3806.7956,2310,1,1,2025,15,8,25,52,1,1,44,1,2,1,1,40,3653.735,2310,1,1,1,0,still teacher
460375091201127,8,2024,16,1,18111,25,33,1,2,44,1,3,2,1,2,40,3101.4253,2310,1,1,2025,16,5,25,34,1,2,44,1,2,1,1,40,3215.4984,2310,1,1,1,0,still teacher
180781600875662,8,2024,13,3,17111,28,45,1,2,43,1,1,2,1,1,45,1206.6492,2310,1,1,2025,14,7,28,46,1,2,43,1,2,1,1,40,1350.8992,2310,1,1,1,0,still teacher
155030108417410,8,2024,16,1,18111,45,54,1,2,44,1,2,2,1,1,50,2857.8198,2330,1,1,2025,16,5,45,55,1,2,45,1,2,1,1,40,2913.9105,2320,1,1,1,0,still teacher
111416900635253,8,2024,15,4,17011,36,50,4,2,44,1,1,1,1,2,35,4227.6388,2310,1,1,2025,16,8,36,51,4,2,44,1,1,1,2,40,5342.0665,2310,1,1,1,0,still teacher
370075671081346,8,2024,15,2,17111,54,44,1,2,44,1,1,2,1,1,38,847.8049,2330,1,1,2025,15,6,54,45,1,2,44,1,2,1,1,40,882.0088,2310,1,1,1,0,still teacher
269046122168039,8,2024,16,2,17012,6,43,1,2,44,4,2,2,1,1,40,4112.566,2310,1,1,2025,16,6,6,44,1,2,44,4,2,1,1,40,4482.5107,2310,1,1,1,0,still teacher
930020339041563,8,2024,14,3,17011,6,38,6,2,44,1,1,2,1,1,40,4247.7592,2310,1,1,2025,14,7,6,39,6,2,44,1,2,1,1,-4,4459.2057,2310,1,1,1,0,still teacher
760002107853062,8,2024,16,1,18011,6,33,6,2,45,4,3,2,1,1,40,6236.4548,2310,1,1,2025,15,5,6,34,6,2,45,4,2,1,1,40,5032.419,3090,1,0,0,1,other occupation
020018093216646,8,2024,16,1,18011,6,39,1,2,44,4,2,2,5,1,18,3987.0419,2310,1,1,2025,2,5,6,40,1,2,44,4,2,5,1,8,6260.5393,2360,1,0,0,1,other occupation
691900207257607,8,2024,15,2,17011,6,41,1,2,44,1,1,2,1,1,40,4013.9253,2320,1,1,2025,16,6,6,42,1,2,44,1,2,1,1,29,4322.0191,4640,1,0,0,1,other occupation
691900207257607,8,2024,15,2,17011,6,44,1,1,44,1,2,2,1,1,40,4326.7397,2320,1,1,2025,16,6,6,45,1,1,44,1,2,1,1,35,4620.2924,2360,1,0,0,1,other occupation
518609419758510,8,2024,14,3,17011,15,60,3,2,43,1,1,2,1,1,40,643.7935,2320,1,1,2025,16,7,15,61,3,2,43,1,2,1,1,40,757.086,2320,1,1,1,0,still teacher
006651421010011,8,2024,16,4,17011,16,27,6,2,43,1,3,2,1,1,40,1015.8132,2310,1,1,2025,16,8,16,28,6,2,43,1,2,1,2,40,1155.8276,2310,1,1,1,0,still teacher
011300879382713,8,2024,14,4,17011,17,40,1,1,44,4,1,2,1,2,40,4681.3461,2310,1,1,2025,16,8,17,41,1,1,44,4,2,1,2,40,5072.6309,2310,1,1,1,0,still teacher
150899300792481,8,2024,15,3,17011,17,18,6,2,43,1,2,2,1,2,40,4756.7044,2310,1,1,2025,15,7,17,18,6,2,43,1,2,1,1,40,5110.2055,2310,1,1,1,0,still teacher
812706016560000,8,2024,7,4,17011,18,35,6,2,42,2,1,2,1,1,40,4677.6761,2300,1,1,2025,9,8,18,36,6,2,43,2,2,1,2,40,5204.2659,2300,1,1,1,0,still teacher
120085100842151,8,2024,13,1,18011,18,30,6,2,43,1,2,1,1,1,45,5357.3342,2330,1,1,2025,14,5,18,31,6,2,43,1,1,1,1,45,5565.8537,2310,1,1,1,0,still teacher
150812200948241,8,2024,14,4,17011,19,56,6,2,44,1,1,2,1,1,40,2803.9163,2310,1,1,2025,14,8,19,57,6,2,44,1,2,1,5,-1,3473.5651,2310,0,0,0,1,out of labor force
601081105492210,8,2024,13,1,18011,20,49,4,2,44,1,1,2,1,1,40,2279.5294,2310,1,1,2025,14,5,20,50,4,2,44,1,2,1,1,40,1900.6771,2330,1,1,1,0,still teacher
076396420521100,8,2024,15,1,18011,20,56,1,2,44,1,2,2,1,1,40,2106.8905,2320,1,1,2025,14,5,20,57,1,2,44,1,2,1,1,-4,2021.3452,2320,1,1,1,0,still teacher
003160249157726,8,2024,15,3,17011,26,52,1,2,43,1,1,2,1,2,20,4548.3955,2310,1,1,2025,15,7,26,53,1,2,43,1,2,1,2,7,4348.9944,5120,1,0,0,1,other occupation
003160249157726,8,2024,15,3,17011,26,20,6,2,40,1,4,2,1,1,35,4069.7955,2300,1,1,2025,15,7,26,21,6,2,40,1,2,1,1,32,6875.7026,2545,1,0,0,1,other occupation
025699240821186,8,2024,14,4,17011,26,51,1,1,44,1,2,2,5,1,40,4743.0049,2310,1,1,2025,16,8,26,52,1,1,44,1,2,5,2,50,6197.5481,2310,1,1,1,0,still teacher
047693000120146,8,2024,9,3,17011,26,63,6,2,43,1,1,2,1,1,40,4515.7283,2320,1,1,2025,11,7,26,64,6,2,44,1,2,1,1,40,4727.8815,205,1,0,0,1,other occupation
100705300936472,8,2024,15,4,17011,29,47,1,2,43,1,2,2,1,1,32,4556.9635,2310,1,1,2025,15,8,29,48,1,2,43,1,2,1,7,-1,4008.3932,2310,0,0,0,1,out of labor force
005190285149443,8,2024,16,1,18011,29,53,1,2,44,1,1,2,1,1,40,4200.9702,2310,1,1,2025,15,5,29,54,1,2,44,1,2,1,1,50,3462.3423,2310,1,1,1,0,still teacher
521600226559921,8,2024,16,2,17011,29,56,1,2,44,1,2,2,1,1,40,4568.8338,2310,1,1,2025,16,6,29,57,1,2,44,1,2,1,1,40,3868.3061,2310,1,1,1,0,still teacher
814051102486348,8,2024,12,4,17011,31,33,6,2,44,1,1,2,1,1,50,1662.2971,2300,1,1,2025,13,8,31,33,6,2,44,1,2,1,1,60,1924.9947,2300,1,1,1,0,still teacher
083151044211856,8,2024,15,1,18011,31,55,1,2,44,1,1,2,1,1,40,1501.3179,2310,1,1,2025,16,5,31,56,1,2,44,1,2,1,1,40,1564.6411,2310,1,1,1,0,still teacher
161184393040019,8,2024,12,3,17011,31,52,1,2,43,1,1,2,1,1,40,1498.11,2300,1,1,2025,11,7,31,53,1,2,43,1,2,1,1,40,1353.1457,2300,1,1,1,0,still teacher
109110344056785,8,2024,13,2,17011,31,22,6,2,43,1,1,2,1,1,40,1844.3561,2310,1,1,2025,14,6,31,23,6,2,43,1,2,1,1,40,2097.6029,2310,1,1,1,0,still teacher
132455400530433,8,2024,16,2,17011,35,75,1,1,43,1,1,2,1,1,-4,1251.6241,2320,1,1,2025,13,6,35,76,1,1,44,1,2,1,1,2,900.1307,140,1,0,0,1,other occupation
082023102321301,8,2024,16,4,17011,38,49,1,2,43,1,2,2,1,2,50,622.8973,2310,1,1,2025,16,8,38,50,1,2,43,1,2,1,1,-4,483.7957,2310,1,1,1,0,still teacher
053332039618688,8,2024,16,2,17011,38,48,1,2,44,1,1,2,1,2,55,563.5975,2300,1,1,2025,16,6,38,49,1,2,44,1,2,1,2,60,600.5296,2310,1,1,1,0,still teacher
008020103770420,8,2024,13,1,18011,40,25,6,1,40,1,3,2,1,1,45,2540.1891,2300,1,1,2025,14,5,40,26,6,1,42,1,2,1,1,45,2693.6663,2545,1,0,0,1,other occupation
911183044060010,8,2024,15,1,18011,41,42,6,2,44,1,2,2,1,1,40,3555.2759,2310,1,1,2025,15,5,41,43,6,2,44,1,2,1,1,40,3274.1835,2360,1,0,0,1,other occupation
006180440848153,8,2024,15,3,17011,48,31,1,2,43,1,2,2,1,1,40,5071.9504,2310,1,1,2025,15,7,48,32,1,2,43,1,2,1,1,40,4720.97,2310,1,1,1,0,still teacher
460034681091181,8,2024,13,4,17011,48,34,1,2,43,1,2,2,1,1,50,5780.1139,2310,1,1,2025,14,8,48,35,1,2,43,1,2,1,1,50,5713.743,2300,1,1,1,0,still teacher
584010105838479,8,2024,16,3,17011,48,38,1,2,42,1,2,2,1,1,40,4940.054,2330,1,1,2025,16,7,48,39,1,2,42,1,2,1,1,45,4369.986,2310,1,1,1,0,still teacher
051078720641108,8,2024,13,2,17011,48,30,6,2,43,1,1,2,1,1,40,5738.0025,2310,1,1,2025,13,6,48,31,6,2,43,1,2,1,1,40,4885.5393,2310,1,1,1,0,still teacher
034902108018513,8,2024,16,4,17011,48,53,1,1,46,1,1,2,1,1,40,5962.8695,2310,1,1,2025,16,8,48,55,1,1,46,1,2,1,1,70,5393.2692,230,1,0,0,1,other occupation
841901298146841,8,2024,16,4,17011,48,32,1,2,43,1,1,2,1,1,40,5584.2605,2310,1,1,2025,14,8,48,33,1,2,43,1,2,1,1,40,5568.3214,2310,1,1,1,0,still teacher
195713970943178,8,2024,12,1,18011,48,46,4,1,44,1,1,2,4,1,40,4747.1669,2310,1,1,2025,11,5,48,47,4,1,44,1,2,4,1,45,5390.6739,2330,1,1,1,0,still teacher
841409011495780,8,2024,16,1,18011,48,55,4,2,43,1,2,2,1,1,50,4511.1447,2310,1,1,2025,15,5,48,56,4,2,43,1,2,1,1,46,5495.7849,2310,1,1,1,0,still teacher
120813200812234,8,2024,16,3,17011,48,49,1,2,43,4,2,2,4,1,40,6326.9556,2310,1,1,2025,16,7,48,50,1,2,43,4,2,4,1,50,4262.8232,2310,1,1,1,0,still teacher
190028081403830,8,2024,15,4,17011,48,56,1,2,43,1,1,2,1,1,50,5313.6137,2310,1,1,2025,15,8,48,57,1,2,43,1,2,1,1,50,4642.9714,2310,1,1,1,0,still teacher
680468071433741,8,2024,16,3,17011,48,56,1,2,44,1,2,2,1,1,40,4347.4313,2310,1,1,2025,15,7,48,57,1,2,44,1,2,1,1,40,5105.4846,2310,1,1,1,0,still teacher
869123044010314,8,2024,16,3,17011,49,49,1,1,45,1,1,2,1,1,35,2025.7497,2310,1,1,2025,15,7,49,50,1,1,45,1,2,1,1,40,2152.8463,2310,1,1,1,0,still teacher
861300936701947,8,2024,15,1,18011,49,43,6,2,44,1,1,2,1,1,40,2042.7509,2310,1,1,2025,15,5,49,44,6,2,44,1,2,1,1,40,1818.521,2555,1,0,0,1,other occupation
536040101405527,8,2024,15,3,17011,53,54,1,1,44,1,1,2,1,2,40,3550.9303,2320,1,1,2025,15,7,53,56,1,1,44,1,2,1,2,40,3219.2301,2310,1,1,1,0,still teacher
675818875040019,8,2024,15,1,18011,55,29,1,2,44,1,1,2,1,2,40,4716.8983,2310,1,1,2025,15,5,55,30,1,2,44,1,2,1,2,40,5572.5268,2310,1,1,1,0,still teacher
514108014690330,8,2024,14,4,17111,15,45,1,2,43,1,1,1,1,1,40,643.5919,2310,1,1,2025,14,8,15,46,1,2,43,1,1,1,1,40,765.4014,2310,1,1,1,0,still teacher
030542570610176,8,2024,16,3,17111,16,44,1,1,44,1,1,2,1,1,40,1163.1963,2310,1,1,2025,16,7,16,45,1,1,44,1,2,1,1,40,1013.7621,2310,1,1,1,0,still teacher
270173383051000,8,2024,15,1,18111,30,33,1,2,44,1,1,2,1,1,40,672.2221,2320,1,1,2025,16,5,30,34,1,2,44,1,2,1,1,40,747.4016,2310,1,1,1,0,still teacher
541400912200036,8,2024,13,4,17111,30,34,1,2,44,1,1,2,1,1,40,682.4533,2320,1,1,2025,14,8,30,36,1,2,44,1,2,1,1,40,790.1155,2310,1,1,1,0,still teacher
251200503170035,8,2024,16,3,17111,30,34,1,2,44,1,2,2,1,1,40,688.6019,2310,1,1,2025,16,7,30,35,1,2,44,1,2,1,1,40,659.8276,2310,1,1,1,0,still teacher
191701423060011,8,2024,15,1,18111,31,57,1,2,43,1,1,2,1,1,60,1268.2947,2310,1,1,2025,15,5,31,59,1,2,44,1,2,1,1,50,1660.2989,2320,1,1,1,0,still teacher
094053036616879,8,2024,13,4,17111,46,55,1,1,43,1,1,2,1,1,40,519.0249,2310,1,1,2025,14,8,46,56,1,1,43,1,2,1,1,40,569.2295,2310,1,1,1,0,still teacher
094053036616879,8,2024,13,4,17111,46,45,1,2,43,1,2,2,1,1,40,570.9335,2310,1,1,2025,14,8,46,45,1,2,43,1,2,1,1,40,507.7709,2310,1,1,1,0,still teacher
451100927216659,8,2024,14,2,17111,56,38,1,2,44,1,2,2,1,1,40,348.1211,2310,1,1,2025,13,6,56,39,1,2,44,1,2,1,1,40,481.5418,2310,1,1,1,0,still teacher
041333064410301,8,2024,15,3,17011,10,79,1,1,46,1,1,2,1,1,60,573.2877,2320,1,1,2025,15,7,10,80,1,1,46,1,2,1,3,-1,651.2496,2320,0,0,0,1,unemployed
405100164125238,8,2024,15,2,17011,10,36,1,2,39,1,1,1,2,1,38,889.5558,2300,1,1,2025,6,6,10,38,1,2,39,1,1,2,4,-1,958.4415,4220,0,0,0,1,unemployed
013717450214120,8,2024,14,2,17011,10,59,1,2,44,1,2,2,1,1,37,962.1484,2330,1,1,2025,15,6,10,60,1,2,44,1,2,1,7,-1,941.393,-1,0,0,0,1,out of labor force
700602011119913,8,2024,14,2,17011,12,32,6,2,43,1,3,2,1,1,40,6304.2193,2310,1,1,2025,13,6,12,33,6,2,43,1,2,1,1,35,6699.3067,2310,1,1,1,0,still teacher
031176016112889,8,2024,14,2,17011,12,57,1,2,43,1,2,2,1,1,40,5409.6965,2310,1,1,2025,14,6,12,59,1,2,43,1,2,1,1,40,5466.3326,2310,1,1,1,0,still teacher
830391368031826,8,2024,13,4,17011,12,55,1,1,43,2,1,2,4,1,35,4776.2546,2310,1,1,2025,15,8,12,56,1,1,43,2,2,4,1,40,4199.6023,2205,1,0,0,1,other occupation
213003215865940,8,2024,16,2,17011,12,34,1,2,43,1,1,2,1,1,40,6172.5973,2310,1,1,2025,16,6,12,35,1,2,43,1,2,1,1,20,6429.1117,2310,1,1,1,0,still teacher
060185940810143,8,2024,13,3,17011,13,46,6,2,44,1,1,2,1,1,40,7096.3159,2320,1,1,2025,13,7,13,47,6,2,44,1,2,1,1,-4,5158.3191,2310,1,1,1,0,still teacher
312103012452920,8,2024,16,4,17011,13,45,1,2,46,1,2,2,1,1,40,3876.354,2310,1,1,2025,16,8,13,46,1,2,46,1,2,1,1,40,3242.5437,2330,1,1,1,0,still teacher
701600101231311,8,2024,16,1,18011,13,77,1,2,44,2,2,2,1,1,40,4698.9367,2310,1,1,2025,14,5,13,78,1,2,44,2,2,1,1,40,4092.3779,2310,1,1,1,0,still teacher
070483071101078,8,2024,13,4,17011,13,32,1,1,43,1,1,2,1,1,40,4634.0517,2310,1,1,2025,13,8,13,33,1,1,43,1,2,1,1,40,4766.836,2330,1,1,1,0,still teacher
002110206674083,8,2024,16,2,17011,21,50,1,2,43,1,1,2,1,2,-4,3063.4247,2310,1,1,2025,14,6,21,51,1,2,40,1,2,1,7,-1,3781.0872,-1,0,0,0,1,out of labor force
007110290481690,8,2024,16,2,17011,21,42,1,1,44,1,1,2,1,1,40,3871.4444,2320,1,1,2025,16,6,21,43,1,1,44,1,2,1,1,40,4638.7877,2320,1,1,1,0,still teacher
290712687041751,8,2024,16,1,18011,25,26,6,2,42,1,2,2,1,2,40,2936.5,2310,1,1,2025,16,5,25,27,6,2,44,1,2,1,2,40,2874.1745,2310,1,1,1,0,still teacher
231000506133829,8,2024,16,2,17011,28,70,1,2,43,1,1,2,1,1,40,1041.8188,2320,1,1,2025,13,6,28,71,1,2,43,1,2,1,1,40,1067.6407,2310,1,1,1,0,still teacher
011200510967335,8,2024,15,4,17011,33,57,1,2,43,1,1,2,1,2,30,1379.0147,2320,1,1,2025,14,8,33,58,1,2,43,1,2,1,7,-1,1337.1713,2310,0,0,0,1,out of labor force
140061109938325,8,2024,16,4,17011,34,52,1,1,43,1,1,1,1,2,40,4619.5413,2310,1,1,2025,16,8,34,53,1,1,43,1,1,1,2,40,5103.3843,2310,1,1,1,0,still teacher
140061109938325,8,2024,16,4,17011,34,53,1,2,44,1,2,1,4,1,40,4782.2004,2310,1,1,2025,16,8,34,54,1,2,44,1,1,4,2,40,4962.4172,2310,1,1,1,0,still teacher
631401214375270,8,2024,16,4,17011,36,44,4,2,46,1,1,2,1,2,40,5498.9829,2310,1,1,2025,16,8,36,45,4,2,46,1,2,1,1,40,4657.1102,2310,1,1,1,0,still teacher
638601014875870,8,2024,16,3,17011,36,52,1,1,44,1,2,2,1,2,35,4836.1799,2310,1,1,2025,16,7,36,52,1,1,44,1,2,1,1,40,5676.7483,2310,1,1,1,0,still teacher
093053025717287,8,2024,13,2,17011,37,51,6,2,46,2,1,2,1,1,40,5595.8178,2300,1,1,2025,14,6,37,51,6,2,46,2,2,1,2,40,7180.9779,2310,1,1,1,0,still teacher
160958500530474,8,2024,15,4,17011,45,61,1,2,43,1,2,2,1,1,45,2402.9252,2310,1,1,2025,15,8,45,62,1,2,43,1,2,1,1,50,2362.6625,2330,1,1,1,0,still teacher
307335014030117,8,2024,8,1,18011,47,29,6,1,44,2,1,2,1,1,40,4038.6889,2310,1,1,2025,12,5,47,30,6,1,44,2,2,1,1,40,4395.5765,2330,1,1,1,0,still teacher
000562620031020,8,2024,12,2,17111,22,45,4,2,43,1,1,2,1,1,50,1785.001,2310,1,1,2025,13,6,22,46,4,2,43,1,2,1,1,40,1826.7284,2310,1,1,1,0,still teacher
002277870820172,8,2024,15,3,17111,22,55,1,2,44,1,1,2,1,1,45,1679.6594,2320,1,1,2025,15,7,22,56,1,2,44,1,2,1,1,45,1743.1253,2320,1,1,1,0,still teacher
455745492020019,8,2024,16,3,17111,25,45,1,2,44,1,1,2,1,2,50,2819.6658,2310,1,1,2025,16,7,25,46,1,2,44,1,2,1,2,50,3105.9829,2310,1,1,1,0,still teacher
544701015113800,8,2024,15,1,18111,45,58,1,1,44,1,1,2,1,1,40,2871.0997,2310,1,1,2025,16,5,45,59,1,1,44,1,2,1,1,45,2515.3472,2310,1,1,1,0,still teacher
544701015113800,8,2024,15,1,18111,45,44,1,2,44,1,2,2,1,1,40,3779.5046,2310,1,1,2025,16,5,45,45,1,2,44,1,2,1,1,40,2797.9665,2310,1,1,1,0,still teacher
131265600270991,8,2024,15,3,17011,12,45,1,1,43,1,2,2,1,1,40,5276.7466,2310,1,1,2025,16,7,12,46,1,1,43,1,2,1,1,40,5771.8461,2320,1,1,1,0,still teacher
010125160001164,8,2024,15,4,17011,4,45,1,2,44,1,1,1,1,1,40,4185.8747,2310,1,1,2025,14,8,4,46,1,2,44,1,1,1,1,40,5270.5566,2330,1,1,1,0,still teacher
160623400573970,8,2024,16,4,17011,5,41,1,2,44,1,2,2,1,2,-4,1584.94,2310,1,1,2025,15,8,5,42,1,2,44,1,2,1,1,40,2002.8654,2310,1,1,1,0,still teacher
470575001008498,8,2024,14,4,17011,5,57,6,2,43,1,2,2,1,1,40,1517.483,2310,1,1,2025,13,8,5,59,6,2,43,1,2,1,1,45,1673.869,2310,1,1,1,0,still teacher
088921810900155,8,2024,14,3,17011,5,76,1,2,40,1,2,2,1,1,6,1393.164,2310,1,1,2025,14,7,5,77,1,2,40,1,2,1,5,-1,1029.2905,-1,0,0,0,1,out of labor force
180046041015818,8,2024,15,4,17011,6,43,1,2,43,1,1,2,1,1,40,3821.1755,2330,1,1,2025,15,8,6,44,1,2,43,1,2,1,1,40,4757.3217,2320,1,1,1,0,still teacher
070070256816534,8,2024,16,1,18011,6,36,1,2,44,1,1,2,4,1,40,3271.574,2310,1,1,2025,15,5,6,37,1,2,44,1,2,4,1,24,4280.8117,2545,1,0,0,1,other occupation
342856091011957,8,2024,16,1,18011,6,32,6,2,43,7,2,2,1,1,40,4737.7866,2310,1,1,2025,13,5,6,33,6,2,43,7,2,1,1,40,6187.7532,2310,1,1,1,0,still teacher
203160012928046,8,2024,14,2,17011,6,27,6,2,44,4,2,2,1,1,40,3153.1856,2310,1,1,2025,16,6,6,28,6,2,44,4,2,1,1,50,5376.5554,2310,1,1,1,0,still teacher
040275073016687,8,2024,15,3,17011,6,49,4,2,44,1,1,2,1,1,40,3672.6597,2310,1,1,2025,15,7,6,51,4,2,44,1,2,1,1,50,4582.854,2310,1,1,1,0,still teacher
519802415516950,8,2024,16,2,17011,15,30,1,2,44,4,2,2,5,1,40,840.14,2300,1,1,2025,16,6,15,31,1,2,44,4,2,5,1,40,1085.1161,2300,1,1,1,0,still teacher
001160151751013,8,2024,16,3,17011,16,44,1,2,43,1,1,2,1,1,48,990.8236,2310,1,1,2025,16,7,16,45,1,2,43,1,2,1,1,40,1050.7911,2310,1,1,1,0,still teacher
021018028817196,8,2024,15,3,17011,17,42,1,2,44,1,1,2,1,2,40,4230.9391,2310,1,1,2025,16,7,17,43,1,2,44,1,2,1,2,40,4566.4833,2310,1,1,1,0,still teacher
091075000118454,8,2024,16,4,17011,18,41,1,2,44,1,2,2,1,1,40,3554.1123,2310,1,1,2025,16,8,18,43,1,2,44,1,2,1,1,40,4209.1668,2310,1,1,1,0,still teacher
005190194899552,8,2024,14,3,17011,19,41,2,2,43,1,2,2,1,2,50,2057.7112,2310,1,1,2025,15,7,19,41,2,2,43,1,2,1,7,-1,2314.9636,-1,0,0,0,1,out of labor force
081062025819151,8,2024,16,3,17011,19,58,1,2,43,1,2,2,1,1,40,2701.2547,2300,1,1,2025,15,7,19,59,1,2,43,1,2,1,1,40,3328.645,2310,1,1,1,0,still teacher
721409019716200,8,2024,15,4,17011,27,28,1,2,43,1,2,2,1,1,24,3092.2114,2300,1,1,2025,15,8,27,30,1,2,43,1,2,1,7,-1,4143.8277,-1,0,0,0,1,out of labor force
067834842010011,8,2024,16,1,18011,27,24,4,2,40,1,2,2,1,1,12,6073.5677,2320,1,1,2025,15,5,27,25,4,2,40,1,2,1,1,-4,5314.9583,4350,1,0,0,1,other occupation
067834842010011,8,2024,16,1,18011,27,24,1,2,40,1,4,2,1,1,33,6073.5677,2330,1,1,2025,15,5,27,24,1,2,40,1,2,1,1,32,5872.6496,2545,1,0,0,1,other occupation
001190283179854,8,2024,14,2,17011,29,41,1,2,44,1,2,2,1,1,40,5510.4167,2320,1,1,2025,15,6,29,42,1,2,44,1,2,1,1,32,4950.0753,2310,1,1,1,0,still teacher
698071104292285,8,2024,15,1,18011,29,28,1,2,44,1,2,2,1,1,40,3823.5115,2310,1,1,2025,15,5,29,28,1,2,44,1,2,1,1,40,3235.5929,2310,1,1,1,0,still teacher
210041105308394,8,2024,15,2,17011,31,56,1,2,43,1,2,2,1,1,25,1633.7926,2310,1,1,2025,14,6,31,57,1,2,43,1,2,1,1,20,1367.4831,2545,1,0,0,1,other occupation
623029106739309,8,2024,10,2,17011,32,64,1,1,44,1,1,2,1,1,35,1863.2615,2310,1,1,2025,15,6,32,66,1,1,44,1,2,1,1,3,1927.0926,2751,1,0,0,1,other occupation
623029106739309,8,2024,10,2,17011,32,63,1,2,44,1,2,2,1,1,35,1838.8418,2310,1,1,2025,15,6,32,64,1,2,44,1,2,1,1,40,2024.1062,2320,1,1,1,0,still teacher
150529700888853,8,2024,15,3,17011,38,48,1,1,41,1,1,2,1,1,40,432.7315,2310,1,1,2025,16,7,38,48,1,1,41,1,2,1,1,40,611.4124,2310,1,1,1,0,still teacher
839103016899990,8,2024,15,1,18011,38,31,6,2,43,1,2,2,5,2,40,577.2633,2310,1,1,2025,16,5,38,32,6,2,43,1,2,3,1,30,285.2042,2310,1,1,1,0,still teacher
340934275061060,8,2024,15,2,17011,46,59,1,2,40,1,1,2,1,1,40,846.0093,2330,1,1,2025,15,6,46,60,1,2,40,1,2,1,1,-4,572.6735,4920,1,0,0,1,other occupation
647609012479190,8,2024,16,1,18011,46,61,1,1,44,1,2,2,1,2,-4,702.0253,2310,1,1,2025,16,5,46,62,1,1,44,1,2,1,1,-4,572.3988,2320,1,1,1,0,still teacher
728494134080410,8,2024,13,2,17011,48,39,4,2,43,2,1,2,1,1,43,6000.2085,2310,1,1,2025,15,6,48,41,4,2,43,2,2,1,1,50,4680.9807,2330,1,1,1,0,still teacher
845207117426070,8,2024,16,1,18011,48,51,1,2,44,1,1,2,1,1,55,4791.1897,2320,1,1,2025,16,5,48,52,1,2,44,1,2,1,1,50,5186.1481,2310,1,1,1,0,still teacher
044895810641108,8,2024,16,1,18011,48,45,1,1,43,1,2,2,1,1,50,4967.1314,2320,1,1,2025,16,5,48,46,1,1,43,1,2,1,1,40,5128.2078,2320,1,1,1,0,still teacher
470429081412142,8,2024,15,1,18011,49,56,1,2,44,1,3,2,1,1,40,1816.04,2310,1,1,2025,16,5,49,56,1,2,44,1,2,1,1,40,1989.8521,2310,1,1,1,0,still teacher
172001600351685,8,2024,16,4,17011,53,42,1,2,44,1,2,2,1,1,40,3415.7191,2310,1,1,2025,16,8,53,42,1,2,44,1,2,1,2,40,4359.2331,2310,1,1,1,0,still teacher
075063084915473,8,2024,15,4,17011,55,51,1,2,43,1,2,2,1,2,40,4461.4322,2310,1,1,2025,16,8,55,52,1,2,43,1,2,1,1,-4,3961.0084,2310,1,1,1,0,still teacher
557010103597534,8,2024,12,2,17011,55,46,3,2,43,1,1,2,1,1,0,4976.8972,2310,1,1,2025,13,6,55,47,3,2,43,1,2,1,1,40,3870.148,2320,1,1,1,0,still teacher
791000202039554,8,2024,12,4,17011,55,24,6,2,43,1,1,2,1,2,40,4726.367,2310,1,1,2025,11,8,55,25,6,2,43,1,2,1,2,40,4685.4104,2310,1,1,1,0,still teacher
660002028071990,8,2024,13,3,17111,29,23,6,2,43,1,1,2,1,1,40,4365.9484,2310,1,1,2025,12,7,29,24,1,2,43,1,2,1,1,40,8002.7843,2310,1,1,1,0,still teacher
013361067215440,8,2024,11,2,17111,35,72,1,2,44,1,1,2,1,1,35,1181.9728,2310,1,1,2025,16,6,35,73,1,2,44,1,2,1,1,40,1180.5964,2310,1,1,1,0,still teacher
044800016641690,8,2024,12,2,17111,40,75,1,2,42,1,2,2,1,1,40,1763.2805,2310,1,1,2025,11,6,40,77,1,2,41,1,2,1,1,35,1622.4187,2310,1,1,1,0,still teacher
078691710340160,8,2024,15,3,17111,40,30,6,2,43,1,2,2,1,1,40,2632.405,2310,1,1,2025,11,7,40,30,6,2,43,1,2,1,1,-4,2635.5656,2310,1,1,1,0,still teacher
024007073810586,8,2024,11,3,17111,40,28,6,2,40,1,1,2,1,1,40,2886.7093,2300,1,1,2025,14,7,40,29,6,2,40,1,2,1,1,40,3085.5425,2300,1,1,1,0,still teacher
355301010808990,8,2024,9,3,17111,53,62,3,2,40,7,1,2,1,1,20,4244.083,2320,1,1,2025,7,7,53,63,3,2,40,7,2,1,1,15,4973.0412,2722,1,0,0,1,other occupation
106202019211030,8,2024,15,2,17011,1,50,1,2,43,1,1,2,1,1,40,1948.8672,2310,1,1,2025,16,6,1,51,1,2,43,1,2,1,1,40,2023.9577,2310,1,1,1,0,still teacher
724070105464117,8,2024,15,1,18011,12,40,1,2,44,1,2,2,1,1,40,5384.9912,2310,1,1,2025,15,5,12,41,1,2,44,1,2,1,7,-1,7198.19,-1,0,0,0,1,out of labor force
460042091168052,8,2024,11,4,17011,12,74,3,2,39,1,1,1,4,1,40,5317.3336,2300,1,1,2025,11,8,12,74,3,2,39,1,1,4,5,-1,5417.4853,-1,0,0,0,1,out of labor force
527042105241181,8,2024,15,2,17011,12,32,1,2,43,1,2,2,1,1,55,6304.2193,2310,1,1,2025,15,6,12,33,1,2,43,1,2,1,1,40,6699.3067,2310,1,1,1,0,still teacher
032044028018591,8,2024,15,2,17011,28,43,1,1,44,2,2,2,1,1,40,2136.5351,2320,1,1,2025,15,6,28,44,1,1,44,2,2,1,1,40,2346.2525,2320,1,1,1,0,still teacher
980443068041130,8,2024,13,1,18011,33,36,1,2,43,1,2,2,1,1,20,1240.5356,2320,1,1,2025,13,5,33,37,1,2,43,1,2,1,1,15,1391.4469,2320,1,1,1,0,still teacher
093918583010110,8,2024,16,1,18011,33,65,1,2,44,1,1,2,1,1,35,1049.7668,2320,1,1,2025,16,5,33,65,1,2,44,1,2,1,2,40,965.101,2310,1,1,1,0,still teacher
170007200378373,8,2024,15,4,17011,33,28,1,2,44,1,2,2,1,1,37,1130.6829,2310,1,1,2025,15,8,33,29,1,2,44,1,2,1,1,37,1244.5961,2310,1,1,1,0,still teacher
568020104376316,8,2024,14,2,17011,36,53,1,1,43,1,1,2,1,2,40,5442.9299,2310,1,1,2025,15,6,36,53,1,1,43,1,2,1,1,40,4992.8631,2310,1,1,1,0,still teacher
000190362266949,8,2024,15,3,17011,39,33,1,2,43,1,1,2,1,1,-4,4546.0686,2310,1,1,2025,15,7,39,34,1,2,43,1,2,1,1,40,5170.9069,2310,1,1,1,0,still teacher
140144928061271,8,2024,16,1,18011,47,44,1,2,44,1,2,2,1,1,40,4109.7959,2310,1,1,2025,15,5,47,45,1,2,44,1,2,1,1,40,5027.3211,2310,1,1,1,0,still teacher
450645185061602,8,2024,16,4,17011,50,36,1,2,44,1,1,2,1,1,40,497.8065,2310,1,1,2025,16,8,50,37,1,2,44,1,2,1,2,40,529.0297,2310,1,1,1,0,still teacher
450645185061602,8,2024,16,4,17011,50,37,1,1,44,1,2,2,1,1,40,598.2586,2310,1,1,2025,16,8,50,38,1,1,44,1,2,1,2,40,542.5544,2310,1,1,1,0,still teacher
170945925001640,8,2024,14,4,17011,54,55,1,2,44,1,2,2,1,1,40,785.8068,2310,1,1,2025,14,8,54,56,1,2,43,1,2,1,1,40,852.9091,2310,1,1,1,0,still teacher
080044021711065,8,2024,14,4,17111,1,39,1,1,46,1,1,2,1,1,40,2793.346,2310,1,1,2025,15,8,1,40,1,1,46,1,2,1,1,40,2349.4559,2310,1,1,1,0,still teacher
080044021711065,8,2024,14,4,17111,1,38,1,2,44,1,2,2,1,1,40,3295.7334,2310,1,1,2025,15,8,1,39,1,2,44,1,2,1,1,40,2712.7824,2320,1,1,1,0,still teacher
280042914001221,8,2024,12,2,17111,22,48,1,2,44,2,1,2,1,1,40,2653.6583,2320,1,1,2025,12,6,22,49,1,2,44,2,2,1,1,40,2431.6114,2320,1,1,1,0,still teacher
092002077618542,8,2024,13,2,17111,28,38,6,1,43,1,2,2,1,1,40,1830.9325,2310,1,1,2025,14,6,28,39,6,1,43,1,2,1,1,40,2302.5158,2310,1,1,1,0,still teacher
022685410940157,8,2024,15,4,17111,47,51,1,2,46,2,1,2,1,1,45,4408.0708,2320,1,1,2025,15,8,47,52,1,2,46,2,2,1,1,40,4292.1433,2310,1,1,1,0,still teacher
169158501639470,8,2024,16,1,18011,6,32,1,2,44,1,2,2,1,1,40,3625.4148,2330,1,1,2025,14,5,6,33,1,2,44,1,2,1,1,40,4125.2012,2310,1,1,1,0,still teacher
091002010902186,8,2024,16,2,17011,6,45,1,2,43,1,1,2,1,2,40,5244.2351,2310,1,1,2025,16,6,6,46,1,2,43,1,2,1,1,24,4500.4503,2310,1,1,1,0,still teacher
851100636045603,8,2024,14,2,17011,6,56,4,2,44,1,1,2,1,1,40,4484.4893,2310,1,1,2025,14,6,6,57,4,2,44,1,2,1,1,40,4363.5976,2310,1,1,1,0,still teacher
987001101674064,8,2024,14,3,17011,8,59,1,1,44,1,2,2,1,1,16,4293.9965,2310,1,1,2025,15,7,8,60,1,1,44,1,2,1,7,-1,5937.9827,-1,0,0,0,1,out of labor force
100106600639381,8,2024,12,2,17011,16,24,6,2,43,1,1,2,1,1,-4,1286.8677,2320,1,1,2025,12,6,16,25,6,2,43,1,2,1,1,40,1058.1391,2310,1,1,1,0,still teacher
560301676091777,8,2024,15,4,17011,17,41,1,1,43,1,2,2,1,1,44,4925.4968,2310,1,1,2025,16,8,17,42,1,1,43,1,2,1,1,50,5088.697,2320,1,1,1,0,still teacher
911100408314716,8,2024,13,1,18011,17,34,6,2,44,1,1,2,1,1,40,5030.0441,2310,1,1,2025,13,5,17,36,6,2,44,1,2,1,1,40,4486.6827,2300,1,1,1,0,still teacher
083728470110108,8,2024,15,2,17011,18,39,1,2,44,1,1,2,1,1,55,3482.8467,2310,1,1,2025,14,6,18,40,1,2,44,1,2,1,1,50,3968.4224,2310,1,1,1,0,still teacher
001011008319014,8,2024,13,2,17011,19,35,6,2,44,1,1,2,1,1,40,2902.8759,2310,1,1,2025,13,6,19,36,6,2,43,1,2,1,1,40,2393.4145,2310,1,1,1,0,still teacher
997070103144268,8,2024,12,4,17011,29,63,1,1,44,1,1,2,1,1,40,5202.473,2320,1,1,2025,15,8,29,63,1,1,44,1,2,1,1,40,6479.7088,2320,1,1,1,0,still teacher
111973600565973,8,2024,14,3,17011,35,45,4,2,43,1,1,2,1,1,60,1339.6044,2310,1,1,2025,14,7,35,46,4,2,43,1,2,1,1,40,1117.1968,2310,1,1,1,0,still teacher
193336600882853,8,2024,14,2,17011,38,45,1,2,42,4,2,2,5,1,40,505.2599,2300,1,1,2025,15,6,38,46,1,2,43,4,2,5,1,40,570.5038,4600,1,0,0,1,other occupation
105180359155498,8,2024,12,3,17011,38,48,4,2,43,1,1,2,1,1,40,477.0621,2310,1,1,2025,13,7,38,49,4,2,43,1,2,1,1,40,486.5293,2310,1,1,1,0,still teacher
140678041403688,8,2024,7,4,17011,48,52,4,2,40,1,1,2,1,1,40,5408.2777,2300,1,1,2025,5,8,48,53,4,2,40,1,2,1,1,40,4612.9212,2300,1,1,1,0,still teacher
820998041427430,8,2024,13,1,18011,48,27,6,2,43,1,1,2,1,1,75,6547.8374,2320,1,1,2025,13,5,48,28,6,2,43,1,2,1,1,65,5090.0607,2310,1,1,1,0,still teacher
490219061435947,8,2024,12,3,17011,49,44,1,2,40,1,2,2,1,1,29,1746.9613,2310,1,1,2025,13,7,49,46,1,2,40,1,2,1,1,29,1553.5604,2545,1,0,0,1,other occupation
297021109693409,8,2024,1,3,17011,49,31,4,2,44,1,1,1,5,1,40,1652.6153,2310,1,1,2025,14,7,49,32,4,2,44,1,1,5,1,40,1488.9338,2320,1,1,1,0,still teacher
916978025030214,8,2024,16,2,17011,56,44,1,2,41,1,2,2,1,1,40,349.6021,2300,1,1,2025,15,6,56,45,1,2,41,1,2,1,1,40,337.5994,9005,1,0,0,1,other occupation
020037031015391,8,2024,16,3,17111,5,37,1,2,42,1,2,2,1,1,24,1591.9702,2310,1,1,2025,16,7,5,38,1,2,44,1,2,1,1,40,1950.3604,2310,1,1,1,0,still teacher
041007057016754,8,2024,16,2,17111,16,62,1,2,44,1,2,2,1,1,50,1107.4114,2310,1,1,2025,11,6,16,63,1,2,44,1,2,1,5,-1,1080.296,-1,0,0,0,1,out of labor force
001110361314000,8,2024,16,3,17111,31,49,1,2,44,1,2,2,1,1,40,1391.6675,2310,1,1,2025,15,7,31,50,1,2,44,1,2,1,1,40,1353.1457,2310,1,1,1,0,still teacher
720273154041753,8,2024,12,3,17111,35,61,1,2,43,1,1,2,1,1,40,1344.4485,2310,1,1,2025,15,7,35,61,1,2,43,1,2,1,1,30,1313.7417,800,1,0,0,1,other occupation
005180376870336,8,2024,16,3,17111,38,42,1,2,43,3,1,2,1,1,40,722.4583,2310,1,1,2025,16,7,38,43,1,2,43,3,2,1,3,-1,671.6318,2435,0,0,0,1,unemployed
035113037016164,8,2024,16,2,17111,56,42,1,2,44,1,2,2,1,2,40,373.6282,2310,1,1,2025,15,6,56,43,1,2,44,1,2,1,2,40,406.5669,2310,1,1,1,0,still teacher
075025056816534,8,2024,14,4,17111,56,25,1,2,44,1,2,2,1,1,45,479.3513,2310,1,1,2025,15,8,56,26,1,2,44,1,2,1,7,-1,603.5639,2310,0,0,0,1,out of labor force
601006110164730,8,2024,16,4,17011,6,33,1,2,44,1,2,2,4,1,35,4909.2705,2310,1,1,2025,16,8,6,34,1,2,44,1,2,4,1,45,5609.3268,2330,1,1,1,0,still teacher
066072105417030,8,2024,14,1,18011,6,30,6,1,43,1,1,1,1,1,35,4107.6282,2310,1,1,2025,14,5,6,31,6,1,43,1,1,1,1,40,5005.3202,2320,1,1,1,0,still teacher
594001103564067,8,2024,15,2,17011,9,32,1,2,44,1,2,2,1,2,35,4509.8195,2310,1,1,2025,15,6,9,33,1,2,44,1,2,1,2,40,4387.7008,2310,1,1,1,0,still teacher
480551219061822,8,2024,16,3,17011,12,55,1,2,43,1,1,2,1,1,40,4947.7067,2320,1,1,2025,16,7,12,56,1,2,43,1,2,1,1,40,4198.5992,2310,1,1,1,0,still teacher
142499400255301,8,2024,16,3,17011,12,41,1,2,43,1,2,2,1,1,40,4244.1605,2330,1,1,2025,15,7,12,42,1,2,43,1,2,1,1,40,5602.4279,2310,1,1,1,0,still teacher
832380641060013,8,2024,13,3,17011,12,45,1,1,43,1,1,2,1,1,40,4853.4019,2310,1,1,2025,14,7,12,46,1,1,43,1,2,1,1,40,4830.4126,3870,1,0,0,1,other occupation
832380641060013,8,2024,13,3,17011,12,41,1,2,43,1,2,2,1,1,40,4162.067,2320,1,1,2025,14,7,12,43,1,2,43,1,2,1,1,28,5279.9655,2310,1,1,1,0,still teacher
680481969041130,8,2024,15,4,17011,13,43,4,2,42,1,2,2,1,2,40,3275.753,2310,1,1,2025,9,8,13,44,4,2,42,1,2,1,1,-4,3972.2859,2545,1,0,0,1,other occupation
300047061177878,8,2024,15,2,17011,17,30,6,2,42,1,2,1,5,1,40,5020.8783,2310,1,1,2025,12,6,17,31,6,2,40,1,1,5,1,40,5361.3259,2545,1,0,0,1,other occupation
060920660121100,8,2024,16,3,17011,20,53,4,2,43,1,1,2,1,1,40,1834.5377,2310,1,1,2025,16,7,20,54,4,2,43,1,2,1,1,40,2735.9789,2310,1,1,1,0,still teacher
990525091207504,8,2024,16,2,17011,25,41,1,2,44,1,1,2,1,2,40,2778.327,2320,1,1,2025,16,6,25,43,1,2,44,1,2,1,2,40,3377.7568,2310,1,1,1,0,still teacher
005190294155293,8,2024,16,3,17011,29,36,1,2,44,1,2,2,1,1,50,4013.5258,2310,1,1,2025,16,7,29,37,1,2,43,1,2,1,1,40,6399.0513,2310,1,1,1,0,still teacher
063975330133142,8,2024,15,3,17011,32,35,1,2,43,1,2,2,1,1,40,2456.9708,2310,1,1,2025,16,7,32,36,1,2,43,1,2,1,1,37,1472.0771,2330,1,1,1,0,still teacher
053457035715799,8,2024,13,1,18011,35,33,1,2,43,1,1,2,1,1,40,1541.6276,2310,1,1,2025,14,5,35,34,1,2,43,1,2,1,1,-4,1490.4016,2310,1,1,1,0,still teacher
121601400628923,8,2024,14,4,17011,36,51,1,1,44,1,2,1,1,1,40,4120.2689,2320,1,1,2025,14,8,36,52,1,1,44,1,1,1,1,40,7068.4906,2310,1,1,1,0,still teacher
090149071319449,8,2024,12,3,17011,39,28,6,1,43,1,1,2,1,1,40,6230.7842,2320,1,1,2025,13,7,39,29,6,1,43,1,2,1,1,40,6442.1773,2310,1,1,1,0,still teacher
024140073810586,8,2024,15,3,17011,40,56,1,2,43,1,1,1,4,1,40,2703.4635,2300,1,1,2025,16,7,40,57,1,2,43,1,1,4,1,40,3199.6189,2861,1,0,0,1,other occupation
110817800141124,8,2024,15,3,17011,41,47,1,1,45,1,1,2,1,1,50,2463.4659,2320,1,1,2025,16,7,41,48,1,1,44,1,2,1,2,50,2230.3866,2310,1,1,1,0,still teacher
249700015874990,8,2024,16,1,18011,42,58,1,2,44,1,1,2,1,2,40,4725.8966,2330,1,1,2025,16,5,42,59,1,2,44,1,2,1,2,45,5817.7765,2330,1,1,1,0,still teacher
160654612001820,8,2024,15,3,17011,42,39,1,2,44,1,1,2,1,2,38,5448.6958,2320,1,1,2025,15,7,42,39,1,2,44,1,2,1,2,40,5013.5856,2310,1,1,1,0,still teacher
584956764090215,8,2024,16,1,18011,44,63,1,2,44,1,2,2,1,1,40,1087.3599,2310,1,1,2025,14,5,44,64,1,2,43,1,2,1,5,-1,964.4107,-1,0,0,0,1,out of labor force
311100505144846,8,2024,14,1,18011,48,61,1,2,43,1,1,2,1,1,-4,4560.3908,2310,1,1,2025,13,5,48,62,1,2,43,1,2,1,3,-1,4629.1211,2360,0,0,0,1,unemployed
198316354010110,8,2024,15,1,18011,48,52,1,2,43,7,2,2,4,1,50,5303.0203,2320,1,1,2025,15,5,48,53,1,2,43,7,2,4,1,50,5623.854,2310,1,1,1,0,still teacher
028687560940189,8,2024,14,2,17011,49,40,1,2,43,1,2,1,1,1,29,1915.5588,2310,1,1,2025,15,6,49,41,1,2,43,1,1,1,1,29,2370.4272,2545,1,0,0,1,other occupation
005089003210121,8,2024,15,3,17011,50,53,4,2,43,1,1,2,1,1,40,385.648,2310,1,1,2025,15,7,50,53,4,2,43,1,2,1,1,40,405.4911,2310,1,1,1,0,still teacher
005089003210121,8,2024,15,3,17011,50,49,4,2,43,1,2,2,1,1,40,358.2473,2310,1,1,2025,15,7,50,50,4,2,43,1,2,1,1,40,405.4911,2310,1,1,1,0,still teacher
151201116553690,8,2024,16,2,17011,51,53,1,2,43,1,1,2,1,1,50,3961.4216,2310,1,1,2025,16,6,51,54,1,2,43,1,2,1,1,50,4369.2994,2310,1,1,1,0,still teacher
157002012702300,8,2024,15,1,18011,51,54,4,2,44,1,1,2,1,1,70,3791.3022,2310,1,1,2025,16,5,51,55,4,2,44,1,2,1,1,40,3955.6061,2310,1,1,1,0,still teacher
160521400383955,8,2024,15,1,18011,53,77,3,2,44,1,1,2,1,2,-4,3292.9393,2310,1,1,2025,15,5,53,78,3,2,44,1,2,1,5,-1,3458.8182,-1,0,0,0,1,out of labor force
459701114533630,8,2024,13,3,17011,54,45,1,2,43,1,1,2,1,1,40,806.816,2310,1,1,2025,7,7,54,47,1,2,43,1,2,1,1,40,715.0112,5260,1,0,0,1,other occupation
085207014316992,8,2024,14,2,17011,56,35,1,2,44,1,1,2,1,1,40,326.0848,2320,1,1,2025,15,6,56,36,1,2,44,1,2,1,2,40,365.6199,2320,1,1,1,0,still teacher
001110051730234,8,2024,16,1,18111,1,50,1,2,44,3,1,2,1,1,-4,2346.0459,2320,1,1,2025,14,5,1,51,1,2,44,3,2,1,1,30,1695.4183,2320,1,1,1,0,still teacher
080087006911759,8,2024,15,2,17111,1,43,1,2,43,1,2,2,1,1,40,2677.9563,2310,1,1,2025,13,6,1,43,1,2,44,1,2,1,7,-1,2359.0656,-1,0,0,0,1,out of labor force
009222190520172,8,2024,11,4,17111,22,35,6,1,43,1,3,2,1,1,40,2373.0797,2310,1,1,2025,15,8,22,36,6,1,43,1,2,1,1,40,2624.8693,2320,1,1,1,0,still teacher
406060108283452,8,2024,12,3,17111,40,63,2,2,43,1,1,2,1,1,50,2063.4912,2310,1,1,2025,12,7,40,64,2,2,43,1,2,1,1,40,2493.4164,2310,1,1,1,0,still teacher
094082049011058,8,2024,16,4,17111,41,55,4,1,44,1,1,2,1,2,-4,2574.0088,2310,1,1,2025,16,8,41,55,1,1,44,1,2,1,2,45,2264.8189,2320,1,1,1,0,still teacher
094082049011058,8,2024,16,4,17111,41,52,4,2,44,1,2,2,1,2,50,2484.0839,2310,1,1,2025,16,8,41,54,1,2,44,1,2,1,2,50,2205.9282,2310,1,1,1,0,still teacher
055087059214749,8,2024,16,4,17111,54,37,1,2,43,1,2,2,1,1,40,882.3772,2310,1,1,2025,15,8,54,38,1,2,43,1,2,1,1,40,1001.1339,4700,1,0,0,1,other occupation
941500451751408,8,2024,14,1,18011,4,47,6,1,44,1,1,2,1,1,50,4180.9801,2310,1,1,2025,14,5,4,48,6,1,44,1,2,1,1,55,4732.4938,2310,1,1,1,0,still teacher
282930850207126,8,2024,15,2,17011,6,39,1,1,43,1,1,1,1,1,40,5227.47,2310,1,1,2025,15,6,6,39,1,1,43,1,1,1,1,40,7057.2532,2752,1,0,0,1,other occupation
605900314692860,8,2024,15,3,17011,6,59,1,2,44,1,1,1,1,1,50,3946.7237,2310,1,1,2025,15,7,6,60,1,2,44,1,1,1,1,50,4576.4337,2360,1,0,0,1,other occupation
150050800278761,8,2024,13,4,17011,12,26,1,2,43,1,2,2,1,1,40,4450.0924,2310,1,1,2025,13,8,12,28,1,2,44,1,2,1,1,40,5201.9536,2310,1,1,1,0,still teacher
210805117287030,8,2024,15,4,17011,12,62,6,2,43,1,2,2,1,1,40,4455.7411,2310,1,1,2025,11,8,12,63,6,2,43,1,2,1,1,40,4424.8489,2310,1,1,1,0,still teacher
331022106774134,8,2024,14,3,17011,13,36,1,2,43,1,1,2,1,1,40,6122.8137,2310,1,1,2025,14,7,13,37,1,2,43,1,2,1,1,40,4719.4065,2330,1,1,1,0,still teacher
001170167319846,8,2024,14,2,17011,17,52,6,2,44,1,1,2,1,1,40,4402.3602,2310,1,1,2025,13,6,17,52,6,2,44,1,2,1,1,40,4032.8795,2310,1,1,1,0,still teacher
831500904352223,8,2024,12,1,18011,22,59,1,2,44,2,1,2,1,1,40,1960.5638,2310,1,1,2025,15,5,22,60,1,2,44,2,2,1,1,40,1845.6691,2330,1,1,1,0,still teacher
062038047313251,8,2024,15,1,18011,23,47,1,1,43,1,2,2,1,1,40,1653.6053,2310,1,1,2025,15,5,23,48,1,1,43,1,2,1,1,40,1707.5117,440,1,0,0,1,other occupation
024367260920139,8,2024,16,1,18011,29,49,1,1,46,2,1,2,1,1,40,5023.293,2310,1,1,2025,16,5,29,50,1,1,46,2,2,1,1,60,5607.7367,230,1,0,0,1,other occupation
024367260920139,8,2024,16,1,18011,29,46,1,2,46,2,2,2,1,1,40,4267.2608,2310,1,1,2025,16,5,29,47,1,2,46,2,2,1,1,40,4259.6427,2310,1,1,1,0,still teacher
001190276248136,8,2024,15,1,18011,29,36,1,2,40,1,2,2,1,1,40,3740.4074,2300,1,1,2025,14,5,29,37,1,2,40,1,2,1,1,38,4346.226,3422,1,0,0,1,other occupation
022068075519385,8,2024,15,1,18011,29,46,1,2,44,1,2,2,1,1,50,4569.1361,2310,1,1,2025,15,5,29,47,1,2,44,1,2,1,1,50,4238.7904,2310,1,1,1,0,still teacher
460280021319270,8,2024,13,1,18011,30,44,6,2,44,1,1,2,1,1,60,682.9036,2310,1,1,2025,13,5,30,45,6,2,44,1,2,1,1,20,548.077,2310,1,1,1,0,still teacher
073018055810603,8,2024,15,1,18011,30,70,1,1,43,1,1,2,1,2,24,592.3444,2320,1,1,2025,15,5,30,70,1,1,43,1,2,1,2,-4,523.6986,2310,1,1,1,0,still teacher
791100904323138,8,2024,15,1,18011,31,54,1,2,44,1,2,2,1,1,42,1388.8169,2310,1,1,2025,14,5,31,55,1,2,44,1,2,1,1,52,1017.9729,2310,1,1,1,0,still teacher
151042000632383,8,2024,14,1,18011,36,38,6,2,43,4,1,2,1,1,40,5584.8623,2310,1,1,2025,14,5,36,39,6,2,44,4,2,3,1,40,5504.6211,2310,1,1,1,0,still teacher
720853379051970,8,2024,2,3,17011,37,33,6,2,40,2,1,2,1,2,20,4824.9211,2300,1,1,2025,4,7,37,34,6,2,40,2,2,1,7,-1,10569.9243,-1,0,0,0,1,out of labor force
527650784000111,8,2024,13,3,17011,47,51,1,2,44,1,2,2,4,1,40,4390.3559,2310,1,1,2025,13,7,47,52,1,2,44,1,2,4,1,40,4039.5258,2320,1,1,1,0,still teacher
921200402796848,8,2024,15,1,18011,48,47,1,2,42,4,1,2,5,1,40,4798.4993,2310,1,1,2025,16,5,48,48,1,2,43,4,2,5,1,40,5123.5393,2310,1,1,1,0,still teacher
921200402796848,8,2024,15,1,18011,48,20,6,2,40,4,4,2,5,1,20,8880.525,2320,1,1,2025,16,5,48,21,6,2,40,4,2,5,1,40,6450.0053,3649,1,0,0,1,other occupation
094052098518097,8,2024,15,2,17011,48,34,1,1,43,1,1,2,1,1,70,5607.707,2310,1,1,2025,15,6,48,35,1,1,43,1,2,1,1,70,4900.3037,2310,1,1,1,0,still teacher
111456930649158,8,2024,9,4,17011,48,65,4,2,43,4,1,2,4,1,37,9212.3452,2310,1,1,2025,10,8,48,66,4,2,40,4,2,4,1,40,5919.0882,4600,1,0,0,1,other occupation
521300835960846,8,2024,13,4,17011,48,33,4,2,43,1,1,2,1,1,50,5584.2605,2320,1,1,2025,13,8,48,34,4,2,43,1,2,1,1,50,5568.3214,2310,1,1,1,0,still teacher
990155162011311,8,2024,16,1,18011,51,52,4,2,44,1,2,2,1,1,50,4126.553,2300,1,1,2025,16,5,51,53,4,2,44,1,2,1,1,40,4530.4607,2310,1,1,1,0,still teacher
203130543248252,8,2024,15,1,18011,53,34,1,2,44,1,2,2,1,1,20,4447.1927,2300,1,1,2025,16,5,53,35,1,2,44,1,2,1,1,20,5104.7414,2300,1,1,1,0,still teacher
512430850070019,8,2024,15,1,18111,2,35,1,1,43,1,2,2,1,1,55,625.849,2310,1,1,2025,14,5,2,36,1,1,43,1,2,1,7,-1,634.9989,-1,0,0,0,1,out of labor force
060231975021816,8,2024,14,1,18111,11,74,4,2,42,2,1,2,1,1,40,664.2817,2310,1,1,2025,14,5,11,75,4,2,42,2,2,1,2,50,411.5444,2300,1,1,1,0,still teacher
190417100676631,8,2024,14,3,17111,16,49,4,2,42,1,1,2,3,1,40,1031.0177,2310,1,1,2025,14,7,16,50,4,2,42,1,2,3,1,40,1093.167,2360,1,0,0,1,other occupation
072026029912800,8,2024,8,1,18111,22,32,6,2,42,2,1,2,1,1,40,2335.9128,2300,1,1,2025,8,5,22,33,6,2,42,2,2,1,1,40,2257.5072,2300,1,1,1,0,still teacher
090484001302590,8,2024,14,2,17111,34,53,1,2,44,1,1,2,1,2,30,4498.5164,2310,1,1,2025,15,6,34,55,1,2,44,1,2,1,2,38,4928.3434,2310,1,1,1,0,still teacher
010951090231108,8,2024,15,1,18111,38,44,1,2,42,1,7,2,1,1,38,518.2105,2300,1,1,2025,15,5,38,45,1,2,43,1,2,1,1,40,497.9868,3422,1,0,0,1,other occupation
024075012510043,8,2024,12,1,18111,40,56,4,2,43,1,1,2,1,1,40,2717.2119,2310,1,1,2025,12,5,40,57,4,2,43,1,2,1,1,37,2716.8076,2310,1,1,1,0,still teacher
245092101331565,8,2024,13,3,17111,54,58,1,2,43,1,3,2,1,1,40,803.0381,2320,1,1,2025,14,7,54,59,1,2,44,1,2,1,1,40,742.5406,2310,1,1,1,0,still teacher
791000219112315,8,2024,15,3,17011,13,38,1,2,44,6,1,2,1,1,45,6464.8336,2310,1,1,2025,15,7,13,39,1,2,44,6,2,1,1,50,4664.0819,2310,1,1,1,0,still teacher
001130128378270,8,2024,16,2,17011,13,46,5,1,45,2,1,2,1,1,50,6834.4577,2310,1,1,2025,16,6,13,47,5,1,44,2,2,1,1,40,6556.7688,2310,1,1,1,0,still teacher
923542701060010,8,2024,16,3,17011,13,37,1,2,43,1,2,2,1,2,45,5981.4357,2310,1,1,2025,16,7,13,38,1,2,43,1,2,1,2,45,4272.7474,2310,1,1,1,0,still teacher
531900206062222,8,2024,14,2,17011,22,51,6,2,44,2,2,2,1,1,40,1966.9976,2330,1,1,2025,15,6,22,52,6,2,44,2,2,1,1,40,1972.1131,2330,1,1,1,0,still teacher
073217063416058,8,2024,9,1,18011,36,29,1,2,39,1,1,2,1,1,20,5854.6173,2300,1,1,2025,11,5,36,30,1,2,39,1,2,1,1,20,6059.4632,2300,1,1,1,0,still teacher
637807111746050,8,2024,16,1,18011,36,42,1,2,44,1,2,2,1,2,40,6690.6502,2310,1,1,2025,16,5,36,43,1,2,44,1,2,1,2,40,4778.8232,2310,1,1,1,0,still teacher
751439680020016,8,2024,15,4,17111,1,47,1,2,44,2,2,2,1,1,40,2979.6368,2310,1,1,2025,16,8,1,48,1,2,44,2,2,1,1,40,2881.918,2310,1,1,1,0,still teacher
607221711180800,8,2024,16,4,17011,6,52,6,2,43,7,1,1,1,1,40,4798.5835,2310,1,1,2025,15,8,6,53,6,2,43,7,1,1,1,40,5120.3811,2310,1,1,1,0,still teacher
941900403825806,8,2024,16,1,18011,8,55,1,2,44,1,1,2,1,1,45,4589.8652,2330,1,1,2025,16,5,8,56,1,2,44,1,2,1,1,40,3920.0063,2330,1,1,1,0,still teacher
590231685041270,8,2024,16,1,18011,17,57,1,2,44,1,1,2,1,2,40,4843.4388,2310,1,1,2025,14,5,17,58,1,2,45,1,2,1,5,-1,3989.7668,-1,0,0,0,1,out of labor force
040419430620127,8,2024,16,4,17011,27,44,1,2,44,1,2,2,1,2,40,3022.3145,2330,1,1,2025,16,8,27,45,1,2,44,1,2,1,1,40,4117.0234,2330,1,1,1,0,still teacher
838809114185920,8,2024,14,1,18011,38,55,1,1,43,1,1,2,1,1,40,460.7422,2330,1,1,2025,14,5,38,56,1,1,43,1,2,1,1,40,241.0284,2310,1,1,1,0,still teacher
121242454030017,8,2024,16,3,17011,41,50,1,1,44,1,1,2,1,1,40,2683.5665,2320,1,1,2025,16,7,41,51,4,1,44,1,2,1,1,40,2317.6573,2310,1,1,1,0,still teacher
120165900337385,8,2024,11,1,18011,53,39,1,2,40,1,1,2,1,1,40,3850.9867,2310,1,1,2025,16,5,53,40,1,2,40,1,2,1,1,40,4301.843,2545,1,0,0,1,other occupation
058869510911185,8,2024,16,4,17111,15,55,1,2,43,4,2,2,1,1,40,821.3661,2310,1,1,2025,16,8,15,56,1,2,43,4,2,1,1,40,751.2479,2310,1,1,1,0,still teacher
860712071109939,8,2024,15,4,17011,12,68,1,1,44,1,1,2,1,1,40,4912.5643,2310,1,1,2025,14,8,12,68,1,1,44,1,2,1,1,40,4572.5932,2310,1,1,1,0,still teacher
860712071109939,8,2024,15,4,17011,12,41,1,2,43,1,2,2,1,1,40,4717.1453,2310,1,1,2025,14,8,12,42,1,2,43,1,2,1,1,40,4466.7188,2310,1,1,1,0,still teacher
318608013269180,8,2024,16,1,18011,13,52,1,2,44,1,1,2,1,1,50,4445.8949,2310,1,1,2025,15,5,13,53,1,2,43,1,2,1,1,40,4418.242,2310,1,1,1,0,still teacher
223020101041291,8,2024,10,4,17011,22,30,1,2,43,1,1,1,1,1,40,2210.658,2320,1,1,2025,12,8,22,31,1,2,35,1,1,5,1,40,1780.4863,2545,1,0,0,1,other occupation
223020101041291,8,2024,10,4,17011,22,31,1,1,43,1,2,1,5,1,40,1752.7395,2320,1,1,2025,12,8,22,31,1,1,43,1,1,5,1,40,2521.4095,2320,1,1,1,0,still teacher
180020200808852,8,2024,16,3,17011,28,53,1,2,43,1,3,2,1,1,40,1374.9252,2310,1,1,2025,16,7,28,54,1,2,43,1,2,1,1,40,1660.9238,2310,1,1,1,0,still teacher
291700308080829,8,2024,16,2,17011,28,46,1,2,44,1,1,2,1,1,40,1622.1794,2330,1,1,2025,16,6,28,47,1,2,44,1,2,1,1,40,1244.3181,2330,1,1,1,0,still teacher
023059016217010,8,2024,9,2,17011,37,33,6,2,43,1,1,2,1,1,40,5031.1223,2310,1,1,2025,9,6,37,34,6,2,43,1,2,1,1,40,3799.3546,2310,1,1,1,0,still teacher
735405016869540,8,2024,14,4,17011,37,53,1,1,43,1,2,2,1,1,40,4464.6735,2310,1,1,2025,14,8,37,55,1,1,43,1,2,1,1,40,4307.5792,2310,1,1,1,0,still teacher
113002500428964,8,2024,8,3,17011,44,39,1,2,44,1,2,2,1,2,40,1558.2205,2310,1,1,2025,14,7,44,40,1,2,44,1,2,1,2,40,1424.1512,2310,1,1,1,0,still teacher
108150406773454,8,2024,11,4,17011,45,31,1,2,43,1,2,2,1,1,40,2983.6237,2310,1,1,2025,14,8,45,32,1,2,43,1,2,1,1,40,3158.5208,2300,1,1,1,0,still teacher
120655031400256,8,2024,16,2,17011,45,46,1,2,44,1,1,2,1,1,40,3469.6859,2310,1,1,2025,16,6,45,47,1,2,44,1,2,1,1,40,3137.4577,2310,1,1,1,0,still teacher
411200812416749,8,2024,15,1,18011,47,49,1,1,44,1,2,1,1,1,40,5606.9636,2320,1,1,2025,15,5,47,50,1,1,44,1,1,1,1,40,5195.958,2310,1,1,1,0,still teacher
130761091515314,8,2024,15,3,17011,51,80,3,2,43,2,1,2,1,2,-4,4771.2492,2310,1,1,2025,15,7,51,80,3,2,44,2,2,1,1,40,5446.6219,2310,1,1,1,0,still teacher
170519600263752,8,2024,16,1,18111,22,42,1,2,44,1,2,2,1,1,40,1448.9603,2310,1,1,2025,16,5,22,43,1,2,44,1,2,1,1,40,1593.5893,2310,1,1,1,0,still teacher
000120277831814,8,2024,13,4,17111,22,47,1,2,43,2,2,2,1,1,40,2433.2717,2310,1,1,2025,12,8,22,48,1,2,43,2,2,1,1,40,1909.7519,2310,1,1,1,0,still teacher
395824832070016,8,2024,16,2,17111,25,38,1,2,44,1,1,2,1,1,40,2711.8388,2330,1,1,2025,15,6,25,39,1,2,45,1,2,1,1,40,4048.0709,1010,1,0,0,1,other occupation
065964860201126,8,2024,16,1,18011,6,59,1,2,41,1,2,2,4,1,40,4561.8214,2310,1,1,2025,14,5,6,59,1,2,41,1,2,4,1,40,4968.6258,2300,1,1,1,0,still teacher
891900109959813,8,2024,14,2,17011,18,44,1,2,44,1,1,1,2,1,40,3709.5774,2320,1,1,2025,13,6,18,45,1,2,44,1,1,2,1,40,4897.3662,2360,1,0,0,1,other occupation
082111022110914,8,2024,15,1,18011,20,43,1,2,43,1,2,2,1,1,40,2199.721,2300,1,1,2025,15,5,20,45,1,2,43,1,2,1,1,40,1940.9162,2300,1,1,1,0,still teacher
690362333081370,8,2024,15,2,17011,27,40,1,2,43,1,1,2,1,1,40,3615.8154,2310,1,1,2025,16,6,27,41,1,2,43,1,2,1,2,40,3756.6368,2310,1,1,1,0,still teacher
063174002311484,8,2024,14,1,18011,31,26,6,1,44,1,1,2,1,1,40,1277.6873,2320,1,1,2025,15,5,31,27,6,1,44,1,2,1,1,40,1357.54,2330,1,1,1,0,still teacher
120206061416013,8,2024,12,4,17011,46,34,6,2,43,1,1,2,1,1,40,836.7925,2320,1,1,2025,12,8,46,35,6,2,43,1,2,1,1,45,925.6138,2320,1,1,1,0,still teacher
840302417947840,8,2024,12,2,17011,48,40,1,2,43,4,1,2,4,2,15,4280.1524,2300,1,1,2025,16,6,48,41,1,2,43,4,2,4,1,15,3419.4415,2300,1,1,1,0,still teacher
979929594050315,8,2024,15,4,17012,49,39,1,2,44,4,2,2,1,1,50,1778.5773,2310,1,1,2025,16,8,49,40,1,2,44,4,2,1,1,40,1790.4121,2310,1,1,1,0,still teacher
658704113452230,8,2024,15,1,18011,56,35,1,2,40,1,2,2,1,1,30,398.0929,2320,1,1,2025,8,5,56,36,1,2,40,1,2,1,1,40,407.3656,440,1,0,0,1,other occupation
900516061506065,8,2024,15,1,18011,56,55,1,1,44,1,1,2,1,1,40,475.2683,2320,1,1,2025,16,5,56,56,1,1,44,1,2,1,1,40,509.2375,2310,1,1,1,0,still teacher
003110379366395,8,2024,15,3,17111,31,53,1,2,46,1,1,2,1,1,30,1649.1107,2310,1,1,2025,15,7,31,54,1,2,46,1,2,1,1,-4,1278.3705,2310,1,1,1,0,still teacher
910003215091081,8,2024,16,1,18111,38,55,1,2,44,1,2,2,1,2,45,435.145,2310,1,1,2025,15,5,38,56,1,2,43,1,2,1,2,40,518.6227,2310,1,1,1,0,still teacher
959558743080110,8,2024,14,2,17011,39,52,1,2,43,1,1,2,1,1,25,3963.5624,2300,1,1,2025,13,6,39,53,1,2,43,1,2,1,2,25,4213.0533,2300,1,1,1,0,still teacher
201130153194588,8,2024,15,2,17011,13,62,1,2,41,1,1,2,1,1,20,4843.1007,2300,1,1,2025,15,6,13,62,1,2,41,1,2,1,5,-1,4156.2732,-1,0,0,0,1,out of labor force
302150161552989,8,2024,12,1,18011,15,46,6,1,43,15,1,2,1,1,40,837.6121,2320,1,1,2025,14,5,15,47,6,1,43,15,2,1,1,40,1020.7213,2310,1,1,1,0,still teacher
815950232090015,8,2024,5,1,18011,25,61,4,2,43,1,1,2,1,2,37,3079.7667,2330,1,1,2025,16,5,25,62,4,2,43,1,2,1,2,49,2640.7073,2330,1,1,1,0,still teacher
000140353894588,8,2024,16,2,17011,34,42,1,2,44,1,1,2,1,1,40,5797.3082,2310,1,1,2025,15,6,34,43,1,2,44,1,2,1,1,40,7293.4021,725,1,0,0,1,other occupation
101160535917059,8,2024,14,3,17111,56,36,1,1,43,1,1,2,1,2,40,375.2082,2310,1,1,2025,14,7,56,38,1,1,43,1,2,1,2,40,383.1074,2001,1,0,0,1,other occupation
007110090514790,12,2024,15,2,18011,1,42,6,2,44,1,2,2,1,1,40,3111.7614,2330,1,1,2025,15,6,1,43,6,2,44,1,2,1,1,40,3400.1388,2310,1,1,1,0,still teacher
005742470501129,12,2024,14,1,18011,9,47,6,2,44,1,2,2,1,1,60,4334.2182,2310,1,1,2025,15,5,9,48,6,2,44,1,2,1,1,50,4040.7554,2310,1,1,1,0,still teacher
590831285061621,12,2024,16,4,18011,12,44,1,1,43,1,1,2,1,1,40,5268.3535,2310,1,1,2025,16,8,12,45,1,1,43,1,2,1,1,40,6305.1072,2310,1,1,1,0,still teacher
219600414102480,12,2024,14,3,18011,12,34,4,1,43,1,2,2,1,1,40,5285.2173,2310,1,1,2025,14,7,12,35,4,1,43,1,2,1,1,40,4835.513,2310,1,1,1,0,still teacher
960561731081824,12,2024,9,4,18011,12,71,1,2,41,1,2,2,4,1,40,4191.9116,2310,1,1,2025,10,8,12,72,1,2,41,1,2,4,5,-1,3993.0696,-1,0,0,0,1,out of labor force
623432331070115,12,2024,14,3,18011,13,51,4,2,46,1,1,2,1,1,40,5282.9738,2310,1,1,2025,14,7,13,52,4,2,46,1,2,1,1,45,6149.2417,2310,1,1,1,0,still teacher
930903001109317,12,2024,15,3,18011,13,44,1,2,43,1,1,2,1,1,40,4655.8395,2310,1,1,2025,15,7,13,45,1,2,43,1,2,1,1,40,5580.2811,2310,1,1,1,0,still teacher
100175900387761,12,2024,16,3,18011,13,40,1,2,44,1,2,2,1,1,45,5817.3474,2310,1,1,2025,16,7,13,41,1,2,44,1,2,1,1,40,5528.5844,2310,1,1,1,0,still teacher
671200211702426,12,2024,15,4,18011,24,34,1,2,44,1,2,2,1,1,33,4754.1504,2310,1,1,2025,15,8,24,36,1,2,44,1,2,1,1,34,6157.2251,2310,1,1,1,0,still teacher
008161060521105,12,2024,2,2,18011,25,61,1,2,44,1,2,2,1,1,40,2693.1352,2310,1,1,2025,12,6,25,62,1,2,44,1,2,1,1,40,2997.2625,2330,1,1,1,0,still teacher
009180206464430,12,2024,15,2,18011,28,28,1,2,43,1,1,2,1,1,40,1873.8409,2310,1,1,2025,15,6,28,29,1,2,43,1,2,1,1,40,1560.0508,2310,1,1,1,0,still teacher
106130396126367,12,2024,14,2,18011,33,42,1,1,43,1,2,2,1,1,42,1405.742,2320,1,1,2025,15,6,33,43,1,1,43,1,2,1,1,40,1580.9434,2310,1,1,1,0,still teacher
106130385169682,12,2024,16,4,18011,33,55,1,2,44,1,2,2,1,1,40,1037.2454,2310,1,1,2025,16,8,33,55,1,2,44,1,2,1,1,40,1354.5434,2320,1,1,1,0,still teacher
106130385169682,12,2024,16,4,18011,33,25,6,1,43,1,3,2,1,1,40,1424.4255,2320,1,1,2025,16,8,33,26,6,1,43,1,2,1,1,40,1510.6766,2320,1,1,1,0,still teacher
008140385919865,12,2024,15,3,18011,34,56,1,2,43,4,2,2,4,1,35,5197.0793,2330,1,1,2025,15,7,34,57,1,2,43,4,2,4,1,35,4821.0191,2330,1,1,1,0,still teacher
980483132041940,12,2024,15,1,18011,34,34,1,2,42,1,1,1,4,1,35,4203.7003,2310,1,1,2025,15,5,34,34,1,2,42,1,1,4,1,-4,4494.7819,2360,1,0,0,1,other occupation
000880520233106,12,2024,12,4,18011,36,32,6,2,41,2,2,2,1,1,40,6853.1363,2310,1,1,2025,9,8,36,34,6,2,41,2,2,1,1,35,6890.3393,2310,1,1,1,0,still teacher
302160354462902,12,2024,14,2,18011,36,46,6,2,44,2,1,2,4,1,-4,5175.8521,2310,1,1,2025,14,6,36,47,6,2,44,2,2,4,1,60,6546.0709,2310,1,1,1,0,still teacher
276116823080316,12,2024,12,2,18011,36,28,6,1,43,1,1,2,1,1,40,5243.7396,2310,1,1,2025,12,6,36,29,6,1,43,1,2,1,1,40,6017.7081,2545,1,0,0,1,other occupation
634308316042570,12,2024,16,1,18011,36,33,1,2,44,1,2,2,1,1,40,5344.4873,2330,1,1,2025,14,5,36,35,1,2,44,1,2,1,7,-1,8378.7804,-1,0,0,0,1,out of labor force
368032103594303,12,2024,13,3,18011,36,53,6,2,41,1,1,1,4,1,36,5095.8948,2310,1,1,2025,13,7,36,54,6,2,41,1,1,4,1,36,7088.6272,2310,1,1,1,0,still teacher
190192300639193,12,2024,6,3,18011,36,51,1,2,44,1,2,2,1,1,40,4498.4249,2310,1,1,2025,6,7,36,52,1,2,44,1,2,1,7,-1,5601.4947,-1,0,0,0,1,out of labor force
961900209811738,12,2024,16,2,18011,37,42,1,1,44,1,1,2,1,1,40,3818.6699,2310,1,1,2025,14,6,37,43,1,1,44,1,2,1,1,40,4129.2221,2320,1,1,1,0,still teacher
047265943070016,12,2024,14,4,18011,37,42,5,2,43,3,1,2,1,1,40,5962.5766,2330,1,1,2025,16,8,37,43,5,2,43,3,2,1,7,-1,3365.0521,-1,0,0,0,1,out of labor force
170205900914323,12,2024,15,4,18011,39,34,1,2,44,1,1,2,1,1,50,5746.3003,2310,1,1,2025,16,8,39,35,1,2,44,1,2,1,1,50,7096.6494,2310,1,1,1,0,still teacher
160626400553884,12,2024,7,3,18011,45,19,6,2,40,1,3,1,1,1,16,3468.7118,2310,1,1,2025,7,7,45,20,6,2,40,1,1,1,7,-1,5849.6592,-1,0,0,0,1,out of labor force
170907600594904,12,2024,14,1,18011,45,71,3,2,44,1,1,1,4,1,40,4369.905,2310,1,1,2025,14,5,45,72,3,2,44,1,1,4,1,38,3688.8606,2545,1,0,0,1,other occupation
778000107843462,12,2024,16,2,18011,47,53,1,2,44,1,1,2,1,1,45,4751.2918,2320,1,1,2025,16,6,47,54,1,2,44,1,2,1,1,50,3714.1398,2320,1,1,1,0,still teacher
005746470550150,12,2024,12,4,18011,50,39,1,2,44,1,2,2,1,1,38,674.0115,2310,1,1,2025,14,8,50,39,1,2,44,1,2,1,1,50,889.4125,2310,1,1,1,0,still teacher
011000006140154,12,2024,15,2,18011,51,47,4,1,44,1,1,2,1,1,40,5151.1764,2320,1,1,2025,15,6,51,48,4,1,44,1,2,1,1,50,4849.0601,2310,1,1,1,0,still teacher
112507619124550,12,2024,14,1,18111,11,39,6,2,44,1,1,2,1,1,40,440.877,2310,1,1,2025,15,5,11,40,6,2,44,1,2,1,1,45,483.3487,2310,1,1,1,0,still teacher
007120243501743,12,2024,13,2,18111,22,28,1,2,43,2,1,2,1,1,40,2657.174,2310,1,1,2025,14,6,22,29,1,2,43,2,2,1,1,40,4698.5913,2310,1,1,1,0,still teacher
640352146031250,12,2024,13,3,18111,25,28,6,2,43,1,1,2,1,1,40,3320.5324,2310,1,1,2025,13,7,25,29,6,2,43,1,2,1,1,32,3870.7084,2310,1,1,1,0,still teacher
671100504554452,12,2024,15,1,18111,54,68,1,2,44,1,2,2,1,1,-4,837.4242,2310,1,1,2025,13,5,54,68,1,2,44,1,2,1,5,-1,911.3384,-1,0,0,0,1,out of labor force
521800910440455,12,2024,12,1,18111,54,22,1,2,43,1,2,2,1,1,40,1271.7268,2310,1,1,2025,12,5,54,23,1,2,44,1,2,1,1,40,1121.9262,2310,1,1,1,0,still teacher
245011104117541,12,2024,16,2,18111,54,51,1,2,44,1,2,2,1,1,38,837.3971,2310,1,1,2025,16,6,54,52,1,2,44,1,2,1,1,40,922.7877,2310,1,1,1,0,still teacher
141642000242351,12,2024,16,3,18011,12,45,1,2,46,1,1,2,1,1,50,4330.2036,2310,1,1,2025,16,7,12,46,1,2,46,1,2,1,1,40,5284.8807,2310,1,1,1,0,still teacher
951800416797217,12,2024,15,4,18011,12,52,1,2,43,1,1,2,1,1,40,4461.4286,2330,1,1,2025,14,8,12,53,1,2,43,1,2,1,1,40,4850.2868,2310,1,1,1,0,still teacher
437011108020112,12,2024,12,4,18011,13,55,1,2,44,4,2,2,4,1,40,5633.4469,2300,1,1,2025,15,8,13,55,1,2,44,4,2,4,1,40,4838.0017,2300,1,1,1,0,still teacher
003130120315160,12,2024,12,3,18011,13,48,4,2,44,1,1,2,1,1,40,5396.1169,2310,1,1,2025,12,7,13,49,4,2,44,1,2,1,1,45,5120.1318,2310,1,1,1,0,still teacher
290317031109864,12,2024,15,4,18011,17,40,1,2,44,1,2,2,1,1,40,5230.4246,2310,1,1,2025,15,8,17,41,1,2,44,1,2,1,1,40,4961.4326,2310,1,1,1,0,still teacher
007110243448252,12,2024,14,3,18011,21,66,1,2,44,1,2,2,1,1,60,3628.3544,2310,1,1,2025,14,7,21,67,1,2,44,1,2,1,1,40,3723.252,2310,1,1,1,0,still teacher
391200500955628,12,2024,16,3,18011,26,41,1,2,44,1,2,2,1,1,40,4336.8046,2320,1,1,2025,16,7,26,42,1,2,44,1,2,1,1,40,4617.0635,2320,1,1,1,0,still teacher
627607015529100,12,2024,15,4,18011,26,30,6,1,43,1,2,2,1,1,40,4724.3631,2310,1,1,2025,15,8,26,31,1,1,43,1,2,1,1,40,5555.2374,2310,1,1,1,0,still teacher
190990000834682,12,2024,11,4,18011,28,49,4,2,44,2,1,2,1,1,40,2578.7758,2310,1,1,2025,12,8,28,50,4,2,44,2,2,1,1,40,2282.7325,2310,1,1,1,0,still teacher
671600201161439,12,2024,16,3,18011,34,47,1,1,43,2,1,2,1,1,40,9681.6879,2310,1,1,2025,16,7,34,48,1,1,43,2,2,1,1,40,9654.1553,2310,1,1,1,0,still teacher
026874250031119,12,2024,16,4,18011,39,45,1,2,44,1,2,2,1,1,45,5454.2536,2310,1,1,2025,16,8,39,46,1,2,44,1,2,1,1,45,4968.4294,2320,1,1,1,0,still teacher
086968990040160,12,2024,15,4,18011,40,34,1,2,41,1,1,2,1,1,40,2442.1233,2300,1,1,2025,15,8,40,35,1,2,42,1,2,1,1,40,2733.0103,4600,1,0,0,1,other occupation
108120490315553,12,2024,15,3,18011,42,39,1,2,44,1,1,2,1,1,-4,4537.357,2320,1,1,2025,15,7,42,40,1,2,44,1,2,1,1,40,6029.3826,2320,1,1,1,0,still teacher
841800526466441,12,2024,3,3,18011,44,67,4,2,44,1,1,2,1,1,20,1015.7249,2310,1,1,2025,3,7,44,68,4,2,44,1,2,1,1,-4,1123.7007,2310,1,1,1,0,still teacher
054270090118824,12,2024,15,4,18011,48,60,6,1,40,2,2,2,1,1,40,6148.691,2320,1,1,2025,15,8,48,61,6,1,40,2,2,1,1,40,6141.0967,2722,1,0,0,1,other occupation
065168085910956,12,2024,14,4,18011,50,70,1,2,44,1,2,2,1,1,16,447.0109,2310,1,1,2025,14,8,50,71,1,2,44,1,2,1,5,-1,380.1667,2360,0,0,0,1,out of labor force
350013091309230,12,2024,14,3,18111,33,26,1,2,44,1,1,2,1,1,35,1278.8573,2310,1,1,2025,14,7,33,27,1,2,44,1,2,1,1,40,1062.3678,2320,1,1,1,0,still teacher
420115011406020,12,2024,15,3,18111,45,50,1,2,43,4,2,2,1,1,40,3295.0253,2310,1,1,2025,15,7,45,51,1,2,43,4,2,1,1,40,2907.8689,2310,1,1,1,0,still teacher
050232091712422,12,2024,16,2,18011,2,61,1,2,44,1,2,2,1,1,-4,386.42,2310,1,1,2025,16,6,2,62,1,2,44,1,2,1,1,30,471.051,2360,1,0,0,1,other occupation
380460670011444,12,2024,16,1,18011,4,25,6,2,43,1,7,2,1,1,40,5032.8501,2310,1,1,2025,16,5,4,26,6,2,43,1,2,1,1,40,6794.488,2360,1,0,0,1,other occupation
406201511672930,12,2024,15,4,18011,4,35,1,2,44,1,2,2,1,1,25,4704.8725,2320,1,1,2025,15,8,4,36,1,2,44,1,2,1,1,35,4999.5765,2310,1,1,1,0,still teacher
260550488061150,12,2024,15,1,18011,5,50,1,2,44,1,2,2,1,1,45,1271.7768,2320,1,1,2025,16,5,5,50,1,2,44,1,2,1,1,45,1428.8553,2310,1,1,1,0,still teacher
290280514011750,12,2024,13,3,18011,5,23,6,2,43,1,3,2,1,1,40,1864.6801,2310,1,1,2025,13,7,5,24,6,2,43,1,2,1,1,-4,1684.9029,2310,1,1,1,0,still teacher
768040109977009,12,2024,9,4,18011,6,34,6,1,43,1,2,1,1,1,35,6198.1165,2310,1,1,2025,8,8,6,35,6,1,43,1,1,1,1,40,6037.0222,2360,1,0,0,1,other occupation
941856091081907,12,2024,16,3,18011,6,54,1,2,43,1,2,1,1,1,40,3220.6997,2310,1,1,2025,16,7,6,55,1,2,43,1,1,1,1,40,3954.9783,2310,1,1,1,0,still teacher
580480283191269,12,2024,15,4,18011,6,38,1,2,43,1,2,2,1,1,40,3918.4604,2310,1,1,2025,15,8,6,39,1,2,43,1,2,1,1,40,5187.8268,2310,1,1,1,0,still teacher
666091124262053,12,2024,16,2,18011,6,32,6,2,43,4,1,1,1,1,40,5208.8068,2300,1,1,2025,14,6,6,33,6,2,43,4,1,1,1,40,6599.4121,2310,1,1,1,0,still teacher
206160010319009,12,2024,16,4,18011,6,48,1,2,44,1,2,1,1,1,40,3883.3997,2310,1,1,2025,16,8,6,49,1,2,43,1,1,1,1,40,4381.7603,2310,1,1,1,0,still teacher
636550760010215,12,2024,16,1,18011,6,48,1,2,43,1,1,1,1,1,40,4799.3305,2330,1,1,2025,15,5,6,49,1,2,43,1,1,1,1,40,5897.7561,2330,1,1,1,0,still teacher
860016051025316,12,2024,15,1,18011,6,42,4,2,44,1,1,2,1,1,50,4627.7779,2310,1,1,2025,15,5,6,43,4,2,44,1,2,1,1,50,5340.1495,2310,1,1,1,0,still teacher
000009065716991,12,2024,14,1,18011,6,55,6,2,43,1,1,2,1,1,40,4407.3661,2310,1,1,2025,14,5,6,56,6,2,43,1,2,1,1,35,4529.8854,2310,1,1,1,0,still teacher
061041108598016,12,2024,16,1,18011,6,50,1,2,43,1,2,1,1,1,40,3918.7365,2310,1,1,2025,16,5,6,51,1,2,43,1,1,1,1,40,4359.9193,2310,1,1,1,0,still teacher
007180099597595,12,2024,16,3,18011,8,59,1,2,44,1,1,2,1,1,16,4459.7717,2310,1,1,2025,16,7,8,60,1,2,44,1,2,1,1,15,5870.1616,2360,1,0,0,1,other occupation
550188061005143,12,2024,15,1,18011,8,34,1,2,39,1,1,1,1,1,40,5036.9035,2300,1,1,2025,14,5,8,35,1,2,39,1,1,1,1,40,7770.9513,705,1,0,0,1,other occupation
000180000711741,12,2024,16,3,18011,8,49,1,2,43,1,2,2,1,1,40,3939.7676,2320,1,1,2025,16,7,8,50,1,2,43,1,2,1,1,50,7750.6664,2320,1,1,1,0,still teacher
031370092715085,12,2024,13,1,18011,15,56,6,2,44,4,1,2,1,1,-4,788.336,2310,1,1,2025,13,5,15,57,6,2,44,4,2,1,1,40,981.4952,2310,1,1,1,0,still teacher
130206100775041,12,2024,15,2,18011,17,46,1,2,44,1,1,2,1,1,50,3780.9281,2310,1,1,2025,16,6,17,47,1,2,44,1,2,1,1,40,4255.2618,2300,1,1,1,0,still teacher
000422993091061,12,2024,15,3,18011,26,55,1,2,43,1,4,2,1,1,40,5219.2073,2310,1,1,2025,15,7,26,56,1,2,43,1,2,1,1,20,4544.629,2360,1,0,0,1,other occupation
064367900420136,12,2024,13,2,18011,26,61,1,2,44,1,2,2,1,1,50,4171.3694,2310,1,1,2025,15,6,26,61,1,2,44,1,2,1,1,50,4646.6856,2360,1,0,0,1,other occupation
546651422050212,12,2024,11,1,18011,26,76,3,2,40,1,1,2,4,1,35,4400.5412,2310,1,1,2025,14,5,26,77,3,2,44,1,2,4,5,-1,4791.9246,-1,0,0,0,1,out of labor force
725302014126740,12,2024,14,4,18011,27,38,6,1,43,1,1,2,1,1,40,5157.9168,2320,1,1,2025,14,8,27,39,6,1,44,1,2,1,1,40,6758.0033,2320,1,1,1,0,still teacher
140840500778382,12,2024,15,4,18011,27,37,1,2,44,1,1,2,1,1,40,3877.3637,2320,1,1,2025,15,8,27,38,1,2,44,1,2,1,1,40,8083.3986,2320,1,1,1,0,still teacher
071400704248929,12,2024,14,3,18011,29,43,1,2,44,1,2,2,1,1,36,4254.9872,2300,1,1,2025,14,7,29,44,1,2,44,1,2,1,1,36,4686.3808,2300,1,1,1,0,still teacher
740679001200250,12,2024,16,2,18011,29,54,1,2,44,1,2,2,1,1,40,4300.6792,2310,1,1,2025,16,6,29,55,1,2,44,1,2,1,1,40,3789.2217,2310,1,1,1,0,still teacher
250255021345784,12,2024,15,1,18011,35,27,1,2,43,1,2,1,1,1,36,1921.1425,2310,1,1,2025,15,5,35,28,1,2,43,1,1,1,1,40,1303.3553,2310,1,1,1,0,still teacher
619080102494438,12,2024,16,1,18011,41,24,6,1,44,1,2,2,1,1,40,3672.9727,2310,1,1,2025,15,5,41,26,6,1,44,1,2,1,1,40,3159.5092,2310,1,1,1,0,still teacher
847003316859200,12,2024,13,3,18011,48,61,1,2,40,2,2,2,1,1,40,5556.8965,2300,1,1,2025,13,7,48,62,1,2,40,2,2,1,1,40,6657.1385,2300,1,1,1,0,still teacher
930688041404804,12,2024,16,2,18011,48,56,1,2,44,1,2,2,1,1,40,4788.8747,2310,1,1,2025,16,6,48,58,1,2,44,1,2,1,1,40,4467.9898,2310,1,1,1,0,still teacher
708390684030015,12,2024,13,4,18011,48,55,4,2,44,1,1,1,1,1,60,5023.9978,2310,1,1,2025,15,8,48,56,4,2,44,1,1,1,1,40,5093.993,2310,1,1,1,0,still teacher
181000109644459,12,2024,15,3,18011,48,49,1,2,43,1,2,2,1,1,40,4782.8575,2300,1,1,2025,15,7,48,50,1,2,43,1,2,1,1,50,6697.3233,2300,1,1,1,0,still teacher
601000922659847,12,2024,14,4,18011,48,46,1,2,44,1,1,2,1,1,50,4928.2665,2320,1,1,2025,13,8,48,47,1,2,44,1,2,1,1,40,4966.0312,2320,1,1,1,0,still teacher
309190472059691,12,2024,14,1,18011,49,24,6,2,39,1,3,2,1,1,30,2081.0044,2300,1,1,2025,14,5,49,25,6,2,39,1,2,1,1,35,2212.1868,4110,1,0,0,1,other occupation
001150572740623,12,2024,14,2,18011,55,38,1,2,43,4,1,2,4,1,40,3988.7962,2300,1,1,2025,11,6,55,39,1,2,43,4,2,4,1,40,6623.9247,2360,1,0,0,1,other occupation
180820200602851,12,2024,16,2,18111,16,70,1,2,43,1,2,2,1,1,24,1060.6393,2310,1,1,2025,3,6,16,71,1,2,43,1,2,1,5,-1,812.077,-1,0,0,0,1,out of labor force
023182027310215,12,2024,16,4,18111,30,57,1,2,43,1,2,2,1,1,40,491.5209,2310,1,1,2025,16,8,30,58,1,2,43,1,2,1,1,40,450.0032,2310,1,1,1,0,still teacher
005110405122880,12,2024,15,3,18111,41,44,1,1,44,1,2,2,1,1,40,2683.2136,2320,1,1,2025,15,7,41,45,1,1,44,1,2,1,1,40,2855.7681,2320,1,1,1,0,still teacher
266070103682504,12,2024,16,1,18111,56,45,1,2,44,1,1,2,1,1,35,433.3465,2310,1,1,2025,16,5,56,46,1,2,44,1,2,1,1,40,410.0668,2330,1,1,1,0,still teacher
103190042109352,12,2024,15,4,18011,9,41,1,2,44,1,2,2,1,1,40,2756.3135,2300,1,1,2025,15,8,9,42,1,2,44,1,2,1,1,40,4615.8681,230,1,0,0,1,other occupation
110567300942060,12,2024,16,4,18011,9,46,1,2,44,1,1,2,1,1,38,3357.3547,2310,1,1,2025,16,8,9,47,1,2,44,1,2,1,1,38,3133.2937,2310,1,1,1,0,still teacher
110567300942060,12,2024,16,4,18011,9,46,1,1,44,1,2,2,1,1,38,3229.6753,2320,1,1,2025,16,8,9,47,1,1,44,1,2,1,1,38,3521.5986,2320,1,1,1,0,still teacher
057442770111130,12,2024,15,4,18011,10,38,1,2,43,1,2,2,1,1,40,1036.5752,2310,1,1,2025,16,8,10,39,1,2,43,1,2,1,1,40,1187.6574,2310,1,1,1,0,still teacher
560421755021401,12,2024,12,3,18011,10,30,6,2,43,1,1,2,1,1,40,858.4954,2320,1,1,2025,12,7,10,31,6,2,43,1,2,1,1,38,1529.3124,2320,1,1,1,0,still teacher
360550081121968,12,2024,14,1,18011,10,44,1,2,43,1,2,2,1,1,-4,759.1962,2320,1,1,2025,16,5,10,45,1,2,46,1,2,1,1,40,944.0979,2310,1,1,1,0,still teacher
690311031151805,12,2024,15,2,18011,11,57,3,1,44,1,1,2,1,1,40,366.3827,2330,1,1,2025,16,6,11,58,3,1,44,1,2,1,1,50,489.8369,2310,1,1,1,0,still teacher
057446770115191,12,2024,16,3,18011,11,25,6,2,43,4,2,2,1,1,40,471.2077,2300,1,1,2025,16,7,11,26,6,2,43,4,2,1,1,40,380.7517,725,1,0,0,1,other occupation
761900416289216,12,2024,16,3,18011,12,39,1,2,43,1,1,2,1,1,4,4782.7879,2310,1,1,2025,16,7,12,40,1,2,43,1,2,1,1,15,5050.1305,2310,1,1,1,0,still teacher
301100546446219,12,2024,13,4,18011,12,28,6,1,44,1,1,1,1,1,40,6289.5064,2310,1,1,2025,12,8,12,29,6,1,44,1,1,1,1,40,7516.8351,2310,1,1,1,0,still teacher
216008416551700,12,2024,16,3,18011,12,51,1,2,46,1,2,1,1,1,40,5249.4644,2310,1,1,2025,16,7,12,52,1,2,46,1,1,1,1,40,5249.7624,2310,1,1,1,0,still teacher
030241915061625,12,2024,13,4,18011,12,25,6,2,44,2,2,2,1,1,40,9075.8933,2320,1,1,2025,13,8,12,25,6,2,44,2,2,1,1,40,8064.1432,2310,1,1,1,0,still teacher
408120142742914,12,2024,15,3,18011,12,59,4,1,44,2,2,2,4,1,40,5203.2256,2310,1,1,2025,15,7,12,60,4,1,44,2,2,4,1,40,4243.2465,2310,1,1,1,0,still teacher
009120134683407,12,2024,7,1,18011,12,71,3,2,40,1,1,2,1,1,12,3969.7586,2310,1,1,2025,11,5,12,72,3,2,40,1,2,1,1,14,4613.7378,2310,1,1,1,0,still teacher
003130185767770,12,2024,15,4,18011,13,52,1,2,43,1,2,2,1,1,50,5576.5457,2310,1,1,2025,15,8,13,53,1,2,43,1,2,1,1,45,4828.9726,2310,1,1,1,0,still teacher
051002070413971,12,2024,16,1,18011,13,54,2,2,43,1,3,2,1,1,60,3802.3789,2310,1,1,2025,13,5,13,55,1,2,43,1,2,1,1,45,4723.1635,2360,1,0,0,1,other occupation
600183021101670,12,2024,15,2,18011,13,68,1,2,44,1,1,2,1,1,40,4651.8115,2330,1,1,2025,15,6,13,69,1,2,44,1,2,1,1,25,4360.3651,2300,1,1,1,0,still teacher
600183021101670,12,2024,15,2,18011,13,64,1,1,44,1,2,2,1,1,40,4672.8676,2310,1,1,2025,15,6,13,65,1,1,44,1,2,1,1,40,4542.8793,2310,1,1,1,0,still teacher
041296310820142,12,2024,14,4,18011,22,29,1,1,43,1,2,2,1,1,40,2139.924,2320,1,1,2025,14,8,22,30,1,1,43,1,2,1,1,40,1775.9854,2310,1,1,1,0,still teacher
760072622021141,12,2024,16,4,18011,24,44,1,2,44,1,2,2,1,1,40,4765.1777,2310,1,1,2025,16,8,24,45,1,2,44,1,2,1,1,40,6971.2572,2320,1,1,1,0,still teacher
211200112083520,12,2024,15,3,18011,25,60,1,2,44,1,1,2,1,1,28,3638.1451,2320,1,1,2025,15,7,25,61,1,2,44,1,2,1,1,28,4611.5236,2320,1,1,1,0,still teacher
060189940830124,12,2024,15,3,18011,34,35,6,2,44,1,3,2,1,1,40,4426.7103,2310,1,1,2025,15,7,34,36,6,2,44,1,2,1,1,40,6116.2972,2310,1,1,1,0,still teacher
190765300455753,12,2024,11,3,18011,34,77,4,1,44,1,1,2,1,1,35,3342.7414,2320,1,1,2025,11,7,34,78,4,1,44,1,2,1,1,35,3323.6393,2320,1,1,1,0,still teacher
109160313418294,12,2024,7,2,18011,36,68,4,2,43,1,1,2,1,2,16,3998.5959,2320,1,1,2025,1,6,36,69,4,2,43,1,2,1,2,8,4118.6001,2320,1,1,1,0,still teacher
061041106023306,12,2024,16,3,18011,36,39,1,2,44,4,1,2,1,2,40,5412.218,2310,1,1,2025,16,7,36,40,1,2,44,4,2,1,7,-1,6384.5616,-1,0,0,0,1,out of labor force
391800502044637,12,2024,16,4,18011,36,26,6,2,44,1,3,2,1,1,40,4753.3267,2310,1,1,2025,14,8,36,27,6,2,44,1,2,1,1,35,6372.109,2310,1,1,1,0,still teacher
083318530230147,12,2024,16,4,18011,37,51,1,1,44,1,1,2,1,1,40,3667.1107,2310,1,1,2025,16,8,37,52,1,1,44,1,2,1,1,40,6916.619,2320,1,1,1,0,still teacher
028357290931137,12,2024,16,3,18011,37,55,1,2,43,1,2,2,1,1,40,5049.1616,2310,1,1,2025,16,7,37,56,1,2,43,1,2,1,1,40,4202.8433,2310,1,1,1,0,still teacher
729621023000117,12,2024,16,3,18011,39,45,1,2,44,1,2,2,1,1,-4,4901.6932,2320,1,1,2025,16,7,39,46,1,2,44,1,2,1,1,40,5992.4559,2320,1,1,1,0,still teacher
829229073070015,12,2024,16,2,18011,39,55,1,2,44,1,2,2,1,1,55,5235.678,2310,1,1,2025,15,6,39,56,1,2,44,1,2,1,1,-4,4927.3108,2310,1,1,1,0,still teacher
200622031400650,12,2024,15,2,18011,42,36,1,2,43,1,2,2,1,1,40,4303.2649,2320,1,1,2025,16,6,42,37,1,2,43,1,2,1,1,40,4496.54,2310,1,1,1,0,still teacher
822031106023406,12,2024,12,2,18011,42,46,1,1,44,1,1,2,1,1,40,4807.4051,2310,1,1,2025,13,6,42,47,1,1,44,1,2,1,1,40,4026.1575,2310,1,1,1,0,still teacher
079581320040155,12,2024,16,3,18011,45,24,1,2,43,1,2,2,1,1,-4,4218.7765,2310,1,1,2025,16,7,45,25,1,2,43,1,2,1,1,40,4547.6452,2310,1,1,1,0,still teacher
251500504212747,12,2024,15,3,18011,47,39,1,2,43,1,2,2,1,1,40,3489.9433,2310,1,1,2025,15,7,47,40,1,2,43,1,2,1,1,52,3257.0258,2310,1,1,1,0,still teacher
900777041406381,12,2024,15,4,18011,47,44,1,1,45,1,1,2,1,1,50,3584.6232,2310,1,1,2025,16,8,47,45,1,1,45,1,2,1,1,43,3960.2857,230,1,0,0,1,other occupation
900777041406381,12,2024,15,4,18011,47,41,1,2,44,1,2,2,1,1,50,4653.4456,2310,1,1,2025,16,8,47,42,1,2,44,1,2,1,1,45,4807.4174,2310,1,1,1,0,still teacher
117328394090017,12,2024,16,3,18011,47,42,1,2,43,1,2,2,1,1,8,4314.1333,2310,1,1,2025,16,7,47,43,1,2,43,1,2,1,7,-1,4462.4163,-1,0,0,0,1,out of labor force
609021102149505,12,2024,15,4,18011,50,55,1,2,43,1,2,2,1,1,35,520.4345,2330,1,1,2025,15,8,50,56,1,2,43,1,2,1,1,35,430.2146,2545,1,0,0,1,other occupation
061429845010016,12,2024,16,4,18011,51,47,1,2,44,1,1,2,1,1,50,5581.1505,2300,1,1,2025,16,8,51,48,1,2,44,1,2,1,1,40,5332.8503,2330,1,1,1,0,still teacher
008110578253709,12,2024,14,1,18011,51,42,1,2,42,1,2,2,1,1,40,5871.2461,2300,1,1,2025,15,5,51,43,1,2,42,1,2,1,1,45,4882.3405,2310,1,1,1,0,still teacher
006110512390735,12,2024,16,3,18011,51,34,1,2,44,1,1,2,1,1,40,4867.0548,2310,1,1,2025,16,7,51,35,1,2,44,1,2,1,1,40,5575.5631,2310,1,1,1,0,still teacher
721400504716150,12,2024,13,4,18011,51,26,6,2,44,1,1,2,1,1,40,5834.8954,2310,1,1,2025,13,8,51,27,6,2,44,1,2,1,1,55,5832.8393,2310,1,1,1,0,still teacher
075125034714640,12,2024,12,4,18011,54,54,6,2,44,1,1,2,1,1,45,714.3738,2310,1,1,2025,13,8,54,54,6,2,44,1,2,1,1,45,776.7808,2320,1,1,1,0,still teacher
017405012745070,12,2024,15,3,18111,10,46,1,2,44,2,2,2,2,1,38,1433.1385,2320,1,1,2025,15,7,10,47,1,2,44,2,2,2,1,38,1373.2811,2320,1,1,1,0,still teacher
117002515954130,12,2024,16,4,18111,11,48,6,1,44,1,1,2,1,1,-4,485.2155,2320,1,1,2025,16,8,11,49,6,1,44,1,2,1,1,55,423.9604,110,1,0,0,1,other occupation
511096107539137,12,2024,15,3,18111,11,53,6,2,41,2,4,2,1,1,40,431.773,2300,1,1,2025,15,7,11,54,6,2,41,2,2,1,1,40,572.4949,2300,1,1,1,0,still teacher
515096107579137,12,2024,15,2,18111,11,55,6,2,44,2,1,2,1,1,40,417.5623,2310,1,1,2025,14,6,11,56,6,2,44,2,2,1,1,40,609.3265,2310,1,1,1,0,still teacher
782416532060011,12,2024,11,4,18111,22,40,6,2,43,2,1,2,1,1,40,1885.6639,2310,1,1,2025,7,8,22,41,6,2,43,2,2,1,1,40,2842.5876,2310,1,1,1,0,still teacher
553020104346216,12,2024,14,3,18111,25,39,1,1,43,1,1,2,1,1,40,2506.0954,2310,1,1,2025,14,7,25,40,1,1,43,1,2,1,1,45,4048.9885,2310,1,1,1,0,still teacher
591100800840339,12,2024,16,4,18111,33,31,1,2,44,1,2,2,1,1,40,1060.0245,2310,1,1,2025,16,8,33,33,1,2,44,1,2,1,2,40,1083.0272,2310,1,1,1,0,still teacher
549304015032380,12,2024,16,2,18111,45,41,1,2,44,1,2,2,1,1,40,2808.2291,2310,1,1,2025,16,6,45,42,1,2,44,1,2,1,1,50,2773.98,2310,1,1,1,0,still teacher
280465451021200,12,2024,13,2,18111,50,29,6,1,40,1,1,2,1,2,40,450.4907,2300,1,1,2025,12,6,50,30,6,1,40,1,2,1,1,40,602.8714,2300,1,1,1,0,still teacher
250952061114184,12,2024,13,2,18011,12,58,4,2,43,1,2,2,1,1,40,4483.4356,2300,1,1,2025,14,6,12,59,4,2,43,1,2,1,1,40,4779.0835,2310,1,1,1,0,still teacher
800633061205983,12,2024,14,4,18011,23,62,1,2,44,1,2,2,3,1,40,1288.5302,2310,1,1,2025,14,8,23,63,1,2,43,1,2,3,1,40,1666.5594,2320,1,1,1,0,still teacher
831011103221214,12,2024,15,4,18011,23,40,1,2,43,1,2,2,1,1,40,1744.7429,2310,1,1,2025,15,8,23,41,1,2,43,1,2,1,1,40,3663.6004,2320,1,1,1,0,still teacher
190545700753982,12,2024,13,4,18011,27,55,1,2,44,1,1,2,1,1,40,4321.792,2310,1,1,2025,16,8,27,56,1,2,44,1,2,1,1,40,5034.3936,2330,1,1,1,0,still teacher
131400160494236,12,2024,16,3,18012,32,30,6,2,43,1,1,2,1,1,38,2445.8272,2310,1,1,2025,16,7,32,31,6,2,43,1,2,1,1,40,2166.0844,2310,1,1,1,0,still teacher
131400160494236,12,2024,16,3,18012,32,56,4,1,44,1,3,2,1,1,38,2604.1437,2310,1,1,2025,16,7,32,57,4,1,44,1,2,1,1,40,2628.4239,2310,1,1,1,0,still teacher
890149071309419,12,2024,16,4,18011,39,58,1,1,44,1,1,2,1,1,22,6498.179,2310,1,1,2025,16,8,39,59,1,1,44,1,2,1,1,23,6339.1113,2310,1,1,1,0,still teacher
546802013911340,12,2024,15,2,18011,45,30,1,2,44,1,2,2,1,1,40,3155.2377,2310,1,1,2025,16,6,45,31,1,2,44,1,2,1,1,40,2969.2198,2310,1,1,1,0,still teacher
008180401971091,12,2024,15,2,18011,48,28,1,2,42,1,2,1,1,1,40,5563.9932,2310,1,1,2025,16,6,48,29,1,2,44,1,1,1,1,40,6178.1123,2310,1,1,1,0,still teacher
000109380441188,12,2024,16,3,18011,48,50,1,2,44,1,1,1,4,1,40,5094.0892,2310,1,1,2025,16,7,48,51,1,2,44,1,1,4,1,40,4657.0739,2310,1,1,1,0,still teacher
000180272359691,12,2024,15,4,18111,28,31,1,2,43,1,2,2,1,1,40,1732.3609,2310,1,1,2025,14,8,28,32,1,2,43,1,2,1,1,40,1658.8799,2310,1,1,1,0,still teacher
010425031914646,12,2024,16,4,18011,4,53,6,2,43,1,1,1,1,1,40,4361.3242,2300,1,1,2025,9,8,4,53,6,2,43,1,1,1,1,40,4167.9411,2300,1,1,1,0,still teacher
135049600490420,12,2024,16,4,18011,4,38,1,1,44,2,2,2,1,1,50,10411.409,2310,1,1,2025,16,8,4,40,1,1,44,2,2,1,1,50,10027.8443,230,1,0,0,1,other occupation
070505016914322,12,2024,13,2,18011,4,26,1,2,43,1,2,1,5,1,40,5077.9979,2310,1,1,2025,15,6,4,27,1,2,43,1,1,5,1,40,6437.6388,2320,1,1,1,0,still teacher
621800801556504,12,2024,12,1,18011,5,53,6,1,43,1,2,2,1,1,40,1633.7632,2310,1,1,2025,12,5,5,54,6,1,43,1,2,1,1,40,1575.0762,2360,1,0,0,1,other occupation
360052101359081,12,2024,16,3,18011,6,52,4,1,43,1,1,2,1,1,40,4300.0557,2310,1,1,2025,16,7,6,53,4,1,43,1,2,1,1,40,4594.9472,2310,1,1,1,0,still teacher
162391500682070,12,2024,1,4,18011,6,70,1,2,40,4,1,2,5,1,36,3674.3576,2320,1,1,2025,11,8,6,71,1,2,39,4,2,5,5,-1,3990.6262,-1,0,0,0,1,out of labor force
370760670011460,12,2024,14,4,18011,6,68,1,1,43,1,1,2,1,1,40,3660.6679,2310,1,1,2025,15,8,6,69,1,1,43,1,2,1,1,30,3730.5179,2310,1,1,1,0,still teacher
264488410101156,12,2024,13,2,18011,6,36,6,1,44,4,1,2,4,1,26,3866.4114,2310,1,1,2025,13,6,6,37,6,1,44,4,2,4,1,8,4482.0438,2310,1,1,1,0,still teacher
007160056026156,12,2024,16,1,18011,6,42,1,1,44,1,1,1,4,1,50,4250.9612,2310,1,1,2025,16,5,6,43,1,1,44,1,1,4,1,40,8277.1555,2310,1,1,1,0,still teacher
960051106704024,12,2024,14,3,18011,6,61,1,2,43,1,2,1,4,1,40,4196.8647,2300,1,1,2025,14,7,6,62,1,2,43,1,1,4,1,40,4412.0175,2300,1,1,1,0,still teacher
070176086216224,12,2024,16,3,18011,6,40,1,2,46,4,1,2,5,1,40,6073.397,2310,1,1,2025,16,7,6,41,1,2,46,4,2,5,1,15,5057.4919,4621,1,0,0,1,other occupation
010045016818535,12,2024,13,1,18011,8,50,1,2,44,1,2,2,1,1,50,3706.8859,2310,1,1,2025,14,5,8,51,1,2,44,1,2,1,1,60,5126.6557,2310,1,1,1,0,still teacher
006180043772323,12,2024,15,1,18011,8,31,1,2,43,1,2,2,1,1,40,5305.9146,2320,1,1,2025,15,5,8,32,1,2,43,1,2,1,1,40,7157.3803,60,1,0,0,1,other occupation
050087033118502,12,2024,8,3,18011,8,65,1,2,42,1,2,1,1,2,-4,4250.4553,2310,1,1,2025,8,7,8,66,1,2,42,1,1,1,1,-4,8307.7756,2310,1,1,1,0,still teacher
330441641041053,12,2024,16,2,18011,15,53,1,2,43,4,2,2,4,1,40,896.4722,2310,1,1,2025,16,6,15,54,1,2,43,4,2,4,1,40,964.7754,2310,1,1,1,0,still teacher
250044102355190,12,2024,15,4,18011,15,29,1,2,44,1,2,2,1,1,40,895.8545,2310,1,1,2025,15,8,15,30,1,2,44,1,2,1,1,40,892.5615,2310,1,1,1,0,still teacher
124504300552311,12,2024,15,1,18011,15,73,1,1,44,1,1,2,1,1,-4,659.826,2310,1,1,2025,9,5,15,74,1,1,44,1,2,1,1,7,662.1766,2310,1,1,1,0,still teacher
058861510914145,12,2024,16,1,18011,15,53,1,2,45,4,2,2,1,1,40,890.1391,2310,1,1,2025,16,5,15,55,1,2,45,4,2,1,1,40,906.0746,2310,1,1,1,0,still teacher
541200014147616,12,2024,11,2,18011,16,45,4,2,42,1,1,2,1,1,40,1009.9366,2310,1,1,2025,12,6,16,46,4,2,42,1,2,1,1,40,984.1324,2310,1,1,1,0,still teacher
186183391040012,12,2024,12,3,18011,16,64,4,2,43,1,1,2,1,1,40,793.999,2310,1,1,2025,12,7,16,65,4,2,43,1,2,1,1,40,929.8614,2310,1,1,1,0,still teacher
604170180378604,12,2024,16,3,18011,17,73,6,2,44,1,1,2,1,1,24,4037.1932,2310,1,1,2025,16,7,17,74,6,2,44,1,2,1,1,20,4198.1486,2310,1,1,1,0,still teacher
041500463373715,12,2024,16,2,18011,17,23,6,2,42,1,1,1,1,1,30,5000.8243,2300,1,1,2025,8,6,17,24,6,2,42,1,1,1,1,30,8036.3535,2545,1,0,0,1,other occupation
070666480110108,12,2024,14,3,18011,18,25,6,2,39,7,2,2,1,1,30,5374.3724,2300,1,1,2025,14,7,18,26,6,2,39,7,2,1,6,-1,4880.6896,-1,0,0,0,1,out of labor force
992010102273162,12,2024,15,3,18011,19,22,6,2,43,1,3,2,1,1,40,3027.2853,2310,1,1,2025,15,7,19,23,6,2,43,1,2,1,1,40,3061.1518,2310,1,1,1,0,still teacher
003190182226867,12,2024,16,4,18011,19,37,1,2,44,1,2,2,1,1,45,2261.2265,2310,1,1,2025,14,8,19,38,1,2,44,1,2,1,1,50,2927.0805,2310,1,1,1,0,still teacher
886932602080114,12,2024,15,2,18011,26,45,1,2,44,1,2,2,1,1,-4,4903.6958,2320,1,1,2025,15,6,26,46,1,2,44,1,2,1,1,40,4749.3393,2320,1,1,1,0,still teacher
097260250922166,12,2024,16,2,18011,26,57,1,1,44,1,1,2,1,1,40,5189.6711,2310,1,1,2025,16,6,26,58,1,1,44,1,2,1,1,40,5682.8762,2320,1,1,1,0,still teacher
097260250922166,12,2024,16,2,18011,26,50,1,2,44,1,2,2,1,1,55,5101.6052,2310,1,1,2025,16,6,26,51,1,2,44,1,2,1,1,50,4855.0578,2310,1,1,1,0,still teacher
631100044557532,12,2024,14,4,18011,35,48,1,2,46,1,1,2,1,1,35,1413.5314,2310,1,1,2025,15,8,35,49,1,2,46,1,2,1,1,35,1356.8755,2320,1,1,1,0,still teacher
538408016311450,12,2024,13,3,18011,35,58,1,2,44,1,1,1,1,1,45,1278.1938,2310,1,1,2025,13,7,35,59,1,2,44,1,1,1,1,45,1587.4609,2310,1,1,1,0,still teacher
730653298051880,12,2024,15,4,18011,38,43,1,1,46,1,2,2,1,1,40,687.8091,2310,1,1,2025,16,8,38,44,1,1,46,1,2,1,1,40,1004.4832,2310,1,1,1,0,still teacher
330448001303687,12,2024,16,4,18011,38,49,1,2,43,1,1,2,1,1,40,562.7062,2320,1,1,2025,16,8,38,50,1,2,43,1,2,1,1,40,650.4918,2310,1,1,1,0,still teacher
055761020540166,12,2024,13,3,18011,46,26,1,1,43,1,1,2,1,1,40,651.8565,2310,1,1,2025,13,7,46,27,1,1,43,1,2,1,1,40,877.9333,2310,1,1,1,0,still teacher
045903430640166,12,2024,15,4,18011,46,33,1,2,43,1,2,2,1,1,40,734.817,2310,1,1,2025,16,8,46,34,1,2,43,1,2,1,1,40,810.0044,2310,1,1,1,0,still teacher
009160477605222,12,2024,15,4,18011,46,64,1,2,43,1,2,2,1,2,16,650.3494,2310,1,1,2025,14,8,46,65,1,2,43,1,2,1,1,-4,910.5762,2360,1,0,0,1,other occupation
001180435830713,12,2024,16,4,18011,48,58,2,1,43,1,2,2,4,1,40,4665.3291,2310,1,1,2025,16,8,48,59,1,1,43,1,2,4,1,40,4299.0488,2310,1,1,1,0,still teacher
163410801863304,12,2024,13,1,18011,48,27,6,2,44,1,2,1,1,1,40,5551.7396,2310,1,1,2025,14,5,48,29,6,2,44,1,1,1,1,40,5846.8367,3230,1,0,0,1,other occupation
410180467019846,12,2024,14,3,18011,48,59,4,2,44,4,3,2,4,1,60,5279.2722,2320,1,1,2025,14,7,48,60,4,2,44,4,2,4,1,16,5289.6268,2320,1,1,1,0,still teacher
151570700868224,12,2024,14,3,18011,48,60,4,2,43,1,1,1,1,2,40,4854.3883,2310,1,1,2025,14,7,48,61,4,2,43,1,1,1,1,48,5017.8658,2300,1,1,1,0,still teacher
288095354090114,12,2024,12,3,18011,48,26,6,2,43,1,2,1,1,1,40,4955.1028,2310,1,1,2025,12,7,48,27,6,2,43,1,1,1,1,40,6450.7271,2310,1,1,1,0,still teacher
053919880241178,12,2024,16,1,18011,48,39,1,2,43,1,1,2,1,1,25,5297.3948,2310,1,1,2025,16,5,48,40,1,2,43,1,2,1,1,20,4970.6796,2310,1,1,1,0,still teacher
898869764060013,12,2024,15,3,18011,48,37,1,1,43,1,1,2,1,1,40,4377.4319,2310,1,1,2025,15,7,48,38,1,1,43,1,2,1,1,45,7593.9935,2310,1,1,1,0,still teacher
540759011424871,12,2024,15,1,18011,49,26,1,2,44,1,2,2,1,1,40,2064.4992,2320,1,1,2025,15,5,49,27,1,2,44,1,2,1,1,45,3076.6655,2310,1,1,1,0,still teacher
940802114342850,12,2024,16,2,18011,49,49,1,2,43,1,2,2,1,1,40,1890.7363,2310,1,1,2025,16,6,49,50,1,2,43,1,2,1,1,40,1784.1514,2310,1,1,1,0,still teacher
095202061513601,12,2024,16,4,18011,53,25,6,1,43,1,3,2,1,1,40,5099.6865,2330,1,1,2025,16,8,53,26,6,1,43,1,2,1,1,40,4627.2162,2330,1,1,1,0,still teacher
095202061513601,12,2024,16,4,18011,53,21,6,2,40,1,4,2,1,1,40,6073.2095,2310,1,1,2025,16,8,53,22,6,2,40,1,2,1,1,40,4648.9701,2300,1,1,1,0,still teacher
251200927128357,12,2024,13,2,18011,53,64,1,2,40,4,2,2,4,1,30,3899.7388,2300,1,1,2025,13,6,53,65,1,2,40,4,2,4,2,30,4063.6297,2545,1,0,0,1,other occupation
555407011922350,12,2024,8,1,18011,55,25,6,2,43,1,2,2,1,1,40,5047.3609,2310,1,1,2025,14,5,55,26,6,2,43,1,2,1,1,40,5341.8033,2310,1,1,1,0,still teacher
004150507446742,12,2024,12,2,18011,55,49,6,2,42,1,2,2,1,1,40,3103.19,2300,1,1,2025,12,6,55,50,6,2,41,1,2,1,1,40,3793.1643,2300,1,1,1,0,still teacher
110025700582470,12,2024,16,1,18111,5,42,1,1,44,1,2,2,1,1,45,1716.5935,2310,1,1,2025,15,5,5,43,1,1,44,1,2,1,1,55,1595.545,230,1,0,0,1,other occupation
033100015502210,12,2024,11,4,18111,30,62,1,2,39,1,2,2,1,1,10,446.0669,2330,1,1,2025,11,8,30,63,1,2,40,1,2,1,5,-1,502.7545,4220,0,0,0,1,out of labor force
571965200060010,12,2024,15,1,18011,1,63,1,1,46,1,1,2,1,1,40,3196.8907,2330,1,1,2025,15,5,1,64,1,1,46,1,2,1,1,43,2428.6674,2310,1,1,1,0,still teacher
220730463021910,12,2024,14,3,18011,1,55,1,2,40,2,2,2,1,1,40,2947.1851,2300,1,1,2025,14,7,1,56,1,2,40,2,2,1,1,40,3141.9154,2300,1,1,1,0,still teacher
794051103732049,12,2024,15,4,18011,9,54,4,2,46,1,1,2,1,1,40,3373.304,2320,1,1,2025,16,8,9,55,4,2,46,1,2,1,1,52,3267.974,2310,1,1,1,0,still teacher
561400414842906,12,2024,16,2,18011,9,50,1,1,44,1,1,2,1,1,40,3213.5571,2310,1,1,2025,15,6,9,51,1,1,44,1,2,1,1,40,3122.7219,2722,1,0,0,1,other occupation
051263098510186,12,2024,14,1,18011,10,61,1,2,43,1,1,2,1,1,-4,822.4432,2300,1,1,2025,16,5,10,62,1,2,43,1,2,1,1,20,856.4363,2310,1,1,1,0,still teacher
132824621060011,12,2024,16,4,18011,12,46,1,2,43,1,2,2,1,1,40,5035.0316,2310,1,1,2025,16,8,12,48,1,2,43,1,2,1,1,40,5250.5602,2310,1,1,1,0,still teacher
219600419702480,12,2024,12,3,18011,12,55,1,2,43,2,1,2,4,1,40,6199.6232,2310,1,1,2025,12,7,12,56,1,2,43,2,2,4,1,40,5954.8738,2310,1,1,1,0,still teacher
001425019312660,12,2024,14,1,18011,12,60,1,2,42,1,2,2,1,2,20,4816.7574,2310,1,1,2025,8,5,12,61,1,2,42,1,2,1,7,-1,4122.2057,-1,0,0,0,1,out of labor force
001425019312660,12,2024,14,1,18011,12,28,6,1,44,1,4,2,1,1,40,6067.0347,2310,1,1,2025,8,5,12,29,6,1,44,1,2,1,7,-1,4891.6874,-1,0,0,0,1,out of labor force
171807200577372,12,2024,16,2,18011,25,53,1,2,44,1,1,2,1,1,20,3609.184,2320,1,1,2025,16,6,25,54,1,2,44,1,2,1,1,20,3935.5054,2320,1,1,1,0,still teacher
349060100724331,12,2024,14,1,18011,34,41,4,2,43,1,3,2,1,1,40,4663.0098,2300,1,1,2025,15,5,34,42,4,2,43,1,2,1,1,40,4786.7754,2360,1,0,0,1,other occupation
031600400052439,12,2024,15,3,18011,34,42,1,2,44,1,1,2,1,1,40,4204.581,2310,1,1,2025,15,7,34,43,1,2,44,1,2,1,1,35,5055.2369,2310,1,1,1,0,still teacher
100453900694753,12,2024,16,4,18011,36,50,1,2,44,1,2,2,1,1,40,4923.7365,2310,1,1,2025,16,8,36,51,1,2,44,1,2,1,1,40,5145.6576,2310,1,1,1,0,still teacher
082453090730146,12,2024,14,4,18011,36,37,1,2,44,1,2,2,1,1,40,4090.5739,2310,1,1,2025,14,8,36,38,1,2,44,1,2,1,2,40,5257.4203,2310,1,1,1,0,still teacher
770973124011561,12,2024,16,3,18011,36,47,1,2,44,1,1,2,1,1,40,4280.7364,2310,1,1,2025,16,7,36,48,1,2,44,1,2,1,1,45,5239.1382,10,1,0,0,1,other occupation
110814000961403,12,2024,15,4,18011,39,59,1,2,44,1,1,2,1,1,60,5143.7871,2310,1,1,2025,15,8,39,60,1,2,44,1,2,1,1,50,4616.374,2310,1,1,1,0,still teacher
682862714070016,12,2024,15,2,18011,42,23,6,2,42,1,3,2,1,1,40,6633.1631,2300,1,1,2025,16,6,42,24,6,2,43,1,2,1,1,40,7436.2829,2310,1,1,1,0,still teacher
057943810940152,12,2024,16,2,18011,42,53,6,1,43,1,2,2,1,1,40,4832.9473,2320,1,1,2025,16,6,42,54,6,1,43,1,2,1,1,40,4264.4217,120,1,0,0,1,other occupation
057943810940152,12,2024,16,2,18011,42,50,6,2,44,1,3,2,1,1,40,4326.0092,2320,1,1,2025,16,6,42,51,6,2,44,1,2,1,1,40,4792.1141,20,1,0,0,1,other occupation
120529300268204,12,2024,11,3,18011,42,38,6,2,43,1,1,2,1,1,45,3599.3992,2310,1,1,2025,11,7,42,39,6,2,43,1,2,1,1,40,5371.3311,2310,1,1,1,0,still teacher
406060108213152,12,2024,16,4,18111,10,45,1,1,44,1,2,2,1,1,45,1155.1421,2310,1,1,2025,16,8,10,46,1,1,44,1,2,1,1,38,985.6543,2330,1,1,1,0,still teacher
042052027115531,12,2024,16,4,18111,25,49,4,2,44,1,2,2,1,1,35,3569.2516,2310,1,1,2025,16,8,25,50,4,2,44,1,2,1,1,35,3792.3329,3230,1,0,0,1,other occupation
008150251832270,12,2024,16,2,18111,25,42,1,1,44,1,2,2,1,1,40,2389.6843,2310,1,1,2025,16,6,25,42,1,1,44,1,2,1,1,40,3314.5077,2310,1,1,1,0,still teacher
081959980020115,12,2024,5,4,18111,25,48,1,2,44,5,2,2,1,1,45,2905.9219,2320,1,1,2025,7,8,25,48,1,2,44,5,2,1,1,60,4235.3257,2320,1,1,1,0,still teacher
141984500414545,12,2024,16,4,18111,54,53,1,1,44,1,2,2,1,1,40,778.7237,2320,1,1,2025,15,8,54,54,1,1,44,1,2,1,1,40,925.1497,2320,1,1,1,0,still teacher
147090104799549,12,2024,9,4,18111,54,48,6,2,43,1,1,2,1,1,40,794.6943,2300,1,1,2025,14,8,54,49,6,2,43,1,2,1,1,39,814.5672,2300,1,1,1,0,still teacher
101375900683760,12,2024,14,4,18011,6,31,6,2,44,1,1,2,1,1,40,4947.0419,2310,1,1,2025,14,8,6,32,6,2,44,1,2,1,1,40,5392.6548,2310,1,1,1,0,still teacher
731200205110715,12,2024,15,2,18011,17,30,1,2,43,1,1,2,1,1,40,4176.0878,2320,1,1,2025,16,6,17,31,1,2,43,1,2,1,1,40,5518.0413,2320,1,1,1,0,still teacher
036432503080217,12,2024,15,4,18011,36,20,6,1,43,1,2,2,1,1,40,6980.3325,2310,1,1,2025,15,8,36,21,6,1,43,1,2,1,1,40,7014.9485,2310,1,1,1,0,still teacher
622380524090012,12,2024,16,3,18011,42,55,1,2,44,1,2,2,1,1,37,4617.6952,2310,1,1,2025,16,7,42,56,1,2,44,1,2,1,1,40,4073.1977,2310,1,1,1,0,still teacher
008190451881417,12,2024,14,2,18011,49,56,1,2,43,1,1,2,1,1,15,2293.1919,2300,1,1,2025,13,6,49,57,1,2,43,1,2,1,1,20,2433.4002,2300,1,1,1,0,still teacher
163737625020012,12,2024,16,2,18011,53,50,1,1,43,1,1,1,1,1,35,5509.3183,2310,1,1,2025,15,6,53,51,1,1,43,1,1,1,1,40,4227.7028,2310,1,1,1,0,still teacher
101522601260930,12,2024,16,3,18011,2,41,1,1,44,1,1,2,1,1,40,572.6513,2310,1,1,2025,16,7,2,42,1,1,44,1,2,1,1,40,566.4948,2310,1,1,1,0,still teacher
101522601260930,12,2024,16,3,18011,2,42,1,2,44,1,2,2,1,1,40,496.4604,2310,1,1,2025,16,7,2,43,1,2,44,1,2,1,1,40,553.3144,2310,1,1,1,0,still teacher
067445440601156,12,2024,14,4,18011,6,51,5,1,44,2,1,2,1,1,43,8564.8587,2320,1,1,2025,14,8,6,52,3,1,44,2,2,1,1,40,4721.1494,2310,1,1,1,0,still teacher
411900021010609,12,2024,16,2,18011,6,50,1,2,44,1,1,1,1,1,45,3964.2175,2310,1,1,2025,16,6,6,51,1,2,44,1,2,1,1,40,4599.4902,2310,1,1,1,0,still teacher
604304116160060,12,2024,16,4,18011,6,43,1,2,44,4,1,2,4,1,40,4264.7516,2310,1,1,2025,16,8,6,43,1,2,44,4,2,4,1,40,4751.9423,2320,1,1,1,0,still teacher
155053104253103,12,2024,15,3,18011,15,69,1,1,44,1,1,2,1,1,40,989.9716,2320,1,1,2025,15,7,15,70,1,1,44,1,2,1,1,40,810.4524,205,1,0,0,1,other occupation
071337057715152,12,2024,16,4,18011,15,47,1,2,43,4,2,2,1,1,40,704.2943,2320,1,1,2025,15,8,15,48,1,2,43,4,2,1,1,40,823.2594,2320,1,1,1,0,still teacher
061319007615929,12,2024,12,2,18011,15,36,6,1,44,1,1,2,1,1,38,881.1453,2310,1,1,2025,11,6,15,37,6,1,44,1,2,1,1,40,1027.2,2310,1,1,1,0,still teacher
014707530211136,12,2024,13,2,18011,16,29,1,2,44,1,1,2,1,1,15,1134.5728,2300,1,1,2025,12,6,16,30,1,2,43,1,2,1,1,10,1511.7639,2300,1,1,1,0,still teacher
508170133477424,12,2024,16,4,18011,17,44,1,2,44,1,1,2,1,1,40,5063.0529,2310,1,1,2025,16,8,17,45,1,2,44,1,2,1,1,40,5134.3507,2310,1,1,1,0,still teacher
711803011424290,12,2024,16,1,18011,17,26,6,2,43,1,4,2,1,1,40,5118.334,2330,1,1,2025,16,5,17,27,6,2,43,1,2,1,1,40,5671.3289,2330,1,1,1,0,still teacher
600827051107528,12,2024,16,1,18011,17,41,1,2,44,4,2,2,5,1,33,4306.0144,2310,1,1,2025,16,5,17,43,1,2,43,4,2,5,1,38,5328.4893,2545,1,0,0,1,other occupation
003180136304532,12,2024,13,2,18011,18,65,1,1,43,1,1,2,4,1,45,4375.2533,2310,1,1,2025,14,6,18,66,1,1,43,1,2,4,1,40,4610.8566,2320,1,1,1,0,still teacher
001053077419344,12,2024,15,3,18011,19,48,1,1,43,1,2,2,1,1,50,2310.7441,2330,1,1,2025,15,7,19,49,1,1,43,1,2,1,1,40,2736.344,2330,1,1,1,0,still teacher
109962731050017,12,2024,15,4,18011,19,39,1,1,44,1,1,2,1,1,40,3001.0474,2320,1,1,2025,15,8,19,40,1,1,44,1,2,1,1,40,3319.2133,2310,1,1,1,0,still teacher
730149031102936,12,2024,15,3,18011,19,64,1,2,43,1,2,2,1,1,10,2081.9066,2310,1,1,2025,15,7,19,65,1,2,43,1,2,1,5,-1,2132.8032,-1,0,0,0,1,out of labor force
290569051107761,12,2024,15,2,18011,19,18,6,2,40,1,2,2,1,1,15,2651.5574,2300,1,1,2025,15,6,19,20,6,2,40,1,2,1,1,-4,2912.2569,4150,1,0,0,1,other occupation
011242890221120,12,2024,16,3,18011,20,35,1,2,44,1,2,2,1,1,40,2646.4424,2310,1,1,2025,16,7,20,36,1,2,44,1,2,1,1,40,3082.6924,2310,1,1,1,0,still teacher
006160202743708,12,2024,12,2,18011,26,29,6,2,43,1,1,2,1,1,50,4040.0283,2310,1,1,2025,12,6,26,30,6,2,43,1,2,1,1,50,7614.9117,2310,1,1,1,0,still teacher
001160220319140,12,2024,15,1,18011,26,49,1,2,44,1,2,2,1,1,40,4915.9878,2310,1,1,2025,16,5,26,50,1,2,44,1,2,1,1,45,5081.375,2360,1,0,0,1,other occupation
660522479081262,12,2024,15,3,18011,26,36,1,2,43,1,1,2,1,1,40,4767.1295,2330,1,1,2025,15,7,26,37,1,2,43,1,2,1,1,40,5624.2688,2330,1,1,1,0,still teacher
008170202333652,12,2024,14,3,18011,27,26,1,2,44,1,2,2,1,1,40,3446.992,2310,1,1,2025,14,7,27,27,1,2,44,1,2,1,1,40,4277.5141,2310,1,1,1,0,still teacher
480582472041990,12,2024,13,3,18011,29,28,6,2,42,6,2,2,1,2,40,5675.6949,2300,1,1,2025,13,7,29,29,6,2,42,6,2,1,1,40,6609.2108,2300,1,1,1,0,still teacher
520793762071400,12,2024,15,2,18011,30,26,1,2,44,1,2,2,1,1,40,786.0576,2310,1,1,2025,15,6,30,27,1,2,44,1,2,1,1,40,803.0702,2310,1,1,1,0,still teacher
100110358141240,12,2024,16,3,18011,31,45,1,2,44,1,2,2,1,1,40,1352.1302,2310,1,1,2025,16,7,31,46,1,2,44,1,2,1,1,40,1465.1742,2310,1,1,1,0,still teacher
210935051325411,12,2024,14,2,18011,35,62,1,1,44,1,2,2,1,1,30,1240.3103,2310,1,1,2025,14,6,35,63,1,1,44,1,2,1,1,40,1397.106,2310,1,1,1,0,still teacher
310413207021582,12,2024,16,2,18011,38,45,1,1,44,1,1,2,1,1,40,609.9468,2320,1,1,2025,16,6,38,46,1,1,44,1,2,1,1,40,623.8702,2310,1,1,1,0,still teacher
391874134070016,12,2024,15,2,18011,41,42,1,2,44,4,2,2,5,1,40,3513.8367,2310,1,1,2025,14,6,41,43,1,2,44,4,2,5,1,50,2931.1969,2300,1,1,1,0,still teacher
054658940140166,12,2024,15,3,18011,46,28,1,2,43,1,2,2,1,1,40,846.8732,2310,1,1,2025,15,7,46,29,1,2,43,1,2,1,1,40,1015.1916,2310,1,1,1,0,still teacher
291900714789840,12,2024,16,1,18011,48,42,1,2,43,1,1,2,1,1,60,5305.5377,2330,1,1,2025,16,5,48,43,1,2,43,1,2,1,1,50,4970.6796,2330,1,1,1,0,still teacher
164810801864304,12,2024,16,3,18011,48,36,1,1,43,1,1,1,4,1,40,6328.1156,2310,1,1,2025,16,7,48,37,1,1,43,1,1,4,1,40,6975.2928,2310,1,1,1,0,still teacher
034026026019353,12,2024,16,3,18011,49,44,1,2,43,1,2,2,1,1,40,2634.2874,2310,1,1,2025,16,7,49,45,1,2,43,1,2,1,1,40,1679.3807,5710,1,0,0,1,other occupation
570229081425096,12,2024,11,2,18011,49,72,4,2,43,1,1,2,1,1,-4,1817.9687,2310,1,1,2025,11,6,49,72,4,2,43,1,2,1,1,14,1552.1087,2360,1,0,0,1,other occupation
074951620243109,12,2024,9,1,18011,49,41,1,2,39,1,2,1,4,1,40,1513.8792,2300,1,1,2025,11,5,49,42,1,2,35,1,1,4,1,38,2008.5802,4600,1,0,0,1,other occupation
103160541363169,12,2024,15,2,18011,56,35,1,2,44,1,2,2,1,1,40,410.619,2320,1,1,2025,15,6,56,36,1,2,44,1,2,1,1,40,422.557,2320,1,1,1,0,still teacher
035087017316044,12,2024,15,1,18011,56,42,1,2,40,1,2,2,1,1,40,540.8413,2330,1,1,2025,7,5,56,42,1,2,40,1,2,1,1,40,386.7468,2545,1,0,0,1,other occupation
083286470400105,12,2024,15,2,18111,5,48,1,2,43,1,1,2,1,1,40,1733.1369,2310,1,1,2025,15,6,5,49,1,2,43,1,2,1,1,40,1847.9034,2310,1,1,1,0,still teacher
450030108268047,12,2024,15,2,18111,5,54,3,2,43,1,1,2,1,1,40,1803.085,2320,1,1,2025,12,6,5,55,3,2,43,1,2,1,1,55,1706.9579,2310,1,1,1,0,still teacher
024356200911165,12,2024,15,4,18111,15,23,1,2,43,1,2,2,1,1,40,963.4689,2300,1,1,2025,16,8,15,24,1,2,43,1,2,1,1,45,955.5977,3245,1,0,0,1,other occupation
066755941030015,12,2024,16,3,18111,16,43,1,2,43,1,2,2,1,1,40,888.0009,2310,1,1,2025,16,7,16,44,1,2,43,1,2,1,1,40,1036.8266,2310,1,1,1,0,still teacher
130081700121883,12,2024,15,4,18111,31,48,1,2,44,1,1,2,1,1,45,1378.7708,2310,1,1,2025,15,8,31,49,1,2,44,1,2,1,1,45,890.8167,2320,1,1,1,0,still teacher
180811031307802,12,2024,15,4,18111,31,64,1,2,43,1,2,2,1,1,50,1162.1575,2330,1,1,2025,15,8,31,65,1,2,43,1,2,1,1,50,820.0894,2330,1,1,1,0,still teacher
092217520300191,12,2024,16,3,18011,1,43,1,2,42,1,2,2,1,1,40,2240.0041,2320,1,1,2025,16,7,1,44,1,2,42,1,2,1,1,40,2694.4199,2320,1,1,1,0,still teacher
083313530201169,12,2024,14,1,18011,9,29,1,2,43,2,1,2,1,1,28,5882.5481,2310,1,1,2025,15,5,9,29,1,2,39,2,2,1,1,28,6705.5885,4055,1,0,0,1,other occupation
420011620071416,12,2024,14,1,18011,11,40,1,1,43,1,2,1,4,1,40,356.7304,2310,1,1,2025,14,5,11,41,1,1,43,1,1,4,1,40,622.0707,2310,1,1,1,0,still teacher
068383980314162,12,2024,16,1,18011,12,50,2,2,43,1,2,1,4,1,40,4389.9402,2310,1,1,2025,16,5,12,52,2,2,43,1,1,4,1,40,4183.6931,2310,1,1,1,0,still teacher
350691107051820,12,2024,16,1,18011,12,47,1,2,43,1,2,2,1,1,38,4960.8703,2310,1,1,2025,15,5,12,48,1,2,43,1,2,1,1,40,4658.7473,2360,1,0,0,1,other occupation
086651440111163,12,2024,13,2,18011,13,54,1,2,42,1,2,2,1,1,-4,4627.7841,2310,1,1,2025,13,6,13,55,1,2,42,1,2,1,3,-1,3843.8091,2310,0,0,0,1,unemployed
063035860010163,12,2024,14,4,18011,13,74,3,2,43,1,1,2,1,2,8,4893.3282,2310,1,1,2025,14,8,13,74,3,2,43,1,2,1,5,-1,4075.7893,-1,0,0,0,1,out of labor force
062083063212000,12,2024,4,4,18011,22,65,6,2,44,2,1,2,1,1,40,1549.9433,2310,1,1,2025,12,8,22,66,6,2,43,2,2,1,2,40,1492.124,2545,1,0,0,1,other occupation
224403014368280,12,2024,16,1,18011,22,32,1,2,43,1,2,2,1,1,40,2628.1418,2310,1,1,2025,14,5,22,33,1,2,43,1,2,1,1,40,2180.1096,2310,1,1,1,0,still teacher
075414180120124,12,2024,16,4,18011,24,36,1,2,43,1,1,2,1,1,40,4297.7327,2320,1,1,2025,16,8,24,37,1,2,43,1,2,1,1,40,6157.2251,2310,1,1,1,0,still teacher
555050102488213,12,2024,16,4,18011,25,43,1,2,44,1,2,2,1,1,40,2843.8067,2330,1,1,2025,15,8,25,44,1,2,44,1,2,1,1,40,3216.4404,2310,1,1,1,0,still teacher
430146051300170,12,2024,15,1,18011,36,38,1,2,43,1,2,2,1,1,35,4864.5248,2330,1,1,2025,11,5,36,39,1,2,43,1,2,1,7,-1,8378.7804,-1,0,0,0,1,out of labor force
110926091313953,12,2024,15,3,18011,36,80,6,1,44,4,1,2,1,1,40,4136.9888,2310,1,1,2025,15,7,36,80,6,1,44,4,2,1,1,40,5717.8954,2310,1,1,1,0,still teacher
006190341385389,12,2024,15,1,18011,39,46,1,2,40,1,2,2,1,1,36,5580.623,2310,1,1,2025,15,5,39,47,1,2,40,1,2,1,1,32,5463.6721,2360,1,0,0,1,other occupation
293080108376375,12,2024,13,3,18011,39,65,1,2,39,1,1,2,1,1,23,3783.3646,2300,1,1,2025,13,7,39,66,1,2,39,1,2,1,5,-1,4529.7232,-1,0,0,0,1,out of labor force
180830800961993,12,2024,15,4,18011,39,31,1,2,43,1,2,2,1,1,40,5460.4772,2310,1,1,2025,15,8,39,32,1,2,43,1,2,1,1,40,6376.5465,2310,1,1,1,0,still teacher
101675900281764,12,2024,15,1,18011,42,50,1,2,44,1,2,2,1,1,40,4123.163,2310,1,1,2025,11,5,42,51,1,2,44,1,2,1,1,40,5161.3908,2320,1,1,1,0,still teacher
084011057312462,12,2024,15,2,18011,42,27,1,2,44,1,1,2,1,1,40,4399.7356,2310,1,1,2025,15,6,42,28,1,2,44,1,2,1,1,40,4811.3619,2310,1,1,1,0,still teacher
030147071406070,12,2024,15,4,18011,47,36,1,1,43,1,1,2,1,1,40,3659.6807,2310,1,1,2025,15,8,47,37,1,1,43,1,2,1,1,40,4918.6126,2310,1,1,1,0,still teacher
093499650241137,12,2024,14,1,18011,47,20,6,2,39,2,2,1,1,1,40,5334.8042,2300,1,1,2025,3,5,47,21,6,2,39,2,1,1,1,40,8746.4664,2300,1,1,1,0,still teacher
007110553404528,12,2024,15,3,18011,51,59,1,1,43,1,1,2,3,1,40,4562.7126,2310,1,1,2025,15,7,51,60,1,1,43,1,2,3,1,40,5587.3817,2310,1,1,1,0,still teacher
109110508097615,12,2024,15,2,18011,51,45,1,2,43,1,2,2,1,1,40,4292.1611,2300,1,1,2025,15,6,51,46,1,2,43,1,2,1,1,40,3852.8788,2310,1,1,1,0,still teacher
065031027511133,12,2024,16,4,18011,51,55,1,1,44,1,1,2,1,1,50,4451.6633,2320,1,1,2025,15,8,51,56,1,1,44,1,2,1,1,40,4677.9218,2320,1,1,1,0,still teacher
065031027511133,12,2024,16,4,18011,51,50,1,2,44,1,4,2,1,1,60,5152.1007,2320,1,1,2025,15,8,51,51,1,2,44,1,2,1,1,40,5243.8435,2555,1,0,0,1,other occupation
320662061202519,12,2024,14,2,18111,22,39,1,2,43,1,2,2,1,1,40,1700.6546,2310,1,1,2025,13,6,22,40,1,2,43,1,2,1,1,40,1671.5656,5260,1,0,0,1,other occupation
240363001201119,12,2024,16,2,18111,23,44,1,2,43,4,2,2,1,1,35,1756.6619,2310,1,1,2025,14,6,23,45,1,2,43,4,2,1,1,40,3442.8488,4521,1,0,0,1,other occupation
006150277820737,12,2024,16,4,18111,25,60,1,1,43,1,1,2,1,1,40,3371.2586,2320,1,1,2025,16,8,25,61,1,1,43,1,2,1,1,60,3209.5556,2320,1,1,1,0,still teacher
310213001301912,12,2024,13,1,18111,33,34,1,2,44,1,1,2,1,1,35,1582.0784,2310,1,1,2025,15,5,33,35,1,2,44,1,2,1,1,35,1309.8869,2310,1,1,1,0,still teacher
109140514458454,12,2024,16,4,18111,54,34,4,2,43,1,3,2,1,1,40,707.1953,2320,1,1,2025,14,8,54,35,4,2,43,1,2,1,1,40,901.1931,2600,1,0,0,1,other occupation
345021106734534,12,2024,13,1,18111,54,67,3,2,44,1,1,2,1,1,40,851.2848,2320,1,1,2025,15,5,54,68,3,2,44,1,2,1,5,-1,959.8464,-1,0,0,0,1,out of labor force
248091101746570,12,2024,13,2,18111,54,62,1,2,43,1,2,2,1,2,40,696.1403,2300,1,1,2025,13,6,54,63,1,2,43,1,2,1,1,40,742.2489,4600,1,0,0,1,other occupation
120372001024909,12,2024,15,4,18011,2,60,1,2,43,1,1,2,1,1,24,600.6447,2310,1,1,2025,16,8,2,61,1,2,43,1,2,1,5,-1,533.8048,2310,0,0,0,1,out of labor force
910545071001589,12,2024,16,3,18011,5,48,4,2,42,6,3,2,1,1,-4,1948.7977,2310,1,1,2025,16,7,5,49,4,2,42,6,2,1,7,-1,1881.2633,-1,0,0,0,1,out of labor force
020263080616214,12,2024,15,2,18011,6,56,1,2,44,2,1,2,1,1,45,6971.6577,2310,1,1,2025,15,6,6,56,1,2,44,2,2,1,1,40,5889.3174,2310,1,1,1,0,still teacher
840416001012912,12,2024,6,4,18011,6,49,1,2,44,1,2,2,1,1,40,4552.7469,2310,1,1,2025,16,8,6,50,1,2,44,1,2,1,1,40,4286.4718,2310,1,1,1,0,still teacher
930630781001361,12,2024,16,2,18011,6,26,1,2,44,1,2,2,1,2,40,4825.2548,2300,1,1,2025,15,6,6,27,1,2,44,1,2,1,1,20,5175.0152,2310,1,1,1,0,still teacher
002160136521646,12,2024,15,4,18011,16,36,1,1,43,1,1,1,1,1,45,989.3334,2310,1,1,2025,15,8,16,37,1,1,43,1,1,1,1,40,1486.8879,2310,1,1,1,0,still teacher
397956601000511,12,2024,14,4,18011,17,77,4,2,43,1,1,2,1,1,36,3983.2391,2320,1,1,2025,13,8,17,78,4,2,43,1,2,1,1,35,4039.0469,2320,1,1,1,0,still teacher
011052036417672,12,2024,12,2,18011,17,54,1,2,42,2,1,2,1,1,40,7843.3579,2300,1,1,2025,11,6,17,56,1,2,42,2,2,1,1,38,7056.91,4600,1,0,0,1,other occupation
011700504359817,12,2024,13,1,18011,18,32,1,2,43,1,2,1,1,1,40,3679.4778,2310,1,1,2025,13,5,18,33,1,2,43,1,1,1,1,40,4818.3125,2320,1,1,1,0,still teacher
100898900862651,12,2024,15,3,18011,18,27,6,2,43,1,1,2,1,1,40,4290.788,2320,1,1,2025,15,7,18,28,6,2,43,1,2,1,1,40,3483.688,2320,1,1,1,0,still teacher
098060105974187,12,2024,13,1,18011,19,62,4,2,43,2,1,2,1,1,37,2718.3257,2310,1,1,2025,13,5,19,63,4,2,43,2,2,1,1,40,3325.7903,2310,1,1,1,0,still teacher
081033017919319,12,2024,16,4,18011,19,49,1,2,43,1,1,2,1,1,35,3430.8318,2310,1,1,2025,16,8,19,50,1,2,43,1,2,1,1,50,2599.2327,2310,1,1,1,0,still teacher
070392466031460,12,2024,13,2,18011,26,60,6,2,43,1,1,2,1,1,40,4171.3694,2310,1,1,2025,12,6,26,61,6,2,43,1,2,1,1,40,4646.6856,2320,1,1,1,0,still teacher
271600921575627,12,2024,15,3,18011,26,56,1,2,44,2,1,2,1,1,40,4962.3056,2310,1,1,2025,15,7,26,57,1,2,44,2,2,1,1,40,6394.862,2310,1,1,1,0,still teacher
000100311832620,12,2024,15,2,18011,30,53,1,2,43,1,1,2,1,1,40,632.1732,2320,1,1,2025,16,6,30,54,1,2,43,1,2,1,1,40,638.7027,2310,1,1,1,0,still teacher
660092011363914,12,2024,15,4,18011,32,24,6,2,43,1,3,2,1,1,40,3048.7769,2310,1,1,2025,15,8,32,25,6,2,43,1,2,1,1,40,2141.5577,2310,1,1,1,0,still teacher
260092011373994,12,2024,12,1,18011,32,40,4,2,43,2,1,2,1,1,40,2057.2782,2310,1,1,2025,8,5,32,41,4,2,44,2,2,1,7,-1,1889.3628,-1,0,0,0,1,out of labor force
004150366539989,12,2024,9,4,18011,35,50,1,2,42,1,1,1,1,1,35,1218.8631,2310,1,1,2025,8,8,35,51,1,2,43,1,1,1,1,25,1216.0701,2310,1,1,1,0,still teacher
390213207021582,12,2024,12,3,18011,38,32,6,1,44,1,1,2,1,1,50,696.173,2310,1,1,2025,12,7,38,33,6,1,44,1,2,1,1,40,873.0057,2310,1,1,1,0,still teacher
550018091329290,12,2024,16,1,18011,38,47,1,2,44,1,1,2,1,1,40,750.7746,2310,1,1,2025,15,5,38,48,1,2,44,1,2,1,1,40,561.2583,2310,1,1,1,0,still teacher
054067073910344,12,2024,16,2,18011,40,44,1,2,40,1,2,2,1,1,26,2402.4819,2300,1,1,2025,16,6,40,45,1,2,40,1,2,1,7,-1,2810.1106,-1,0,0,0,1,out of labor force
003110412322753,12,2024,15,1,18011,41,37,1,2,40,6,2,2,1,1,36,4606.0667,2310,1,1,2025,15,5,41,38,1,2,43,6,2,1,1,36,4666.8427,2545,1,0,0,1,other occupation
064466120718133,12,2024,14,4,18011,48,29,6,1,43,1,3,1,1,1,40,6055.5704,2310,1,1,2025,12,8,48,30,6,1,43,1,1,1,1,35,5180.2412,2310,1,1,1,0,still teacher
004180413560254,12,2024,16,2,18011,48,39,4,2,44,1,1,2,1,1,35,5089.8651,2310,1,1,2025,12,6,48,40,4,2,44,1,2,1,1,35,6706.898,2310,1,1,1,0,still teacher
034287006318292,12,2024,16,3,18011,48,49,1,2,43,1,1,2,1,1,40,4348.3938,2310,1,1,2025,16,7,48,50,1,2,43,1,2,1,1,50,5344.6464,2310,1,1,1,0,still teacher
034287006318292,12,2024,16,3,18011,48,50,1,1,45,1,2,2,1,1,40,4776.3326,2310,1,1,2025,16,7,48,51,1,1,45,1,2,1,1,50,5726.655,2310,1,1,1,0,still teacher
170344900399915,12,2024,13,4,18011,53,26,1,2,43,1,2,1,1,1,29,5085.6651,2320,1,1,2025,15,8,53,27,1,2,43,1,1,1,1,-4,4805.136,2310,1,1,1,0,still teacher
008130595395073,12,2024,16,2,18011,53,46,1,1,44,1,2,2,1,1,40,4633.0657,2310,1,1,2025,15,6,53,47,1,1,44,1,2,1,1,40,5699.4314,2310,1,1,1,0,still teacher
705472125030016,12,2024,13,2,18011,55,24,1,1,43,1,1,2,1,1,40,4439.2484,2320,1,1,2025,14,6,55,25,1,1,43,1,2,1,1,45,4339.301,2320,1,1,1,0,still teacher
776571695020018,12,2024,10,2,18011,56,44,1,1,44,1,2,2,1,1,40,385.1331,2310,1,1,2025,16,6,56,46,1,1,44,1,2,1,1,40,340.5693,2320,1,1,1,0,still teacher
180672500677915,12,2024,15,2,18011,56,44,1,1,41,1,2,2,1,1,45,385.1331,2310,1,1,2025,4,6,56,45,1,1,41,1,2,1,1,40,340.5693,2320,1,1,1,0,still teacher
171050700553441,12,2024,15,3,18111,15,43,1,2,43,1,2,2,1,1,40,673.177,2310,1,1,2025,15,7,15,44,1,2,43,1,2,1,1,40,988.8776,2310,1,1,1,0,still teacher
065378820110146,12,2024,15,4,18111,16,57,1,2,43,1,2,2,1,1,40,815.6196,2310,1,1,2025,15,8,16,57,1,2,43,1,2,1,1,40,932.0615,2310,1,1,1,0,still teacher
130804011996200,12,2024,15,1,18111,31,53,1,2,43,1,2,2,1,1,40,1662.8854,2310,1,1,2025,15,5,31,54,1,2,43,1,2,1,1,40,1835.0778,2310,1,1,1,0,still teacher
232705113295600,12,2024,12,2,18111,32,21,6,2,40,1,3,1,1,1,15,2774.3137,2310,1,1,2025,14,6,32,22,6,2,42,1,1,1,1,30,3770.7371,2310,1,1,1,0,still teacher
034031045410831,12,2024,16,2,18111,40,51,1,2,43,1,1,2,1,1,40,2631.4696,2310,1,1,2025,16,6,40,51,1,2,43,1,2,1,1,60,2872.6626,2310,1,1,1,0,still teacher
160239500184504,12,2024,15,2,18111,41,40,1,1,44,1,1,2,1,1,40,3082.1031,2310,1,1,2025,15,6,41,41,1,1,44,1,2,1,1,50,2687.0553,2310,1,1,1,0,still teacher
000075047011199,12,2024,15,2,18011,1,26,1,2,44,1,1,2,1,1,40,3352.3606,2330,1,1,2025,15,6,1,27,1,2,44,1,2,1,1,40,3796.3497,2320,1,1,1,0,still teacher
696050103701042,12,2024,13,2,18011,9,45,4,2,44,1,1,2,1,1,40,3166.0891,2320,1,1,2025,13,6,9,46,4,2,44,1,2,1,1,40,3509.4672,2320,1,1,1,0,still teacher
710087101620195,12,2024,11,4,18011,11,64,6,2,44,1,1,2,1,1,-4,387.7338,2310,1,1,2025,10,8,11,65,6,2,44,1,2,1,1,-4,404.3465,2360,1,0,0,1,other occupation
951500006329318,12,2024,13,4,18011,13,52,4,2,44,1,1,2,1,1,40,5576.5457,2310,1,1,2025,14,8,13,53,4,2,43,1,2,1,1,40,4828.9726,2310,1,1,1,0,still teacher
056834400220121,12,2024,7,3,18011,21,57,6,1,45,1,1,2,1,1,-4,4429.5623,2310,1,1,2025,7,7,21,58,6,1,45,1,2,1,1,-4,5497.9909,2310,1,1,1,0,still teacher
052062059214737,12,2024,16,2,18011,24,43,1,2,44,1,1,2,1,1,45,4170.2676,2320,1,1,2025,16,6,24,44,1,2,44,1,2,1,1,45,5875.6651,2320,1,1,1,0,still teacher
053037039613688,12,2024,12,2,18011,33,41,1,2,43,1,1,2,1,1,40,1776.5378,2310,1,1,2025,13,6,33,42,1,2,43,1,2,1,1,40,1162.6645,2310,1,1,1,0,still teacher
033057045413831,12,2024,13,1,18011,33,41,4,2,43,1,1,2,1,1,40,1442.2131,2310,1,1,2025,1,5,33,42,4,2,43,1,2,1,1,-4,1175.8617,8950,1,0,0,1,other occupation
080269290230126,12,2024,16,1,18011,36,67,1,1,44,1,1,2,1,1,40,4789.3243,2320,1,1,2025,16,5,36,68,1,1,44,1,2,1,1,40,4081.3011,1108,1,0,0,1,other occupation
073157011216754,12,2024,16,4,18011,36,51,1,2,44,1,1,2,1,1,40,4923.7365,2330,1,1,2025,16,8,36,52,1,2,44,1,2,1,1,50,5145.6576,2330,1,1,1,0,still teacher
003160376930464,12,2024,16,4,18011,36,51,1,2,44,1,1,2,1,1,40,4923.7365,2310,1,1,2025,16,8,36,52,1,2,44,1,2,1,1,40,5145.6576,2310,1,1,1,0,still teacher
007157060830196,12,2024,16,1,18011,36,56,1,2,44,1,2,2,1,1,35,5327.639,2310,1,1,2025,16,5,36,57,1,2,44,1,2,1,1,40,5360.2933,2320,1,1,1,0,still teacher
005170352223237,12,2024,13,4,18011,37,52,1,2,43,1,2,2,1,1,40,3750.9259,2310,1,1,2025,15,8,37,52,1,2,43,1,2,1,1,38,5136.669,2310,1,1,1,0,still teacher
260053391021290,12,2024,15,2,18011,39,33,1,1,44,1,1,2,1,1,40,6605.7109,2320,1,1,2025,15,6,39,34,1,1,44,1,2,1,1,35,7331.9885,2320,1,1,1,0,still teacher
921051106297450,12,2024,16,1,18011,42,56,1,2,43,1,2,2,1,2,40,4924.5514,2310,1,1,2025,16,5,42,57,1,2,43,1,2,1,1,40,5777.2791,2310,1,1,1,0,still teacher
074024067212404,12,2024,16,3,18011,42,35,1,2,44,1,2,2,1,1,40,3660.0626,2310,1,1,2025,16,7,42,36,1,2,44,1,2,1,1,50,5428.1371,2310,1,1,1,0,still teacher
964286864070013,12,2024,16,3,18011,44,48,1,1,44,1,1,2,1,1,36,1149.7401,2320,1,1,2025,16,7,44,49,1,1,44,1,2,1,1,40,1068.6038,3230,1,0,0,1,other occupation
964286864070013,12,2024,16,3,18011,44,51,1,1,44,1,2,2,1,1,36,1230.8414,2310,1,1,2025,16,7,44,52,1,1,44,1,2,1,1,40,1018.8321,2310,1,1,1,0,still teacher
065003031411822,12,2024,13,3,18011,51,44,4,2,44,2,2,2,1,1,40,4315.634,2330,1,1,2025,13,7,51,45,4,2,44,2,2,1,1,40,5596.0047,2330,1,1,1,0,still teacher
040170688041810,12,2024,15,1,18111,1,42,1,2,44,1,1,2,1,1,40,2975.014,2310,1,1,2025,16,5,1,43,1,2,44,1,2,1,1,40,3052.1724,2310,1,1,1,0,still teacher
751020109692213,12,2024,16,3,18111,25,36,1,2,44,1,2,2,1,1,37,3473.1689,2310,1,1,2025,16,7,25,37,1,2,44,1,2,1,1,37,4301.8801,2310,1,1,1,0,still teacher
005150255231482,12,2024,5,3,18111,25,52,1,2,44,1,1,1,5,1,15,3518.7419,2310,1,1,2025,5,7,25,53,1,2,44,1,1,5,1,20,3937.8413,2310,1,1,1,0,still teacher
090574051307399,12,2024,16,3,18111,34,54,1,2,43,1,2,2,1,1,35,4489.4554,2300,1,1,2025,16,7,34,55,1,2,43,1,2,1,1,35,4152.138,2555,1,0,0,1,other occupation
014848940440107,12,2024,15,2,18111,47,37,1,2,40,1,2,2,1,1,24,4748.1987,2310,1,1,2025,15,6,47,38,1,2,43,1,2,1,1,32,4766.9641,2310,1,1,1,0,still teacher
004150064641658,12,2024,16,1,18011,5,63,1,2,44,1,2,2,1,1,60,1384.5,2310,1,1,2025,13,5,5,64,1,2,44,1,2,1,1,40,1402.3401,2310,1,1,1,0,still teacher
160523400572970,12,2024,15,2,18011,5,51,1,2,44,1,2,2,1,1,-4,1992.9513,2310,1,1,2025,15,6,5,52,1,2,44,1,2,1,1,50,2013.7799,2320,1,1,1,0,still teacher
290735061004257,12,2024,15,2,18011,5,49,1,2,44,1,1,2,1,1,40,1915.6376,2310,1,1,2025,15,6,5,50,1,2,44,1,2,1,1,40,2013.7799,2310,1,1,1,0,still teacher
002150082657368,12,2024,4,1,18011,5,38,1,2,39,1,2,2,1,1,40,1377.4767,2300,1,1,2025,14,5,5,39,1,2,40,1,2,1,1,40,2353.5736,440,1,0,0,1,other occupation
651000826457607,12,2024,14,1,18011,6,37,1,2,44,1,2,2,1,1,40,4589.4844,2310,1,1,2025,11,5,6,38,1,2,44,1,2,1,1,40,5943.3604,2310,1,1,1,0,still teacher
040251090116224,12,2024,16,2,18011,6,31,1,2,44,1,4,1,1,1,40,3934.6885,2310,1,1,2025,15,6,6,33,1,2,44,1,1,1,7,-1,4794.1057,-1,0,0,0,1,out of labor force
711000825977608,12,2024,15,4,18011,6,54,1,2,44,1,2,2,1,1,40,4202.7554,2310,1,1,2025,15,8,6,55,1,2,44,1,2,1,1,40,4094.1903,2310,1,1,1,0,still teacher
040003027016231,12,2024,11,4,18011,6,43,6,2,43,1,1,1,5,1,40,4015.432,2310,1,1,2025,12,8,6,44,6,2,43,1,1,5,1,6,4853.2742,2310,1,1,1,0,still teacher
331300101954609,12,2024,14,2,18011,6,29,1,2,43,1,2,1,1,1,40,4202.6578,2310,1,1,2025,14,6,6,30,1,2,43,1,1,1,1,40,4712.0204,2310,1,1,1,0,still teacher
000007017118104,12,2024,9,3,18011,8,33,1,2,42,2,1,2,4,1,40,4770.6051,2300,1,1,2025,9,7,8,34,1,2,42,2,2,4,1,32,10100.8385,2300,1,1,1,0,still teacher
070891567021553,12,2024,11,3,18011,15,36,4,2,42,5,1,2,1,1,40,801.6456,2310,1,1,2025,11,7,15,37,4,2,42,5,2,1,1,40,1110.9056,2310,1,1,1,0,still teacher
080195091145296,12,2024,13,1,18011,15,57,3,2,44,1,1,2,1,1,40,811.5489,2310,1,1,2025,13,5,15,58,3,2,44,1,2,1,1,40,883.3907,2310,1,1,1,0,still teacher
071113096116580,12,2024,16,1,18011,16,45,1,2,44,1,2,2,1,1,50,1090.4093,2310,1,1,2025,16,5,16,46,1,2,44,1,2,1,1,50,1009.6797,2320,1,1,1,0,still teacher
666080105037179,12,2024,15,3,18011,16,51,1,2,42,1,2,2,1,1,40,1001.9038,2310,1,1,2025,15,7,16,52,1,2,42,1,2,1,1,40,1262.8818,2310,1,1,1,0,still teacher
151100905940715,12,2024,15,3,18011,17,37,1,2,44,1,1,2,5,1,40,3644.0761,2320,1,1,2025,15,7,17,38,1,2,44,1,2,5,1,40,4202.7316,2320,1,1,1,0,still teacher
228420161050017,12,2024,13,1,18011,18,46,1,2,43,1,1,2,1,1,55,4174.6607,2310,1,1,2025,13,5,18,47,1,2,43,1,2,1,1,40,4477.5703,2310,1,1,1,0,still teacher
761200909119914,12,2024,16,2,18011,19,19,6,2,40,1,2,2,1,1,40,2651.5574,2300,1,1,2025,15,6,19,20,6,2,41,1,2,1,1,40,2912.2569,4600,1,0,0,1,other occupation
789834011030010,12,2024,11,3,18011,19,27,6,2,43,1,1,2,1,1,45,2524.9051,2310,1,1,2025,11,7,19,28,6,2,43,1,2,1,1,40,2876.5717,2310,1,1,1,0,still teacher
016727000110129,12,2024,14,1,18011,19,34,1,2,40,1,1,2,1,1,20,2505.3634,2310,1,1,2025,15,5,19,35,1,2,40,1,2,1,1,25,2463.5664,2722,1,0,0,1,other occupation
430641762090011,12,2024,12,4,18011,20,28,1,2,43,1,2,2,1,1,40,2829.0139,2310,1,1,2025,13,8,20,29,1,2,43,1,2,1,1,40,2944.8254,2310,1,1,1,0,still teacher
625906014881640,12,2024,15,1,18011,26,42,4,1,44,1,1,2,1,1,50,3946.9738,2310,1,1,2025,14,5,26,43,4,1,44,1,2,1,1,43,4696.1084,2310,1,1,1,0,still teacher
547907722030017,12,2024,12,2,18011,27,23,6,1,43,1,1,2,1,1,40,4405.2949,2320,1,1,2025,13,6,27,24,6,1,43,1,2,1,1,40,5734.6863,2310,1,1,1,0,still teacher
072895260420159,12,2024,16,4,18011,29,27,6,2,44,1,5,2,1,1,40,4278.6963,2310,1,1,2025,16,8,29,28,6,2,44,1,2,1,1,40,4465.6958,2310,1,1,1,0,still teacher
520922260001991,12,2024,7,3,18011,29,80,4,2,44,1,1,2,1,1,-4,2695.399,2310,1,1,2025,7,7,29,80,4,2,44,1,2,1,5,-1,2869.5257,-1,0,0,0,1,out of labor force
540329081209291,12,2024,14,4,18011,29,62,1,2,44,2,1,2,1,1,45,4846.9774,2310,1,1,2025,16,8,29,63,1,2,44,2,2,1,5,-1,6728.8435,-1,0,0,0,1,out of labor force
111700275717235,12,2024,12,2,18011,32,37,4,1,43,1,1,2,1,1,35,1998.0162,2310,1,1,2025,13,6,32,38,4,1,43,1,2,1,1,40,2642.3434,2320,1,1,1,0,still teacher
004110414558454,12,2024,14,3,18011,41,47,1,1,44,1,2,2,1,1,50,2361.2667,2310,1,1,2025,14,7,41,48,1,1,44,1,2,1,7,-1,2855.7681,-1,0,0,0,1,out of labor force
149605013407160,12,2024,14,1,18011,41,57,1,2,44,1,1,2,1,1,16,2780.9976,2310,1,1,2025,14,5,41,58,1,2,44,1,2,1,1,-4,3043.1508,2310,1,1,1,0,still teacher
180606200649234,12,2024,13,3,18011,46,23,6,2,43,1,2,2,1,1,40,1075.8882,2310,1,1,2025,13,7,46,24,6,2,43,1,2,1,1,40,1062.4864,2310,1,1,1,0,still teacher
849506014094310,12,2024,16,4,18011,48,29,1,1,43,1,1,2,3,1,40,8161.6639,2320,1,1,2025,16,8,48,30,1,1,43,1,2,3,1,40,5509.7116,2310,1,1,1,0,still teacher
023255785000118,12,2024,1,4,18011,53,55,4,2,42,1,1,2,1,1,40,3827.4792,2310,1,1,2025,13,8,53,56,4,2,43,1,2,1,1,40,3849.7136,2310,1,1,1,0,still teacher
040083027115531,12,2024,15,4,18111,5,53,1,2,41,1,2,2,1,1,40,1695.3518,2300,1,1,2025,14,8,5,54,1,2,41,1,2,1,1,40,1469.0122,8950,1,0,0,1,other occupation
004100346536107,12,2024,12,4,18111,30,47,4,2,44,1,1,2,1,1,40,531.8233,2310,1,1,2025,11,8,30,48,4,2,44,1,2,1,1,45,499.1418,2310,1,1,1,0,still teacher
806030100986390,12,2024,13,4,18111,30,53,6,2,44,1,1,2,1,1,50,481.4491,2310,1,1,2025,13,8,30,54,6,2,44,1,2,1,1,50,521.7952,2320,1,1,1,0,still teacher
094968430930105,12,2024,16,4,18111,35,45,1,1,43,1,1,2,1,1,40,1212.3584,2310,1,1,2025,16,8,35,46,1,1,43,1,2,1,1,40,1390.9951,2320,1,1,1,0,still teacher
660053368091881,12,2024,15,4,18111,38,33,1,2,44,1,2,2,1,1,53,761.9579,2310,1,1,2025,15,8,38,34,1,2,44,1,2,1,1,45,983.3782,2310,1,1,1,0,still teacher
003160477148439,12,2024,14,1,18111,46,70,1,2,44,1,2,2,1,1,8,834.0986,2310,1,1,2025,14,5,46,71,1,2,44,1,2,1,1,40,753.0991,2310,1,1,1,0,still teacher
649102011924440,12,2024,15,3,18111,46,26,6,2,43,1,2,2,1,1,44,846.8732,2320,1,1,2025,15,7,46,27,1,2,43,1,2,1,1,40,1015.1916,2320,1,1,1,0,still teacher
201986390060017,12,2024,16,2,18011,1,48,1,2,46,1,1,2,1,1,40,1977.9039,2310,1,1,2025,16,6,1,49,1,2,46,1,2,1,1,40,1654.7305,2310,1,1,1,0,still teacher
222646021003589,12,2024,16,4,18011,6,50,4,2,44,1,1,1,1,1,48,3713.2058,2310,1,1,2025,16,8,6,51,4,2,44,1,1,1,1,40,4248.8077,2310,1,1,1,0,still teacher
380050210071491,12,2024,14,3,18011,9,39,1,2,44,1,2,2,1,1,40,2330.7841,2320,1,1,2025,14,7,9,40,1,2,44,1,2,1,1,40,3209.8435,2320,1,1,1,0,still teacher
120771572071502,12,2024,14,4,18011,10,51,1,2,44,1,1,2,1,1,40,804.8806,2320,1,1,2025,16,8,10,52,1,2,44,1,2,1,1,36,863.9531,2310,1,1,1,0,still teacher
002791301010013,12,2024,15,2,18011,12,36,1,2,44,1,1,2,1,1,40,5341.55,2310,1,1,2025,16,6,12,38,1,2,44,1,2,1,1,40,4308.0856,2310,1,1,1,0,still teacher
095277670610182,12,2024,11,2,18011,12,42,4,2,43,1,1,2,1,1,40,5197.515,2310,1,1,2025,13,6,12,43,4,2,43,1,2,1,1,40,4420.636,2310,1,1,1,0,still teacher
230602041106410,12,2024,15,4,18011,12,47,1,2,43,1,1,1,4,1,40,4305.8665,2310,1,1,2025,16,8,12,48,1,2,43,1,1,4,1,-4,4889.2867,4655,1,0,0,1,other occupation
030088670410142,12,2024,12,3,18011,12,46,4,1,43,1,2,2,1,1,37,4391.8675,2310,1,1,2025,12,7,12,47,4,1,43,1,2,1,1,38,5340.0504,7340,1,0,0,1,other occupation
160936800376991,12,2024,15,1,18011,13,40,1,2,43,4,2,2,4,1,40,4584.1419,2310,1,1,2025,15,5,13,41,1,2,43,4,2,4,1,20,5867.1897,2360,1,0,0,1,other occupation
151900836149512,12,2024,10,4,18011,15,44,6,2,39,1,1,1,1,1,40,720.5388,2300,1,1,2025,11,8,15,45,6,2,39,1,1,1,1,40,801.7361,2300,1,1,1,0,still teacher
044882440210129,12,2024,16,3,18011,19,50,1,2,44,1,2,2,1,1,40,2405.1886,2310,1,1,2025,16,7,19,51,1,2,44,1,2,1,1,40,2684.6068,2310,1,1,1,0,still teacher
105110211232620,12,2024,16,2,18011,21,58,1,1,44,1,1,2,1,1,40,4979.2518,2330,1,1,2025,16,6,21,60,1,1,45,1,2,1,1,40,4686.6388,2330,1,1,1,0,still teacher
110699300542602,12,2024,14,3,18011,25,49,6,2,43,1,6,2,1,1,40,3271.2536,2300,1,1,2025,8,7,25,50,6,2,43,1,2,1,1,40,4567.5814,2300,1,1,1,0,still teacher
350597001211753,12,2024,14,3,18011,27,40,1,2,43,1,1,2,1,1,40,3253.6116,2310,1,1,2025,14,7,27,41,1,2,43,1,2,1,1,40,2699.6663,2310,1,1,1,0,still teacher
300511071303234,12,2024,16,3,18011,31,41,6,2,43,1,2,2,1,1,40,1036.6377,2320,1,1,2025,16,7,31,42,6,2,43,1,2,1,1,50,1454.3146,2320,1,1,1,0,still teacher
726052101518339,12,2024,15,1,18011,32,44,1,2,43,1,3,2,1,1,40,2240.5418,2310,1,1,2025,8,5,32,45,1,2,39,1,2,1,1,40,2462.8714,2545,1,0,0,1,other occupation
000180329998372,12,2024,16,2,18011,38,51,1,2,46,1,1,2,1,1,40,640.0078,2310,1,1,2025,15,6,38,52,1,2,46,1,2,1,1,45,587.269,2545,1,0,0,1,other occupation
242705111995600,12,2024,16,1,18011,42,53,1,2,43,1,2,2,1,1,40,4313.9128,2310,1,1,2025,16,5,42,54,1,2,43,1,2,1,1,40,5588.5352,2320,1,1,1,0,still teacher
064007052418392,12,2024,15,4,18011,48,56,1,2,44,1,2,2,1,1,40,3898.9719,2310,1,1,2025,13,8,48,57,1,2,44,1,2,1,1,40,3565.8884,2310,1,1,1,0,still teacher
180001104503410,12,2024,15,1,18011,48,32,6,2,44,2,1,2,1,1,40,7563.399,2310,1,1,2025,14,5,48,33,6,2,44,2,2,1,1,40,8141.1764,2310,1,1,1,0,still teacher
088040103642425,12,2024,12,1,18011,48,57,1,2,44,1,2,2,1,1,50,4816.1373,2310,1,1,2025,16,5,48,59,1,2,44,1,2,1,1,40,5056.0873,2310,1,1,1,0,still teacher
084052077018512,12,2024,16,1,18011,48,43,1,2,44,1,2,2,3,1,40,5127.4249,2310,1,1,2025,16,5,48,44,1,2,44,1,2,3,1,40,5433.7484,2310,1,1,1,0,still teacher
880071100806426,12,2024,15,1,18011,48,61,1,1,43,1,1,1,3,1,40,5223.5571,2310,1,1,2025,14,5,48,62,1,1,43,1,1,3,1,40,5783.5968,2320,1,1,1,0,still teacher
008110527327227,12,2024,13,4,18011,51,29,6,2,43,1,1,2,1,1,40,5157.5404,2310,1,1,2025,13,8,51,30,6,2,43,1,2,1,1,40,3501.7099,2310,1,1,1,0,still teacher
001460100952153,12,2024,16,3,18011,53,43,1,2,43,1,2,2,1,1,40,3743.5051,2310,1,1,2025,16,7,53,44,1,2,43,1,2,1,1,40,5616.1575,2310,1,1,1,0,still teacher
146315700175471,12,2024,14,3,18111,11,44,1,1,44,1,1,2,1,1,40,276.4432,2310,1,1,2025,14,7,11,45,1,1,44,1,2,1,1,40,442.8634,2310,1,1,1,0,still teacher
156061109908125,12,2024,9,2,18111,15,58,2,2,43,1,1,2,1,1,-4,780.6023,2310,1,1,2025,15,6,15,59,2,2,43,1,2,1,1,40,867.3714,230,1,0,0,1,other occupation
882550982040014,12,2024,15,1,18111,22,58,1,2,43,1,2,2,1,1,40,2401.0279,2310,1,1,2025,14,5,22,59,1,2,43,1,2,1,1,40,2548.6242,2145,1,0,0,1,other occupation
083001083111728,12,2024,16,4,18111,31,55,1,2,44,1,1,2,1,1,40,1300.2886,2320,1,1,2025,16,8,31,56,1,2,44,1,2,1,5,-1,836.6556,2310,0,0,0,1,out of labor force
083001083111728,12,2024,16,4,18111,31,55,1,1,44,1,2,2,1,1,40,1384.8568,2320,1,1,2025,16,8,31,55,1,1,44,1,2,1,1,75,854.6562,2320,1,1,1,0,still teacher
401050102925479,12,2024,16,4,18111,40,45,1,2,39,1,2,2,1,1,20,2686.0784,2300,1,1,2025,16,8,40,46,1,2,39,1,2,1,1,20,2224.1487,2300,1,1,1,0,still teacher
074094073610754,12,2024,15,2,18111,40,68,1,2,43,1,1,2,1,1,40,2019.3239,2310,1,1,2025,14,6,40,69,1,2,43,1,2,1,1,40,2021.2759,2310,1,1,1,0,still teacher
604811911444610,12,2024,16,3,18011,6,47,1,2,44,1,2,2,1,1,40,2840.1816,2310,1,1,2025,16,7,6,48,1,2,44,1,2,1,1,40,3477.7503,2310,1,1,1,0,still teacher
262069117523024,12,2024,16,3,18011,6,61,1,2,44,1,2,1,1,1,40,3146.9089,2310,1,1,2025,16,7,6,62,1,2,44,1,1,1,1,36,3639.3271,3255,1,0,0,1,other occupation
012292000402136,12,2024,10,3,18011,6,42,4,2,42,1,1,1,4,1,40,4737.7765,2300,1,1,2025,10,7,6,43,4,2,42,1,1,4,1,40,4918.4305,2310,1,1,1,0,still teacher
610040707031862,12,2024,16,1,18011,6,55,1,1,43,1,2,2,1,1,40,4238.5843,2310,1,1,2025,16,5,6,56,1,1,43,1,2,1,1,40,4322.2012,2310,1,1,1,0,still teacher
471552651050612,12,2024,16,2,18011,11,40,1,2,43,2,2,1,1,1,40,787.597,2310,1,1,2025,15,6,11,41,1,2,43,2,1,1,1,35,870.2347,2310,1,1,1,0,still teacher
731500904332213,12,2024,13,2,18011,12,63,1,1,44,2,1,2,1,1,40,7156.0951,2310,1,1,2025,12,6,12,64,1,1,43,2,2,1,1,35,4934.7339,4760,1,0,0,1,other occupation
003449100210133,12,2024,10,2,18011,13,50,4,2,40,1,1,2,1,1,40,4627.7841,2300,1,1,2025,13,6,13,51,4,2,40,1,2,1,1,40,4434.8191,420,1,0,0,1,other occupation
716113161070119,12,2024,15,3,18011,16,50,1,2,44,1,1,2,1,1,50,917.2925,2310,1,1,2025,15,7,16,51,1,2,44,1,2,1,1,65,1170.4372,2310,1,1,1,0,still teacher
120472900674561,12,2024,10,3,18011,16,28,6,2,39,3,1,2,1,1,32,1138.3851,2300,1,1,2025,10,7,16,29,6,2,39,3,2,1,7,-1,1475.3811,-1,0,0,0,1,out of labor force
604170133777424,12,2024,12,3,18011,17,71,2,2,44,2,1,2,1,1,40,5717.5415,2300,1,1,2025,12,7,17,72,2,2,44,2,2,1,5,-1,5778.4073,-1,0,0,0,1,out of labor force
002170179686507,12,2024,16,2,18011,17,54,1,2,44,1,2,2,1,1,40,3933.5235,2310,1,1,2025,16,6,17,55,1,2,44,1,2,1,1,40,3930.6993,2310,1,1,1,0,still teacher
024437500420130,12,2024,12,3,18011,20,65,6,2,43,1,1,2,1,1,40,2052.9242,2320,1,1,2025,12,7,20,66,6,2,43,1,2,1,1,50,1744.0688,2320,1,1,1,0,still teacher
625505110049680,12,2024,14,2,18011,26,46,4,2,44,8,1,2,1,1,40,5988.7698,2310,1,1,2025,14,6,26,47,4,2,44,8,2,1,1,40,6586.7386,2310,1,1,1,0,still teacher
108170236121646,12,2024,15,3,18011,27,31,1,2,44,1,2,2,1,1,40,3348.9429,2310,1,1,2025,15,7,27,32,1,2,44,1,2,1,1,40,4376.4918,2310,1,1,1,0,still teacher
171843200352163,12,2024,16,1,18011,33,52,1,2,44,1,2,2,1,1,50,1169.2099,2310,1,1,2025,16,5,33,54,1,2,44,1,2,1,1,62,1580.8752,2310,1,1,1,0,still teacher
570163930061340,12,2024,16,1,18011,34,50,1,2,44,1,2,2,1,1,40,4551.9526,2330,1,1,2025,15,5,34,51,1,2,44,1,2,1,1,40,4858.93,2555,1,0,0,1,other occupation
013467067215440,12,2024,15,1,18011,35,51,4,2,46,1,1,2,1,1,40,1244.9276,2310,1,1,2025,16,5,35,52,4,2,46,1,2,1,1,40,1292.4357,3250,1,0,0,1,other occupation
064486860230155,12,2024,12,1,18011,35,39,6,2,42,1,3,1,1,1,40,1766.1539,2310,1,1,2025,15,5,35,40,6,2,43,1,1,1,1,40,531.4461,2330,1,1,1,0,still teacher
073195018416371,12,2024,14,1,18011,36,60,4,2,44,6,1,2,1,1,35,5520.3747,2310,1,1,2025,11,5,36,61,4,2,44,6,2,1,1,35,4731.9698,2205,1,0,0,1,other occupation
630306112447430,12,2024,16,2,18011,36,36,6,1,45,1,1,2,1,1,40,5371.5486,2310,1,1,2025,16,6,36,37,6,1,43,1,2,1,1,38,7314.4125,2310,1,1,1,0,still teacher
013011051317274,12,2024,15,3,18011,37,24,6,2,43,1,2,2,1,1,40,4558.6442,2330,1,1,2025,15,7,37,25,6,2,43,1,2,1,1,40,5281.7964,2330,1,1,1,0,still teacher
121665200798483,12,2024,13,1,18011,37,36,1,2,43,1,2,2,1,1,40,4570.8702,2320,1,1,2025,14,5,37,37,1,2,43,1,2,1,1,40,6648.6648,2320,1,1,1,0,still teacher
609532673020118,12,2024,15,3,18011,39,40,6,2,44,1,1,2,1,1,40,6041.1558,2330,1,1,2025,15,7,39,41,6,2,44,1,2,1,1,40,4284.0782,2330,1,1,1,0,still teacher
790843853041290,12,2024,15,4,18011,39,62,1,1,44,1,1,2,1,1,60,6252.5069,2320,1,1,2025,15,8,39,63,1,1,44,1,2,1,1,50,7212.1795,2320,1,1,1,0,still teacher
047602017415090,12,2024,15,4,18011,40,24,1,2,43,1,1,2,1,1,40,2881.6169,2320,1,1,2025,14,8,40,26,1,2,43,1,2,1,1,43,4525.2265,800,1,0,0,1,other occupation
001110434789637,12,2024,13,2,18011,41,69,1,2,44,1,2,2,1,1,32,2025.2601,2320,1,1,2025,16,6,41,70,1,2,44,1,2,1,1,32,2456.7236,2320,1,1,1,0,still teacher
784487634090014,12,2024,16,1,18011,44,39,4,1,45,1,1,2,1,1,40,1358.1873,2330,1,1,2025,16,5,44,41,4,1,44,1,2,1,1,40,1691.2375,1007,1,0,0,1,other occupation
084083036915213,12,2024,16,1,18011,45,42,1,2,44,1,1,2,1,1,50,3014.5712,2310,1,1,2025,16,5,45,43,1,2,44,1,2,1,1,40,2380.4027,2320,1,1,1,0,still teacher
246488644050012,12,2024,13,1,18011,46,61,3,2,44,1,1,2,1,1,16,944.3334,2320,1,1,2025,10,5,46,62,3,2,44,1,2,1,1,-4,837.5172,2310,1,1,1,0,still teacher
843513413887620,12,2024,13,1,18011,48,61,1,2,43,1,2,1,5,1,30,5722.9349,2300,1,1,2025,14,5,48,62,1,2,43,1,1,5,1,30,5075.0706,2310,1,1,1,0,still teacher
410180481641629,12,2024,13,2,18011,48,53,4,2,44,1,1,2,1,1,45,4890.0838,2310,1,1,2025,14,6,48,54,4,2,44,1,2,1,1,50,5018.7354,2310,1,1,1,0,still teacher
094245040618496,12,2024,16,3,18011,48,38,1,2,43,1,1,1,1,1,40,4836.8595,2310,1,1,2025,16,7,48,39,1,2,43,1,1,1,1,40,5504.6621,2310,1,1,1,0,still teacher
220824564051682,12,2024,12,2,18011,48,25,6,2,43,1,1,2,1,1,40,5569.2944,2310,1,1,2025,15,6,48,26,6,2,43,1,2,1,1,40,6287.899,2310,1,1,1,0,still teacher
121204300050315,12,2024,13,1,18011,50,42,1,1,42,1,1,2,1,1,38,570.6408,2310,1,1,2025,8,5,50,43,2,1,42,1,2,1,1,37,719.1116,2545,1,0,0,1,other occupation
095096063614154,12,2024,12,2,18011,54,50,1,2,43,1,1,2,1,1,40,815.448,2310,1,1,2025,15,6,54,51,1,2,43,1,2,1,1,40,802.6774,2310,1,1,1,0,still teacher
270315021501936,12,2024,15,4,18011,55,59,1,2,44,1,2,2,1,1,40,4291.6366,2320,1,1,2025,15,8,55,60,1,2,44,1,2,1,1,40,5325.4788,2310,1,1,1,0,still teacher
360946061109308,12,2024,15,1,18111,16,36,1,2,43,1,2,2,1,1,50,1120.2775,2320,1,1,2025,15,5,16,36,1,2,43,1,2,1,1,40,1516.6339,2310,1,1,1,0,still teacher
790912001205555,12,2024,13,1,18111,22,24,6,2,43,2,1,1,1,1,40,3830.487,2310,1,1,2025,13,5,22,25,6,2,43,2,1,1,1,40,4089.1343,2310,1,1,1,0,still teacher
191022600053043,12,2024,13,2,18111,30,29,1,2,43,3,1,2,1,1,40,1348.6991,2300,1,1,2025,13,6,30,30,1,2,43,3,2,1,1,40,792.5986,2300,1,1,1,0,still teacher
086239420510182,12,2024,13,3,18011,12,54,1,2,43,1,2,2,1,1,40,4868.3128,2310,1,1,2025,13,7,12,55,1,2,43,1,2,1,1,10,4542.4436,2350,1,0,0,1,other occupation
111400901469216,12,2024,15,4,18011,12,56,1,2,44,1,1,2,1,1,40,4748.428,2310,1,1,2025,15,8,12,57,1,2,44,1,2,1,1,40,4931.3295,2310,1,1,1,0,still teacher
111400901469216,12,2024,15,4,18011,12,60,1,1,43,1,2,2,1,1,40,4823.8469,2310,1,1,2025,15,8,12,61,1,1,43,1,2,1,1,40,5528.6633,2310,1,1,1,0,still teacher
009140229098372,12,2024,16,1,18011,24,50,1,2,44,1,2,2,1,1,40,4937.3559,2320,1,1,2025,16,5,24,51,1,2,44,1,2,1,1,40,7693.6778,2310,1,1,1,0,still teacher
211000406397433,12,2024,13,1,18011,34,69,1,1,43,1,1,2,1,1,14,5735.2317,2320,1,1,2025,16,5,34,70,1,1,43,1,2,1,1,24,4430.7904,2320,1,1,1,0,still teacher
211000406397433,12,2024,13,1,18011,34,31,6,2,43,1,3,2,1,1,40,5115.2268,2310,1,1,2025,16,5,34,32,6,2,43,1,2,1,1,40,5627.1278,2310,1,1,1,0,still teacher
171254100790154,12,2024,15,2,18011,47,37,1,2,44,1,1,2,1,1,40,5199.096,2320,1,1,2025,15,6,47,38,1,2,44,1,2,1,1,40,2907.4551,2310,1,1,1,0,still teacher
360545641041040,12,2024,11,2,18011,54,23,6,2,43,1,3,2,1,1,42,1178.5236,2320,1,1,2025,13,6,54,24,6,2,43,1,2,1,1,40,1284.0974,2310,1,1,1,0,still teacher
517405219945070,12,2024,15,1,18011,15,57,1,2,43,1,1,2,1,1,40,764.7353,2310,1,1,2025,15,5,15,58,1,2,43,1,2,1,1,50,1041.2601,2300,1,1,1,0,still teacher
517405219945070,12,2024,15,1,18011,15,50,1,1,43,9,2,2,1,1,-4,1262.9835,2320,1,1,2025,15,5,15,51,1,1,43,9,2,1,1,50,1705.3855,2360,1,0,0,1,other occupation
940121328011470,12,2024,15,1,18011,17,45,1,2,44,1,2,2,1,1,45,5032.7137,2310,1,1,2025,15,5,17,46,1,2,44,1,2,1,1,40,5515.6291,2310,1,1,1,0,still teacher
210497522020012,12,2024,14,4,18011,20,47,4,2,43,1,1,2,1,1,50,2149.7257,2310,1,1,2025,13,8,20,48,4,2,43,1,2,1,1,50,2232.7212,2310,1,1,1,0,still teacher
940860041302109,12,2024,11,1,18011,30,26,2,2,43,1,2,2,1,1,40,606.8364,2310,1,1,2025,12,5,30,27,2,2,43,1,2,1,1,40,732.6016,2310,1,1,1,0,still teacher
003110372259691,12,2024,16,2,18011,31,48,1,2,43,1,2,2,1,1,40,1374.2461,2310,1,1,2025,16,6,31,49,1,2,43,1,2,1,1,40,1464.4046,2310,1,1,1,0,still teacher
640795651011060,12,2024,13,4,18011,56,49,1,1,43,1,2,2,1,1,40,340.9762,2320,1,1,2025,16,8,56,50,1,1,43,1,2,1,1,40,290.5912,2310,1,1,1,0,still teacher
002110078696622,12,2024,14,3,18011,1,32,1,1,43,1,2,2,1,1,40,2874.5986,2320,1,1,2025,14,7,1,33,1,1,43,1,2,1,1,40,4835.4983,2320,1,1,1,0,still teacher
100505015013250,12,2024,15,4,18011,1,39,1,2,44,1,1,2,1,1,40,1911.7275,2310,1,1,2025,16,8,1,40,1,2,44,1,2,1,1,40,2062.3904,2310,1,1,1,0,still teacher
171300800640104,12,2024,16,3,18011,1,47,4,2,40,1,1,2,1,1,38,2324.1819,2300,1,1,2025,16,7,1,48,1,2,40,1,2,1,1,35,2786.9206,2300,1,1,1,0,still teacher
007578680510162,12,2024,12,2,18011,12,44,6,2,43,1,1,2,1,1,40,4588.5032,2310,1,1,2025,12,6,12,46,6,2,43,1,2,1,1,37,5173.6981,2310,1,1,1,0,still teacher
725080107705185,12,2024,13,4,18011,12,41,6,2,43,1,1,2,1,1,40,6406.6018,2310,1,1,2025,14,8,12,42,6,2,43,1,2,1,1,40,7333.7477,2310,1,1,1,0,still teacher
610963011101177,12,2024,16,2,18011,13,35,1,2,44,1,2,2,1,1,40,4410.8262,2310,1,1,2025,16,6,13,36,1,2,44,1,2,1,1,40,6038.2445,2310,1,1,1,0,still teacher
411900308131314,12,2024,12,1,18011,13,46,6,2,43,2,1,2,1,1,45,5108.4396,2310,1,1,2025,13,5,13,47,6,2,43,2,2,1,1,56,10562.9581,2310,1,1,1,0,still teacher
731071109443384,12,2024,16,4,18011,33,46,1,2,44,1,2,2,1,1,50,1106.1557,2310,1,1,2025,16,8,33,47,1,2,44,1,2,1,1,50,1315.8839,2310,1,1,1,0,still teacher
637008017224780,12,2024,14,3,18011,36,42,6,1,44,1,1,2,1,1,50,4648.7373,2320,1,1,2025,14,7,36,43,6,1,44,1,2,1,1,40,6140.5017,2320,1,1,1,0,still teacher
008771560730156,12,2024,16,2,18011,36,37,1,2,44,1,1,2,1,1,40,5978.4328,2310,1,1,2025,16,6,36,38,1,2,44,1,2,1,1,40,6816.2849,2310,1,1,1,0,still teacher
084285890730156,12,2024,8,3,18011,36,45,1,2,42,2,2,2,1,1,40,7320.82,2310,1,1,2025,8,7,36,46,1,2,42,2,2,1,1,40,8268.0254,2310,1,1,1,0,still teacher
077842770230136,12,2024,15,4,18011,36,25,1,1,44,1,1,2,4,1,35,6146.1799,2310,1,1,2025,15,8,36,26,1,1,44,1,2,4,1,35,7209.4344,2310,1,1,1,0,still teacher
034061005312427,12,2024,13,2,18011,42,37,1,1,43,1,1,2,1,1,40,4601.9877,2310,1,1,2025,13,6,42,38,1,1,43,1,2,1,1,40,4951.0189,2310,1,1,1,0,still teacher
980484214021121,12,2024,16,4,18011,42,23,6,2,43,1,4,2,1,1,40,6175.4009,2310,1,1,2025,16,8,42,25,6,2,43,1,2,1,1,40,6981.7414,2310,1,1,1,0,still teacher
440722071404620,12,2024,16,3,18011,42,38,1,2,43,1,2,2,1,1,35,3660.0626,2310,1,1,2025,16,7,42,39,1,2,43,1,2,1,1,35,5428.1371,2310,1,1,1,0,still teacher
480644185061642,12,2024,14,3,18011,44,36,6,1,44,1,4,2,1,1,40,1529.3821,2310,1,1,2025,16,7,44,37,6,1,44,1,2,1,1,40,1517.9269,2310,1,1,1,0,still teacher
110461800100445,12,2024,16,1,18011,51,47,1,2,40,1,2,2,1,1,-4,5196.3426,2310,1,1,2025,16,5,51,48,1,2,40,1,2,1,1,40,3767.4848,5860,1,0,0,1,other occupation
940531051167690,12,2024,13,1,18111,11,70,5,1,44,2,1,2,1,1,30,386.2946,2310,1,1,2025,14,5,11,71,5,1,43,2,2,1,1,27,473.1245,2320,1,1,1,0,still teacher
052083028412202,12,2024,16,1,18111,22,52,1,2,43,1,1,2,1,1,40,1799.4963,2320,1,1,2025,16,5,22,53,1,2,43,1,2,1,1,50,1421.6563,2310,1,1,1,0,still teacher
092628730104154,12,2024,14,3,18011,4,67,4,2,43,1,1,2,1,1,47,5345.1383,2320,1,1,2025,14,7,4,68,4,2,43,1,2,1,1,40,4699.0786,2360,1,0,0,1,other occupation
080095050818594,12,2024,16,4,18011,8,47,1,2,44,1,2,2,1,1,40,5235.9886,2310,1,1,2025,16,8,8,47,1,2,44,1,2,1,1,40,4428.1921,2360,1,0,0,1,other occupation
641500473313715,12,2024,14,4,18011,17,23,6,1,40,1,3,1,1,1,-4,4300.7818,2310,1,1,2025,13,8,17,24,6,1,43,1,1,1,1,35,6777.5732,2310,1,1,1,0,still teacher
042126027716977,12,2024,16,1,18011,26,53,1,2,43,4,2,2,5,1,40,5258.0394,2320,1,1,2025,16,5,26,55,1,2,43,4,2,5,1,40,4985.2706,2310,1,1,1,0,still teacher
897020102577253,12,2024,14,1,18011,29,51,5,2,44,1,4,2,1,1,40,3762.6301,2320,1,1,2025,14,5,29,52,5,2,43,1,2,1,1,40,4686.2064,2320,1,1,1,0,still teacher
100611700807914,12,2024,16,1,18011,48,48,1,2,44,1,2,2,1,1,50,5117.2273,2320,1,1,2025,16,5,48,49,1,2,44,1,2,1,1,50,4835.8263,2320,1,1,1,0,still teacher
014102075418902,12,2024,12,2,18011,48,67,4,2,44,1,1,2,1,1,45,5196.7238,2310,1,1,2025,12,6,48,69,4,2,44,1,2,1,5,-1,4327.6292,-1,0,0,0,1,out of labor force
901800703114941,12,2024,16,4,18011,49,55,1,2,43,1,1,2,1,1,40,2458.778,2310,1,1,2025,16,8,49,56,1,2,43,1,2,1,1,40,1835.988,2310,1,1,1,0,still teacher
358300216635600,12,2024,15,3,18011,53,28,1,2,43,1,2,2,1,1,40,3966.0027,2300,1,1,2025,15,7,53,29,1,2,43,1,2,1,1,40,6124.6088,2300,1,1,1,0,still teacher
107130528459514,12,2024,15,3,18011,53,64,6,2,44,1,1,2,1,1,40,3418.3244,2330,1,1,2025,15,7,53,65,6,2,44,1,2,1,1,40,3562.2581,2330,1,1,1,0,still teacher
042181570850153,12,2024,11,2,18011,53,49,1,2,43,1,2,2,1,1,16,4803.0963,2310,1,1,2025,16,6,53,50,1,2,42,1,2,1,1,40,4142.8733,2310,1,1,1,0,still teacher
463071107775505,12,2024,14,3,18011,56,49,1,2,44,3,2,2,1,1,40,347.0166,2310,1,1,2025,14,7,56,50,1,2,44,3,2,1,1,40,453.0315,2310,1,1,1,0,still teacher
983090109941339,12,2024,15,3,18111,38,72,1,1,43,1,2,2,1,1,40,394.9734,2320,1,1,2025,15,7,38,73,1,1,43,1,2,1,1,40,255.6032,2320,1,1,1,0,still teacher
589123090010113,12,2024,16,2,18011,9,54,1,2,43,1,2,2,1,1,35,3293.87,2310,1,1,2025,16,6,9,55,1,2,43,1,2,1,1,35,3241.7889,2360,1,0,0,1,other occupation
332060105990185,12,2024,15,4,18011,13,50,4,2,44,1,1,2,1,1,40,5576.5457,2310,1,1,2025,16,8,13,51,4,2,44,1,2,1,1,40,4828.9726,2310,1,1,1,0,still teacher
064032060031116,12,2024,15,3,18011,36,65,3,2,43,1,1,2,4,1,16,3999.2722,2320,1,1,2025,15,7,36,66,2,2,43,1,2,4,1,15,4450.1437,2320,1,1,1,0,still teacher
006170398122073,12,2024,5,3,18011,37,43,6,2,43,1,2,2,1,1,-4,3559.6314,2310,1,1,2025,5,7,37,44,6,2,43,1,2,1,2,40,4493.6743,2310,1,1,1,0,still teacher
544701110813800,12,2024,13,2,18011,45,54,1,2,42,1,2,2,1,1,40,3479.0477,2330,1,1,2025,14,6,45,55,1,2,42,1,2,1,1,40,3156.318,2722,1,0,0,1,other occupation
140745976051801,12,2024,13,3,18011,50,34,1,2,42,1,2,2,1,1,38,432.5859,2310,1,1,2025,13,7,50,35,1,2,42,1,2,1,1,37,763.85,2310,1,1,1,0,still teacher
171162400648010,12,2024,11,3,18011,6,26,6,2,42,1,1,1,1,1,40,4780.2485,2300,1,1,2025,11,7,6,27,6,2,42,1,1,1,1,40,5525.898,2300,1,1,1,0,still teacher
916160044311486,12,2024,16,1,18011,6,53,1,2,44,1,2,2,1,1,40,4003.179,2310,1,1,2025,16,5,6,54,1,2,44,1,2,1,1,40,4753.7378,2310,1,1,1,0,still teacher
761900709838716,12,2024,15,2,18011,17,52,4,2,44,1,2,2,1,1,40,3842.6575,2310,1,1,2025,15,6,17,53,4,2,44,1,2,1,1,40,3955.0693,2310,1,1,1,0,still teacher
071404760320126,12,2024,14,2,18011,26,41,6,2,40,1,3,2,1,1,40,3915.3327,2310,1,1,2025,14,6,26,42,6,2,40,1,2,1,1,40,7162.737,4600,1,0,0,1,other occupation
071404760320126,12,2024,14,2,18011,26,41,6,2,40,1,4,2,1,1,40,3915.3327,2300,1,1,2025,14,6,26,42,6,2,40,1,2,1,1,40,7162.737,4600,1,0,0,1,other occupation
667080103871479,12,2024,14,4,18011,46,38,1,2,44,1,2,2,1,1,40,740.4063,2310,1,1,2025,15,8,46,39,1,2,44,1,2,1,1,-4,931.8786,2330,1,1,1,0,still teacher
034624050240188,12,2024,15,1,18011,48,58,1,2,43,1,1,2,1,1,40,4816.1373,2310,1,1,2025,15,5,48,59,1,2,43,1,2,1,1,16,5056.0873,2310,1,1,1,0,still teacher
880693091503916,12,2024,16,1,18011,53,55,1,2,44,1,2,2,1,1,50,4312.4552,2310,1,1,2025,16,5,53,56,1,2,44,1,2,1,1,40,5601.3152,2310,1,1,1,0,still teacher
055033044215043,12,2024,15,1,18011,55,44,1,2,44,1,1,2,1,1,40,4719.2166,2310,1,1,2025,15,5,55,45,1,2,44,1,2,1,1,40,3893.3352,2310,1,1,1,0,still teacher
595915190080014,12,2024,14,1,18111,5,29,1,2,39,1,2,2,1,1,30,1494.166,2300,1,1,2025,13,5,5,30,1,2,40,1,2,1,1,32,1884.7694,4600,1,0,0,1,other occupation
095881820930168,12,2024,15,1,18111,38,50,1,2,43,1,1,2,1,1,32,526.2323,2300,1,1,2025,15,5,38,51,1,2,43,1,2,1,1,40,270.9458,2310,1,1,1,0,still teacher
101178100629713,12,2024,15,4,18011,36,56,1,2,44,1,2,2,1,1,40,5030.1606,2310,1,1,2025,15,8,36,57,1,2,44,1,2,1,1,40,4914.8349,2310,1,1,1,0,still teacher
861900202041127,12,2024,15,2,18011,21,51,1,2,40,1,1,2,1,1,30,3458.6508,2300,1,1,2025,15,6,21,52,1,2,44,1,2,1,1,30,5081.4002,2545,1,0,0,1,other occupation
041390057011754,2,2024,13,2,17011,11,33,6,1,43,1,1,2,1,1,38,325.3809,2310,1,1,2025,12,6,11,33,6,1,43,1,2,1,1,40,500.0475,2310,1,1,1,0,still teacher
602216321070018,2,2024,11,3,17011,12,31,1,2,44,2,2,2,1,1,35,6141.7044,2310,1,1,2025,11,7,12,33,1,2,44,2,2,1,1,35,6676.4854,2310,1,1,1,0,still teacher
890341242051930,2,2024,16,1,17011,13,47,1,2,44,1,2,2,1,1,45,4162.2555,2310,1,1,2025,16,5,13,48,1,2,44,1,2,1,1,45,3515.3844,2310,1,1,1,0,still teacher
077699780220111,2,2024,14,2,17011,21,49,1,2,42,1,2,2,1,1,40,4054.3631,2310,1,1,2025,15,6,21,50,1,2,42,1,2,1,1,40,3776.5957,2545,1,0,0,1,other occupation
001120227291730,2,2024,15,1,17011,22,45,1,2,40,1,2,2,1,1,40,1790.855,2300,1,1,2025,13,5,22,46,1,2,40,1,2,1,1,40,1798.4861,2310,1,1,1,0,still teacher
006150245304432,2,2024,14,2,17011,25,44,6,2,44,2,2,2,1,1,40,4507.4634,2310,1,1,2025,14,6,25,45,6,2,44,2,2,1,1,35,2233.4405,10,1,0,0,1,other occupation
881080104075245,2,2024,13,3,17011,28,31,6,1,44,1,1,2,1,1,40,1399.4326,2310,1,1,2025,12,7,28,32,6,1,44,1,2,1,1,40,1388.7589,2310,1,1,1,0,still teacher
382000109727280,2,2024,9,1,17011,28,52,4,2,43,1,1,2,1,1,40,1215.1897,2310,1,1,2025,14,5,28,52,4,2,43,1,2,1,1,50,1342.464,2310,1,1,1,0,still teacher
745020109652313,2,2024,11,1,17011,34,72,1,2,42,1,1,2,1,2,40,4195.7295,2310,1,1,2025,11,5,34,73,1,2,42,1,2,1,1,24,4609.6104,2360,1,0,0,1,other occupation
053125028016208,2,2024,15,3,17011,36,71,6,2,44,1,1,2,1,1,20,3685.7907,2310,1,1,2025,15,7,36,72,6,2,44,1,2,1,1,34,4130.5899,2320,1,1,1,0,still teacher
635109115382450,2,2024,13,1,17011,36,23,1,2,43,1,2,2,1,1,10,4230.0554,2310,1,1,2025,13,5,36,24,1,2,43,1,2,1,2,40,6399.7777,2545,1,0,0,1,other occupation
120202051405681,2,2024,14,3,17011,42,63,1,2,43,1,1,2,1,1,40,3673.9366,2310,1,1,2025,13,7,42,64,1,2,43,1,2,1,5,-1,3728.7429,-1,0,0,0,1,out of labor force
401500709978249,2,2024,10,1,17011,42,20,6,2,39,1,2,2,1,1,40,6042.8069,2300,1,1,2025,10,5,42,21,6,2,39,1,2,1,1,40,5854.9909,5260,1,0,0,1,other occupation
242706012795380,2,2024,6,2,17011,42,61,6,2,42,2,1,2,1,1,40,4131.0816,2300,1,1,2025,10,6,42,63,6,2,42,2,2,1,1,40,5980.4998,3603,1,0,0,1,other occupation
041503750941154,2,2024,14,3,17011,44,44,1,2,43,2,1,2,4,1,40,1793.9024,2310,1,1,2025,14,7,44,45,1,2,43,2,2,4,1,40,1716.5541,2320,1,1,1,0,still teacher
140061400161095,2,2024,16,2,17011,51,50,1,2,44,1,2,2,1,1,50,5097.4743,2330,1,1,2025,16,6,51,51,1,2,44,1,2,1,1,40,4314.592,2330,1,1,1,0,still teacher
410090100037524,2,2024,16,3,17011,51,59,1,1,43,1,2,1,1,1,40,5756.8883,2320,1,1,2025,16,7,51,60,1,1,43,1,1,1,1,40,5062.3593,2310,1,1,1,0,still teacher
980581041501662,2,2024,16,4,16011,51,58,5,2,41,2,1,2,1,1,40,4213.6759,2300,1,1,2025,12,8,51,59,5,2,41,2,2,1,1,40,3880.3446,2545,1,0,0,1,other occupation
005273130220145,2,2024,14,1,17111,25,36,6,1,44,1,1,1,1,1,50,3645.1301,2310,1,1,2025,14,5,25,37,6,1,44,1,1,1,1,50,4897.9115,2310,1,1,1,0,still teacher
107508011978750,2,2024,16,3,17011,1,36,1,1,44,1,1,2,1,1,40,2194.1445,2310,1,1,2025,16,7,1,37,1,1,44,1,2,1,1,45,3231.5664,230,1,0,0,1,other occupation
395916500000011,2,2024,13,3,17011,5,37,4,2,44,1,1,2,1,1,35,1446.2679,2310,1,1,2025,13,7,5,37,4,2,44,1,2,1,1,35,1343.9499,2310,1,1,1,0,still teacher
364050108512040,2,2024,16,3,17011,6,39,1,2,43,4,2,2,1,1,40,3965.2873,2310,1,1,2025,13,7,6,40,1,2,42,4,2,1,1,40,4224.0421,2310,1,1,1,0,still teacher
620041108566144,2,2024,13,3,17011,12,27,6,2,43,1,1,2,1,1,40,5186.0157,2320,1,1,2025,16,7,12,28,6,2,43,1,2,1,1,40,4845.0045,2310,1,1,1,0,still teacher
630040104939165,2,2024,12,3,17011,13,53,1,2,43,1,1,2,1,1,40,3886.7283,2310,1,1,2025,12,7,13,54,1,2,43,1,2,1,1,40,3451.8059,2310,1,1,1,0,still teacher
052044109176193,2,2024,15,4,16011,15,61,6,1,44,1,1,2,1,1,60,637.0591,2320,1,1,2025,15,8,15,62,6,1,44,1,2,1,1,60,592.6736,2320,1,1,1,0,still teacher
067440440610146,2,2024,15,4,16011,16,33,1,2,43,1,1,2,1,1,45,1199.2424,2320,1,1,2025,15,8,16,34,1,2,43,1,2,1,1,40,1086.0699,2310,1,1,1,0,still teacher
370056041100317,2,2024,13,4,16011,16,32,1,1,44,1,1,2,1,1,40,1104.6818,2310,1,1,2025,14,8,16,33,1,1,44,1,2,1,1,40,1148.5396,2320,1,1,1,0,still teacher
001208069717576,2,2024,16,3,17011,17,48,1,1,44,1,2,2,1,1,50,4146.1317,2320,1,1,2025,16,7,17,49,1,1,44,1,2,1,1,40,4728.3989,2320,1,1,1,0,still teacher
182050104293103,2,2024,16,4,16011,18,47,1,2,44,1,1,2,1,1,40,4094.1473,2310,1,1,2025,16,8,18,48,1,2,44,1,2,1,1,40,3641.2618,2310,1,1,1,0,still teacher
250479071105017,2,2024,14,4,16011,19,23,6,2,44,1,1,2,1,1,40,2611.959,2330,1,1,2025,15,8,19,24,1,2,44,1,2,1,1,40,3294.8037,2310,1,1,1,0,still teacher
624905013995850,2,2024,13,2,17011,26,54,1,1,43,1,1,2,1,1,40,4566.2112,2310,1,1,2025,15,6,26,55,1,1,43,1,2,1,1,40,4947.3482,2320,1,1,1,0,still teacher
150289900454663,2,2024,15,4,16011,34,41,1,2,44,4,2,2,5,1,-4,6033.8544,2320,1,1,2025,14,8,34,42,1,2,44,4,2,5,1,15,7004.7755,2360,1,0,0,1,other occupation
265090100151333,2,2024,15,2,17011,36,47,4,2,44,1,2,1,4,1,40,5364.7079,2310,1,1,2025,15,6,36,48,4,2,44,1,1,4,1,40,4908.7926,2360,1,0,0,1,other occupation
640254197071610,2,2024,13,2,17011,41,58,6,2,43,1,1,2,3,1,60,2024.8931,2320,1,1,2025,14,6,41,59,6,2,43,1,2,3,1,60,2321.6386,2320,1,1,1,0,still teacher
010441001419544,2,2024,11,4,16011,41,55,4,2,42,1,1,2,1,1,40,2421.2711,2300,1,1,2025,12,8,41,56,4,2,42,1,2,1,1,40,2374.2316,2310,1,1,1,0,still teacher
194537104040115,2,2024,14,2,17011,44,45,1,1,43,1,2,2,1,1,40,1071.4095,2310,1,1,2025,15,6,44,46,1,1,43,1,2,1,1,40,918.5246,2320,1,1,1,0,still teacher
290294749001950,2,2024,14,4,16011,45,61,4,2,43,2,1,2,1,1,40,3492.5453,2310,1,1,2025,11,8,45,61,6,2,44,2,2,1,1,40,4171.3413,2310,1,1,1,0,still teacher
279000109993490,2,2024,13,4,16011,47,32,5,2,44,1,1,2,1,1,40,4176.0787,2310,1,1,2025,13,8,47,33,4,2,44,1,2,1,1,37,3839.1354,2310,1,1,1,0,still teacher
391700707457742,2,2024,15,3,17011,47,54,1,1,44,1,2,2,1,1,40,3821.1013,2320,1,1,2025,15,7,47,55,1,1,44,1,2,1,1,40,3568.7047,2310,1,1,1,0,still teacher
309124844050019,2,2024,15,3,17011,49,53,1,1,44,1,1,2,1,1,40,1830.9951,2310,1,1,2025,15,7,49,54,1,1,44,1,2,1,1,40,1922.3073,2320,1,1,1,0,still teacher
235020104155577,2,2024,16,4,16011,53,31,6,2,43,1,4,2,1,1,40,3732.2444,2330,1,1,2025,16,8,53,32,6,2,43,1,2,1,1,40,4082.9808,2310,1,1,1,0,still teacher
051062065316704,2,2024,15,3,17111,16,55,1,1,44,1,1,2,1,1,40,1005.5955,2310,1,1,2025,15,7,16,56,1,1,44,1,2,1,1,50,1020.1151,2320,1,1,1,0,still teacher
422010106498209,2,2024,13,3,17111,22,59,4,2,44,2,1,2,1,1,38,1969.9867,2320,1,1,2025,15,7,22,60,4,2,44,2,2,1,1,30,1719.1867,5510,1,0,0,1,other occupation
320793948091000,2,2024,16,3,17111,30,38,1,2,44,1,1,2,1,1,30,676.7412,2310,1,1,2025,16,7,30,39,1,2,44,1,2,1,1,-4,623.0812,2633,1,0,0,1,other occupation
541401011964930,2,2024,15,4,16111,45,43,1,2,42,1,2,2,1,1,40,2202.943,2310,1,1,2025,15,8,45,44,1,2,43,1,2,1,1,40,2785.1324,2435,1,0,0,1,other occupation
180035400521524,2,2024,11,3,17111,45,26,6,2,43,2,1,2,1,1,30,3970.3884,2310,1,1,2025,11,7,45,27,6,2,43,2,2,1,1,40,5056.2088,2310,1,1,1,0,still teacher
741405013217320,2,2024,16,4,16111,47,60,1,1,44,1,2,2,1,2,40,2354.8471,2310,1,1,2025,16,8,47,61,1,1,44,1,2,1,1,40,3286.9467,1050,1,0,0,1,other occupation
101897400291230,2,2024,13,3,17011,2,46,1,1,43,1,2,2,1,1,40,597.8964,2300,1,1,2025,12,7,2,48,1,1,43,1,2,1,1,40,707.5193,160,1,0,0,1,other occupation
100322081015566,2,2024,13,3,17011,2,79,4,1,44,1,1,2,1,1,10,468.2072,2310,1,1,2025,15,7,2,80,4,1,44,1,2,1,5,-1,477.8961,-1,0,0,0,1,out of labor force
130441701238910,2,2024,13,4,16011,2,47,4,1,43,1,1,2,1,1,40,581.9972,2320,1,1,2025,13,8,2,48,4,1,43,1,2,1,1,40,508.8103,2310,1,1,1,0,still teacher
540270353001350,2,2024,10,1,17011,5,57,4,2,43,2,1,2,1,1,40,1508.2996,2310,1,1,2025,11,5,5,58,4,2,43,2,2,1,1,40,1529.7314,2300,1,1,1,0,still teacher
030007062716735,2,2024,10,1,17011,6,28,1,2,43,1,2,1,1,1,40,6123.3852,2300,1,1,2025,8,5,6,29,1,2,42,1,1,1,7,-1,5597.0588,-1,0,0,0,1,out of labor force
602900019722140,2,2024,15,4,16011,6,23,6,2,43,1,2,2,1,1,40,5126.8381,2310,1,1,2025,16,8,6,24,6,2,43,1,2,1,1,40,5047.701,2310,1,1,1,0,still teacher
020990125716463,2,2024,16,4,16011,6,36,1,2,43,1,1,1,1,1,35,3622.9563,2320,1,1,2025,16,8,6,37,1,2,43,1,1,1,1,45,3386.8252,2320,1,1,1,0,still teacher
356587240080916,2,2024,14,2,17011,6,59,4,2,44,1,1,2,1,1,40,3718.2058,2310,1,1,2025,14,6,6,60,4,2,44,1,2,1,1,40,3336.9973,2320,1,1,1,0,still teacher
208160074136034,2,2024,15,4,16011,6,54,1,2,44,1,1,2,1,1,40,4366.0377,2310,1,1,2025,15,8,6,55,1,2,44,1,2,1,1,40,4469.8918,2310,1,1,1,0,still teacher
490986051016022,2,2024,16,1,17011,6,56,1,1,43,1,1,1,1,1,35,4039.757,2310,1,1,2025,15,5,6,57,1,1,43,1,1,1,1,35,5421.1519,2310,1,1,1,0,still teacher
490986051016022,2,2024,16,1,17011,6,29,6,1,43,1,3,1,1,1,35,4805.5314,2310,1,1,2025,15,5,6,30,6,1,43,1,1,1,1,35,4357.6493,2310,1,1,1,0,still teacher
596830090060010,2,2024,16,1,17011,6,72,1,2,44,1,1,2,1,1,40,3765.9421,2310,1,1,2025,16,5,6,73,3,2,44,1,2,1,1,35,4058.0875,2310,1,1,1,0,still teacher
601608012270820,2,2024,16,3,17011,6,59,1,1,44,1,1,2,1,1,40,4466.2266,2310,1,1,2025,16,7,6,61,1,1,44,1,2,1,1,40,3459.1407,2310,1,1,1,0,still teacher
601608012270820,2,2024,16,3,17011,6,51,1,2,44,1,2,2,1,1,40,3812.4598,2310,1,1,2025,16,7,6,52,1,2,44,1,2,1,1,40,3229.9337,2310,1,1,1,0,still teacher
131600733309711,2,2024,8,1,17011,17,29,6,1,42,1,1,2,1,1,30,4923.0019,2310,1,1,2025,7,5,17,30,6,1,42,1,2,1,1,20,4875.2462,2320,1,1,1,0,still teacher
719606311407750,2,2024,15,2,17011,17,37,1,2,44,1,2,2,4,1,40,3595.1141,2310,1,1,2025,16,6,17,38,1,2,44,1,2,4,1,40,5152.9773,2310,1,1,1,0,still teacher
087843670810147,2,2024,14,2,17011,17,32,1,2,40,1,1,1,1,1,40,3785.7748,2300,1,1,2025,14,6,17,33,1,2,40,1,1,1,1,40,5725.5838,2300,1,1,1,0,still teacher
157317181050015,2,2024,14,3,17011,17,35,1,1,44,1,2,2,1,1,40,4067.7395,2310,1,1,2025,15,7,17,36,1,1,44,1,2,1,1,40,4508.1323,2310,1,1,1,0,still teacher
537611591080011,2,2024,16,3,17011,17,55,1,2,44,1,2,2,1,1,40,4507.9096,2300,1,1,2025,16,7,17,56,1,2,44,1,2,1,1,40,4743.1923,2300,1,1,1,0,still teacher
030788011102492,2,2024,15,2,17011,18,66,1,2,44,1,1,2,1,1,38,3176.8328,2310,1,1,2025,16,6,18,67,1,2,44,1,2,1,1,38,4334.1295,2310,1,1,1,0,still teacher
150307200992831,2,2024,12,4,16011,19,58,1,2,44,1,1,2,1,1,50,2511.7179,2310,1,1,2025,15,8,19,59,1,2,44,1,2,1,1,20,2673.3471,5000,1,0,0,1,other occupation
110038000038752,2,2024,15,4,16011,20,37,1,2,43,1,1,2,1,1,45,1933.9226,2310,1,1,2025,15,8,20,38,1,2,43,1,2,1,1,43,1975.404,2320,1,1,1,0,still teacher
141346400693712,2,2024,12,1,17011,26,35,1,2,43,2,1,2,1,1,40,6333.4417,2310,1,1,2025,13,5,26,36,1,2,43,2,2,1,1,35,8785.2001,2360,1,0,0,1,other occupation
857546702030012,2,2024,13,2,17011,27,55,4,2,43,1,1,2,1,1,40,3550.7059,2310,1,1,2025,14,6,27,56,4,2,43,1,2,1,1,40,3934.9646,2310,1,1,1,0,still teacher
027002900820127,2,2024,15,1,17011,27,44,1,2,44,1,2,2,1,1,43,4687.5385,2310,1,1,2025,15,5,27,45,1,2,44,1,2,1,1,40,3571.4445,2320,1,1,1,0,still teacher
075902660633112,2,2024,16,2,17011,32,54,1,2,42,1,2,2,1,1,40,2671.682,2310,1,1,2025,15,6,32,55,1,2,42,1,2,1,5,-1,2591.6107,-1,0,0,0,1,out of labor force
830205112715230,2,2024,13,4,16011,38,40,1,2,44,1,1,2,1,1,40,520.9458,2310,1,1,2025,15,8,38,41,1,2,44,1,2,1,1,40,465.4299,2310,1,1,1,0,still teacher
054083050411464,2,2024,15,2,17011,41,56,1,2,40,1,2,2,1,1,40,2043.6428,2300,1,1,2025,15,6,41,57,1,2,40,1,2,1,1,32,2319.9892,2300,1,1,1,0,still teacher
190929800104074,2,2024,13,2,17011,41,58,1,1,44,1,1,2,1,1,32,2062.4053,2320,1,1,2025,11,6,41,59,1,1,44,1,2,1,5,-1,3117.7557,-1,0,0,0,1,out of labor force
301688834060010,2,2024,14,4,16011,41,55,1,2,44,1,2,1,4,1,50,2302.0061,2310,1,1,2025,15,8,41,56,1,2,44,1,1,4,1,40,2346.6718,2310,1,1,1,0,still teacher
786436634060011,2,2024,15,2,17011,46,61,1,2,42,1,1,2,1,2,50,705.5198,2320,1,1,2025,15,6,46,62,1,2,43,1,2,1,1,55,772.476,2310,1,1,1,0,still teacher
024024029416441,2,2024,14,3,17011,46,47,1,2,42,1,2,2,1,1,40,609.187,2330,1,1,2025,15,7,46,48,1,2,42,1,2,1,1,40,991.6631,5740,1,0,0,1,other occupation
080092420540128,2,2024,15,3,17011,48,41,1,2,44,2,2,2,1,1,40,5202.2882,2310,1,1,2025,15,7,48,42,1,2,44,2,2,1,1,45,5078.9845,2310,1,1,1,0,still teacher
190358600892694,2,2024,13,4,16011,48,51,4,2,44,1,1,2,1,1,65,5918.5349,2310,1,1,2025,13,8,48,52,4,2,44,1,2,1,1,40,4915.4845,2310,1,1,1,0,still teacher
190084500802924,2,2024,13,3,17011,48,23,6,2,40,1,2,1,1,2,-4,6653.4904,2310,1,1,2025,13,7,48,24,6,2,40,1,1,1,7,-1,5241.8474,-1,0,0,0,1,out of labor force
010728001400575,2,2024,14,3,17011,48,49,1,2,41,1,2,2,1,1,50,5000.858,2310,1,1,2025,14,7,48,50,1,2,41,1,2,1,1,40,3806.6215,2310,1,1,1,0,still teacher
740294492041081,2,2024,14,2,17011,48,55,1,2,43,1,1,2,1,1,40,3781.1931,2310,1,1,2025,16,6,48,56,1,2,43,1,2,1,1,15,4299.3811,2310,1,1,1,0,still teacher
380468071413761,2,2024,16,2,17011,48,57,1,2,44,1,2,2,1,1,40,3681.9699,2310,1,1,2025,15,6,48,58,1,2,44,1,2,1,1,40,4276.1843,2310,1,1,1,0,still teacher
301000912649847,2,2024,8,1,17011,48,23,6,2,39,1,1,1,1,1,40,6930.5375,2300,1,1,2025,9,5,48,24,6,2,39,1,1,1,1,40,6552.6781,2545,1,0,0,1,other occupation
024076091018566,2,2024,15,1,17011,48,40,1,2,42,2,2,2,1,1,40,4023.6322,2300,1,1,2025,15,5,48,41,1,2,40,2,2,1,1,32,5572.0454,2300,1,1,1,0,still teacher
070189041400173,2,2024,13,1,17011,49,34,1,2,43,1,1,2,1,1,40,1895.3736,2310,1,1,2025,13,5,49,35,1,2,43,1,2,1,1,40,1759.6039,2310,1,1,1,0,still teacher
005061090915110,2,2024,15,3,17011,55,55,1,2,44,1,2,2,1,1,40,4110.5138,2310,1,1,2025,15,7,55,56,1,2,44,1,2,1,1,40,4072.0259,2320,1,1,1,0,still teacher
005150516206308,2,2024,12,2,17011,55,73,1,2,43,1,1,2,1,1,8,3326.7457,2310,1,1,2025,12,6,55,74,1,2,43,1,2,1,5,-1,3294.6468,-1,0,0,0,1,out of labor force
786646765010018,2,2024,14,3,17011,56,64,1,1,42,1,1,2,1,1,50,377.9316,2320,1,1,2025,14,7,56,65,1,1,42,1,2,1,1,50,392.004,2320,1,1,1,0,still teacher
001120004214660,2,2024,16,1,17111,2,21,6,2,40,1,3,2,1,1,35,771.7235,2310,1,1,2025,16,5,2,22,6,2,40,1,2,1,1,30,975.9947,220,1,0,0,1,other occupation
700473254011800,2,2024,16,2,17111,30,30,1,2,44,1,2,2,1,1,40,666.0958,2310,1,1,2025,6,6,30,31,1,2,44,1,2,1,7,-1,861.9979,-1,0,0,0,1,out of labor force
004150363513740,2,2024,10,3,17111,35,36,3,2,43,1,1,1,1,1,36,1534.7987,2310,1,1,2025,11,7,35,37,3,2,43,1,1,1,1,28,1714.5689,2310,1,1,1,0,still teacher
120134783091110,2,2024,14,1,17111,41,44,1,2,44,1,2,2,1,1,45,2569.8165,2310,1,1,2025,14,5,41,45,1,2,44,1,2,1,1,45,2444.6552,2310,1,1,1,0,still teacher
655105014320520,2,2024,12,2,17111,56,54,1,2,44,1,2,2,1,1,60,403.2174,2320,1,1,2025,14,6,56,55,1,2,44,1,2,1,1,47,376.0596,2320,1,1,1,0,still teacher
550229031000944,2,2024,15,3,17011,9,27,6,2,44,1,3,2,1,1,35,3201.4807,2310,1,1,2025,16,7,9,28,6,2,44,1,2,1,1,40,2782.4847,2545,1,0,0,1,other occupation
000190042888707,2,2024,16,2,17011,9,69,1,1,44,1,2,2,1,1,-4,2847.34,2320,1,1,2025,16,6,9,70,1,1,44,1,2,1,1,-4,2179.0659,2320,1,1,1,0,still teacher
045685300010162,2,2024,16,1,17011,12,40,1,2,43,1,2,2,1,1,12,3919.1231,2300,1,1,2025,16,5,12,41,1,2,43,1,2,1,1,30,4152.3495,2300,1,1,1,0,still teacher
061024034213884,2,2024,12,3,17011,13,44,4,2,43,1,1,2,4,1,40,3828.0953,2310,1,1,2025,12,7,13,45,4,2,43,1,2,4,1,40,4153.2096,2310,1,1,1,0,still teacher
331020109875198,2,2024,13,1,17011,13,35,1,2,44,1,2,2,1,1,40,4935.9664,2310,1,1,2025,13,5,13,37,1,2,44,1,2,1,1,40,5701.2706,2310,1,1,1,0,still teacher
052524372010011,2,2024,13,3,17011,22,39,1,2,43,1,1,2,1,1,40,1744.9261,2310,1,1,2025,15,7,22,40,1,2,43,1,2,1,1,40,1911.0446,2310,1,1,1,0,still teacher
044918240220102,2,2024,12,1,17011,22,36,2,2,43,2,1,2,1,1,40,1929.9934,2310,1,1,2025,12,5,22,37,2,2,43,2,2,1,1,40,2497.6387,2310,1,1,1,0,still teacher
100665500559552,2,2024,15,4,16011,25,36,1,1,44,1,1,2,1,1,33,2956.8529,2330,1,1,2025,15,8,25,37,1,1,44,1,2,1,1,45,3121.7052,2330,1,1,1,0,still teacher
100665500559552,2,2024,15,4,16011,25,36,1,2,44,1,2,2,1,1,40,3438.1983,2310,1,1,2025,15,8,25,37,1,2,44,1,2,1,1,45,3426.1503,2320,1,1,1,0,still teacher
080785041210648,2,2024,14,4,16011,25,44,1,2,44,1,2,2,1,1,32,3481.0646,2310,1,1,2025,15,8,25,45,1,2,44,1,2,1,1,40,3025.8608,2310,1,1,1,0,still teacher
080785041210648,2,2024,14,4,16011,25,22,6,2,43,1,3,1,1,1,35,4210.8323,2310,1,1,2025,15,8,25,23,6,2,43,1,1,1,1,21,4145.1441,2310,1,1,1,0,still teacher
150668400802312,2,2024,15,1,17011,28,43,1,2,44,1,2,2,1,1,40,1561.2344,2310,1,1,2025,16,5,28,44,1,2,44,1,2,1,1,40,1623.8758,2310,1,1,1,0,still teacher
033045026013353,2,2024,16,2,17011,33,26,6,2,44,1,3,2,1,1,40,1107.0653,2310,1,1,2025,16,6,33,27,6,2,44,1,2,1,1,40,1041.3314,2310,1,1,1,0,still teacher
076612280830133,2,2024,15,3,17011,33,42,6,2,44,1,2,2,1,1,40,970.8717,2310,1,1,2025,15,7,33,43,6,2,43,1,2,1,7,-1,1099.49,-1,0,0,0,1,out of labor force
170752100400593,2,2024,15,2,17011,34,53,1,2,43,1,1,2,1,1,40,4868.6372,2310,1,1,2025,15,6,34,54,1,2,43,1,2,1,1,40,5019.1772,2310,1,1,1,0,still teacher
967080108570316,2,2024,16,4,16011,36,21,6,2,43,1,3,2,1,2,0,6216.0398,2310,1,1,2025,16,8,36,22,6,2,43,1,2,1,7,-1,6926.4849,-1,0,0,0,1,out of labor force
756267763070016,2,2024,16,2,17011,36,47,1,1,44,1,1,2,1,1,35,4528.7978,2320,1,1,2025,16,6,36,48,1,1,44,1,2,1,1,35,4979.4432,2310,1,1,1,0,still teacher
756267763070016,2,2024,16,2,17011,36,48,1,2,44,1,2,2,1,1,38,6000.2653,2320,1,1,2025,16,6,36,49,1,2,44,1,2,1,1,37,5040.4654,2320,1,1,1,0,still teacher
126423313070111,2,2024,13,3,17011,36,46,6,2,43,2,3,2,1,1,35,4043.9245,2310,1,1,2025,14,7,36,47,6,2,43,2,2,1,1,40,5357.7166,2310,1,1,1,0,still teacher
005170314134584,2,2024,15,1,17011,37,34,1,2,43,1,2,2,1,1,40,3555.421,2310,1,1,2025,15,5,37,35,1,2,43,1,2,1,1,40,4045.0033,2310,1,1,1,0,still teacher
094827330730127,2,2024,15,1,17011,37,32,1,2,44,1,2,2,1,1,38,4058.1183,2310,1,1,2025,15,5,37,32,1,2,44,1,2,1,1,40,4280.3306,2310,1,1,1,0,still teacher
120149061306387,2,2024,15,3,17011,39,45,1,1,44,1,1,2,1,1,50,3770.0031,2310,1,1,2025,15,7,39,46,1,1,44,1,2,1,1,45,4666.6702,230,1,0,0,1,other occupation
120149061306387,2,2024,15,3,17011,39,46,1,2,44,1,2,2,1,1,48,3923.5605,2320,1,1,2025,15,7,39,46,1,2,44,1,2,1,1,50,5198.8777,2310,1,1,1,0,still teacher
190692300931193,2,2024,16,1,17011,39,57,1,2,44,1,1,2,1,1,40,3465.8937,2310,1,1,2025,16,5,39,58,1,2,44,1,2,1,1,40,3171.355,2310,1,1,1,0,still teacher
190692300931193,2,2024,16,1,17011,39,25,6,2,43,1,3,2,1,1,40,4538.1615,2310,1,1,2025,16,5,39,26,6,2,43,1,2,1,1,40,5466.4899,2310,1,1,1,0,still teacher
481000305720244,2,2024,15,2,17011,42,34,1,2,44,1,1,2,1,1,38,4075.2678,2310,1,1,2025,16,6,42,35,1,2,44,1,2,1,1,40,4353.9314,2310,1,1,1,0,still teacher
006120484195852,2,2024,14,4,16011,42,40,1,2,43,1,1,2,1,1,12,3677.6767,2310,1,1,2025,16,8,42,41,1,2,43,1,2,1,1,15,3851.4827,2320,1,1,1,0,still teacher
923091105827490,2,2024,16,4,16011,42,37,1,2,44,1,1,2,1,1,40,5593.609,2320,1,1,2025,16,8,42,37,1,2,44,1,2,1,1,40,4192.9956,2310,1,1,1,0,still teacher
084011049912499,2,2024,15,4,16011,42,45,1,2,44,1,1,2,1,1,40,4396.9101,2310,1,1,2025,15,8,42,46,1,2,44,1,2,1,1,40,4016.0268,2310,1,1,1,0,still teacher
084011049912499,2,2024,15,4,16011,42,49,1,1,44,1,2,2,1,1,40,4932.3775,2320,1,1,2025,15,8,42,50,1,1,44,1,2,1,1,40,4485.8919,2310,1,1,1,0,still teacher
449201114560660,2,2024,16,3,17011,44,43,4,2,44,1,3,2,1,1,-4,919.2022,2310,1,1,2025,15,7,44,44,4,2,44,1,2,1,1,45,1315.7898,2310,1,1,1,0,still teacher
064002011915344,2,2024,15,1,17011,45,33,1,1,44,1,1,2,1,1,40,3593.3369,2310,1,1,2025,13,5,45,34,1,1,44,1,2,1,1,40,2277.3631,2310,1,1,1,0,still teacher
571800407608748,2,2024,15,1,17011,47,29,1,1,43,1,1,2,1,1,40,4192.5857,2320,1,1,2025,15,5,47,30,1,1,43,1,2,1,1,40,4843.4277,2310,1,1,1,0,still teacher
084357250550180,2,2024,12,2,17011,50,32,6,1,44,1,1,2,1,1,35,431.6734,2320,1,1,2025,13,6,50,33,6,1,44,1,2,1,1,-4,384.4003,2310,1,1,1,0,still teacher
140737600146075,2,2024,16,3,17011,51,53,1,2,44,1,2,1,4,1,40,5500.5363,2310,1,1,2025,16,7,51,54,1,2,44,1,1,4,1,40,3530.9028,2310,1,1,1,0,still teacher
716050108806517,2,2024,13,4,16011,51,50,1,2,44,4,2,2,4,2,21,5253.92,2310,1,1,2025,11,8,51,51,1,2,43,4,2,4,1,-4,4378.5174,2310,1,1,1,0,still teacher
360391041508881,2,2024,16,4,16011,51,59,1,2,44,1,2,2,1,1,40,4604.8848,2320,1,1,2025,16,8,51,60,1,2,44,1,2,1,5,-1,4069.7936,2310,0,0,0,1,out of labor force
110699300442605,2,2024,14,2,17011,54,27,1,2,43,1,1,1,1,1,40,969.2776,2310,1,1,2025,15,6,54,28,1,2,43,1,1,1,1,40,938.672,2300,1,1,1,0,still teacher
120835300442935,2,2024,14,1,17011,54,42,1,2,44,1,2,2,1,1,40,919.9436,2310,1,1,2025,13,5,54,43,1,2,44,1,2,1,1,20,897.9616,2310,1,1,1,0,still teacher
310675279051040,2,2024,16,2,17011,54,56,1,2,44,1,2,2,1,1,40,682.344,2310,1,1,2025,16,6,54,56,1,2,44,1,2,1,1,40,660.8716,2310,1,1,1,0,still teacher
190085500262032,2,2024,5,2,17111,22,34,6,2,43,1,1,2,1,1,35,2563.4982,2310,1,1,2025,9,6,22,35,6,2,42,1,2,1,2,28,1647.8469,5940,1,0,0,1,other occupation
951010108995208,2,2024,16,4,16111,25,43,1,2,44,1,2,2,1,1,35,3107.5666,2310,1,1,2025,16,8,25,44,1,2,44,1,2,1,1,35,3266.3881,2310,1,1,1,0,still teacher
827607011729100,2,2024,15,2,17111,28,54,1,2,43,1,1,2,1,1,40,1654.5087,2310,1,1,2025,15,6,28,55,1,2,43,1,2,1,1,40,1413.5291,2310,1,1,1,0,still teacher
553127323070017,2,2024,13,2,17111,33,75,1,2,41,1,2,2,1,1,28,818.8963,2310,1,1,2025,12,6,33,76,1,2,41,1,2,1,1,11,886.807,2310,1,1,1,0,still teacher
140254612001850,2,2024,15,3,17111,45,47,1,1,46,1,1,2,1,1,40,4358.0448,2310,1,1,2025,15,7,45,48,1,1,46,1,2,1,1,40,2977.8118,2310,1,1,1,0,still teacher
140254612001850,2,2024,15,3,17111,45,43,1,2,44,1,2,2,1,1,40,2851.0144,2310,1,1,2025,15,7,45,44,1,2,44,1,2,1,1,40,2404.8163,2310,1,1,1,0,still teacher
007140577425667,2,2024,16,1,17111,54,44,1,2,43,1,1,2,1,1,40,869.4361,2300,1,1,2025,15,5,54,45,1,2,43,1,2,1,1,40,608.3216,2310,1,1,1,0,still teacher
459102012424440,2,2024,15,3,17111,54,57,1,2,43,1,1,2,1,1,40,759.3616,2300,1,1,2025,15,7,54,57,1,2,43,1,2,1,1,40,770.1274,2300,1,1,1,0,still teacher
250645041007330,2,2024,14,3,17011,5,66,3,2,43,1,1,2,1,1,-4,1386.6831,2310,1,1,2025,13,7,5,67,3,2,43,1,2,1,5,-1,1419.3026,-1,0,0,0,1,out of labor force
250645041007330,2,2024,14,3,17011,5,44,4,2,44,1,2,2,1,1,40,1431.0994,2310,1,1,2025,13,7,5,45,4,2,44,1,2,1,1,40,1517.0327,2310,1,1,1,0,still teacher
800306016547430,2,2024,15,4,16011,8,54,3,2,44,1,1,2,1,1,40,3683.8421,2330,1,1,2025,14,8,8,55,3,2,44,1,2,1,1,40,3780.0349,2330,1,1,1,0,still teacher
170250700955440,2,2024,15,3,17011,9,28,6,2,43,1,2,2,1,1,35,3321.5824,2320,1,1,2025,16,7,9,30,6,2,43,1,2,1,1,40,3187.8807,2320,1,1,1,0,still teacher
290512061114238,2,2024,13,3,17011,12,32,6,2,43,1,1,1,1,1,48,4801.0885,2310,1,1,2025,13,7,12,33,6,2,43,1,1,1,1,40,4424.863,2310,1,1,1,0,still teacher
617600013485160,2,2024,16,3,17011,16,47,1,1,44,1,2,2,1,1,40,1011.2194,2320,1,1,2025,15,7,16,47,1,1,44,1,2,1,1,40,954.8426,2310,1,1,1,0,still teacher
617600013485160,2,2024,16,3,17011,16,27,6,2,43,1,3,2,1,1,40,1073.3651,2320,1,1,2025,15,7,16,28,6,2,43,1,2,1,1,40,1114.3749,2320,1,1,1,0,still teacher
022163071917917,2,2024,11,4,16011,27,23,1,2,43,1,1,2,1,1,40,4151.4051,2310,1,1,2025,15,8,27,24,1,2,43,1,2,1,1,40,4258.265,2310,1,1,1,0,still teacher
631900664021239,2,2024,10,4,16011,32,37,1,1,43,1,1,2,1,1,40,2123.8746,2310,1,1,2025,14,8,32,39,1,1,43,1,2,1,1,40,1913.7409,2320,1,1,1,0,still teacher
110519300443463,2,2024,15,4,16012,34,61,1,2,43,1,1,2,1,1,40,4849.8107,2310,1,1,2025,15,8,34,62,1,2,43,1,2,1,5,-1,4265.0478,2310,0,0,0,1,out of labor force
411500323627932,2,2024,16,2,17011,39,49,4,2,44,1,1,2,1,1,45,4422.1853,2310,1,1,2025,16,6,39,50,4,2,44,1,2,1,1,40,3882.5982,2320,1,1,1,0,still teacher
920734908001700,2,2024,14,4,16011,40,67,1,2,44,1,1,2,1,1,4,1963.2518,2310,1,1,2025,14,8,40,68,1,2,44,1,2,1,5,-1,1942.6236,-1,0,0,0,1,out of labor force
624020101517481,2,2024,14,4,16011,42,42,6,1,46,1,3,2,1,1,50,5741.9243,2320,1,1,2025,15,8,42,43,6,1,46,1,2,1,1,50,4273.0777,2310,1,1,1,0,still teacher
120484100214934,2,2024,14,3,17011,42,30,1,2,44,1,2,2,1,1,40,4094.2699,2310,1,1,2025,15,7,42,31,1,2,44,1,2,1,1,40,4633.8495,2310,1,1,1,0,still teacher
443509013924200,2,2024,15,3,17011,44,41,6,2,43,1,1,2,1,1,40,950.7077,2310,1,1,2025,15,7,44,42,6,2,43,1,2,1,1,40,1219.5471,2310,1,1,1,0,still teacher
065089062910757,2,2024,16,4,16011,50,56,1,2,44,1,1,2,1,1,40,447.7742,2310,1,1,2025,14,8,50,57,1,2,44,1,2,1,1,40,468.9196,2310,1,1,1,0,still teacher
450065281051510,2,2024,12,3,17011,51,49,5,2,44,1,1,2,1,1,40,4757.9547,2310,1,1,2025,12,7,51,50,4,2,44,1,2,1,1,40,3568.1893,2310,1,1,1,0,still teacher
083052031213015,2,2024,15,3,17111,33,30,1,2,44,1,1,2,1,1,40,1102.097,2310,1,1,2025,15,7,33,31,1,2,44,1,2,1,1,40,1243.6082,2310,1,1,1,0,still teacher
083052031213015,2,2024,15,3,17111,33,28,1,2,44,1,2,2,1,1,40,1069.1226,2310,1,1,2025,15,7,33,29,1,2,44,1,2,1,1,40,1151.127,2310,1,1,1,0,still teacher
190027200842563,2,2024,7,3,17111,38,68,4,2,43,1,1,2,1,1,8,562.5065,2310,1,1,2025,9,7,38,69,4,2,43,1,2,1,2,6,550.0832,2310,1,1,1,0,still teacher
540226014030017,2,2024,13,2,17111,40,72,1,2,44,1,1,2,1,1,40,1805.9483,2310,1,1,2025,14,6,40,73,1,2,44,1,2,1,1,40,1997.086,2310,1,1,1,0,still teacher
451000914588200,2,2024,9,4,16011,2,48,1,2,43,1,2,2,1,1,50,607.6566,2310,1,1,2025,16,8,2,49,1,2,43,1,2,1,1,50,470.7371,2310,1,1,1,0,still teacher
161900654121403,2,2024,15,4,16011,4,51,4,2,44,1,1,2,1,1,40,4685.0102,2310,1,1,2025,15,8,4,51,4,2,44,1,2,1,1,40,4768.917,2310,1,1,1,0,still teacher
006745310302154,2,2024,14,1,17011,4,41,1,1,44,1,1,2,1,1,40,4480.4577,2310,1,1,2025,15,5,4,42,1,1,44,1,2,1,1,50,4367.4724,2310,1,1,1,0,still teacher
006745310302154,2,2024,14,1,17011,4,39,1,2,43,1,2,2,1,1,40,4228.7784,2310,1,1,2025,15,5,4,40,1,2,43,1,2,1,1,50,4224.6396,2310,1,1,1,0,still teacher
077754450002174,2,2024,11,3,17011,4,45,6,2,44,1,1,2,1,1,50,3592.1415,2310,1,1,2025,11,7,4,46,6,2,44,1,2,1,4,-1,3637.5799,2310,0,0,0,1,unemployed
944682340090213,2,2024,8,1,17011,4,35,6,1,43,1,2,1,1,1,-4,5160.2256,2310,1,1,2025,7,5,4,36,6,1,43,1,1,1,1,40,5622.6623,2310,1,1,1,0,still teacher
507702015147790,2,2024,15,3,17011,5,37,1,1,44,1,1,2,1,1,-4,1402.9992,2320,1,1,2025,15,7,5,38,1,1,44,1,2,1,1,40,1426.1965,2722,1,0,0,1,other occupation
190299000505320,2,2024,15,1,17011,5,46,1,1,44,1,2,2,1,1,48,1583.806,2320,1,1,2025,16,5,5,48,1,1,44,1,2,1,1,50,1696.0221,2310,1,1,1,0,still teacher
180466042001154,2,2024,9,1,17011,6,47,6,2,43,4,1,2,4,1,40,3827.4048,2300,1,1,2025,16,5,6,48,6,2,43,4,2,4,1,40,5091.2519,2300,1,1,1,0,still teacher
180466042001154,2,2024,9,1,17011,6,46,6,2,42,15,2,2,5,1,40,6447.3686,2300,1,1,2025,16,5,6,47,6,2,42,15,2,5,1,40,4362.2246,2300,1,1,1,0,still teacher
416114580060024,2,2024,9,1,17011,6,40,6,2,42,4,1,2,5,1,45,3000.2825,2300,1,1,2025,12,5,6,41,6,2,42,4,2,5,1,40,3483.7131,4600,1,0,0,1,other occupation
080061029826523,2,2024,9,1,17011,6,37,6,2,42,4,1,2,5,1,45,2779.1184,2300,1,1,2025,12,5,6,38,6,2,42,4,2,5,1,40,3011.8023,4600,1,0,0,1,other occupation
290628500621380,2,2024,9,1,17011,6,38,6,2,43,4,1,2,5,1,40,2779.1184,2300,1,1,2025,12,5,6,39,6,2,43,4,2,5,1,40,3011.8023,4600,1,0,0,1,other occupation
130886092005262,2,2024,9,1,17011,6,49,6,2,42,4,1,2,5,1,20,3827.4048,2300,1,1,2025,12,5,6,50,6,2,42,4,2,5,1,40,5534.0096,4600,1,0,0,1,other occupation
600009215801910,2,2024,16,4,16011,6,61,1,2,44,1,2,2,1,1,40,4516.3316,2310,1,1,2025,16,8,6,62,1,2,44,1,2,1,1,50,3864.1524,2310,1,1,1,0,still teacher
820386051000465,2,2024,14,4,16011,6,48,6,1,43,1,1,1,1,1,30,5237.4938,2310,1,1,2025,12,8,6,50,6,1,43,1,1,1,1,7,5030.7724,2310,1,1,1,0,still teacher
608407014030630,2,2024,15,3,17011,6,49,1,1,44,1,1,2,1,1,30,4311.3287,2320,1,1,2025,13,7,6,50,1,1,44,1,2,1,1,40,4473.0356,2320,1,1,1,0,still teacher
190230819031580,2,2024,4,1,17011,8,57,3,2,43,1,1,2,1,1,60,4418.0862,2310,1,1,2025,13,5,8,58,3,2,43,1,2,1,1,40,4083.6471,2310,1,1,1,0,still teacher
015399310800128,2,2024,16,1,17011,8,38,1,2,44,1,1,2,1,1,50,4433.5202,2310,1,1,2025,15,5,8,38,1,2,44,1,2,1,1,40,5116.1468,2310,1,1,1,0,still teacher
251100907236809,2,2024,15,2,17011,8,59,1,2,42,1,2,2,1,1,35,4019.2162,2310,1,1,2025,13,6,8,60,1,2,42,1,2,1,1,40,3389.1109,230,1,0,0,1,other occupation
000162081318445,2,2024,16,4,16011,8,45,1,2,44,1,1,2,1,1,40,3522.4973,2310,1,1,2025,16,8,8,46,1,2,44,1,2,1,1,40,3632.5275,2310,1,1,1,0,still teacher
936775591070015,2,2024,16,2,17011,16,50,1,2,43,1,1,2,1,1,20,962.6676,2310,1,1,2025,16,6,16,51,1,2,43,1,2,1,1,40,1253.8364,2360,1,0,0,1,other occupation
042090030110468,2,2024,16,4,16011,20,41,1,2,44,1,2,2,1,1,45,1827.034,2310,1,1,2025,16,8,20,42,1,2,44,1,2,1,1,45,1892.5403,2310,1,1,1,0,still teacher
032081026210935,2,2024,12,1,17011,20,37,6,2,44,1,1,2,1,1,40,2958.7107,2330,1,1,2025,12,5,20,39,6,2,44,1,2,1,1,40,2609.6422,2330,1,1,1,0,still teacher
761080106873221,2,2024,15,3,17011,26,28,6,2,40,1,3,1,3,1,45,4264.0999,2300,1,1,2025,13,7,26,29,6,2,40,1,1,3,4,-1,3756.7633,4600,0,0,0,1,unemployed
002083090616859,2,2024,14,1,17011,26,41,1,2,44,1,1,2,1,1,40,5484.9025,2310,1,1,2025,16,5,26,42,1,2,44,1,2,1,1,50,4829.347,2310,1,1,1,0,still teacher
002052069917398,2,2024,15,2,17011,27,36,1,2,43,1,1,2,1,1,40,3635.9591,2310,1,1,2025,15,6,27,37,1,2,43,1,2,1,1,40,4300.5012,2300,1,1,1,0,still teacher
850492581071670,2,2024,15,1,17011,27,39,1,2,44,8,2,2,1,1,40,6631.194,2310,1,1,2025,15,5,27,39,1,2,44,8,2,1,1,40,3701.1458,2310,1,1,1,0,still teacher
100352300952212,2,2024,16,2,17011,29,62,1,1,44,1,2,2,1,1,40,5622.5651,2330,1,1,2025,16,6,29,63,1,1,44,1,2,1,1,40,3521.6746,2205,1,0,0,1,other occupation
620102130091690,2,2024,14,3,17011,29,55,1,2,41,1,1,2,1,1,40,3662.4793,2300,1,1,2025,16,7,29,57,1,2,41,1,2,1,1,40,3989.8737,2310,1,1,1,0,still teacher
261300006019921,2,2024,15,3,17011,29,54,1,1,44,1,1,2,1,2,-4,4289.528,2310,1,1,2025,15,7,29,55,1,1,44,1,2,1,2,-4,3978.0105,2310,1,1,1,0,still teacher
006100377398916,2,2024,15,2,17011,30,39,1,2,44,1,2,2,1,1,40,585.4615,2310,1,1,2025,15,6,30,40,1,2,44,1,2,1,1,40,777.6007,2310,1,1,1,0,still teacher
600120342509352,2,2024,13,4,16011,32,60,1,2,43,1,2,2,1,1,45,2591.3598,2310,1,1,2025,14,8,32,61,1,2,43,1,2,1,1,40,2058.0156,2310,1,1,1,0,still teacher
890662071369022,2,2024,16,4,16011,32,46,1,2,43,1,1,2,1,1,40,2496.2215,2310,1,1,2025,15,8,32,47,1,2,43,1,2,1,1,40,2302.7482,2310,1,1,1,0,still teacher
232705316095600,2,2024,11,2,17011,32,24,6,2,43,4,3,2,1,1,40,2056.446,2310,1,1,2025,14,6,32,25,6,2,43,4,2,1,1,40,1914.0694,750,1,0,0,1,other occupation
033037003715401,2,2024,13,1,17011,35,35,1,2,43,4,1,2,5,1,40,741.02,2310,1,1,2025,13,5,35,36,1,2,44,4,2,5,1,40,1037.7282,2310,1,1,1,0,still teacher
310235051302203,2,2024,16,3,17011,35,45,1,2,44,1,2,2,1,1,40,1336.1482,2310,1,1,2025,16,7,35,46,1,2,44,1,2,1,1,40,1419.9303,2310,1,1,1,0,still teacher
001180309348186,2,2024,15,3,17011,38,49,1,2,43,1,1,2,1,1,40,593.316,2310,1,1,2025,15,7,38,50,1,2,44,1,2,1,1,40,458.3431,2310,1,1,1,0,still teacher
064040103632425,2,2024,7,3,17011,46,59,1,2,39,3,1,2,1,1,40,789.0885,2330,1,1,2025,16,7,46,60,1,2,39,3,2,1,1,40,1160.7679,2330,1,1,1,0,still teacher
065966860240158,2,2024,14,1,17011,48,53,1,1,44,1,2,2,4,1,16,4978.8217,2310,1,1,2025,14,5,48,54,1,1,44,1,2,4,4,-1,4538.9188,4760,0,0,0,1,unemployed
180752900885544,2,2024,16,2,17011,48,39,1,2,44,1,2,2,1,1,50,4228.4324,2330,1,1,2025,16,6,48,40,1,2,44,1,2,1,1,45,4860.931,2310,1,1,1,0,still teacher
788089504020010,2,2024,15,4,16011,48,52,4,2,43,1,1,2,1,1,60,4949.4019,2310,1,1,2025,14,8,48,53,4,2,43,1,2,1,1,50,4729.1139,2330,1,1,1,0,still teacher
290318031409814,2,2024,1,3,17011,48,52,4,2,44,1,1,2,1,1,35,4940.5062,2310,1,1,2025,14,7,48,53,4,2,44,1,2,1,1,35,3912.1288,2310,1,1,1,0,still teacher
001180443298391,2,2024,16,3,17011,48,41,1,2,43,1,1,2,1,1,12,4509.0782,2300,1,1,2025,16,7,48,42,1,2,43,1,2,1,7,-1,4538.1672,-1,0,0,0,1,out of labor force
054629096418434,2,2024,13,2,17011,48,32,6,1,44,1,3,1,1,1,40,4591.5992,2310,1,1,2025,13,6,48,33,6,1,44,1,1,1,1,40,5485.9716,2310,1,1,1,0,still teacher
843200619848560,2,2024,15,3,17011,48,54,1,1,44,1,1,2,1,2,40,4889.902,2310,1,1,2025,14,7,48,55,3,1,44,1,2,1,1,40,4524.8283,2310,1,1,1,0,still teacher
983057109701497,2,2024,12,3,17011,48,29,1,2,43,1,1,1,1,1,60,4870.6497,2310,1,1,2025,12,7,48,29,1,2,43,1,1,1,1,65,5539.8209,2310,1,1,1,0,still teacher
160074900841874,2,2024,15,4,16011,48,33,1,1,43,1,1,2,1,1,40,4983.8095,2320,1,1,2025,15,8,48,34,1,1,43,1,2,1,1,40,5808.4615,2310,1,1,1,0,still teacher
160074900841874,2,2024,15,4,16011,48,31,1,2,43,1,2,2,1,1,40,5764.8392,2320,1,1,2025,15,8,48,32,1,2,43,1,2,1,1,40,5205.7788,2310,1,1,1,0,still teacher
481060100172473,2,2024,14,1,17011,48,28,1,1,43,2,1,2,1,1,45,7800.5937,2320,1,1,2025,15,5,48,29,1,1,43,2,2,1,1,50,8761.8638,2320,1,1,1,0,still teacher
481060100172473,2,2024,14,1,17011,48,28,1,2,43,2,2,2,1,1,50,9835.7773,2320,1,1,2025,15,5,48,29,1,2,43,2,2,1,1,40,11624.0021,2320,1,1,1,0,still teacher
840308011973000,2,2024,16,4,16011,48,27,6,1,43,1,1,2,1,1,40,5844.5538,2310,1,1,2025,14,8,48,29,6,1,43,1,2,1,1,40,5320.0065,2310,1,1,1,0,still teacher
659234534080012,2,2024,15,4,16011,49,28,1,1,43,1,1,2,1,1,40,2397.2689,2310,1,1,2025,15,8,49,29,1,1,43,1,2,1,1,40,1599.9126,2310,1,1,1,0,still teacher
180412200926744,2,2024,16,3,17011,49,36,1,2,44,1,2,2,1,1,32,1606.4185,2320,1,1,2025,16,7,49,37,1,2,43,1,2,1,1,32,1438.4105,2360,1,0,0,1,other occupation
801000603869949,2,2024,16,3,17011,49,20,6,1,40,1,5,1,1,1,8,1572.9198,2310,1,1,2025,16,7,49,21,6,1,40,1,1,1,7,-1,1671.8405,-1,0,0,0,1,out of labor force
113408715030112,2,2024,13,2,17011,53,30,6,2,44,1,1,2,1,1,40,4874.6629,2310,1,1,2025,13,6,53,31,6,2,44,1,2,1,1,40,5964.9219,2310,1,1,1,0,still teacher
210953011516680,2,2024,8,3,17011,53,45,3,2,40,2,1,2,4,1,24,4145.6912,2310,1,1,2025,10,7,53,46,3,2,40,2,2,4,1,24,3389.053,2360,1,0,0,1,other occupation
990245525081850,2,2024,16,1,17011,55,37,1,2,43,1,2,2,1,1,40,3696.5145,2310,1,1,2025,16,5,55,37,1,2,44,1,2,1,1,40,4566.7066,2310,1,1,1,0,still teacher
035718620450146,2,2024,15,2,17011,56,35,1,2,43,1,1,2,1,1,40,512.4034,2310,1,1,2025,13,6,56,35,1,2,43,1,2,1,1,40,414.2143,2310,1,1,1,0,still teacher
000140041363169,2,2024,14,2,17111,4,48,4,2,43,1,1,2,1,1,40,3936.4969,2310,1,1,2025,14,6,4,49,4,2,43,1,2,1,1,40,4586.4214,2310,1,1,1,0,still teacher
180045041005808,2,2024,15,1,17111,5,50,1,2,43,1,2,2,1,1,40,1507.4582,2310,1,1,2025,14,5,5,51,1,2,43,1,2,1,5,-1,1479.3169,-1,0,0,0,1,out of labor force
391200509405029,2,2024,16,2,17111,20,52,1,2,43,1,2,2,1,1,40,1977.2608,2310,1,1,2025,15,6,20,53,1,2,43,1,2,1,1,40,2375.4691,2310,1,1,1,0,still teacher
540113469051651,2,2024,14,4,16111,35,53,4,2,43,1,1,2,1,1,55,1325.2753,2310,1,1,2025,14,8,35,54,4,2,43,1,2,1,1,38,1011.4902,2310,1,1,1,0,still teacher
150823200531123,2,2024,14,2,17111,35,66,1,1,44,1,2,1,1,1,40,1097.9783,2320,1,1,2025,14,6,35,66,1,1,44,1,1,1,1,40,1173.8794,2320,1,1,1,0,still teacher
040224153021400,2,2024,15,2,17111,40,49,1,1,43,1,1,2,1,1,40,2335.9951,2310,1,1,2025,16,6,40,49,1,1,43,1,2,1,1,40,3226.8332,2310,1,1,1,0,still teacher
043802011478020,2,2024,15,3,17111,40,52,1,2,43,1,1,2,1,1,40,1754.8886,2310,1,1,2025,13,7,40,53,1,2,43,1,2,1,1,40,1628.1546,2310,1,1,1,0,still teacher
075726710500159,2,2024,16,2,17011,9,33,6,2,44,1,1,2,1,1,40,3891.8902,2310,1,1,2025,16,6,9,34,6,2,44,1,2,1,2,38,3991.3182,2310,1,1,1,0,still teacher
110419071005283,2,2024,16,2,17011,9,53,1,2,44,1,2,2,1,1,40,3326.0298,2300,1,1,2025,16,6,9,54,1,2,45,1,2,1,1,45,3004.4991,2310,1,1,1,0,still teacher
010405115856440,2,2024,16,3,17011,10,55,1,2,44,1,1,2,1,1,40,773.7039,2330,1,1,2025,15,7,10,57,1,2,44,1,2,1,1,20,779.9258,2330,1,1,1,0,still teacher
252922092050015,2,2024,12,2,17011,22,53,1,2,44,1,1,2,1,1,-4,1505.2544,2330,1,1,2025,15,6,22,54,1,2,44,1,2,1,2,40,1612.9367,2330,1,1,1,0,still teacher
053348340520144,2,2024,14,2,17011,24,52,1,2,43,4,2,2,1,1,30,4214.2963,2300,1,1,2025,16,6,24,53,1,2,43,4,2,1,1,40,5338.1461,440,1,0,0,1,other occupation
062024063715296,2,2024,15,3,17012,25,27,1,2,43,1,1,2,1,1,40,2896.3041,2310,1,1,2025,15,7,25,28,1,2,43,1,2,1,1,40,3152.7468,5740,1,0,0,1,other occupation
062024063715296,2,2024,15,3,17012,25,28,1,1,43,1,2,2,1,1,40,3250.4209,2310,1,1,2025,15,7,25,29,1,1,43,1,2,1,1,40,2890.8066,5810,1,0,0,1,other occupation
047030430620148,2,2024,11,4,16011,28,37,1,1,43,2,1,2,1,1,40,3095.3283,2310,1,1,2025,11,8,28,38,1,1,44,2,2,1,1,40,2699.9644,2310,1,1,1,0,still teacher
008140334352711,2,2024,14,1,17011,34,66,4,2,44,1,1,2,1,1,70,4048.2098,2320,1,1,2025,15,5,34,67,4,2,44,1,2,1,1,65,4171.344,2310,1,1,1,0,still teacher
013183003116700,2,2024,13,4,16011,36,59,1,2,44,2,2,1,4,1,40,7125.8436,2310,1,1,2025,15,8,36,60,1,2,44,2,1,4,1,40,7083.2741,2310,1,1,1,0,still teacher
536922693030014,2,2024,15,3,17011,36,30,1,2,44,1,2,2,1,1,40,7592.1079,2310,1,1,2025,15,7,36,31,1,2,44,1,2,1,2,40,6407.4701,2310,1,1,1,0,still teacher
257864493070011,2,2024,10,2,17011,37,29,6,2,43,6,1,2,1,1,40,6279.0926,2300,1,1,2025,11,6,37,30,6,2,43,6,2,1,1,40,5995.1234,2300,1,1,1,0,still teacher
073075001917393,2,2024,15,1,17011,37,62,1,2,43,1,1,2,1,1,-4,5158.5015,2310,1,1,2025,15,5,37,63,1,2,43,1,2,1,1,-4,3193.6694,2310,1,1,1,0,still teacher
023002087619550,2,2024,15,3,17011,39,49,1,1,44,1,2,2,1,1,40,3286.3428,2320,1,1,2025,16,7,39,50,1,1,44,1,2,1,1,40,4194.7104,2320,1,1,1,0,still teacher
091050100178326,2,2024,16,3,17011,39,46,1,2,44,1,1,2,1,1,25,3420.2001,2330,1,1,2025,15,7,39,47,1,2,44,1,2,1,1,25,4183.6233,2330,1,1,1,0,still teacher
094061085212905,2,2024,14,2,17011,42,61,4,1,43,1,1,2,1,1,50,5529.7152,2310,1,1,2025,15,6,42,62,4,1,43,1,2,1,1,40,4697.2518,1430,1,0,0,1,other occupation
069269990140132,2,2024,16,4,16011,42,56,1,1,44,1,1,2,1,1,40,5365.2365,2320,1,1,2025,16,8,42,57,1,1,44,1,2,1,1,40,4754.0841,2320,1,1,1,0,still teacher
846072103413489,2,2024,14,4,16011,44,43,4,2,43,1,1,2,1,1,40,1311.9738,2330,1,1,2025,14,8,44,44,4,2,43,1,2,1,1,40,1290.7333,2330,1,1,1,0,still teacher
107140480401241,2,2024,13,2,17011,44,69,5,2,43,1,1,2,1,1,-4,843.643,2310,1,1,2025,12,6,44,70,5,2,43,1,2,1,2,-4,888.3982,2310,1,1,1,0,still teacher
400274071408824,2,2024,15,2,17011,44,48,1,2,44,1,1,2,1,1,45,965.6994,2320,1,1,2025,15,6,44,49,1,2,44,1,2,1,1,40,1034.994,2320,1,1,1,0,still teacher
130428300434154,2,2024,16,3,17011,44,60,1,2,43,1,1,2,1,1,30,907.0966,2310,1,1,2025,16,7,44,61,1,2,43,1,2,1,1,40,971.5637,2310,1,1,1,0,still teacher
084096069117726,2,2024,15,3,17011,47,54,1,2,43,2,1,2,1,1,-4,5125.1845,2310,1,1,2025,15,7,47,54,6,2,44,2,2,1,1,60,4932.131,230,1,0,0,1,other occupation
005100574150757,2,2024,11,1,17011,50,68,4,2,44,1,1,2,1,1,21,400.5568,2320,1,1,2025,12,5,50,69,4,2,44,1,2,1,1,-4,415.6769,2310,1,1,1,0,still teacher
841508755040010,2,2024,16,3,17011,51,49,1,2,44,1,1,2,1,1,40,4266.266,2330,1,1,2025,16,7,51,51,1,2,44,1,2,1,1,35,3590.4674,2310,1,1,1,0,still teacher
541800105605152,2,2024,14,3,17011,51,49,4,2,44,1,1,2,1,1,40,4757.9547,2310,1,1,2025,14,7,51,50,4,2,44,1,2,1,1,45,3568.1893,2310,1,1,1,0,still teacher
060695408091540,2,2024,13,4,16011,54,39,6,1,44,1,1,2,1,1,40,778.7018,2310,1,1,2025,13,8,54,40,6,1,44,1,2,1,1,40,723.8147,8990,1,0,0,1,other occupation
270361091003113,2,2024,14,2,17111,1,49,4,2,44,1,1,2,1,1,40,2491.8059,2310,1,1,2025,12,6,1,49,4,2,44,1,2,1,1,40,1883.8155,2310,1,1,1,0,still teacher
208110177871445,2,2024,13,2,17111,11,29,6,2,44,1,1,2,1,1,40,431.8959,2320,1,1,2025,13,6,11,30,6,2,44,1,2,1,1,40,468.1361,2320,1,1,1,0,still teacher
120464600440484,2,2024,16,3,17111,44,44,1,2,43,1,1,2,1,1,40,919.2022,2310,1,1,2025,16,7,44,45,1,2,43,1,2,1,1,40,1080.5409,2310,1,1,1,0,still teacher
039933670240107,2,2024,15,1,17111,47,64,1,1,44,1,1,2,1,1,40,4021.8979,2310,1,1,2025,15,5,47,65,1,1,44,1,2,1,1,37,3459.1114,2310,1,1,1,0,still teacher
000170408220840,2,2024,15,3,17111,47,48,1,2,44,1,2,2,1,1,50,3622.119,2310,1,1,2025,15,7,47,49,1,2,45,1,2,1,1,50,2873.2865,2310,1,1,1,0,still teacher
730140021503085,2,2024,8,4,16111,50,55,1,2,39,1,1,2,1,1,50,447.7742,2300,1,1,2025,12,8,50,57,4,2,40,1,2,1,1,60,468.9196,2300,1,1,1,0,still teacher
140313900093285,2,2024,15,2,17111,50,31,1,2,44,1,1,2,1,1,40,537.8112,2320,1,1,2025,15,6,50,33,1,2,44,1,2,1,1,40,516.9398,2310,1,1,1,0,still teacher
414124685060014,2,2024,6,1,17111,54,36,1,2,43,2,1,2,1,1,45,1015.2624,2300,1,1,2025,10,5,54,37,1,2,43,2,2,1,1,45,861.8075,2300,1,1,1,0,still teacher
490311620071413,2,2024,16,3,17011,11,55,1,2,44,1,1,2,1,1,40,358.7054,2320,1,1,2025,16,7,11,56,1,2,44,1,2,1,1,45,395.344,2320,1,1,1,0,still teacher
051037077013687,2,2024,15,4,16011,13,39,1,2,44,2,1,2,1,1,40,6534.2162,2330,1,1,2025,15,8,13,40,1,2,44,2,2,1,1,40,5761.239,2330,1,1,1,0,still teacher
032481240812103,2,2024,14,4,16011,13,64,4,2,44,1,1,2,1,1,20,5313.6156,2310,1,1,2025,12,8,13,65,4,2,44,1,2,1,5,-1,5577.783,2310,0,0,0,1,out of labor force
055977530610128,2,2024,15,4,16011,18,36,1,2,43,1,1,2,1,1,40,4122.2928,2310,1,1,2025,15,8,18,37,1,2,43,1,2,1,1,40,4416.3295,5940,1,0,0,1,other occupation
350271031202780,2,2024,12,4,16011,21,54,1,2,42,1,2,2,1,1,-4,3139.494,2310,1,1,2025,12,8,21,55,1,2,42,1,2,1,1,20,3752.3018,2310,1,1,1,0,still teacher
511500313647922,2,2024,16,4,16011,29,44,1,2,45,1,1,2,1,1,40,5310.5302,2320,1,1,2025,16,8,29,45,1,2,45,1,2,1,1,40,4167.1631,2310,1,1,1,0,still teacher
000537030031116,2,2024,15,2,17011,36,31,1,2,44,1,2,2,1,1,40,5308.5434,2310,1,1,2025,14,6,36,32,1,2,44,1,2,1,1,40,5778.1594,10,1,0,0,1,other occupation
243040102395490,2,2024,14,3,17011,44,55,6,2,43,1,1,2,3,1,50,1038.3613,2320,1,1,2025,14,7,44,56,6,2,43,1,2,3,1,40,985.0717,2310,1,1,1,0,still teacher
231700900775942,2,2024,15,3,17011,49,28,1,2,43,1,2,2,1,1,40,1743.4434,2310,1,1,2025,15,7,49,29,1,2,43,1,2,1,1,40,1304.4499,2310,1,1,1,0,still teacher
861100200101610,2,2024,15,2,17111,16,40,1,2,43,1,2,2,1,1,25,869.0301,2320,1,1,2025,15,6,16,41,1,2,43,1,2,1,1,30,797.1936,2320,1,1,1,0,still teacher
007160443098574,2,2024,13,2,17111,46,63,2,2,43,1,2,2,1,1,50,727.1283,2300,1,1,2025,14,6,46,64,2,2,42,1,2,1,1,45,833.4029,7700,1,0,0,1,other occupation
528041100849005,2,2024,16,4,16011,2,54,1,1,43,1,1,2,1,1,32,624.8621,2310,1,1,2025,16,8,2,55,1,1,43,1,2,1,1,50,568.2827,2310,1,1,1,0,still teacher
528041100849005,2,2024,16,4,16011,2,51,1,2,43,1,2,2,1,1,32,609.824,2310,1,1,2025,16,8,2,52,1,2,43,1,2,1,1,50,484.9153,2310,1,1,1,0,still teacher
140218000634710,2,2024,12,1,17011,6,69,4,2,44,1,1,1,1,1,40,4622.8194,2330,1,1,2025,13,5,6,70,4,2,44,1,1,1,1,40,4312.3711,2330,1,1,1,0,still teacher
256864990070011,2,2024,16,4,16011,6,44,1,1,40,1,1,2,1,1,40,3955.9135,2310,1,1,2025,16,8,6,46,1,1,40,1,2,1,1,40,4256.8935,2330,1,1,1,0,still teacher
751900826129512,2,2024,13,3,17011,15,43,6,2,43,4,1,2,1,1,40,626.8294,2310,1,1,2025,14,7,15,44,6,2,43,4,2,1,1,40,702.4673,2310,1,1,1,0,still teacher
771056101558139,2,2024,16,4,16011,17,68,1,1,46,1,2,2,1,1,40,4206.6724,2310,1,1,2025,16,8,17,68,1,1,46,1,2,1,1,40,3916.2425,2310,1,1,1,0,still teacher
041289045317688,2,2024,15,2,17012,17,31,1,2,43,1,2,2,1,1,40,4891.6668,2310,1,1,2025,15,6,17,32,1,2,43,1,2,1,1,40,6178.6892,2310,1,1,1,0,still teacher
038092790510128,2,2024,16,4,16011,18,39,1,2,44,1,2,2,3,1,40,4663.9889,2310,1,1,2025,16,8,18,40,1,2,44,1,2,3,1,40,3880.8448,2310,1,1,1,0,still teacher
961700008819815,2,2024,16,3,17011,18,41,1,2,43,1,2,2,1,1,40,4164.9132,2310,1,1,2025,16,7,18,42,1,2,43,1,2,1,1,40,4576.4505,2310,1,1,1,0,still teacher
220331789091390,2,2024,16,4,16011,19,55,1,1,46,1,1,2,1,1,40,3114.9781,2310,1,1,2025,16,8,19,56,1,1,46,1,2,1,1,40,3092.7621,2320,1,1,1,0,still teacher
021031084019383,2,2024,15,4,16011,19,61,1,1,44,1,1,2,1,1,40,2638.6422,2310,1,1,2025,13,8,19,63,1,1,44,1,2,1,5,-1,2886.6458,-1,0,0,0,1,out of labor force
021031084019383,2,2024,15,4,16011,19,59,1,2,44,1,2,2,1,1,40,2532.9645,2310,1,1,2025,13,8,19,60,1,2,44,1,2,1,5,-1,2333.7815,-1,0,0,0,1,out of labor force
900337132090011,2,2024,15,4,16011,20,48,1,2,44,1,2,2,1,1,40,1642.4284,2310,1,1,2025,16,8,20,49,1,2,44,1,2,1,1,40,2093.0501,2310,1,1,1,0,still teacher
431900309781620,2,2024,12,3,17011,26,27,6,2,43,1,2,2,1,1,40,4131.4469,2310,1,1,2025,14,7,26,28,6,2,43,1,2,1,1,40,3171.5045,2310,1,1,1,0,still teacher
241700400611622,2,2024,10,1,17011,26,34,6,1,44,2,1,1,5,1,40,4912.315,2320,1,1,2025,11,5,26,35,6,1,44,2,1,5,1,40,10708.4362,2320,1,1,1,0,still teacher
875090103017222,2,2024,14,2,17011,27,68,1,2,43,1,1,2,1,1,24,3427.8721,2320,1,1,2025,14,6,27,69,1,2,43,1,2,1,1,23,3663.6807,2310,1,1,1,0,still teacher
032860990020149,2,2024,8,1,17011,29,32,6,1,43,1,2,2,1,1,40,4535.8849,2330,1,1,2025,16,5,29,33,6,1,43,1,2,1,1,40,5990.0615,2310,1,1,1,0,still teacher
041600800951038,2,2024,12,2,17011,30,38,1,2,44,1,2,2,1,2,-4,585.0634,2320,1,1,2025,3,6,30,39,1,2,44,1,2,1,2,-4,757.6862,6050,1,0,0,1,other occupation
063095023511062,2,2024,11,2,17011,31,72,4,2,43,2,1,2,1,1,-4,833.8637,2320,1,1,2025,11,6,31,73,4,2,43,2,2,1,1,8,1075.653,2300,1,1,1,0,still teacher
552167723070317,2,2024,14,3,17011,32,33,1,2,43,4,2,2,4,1,40,2313.9328,2310,1,1,2025,15,7,32,34,1,2,43,4,2,4,1,40,3367.4172,2205,1,0,0,1,other occupation
007180351450701,2,2024,14,4,16011,38,31,1,2,43,1,2,2,1,1,40,535.7573,2310,1,1,2025,15,8,38,32,1,2,43,1,2,1,1,40,496.93,2310,1,1,1,0,still teacher
190450001408156,2,2024,14,1,17011,40,41,1,2,44,1,1,2,1,1,40,2044.9368,2310,1,1,2025,14,5,40,42,1,2,44,1,2,1,1,40,1394.9335,2310,1,1,1,0,still teacher
009110404425098,2,2024,15,4,16011,41,45,1,2,43,1,1,2,1,1,30,2613.5196,2310,1,1,2025,15,8,41,46,1,2,43,1,2,1,1,35,2326.9035,2545,1,0,0,1,other occupation
034044062711783,2,2024,14,1,17011,41,39,1,1,44,4,1,2,1,1,60,2790.6822,2310,1,1,2025,16,5,41,40,1,1,44,4,2,1,1,40,2555.4689,2310,1,1,1,0,still teacher
014067031916646,2,2024,16,4,16011,46,41,1,2,43,1,2,2,1,1,40,917.3593,2310,1,1,2025,16,8,46,42,1,2,43,1,2,1,1,40,757.8292,2310,1,1,1,0,still teacher
550376061403290,2,2024,15,4,16011,46,29,1,2,44,1,1,2,1,1,40,875.2297,2330,1,1,2025,15,8,46,30,1,2,44,1,2,1,1,40,733.4263,2330,1,1,1,0,still teacher
118318094090017,2,2024,15,2,17011,48,41,1,2,43,1,1,2,1,1,40,5455.9019,2310,1,1,2025,14,6,48,42,1,2,43,1,2,1,1,40,5052.4965,2330,1,1,1,0,still teacher
711601436708849,2,2024,16,4,16011,48,40,1,2,43,1,1,1,1,1,60,5351.7956,2310,1,1,2025,16,8,48,41,1,2,43,1,1,1,1,60,4845.8495,2310,1,1,1,0,still teacher
004058051018126,2,2024,14,2,17011,48,33,2,2,43,1,2,1,1,1,45,4465.1063,2310,1,1,2025,14,6,48,34,2,2,43,1,1,1,1,40,4487.676,2310,1,1,1,0,still teacher
600084206081781,2,2024,14,4,16011,48,52,4,2,44,1,1,2,1,1,45,4949.4019,2330,1,1,2025,14,8,48,54,4,2,44,1,2,1,1,40,4729.1139,2330,1,1,1,0,still teacher
053409740741138,2,2024,14,1,17011,48,44,1,2,43,1,2,2,1,1,40,5100.6436,2310,1,1,2025,15,5,48,46,1,2,43,1,2,1,1,40,4164.2243,2310,1,1,1,0,still teacher
160064915091980,2,2024,16,3,17011,48,44,1,2,40,1,2,2,1,1,16,4509.0782,2300,1,1,2025,15,7,48,45,1,2,40,1,2,1,1,16,4769.8743,2300,1,1,1,0,still teacher
741800907231942,2,2024,14,3,17011,49,57,1,2,43,1,1,2,1,1,55,1806.9766,2310,1,1,2025,14,7,49,58,1,2,43,1,2,1,1,40,2010.1814,2310,1,1,1,0,still teacher
741800907231942,2,2024,14,3,17011,49,58,1,1,43,1,2,2,1,1,55,1739.7355,2320,1,1,2025,14,7,49,59,1,1,43,1,2,1,1,40,1815.344,2310,1,1,1,0,still teacher
951020103346563,2,2024,10,1,17011,55,70,1,2,44,1,2,2,1,1,4,2830.6755,2310,1,1,2025,13,5,55,71,1,2,43,1,2,1,1,8,3459.2825,2320,1,1,1,0,still teacher
140584500683805,2,2024,14,3,17011,56,58,1,2,43,1,1,2,1,1,40,394.4852,2310,1,1,2025,14,7,56,59,1,2,43,1,2,1,1,40,451.7523,2310,1,1,1,0,still teacher
080586061102471,2,2024,15,1,17111,16,65,3,1,44,1,1,2,4,1,45,997.3947,2310,1,1,2025,16,5,16,66,3,1,44,1,2,4,1,45,965.4533,2310,1,1,1,0,still teacher
120878061309561,2,2024,12,3,17111,38,45,4,2,44,1,1,2,1,1,40,575.9855,2310,1,1,2025,14,7,38,46,4,2,44,1,2,1,1,40,524.6147,2310,1,1,1,0,still teacher
005110036299100,2,2024,15,3,17011,1,80,1,2,43,1,2,2,4,1,40,1574.6921,2330,1,1,2025,13,7,1,80,1,2,43,1,2,4,1,40,1485.3661,2310,1,1,1,0,still teacher
081925080070015,2,2024,14,1,17011,1,50,4,2,46,2,1,2,1,1,60,2688.396,2310,1,1,2025,13,5,1,51,4,2,46,2,2,1,1,45,5311.7069,2310,1,1,1,0,still teacher
101700508362909,2,2024,15,1,17011,9,60,6,2,44,1,1,2,1,1,55,2715.9416,2320,1,1,2025,15,5,9,61,6,2,44,1,2,1,1,50,3160.6567,2320,1,1,1,0,still teacher
094165030901149,2,2024,14,4,16011,9,31,1,2,44,1,1,2,1,1,50,2534.8691,2310,1,1,2025,15,8,9,32,1,2,44,1,2,1,1,50,2914.6857,2310,1,1,1,0,still teacher
181580600923190,2,2024,16,4,16011,9,32,1,2,44,1,2,2,1,1,32,2534.8691,2310,1,1,2025,16,8,9,33,1,2,44,1,2,1,1,40,2914.6857,2310,1,1,1,0,still teacher
170087800948020,2,2024,13,2,17011,9,72,3,2,44,1,1,2,1,1,-4,2807.4488,2310,1,1,2025,14,6,9,73,3,2,44,1,2,1,1,15,2341.3313,2310,1,1,1,0,still teacher
561700005609216,2,2024,12,3,17011,12,52,1,2,43,1,1,2,1,1,37,4585.1409,2330,1,1,2025,13,7,12,53,1,2,43,1,2,1,1,37,3726.6478,2320,1,1,1,0,still teacher
212306015591220,2,2024,11,4,16011,12,44,6,2,44,2,1,2,1,1,40,5377.727,2310,1,1,2025,11,8,12,45,6,2,44,2,2,1,1,40,4811.291,2310,1,1,1,0,still teacher
541600407404126,2,2024,13,2,17011,21,56,1,2,44,1,2,2,1,1,40,3654.6759,2310,1,1,2025,13,6,21,57,1,2,44,1,2,1,1,40,3378.2528,2310,1,1,1,0,still teacher
190811900152952,2,2024,14,1,17011,21,44,1,2,41,1,2,2,1,1,40,4524.9499,2310,1,1,2025,14,5,21,45,1,2,41,1,2,1,1,40,3886.0448,4760,1,0,0,1,other occupation
003120277231814,2,2024,13,3,17011,22,44,1,2,44,2,2,2,1,1,40,1984.0528,2310,1,1,2025,15,7,22,46,1,2,44,2,2,1,1,40,2027.7094,2002,1,0,0,1,other occupation
441300207276520,2,2024,1,1,17011,25,23,6,2,43,1,2,2,1,1,40,3487.6526,2310,1,1,2025,9,5,25,24,6,2,43,1,2,1,7,-1,4190.8775,-1,0,0,0,1,out of labor force
008150242755358,2,2024,16,1,17011,25,75,1,2,44,6,2,2,1,1,40,3717.6243,2320,1,1,2025,16,5,25,76,1,2,44,6,2,1,1,50,3310.5658,2320,1,1,1,0,still teacher
437205014375710,2,2024,15,2,17011,34,64,4,2,44,1,1,2,1,1,40,4102.0213,2320,1,1,2025,15,6,34,65,4,2,44,1,2,1,1,40,4444.3309,2320,1,1,1,0,still teacher
632406016884460,2,2024,16,4,16011,36,24,6,1,43,1,3,2,1,1,40,5881.4245,2320,1,1,2025,16,8,36,25,6,1,43,1,2,1,1,40,6289.6919,2320,1,1,1,0,still teacher
974040107962332,2,2024,13,4,16011,37,43,1,1,43,1,1,2,1,1,40,4202.3393,2310,1,1,2025,14,8,37,43,1,1,43,1,2,1,1,40,3760.2159,2310,1,1,1,0,still teacher
920293759051991,2,2024,13,4,16011,39,38,6,2,40,2,1,2,1,1,40,11320.3342,2320,1,1,2025,12,8,39,39,6,2,40,2,2,1,1,40,7640.1694,2320,1,1,1,0,still teacher
542029684000019,2,2024,16,1,17011,42,36,6,2,44,1,2,2,1,1,40,6098.25,2310,1,1,2025,16,5,42,38,2,2,44,1,2,1,1,40,4497.7953,2310,1,1,1,0,still teacher
001120495395073,2,2024,14,3,17011,42,53,6,2,44,1,1,2,1,1,55,3343.2716,2310,1,1,2025,14,7,42,54,6,2,44,1,2,1,1,55,3453.8158,2310,1,1,1,0,still teacher
461600210639441,2,2024,15,1,17011,44,41,1,2,44,1,2,2,1,1,40,1650.5983,2310,1,1,2025,15,5,44,42,1,2,44,1,2,1,1,45,1747.4006,2310,1,1,1,0,still teacher
451300003626549,2,2024,12,3,17011,45,25,6,1,43,1,1,2,1,1,40,2708.0643,2310,1,1,2025,12,7,45,26,6,1,43,1,2,1,1,40,2457.9083,2310,1,1,1,0,still teacher
685551254060019,2,2024,15,1,17011,45,43,1,2,44,3,2,1,1,1,40,5007.4188,2310,1,1,2025,14,5,45,44,1,2,44,3,1,1,1,40,9053.162,2310,1,1,1,0,still teacher
240722011207165,2,2024,11,3,17111,22,32,6,2,43,1,1,2,1,1,40,1960.0002,2310,1,1,2025,12,7,22,33,6,2,43,1,2,1,1,40,2161.5392,2310,1,1,1,0,still teacher
180181600471663,2,2024,15,4,16111,34,65,1,2,43,1,1,2,1,1,35,4256.6773,2330,1,1,2025,15,8,34,66,1,2,43,1,2,1,1,40,4330.111,2360,1,0,0,1,other occupation
780417535090014,2,2024,15,2,17111,50,41,1,2,43,1,1,2,1,1,24,509.7084,2310,1,1,2025,15,6,50,42,1,2,43,1,2,1,1,40,460.509,2310,1,1,1,0,still teacher
850670565000011,2,2024,15,1,17111,50,34,1,2,46,1,2,2,1,1,40,551.006,2300,1,1,2025,15,5,50,35,1,2,43,1,2,1,1,40,558.577,2300,1,1,1,0,still teacher
003140592956311,2,2024,13,3,17111,54,61,1,2,42,1,2,2,1,1,40,725.2674,2330,1,1,2025,13,7,54,62,1,2,43,1,2,1,5,-1,712.6507,-1,0,0,0,1,out of labor force
100120005146443,2,2024,13,3,17011,2,39,4,2,42,1,1,1,4,1,40,552.1656,2300,1,1,2025,12,7,2,40,4,2,40,1,1,4,1,40,548.0566,2300,1,1,1,0,still teacher
204903211988110,2,2024,16,4,16011,2,45,1,2,44,1,1,2,1,1,40,562.6523,2310,1,1,2025,16,8,2,46,1,2,44,1,2,1,1,40,394.1943,2310,1,1,1,0,still teacher
003140001760121,2,2024,13,3,17011,4,52,4,2,44,1,1,2,1,1,50,3760.8474,2310,1,1,2025,13,7,4,53,4,2,44,1,2,1,1,40,3122.1121,2310,1,1,1,0,still teacher
199795101675480,2,2024,15,4,16011,6,46,1,2,44,1,2,1,1,1,36,4607.5163,2300,1,1,2025,15,8,6,47,1,2,44,1,1,1,1,40,4265.2381,2310,1,1,1,0,still teacher
667001100423046,2,2024,14,4,16011,6,45,1,2,41,1,1,1,1,1,40,5084.9723,2310,1,1,2025,12,8,6,46,1,2,43,1,1,1,1,40,5388.2684,2310,1,1,1,0,still teacher
605801111904860,2,2024,16,4,16011,6,33,1,2,44,1,2,2,1,1,50,4813.5079,2310,1,1,2025,16,8,6,33,1,2,44,1,2,1,1,40,4629.1821,2310,1,1,1,0,still teacher
080033035818878,2,2024,14,1,17011,8,43,6,1,44,1,1,2,1,1,50,5036.599,2310,1,1,2025,14,5,8,45,6,1,44,1,2,1,1,55,4529.1919,2310,1,1,1,0,still teacher
808700012726250,2,2024,16,1,17011,8,40,1,2,44,1,1,2,1,1,40,4482.8697,2320,1,1,2025,16,5,8,41,1,2,44,1,2,1,1,40,4734.4779,2320,1,1,1,0,still teacher
370093103208131,2,2024,13,3,17011,17,46,4,1,44,1,1,1,4,1,35,5949.6645,2310,1,1,2025,14,7,17,47,4,1,44,1,1,4,1,35,6358.9528,2320,1,1,1,0,still teacher
580717051139325,2,2024,14,3,17011,17,55,6,2,46,4,1,2,1,1,40,4882.1799,2310,1,1,2025,16,7,17,56,6,2,46,4,2,1,1,40,4702.2331,2310,1,1,1,0,still teacher
648009481020010,2,2024,11,3,17011,18,29,6,2,43,1,1,2,1,1,40,5105.3134,2320,1,1,2025,11,7,18,30,6,2,43,1,2,1,1,40,5253.2983,2310,1,1,1,0,still teacher
961400404822916,2,2024,15,3,17011,19,51,1,2,44,1,2,2,1,1,40,2550.5797,2310,1,1,2025,15,7,19,52,1,2,44,1,2,1,1,40,2274.3404,2310,1,1,1,0,still teacher
021033007519913,2,2024,16,3,17011,19,42,1,2,44,1,1,2,1,1,40,2926.225,2310,1,1,2025,16,7,19,43,1,2,44,1,2,1,1,40,2246.2801,2310,1,1,1,0,still teacher
021033007519913,2,2024,16,3,17011,19,42,1,1,44,1,2,2,1,1,40,2971.4598,2310,1,1,2025,16,7,19,43,1,1,44,1,2,1,1,40,2397.6915,2310,1,1,1,0,still teacher
330259071109031,2,2024,13,3,17011,19,40,4,2,44,1,1,2,1,1,40,2926.225,2310,1,1,2025,14,7,19,41,4,2,44,1,2,1,1,40,2246.2801,2310,1,1,1,0,still teacher
003190182138430,2,2024,15,4,16011,19,59,1,2,44,1,1,2,1,1,40,2532.9645,2310,1,1,2025,15,8,19,60,1,2,44,1,2,1,5,-1,2333.7815,-1,0,0,0,1,out of labor force
006160273118400,2,2024,16,1,17011,26,48,1,2,44,1,2,2,1,1,30,4078.3305,2320,1,1,2025,16,5,26,49,1,2,44,1,2,1,1,40,4509.2416,2320,1,1,1,0,still teacher
221043102395390,2,2024,14,1,17011,32,47,4,2,43,1,1,2,1,1,60,2489.8841,2310,1,1,2025,14,5,32,48,4,2,43,1,2,1,1,40,2517.3531,3620,1,0,0,1,other occupation
622531583090319,2,2024,14,1,17011,32,22,1,2,39,2,2,2,1,1,40,3797.3322,2300,1,1,2025,12,5,32,23,1,2,39,2,2,1,1,40,2428.9104,2545,1,0,0,1,other occupation
330142021333085,2,2024,15,3,17011,32,19,6,2,40,1,3,1,1,1,40,2072.9088,2320,1,1,2025,16,7,32,20,6,2,40,1,1,1,1,40,2457.027,2545,1,0,0,1,other occupation
045301013908990,2,2024,12,1,17011,40,29,6,1,43,1,1,2,1,1,40,2431.5089,2320,1,1,2025,15,5,40,30,6,1,43,1,2,1,1,50,1669.1391,2320,1,1,1,0,still teacher
025904460240110,2,2024,15,2,17011,40,61,1,1,43,1,1,2,1,1,25,2768.9572,2320,1,1,2025,15,6,40,63,1,1,43,1,2,1,1,20,2377.314,2310,1,1,1,0,still teacher
025904460240110,2,2024,15,2,17011,40,61,1,2,44,1,2,2,1,1,20,1912.8182,2310,1,1,2025,15,6,40,62,1,2,44,1,2,1,1,20,2176.1497,2310,1,1,1,0,still teacher
160934900685694,2,2024,16,2,17011,46,54,1,2,43,1,2,2,1,1,40,628.5919,2320,1,1,2025,15,6,46,55,1,2,43,1,2,1,1,40,685.5285,2320,1,1,1,0,still teacher
560946061409398,2,2024,16,2,17011,46,36,1,2,43,1,2,2,1,1,40,628.3861,2310,1,1,2025,5,6,46,37,1,2,43,1,2,1,1,40,674.7619,2310,1,1,1,0,still teacher
150153900811934,2,2024,15,1,17011,48,54,1,2,43,1,2,2,1,1,45,4132.0553,2310,1,1,2025,16,5,48,55,1,2,43,1,2,1,1,45,3328.392,2310,1,1,1,0,still teacher
044294077618318,2,2024,14,4,16011,48,28,1,2,40,1,2,2,1,1,50,5801.8289,2310,1,1,2025,15,8,48,29,1,2,43,1,2,1,1,50,5530.2612,2310,1,1,1,0,still teacher
003190485342691,2,2024,15,1,17011,49,47,1,2,44,1,2,2,1,1,40,1525.5841,2310,1,1,2025,15,5,49,48,1,2,44,1,2,1,1,40,1450.1617,230,1,0,0,1,other occupation
794050100013448,2,2024,16,1,17011,49,47,1,2,44,1,2,2,1,1,50,1525.5841,2320,1,1,2025,16,5,49,48,1,2,44,1,2,1,1,55,1450.1617,2320,1,1,1,0,still teacher
991093105549479,2,2024,14,4,16011,49,42,1,2,43,1,1,2,1,1,10,1644.8095,2310,1,1,2025,15,8,49,43,1,2,43,1,2,1,1,5,1862.559,2310,1,1,1,0,still teacher
991093105549479,2,2024,14,4,16011,49,40,1,1,43,1,2,2,1,1,40,2100.452,2310,1,1,2025,15,8,49,41,1,1,43,1,2,1,1,60,1519.0135,2310,1,1,1,0,still teacher
087190240250143,2,2024,10,1,17011,53,34,6,2,44,1,1,2,1,1,38,3788.2646,2310,1,1,2025,13,5,53,35,6,2,44,1,2,1,1,35,4089.262,2310,1,1,1,0,still teacher
390255210071460,2,2024,16,2,17011,56,60,4,2,43,1,1,2,1,1,52,372.2367,2330,1,1,2025,16,6,56,61,4,2,43,1,2,1,1,52,349.2547,2330,1,1,1,0,still teacher
105160526124215,2,2024,13,4,16011,56,32,1,2,42,1,2,2,1,1,23,351.704,2300,1,1,2025,13,8,56,33,1,2,42,1,2,1,1,25,420.6657,2545,1,0,0,1,other occupation
270294011009711,2,2024,15,4,16111,4,70,1,1,44,1,1,2,1,1,12,3984.8453,2310,1,1,2025,15,8,4,71,1,1,44,1,2,1,5,-1,3900.6385,2310,0,0,0,1,out of labor force
500635021005548,2,2024,14,4,16111,5,45,6,2,44,1,1,2,1,1,40,1234.7952,2310,1,1,2025,15,8,5,46,6,2,44,1,2,1,1,60,1659.1782,230,1,0,0,1,other occupation
170657100557271,2,2024,14,3,17111,15,60,1,2,43,4,1,2,5,1,20,1046.9132,2310,1,1,2025,13,7,15,61,1,2,43,4,2,5,1,20,839.1258,4920,1,0,0,1,other occupation
570393762071400,2,2024,12,1,17111,30,52,6,2,44,1,1,2,1,1,40,545.7078,2310,1,1,2025,13,5,30,53,6,2,44,1,2,1,1,40,638.8637,2310,1,1,1,0,still teacher
022878530440106,2,2024,15,3,17111,46,35,1,2,44,1,2,2,1,1,40,765.7452,2310,1,1,2025,15,7,46,36,1,2,44,1,2,1,1,40,956.5733,2310,1,1,1,0,still teacher
421900402238650,2,2024,15,1,17111,56,48,1,2,44,1,1,2,1,1,40,355.9219,2310,1,1,2025,15,5,56,49,1,2,44,1,2,1,1,40,549.4173,2310,1,1,1,0,still teacher
250038011014864,2,2024,16,4,16011,8,43,1,2,44,1,1,2,1,1,6,3739.5734,2310,1,1,2025,15,8,8,44,1,2,44,1,2,1,1,-4,4669.9726,2360,1,0,0,1,other occupation
270260676031991,2,2024,16,4,16011,9,50,1,2,44,1,2,2,1,1,40,3345.8888,2320,1,1,2025,16,8,9,51,1,2,44,1,2,1,1,32,3070.4324,2320,1,1,1,0,still teacher
219907017233820,2,2024,8,3,17011,12,63,4,1,43,1,1,2,1,1,40,4011.5516,2310,1,1,2025,12,7,12,65,4,1,43,1,2,1,1,5,4780.3692,2310,1,1,1,0,still teacher
515080100737276,2,2024,16,4,16011,21,50,1,2,44,1,2,1,1,1,40,3125.1803,2320,1,1,2025,16,8,21,51,1,2,44,1,1,1,1,40,4401.6866,2320,1,1,1,0,still teacher
000140212397179,2,2024,1,4,16011,24,50,6,2,39,1,1,2,1,1,40,4643.3911,2300,1,1,2025,8,8,24,51,6,2,39,1,2,1,1,40,4797.2839,2300,1,1,1,0,still teacher
330364081200085,2,2024,16,2,17011,24,56,1,2,43,4,4,2,5,1,40,6054.9743,2310,1,1,2025,16,6,24,57,1,2,43,4,2,5,1,40,5897.5211,2310,1,1,1,0,still teacher
032044037015164,2,2024,14,4,16011,25,36,1,2,43,1,2,2,1,1,35,3438.1983,2310,1,1,2025,14,8,25,37,1,2,43,1,2,1,1,35,3426.1503,2300,1,1,1,0,still teacher
000180226317628,2,2024,13,2,17011,28,33,6,2,42,2,1,2,1,1,-4,2073.0242,2300,1,1,2025,12,6,28,33,6,2,42,2,2,1,1,40,1987.2634,2300,1,1,1,0,still teacher
005140353218391,2,2024,15,2,17011,34,45,4,2,44,1,1,2,1,1,50,4805.603,2310,1,1,2025,15,6,34,46,4,2,43,1,2,1,1,40,4846.7966,2320,1,1,1,0,still teacher
345040107586377,2,2024,16,4,16011,34,50,1,2,43,2,1,2,1,1,40,5764.2165,2310,1,1,2025,16,8,34,50,1,2,43,2,2,1,1,40,8353.5024,2310,1,1,1,0,still teacher
462011106428309,2,2024,13,4,16011,36,53,5,2,43,1,1,2,1,1,40,5009.3744,2320,1,1,2025,9,8,36,55,5,2,43,1,2,1,1,40,4303.6406,3601,1,0,0,1,other occupation
018249000130136,2,2024,16,1,17011,36,32,1,2,44,1,2,2,1,1,40,4432.4861,2330,1,1,2025,16,5,36,33,1,2,44,1,2,1,1,40,4510.3634,2310,1,1,1,0,still teacher
635400111933330,2,2024,16,3,17011,36,30,1,2,44,4,2,2,1,1,40,6532.6575,2310,1,1,2025,16,7,36,31,1,2,44,4,2,1,1,40,5806.4315,2310,1,1,1,0,still teacher
464070106867340,2,2024,13,4,16011,36,29,6,2,44,1,4,2,1,1,40,5296.9687,2310,1,1,2025,15,8,36,29,6,2,44,1,2,1,1,40,5761.3179,2330,1,1,1,0,still teacher
023081080617574,2,2024,14,3,17011,37,37,1,2,44,1,2,1,5,1,40,3520.141,2320,1,1,2025,14,7,37,38,1,2,44,1,1,5,1,40,4234.2259,2310,1,1,1,0,still teacher
050041740530167,2,2024,13,4,16012,37,24,6,1,43,2,1,2,1,1,40,6301.5876,2310,1,1,2025,10,8,37,25,6,1,43,2,2,1,1,40,6638.5466,2360,1,0,0,1,other occupation
160991500975923,2,2024,16,1,17011,39,53,1,1,44,2,1,2,1,1,40,8245.7121,2310,1,1,2025,16,5,39,55,1,1,46,2,2,1,1,40,8601.8838,230,1,0,0,1,other occupation
160991500975923,2,2024,16,1,17011,39,47,1,2,44,2,2,2,1,1,40,10732.6376,2310,1,1,2025,16,5,39,48,1,2,44,2,2,1,1,40,9298.6087,2310,1,1,1,0,still teacher
512821614070014,2,2024,10,4,16011,42,36,1,2,43,1,2,2,1,1,40,3925.1106,2300,1,1,2025,12,8,42,36,1,2,43,1,2,1,1,40,4085.6132,2300,1,1,1,0,still teacher
192349714030014,2,2024,15,4,16011,42,28,6,2,39,1,3,2,1,1,44,3676.1237,2300,1,1,2025,14,8,42,28,6,2,39,1,2,1,1,40,3875.1684,4600,1,0,0,1,other occupation
108120498126245,2,2024,15,4,16011,42,49,1,2,43,1,1,2,1,1,40,4134.8734,2310,1,1,2025,10,8,42,50,1,2,43,1,2,1,1,50,3650.0286,2320,1,1,1,0,still teacher
022075310440145,2,2024,11,3,17011,45,70,1,2,39,1,1,2,1,1,20,3218.0575,2300,1,1,2025,10,7,45,71,1,2,39,1,2,1,1,20,3171.6171,2300,1,1,1,0,still teacher
747000014815150,2,2024,12,3,17011,47,43,4,1,43,1,1,2,1,1,40,2760.996,2320,1,1,2025,13,7,47,44,4,1,43,1,2,1,1,40,3364.5369,2320,1,1,1,0,still teacher
190890000131685,2,2024,13,2,17011,51,47,1,2,44,1,1,2,1,1,60,4352.5373,2310,1,1,2025,14,6,51,47,1,2,46,1,2,1,1,40,3828.5787,2310,1,1,1,0,still teacher
131700900765452,2,2024,16,2,17011,54,48,1,2,43,1,3,2,1,1,40,753.0529,2300,1,1,2025,16,6,54,49,1,2,43,1,2,1,1,40,698.6427,2300,1,1,1,0,still teacher
881400103345104,2,2024,16,4,16111,1,27,6,1,44,2,1,1,1,1,40,5431.0856,2310,1,1,2025,14,8,1,28,6,1,44,2,1,1,7,-1,3680.6979,2360,0,0,0,1,out of labor force
518070104021079,2,2024,13,4,16111,1,47,6,2,44,1,1,2,1,1,40,2167.324,2320,1,1,2025,14,8,1,48,6,2,44,1,2,1,1,40,2244.8331,350,1,0,0,1,other occupation
090070930320141,2,2024,8,4,16111,21,71,4,2,39,1,1,2,1,1,20,3606.0688,2300,1,1,2025,15,8,21,72,4,2,39,1,2,1,1,20,3756.0107,2300,1,1,1,0,still teacher
431500706674227,2,2024,15,2,17111,22,57,1,2,44,1,2,2,1,1,40,1463.8481,2310,1,1,2025,14,6,22,58,1,2,44,1,2,1,1,50,1513.5706,2320,1,1,1,0,still teacher
110521700583442,2,2024,16,1,17111,25,27,6,2,44,1,2,2,1,1,35,3910.0552,2310,1,1,2025,16,5,25,28,6,2,44,1,2,1,1,40,3588.624,2310,1,1,1,0,still teacher
005180243117957,2,2024,14,1,17111,28,50,6,2,43,2,2,2,1,1,40,1764.754,2310,1,1,2025,13,5,28,51,6,2,43,2,2,1,1,40,2766.4006,2320,1,1,1,0,still teacher
807070103443589,2,2024,12,2,17111,50,40,4,1,43,1,1,2,1,1,40,450.4228,2310,1,1,2025,13,6,50,41,4,1,43,1,2,1,1,50,380.1986,2310,1,1,1,0,still teacher
651100216006202,2,2024,15,4,16011,2,50,1,2,40,3,1,2,1,1,35,694.8392,2310,1,1,2025,15,8,2,52,1,2,40,3,2,1,5,-1,489.8104,2310,0,0,0,1,out of labor force
000167079716520,2,2024,15,4,16011,6,45,1,2,43,1,1,2,1,1,40,4262.7107,2310,1,1,2025,16,8,6,46,1,2,43,1,2,1,1,45,4202.3961,2320,1,1,1,0,still teacher
000167079716520,2,2024,15,4,16011,6,46,1,1,43,1,2,1,1,1,40,5185.9234,2310,1,1,2025,16,8,6,47,1,1,43,1,1,1,1,45,4920.9398,2310,1,1,1,0,still teacher
171080100653890,2,2024,13,1,17011,6,61,4,2,43,1,1,2,1,1,32,3915.9639,2310,1,1,2025,13,5,6,62,4,2,43,1,2,1,1,45,3963.8237,2310,1,1,1,0,still teacher
010430482051560,2,2024,15,3,17011,6,36,6,2,39,3,5,1,1,1,30,5933.5045,2330,1,1,2025,13,7,6,37,6,2,39,3,1,1,1,40,6982.0528,2545,1,0,0,1,other occupation
100391100722121,2,2024,15,4,16011,17,39,1,2,43,1,2,2,1,1,40,3747.9848,2310,1,1,2025,13,8,17,40,1,2,43,1,2,1,1,55,3374.5245,2310,1,1,1,0,still teacher
390007071101419,2,2024,15,2,17011,17,33,1,1,44,1,1,2,1,1,40,3696.3135,2310,1,1,2025,15,6,17,34,1,1,44,1,2,1,1,40,5987.4156,2310,1,1,1,0,still teacher
390007071101419,2,2024,15,2,17011,17,30,1,2,44,1,2,2,1,1,40,4093.0441,2310,1,1,2025,15,6,17,31,1,2,44,1,2,1,1,40,5862.3953,2310,1,1,1,0,still teacher
038242640020126,2,2024,14,1,17011,26,57,1,2,43,1,1,2,1,1,40,4171.2347,2300,1,1,2025,14,5,26,58,1,2,43,1,2,1,1,42,4342.681,2300,1,1,1,0,still teacher
120865200191483,2,2024,16,2,17011,31,44,1,2,43,1,1,2,1,1,40,1458.2039,2310,1,1,2025,16,6,31,45,1,2,43,1,2,1,1,40,932.8179,2320,1,1,1,0,still teacher
239802312416950,2,2024,16,2,17011,32,59,1,1,44,1,1,2,1,1,45,2205.9777,2320,1,1,2025,16,6,32,60,1,1,44,1,2,1,1,40,2447.1635,1005,1,0,0,1,other occupation
300338081304913,2,2024,14,2,17011,38,39,1,2,43,1,1,2,1,1,40,486.4764,2310,1,1,2025,16,6,38,40,1,2,43,1,2,1,1,40,589.6414,2310,1,1,1,0,still teacher
160532300803523,2,2024,15,2,17011,38,40,1,2,44,1,1,2,1,1,40,525.5126,2310,1,1,2025,15,6,38,40,1,2,43,1,2,1,1,40,574.9401,2310,1,1,1,0,still teacher
390834834070016,2,2024,12,3,17011,40,29,1,2,43,3,2,2,1,1,40,5872.1737,2310,1,1,2025,13,7,40,30,1,2,43,3,2,1,1,40,3051.4161,2310,1,1,1,0,still teacher
436671664090011,2,2024,15,4,16011,46,36,1,2,43,1,1,2,1,1,40,971.0284,2310,1,1,2025,15,8,46,37,1,2,43,1,2,1,1,40,791.0102,2310,1,1,1,0,still teacher
863060103742454,2,2024,15,3,17011,46,42,1,1,44,1,1,2,1,1,40,640.6348,2310,1,1,2025,15,7,46,43,1,1,42,1,2,1,1,40,852.1177,2310,1,1,1,0,still teacher
863060103742454,2,2024,15,3,17011,46,37,1,2,43,1,2,2,1,1,40,565.3342,2310,1,1,2025,15,7,46,38,1,2,41,1,2,1,1,40,757.8533,2310,1,1,1,0,still teacher
240938051404734,2,2024,14,2,17011,48,77,1,2,44,1,2,1,1,1,40,4218.2739,2310,1,1,2025,9,6,48,78,1,2,42,1,1,1,5,-1,4389.362,-1,0,0,0,1,out of labor force
290208051404558,2,2024,14,2,17011,48,48,1,2,43,1,1,2,1,1,50,3784.4636,2310,1,1,2025,14,6,48,49,1,2,43,1,2,1,1,60,3982.14,2310,1,1,1,0,still teacher
668020384090015,2,2024,14,2,17011,48,35,1,2,44,1,2,2,1,1,45,3834.7117,2310,1,1,2025,15,6,48,36,1,2,44,1,2,1,1,40,4202.2033,2310,1,1,1,0,still teacher
190723800805424,2,2024,15,1,17011,48,44,1,2,44,1,1,2,4,1,50,4995.6504,2310,1,1,2025,15,5,48,45,1,2,44,1,2,4,1,40,4088.5454,2320,1,1,1,0,still teacher
190723800805424,2,2024,15,1,17011,48,44,1,1,43,1,2,2,1,1,40,4757.7307,2310,1,1,2025,15,5,48,45,1,1,43,1,2,1,1,40,4608.44,4251,1,0,0,1,other occupation
693030103670495,2,2024,15,1,17011,49,68,1,1,44,1,1,2,1,1,8,1764.3862,2310,1,1,2025,16,5,49,69,1,1,44,1,2,1,5,-1,1537.8311,-1,0,0,0,1,out of labor force
485822605070017,2,2024,16,4,16011,55,39,1,2,43,1,1,2,1,1,20,3984.5042,2310,1,1,2025,16,8,55,40,1,2,43,1,2,1,1,20,5274.905,2310,1,1,1,0,still teacher
075902660600125,2,2024,15,3,17111,5,33,1,2,44,1,1,2,1,1,40,1605.3218,2330,1,1,2025,15,7,5,34,1,2,44,1,2,1,1,40,1469.8043,2310,1,1,1,0,still teacher
022378990800105,2,2024,15,4,16111,5,38,1,2,44,2,1,2,1,1,35,1723.0365,2310,1,1,2025,16,8,5,39,1,2,44,2,2,1,1,40,1966.5953,2330,1,1,1,0,still teacher
006180367167193,2,2024,15,3,17111,38,34,1,2,43,1,2,2,1,1,40,482.2876,2310,1,1,2025,15,7,38,35,1,2,43,1,2,1,1,40,380.008,2300,1,1,1,0,still teacher
077666720501101,2,2024,15,1,17011,1,50,1,2,44,1,2,2,1,1,45,2327.4308,2320,1,1,2025,16,5,1,51,1,2,44,1,2,1,1,40,3007.3243,2320,1,1,1,0,still teacher
110367500238040,2,2024,16,1,17011,2,54,1,2,44,1,2,2,1,1,35,580.7593,2310,1,1,2025,16,5,2,56,1,2,44,1,2,1,1,38,594.8069,2310,1,1,1,0,still teacher
240415011007268,2,2024,14,3,17011,5,62,1,2,42,1,2,2,1,1,40,1295.0555,2310,1,1,2025,14,7,5,64,1,2,42,1,2,1,1,40,1371.2286,2310,1,1,1,0,still teacher
073250370601156,2,2024,10,4,16011,6,48,1,2,40,1,1,1,1,1,30,5478.4277,2310,1,1,2025,15,8,6,49,1,2,40,1,1,1,1,30,4974.2396,2545,1,0,0,1,other occupation
760071107656052,2,2024,13,4,16011,6,53,1,2,43,1,1,1,1,2,40,3579.1167,2320,1,1,2025,13,8,6,54,1,2,43,1,1,1,1,40,4589.6573,2330,1,1,1,0,still teacher
050067094816959,2,2024,16,1,17011,6,69,1,1,44,1,2,2,1,1,40,4153.7518,2320,1,1,2025,16,5,6,70,1,1,44,1,2,1,1,40,4404.5428,2310,1,1,1,0,still teacher
108190083109257,2,2024,15,4,16011,9,54,6,2,44,1,1,2,1,2,40,3471.4079,2310,1,1,2025,14,8,9,55,6,2,44,1,2,1,1,50,3267.8793,2310,1,1,1,0,still teacher
651500504252907,2,2024,16,3,17011,9,56,1,2,43,1,1,2,1,1,10,2997.9464,2300,1,1,2025,16,7,9,56,1,2,43,1,2,1,1,8,3987.8831,2300,1,1,1,0,still teacher
692091107376062,2,2024,16,4,16011,9,39,1,2,44,1,2,2,1,1,45,2608.9899,2310,1,1,2025,16,8,9,40,1,2,44,1,2,1,1,40,2729.9253,2310,1,1,1,0,still teacher
121258200065341,2,2024,12,2,17011,10,52,6,2,44,4,2,2,1,1,12,754.4382,2310,1,1,2025,5,6,10,53,6,2,44,4,2,1,1,15,766.1924,2060,1,0,0,1,other occupation
633494581010010,2,2024,16,3,17011,13,45,1,2,44,2,1,2,1,1,40,5360.9252,2310,1,1,2025,16,7,13,46,1,2,44,2,2,1,1,40,6348.7152,2310,1,1,1,0,still teacher
519006313965760,2,2024,16,4,16011,15,38,1,2,44,1,1,2,1,1,40,948.2574,2310,1,1,2025,16,8,15,39,1,2,44,1,2,1,1,40,749.3696,2310,1,1,1,0,still teacher
250688001102134,2,2024,14,1,17011,18,36,1,2,43,1,1,2,1,1,40,5817.2607,2310,1,1,2025,14,5,18,37,1,2,43,1,2,1,1,40,4934.072,2310,1,1,1,0,still teacher
022059086715861,2,2024,16,1,17011,25,42,1,2,44,1,2,2,1,1,40,3591.8419,2310,1,1,2025,16,5,25,43,1,2,44,1,2,1,1,40,2901.4891,2310,1,1,1,0,still teacher
050001101985229,2,2024,11,2,17011,25,70,6,2,43,1,1,2,1,1,35,2478.2972,2310,1,1,2025,15,6,25,71,6,2,43,1,2,1,1,38,2865.7972,2310,1,1,1,0,still teacher
170104600701312,2,2024,14,1,17011,27,52,1,2,43,1,2,2,1,1,40,3899.6834,2310,1,1,2025,12,5,27,53,1,2,43,1,2,1,1,40,3848.7959,2310,1,1,1,0,still teacher
083033014610294,2,2024,16,3,17011,30,63,1,2,44,1,1,1,1,1,8,503.3103,2310,1,1,2025,13,7,30,63,1,2,44,1,1,1,1,10,775.4293,2310,1,1,1,0,still teacher
461574583050017,2,2024,16,4,16011,31,55,1,2,44,1,2,2,1,1,40,1591.0322,2330,1,1,2025,16,8,31,56,1,2,44,1,2,1,5,-1,1344.0249,2330,0,0,0,1,out of labor force
011100102240439,2,2024,10,2,17011,34,47,6,2,40,2,1,1,1,1,35,6577.2306,2310,1,1,2025,7,6,34,49,6,2,40,2,1,1,1,60,7122.124,4700,1,0,0,1,other occupation
064030108710327,2,2024,15,4,16011,36,52,1,2,46,1,1,2,4,1,35,4082.7365,2310,1,1,2025,15,8,36,54,1,2,46,1,2,4,1,35,4592.4509,2310,1,1,1,0,still teacher
030543253081670,2,2024,15,4,16011,37,26,6,2,43,1,2,2,1,1,50,4626.3723,2310,1,1,2025,14,8,37,27,1,2,43,1,2,1,1,40,4233.2439,2310,1,1,1,0,still teacher
057397960630128,2,2024,8,1,17011,38,34,6,2,43,4,1,2,5,1,40,466.7232,2300,1,1,2025,12,5,38,35,1,2,44,4,2,5,1,40,458.924,2310,1,1,1,0,still teacher
010302170040170,2,2024,14,4,16011,40,23,1,2,43,7,2,2,1,1,40,5271.8742,2300,1,1,2025,15,8,40,24,1,2,44,7,2,1,1,40,4455.4645,2310,1,1,1,0,still teacher
340541001404586,2,2024,15,2,17011,41,42,1,2,43,1,1,2,1,2,40,2377.51,2300,1,1,2025,16,6,41,43,1,2,43,1,2,1,1,40,2225.0347,2300,1,1,1,0,still teacher
361700015669246,2,2024,15,4,16011,42,38,1,1,43,2,2,2,1,1,40,7182.7916,2310,1,1,2025,15,8,42,39,1,1,43,2,2,1,1,40,10149.4187,2360,1,0,0,1,other occupation
440194264071520,2,2024,15,3,17011,42,44,1,2,43,1,1,2,1,1,32,3577.1122,2310,1,1,2025,15,7,42,45,1,2,43,1,2,1,1,40,4211.0748,2545,1,0,0,1,other occupation
170665400263764,2,2024,16,1,17011,42,36,1,2,44,1,2,2,1,1,40,4426.3536,2310,1,1,2025,16,5,42,37,1,2,44,1,2,1,1,40,4224.4344,2330,1,1,1,0,still teacher
084076062416644,2,2024,12,4,16011,46,47,4,2,43,1,1,2,1,1,40,777.8471,2310,1,1,2025,13,8,46,49,4,2,43,1,2,1,1,40,777.2721,2310,1,1,1,0,still teacher
011000406347643,2,2024,16,1,17011,46,57,1,2,43,1,2,2,1,1,20,820.3364,2320,1,1,2025,12,5,46,58,1,2,43,1,2,1,5,-1,675.9155,-1,0,0,0,1,out of labor force
074167074218406,2,2024,13,3,17011,48,70,3,2,43,1,1,2,1,1,40,4309.0602,2330,1,1,2025,14,7,48,71,3,2,43,1,2,1,1,40,3968.2232,2545,1,0,0,1,other occupation
078407964020214,2,2024,12,1,17011,48,43,6,2,43,2,1,2,1,1,60,4710.9744,2310,1,1,2025,13,5,48,45,6,2,43,2,2,1,1,50,7092.0175,2310,1,1,1,0,still teacher
320681071509203,2,2024,16,3,17011,51,45,1,2,43,1,1,2,1,1,40,4588.9384,2310,1,1,2025,16,7,51,46,1,2,43,1,2,1,1,40,4405.8045,2310,1,1,1,0,still teacher
007035990300101,2,2024,16,2,17111,1,52,1,2,44,2,2,2,1,1,35,2627.6502,2330,1,1,2025,11,6,1,52,1,2,40,2,2,1,1,40,2084.2305,440,1,0,0,1,other occupation
925060109030092,2,2024,14,4,16111,2,21,1,2,40,1,4,2,1,1,10,640.3596,2310,1,1,2025,13,8,2,22,1,2,40,1,2,1,1,25,724.302,2310,1,1,1,0,still teacher
184477040050011,2,2024,16,4,16111,4,49,1,2,44,1,2,2,1,1,40,4668.3594,2310,1,1,2025,16,8,4,50,1,2,44,1,2,1,1,40,4768.917,2310,1,1,1,0,still teacher
339905014854270,2,2024,16,4,16111,33,63,1,1,44,1,1,2,1,1,40,1044.6029,2320,1,1,2025,16,8,33,64,1,1,44,1,2,1,1,40,1056.7109,2320,1,1,1,0,still teacher
020394957081950,2,2024,15,4,16111,45,35,1,2,44,1,2,2,1,1,40,2331.8237,2310,1,1,2025,15,8,45,36,1,2,44,1,2,1,1,40,2907.0777,2310,1,1,1,0,still teacher
120903500670154,2,2024,11,2,17111,46,58,3,2,43,1,1,2,1,1,40,762.3121,2310,1,1,2025,11,6,46,59,3,2,43,1,2,1,1,40,861.8684,2310,1,1,1,0,still teacher
364357410070018,2,2024,16,3,17011,4,20,6,2,41,1,4,1,1,1,-4,4202.5441,2310,1,1,2025,16,7,4,21,6,2,43,1,1,1,1,40,4851.498,2310,1,1,1,0,still teacher
380996001091027,2,2024,14,3,17011,6,46,5,1,44,1,8,1,4,2,40,4597.7379,2320,1,1,2025,15,7,6,46,1,1,44,1,1,4,7,-1,4597.9104,-1,0,0,0,1,out of labor force
200160047163407,2,2024,16,4,16011,6,53,1,2,44,1,1,2,4,1,30,4366.0377,2310,1,1,2025,16,8,6,54,1,2,44,1,2,4,1,40,4453.8901,2310,1,1,1,0,still teacher
200528031003635,2,2024,15,3,17011,8,60,1,2,44,1,1,2,1,1,-4,3534.0717,2310,1,1,2025,14,7,8,61,1,2,44,1,2,1,1,-4,3984.0409,2310,1,1,1,0,still teacher
499052450020013,2,2024,15,3,17011,9,41,1,2,40,1,2,2,1,1,22,2907.2688,2300,1,1,2025,15,7,9,42,1,2,40,1,2,1,1,22,2657.6686,2300,1,1,1,0,still teacher
016009310000129,2,2024,16,1,17011,9,45,1,2,44,1,2,2,1,1,50,2639.351,2310,1,1,2025,16,5,9,46,1,2,44,1,2,1,1,40,3325.7448,2310,1,1,1,0,still teacher
290660071119002,2,2024,16,2,17011,10,48,1,2,43,1,2,2,1,1,-4,869.4539,2310,1,1,2025,15,6,10,49,1,2,43,1,2,1,1,-4,681.5354,4230,1,0,0,1,other occupation
177250700152441,2,2024,11,4,16011,11,49,4,2,42,2,1,2,1,1,30,898.5139,2300,1,1,2025,13,8,11,50,4,2,42,2,2,1,1,40,545.8138,230,1,0,0,1,other occupation
006120185969682,2,2024,16,1,17011,12,52,1,2,40,1,1,1,4,1,30,3945.8423,2310,1,1,2025,16,5,12,53,1,2,43,1,2,4,1,40,4954.4991,2360,1,0,0,1,other occupation
318704010852230,2,2024,15,1,17011,13,49,1,1,46,1,2,2,1,1,40,4797.3467,2310,1,1,2025,15,5,13,50,1,1,46,1,2,1,1,50,3683.9725,2320,1,1,1,0,still teacher
433111801010011,2,2024,14,4,16011,13,31,1,2,43,1,1,2,1,1,40,3942.9336,2310,1,1,2025,14,8,13,32,1,2,43,1,2,1,1,40,3169.9339,2310,1,1,1,0,still teacher
070171099071430,2,2024,16,1,17011,13,63,3,2,43,1,1,2,1,1,40,3958.7158,2310,1,1,2025,16,5,13,64,3,2,43,1,2,1,1,40,3114.292,2310,1,1,1,0,still teacher
190655600371631,2,2024,11,1,17011,13,37,4,2,43,1,1,2,1,2,40,5582.6574,2310,1,1,2025,11,5,13,37,4,2,43,1,2,1,1,60,5920.246,2310,1,1,1,0,still teacher
770367091123183,2,2024,14,2,17011,17,47,1,2,44,1,2,2,1,1,40,4842.0481,2320,1,1,2025,15,6,17,48,1,2,44,1,2,1,1,40,4634.7795,2310,1,1,1,0,still teacher
003170106306270,2,2024,16,3,17011,17,46,1,2,44,1,2,2,1,1,40,4414.1548,2310,1,1,2025,16,7,17,47,1,2,44,1,2,1,1,40,4822.3216,2310,1,1,1,0,still teacher
130638091107269,2,2024,16,1,17011,18,44,1,2,43,1,2,2,1,1,40,6897.4186,2310,1,1,2025,16,5,18,45,1,2,43,1,2,1,1,40,5106.8082,2310,1,1,1,0,still teacher
702227632070017,2,2024,16,4,16011,22,47,3,2,43,2,1,2,1,1,-4,3228.5311,2310,1,1,2025,16,8,22,48,3,2,43,2,2,1,1,40,1831.6446,2310,1,1,1,0,still teacher
009120206006270,2,2024,12,4,16011,22,54,5,2,43,1,1,2,1,1,40,2261.9189,2310,1,1,2025,12,8,22,56,5,2,43,1,2,1,1,40,1798.2667,2310,1,1,1,0,still teacher
005120271278595,2,2024,15,1,17011,22,57,1,2,43,1,1,2,1,1,40,2046.8994,2310,1,1,2025,16,5,22,58,1,2,43,1,2,1,5,-1,1755.4253,-1,0,0,0,1,out of labor force
022095005214393,2,2024,14,3,17011,24,63,4,2,44,1,1,2,1,1,50,5897.9156,2310,1,1,2025,14,7,24,64,4,2,44,1,2,1,1,60,4808.7095,2310,1,1,1,0,still teacher
110757800626942,2,2024,15,4,16011,26,49,1,2,40,1,2,2,1,1,45,4169.9045,2310,1,1,2025,16,8,26,50,1,2,40,1,2,1,1,40,4831.3935,2310,1,1,1,0,still teacher
022044029416441,2,2024,14,3,17011,26,36,1,2,43,1,1,2,1,1,30,3791.538,2310,1,1,2025,15,7,26,37,1,2,43,1,2,1,1,40,3285.171,2320,1,1,1,0,still teacher
009180223049805,2,2024,15,1,17011,28,56,1,2,44,1,2,2,1,1,60,1324.2053,2310,1,1,2025,15,5,28,57,1,2,44,1,2,1,1,40,1288.4535,2310,1,1,1,0,still teacher
281040102376296,2,2024,15,2,17011,28,49,1,2,44,2,1,2,1,1,40,1706.0382,2320,1,1,2025,15,6,28,50,1,2,44,2,2,1,1,40,1226.4527,2205,1,0,0,1,other occupation
281040102376296,2,2024,15,2,17011,28,55,1,1,42,2,2,2,1,1,40,2092.9873,2320,1,1,2025,15,6,28,56,1,1,42,2,2,1,1,40,1771.0621,2320,1,1,1,0,still teacher
150502300992322,2,2024,14,2,17011,29,58,3,2,43,1,2,2,1,1,40,4494.4013,2330,1,1,2025,15,6,29,59,3,2,43,1,2,1,1,40,4441.9334,2330,1,1,1,0,still teacher
130494200164313,2,2024,16,1,17011,31,24,6,1,40,1,2,1,1,1,36,1721.1689,2310,1,1,2025,15,5,31,24,6,1,40,1,1,1,1,36,2340.8974,2310,1,1,1,0,still teacher
130494200164313,2,2024,16,1,17011,31,24,6,2,43,1,3,1,1,1,40,2205.6695,2310,1,1,2025,15,5,31,24,6,2,43,1,1,1,1,36,2241.3943,2310,1,1,1,0,still teacher
007130315424688,2,2024,12,4,16011,33,45,6,2,44,1,1,2,1,1,40,921.0277,2310,1,1,2025,12,8,33,46,6,2,44,1,2,1,1,45,1036.4922,2310,1,1,1,0,still teacher
860573403001530,2,2024,13,3,17011,33,54,3,2,44,1,2,2,1,1,45,894.8762,2320,1,1,2025,13,7,33,55,3,2,39,1,2,1,6,-1,1099.9487,-1,0,0,0,1,out of labor force
550663930061330,2,2024,15,1,17011,33,26,6,1,43,1,2,2,1,1,40,1581.2566,2320,1,1,2025,15,5,33,27,1,1,43,1,2,1,1,40,1485.2833,2320,1,1,1,0,still teacher
450823011300371,2,2024,14,2,17011,33,55,1,2,43,1,1,2,1,1,33,915.5046,2310,1,1,2025,15,6,33,57,1,2,43,1,2,1,1,33,994.6939,2310,1,1,1,0,still teacher
069624620530114,2,2024,16,3,17011,34,32,6,2,44,2,3,2,1,1,40,5633.2076,2320,1,1,2025,15,7,34,33,6,2,44,2,2,1,1,40,7284.2139,2014,1,0,0,1,other occupation
061482490031126,2,2024,16,4,16011,36,61,1,2,43,1,2,2,1,1,40,5181.8141,2320,1,1,2025,8,8,36,62,1,2,44,1,2,1,5,-1,3720.4308,-1,0,0,0,1,out of labor force
205160302343708,2,2024,15,4,16011,36,53,6,2,44,1,1,2,1,1,40,5009.3744,2310,1,1,2025,14,8,36,54,6,2,44,1,2,1,1,40,4288.2341,2310,1,1,1,0,still teacher
631905112442780,2,2024,11,1,17011,36,48,1,2,43,1,2,2,1,1,10,5143.4108,2320,1,1,2025,12,5,36,49,1,2,43,1,2,1,3,-1,5388.5677,4621,0,0,0,1,unemployed
900256061307358,2,2024,14,2,17011,36,63,2,2,44,2,1,2,1,1,40,3980.0331,2310,1,1,2025,14,6,36,64,2,2,44,2,2,1,1,30,6284.5519,2310,1,1,1,0,still teacher
099542830930129,2,2024,13,3,17011,39,60,1,2,44,1,2,2,1,1,45,3620.3369,2310,1,1,2025,12,7,39,62,1,2,44,1,2,1,1,40,4674.5486,2320,1,1,1,0,still teacher
261100605817040,2,2024,12,3,17011,40,55,4,2,43,1,1,2,1,1,45,1832.8127,2300,1,1,2025,11,7,40,56,4,2,43,1,2,1,1,45,1952.5582,2310,1,1,1,0,still teacher
147502012221320,2,2024,15,1,17011,41,65,6,2,43,1,1,2,1,1,15,2266.5879,2310,1,1,2025,12,5,41,66,1,2,43,1,2,1,1,16,2168.1611,2310,1,1,1,0,still teacher
840274403001520,2,2024,16,2,17011,42,32,1,1,43,1,2,2,1,1,40,5474.8829,2310,1,1,2025,15,6,42,33,1,1,43,1,2,1,1,45,5458.749,2310,1,1,1,0,still teacher
242507013967290,2,2024,16,4,16011,42,38,1,2,44,1,1,1,1,1,40,4087.3696,2310,1,1,2025,16,8,42,39,1,2,44,1,1,1,1,40,3923.5835,2310,1,1,1,0,still teacher
162239034020012,2,2024,9,1,17011,42,35,5,2,39,1,1,2,1,1,20,4244.0367,2300,1,1,2025,9,5,42,36,5,2,40,1,2,1,1,25,4312.3502,4110,1,0,0,1,other occupation
074063011216754,2,2024,15,1,17011,46,54,1,1,44,1,1,2,1,1,50,807.0858,2310,1,1,2025,16,5,46,55,1,1,44,1,2,1,1,40,692.2468,2310,1,1,1,0,still teacher
062644420640117,2,2024,16,2,17011,47,39,1,2,43,1,2,2,1,1,40,3817.2297,2310,1,1,2025,16,6,47,40,1,2,43,1,2,1,1,40,3165.9413,2310,1,1,1,0,still teacher
044574390840198,2,2024,14,1,17011,48,33,1,2,43,1,2,1,1,1,40,6672.5387,2310,1,1,2025,14,5,48,34,1,2,43,1,1,1,1,40,5418.5555,2310,1,1,1,0,still teacher
920418071410718,2,2024,12,4,16011,48,28,1,1,43,1,1,1,1,1,40,5317.634,2310,1,1,2025,13,8,48,29,1,1,43,1,1,1,1,40,4548.1083,2320,1,1,1,0,still teacher
130618031404082,2,2024,10,3,17011,48,48,1,1,44,1,2,1,4,1,40,5682.662,2330,1,1,2025,13,7,48,49,1,1,44,1,1,4,1,40,5354.7651,2330,1,1,1,0,still teacher
153006016855230,2,2024,16,1,17011,51,41,1,2,44,4,2,2,5,1,25,4194.6633,2300,1,1,2025,15,5,51,42,1,2,44,4,2,5,4,-1,6160.8375,110,0,0,0,1,unemployed
371014815030015,2,2024,14,3,17011,51,39,1,2,43,1,2,2,1,1,40,4566.9051,2320,1,1,2025,14,7,51,40,1,2,43,1,2,1,1,40,5052.5949,2310,1,1,1,0,still teacher
120835300349935,2,2024,15,2,17011,53,33,1,2,44,1,2,2,1,1,40,4585.4047,2310,1,1,2025,15,6,53,33,1,2,44,1,2,1,1,40,4966.4467,2310,1,1,1,0,still teacher
990275539001830,2,2024,16,3,17011,53,61,1,1,44,1,1,2,1,1,40,3755.3265,2320,1,1,2025,16,7,53,62,1,1,44,1,2,1,5,-1,3289.9954,-1,0,0,0,1,out of labor force
012705012495600,2,2024,16,1,17111,10,39,1,2,44,1,2,2,1,1,50,834.8031,2310,1,1,2025,13,5,10,40,1,2,44,1,2,1,1,50,825.6644,2320,1,1,1,0,still teacher
074108630620105,2,2024,16,1,17111,25,54,1,2,44,1,1,2,1,1,40,3161.0168,2310,1,1,2025,16,5,25,55,1,2,44,1,2,1,1,37,2946.4326,2310,1,1,1,0,still teacher
150227300804972,2,2024,14,4,16111,28,25,1,2,43,1,2,2,1,1,40,1829.026,2310,1,1,2025,15,8,28,26,1,2,43,1,2,1,1,40,2170.3686,2310,1,1,1,0,still teacher
231500804810820,2,2024,16,4,16111,28,33,4,2,44,1,3,2,1,1,40,1769.6751,2310,1,1,2025,16,8,28,34,4,2,44,1,2,1,1,40,2032.0016,2310,1,1,1,0,still teacher
300633061305913,2,2024,13,2,17111,33,26,6,2,43,1,1,2,1,1,55,1107.0653,2310,1,1,2025,13,6,33,27,6,2,44,1,2,1,4,-1,1041.3314,2310,0,0,0,1,unemployed
455708014634490,2,2024,13,3,17111,54,41,4,2,43,1,1,2,1,1,40,942.3424,2310,1,1,2025,11,7,54,41,4,2,43,1,2,1,1,40,714.0013,2310,1,1,1,0,still teacher
190840700269131,2,2024,13,3,17011,12,41,1,1,43,1,1,1,1,1,40,5009.1722,2310,1,1,2025,15,7,12,42,1,1,43,1,1,1,1,45,4424.9306,2310,1,1,1,0,still teacher
012016210921105,2,2024,11,3,17011,25,53,4,2,44,1,1,2,1,1,50,2773.0086,2310,1,1,2025,16,7,25,55,4,2,44,1,2,1,1,50,3210.7952,2310,1,1,1,0,still teacher
635020105251342,2,2024,16,2,17011,33,56,1,2,43,1,2,2,1,1,20,915.5046,2310,1,1,2025,16,6,33,57,1,2,43,1,2,1,1,20,994.6939,2310,1,1,1,0,still teacher
460554081301928,2,2024,16,1,17011,34,32,6,2,43,1,3,2,1,1,35,3632.3917,2310,1,1,2025,13,5,34,33,6,2,43,1,2,1,1,35,3583.4075,2310,1,1,1,0,still teacher
431900015062250,2,2024,12,4,16011,34,44,4,2,43,1,1,2,1,1,40,5290.1744,2300,1,1,2025,12,8,34,45,4,2,43,1,2,1,1,40,4772.2337,2300,1,1,1,0,still teacher
766070104881313,2,2024,16,3,17011,36,52,1,1,44,1,2,2,1,1,40,4686.3596,2320,1,1,2025,16,7,36,53,1,1,44,1,2,1,1,40,4633.2735,2320,1,1,1,0,still teacher
130762300655053,2,2024,15,2,17011,36,70,1,2,44,1,1,2,1,2,-4,5213.6479,2310,1,1,2025,16,6,36,72,1,2,44,1,2,1,7,-1,4023.5506,-1,0,0,0,1,out of labor force
074096057712152,2,2024,16,3,17011,42,46,1,2,44,1,2,2,1,1,40,3565.9852,2310,1,1,2025,16,7,42,48,1,2,44,1,2,1,1,40,4125.2237,2310,1,1,1,0,still teacher
191300709540745,2,2024,15,4,16011,47,51,1,1,44,1,1,2,1,1,40,2628.928,2310,1,1,2025,14,8,47,52,1,1,44,1,2,1,1,40,3134.9643,2722,1,0,0,1,other occupation
160297021405957,2,2024,14,1,17011,47,41,4,2,46,1,1,2,1,1,-4,3260.9285,2310,1,1,2025,14,5,47,42,4,2,46,1,2,1,1,40,2855.9753,2320,1,1,1,0,still teacher
360307415070118,2,2024,15,3,17011,50,57,1,2,44,1,2,2,1,1,40,407.4908,2310,1,1,2025,14,7,50,58,1,2,44,1,2,1,1,40,445.9797,2310,1,1,1,0,still teacher
828504015512730,2,2024,15,4,16111,28,49,1,2,44,1,2,2,1,1,40,1572.3952,2310,1,1,2025,15,8,28,50,1,2,44,1,2,1,1,40,1397.823,2310,1,1,1,0,still teacher
920061109000092,2,2024,16,2,17011,2,47,1,2,44,1,1,2,1,1,55,583.629,2320,1,1,2025,16,6,2,48,2,2,44,1,2,1,1,50,722.6169,2310,1,1,1,0,still teacher
015584790300116,2,2024,16,1,17011,6,61,1,2,43,6,2,2,1,1,40,6367.8382,2310,1,1,2025,15,5,6,63,1,2,43,6,2,1,5,-1,7389.4063,-1,0,0,0,1,out of labor force
180726800100116,2,2024,14,3,17011,6,39,1,2,41,1,2,1,5,1,40,4332.1211,2300,1,1,2025,5,7,6,40,1,2,39,1,1,5,1,40,4007.4125,2300,1,1,1,0,still teacher
171070500661840,2,2024,16,1,17011,6,57,1,2,44,1,2,2,1,1,40,4175.0774,2300,1,1,2025,16,5,6,58,1,2,44,1,2,1,5,-1,4228.0798,-1,0,0,0,1,out of labor force
926864720040015,2,2024,16,2,17011,6,47,1,2,44,1,1,2,1,1,40,4510.8573,2300,1,1,2025,16,6,6,48,1,2,44,1,2,1,1,40,4352.6065,2310,1,1,1,0,still teacher
566206750060011,2,2024,14,4,16011,6,40,6,2,43,1,1,1,1,1,50,4484.83,2320,1,1,2025,14,8,6,41,6,2,43,1,1,1,1,40,4028.1358,2310,1,1,1,0,still teacher
796205940060211,2,2024,14,4,16011,6,28,6,2,43,4,1,2,3,1,55,4021.3022,2310,1,1,2025,16,8,6,29,1,2,43,4,2,3,1,50,4375.6461,2320,1,1,1,0,still teacher
215665961040013,2,2024,15,2,17011,15,51,1,1,43,4,1,2,1,1,40,906.5557,2310,1,1,2025,15,6,15,52,1,1,43,4,2,1,1,50,807.0236,2330,1,1,1,0,still teacher
215665961040013,2,2024,15,2,17011,15,51,1,2,43,4,2,1,1,1,40,908.8852,2310,1,1,2025,15,6,15,52,1,2,43,4,1,1,1,50,998.693,2300,1,1,1,0,still teacher
105160187106488,2,2024,14,4,16011,16,46,3,1,43,1,1,2,1,1,40,1154.0103,2320,1,1,2025,14,8,16,48,3,1,43,1,2,1,2,30,1082.1254,2360,1,0,0,1,other occupation
000047061177838,2,2024,11,4,16011,17,76,6,2,43,1,1,2,1,1,40,3911.2478,2310,1,1,2025,12,8,17,77,6,2,43,1,2,1,1,35,3414.4259,230,1,0,0,1,other occupation
051040012918036,2,2024,9,3,17011,18,39,4,2,44,1,1,2,1,1,40,4685.281,2310,1,1,2025,13,7,18,40,4,2,44,1,2,1,1,45,4644.5086,2310,1,1,1,0,still teacher
031002051418959,2,2024,15,4,16011,18,43,1,1,44,1,2,2,1,1,45,4323.8357,2310,1,1,2025,15,8,18,44,1,1,44,1,2,1,1,50,3127.5896,2310,1,1,1,0,still teacher
729707011954380,2,2024,14,4,16012,27,25,1,1,43,1,1,2,1,1,40,4086.8134,2310,1,1,2025,16,8,27,27,1,1,43,1,2,1,1,40,3692.3268,2310,1,1,1,0,still teacher
729707011954380,2,2024,14,4,16012,27,23,1,2,43,1,2,2,1,1,40,4151.4051,2310,1,1,2025,16,8,27,24,1,2,43,1,2,1,1,40,4258.265,2310,1,1,1,0,still teacher
209936892060017,2,2024,15,2,17011,29,45,4,2,43,1,2,2,1,1,40,4204.7202,2310,1,1,2025,16,6,29,47,4,2,43,1,2,1,1,40,3931.9279,440,1,0,0,1,other occupation
891000209142145,2,2024,16,1,17011,41,43,1,1,46,4,1,2,4,1,40,3756.8702,2320,1,1,2025,16,5,41,44,1,1,46,4,2,4,1,40,2555.4689,2205,1,0,0,1,other occupation
137205600881244,2,2024,15,2,17011,48,60,1,2,43,1,2,1,4,1,40,4180.5083,2310,1,1,2025,13,6,48,61,1,2,43,1,1,4,1,-4,4864.6142,2310,1,1,1,0,still teacher
003180460206589,2,2024,12,2,17011,48,55,6,2,44,2,1,2,1,1,40,4054.0199,2310,1,1,2025,12,6,48,56,6,2,44,2,2,1,1,40,5059.7285,2300,1,1,1,0,still teacher
094011052619057,2,2024,16,3,17011,49,56,1,1,44,1,1,2,1,1,-4,1739.7355,2310,1,1,2025,15,7,49,57,1,1,44,1,2,1,1,40,1815.344,2320,1,1,1,0,still teacher
033045037015164,2,2024,16,3,17111,35,53,1,2,44,1,1,2,1,1,40,1167.167,2310,1,1,2025,16,7,35,54,1,2,44,1,2,1,1,40,1141.7835,2310,1,1,1,0,still teacher
211800301319147,2,2024,14,1,17111,41,42,1,2,44,1,2,2,1,1,40,2569.8165,2320,1,1,2025,15,5,41,43,1,2,44,1,2,1,1,40,2290.2164,2320,1,1,1,0,still teacher
551177620070017,2,2024,14,4,16011,1,45,1,2,46,1,2,2,1,1,40,1965.3126,2310,1,1,2025,16,8,1,46,1,2,46,1,2,1,1,40,2026.6188,2310,1,1,1,0,still teacher
001110006206302,2,2024,14,1,17011,1,32,1,2,44,1,2,2,1,1,40,2199.7441,2310,1,1,2025,15,5,1,34,1,2,44,1,2,1,1,40,2173.2525,850,1,0,0,1,other occupation
392506401030116,2,2024,16,1,17011,12,58,1,2,44,2,1,2,4,1,40,5604.3308,2310,1,1,2025,16,5,12,58,1,2,44,2,2,4,1,40,6155.7211,2310,1,1,1,0,still teacher
086657350210123,2,2024,14,4,16011,13,68,3,2,43,1,1,2,1,1,37,4904.4368,2310,1,1,2025,14,8,13,69,3,2,43,1,2,1,5,-1,4302.771,-1,0,0,0,1,out of labor force
041294310820122,2,2024,15,1,17011,22,56,4,2,43,1,1,2,1,1,40,1942.7838,2310,1,1,2025,12,5,22,57,4,2,43,1,2,1,1,40,1800.6289,2310,1,1,1,0,still teacher
062033062915757,2,2024,13,2,17011,25,48,1,2,44,1,2,2,1,2,40,2809.6237,2310,1,1,2025,14,6,25,49,1,2,44,1,2,1,1,40,3338.6864,2310,1,1,1,0,still teacher
440233037051240,2,2024,16,1,17011,34,60,6,2,43,1,1,2,1,1,35,4362.8725,2310,1,1,2025,11,5,34,61,6,2,43,1,2,1,1,40,4502.5355,2320,1,1,1,0,still teacher
074406760330156,2,2024,16,1,17011,36,45,1,2,44,4,2,2,4,2,40,4311.3592,2310,1,1,2025,16,5,36,45,1,2,45,4,2,4,1,40,5458.8697,2330,1,1,1,0,still teacher
650102031403976,2,2024,14,1,17011,42,53,4,2,44,1,1,2,1,1,40,4614.0404,2320,1,1,2025,15,5,42,54,4,2,44,1,2,1,1,40,4461.6086,2320,1,1,1,0,still teacher
543707012748060,2,2024,15,4,16011,45,32,1,1,44,1,1,2,1,1,40,2308.4185,2320,1,1,2025,14,8,45,33,1,1,44,1,2,1,1,40,3630.7703,230,1,0,0,1,other occupation
150455795001300,2,2024,14,3,17011,50,60,1,2,43,1,2,2,1,1,40,368.1788,2310,1,1,2025,13,7,50,61,1,2,44,1,2,1,5,-1,407.6905,-1,0,0,0,1,out of labor force
190950800084675,2,2024,12,3,17011,50,42,4,2,44,1,2,2,1,1,38,457.5665,2310,1,1,2025,13,7,50,43,4,2,44,1,2,1,1,40,507.271,2310,1,1,1,0,still teacher
351112875040014,2,2024,13,1,17011,51,59,1,2,43,1,2,2,1,1,50,3771.1229,2310,1,1,2025,14,5,51,60,1,2,44,1,2,1,1,50,4032.2984,2310,1,1,1,0,still teacher
043040057014754,2,2024,10,2,17111,34,37,1,1,42,4,2,2,4,1,35,4778.5621,2310,1,1,2025,11,6,34,38,1,1,42,4,2,4,1,40,5943.3521,2310,1,1,1,0,still teacher
345062100754031,2,2024,16,1,17011,4,32,1,2,44,1,2,1,1,1,35,4677.6421,2310,1,1,2025,16,5,4,32,1,2,44,1,1,1,1,38,4856.0163,2310,1,1,1,0,still teacher
018609750901196,2,2024,15,4,16011,6,37,1,1,44,1,1,2,1,1,55,3898.8915,2320,1,1,2025,12,8,6,38,1,1,44,1,2,1,1,-4,4176.6321,2310,1,1,1,0,still teacher
715603010306150,2,2024,15,1,17011,17,36,1,2,44,1,2,2,1,1,40,4671.2299,2310,1,1,2025,15,5,17,37,1,2,44,1,2,1,1,40,5101.4782,2310,1,1,1,0,still teacher
140339100852451,2,2024,12,1,17011,18,31,1,2,42,1,2,2,1,1,25,4617.7014,2300,1,1,2025,13,5,18,31,1,2,42,1,2,1,1,30,4524.3093,2300,1,1,1,0,still teacher
626908016833500,2,2024,16,3,17012,26,43,1,2,44,1,2,2,4,1,35,3751.7724,2320,1,1,2025,16,7,26,43,1,2,44,1,2,4,1,35,3029.2378,2320,1,1,1,0,still teacher
012144044616497,2,2024,15,3,17011,26,36,6,2,43,2,2,2,1,1,40,6987.1232,2310,1,1,2025,14,7,26,37,6,2,43,2,2,1,1,40,9757.7126,2360,1,0,0,1,other occupation
760043456081310,2,2024,14,2,17011,31,46,1,2,43,1,1,2,1,1,45,1247.1571,2320,1,1,2025,14,6,31,47,1,2,43,1,2,1,1,45,1010.3667,2320,1,1,1,0,still teacher
006160441763169,2,2024,16,4,16011,46,32,1,2,43,1,2,2,1,1,40,943.4417,2330,1,1,2025,16,8,46,33,1,2,43,1,2,1,1,40,809.1188,2310,1,1,1,0,still teacher
098389884040119,2,2024,14,4,16011,48,44,1,2,44,1,2,1,4,1,40,5241.6327,2310,1,1,2025,15,8,48,45,1,2,44,1,1,4,1,40,4967.0479,2310,1,1,1,0,still teacher
090425970443108,2,2024,6,4,16011,48,59,4,2,43,1,1,2,1,2,30,4671.6005,2300,1,1,2025,11,8,48,60,4,2,43,1,2,1,5,-1,4102.9339,2300,0,0,0,1,out of labor force
960728011409659,2,2024,16,1,17011,48,37,1,2,44,1,2,1,1,1,40,4219.1305,2310,1,1,2025,16,5,48,38,1,2,44,1,1,1,1,40,5259.5912,2310,1,1,1,0,still teacher
340384970041980,2,2024,14,1,17011,48,25,1,2,43,1,1,2,1,1,40,5116.8849,2320,1,1,2025,16,5,48,26,1,2,43,1,2,1,2,40,4831.3191,2310,1,1,1,0,still teacher
653906019797560,2,2024,15,4,16011,56,42,1,2,44,1,1,2,1,1,40,341.9808,2310,1,1,2025,15,8,56,43,1,2,44,1,2,1,1,40,393.9999,2310,1,1,1,0,still teacher
001160141346702,2,2024,13,1,17111,16,44,4,2,44,1,1,2,1,1,30,963.0613,2310,1,1,2025,15,5,16,45,4,2,44,1,2,1,1,36,1020.7329,2310,1,1,1,0,still teacher
691800606959040,2,2024,12,4,16111,40,42,4,2,44,3,1,2,1,1,40,5098.4172,2310,1,1,2025,11,8,40,43,4,2,44,3,2,1,1,40,4261.4832,2310,1,1,1,0,still teacher
110017800649120,2,2024,14,2,17011,6,40,1,2,44,1,2,1,1,1,40,4477.0769,2310,1,1,2025,15,6,6,41,1,2,44,1,1,1,1,40,5255.3953,2310,1,1,1,0,still teacher
030181092719085,2,2024,15,4,16011,9,41,1,1,44,1,1,2,1,1,40,3055.8935,2310,1,1,2025,15,8,9,41,1,1,44,1,2,1,1,38,3372.6745,2310,1,1,1,0,still teacher
960672432071520,2,2024,15,4,16011,22,44,1,2,44,2,1,2,1,1,40,2488.4872,2310,1,1,2025,15,8,22,44,1,2,44,2,2,1,1,40,2494.0958,750,1,0,0,1,other occupation
820312171041550,2,2024,16,1,17011,25,23,6,2,43,1,3,2,1,1,30,3520.005,2310,1,1,2025,16,5,25,24,6,2,43,1,2,1,1,40,4081.4866,2545,1,0,0,1,other occupation
731900604071249,2,2024,15,3,17011,42,32,1,2,44,1,1,2,1,1,40,4235.0404,2330,1,1,2025,15,7,42,33,1,2,44,1,2,1,1,40,4466.6093,2330,1,1,1,0,still teacher
086579640840117,2,2024,16,4,16011,47,55,4,2,44,1,2,2,1,1,60,3403.3593,2310,1,1,2025,16,8,47,56,1,2,43,1,2,1,1,40,4301.289,1545,1,0,0,1,other occupation
140171031006985,2,2024,15,4,16111,1,49,1,2,43,1,2,2,1,1,40,2045.8303,2310,1,1,2025,15,8,1,49,1,2,43,1,2,1,1,40,2139.4124,2310,1,1,1,0,still teacher
085095062414644,2,2024,14,4,16111,54,35,1,2,43,1,1,2,1,1,40,995.5347,2310,1,1,2025,15,8,54,35,1,2,43,1,2,1,1,40,835.0806,2310,1,1,1,0,still teacher
460774061502577,2,2024,16,1,17111,54,53,4,2,44,1,1,2,1,1,40,744.6515,2310,1,1,2025,16,5,54,55,4,2,44,1,2,1,1,40,598.8471,2310,1,1,1,0,still teacher
550832081054006,2,2024,16,3,17011,2,43,1,2,43,1,1,2,1,1,20,521.7828,2310,1,1,2025,15,7,2,44,1,2,43,1,2,1,5,-1,520.4457,-1,0,0,0,1,out of labor force
220794061023102,2,2024,16,2,17011,4,51,1,2,44,1,1,2,1,1,55,3988.1312,2310,1,1,2025,16,6,4,52,1,2,44,1,2,1,1,45,4749.5415,2310,1,1,1,0,still teacher
407500213947750,2,2024,13,1,17011,4,42,6,2,44,1,1,2,1,1,40,4283.0303,2310,1,1,2025,13,5,4,42,6,2,44,1,2,1,1,40,4035.3562,5940,1,0,0,1,other occupation
604905110095850,2,2024,13,3,17011,6,38,4,1,43,1,1,2,1,1,40,4449.1401,2330,1,1,2025,15,7,6,39,4,1,43,1,2,1,1,40,4026.2871,2330,1,1,1,0,still teacher
071303035117958,2,2024,15,2,17011,17,25,6,2,43,1,1,2,1,1,40,5455.8067,2310,1,1,2025,15,6,17,26,6,2,43,1,2,1,1,40,5949.1484,2320,1,1,1,0,still teacher
594070100150221,2,2024,16,2,17011,29,41,1,2,43,2,1,2,1,1,40,4562.4978,2320,1,1,2025,16,6,29,42,1,2,43,2,2,1,1,35,10509.138,2310,1,1,1,0,still teacher
180533849021110,2,2024,16,1,17011,31,48,1,2,44,7,2,2,1,1,40,2816.7054,2310,1,1,2025,16,5,31,49,1,2,44,7,2,1,1,-4,1991.4036,440,1,0,0,1,other occupation
441500503434834,2,2024,15,1,17011,38,37,1,2,43,1,1,2,1,1,40,598.7502,2300,1,1,2025,15,5,38,38,1,2,43,1,2,1,1,40,514.8373,2300,1,1,1,0,still teacher
180160900863343,2,2024,14,2,17011,38,27,1,2,40,1,1,2,1,1,40,618.434,2300,1,1,2025,15,6,38,28,1,2,40,1,2,1,2,-4,621.4167,2360,1,0,0,1,other occupation
091000306145645,2,2024,14,3,17011,46,34,1,1,43,1,1,2,1,1,40,890.5828,2320,1,1,2025,14,7,46,35,1,1,43,1,2,1,1,40,1010.9414,2320,1,1,1,0,still teacher
645805012451090,2,2024,12,2,17011,46,28,6,2,44,1,1,2,1,1,40,798.7836,2310,1,1,2025,12,6,46,29,6,2,44,1,2,1,1,40,736.221,2310,1,1,1,0,still teacher
751100008726619,2,2024,16,1,17111,16,36,1,1,44,1,1,2,1,1,40,885.8845,2310,1,1,2025,16,5,16,36,1,1,41,1,2,1,1,40,974.4201,1108,1,0,0,1,other occupation
453755993020019,2,2024,12,1,17011,33,34,6,2,43,1,1,2,1,1,50,1589.6087,2310,1,1,2025,12,5,33,35,6,2,43,1,2,1,1,50,1338.8601,2320,1,1,1,0,still teacher
000110522395595,2,2024,11,4,16011,51,53,4,2,41,16,3,2,1,1,40,5372.1834,2330,1,1,2025,11,8,51,54,4,2,41,16,2,1,1,40,5237.147,2545,1,0,0,1,other occupation
190940406061020,2,2024,13,1,17011,2,71,1,2,44,1,2,2,1,1,16,581.8397,2310,1,1,2025,15,5,2,72,1,2,44,1,2,1,2,-4,619.4792,2310,1,1,1,0,still teacher
457030105876247,2,2024,13,3,17011,25,31,6,2,40,1,1,1,5,1,-4,2380.6949,2300,1,1,2025,15,7,25,32,6,2,40,1,1,5,1,40,2714.7336,4600,1,0,0,1,other occupation
100509100771892,2,2024,16,1,17011,27,60,1,2,44,1,2,2,1,1,16,3582.4183,2310,1,1,2025,15,5,27,61,1,2,44,1,2,1,5,-1,3343.5793,-1,0,0,0,1,out of labor force
002180474504876,2,2024,16,1,17011,48,41,1,2,44,1,2,2,1,1,40,5100.6436,2320,1,1,2025,16,5,48,42,1,2,44,1,2,1,1,40,4535.3051,2310,1,1,1,0,still teacher
270361091003113,1,2024,14,1,17111,1,49,4,2,44,1,1,2,1,1,40,2792.0482,2310,1,1,2025,12,5,1,49,4,2,44,1,2,1,1,25,2047.5307,2310,1,1,1,0,still teacher
007035990300101,1,2024,16,1,17111,1,51,1,2,44,2,2,2,1,1,35,2585.0225,2330,1,1,2025,11,5,1,52,1,2,40,2,2,1,1,-4,2226.9562,9600,1,0,0,1,other occupation
920061109000092,1,2024,16,1,17011,2,47,1,2,44,1,1,2,1,1,55,644.1386,2320,1,1,2025,16,5,2,48,1,2,44,1,2,1,2,40,601.1335,2310,1,1,1,0,still teacher
220794061023102,1,2024,16,1,17011,4,51,1,2,44,1,1,2,1,1,42,4113.202,2310,1,1,2025,16,5,4,52,1,2,44,1,2,1,1,50,4452.7808,2310,1,1,1,0,still teacher
000140041363169,1,2024,14,1,17111,4,48,4,2,43,1,1,2,1,1,40,3899.1631,2310,1,1,2025,14,5,4,49,4,2,43,1,2,1,1,40,4076.5934,2310,1,1,1,0,still teacher
356587240080916,1,2024,14,1,17011,6,59,4,2,44,1,1,2,1,1,45,3322.0714,2310,1,1,2025,14,5,6,60,4,2,44,1,2,1,1,40,3680.8621,2320,1,1,1,0,still teacher
180722800100166,1,2024,11,1,17011,6,36,6,2,41,1,1,1,1,1,40,3240.9132,2300,1,1,2025,14,5,6,37,6,2,41,1,1,1,1,40,4331.0943,4600,1,0,0,1,other occupation
926864720040015,1,2024,16,1,17011,6,47,1,2,43,1,1,2,1,1,45,4553.0553,2300,1,1,2025,16,5,6,48,1,2,44,1,2,1,1,40,4738.4815,2310,1,1,1,0,still teacher
110017800649120,1,2024,14,1,17011,6,40,1,2,44,1,2,1,1,1,40,4532.4517,2310,1,1,2025,15,5,6,40,1,2,44,1,1,1,1,40,5130.83,2310,1,1,1,0,still teacher
251100907236809,1,2024,15,1,17011,8,59,1,2,42,1,2,2,1,1,-4,4214.4508,2310,1,1,2025,13,5,8,59,1,2,42,1,2,1,1,40,3575.63,230,1,0,0,1,other occupation
110419071005283,1,2024,16,1,17011,9,53,1,2,44,1,2,2,1,1,50,3426.0862,2300,1,1,2025,16,5,9,54,1,2,44,1,2,1,1,40,3152.0926,2310,1,1,1,0,still teacher
170087800948020,1,2024,13,1,17011,9,72,3,2,44,1,1,2,1,1,-4,2800.3235,2310,1,1,2025,14,5,9,73,3,2,44,1,2,1,1,15,2242.6189,2310,1,1,1,0,still teacher
075726710500159,1,2024,16,1,17011,9,33,6,2,44,1,1,2,1,1,40,4113.205,2310,1,1,2025,16,5,9,34,6,2,44,1,2,1,2,38,4064.6499,2310,1,1,1,0,still teacher
000190042888707,1,2024,16,1,17011,9,69,1,1,44,1,2,2,1,1,15,2667.2717,2320,1,1,2025,16,5,9,70,1,1,44,1,2,1,1,15,2081.8755,2320,1,1,1,0,still teacher
700651379051912,1,2024,13,1,17111,11,24,6,2,40,1,2,2,1,1,40,581.8884,2310,1,1,2025,16,5,11,24,6,2,40,1,2,1,1,40,564.3008,5521,1,0,0,1,other occupation
041390057011754,1,2024,13,1,17011,11,32,6,1,43,1,1,2,1,1,30,410.5298,2310,1,1,2025,12,5,11,33,6,1,43,1,2,1,1,40,473.7834,2310,1,1,1,0,still teacher
208110177871445,1,2024,13,1,17111,11,29,6,2,44,1,1,2,1,1,40,562.2684,2320,1,1,2025,13,5,11,30,6,2,44,1,2,1,1,40,485.1017,2320,1,1,1,0,still teacher
723090101776199,1,2024,11,1,17011,12,23,6,2,40,1,3,1,1,1,32,4057.5315,2330,1,1,2025,11,5,12,24,6,2,40,1,1,1,1,30,5403.7563,2545,1,0,0,1,other occupation
065277900512115,1,2024,5,1,17011,15,71,4,2,43,1,1,2,1,1,-4,734.7432,2310,1,1,2025,10,5,15,71,4,2,43,1,2,1,1,40,631.0359,2600,1,0,0,1,other occupation
861100200101610,1,2024,15,1,17111,16,40,1,2,43,1,2,2,1,1,25,881.1319,2320,1,1,2025,15,5,16,41,1,2,43,1,2,1,1,30,788.0079,2320,1,1,1,0,still teacher
936775591070015,1,2024,16,1,17011,16,50,1,2,43,1,1,2,1,1,25,1067.0022,2310,1,1,2025,16,5,16,51,1,2,43,1,2,1,5,-1,1286.6414,-1,0,0,0,1,out of labor force
770367091123183,1,2024,14,1,17011,17,47,1,2,44,1,2,2,1,1,40,4581.5083,2320,1,1,2025,15,5,17,48,1,2,44,1,2,1,1,40,4839.1741,2310,1,1,1,0,still teacher
390007071101419,1,2024,15,1,17011,17,33,1,1,44,1,1,2,1,1,40,4107.4263,2310,1,1,2025,15,5,17,34,1,1,44,1,2,1,1,40,6788.8272,2310,1,1,1,0,still teacher
390007071101419,1,2024,15,1,17011,17,30,1,2,44,1,2,2,1,1,40,4515.5255,2310,1,1,2025,15,5,17,31,1,2,44,1,2,1,1,40,5797.6524,2310,1,1,1,0,still teacher
719606311407750,1,2024,15,1,17011,17,37,1,2,44,1,2,2,4,1,40,3889.7441,2310,1,1,2025,16,5,17,38,1,2,44,1,2,4,1,40,5197.679,2310,1,1,1,0,still teacher
030788011102492,1,2024,15,1,17011,18,66,1,2,44,1,1,2,1,1,50,3370.6264,2310,1,1,2025,16,5,18,67,1,2,44,1,2,1,1,40,3974.813,2310,1,1,1,0,still teacher
391200509405029,1,2024,16,1,17111,20,52,1,2,43,1,2,2,1,1,40,2051.5101,2310,1,1,2025,15,5,20,53,1,2,43,1,2,1,1,40,2840.9018,2310,1,1,1,0,still teacher
077699780220111,1,2024,14,1,17011,21,49,1,2,42,1,2,2,1,1,40,4440.9944,2310,1,1,2025,15,5,21,50,1,2,42,1,2,1,1,40,4106.2392,2545,1,0,0,1,other occupation
541600407404126,1,2024,13,1,17011,21,56,1,2,44,1,2,2,1,1,40,4044.3432,2310,1,1,2025,13,5,21,57,1,2,44,1,2,1,1,40,3472.3342,2320,1,1,1,0,still teacher
431500706674227,1,2024,15,1,17111,22,57,1,2,44,1,2,2,1,1,40,1325.7763,2310,1,1,2025,14,5,22,58,1,2,44,1,2,1,1,40,1797.4695,2320,1,1,1,0,still teacher
190085500262032,1,2024,5,1,17111,22,34,6,2,41,1,1,2,1,1,40,2154.9876,2310,1,1,2025,14,5,22,35,6,2,40,1,2,1,2,40,2360.6296,5940,1,0,0,1,other occupation
252922092050015,1,2024,12,1,17011,22,53,1,2,44,1,1,2,1,1,-4,1483.9973,2330,1,1,2025,15,5,22,54,1,2,44,1,2,1,2,50,1919.4443,2330,1,1,1,0,still teacher
330364081200085,1,2024,16,1,17011,24,56,1,2,43,4,4,2,5,1,40,5559.6865,2310,1,1,2025,16,5,24,57,1,2,43,4,2,5,1,40,6964.8234,2310,1,1,1,0,still teacher
053348340520144,1,2024,14,1,17011,24,52,1,2,43,4,2,2,1,1,30,4672.9681,2300,1,1,2025,16,5,24,53,1,2,43,4,2,1,1,20,7018.0854,440,1,0,0,1,other occupation
504033832060018,1,2024,15,1,17011,24,51,1,2,44,2,1,2,1,1,40,5865.8765,2300,1,1,2025,16,5,24,52,1,2,44,2,2,1,1,40,4755.0182,2310,1,1,1,0,still teacher
006150245304432,1,2024,14,1,17011,25,43,6,2,44,2,2,2,1,1,40,5334.4593,2310,1,1,2025,14,5,25,45,6,2,44,2,2,1,1,-4,2301.2214,10,1,0,0,1,other occupation
050001101985229,1,2024,11,1,17011,25,70,6,2,43,1,1,2,1,1,32,2560.4524,2310,1,1,2025,15,5,25,71,6,2,43,1,2,1,1,39,2667.9435,2310,1,1,1,0,still teacher
062033062915757,1,2024,13,1,17011,25,47,1,2,44,1,2,2,1,1,40,2798.815,2310,1,1,2025,14,5,25,49,1,2,44,1,2,1,1,40,3152.0434,2310,1,1,1,0,still teacher
624905013995850,1,2024,13,1,17011,26,54,1,1,43,1,1,2,1,1,40,4639.0063,2310,1,1,2025,15,5,26,55,1,1,43,1,2,1,1,40,5180.1207,2320,1,1,1,0,still teacher
857546702030012,1,2024,13,1,17011,27,55,4,2,43,1,1,2,1,1,40,3619.8282,2310,1,1,2025,14,5,27,56,4,2,43,1,2,1,1,40,4153.944,2310,1,1,1,0,still teacher
875090103017222,1,2024,14,1,17011,27,68,1,2,43,1,1,2,1,1,24,3547.6298,2320,1,1,2025,14,5,27,69,1,2,43,1,2,1,1,35,3926.6471,2310,1,1,1,0,still teacher
042040048517736,1,2024,14,1,17011,27,42,1,2,39,1,2,2,1,2,40,3911.8459,2300,1,1,2025,14,5,27,43,1,2,39,1,2,1,2,40,4126.0585,230,1,0,0,1,other occupation
002052069917398,1,2024,15,1,17011,27,36,1,2,43,1,1,2,1,1,40,3740.7466,2310,1,1,2025,15,5,27,37,1,2,43,1,2,1,1,40,4337.7052,2300,1,1,1,0,still teacher
000180226317628,1,2024,13,1,17011,28,32,6,2,42,2,1,2,1,1,40,1734.2647,2300,1,1,2025,12,5,28,33,6,2,42,2,2,1,1,40,1974.7141,2300,1,1,1,0,still teacher
827607011729100,1,2024,15,1,17111,28,54,1,2,43,1,1,2,1,1,40,1899.4799,2310,1,1,2025,15,5,28,55,1,2,43,1,2,1,1,40,1386.9836,2310,1,1,1,0,still teacher
100352300952212,1,2024,16,1,17011,29,62,1,1,44,1,2,2,1,1,40,5816.9358,2330,1,1,2025,16,5,29,63,1,1,44,1,2,1,1,45,3712.2458,2205,1,0,0,1,other occupation
594070100150221,1,2024,16,1,17011,29,41,1,2,43,2,1,2,1,1,40,5636.4641,2320,1,1,2025,16,5,29,42,1,2,43,2,2,1,1,30,12721.6962,4720,1,0,0,1,other occupation
150502300992322,1,2024,14,1,17011,29,57,3,2,43,1,2,2,1,1,40,4301.6766,2330,1,1,2025,15,5,29,59,3,2,43,1,2,1,1,40,4223.6997,2330,1,1,1,0,still teacher
006100377398916,1,2024,15,1,17011,30,39,1,2,44,1,2,2,1,1,60,603.6914,2310,1,1,2025,15,5,30,40,1,2,44,1,2,1,1,40,735.8947,2310,1,1,1,0,still teacher
700473254011800,1,2024,16,1,17111,30,30,1,2,44,1,2,2,1,1,40,700.3367,2320,1,1,2025,6,5,30,31,1,2,44,1,2,1,7,-1,869.711,-1,0,0,0,1,out of labor force
041600800951038,1,2024,12,1,17011,30,38,1,2,44,1,2,2,1,1,20,603.2809,2320,1,1,2025,3,5,30,39,1,2,44,1,2,1,1,-4,779.7085,5120,1,0,0,1,other occupation
063095023511062,1,2024,11,1,17011,31,72,4,2,43,2,1,2,1,1,-4,969.4519,2320,1,1,2025,11,5,31,73,4,2,43,2,2,1,1,-4,966.7573,2300,1,1,1,0,still teacher
760043456081310,1,2024,14,1,17011,31,46,1,2,43,1,1,2,1,1,50,1355.1162,2320,1,1,2025,14,5,31,47,1,2,43,1,2,1,1,45,1011.542,2320,1,1,1,0,still teacher
120865200191483,1,2024,16,1,17011,31,44,1,2,43,1,1,2,1,1,40,1593.3762,2310,1,1,2025,16,5,31,45,1,2,43,1,2,1,1,40,991.9579,2320,1,1,1,0,still teacher
239802312416950,1,2024,16,1,17011,32,59,1,1,44,1,1,2,1,1,40,2335.609,2320,1,1,2025,16,5,32,60,1,1,44,1,2,1,1,40,2421.7751,1005,1,0,0,1,other occupation
075902660633112,1,2024,16,1,17011,32,53,1,2,42,1,2,2,1,1,40,2924.9019,2310,1,1,2025,15,5,32,55,1,2,42,1,2,1,5,-1,2597.4431,-1,0,0,0,1,out of labor force
232705316095600,1,2024,11,1,17011,32,24,6,2,43,4,3,2,1,1,20,2071.6238,2310,1,1,2025,14,5,32,25,6,2,43,4,2,1,1,40,1893.838,750,1,0,0,1,other occupation
553127323070017,1,2024,13,1,17111,33,75,1,2,41,1,2,2,1,1,32,881.2818,2310,1,1,2025,12,5,33,76,1,2,41,1,2,1,1,8,889.9137,2310,1,1,1,0,still teacher
300633061305913,1,2024,13,1,17111,33,26,6,2,43,1,1,2,1,1,60,1423.7776,2310,1,1,2025,13,5,33,27,6,2,44,1,2,1,1,40,1146.7477,2310,1,1,1,0,still teacher
450823011300371,1,2024,14,1,17011,33,55,1,2,43,1,1,2,1,1,33,999.2798,2310,1,1,2025,15,5,33,56,1,2,43,1,2,1,1,33,1027.2864,2310,1,1,1,0,still teacher
635020105251342,1,2024,16,1,17011,33,56,1,2,43,1,2,2,1,1,30,999.2798,2310,1,1,2025,16,5,33,57,1,2,43,1,2,1,1,20,1027.2864,2310,1,1,1,0,still teacher
011100102240439,1,2024,10,1,17011,34,47,6,2,42,2,1,1,1,1,35,7349.2849,2310,1,1,2025,7,5,34,48,6,2,40,2,1,1,1,40,7974.9014,4950,1,0,0,1,other occupation
150823200531123,1,2024,14,1,17111,35,65,1,1,44,1,2,1,1,1,40,1139.6745,2320,1,1,2025,14,5,35,66,1,1,44,1,1,1,1,40,1183.4745,2320,1,1,1,0,still teacher
265090100151333,1,2024,15,1,17011,36,47,4,2,44,1,2,1,4,1,40,5187.678,2310,1,1,2025,15,5,36,48,4,2,44,1,1,4,1,40,5926.4297,2360,1,0,0,1,other occupation
130762300655053,1,2024,15,1,17011,36,70,1,2,44,1,1,2,1,2,-4,5707.232,2310,1,1,2025,16,5,36,72,1,2,44,1,2,1,7,-1,4513.0466,-1,0,0,0,1,out of labor force
000537030031116,1,2024,15,1,17011,36,31,1,2,44,1,2,2,1,1,40,4879.4168,2310,1,1,2025,14,5,36,32,1,2,44,1,2,1,1,40,5890.5582,10,1,0,0,1,other occupation
756267763070016,1,2024,16,1,17011,36,47,1,1,44,1,1,2,1,1,35,4961.3741,2320,1,1,2025,16,5,36,48,1,1,44,1,2,1,1,35,5236.4396,2310,1,1,1,0,still teacher
756267763070016,1,2024,16,1,17011,36,48,1,2,44,1,2,2,1,1,37,6285.687,2320,1,1,2025,16,5,36,49,1,2,44,1,2,1,1,37,5414.0305,2320,1,1,1,0,still teacher
257864493070011,1,2024,10,1,17011,37,29,6,2,43,6,1,2,1,1,40,5649.3429,2300,1,1,2025,11,5,37,30,6,2,43,6,2,1,1,40,6432.7305,2300,1,1,1,0,still teacher
180160900863343,1,2024,14,1,17011,38,27,1,2,40,1,1,2,1,1,-4,692.9878,2300,1,1,2025,15,5,38,28,1,2,40,1,2,1,1,40,613.9283,2360,1,0,0,1,other occupation
300338081304913,1,2024,15,1,17011,38,39,1,2,43,1,1,2,1,1,40,543.6979,2310,1,1,2025,16,5,38,40,1,2,43,1,2,1,1,40,542.1496,2310,1,1,1,0,still teacher
411500323627932,1,2024,16,1,17011,39,49,4,2,44,1,1,2,1,1,45,4187.6057,2310,1,1,2025,16,5,39,50,4,2,44,1,2,1,1,-4,3778.1867,2320,1,1,1,0,still teacher
025904460240110,1,2024,15,1,17011,40,61,1,1,43,1,1,2,1,1,20,2716.564,2320,1,1,2025,15,5,40,63,1,1,43,1,2,1,1,20,2539.3167,2310,1,1,1,0,still teacher
025904460240110,1,2024,15,1,17011,40,61,1,2,44,1,2,2,1,1,20,2305.0758,2310,1,1,2025,15,5,40,62,1,2,44,1,2,1,1,20,2248.4356,2310,1,1,1,0,still teacher
540226014030017,1,2024,13,1,17111,40,72,1,2,44,1,1,2,1,1,40,1997.2227,2310,1,1,2025,14,5,40,73,1,2,44,1,2,1,1,40,1914.0206,2310,1,1,1,0,still teacher
040224153021400,1,2024,15,1,17111,40,49,1,1,43,1,1,2,1,1,40,2416.7921,2310,1,1,2025,16,5,40,49,1,1,43,1,2,1,1,40,3216.3033,2310,1,1,1,0,still teacher
640254197071610,1,2024,13,1,17011,41,58,6,2,43,1,1,2,3,1,60,2168.1195,2320,1,1,2025,14,5,41,59,6,2,43,1,2,3,1,60,2146.9357,2320,1,1,1,0,still teacher
190929800104074,1,2024,13,1,17011,41,58,1,1,44,1,1,2,1,1,40,2261.2002,2320,1,1,2025,11,5,41,59,1,1,44,1,2,1,5,-1,3019.9838,-1,0,0,0,1,out of labor force
054083050411464,1,2024,15,1,17011,41,55,1,2,42,1,2,2,1,1,40,2150.2317,2300,1,1,2025,15,5,41,56,1,2,40,1,2,1,1,36,2240.1851,2300,1,1,1,0,still teacher
006120409198552,1,2024,14,1,17011,42,61,4,1,44,1,1,2,1,1,50,5366.9149,2310,1,1,2025,14,5,42,62,6,1,44,1,2,1,1,50,4828.965,2205,1,0,0,1,other occupation
094061085212905,1,2024,14,1,17011,42,61,4,1,44,1,1,2,1,1,40,5366.9149,2310,1,1,2025,15,5,42,62,4,1,43,1,2,1,1,40,4828.965,1430,1,0,0,1,other occupation
840274403001520,1,2024,16,1,17011,42,32,1,1,43,1,2,2,1,1,40,5212.5089,2310,1,1,2025,15,5,42,33,1,1,43,1,2,1,1,40,6030.6851,2310,1,1,1,0,still teacher
481000305720244,1,2024,15,1,17011,42,34,1,2,44,1,1,2,1,1,40,4366.9014,2310,1,1,2025,16,5,42,35,1,2,44,1,2,1,1,40,5206.3057,2310,1,1,1,0,still teacher
242706012795380,1,2024,6,1,17011,42,61,6,2,42,2,1,2,1,1,40,4915.2892,2300,1,1,2025,10,5,42,63,6,2,42,2,2,1,1,40,6712.7384,3603,1,0,0,1,other occupation
107140480401241,1,2024,13,1,17011,44,69,5,2,43,1,1,2,1,1,21,941.8485,2310,1,1,2025,12,5,44,70,5,2,43,1,2,1,1,-4,918.4869,2310,1,1,1,0,still teacher
194537104040115,1,2024,14,1,17011,44,45,1,1,43,1,2,2,1,1,40,1110.2225,2310,1,1,2025,15,5,44,46,1,1,43,1,2,1,1,40,892.2349,4850,1,0,0,1,other occupation
400274071408824,1,2024,15,1,17011,44,48,1,2,44,1,1,2,1,1,45,1051.1928,2320,1,1,2025,15,5,44,49,1,2,44,1,2,1,1,40,1085.1469,2320,1,1,1,0,still teacher
034094049315823,1,2024,15,1,17011,45,27,1,2,44,1,2,1,1,2,40,3785.2678,2310,1,1,2025,15,5,45,28,1,2,44,1,2,1,7,-1,4394.6105,-1,0,0,0,1,out of labor force
150118600581094,1,2024,16,1,17111,45,72,1,2,44,2,1,2,1,1,25,3230.5732,2310,1,1,2025,8,5,45,73,1,2,44,2,2,1,1,25,2643.6558,2310,1,1,1,0,still teacher
560946061409398,1,2024,16,1,17011,46,36,1,2,43,1,2,2,1,1,40,734.9386,2310,1,1,2025,5,5,46,37,1,2,43,1,2,1,1,40,785.2377,2310,1,1,1,0,still teacher
786436634060011,1,2024,15,1,17011,46,60,1,2,41,1,1,2,1,2,50,956.8109,2320,1,1,2025,15,5,46,61,1,2,42,1,2,1,1,55,845.5905,2310,1,1,1,0,still teacher
160934900685694,1,2024,16,1,17011,46,53,1,2,43,1,2,2,1,1,45,836.3823,2320,1,1,2025,15,5,46,55,1,2,43,1,2,1,1,40,756.645,2320,1,1,1,0,still teacher
120903500670154,1,2024,11,1,17111,46,58,3,2,43,1,1,2,1,1,40,788.1863,2310,1,1,2025,11,5,46,59,3,2,43,1,2,1,1,40,893.4569,2310,1,1,1,0,still teacher
740706011971520,1,2024,13,1,17111,47,34,6,2,39,2,1,2,1,1,40,4571.976,2300,1,1,2025,13,5,47,35,6,2,40,2,2,1,1,40,5575.926,3930,1,0,0,1,other occupation
062644420640117,1,2024,16,1,17011,47,39,1,2,43,1,2,2,1,1,40,4007.6744,2310,1,1,2025,16,5,47,40,1,2,43,1,2,1,1,40,3393.6313,2310,1,1,1,0,still teacher
668020384090015,1,2024,14,1,17011,48,35,1,2,44,1,2,2,1,1,35,4162.0872,2310,1,1,2025,15,5,48,36,1,2,44,1,2,1,1,40,4359.0677,2310,1,1,1,0,still teacher
380468071413761,1,2024,16,1,17011,48,57,1,2,44,1,2,2,1,1,40,4053.3756,2310,1,1,2025,15,5,48,58,1,2,44,1,2,1,1,40,4267.2043,2310,1,1,1,0,still teacher
740294492041081,1,2024,14,1,17011,48,55,1,2,43,1,1,2,1,1,45,4204.3629,2310,1,1,2025,16,5,48,56,1,2,43,1,2,1,1,13,4499.9897,2310,1,1,1,0,still teacher
054629096418434,1,2024,13,1,17011,48,32,6,1,44,1,3,1,1,1,40,5187.6932,2310,1,1,2025,13,5,48,33,6,1,44,1,1,1,1,50,6035.6906,2310,1,1,1,0,still teacher
137205600881244,1,2024,15,1,17011,48,63,1,1,43,4,1,1,4,1,40,9073.3577,2320,1,1,2025,13,5,48,64,1,1,43,4,1,4,5,-1,8020.1074,-1,0,0,0,1,out of labor force
137205600881244,1,2024,15,1,17011,48,60,1,2,43,1,2,1,4,1,40,4676.8247,2310,1,1,2025,13,5,48,61,1,2,43,1,1,4,1,50,5020.7344,2310,1,1,1,0,still teacher
118318094090017,1,2024,15,1,17011,48,41,1,2,43,1,1,2,1,1,40,5315.7226,2310,1,1,2025,14,5,48,42,1,2,43,1,2,1,1,40,5112.5135,2330,1,1,1,0,still teacher
290208051404558,1,2024,14,1,17011,48,48,1,2,43,1,1,1,1,1,40,3401.2415,2310,1,1,2025,14,5,48,49,1,2,43,1,2,1,1,60,4094.9752,2310,1,1,1,0,still teacher
471100504534942,1,2024,16,1,17011,49,50,1,2,43,1,1,2,1,1,50,2345.5993,2320,1,1,2025,15,5,49,51,1,2,43,1,2,1,1,40,2108.9562,2310,1,1,1,0,still teacher
807070103443589,1,2024,12,1,17111,50,39,4,1,43,1,1,2,1,1,50,483.0786,2310,1,1,2025,13,5,50,40,4,1,43,1,2,1,1,45,467.5518,2310,1,1,1,0,still teacher
140313900093285,1,2024,15,1,17111,50,31,1,2,44,1,1,2,1,1,40,577.9296,2320,1,1,2025,15,5,50,33,1,2,44,1,2,1,1,40,477.4979,2310,1,1,1,0,still teacher
081800501949050,1,2024,14,1,17011,50,68,4,2,44,1,1,2,1,1,10,345.1422,2310,1,1,2025,12,5,50,69,3,2,44,1,2,1,5,-1,380.3781,-1,0,0,0,1,out of labor force
780417535090014,1,2024,15,1,17111,50,41,1,2,43,1,1,2,1,1,28,528.7394,2310,1,1,2025,15,5,50,42,1,2,43,1,2,1,1,40,398.988,2310,1,1,1,0,still teacher
084357250550180,1,2024,12,1,17011,50,32,6,1,44,1,1,2,1,1,35,462.9035,2320,1,1,2025,13,5,50,33,6,1,44,1,2,1,1,37,471.5564,2310,1,1,1,0,still teacher
140061400161095,1,2024,16,1,17011,51,50,1,2,44,1,2,2,1,1,40,4893.9585,2330,1,1,2025,16,5,51,51,1,2,44,1,2,1,1,40,4550.0988,2330,1,1,1,0,still teacher
190890000131685,1,2024,13,1,17011,51,46,1,2,44,1,1,2,1,1,60,4266.7249,2310,1,1,2025,14,5,51,47,1,2,44,1,2,1,1,40,3738.8211,2310,1,1,1,0,still teacher
113408715030112,1,2024,13,1,17011,53,30,6,2,44,1,1,2,1,1,40,5036.5392,2310,1,1,2025,13,5,53,31,6,2,44,1,2,1,1,40,5378.1086,2310,1,1,1,0,still teacher
120835300349935,1,2024,15,1,17011,53,33,1,2,44,1,2,2,1,1,40,4608.7776,2310,1,1,2025,15,5,53,33,1,2,44,1,2,1,1,40,4994.7303,2310,1,1,1,0,still teacher
310675279051040,1,2024,16,1,17011,54,55,1,2,44,1,2,2,1,1,40,694.0165,2310,1,1,2025,16,5,54,56,1,2,44,1,2,1,1,40,715.7453,2310,1,1,1,0,still teacher
110699300442605,1,2024,14,1,17011,54,27,1,2,43,1,1,1,1,1,40,1166.2997,2310,1,1,2025,15,5,54,28,1,2,43,1,1,1,1,40,998.4485,2300,1,1,1,0,still teacher
131700900765452,1,2024,16,1,17011,54,48,1,2,43,1,3,2,1,1,40,758.1417,2300,1,1,2025,16,5,54,49,1,2,43,1,2,1,1,40,758.8478,2300,1,1,1,0,still teacher
005150516206308,1,2024,12,1,17011,55,73,1,2,43,1,1,2,1,1,7,3251.7726,2310,1,1,2025,12,5,55,74,1,2,43,1,2,1,5,-1,3138.0735,-1,0,0,0,1,out of labor force
035718620450146,1,2024,15,1,17011,56,35,1,2,43,1,1,2,1,1,40,505.913,2310,1,1,2025,13,5,56,35,1,2,43,1,2,1,1,40,428.7074,2310,1,1,1,0,still teacher
655105014320520,1,2024,12,1,17111,56,54,1,2,44,1,2,2,1,1,45,393.2095,2320,1,1,2025,14,5,56,55,1,2,44,1,2,1,1,50,410.1742,2320,1,1,1,0,still teacher
390255210071460,1,2024,16,1,17011,56,60,4,2,43,1,1,2,1,1,53,393.9875,2330,1,1,2025,16,5,56,61,4,2,43,1,2,1,1,52,406.1333,2330,1,1,1,0,still teacher
005110036299100,1,2024,15,2,17011,1,80,1,2,43,1,2,2,4,1,40,1629.0005,2330,1,1,2025,13,6,1,80,1,2,43,1,2,4,1,40,1469.3449,2310,1,1,1,0,still teacher
107508011978750,1,2024,16,2,17011,1,36,1,1,44,1,1,2,1,1,40,2254.4302,2310,1,1,2025,16,6,1,37,1,1,44,1,2,1,1,45,3270.9314,230,1,0,0,1,other occupation
100120005146443,1,2024,13,2,17011,2,39,4,2,42,1,1,1,4,2,40,558.7643,2300,1,1,2025,12,6,2,40,4,2,40,1,1,4,1,40,475.3262,2300,1,1,1,0,still teacher
100322081015566,1,2024,13,2,17011,2,79,4,1,44,1,1,2,1,1,-4,531.9118,2310,1,1,2025,15,6,2,80,4,1,44,1,2,1,5,-1,508.8108,-1,0,0,0,1,out of labor force
550832081054006,1,2024,16,2,17011,2,43,1,2,43,1,1,2,1,1,32,601.6822,2310,1,1,2025,15,6,2,44,1,2,43,1,2,1,7,-1,510.5384,-1,0,0,0,1,out of labor force
101897400291230,1,2024,13,2,17011,2,46,1,1,40,1,2,2,1,1,40,599.3244,2300,1,1,2025,12,6,2,46,1,1,43,1,2,1,1,40,718.0867,160,1,0,0,1,other occupation
077754450002174,1,2024,11,2,17011,4,45,6,2,44,1,1,2,1,1,40,4163.7216,2310,1,1,2025,11,6,4,46,6,2,44,1,2,1,4,-1,3762.6857,2310,0,0,0,1,unemployed
364357410070018,1,2024,16,2,17011,4,20,6,2,41,1,4,1,1,1,20,4062.4717,2310,1,1,2025,16,6,4,21,6,2,42,1,1,1,1,-4,5135.0241,2310,1,1,1,0,still teacher
075902660600125,1,2024,15,2,17111,5,33,1,2,44,1,1,2,1,1,40,1842.0848,2330,1,1,2025,15,6,5,34,1,2,44,1,2,1,1,40,1321.1921,2310,1,1,1,0,still teacher
250645041007330,1,2024,14,2,17011,5,66,3,2,43,1,1,2,1,1,-4,1400.2946,2310,1,1,2025,13,6,5,67,3,2,43,1,2,1,5,-1,1454.6818,-1,0,0,0,1,out of labor force
250645041007330,1,2024,14,2,17011,5,44,4,2,44,1,2,2,1,1,40,1607.9113,2310,1,1,2025,13,6,5,45,4,2,44,1,2,1,1,40,1577.6463,2310,1,1,1,0,still teacher
507702015147790,1,2024,15,2,17011,5,37,1,1,44,1,1,2,1,1,-4,1682.7697,2320,1,1,2025,15,6,5,38,1,1,44,1,2,1,1,40,1542.226,2722,1,0,0,1,other occupation
395916500000011,1,2024,13,2,17011,5,37,4,2,44,1,1,2,1,1,35,1646.9591,2310,1,1,2025,13,6,5,37,4,2,44,1,2,1,1,35,1222.8903,2310,1,1,1,0,still teacher
240415011007268,1,2024,14,2,17011,5,62,1,2,42,1,2,2,1,1,40,1357.1742,2310,1,1,2025,14,6,5,63,1,2,42,1,2,1,1,40,1369.7075,2310,1,1,1,0,still teacher
180726800100116,1,2024,14,2,17011,6,39,1,2,41,1,2,1,5,1,40,4205.777,2300,1,1,2025,5,6,6,40,1,2,41,1,1,5,1,40,3146.0257,2300,1,1,1,0,still teacher
380996001091027,1,2024,14,2,17011,6,46,5,1,44,1,8,1,4,2,40,4981.2482,2320,1,1,2025,15,6,6,46,1,1,44,1,1,4,6,-1,4834.2704,-1,0,0,0,1,out of labor force
604905110095850,1,2024,13,2,17011,6,38,4,1,43,1,1,2,1,1,40,4220.4937,2330,1,1,2025,15,6,6,39,4,1,43,1,2,1,1,40,3878.9881,2310,1,1,1,0,still teacher
149220630500126,1,2024,14,2,17011,6,39,1,2,41,1,2,1,5,1,40,4258.0655,2300,1,1,2025,16,6,6,41,1,2,43,1,1,4,1,40,3197.4256,1108,1,0,0,1,other occupation
608407014030630,1,2024,15,2,17011,6,49,1,1,44,1,1,2,1,1,40,4745.3681,2320,1,1,2025,13,6,6,50,1,1,44,1,2,1,1,40,4375.0799,2320,1,1,1,0,still teacher
364050108512040,1,2024,16,2,17011,6,39,1,2,43,4,2,2,1,1,35,4533.39,2310,1,1,2025,13,6,6,40,1,2,43,4,2,1,1,40,4509.0396,2310,1,1,1,0,still teacher
601608012270820,1,2024,16,2,17011,6,59,1,1,44,1,1,2,1,1,40,4311.1427,2310,1,1,2025,16,6,6,61,1,1,44,1,2,1,1,50,3866.917,2310,1,1,1,0,still teacher
601608012270820,1,2024,16,2,17011,6,51,1,2,44,1,2,2,1,1,40,3768.8336,2310,1,1,2025,16,6,6,52,1,2,44,1,2,1,1,50,3440.2975,2310,1,1,1,0,still teacher
200528031003635,1,2024,15,2,17011,8,60,1,2,44,1,1,2,1,1,32,3855.1968,2310,1,1,2025,14,6,8,61,1,2,44,1,2,1,1,-4,3776.987,2310,1,1,1,0,still teacher
170250700955440,1,2024,15,2,17011,9,28,6,2,43,1,2,2,1,1,35,2952.558,2320,1,1,2025,16,6,9,30,6,2,43,1,2,1,1,40,3677.9948,2320,1,1,1,0,still teacher
550229031000944,1,2024,15,2,17011,9,27,6,2,44,1,3,2,1,1,36,2911.7742,2310,1,1,2025,16,6,9,28,6,2,44,1,2,1,1,36,3131.8922,2545,1,0,0,1,other occupation
499052450020013,1,2024,15,2,17011,9,41,1,2,40,1,2,2,1,1,22,2684.7773,2300,1,1,2025,15,6,9,42,1,2,40,1,2,1,1,22,3132.4164,2300,1,1,1,0,still teacher
651500504252907,1,2024,16,2,17011,9,55,1,2,43,1,1,2,1,1,11,3041.898,2300,1,1,2025,16,6,9,56,1,2,43,1,2,1,1,-4,4075.4331,2300,1,1,1,0,still teacher
010405115856440,1,2024,16,2,17011,10,55,1,2,44,1,1,2,1,1,40,784.3536,2330,1,1,2025,15,6,10,56,1,2,44,1,2,1,1,40,778.1213,2330,1,1,1,0,still teacher
100964281060114,1,2024,11,2,17011,10,63,6,1,44,1,1,2,1,1,30,753.0042,2310,1,1,2025,11,6,10,64,6,1,44,1,2,1,1,5,716.727,2320,1,1,1,0,still teacher
490311620071413,1,2024,16,2,17011,11,55,1,2,44,1,1,2,1,1,45,355.5997,2320,1,1,2025,16,6,11,56,1,2,44,1,2,1,1,42,377.3444,2320,1,1,1,0,still teacher
561700005609216,1,2024,12,2,17011,12,52,1,2,43,1,1,2,1,1,40,4191.5652,2330,1,1,2025,13,6,12,53,1,2,43,1,2,1,1,40,3957.4763,2320,1,1,1,0,still teacher
620041108566144,1,2024,13,2,17011,12,27,6,2,43,1,1,2,1,1,40,5005.9758,2320,1,1,2025,16,6,12,28,6,2,43,1,2,1,1,40,4976.6805,2310,1,1,1,0,still teacher
190840700269131,1,2024,13,2,17011,12,41,1,1,43,1,1,1,1,1,40,5057.3297,2310,1,1,2025,15,6,12,42,1,1,43,1,1,1,1,40,4613.6763,2310,1,1,1,0,still teacher
290512061114238,1,2024,13,2,17011,12,32,6,2,43,1,1,1,1,1,50,5210.3538,2310,1,1,2025,13,6,12,33,6,2,43,1,1,1,1,40,4725.4175,2310,1,1,1,0,still teacher
203120103232657,1,2024,14,2,17011,12,44,1,1,43,2,2,2,1,1,40,6023.8369,2310,1,1,2025,15,6,12,45,1,1,44,2,2,1,1,40,5611.6511,2310,1,1,1,0,still teacher
970961800051520,1,2024,16,2,17011,12,47,1,2,42,1,2,2,1,1,40,4605.2756,2310,1,1,2025,16,6,12,48,1,2,43,1,2,1,1,40,4749.7286,2310,1,1,1,0,still teacher
219907017233820,1,2024,8,2,17011,12,63,4,1,43,1,1,2,1,1,40,3800.2626,2310,1,1,2025,12,6,12,64,4,1,43,1,2,1,1,5,4933.211,2310,1,1,1,0,still teacher
602216321070018,1,2024,11,2,17011,12,31,1,2,44,2,2,2,1,1,30,6697.8051,2310,1,1,2025,11,6,12,32,1,2,44,2,2,1,1,40,6370.0302,2310,1,1,1,0,still teacher
630040104939165,1,2024,12,2,17011,13,52,1,2,43,1,1,2,1,1,40,3544.8874,2310,1,1,2025,12,6,13,54,1,2,43,1,2,1,2,40,3873.6833,2310,1,1,1,0,still teacher
633494581010010,1,2024,16,2,17011,13,45,1,2,44,2,1,2,1,1,40,5333.5077,2310,1,1,2025,16,6,13,46,1,2,44,2,2,1,1,40,5084.0846,2310,1,1,1,0,still teacher
061024034213884,1,2024,12,2,17011,13,44,4,2,43,1,1,2,4,1,40,3881.0829,2310,1,1,2025,12,6,13,45,4,2,43,1,2,4,1,40,5026.4895,2310,1,1,1,0,still teacher
751900826129512,1,2024,13,2,17011,15,43,6,2,43,4,1,2,1,1,35,678.8763,2310,1,1,2025,14,6,15,44,6,2,43,4,2,1,1,35,857.8572,2310,1,1,1,0,still teacher
051062065316704,1,2024,15,2,17111,16,55,1,1,44,1,1,2,1,1,40,977.2383,2310,1,1,2025,15,6,16,56,1,1,44,1,2,1,1,40,1085.4555,2320,1,1,1,0,still teacher
617600013485160,1,2024,16,2,17011,16,46,1,1,44,1,2,2,1,1,40,1073.677,2320,1,1,2025,15,6,16,47,1,1,44,1,2,1,1,40,942.9326,2320,1,1,1,0,still teacher
617600013485160,1,2024,16,2,17011,16,26,6,2,43,1,3,2,1,1,40,1123.503,2320,1,1,2025,15,6,16,28,6,2,43,1,2,1,1,40,1042.7792,2320,1,1,1,0,still teacher
001208069717576,1,2024,16,2,17011,17,48,1,1,44,1,2,2,1,1,40,3987.1952,2320,1,1,2025,16,6,17,49,1,1,44,1,2,1,1,40,4628.4165,2320,1,1,1,0,still teacher
370093103208131,1,2024,13,2,17011,17,45,4,1,44,1,1,1,4,1,35,5638.9826,2310,1,1,2025,14,6,17,47,4,1,44,1,1,4,1,35,6656.0211,2320,1,1,1,0,still teacher
580717051139325,1,2024,14,2,17011,17,55,6,2,46,4,1,2,1,1,40,4116.2206,2310,1,1,2025,16,6,17,56,6,2,46,4,2,1,1,40,5394.6385,2310,1,1,1,0,still teacher
157317181050015,1,2024,14,2,17011,17,35,1,1,44,1,2,2,1,1,40,4162.3519,2310,1,1,2025,15,6,17,36,1,1,44,1,2,1,1,40,4704.9149,2310,1,1,1,0,still teacher
003170106306270,1,2024,16,2,17011,17,46,1,2,44,1,2,2,1,1,40,4188.0091,2310,1,1,2025,16,6,17,47,1,2,44,1,2,1,1,40,5039.6541,2310,1,1,1,0,still teacher
537611591080011,1,2024,16,2,17011,17,55,1,2,44,1,2,2,1,1,40,4092.3786,2300,1,1,2025,16,6,17,56,1,2,44,1,2,1,1,40,4932.6577,2300,1,1,1,0,still teacher
961700008819815,1,2024,16,2,17011,18,41,1,2,43,1,2,2,1,1,40,4700.4935,2310,1,1,2025,16,6,18,42,1,2,43,1,2,1,1,40,3854.8914,2310,1,1,1,0,still teacher
120937400800691,1,2024,16,2,17011,18,58,1,1,44,1,1,2,1,1,60,3128.8069,2310,1,1,2025,16,6,18,59,1,1,39,1,2,1,1,40,3552.3448,2545,1,0,0,1,other occupation
648009481020010,1,2024,11,2,17011,18,29,6,2,43,1,1,2,1,1,40,5815.4258,2320,1,1,2025,11,6,18,30,6,2,43,1,2,1,1,40,4764.5456,2310,1,1,1,0,still teacher
051040012918036,1,2024,9,2,17011,18,39,4,2,44,1,1,2,1,1,50,5492.2821,2310,1,1,2025,13,6,18,40,4,2,44,1,2,1,1,40,4361.1903,2310,1,1,1,0,still teacher
961400404822916,1,2024,15,2,17011,19,51,1,2,44,1,2,2,1,1,40,2418.968,2310,1,1,2025,15,6,19,52,1,2,44,1,2,1,1,40,2333.319,2310,1,1,1,0,still teacher
021033007519913,1,2024,16,2,17011,19,42,1,2,44,1,1,2,1,1,40,3377.0305,2310,1,1,2025,16,6,19,43,1,2,44,1,2,1,1,40,2202.7844,2310,1,1,1,0,still teacher
021033007519913,1,2024,16,2,17011,19,42,1,1,44,1,2,2,1,1,40,3000.8968,2310,1,1,2025,16,6,19,43,1,1,44,1,2,1,1,40,2318.8346,2310,1,1,1,0,still teacher
012080109625235,1,2024,15,2,17011,21,20,6,2,40,1,3,2,1,1,40,4483.8432,2300,1,1,2025,6,6,21,21,6,2,40,1,2,1,1,30,5568.3203,3645,1,0,0,1,other occupation
240722011207165,1,2024,11,2,17111,22,32,6,2,43,1,1,2,1,1,40,1888.489,2310,1,1,2025,12,6,22,33,6,2,43,1,2,1,1,40,2125.3045,2310,1,1,1,0,still teacher
422010106498209,1,2024,13,2,17111,22,59,4,2,44,2,1,2,1,1,35,2136.3225,2320,1,1,2025,15,6,22,60,4,2,44,2,2,1,1,20,1809.3522,9130,1,0,0,1,other occupation
003120277231814,1,2024,13,2,17011,22,44,1,2,44,2,2,2,1,1,40,2481.3727,2310,1,1,2025,15,6,22,45,1,2,44,2,2,1,1,40,2069.8733,2310,1,1,1,0,still teacher
052524372010011,1,2024,13,2,17011,22,39,1,2,43,1,1,2,1,1,40,1711.9649,2310,1,1,2025,15,6,22,40,1,2,43,1,2,1,1,40,1945.3812,2310,1,1,1,0,still teacher
022095005214393,1,2024,14,2,17011,24,63,4,2,44,1,1,2,1,1,60,5942.5765,2310,1,1,2025,14,6,24,64,4,2,44,1,2,1,1,60,4209.56,2310,1,1,1,0,still teacher
012016210921105,1,2024,11,2,17011,25,53,4,2,44,1,1,2,1,1,50,2661.2121,2310,1,1,2025,16,6,25,54,4,2,44,1,2,1,1,50,2679.181,2310,1,1,1,0,still teacher
022044029416441,1,2024,14,2,17011,26,35,1,2,43,1,1,2,1,1,38,3988.0182,2310,1,1,2025,15,6,26,36,1,2,43,1,2,1,1,40,3795.739,2320,1,1,1,0,still teacher
431900309781620,1,2024,12,2,17011,26,27,6,2,43,1,2,2,1,1,40,4222.657,2310,1,1,2025,14,6,26,28,6,2,43,1,2,1,1,40,3740.5377,2310,1,1,1,0,still teacher
626908016833500,1,2024,16,2,17012,26,43,1,2,44,1,2,2,4,1,40,3893.466,2320,1,1,2025,16,6,26,43,1,2,44,1,2,4,1,35,3741.1638,2320,1,1,1,0,still teacher
002061008316014,1,2024,13,2,17012,26,85,6,1,44,1,2,2,1,1,40,4131.2431,2320,1,1,2025,5,6,26,85,4,1,37,1,2,1,1,40,3184.7792,9620,1,0,0,1,other occupation
180025000761342,1,2024,11,2,17011,27,75,1,2,43,1,1,2,1,1,8,3692.3911,2330,1,1,2025,11,6,27,76,1,2,43,1,2,1,5,-1,2814.7038,-1,0,0,0,1,out of labor force
881080104075245,1,2024,13,2,17011,28,31,6,1,44,1,1,2,1,1,40,1845.0201,2310,1,1,2025,12,6,28,32,6,1,44,1,2,1,1,40,1514.3312,2310,1,1,1,0,still teacher
261300006019921,1,2024,15,2,17011,29,54,1,1,44,1,1,2,1,1,-4,4298.4935,2310,1,1,2025,15,6,29,55,1,1,44,1,2,1,2,-4,4590.6779,2310,1,1,1,0,still teacher
083033014610294,1,2024,16,2,17011,30,63,1,2,44,1,1,1,1,1,6,477.6907,2310,1,1,2025,13,6,30,63,1,2,44,1,1,1,1,10,746.52,2310,1,1,1,0,still teacher
320793948091000,1,2024,16,2,17111,30,38,1,2,44,1,1,2,1,1,30,654.6912,2310,1,1,2025,16,6,30,39,1,2,44,1,2,1,2,-4,533.7701,2633,1,0,0,1,other occupation
330142021333085,1,2024,15,2,17011,32,19,6,2,40,1,3,1,1,1,40,2235.7845,2320,1,1,2025,16,6,32,20,6,2,40,1,1,1,1,40,2887.4691,2545,1,0,0,1,other occupation
552167723070317,1,2024,14,2,17011,32,32,1,2,43,4,2,2,4,1,40,2486.7735,2310,1,1,2025,15,6,32,34,1,2,43,4,2,4,1,39,3652.822,2205,1,0,0,1,other occupation
083052031213015,1,2024,15,2,17111,33,30,1,2,44,1,1,2,1,1,40,1186.0387,2310,1,1,2025,15,6,33,31,1,2,44,1,2,1,1,40,1208.4041,2310,1,1,1,0,still teacher
083052031213015,1,2024,15,2,17111,33,28,1,2,44,1,2,2,1,1,40,1138.4342,2310,1,1,2025,15,6,33,29,1,2,44,1,2,1,1,40,1105.9183,2310,1,1,1,0,still teacher
076612280830133,1,2024,15,2,17011,33,42,6,2,44,1,2,2,1,1,40,1049.6838,2310,1,1,2025,15,6,33,43,6,2,40,1,2,1,7,-1,1106.1035,-1,0,0,0,1,out of labor force
004150363513740,1,2024,10,2,17111,35,36,3,2,43,1,1,1,1,1,32,1355.0205,2310,1,1,2025,11,6,35,37,3,2,43,1,1,1,1,28,1515.8734,2310,1,1,1,0,still teacher
310235051302203,1,2024,16,2,17011,35,45,1,2,44,1,2,2,1,1,40,1414.8063,2310,1,1,2025,16,6,35,46,1,2,44,1,2,1,1,40,1403.1075,2310,1,1,1,0,still teacher
033045037015164,1,2024,16,2,17111,35,53,1,2,44,1,1,2,1,1,40,1095.2063,2310,1,1,2025,16,6,35,54,1,2,44,1,2,1,1,40,1148.4583,2310,1,1,1,0,still teacher
053125028016208,1,2024,15,2,17011,36,71,6,2,44,1,1,2,1,2,-4,3572.5445,2310,1,1,2025,15,6,36,72,6,2,44,1,2,1,1,25,4095.5108,2320,1,1,1,0,still teacher
635400111933330,1,2024,16,2,17011,36,30,1,2,44,4,2,2,1,1,35,5474.9954,2310,1,1,2025,16,6,36,31,1,2,44,4,2,1,1,40,5660.2832,2310,1,1,1,0,still teacher
126423313070111,1,2024,13,2,17011,36,46,6,2,41,2,3,2,1,1,35,3754.9878,2310,1,1,2025,14,6,36,47,6,2,43,2,2,1,1,35,5380.4478,2310,1,1,1,0,still teacher
964030102951393,1,2024,16,2,17011,36,37,1,2,44,1,1,2,1,1,40,6386.0223,2310,1,1,2025,16,6,36,38,1,2,44,1,2,1,1,40,5008.1238,2310,1,1,1,0,still teacher
964030102951393,1,2024,16,2,17011,36,42,1,1,44,1,2,2,1,1,40,5806.2809,2310,1,1,2025,16,6,36,43,1,1,44,1,2,1,1,40,4978.5982,2310,1,1,1,0,still teacher
766070104881313,1,2024,16,2,17011,36,52,1,1,44,1,2,2,1,1,40,4438.5201,2320,1,1,2025,16,6,36,53,1,1,44,1,2,1,1,40,4189.839,2320,1,1,1,0,still teacher
536922693030014,1,2024,15,2,17011,36,30,1,2,44,1,2,2,1,1,40,6772.9002,2310,1,1,2025,15,6,36,31,1,2,44,1,2,1,1,40,5558.31,2310,1,1,1,0,still teacher
023081080617574,1,2024,14,2,17011,37,37,1,2,44,1,2,1,5,1,40,3596.0767,2320,1,1,2025,14,6,37,38,1,2,44,1,1,5,1,55,4114.1384,2310,1,1,1,0,still teacher
190027200842563,1,2024,7,2,17111,38,67,4,2,43,1,1,2,1,1,8,598.2392,2310,1,1,2025,9,6,38,68,4,2,43,1,2,1,1,8,566.0962,2310,1,1,1,0,still teacher
001180309348186,1,2024,15,2,17011,38,49,1,2,43,1,1,2,1,1,40,625.1676,2310,1,1,2025,15,6,38,50,1,2,44,1,2,1,1,40,529.3454,2310,1,1,1,0,still teacher
006180367167193,1,2024,15,2,17111,38,34,1,2,43,1,2,2,1,1,40,465.7512,2310,1,1,2025,15,6,38,35,1,2,43,1,2,1,1,40,449.4457,2300,1,1,1,0,still teacher
110532000813583,1,2024,14,2,17011,38,27,1,1,43,1,1,2,1,1,45,510.0557,2320,1,1,2025,13,6,38,28,1,1,43,1,2,1,1,45,503.3187,2310,1,1,1,0,still teacher
022317010031118,1,2024,13,2,17011,38,34,1,2,43,1,1,2,1,1,40,465.7512,2300,1,1,2025,14,6,38,35,1,2,43,1,2,1,1,40,449.4457,2300,1,1,1,0,still teacher
091050100178326,1,2024,16,2,17011,39,46,1,2,44,1,1,2,1,1,25,3619.2287,2330,1,1,2025,15,6,39,47,1,2,44,1,2,1,1,25,4523.3573,2330,1,1,1,0,still teacher
099542830930129,1,2024,13,2,17011,39,60,1,2,44,1,2,2,1,1,3,3527.6571,2310,1,1,2025,12,6,39,62,1,2,44,1,2,1,1,40,4504.5728,2320,1,1,1,0,still teacher
120149061306387,1,2024,15,2,17011,39,45,1,1,44,1,1,2,1,1,45,3825.8851,2310,1,1,2025,15,6,39,46,1,1,44,1,2,1,1,45,4557.2757,230,1,0,0,1,other occupation
120149061306387,1,2024,15,2,17011,39,46,1,2,44,1,2,2,1,1,50,3844.2847,2320,1,1,2025,15,6,39,46,1,2,44,1,2,1,1,50,5207.1745,2310,1,1,1,0,still teacher
023002087619550,1,2024,15,2,17011,39,49,1,1,44,1,2,2,1,1,40,3601.9063,2320,1,1,2025,16,6,39,50,1,1,43,1,2,1,1,40,4423.5156,2320,1,1,1,0,still teacher
390834834070016,1,2024,12,2,17011,40,29,1,2,43,3,2,2,1,1,40,5504.2607,2310,1,1,2025,13,6,40,30,1,2,43,3,2,1,1,40,2854.5808,2310,1,1,1,0,still teacher
043802011478020,1,2024,15,2,17111,40,52,1,2,43,1,1,2,1,1,40,1691.9924,2310,1,1,2025,13,6,40,53,1,2,43,1,2,1,1,40,1622.1686,2310,1,1,1,0,still teacher
440194264071520,1,2024,15,2,17011,42,44,1,2,43,1,1,2,1,1,30,3831.9383,2310,1,1,2025,15,6,42,45,1,2,43,1,2,1,1,40,4542.1678,2545,1,0,0,1,other occupation
120484100214934,1,2024,14,2,17011,42,30,1,2,44,1,2,2,1,1,40,4365.6081,2310,1,1,2025,15,6,42,31,1,2,44,1,2,1,1,40,4649.6581,2310,1,1,1,0,still teacher
001120495395073,1,2024,14,2,17011,42,53,6,2,44,1,1,2,1,1,55,3356.6986,2310,1,1,2025,14,6,42,54,6,2,44,1,2,1,1,50,3784.5366,2310,1,1,1,0,still teacher
074096057712152,1,2024,16,2,17011,42,46,1,2,44,1,2,2,1,1,40,3906.2349,2310,1,1,2025,16,6,42,47,1,2,44,1,2,1,1,40,4443.1464,2310,1,1,1,0,still teacher
120202051405681,1,2024,14,2,17011,42,63,1,2,43,1,1,2,1,1,40,4204.2573,2310,1,1,2025,13,6,42,64,1,2,43,1,2,1,5,-1,3857.5255,-1,0,0,0,1,out of labor force
090324925031440,1,2024,12,2,17011,44,63,1,2,43,1,2,2,1,1,35,1117.2597,2310,1,1,2025,11,6,44,64,1,2,43,1,2,1,1,-4,857.1938,5400,1,0,0,1,other occupation
449201114560660,1,2024,16,2,17011,44,43,4,2,44,1,3,2,1,1,-4,1007.7078,2310,1,1,2025,15,6,44,44,4,2,44,1,2,1,1,45,1205.2698,2310,1,1,1,0,still teacher
443509013924200,1,2024,15,2,17011,44,41,6,2,43,1,1,2,1,1,40,1033.0084,2310,1,1,2025,15,6,44,42,6,2,43,1,2,1,1,40,1109.0755,2310,1,1,1,0,still teacher
243040102395490,1,2024,14,2,17011,44,55,6,2,43,1,1,2,3,1,40,1014.3583,2320,1,1,2025,14,6,44,56,6,2,43,1,2,3,1,40,966.3647,2310,1,1,1,0,still teacher
120464600440484,1,2024,16,2,17111,44,44,1,2,43,1,1,2,1,1,40,1007.7078,2310,1,1,2025,16,6,44,45,1,2,43,1,2,1,1,40,1072.9612,2310,1,1,1,0,still teacher
041503750941154,1,2024,14,2,17011,44,44,1,2,43,2,1,2,4,1,18,1488.5585,2310,1,1,2025,14,6,44,45,1,2,43,2,2,4,1,35,1400.9037,2320,1,1,1,0,still teacher
130428300434154,1,2024,16,2,17011,44,60,1,2,43,1,1,2,1,1,35,929.2334,2310,1,1,2025,16,6,44,61,1,2,43,1,2,1,1,40,928.187,2310,1,1,1,0,still teacher
180035400521524,1,2024,11,2,17111,45,26,6,2,43,2,1,2,1,1,20,4608.5617,2310,1,1,2025,11,6,45,27,6,2,43,2,2,1,1,30,4996.2823,2310,1,1,1,0,still teacher
140254612001850,1,2024,15,2,17111,45,47,1,1,46,1,1,2,1,1,40,4565.074,2310,1,1,2025,15,6,45,47,1,1,45,1,2,1,1,40,3172.2581,2310,1,1,1,0,still teacher
140254612001850,1,2024,15,2,17111,45,43,1,2,44,1,2,2,1,1,40,2831.9905,2310,1,1,2025,15,6,45,44,1,2,44,1,2,1,1,40,2770.7192,2310,1,1,1,0,still teacher
022075310440145,1,2024,11,2,17011,45,70,1,2,39,1,1,2,1,1,20,3042.114,2300,1,1,2025,10,6,45,71,1,2,39,1,2,1,1,20,3057.9811,2300,1,1,1,0,still teacher
863060103742454,1,2024,15,2,17011,46,42,1,1,44,1,1,2,1,1,50,629.5434,2310,1,1,2025,15,6,46,43,1,1,42,1,2,1,1,40,822.5687,2310,1,1,1,0,still teacher
863060103742454,1,2024,15,2,17011,46,37,1,2,43,1,2,2,1,1,50,642.7711,2310,1,1,2025,15,6,46,38,1,2,41,1,2,1,1,40,771.4418,2310,1,1,1,0,still teacher
022878530440106,1,2024,15,2,17111,46,35,1,2,44,1,2,2,1,1,40,697.2731,2310,1,1,2025,15,6,46,36,1,2,44,1,2,1,1,40,914.5392,2310,1,1,1,0,still teacher
064040103632425,1,2024,7,2,17011,46,59,1,2,39,3,1,2,1,1,40,629.32,2330,1,1,2025,16,6,46,60,1,2,39,3,2,1,1,40,1057.4175,2330,1,1,1,0,still teacher
091000306145645,1,2024,14,2,17011,46,34,1,1,43,1,1,2,1,1,40,705.8264,2320,1,1,2025,14,6,46,35,1,1,43,1,2,1,1,40,906.0668,2320,1,1,1,0,still teacher
000170408220840,1,2024,15,2,17111,47,48,1,2,44,1,2,2,1,1,50,3763.8613,2310,1,1,2025,15,6,47,49,1,2,45,1,2,1,1,40,3279.0942,2310,1,1,1,0,still teacher
391700707457742,1,2024,15,2,17011,47,54,1,1,44,1,2,2,1,1,40,3703.884,2320,1,1,2025,15,6,47,55,1,1,44,1,2,1,1,40,4341.4306,2310,1,1,1,0,still teacher
747000014815150,1,2024,12,2,17011,47,43,4,1,43,1,1,2,1,1,40,2880.4655,2320,1,1,2025,13,6,47,44,4,1,43,1,2,1,1,40,3215.888,2320,1,1,1,0,still teacher
084096069117726,1,2024,15,2,17011,47,54,1,2,43,2,1,2,1,1,40,4591.0442,2310,1,1,2025,15,6,47,55,1,2,43,2,2,1,7,-1,3327.7672,-1,0,0,0,1,out of labor force
010728001400575,1,2024,14,2,17011,48,48,1,2,41,1,2,2,1,1,40,5284.233,2310,1,1,2025,14,6,48,50,1,2,41,1,2,1,1,40,4136.1423,2310,1,1,1,0,still teacher
401900007526842,1,2024,12,2,17011,48,70,1,1,43,1,1,1,1,1,40,4548.1676,2310,1,1,2025,11,6,48,71,1,1,43,1,1,1,1,10,3431.2343,9122,1,0,0,1,other occupation
190084500802924,1,2024,13,2,17011,48,23,6,2,40,1,2,1,1,1,40,6814.8677,2310,1,1,2025,13,6,48,24,6,2,40,1,1,1,1,-4,5916.3488,2310,1,1,1,0,still teacher
074167074218406,1,2024,13,2,17011,48,70,3,2,43,1,1,2,1,1,40,4682.8585,2330,1,1,2025,14,6,48,71,3,2,43,1,2,1,1,40,3947.0215,2545,1,0,0,1,other occupation
983057109701497,1,2024,12,2,17011,48,28,1,2,43,1,1,1,1,1,50,5087.8469,2310,1,1,2025,12,6,48,29,1,2,43,1,1,1,1,55,5480.1808,2310,1,1,1,0,still teacher
843200619848560,1,2024,15,2,17011,48,54,1,1,44,1,1,2,1,2,40,5176.4838,2310,1,1,2025,14,6,48,55,3,1,44,1,2,1,1,40,4579.6027,2310,1,1,1,0,still teacher
290318031409814,1,2024,1,2,17011,48,52,4,2,43,1,1,2,1,1,24,5126.2171,2310,1,1,2025,14,6,48,53,4,2,44,1,2,1,5,-1,4101.1907,-1,0,0,0,1,out of labor force
080092420540128,1,2024,15,2,17011,48,41,1,2,44,2,2,2,1,1,40,5546.7874,2310,1,1,2025,15,6,48,42,1,2,44,2,2,1,1,40,5687.0908,2310,1,1,1,0,still teacher
981057109781497,1,2024,15,2,17011,48,57,1,2,43,4,2,2,4,1,15,5535.6346,2310,1,1,2025,15,6,48,58,1,2,44,4,2,4,5,-1,5268.9254,-1,0,0,0,1,out of labor force
231700900775942,1,2024,15,2,17011,49,28,1,2,43,1,2,2,1,1,40,1855.1191,2310,1,1,2025,15,6,49,29,1,2,43,1,2,1,1,40,1332.6178,2310,1,1,1,0,still teacher
094011052619057,1,2024,16,2,17011,49,55,1,1,44,1,1,2,1,1,-4,1770.0936,2310,1,1,2025,15,6,49,57,1,1,44,1,2,1,1,40,1845.293,2320,1,1,1,0,still teacher
741800907231942,1,2024,14,2,17011,49,57,1,2,43,1,1,2,1,1,40,1804.3342,2310,1,1,2025,14,6,49,58,1,2,43,1,2,1,2,40,1926.6392,2310,1,1,1,0,still teacher
741800907231942,1,2024,14,2,17011,49,58,1,1,43,1,2,2,1,1,40,1770.0936,2320,1,1,2025,14,6,49,59,1,1,43,1,2,1,1,40,1845.293,2310,1,1,1,0,still teacher
180412200926744,1,2024,16,2,17011,49,36,1,2,43,1,2,2,1,1,32,1670.8164,2320,1,1,2025,16,6,49,37,1,2,43,1,2,1,1,30,1436.3741,2360,1,0,0,1,other occupation
309124844050019,1,2024,15,2,17011,49,53,1,1,44,1,1,2,1,1,40,1831.2329,2310,1,1,2025,15,6,49,54,1,1,44,1,2,1,1,40,1887.7826,2320,1,1,1,0,still teacher
400071102200517,1,2024,16,2,17011,50,60,1,2,43,1,1,2,1,1,40,352.8636,2320,1,1,2025,16,6,50,61,1,2,43,1,2,1,1,40,392.9032,2320,1,1,1,0,still teacher
360307415070118,1,2024,15,2,17011,50,57,1,2,44,1,2,2,1,1,40,375.7545,2310,1,1,2025,14,6,50,58,1,2,44,1,2,1,1,40,444.5436,2310,1,1,1,0,still teacher
190950800084675,1,2024,12,2,17011,50,42,4,2,44,1,2,2,1,1,40,481.8325,2310,1,1,2025,13,6,50,43,4,2,44,1,2,1,1,40,448.3711,2310,1,1,1,0,still teacher
450065281051510,1,2024,12,2,17011,51,49,5,2,44,1,1,2,1,1,40,4698.5653,2310,1,1,2025,12,6,51,50,5,2,44,1,2,1,1,38,4429.8164,2310,1,1,1,0,still teacher
541800105605152,1,2024,14,2,17011,51,49,4,2,44,1,1,2,1,1,45,4698.5653,2310,1,1,2025,14,6,51,50,4,2,44,1,2,1,1,45,4429.8164,2310,1,1,1,0,still teacher
841508755040010,1,2024,16,2,17011,51,49,1,2,44,1,1,2,1,1,40,4285.3405,2330,1,1,2025,16,6,51,51,1,2,44,1,2,1,1,35,3832.732,2310,1,1,1,0,still teacher
371014815030015,1,2024,14,2,17011,51,39,1,2,43,1,2,2,1,1,40,4522.6546,2320,1,1,2025,14,6,51,40,1,2,43,1,2,1,1,40,5144.9631,2310,1,1,1,0,still teacher
140737600146075,1,2024,16,2,17011,51,53,1,2,44,1,2,1,4,1,40,4974.9055,2310,1,1,2025,16,6,51,54,1,2,44,1,1,4,1,40,3967.0054,2310,1,1,1,0,still teacher
410090100037524,1,2024,16,2,17011,51,59,1,1,43,1,2,1,1,1,40,5221.1465,2320,1,1,2025,16,6,51,60,1,1,43,1,1,1,1,50,5587.1186,2310,1,1,1,0,still teacher
085094044013573,1,2024,16,2,17011,53,23,6,2,42,6,3,2,1,1,40,7474.2749,2310,1,1,2025,14,6,53,24,6,2,43,6,2,1,1,40,7660.0823,2300,1,1,1,0,still teacher
990275539001830,1,2024,16,2,17011,53,60,1,1,44,1,1,2,1,1,40,3776.9469,2320,1,1,2025,16,6,53,62,1,1,44,1,2,1,5,-1,3391.9509,-1,0,0,0,1,out of labor force
003140592956311,1,2024,13,2,17111,54,61,1,2,44,1,2,2,1,1,40,693.7529,2330,1,1,2025,13,6,54,62,1,2,43,1,2,1,1,40,713.3962,2330,1,1,1,0,still teacher
455708014634490,1,2024,13,2,17111,54,40,4,2,43,1,1,2,1,1,40,1052.6812,2310,1,1,2025,11,6,54,41,4,2,43,1,2,1,1,40,904.3469,2310,1,1,1,0,still teacher
459102012424440,1,2024,15,2,17111,54,56,1,2,43,1,1,2,1,1,40,739.1812,2300,1,1,2025,15,6,54,57,1,2,43,1,2,1,1,40,792.6736,2300,1,1,1,0,still teacher
005061090915110,1,2024,15,2,17011,55,55,1,2,44,1,2,2,1,1,40,3658.9912,2310,1,1,2025,15,6,55,56,1,2,44,1,2,1,1,45,4209.0032,2320,1,1,1,0,still teacher
786646765010018,1,2024,14,2,17011,56,63,1,1,42,1,1,2,1,1,50,365.7209,2320,1,1,2025,14,6,56,64,1,1,42,1,2,1,1,50,443.8089,2320,1,1,1,0,still teacher
441300207236650,1,2024,13,2,17111,56,27,1,2,43,1,2,2,1,1,40,347.615,2310,1,1,2025,14,6,56,27,1,2,43,1,2,1,1,40,443.9388,410,1,0,0,1,other occupation
551177620070017,1,2024,14,3,16011,1,45,1,2,46,1,2,2,1,1,40,1736.3317,2310,1,1,2025,16,7,1,46,1,2,46,1,2,1,1,40,1884.9738,2310,1,1,1,0,still teacher
881400103345104,1,2024,16,3,16111,1,26,6,1,44,2,1,1,1,1,40,6245.8478,2310,1,1,2025,14,7,1,28,6,1,44,2,1,1,7,-1,4429.5191,-1,0,0,0,1,out of labor force
140171031006985,1,2024,15,3,16111,1,49,1,2,43,1,2,2,1,1,40,1807.4682,2310,1,1,2025,15,7,1,49,1,2,43,1,2,1,1,40,1989.884,2310,1,1,1,0,still teacher
518070104021079,1,2024,13,3,16111,1,47,6,2,44,1,1,2,1,1,40,1853.8557,2320,1,1,2025,14,7,1,48,6,2,44,1,2,1,1,50,2098.3149,350,1,0,0,1,other occupation
451000914588200,1,2024,9,3,16011,2,48,1,2,43,1,2,2,1,1,40,580.3501,2310,1,1,2025,16,7,2,49,1,2,43,1,2,1,1,40,446.7087,2310,1,1,1,0,still teacher
130441701238910,1,2024,13,3,16011,2,47,4,1,43,1,1,2,1,1,40,634.0244,2320,1,1,2025,13,7,2,48,4,1,43,1,2,1,1,40,439.2609,2310,1,1,1,0,still teacher
528041100849005,1,2024,16,3,16011,2,54,1,1,43,1,1,2,1,1,40,590.7398,2310,1,1,2025,16,7,2,55,1,1,43,1,2,1,1,50,483.5458,2310,1,1,1,0,still teacher
528041100849005,1,2024,16,3,16011,2,51,1,2,43,1,2,2,1,1,40,577.2733,2310,1,1,2025,16,7,2,52,1,2,43,1,2,1,1,50,479.7354,2310,1,1,1,0,still teacher
204903211988110,1,2024,16,3,16011,2,45,1,2,44,1,1,2,1,1,40,610.2949,2310,1,1,2025,16,7,2,46,1,2,44,1,2,1,1,40,386.0285,2310,1,1,1,0,still teacher
925060109030092,1,2024,14,3,16111,2,21,1,2,40,1,4,2,1,1,6,549.7457,2310,1,1,2025,13,7,2,22,1,2,40,1,2,1,7,-1,644.8426,-1,0,0,0,1,out of labor force
161900654121403,1,2024,15,3,16011,4,50,4,2,44,1,1,2,1,2,40,4905.0028,2310,1,1,2025,15,7,4,51,4,2,44,1,2,1,1,40,4795.3967,2310,1,1,1,0,still teacher
184477040050011,1,2024,16,3,16111,4,49,1,2,44,1,2,2,1,1,40,4931.1466,2310,1,1,2025,16,7,4,50,1,2,44,1,2,1,1,40,4795.3967,2310,1,1,1,0,still teacher
270294011009711,1,2024,15,3,16111,4,70,1,1,44,1,1,2,1,1,0,3755.6871,2310,1,1,2025,15,7,4,71,1,1,44,1,2,1,1,12,3810.5731,2310,1,1,1,0,still teacher
022378990800105,1,2024,15,3,16111,5,38,1,2,44,2,1,2,1,1,40,2042.5311,2310,1,1,2025,16,7,5,39,1,2,44,2,2,1,1,40,1972.9251,2330,1,1,1,0,still teacher
051800608253507,1,2024,12,3,16011,5,54,1,2,43,1,2,2,1,1,40,1126.6202,2310,1,1,2025,13,7,5,55,1,2,39,1,2,1,1,40,1758.5794,5710,1,0,0,1,other occupation
500635021005548,1,2024,14,3,16111,5,45,6,2,44,1,1,2,1,1,40,1264.5316,2310,1,1,2025,15,7,5,46,6,2,44,1,2,1,1,55,1619.0937,230,1,0,0,1,other occupation
602900019722140,1,2024,15,3,16011,6,23,6,2,43,1,2,2,1,1,40,5225.533,2310,1,1,2025,16,7,6,24,6,2,43,1,2,1,1,40,4780.1762,2310,1,1,1,0,still teacher
760071107656052,1,2024,13,3,16011,6,53,1,2,43,1,1,1,1,1,40,3680.5251,2320,1,1,2025,13,7,6,54,1,2,43,1,1,1,1,40,3916.9115,2330,1,1,1,0,still teacher
073250370601156,1,2024,10,3,16011,6,48,1,2,40,1,1,1,1,1,30,5090.2878,2310,1,1,2025,15,7,6,49,1,2,41,1,1,1,1,30,4968.078,2310,1,1,1,0,still teacher
020990125716463,1,2024,16,3,16011,6,36,1,2,43,1,1,1,1,1,35,3402.0395,2320,1,1,2025,16,7,6,37,1,2,43,1,1,1,1,35,3381.1687,2320,1,1,1,0,still teacher
200160047163407,1,2024,16,3,16011,6,53,1,2,44,1,1,2,4,1,-4,4082.4488,2310,1,1,2025,16,7,6,54,1,2,44,1,2,4,1,40,4309.5556,2310,1,1,1,0,still teacher
199795101675480,1,2024,15,3,16011,6,46,1,2,44,1,2,1,1,1,35,4131.1547,2300,1,1,2025,15,7,6,47,1,2,44,1,1,1,1,40,4480.2559,2310,1,1,1,0,still teacher
208160074136034,1,2024,15,3,16011,6,54,1,2,44,1,1,2,1,1,40,4082.4488,2310,1,1,2025,15,7,6,55,1,2,44,1,2,1,1,40,4216.0699,2310,1,1,1,0,still teacher
600009215801910,1,2024,16,3,16011,6,61,1,2,44,1,2,2,1,1,40,4259.4011,2310,1,1,2025,16,7,6,62,1,2,44,1,2,1,1,40,3506.5773,2310,1,1,1,0,still teacher
256864990070011,1,2024,16,3,16011,6,44,1,1,40,1,1,2,1,1,40,4003.5557,2310,1,1,2025,16,7,6,46,1,1,40,1,2,1,1,40,4069.2799,2330,1,1,1,0,still teacher
000167079716520,1,2024,15,3,16011,6,45,1,2,43,1,1,2,1,1,45,4219.4012,2310,1,1,2025,16,7,6,46,1,2,43,1,2,1,1,45,3905.634,2320,1,1,1,0,still teacher
000167079716520,1,2024,15,3,16011,6,46,1,1,43,1,2,1,1,1,45,4544.6393,2310,1,1,2025,16,7,6,47,1,1,43,1,1,1,1,45,4494.0225,2310,1,1,1,0,still teacher
605801111904860,1,2024,16,3,16011,6,33,1,2,44,1,2,2,1,1,50,4422.1644,2310,1,1,2025,16,7,6,33,1,2,44,1,2,1,1,40,4393.2438,2310,1,1,1,0,still teacher
667001100423046,1,2024,14,3,16011,6,45,1,2,41,1,1,1,1,1,40,4831.1575,2310,1,1,2025,12,7,6,46,1,2,41,1,1,1,1,40,5020.5951,2310,1,1,1,0,still teacher
566206750060011,1,2024,14,3,16011,6,40,6,2,44,1,1,1,1,1,50,4545.8858,2320,1,1,2025,14,7,6,41,6,2,43,1,1,1,1,45,3786.067,2310,1,1,1,0,still teacher
820386051000465,1,2024,14,3,16011,6,48,6,1,43,1,1,1,1,2,-4,5064.9163,2310,1,1,2025,12,7,6,49,6,1,43,1,1,1,1,14,4540.7468,2310,1,1,1,0,still teacher
000162081318445,1,2024,16,3,16011,8,45,1,2,44,1,1,2,1,1,40,3375.5885,2310,1,1,2025,16,7,8,46,1,2,44,1,2,1,1,40,3312.3684,2310,1,1,1,0,still teacher
800306016547430,1,2024,15,3,16011,8,54,3,2,44,1,1,2,1,1,45,3559.526,2330,1,1,2025,14,7,8,55,3,2,44,1,2,1,1,40,3693.1317,2330,1,1,1,0,still teacher
030181092719085,1,2024,15,3,16011,9,41,1,1,44,1,1,2,1,1,40,3220.2052,2310,1,1,2025,15,7,9,41,1,1,44,1,2,1,1,40,3545.0121,2310,1,1,1,0,still teacher
108190083109257,1,2024,15,3,16011,9,54,6,2,44,1,1,2,1,1,55,3495.9858,2310,1,1,2025,14,7,9,55,6,2,44,1,2,1,1,40,3226.1925,2310,1,1,1,0,still teacher
094165030901149,1,2024,14,3,16011,9,31,1,2,44,1,1,2,1,1,55,2504.5302,2310,1,1,2025,15,7,9,32,1,2,44,1,2,1,1,45,3256.765,2310,1,1,1,0,still teacher
181580600923190,1,2024,16,3,16011,9,32,1,2,44,1,2,2,1,1,40,2504.5302,2310,1,1,2025,16,7,9,33,1,2,44,1,2,1,1,40,3256.765,2310,1,1,1,0,still teacher
692091107376062,1,2024,16,3,16011,9,39,1,2,44,1,2,2,1,1,45,2629.6627,2310,1,1,2025,16,7,9,40,1,2,44,1,2,1,1,40,3079.7866,2310,1,1,1,0,still teacher
177250700152441,1,2024,11,3,16011,11,49,4,2,42,2,1,2,1,1,30,899.0068,2300,1,1,2025,13,7,11,50,4,2,42,2,2,1,2,45,491.115,230,1,0,0,1,other occupation
212306015591220,1,2024,11,3,16011,12,44,6,2,44,2,1,2,1,1,40,5170.201,2310,1,1,2025,11,7,12,45,6,2,44,2,2,1,1,40,5042.5769,2310,1,1,1,0,still teacher
051037077013687,1,2024,15,3,16011,13,39,1,2,44,2,1,2,1,1,40,5224.4081,2330,1,1,2025,15,7,13,40,1,2,44,2,2,1,1,40,5516.3096,2330,1,1,1,0,still teacher
032481240812103,1,2024,14,3,16011,13,64,4,2,44,1,1,2,1,1,16,5507.1914,2310,1,1,2025,12,7,13,65,4,2,44,1,2,1,1,16,4242.8424,2310,1,1,1,0,still teacher
086657350210123,1,2024,14,3,16011,13,68,3,2,43,1,1,2,1,1,37,5209.6927,2310,1,1,2025,14,7,13,69,3,2,43,1,2,1,5,-1,4242.8424,-1,0,0,0,1,out of labor force
433111801010011,1,2024,14,3,16011,13,31,1,2,43,1,1,2,1,1,40,3821.2023,2310,1,1,2025,14,7,13,32,1,2,43,1,2,1,1,40,3222.7789,2310,1,1,1,0,still teacher
052044109176193,1,2024,15,3,16011,15,61,6,1,44,1,1,2,1,1,60,660.5217,2320,1,1,2025,15,7,15,62,6,1,44,1,2,1,1,60,609.0812,2320,1,1,1,0,still teacher
519006313965760,1,2024,16,3,16011,15,38,1,2,44,1,1,2,1,1,40,958.588,2310,1,1,2025,16,7,15,39,1,2,44,1,2,1,1,45,860.3446,2310,1,1,1,0,still teacher
370056041100317,1,2024,13,3,16011,16,32,1,1,43,1,1,2,1,1,40,1050.3363,2310,1,1,2025,14,7,16,33,1,1,44,1,2,1,1,40,955.9411,2320,1,1,1,0,still teacher
105160187106488,1,2024,14,3,16011,16,46,3,1,43,1,1,2,1,1,40,1245.9385,2320,1,1,2025,14,7,16,47,3,1,43,1,2,1,4,-1,1072.5245,2360,0,0,0,1,unemployed
067440440610146,1,2024,15,3,16011,16,33,1,2,43,1,1,2,1,1,45,1045.4446,2320,1,1,2025,15,7,16,34,1,2,43,1,2,1,1,45,1097.1947,2310,1,1,1,0,still teacher
100391100722121,1,2024,15,3,16011,17,39,1,2,43,1,2,2,1,1,40,3522.8858,2310,1,1,2025,13,7,17,40,1,2,43,1,2,1,1,45,3311.8667,2310,1,1,1,0,still teacher
674036100170199,1,2024,16,3,16011,17,45,1,2,44,1,1,2,1,1,40,4699.9103,2320,1,1,2025,16,7,17,47,1,2,44,1,2,1,1,40,3770.1224,2310,1,1,1,0,still teacher
771056101558139,1,2024,16,3,16011,17,67,1,1,46,1,2,2,1,1,40,4131.3021,2310,1,1,2025,16,7,17,68,1,1,46,1,2,1,1,45,3797.7704,2310,1,1,1,0,still teacher
000047061177838,1,2024,11,3,16011,17,76,6,2,43,1,1,2,1,1,30,3823.3854,2310,1,1,2025,12,7,17,76,6,2,43,1,2,1,1,30,3437.0642,230,1,0,0,1,other occupation
038092790510128,1,2024,16,3,16011,18,39,1,2,44,1,2,2,3,1,40,4439.3066,2310,1,1,2025,16,7,18,40,1,2,44,1,2,3,1,40,4140.9233,2310,1,1,1,0,still teacher
182050104293103,1,2024,16,3,16011,18,47,1,2,44,1,1,2,1,1,40,4106.6775,2310,1,1,2025,16,7,18,48,1,2,44,1,2,1,1,40,3386.5285,2310,1,1,1,0,still teacher
055977530610128,1,2024,15,3,16011,18,36,1,2,43,1,1,2,1,1,40,3731.026,2310,1,1,2025,15,7,18,37,1,2,43,1,2,1,1,40,4436.8337,1970,1,0,0,1,other occupation
031002051418959,1,2024,15,3,16011,18,43,1,1,44,1,2,2,1,1,40,4582.4677,2310,1,1,2025,15,7,18,44,1,1,44,1,2,1,1,50,3524.4595,2310,1,1,1,0,still teacher
220331789091390,1,2024,16,3,16011,19,55,1,1,45,1,1,2,1,1,40,2896.992,2310,1,1,2025,16,7,19,56,1,1,46,1,2,1,1,40,2875.1017,2320,1,1,1,0,still teacher
150307200992831,1,2024,12,3,16011,19,58,1,2,44,1,1,2,1,1,50,2452.5788,2310,1,1,2025,15,7,19,59,1,2,44,1,2,1,1,10,2624.8229,5000,1,0,0,1,other occupation
003190182138430,1,2024,15,3,16011,19,59,1,2,44,1,1,2,1,1,40,2566.0459,2310,1,1,2025,15,7,19,60,1,2,44,1,2,1,5,-1,2118.6389,-1,0,0,0,1,out of labor force
021031084019383,1,2024,15,3,16011,19,61,1,1,44,1,1,2,1,1,40,2537.0271,2310,1,1,2025,13,7,19,62,1,1,44,1,2,1,5,-1,2824.2837,-1,0,0,0,1,out of labor force
021031084019383,1,2024,15,3,16011,19,59,1,2,44,1,2,2,1,1,40,2566.0459,2310,1,1,2025,13,7,19,60,1,2,44,1,2,1,5,-1,2118.6389,-1,0,0,0,1,out of labor force
250479071105017,1,2024,14,3,16011,19,23,6,2,44,1,1,2,1,1,40,2626.2343,2330,1,1,2025,15,7,19,24,1,2,44,1,2,1,1,39,2906.4604,2310,1,1,1,0,still teacher
900337132090011,1,2024,15,3,16011,20,48,1,2,44,1,2,2,1,1,40,1728.2789,2310,1,1,2025,16,7,20,49,1,2,44,1,2,1,1,40,2275.7515,2310,1,1,1,0,still teacher
042090030110468,1,2024,16,3,16011,20,41,1,2,44,1,2,2,1,1,45,1851.3965,2310,1,1,2025,16,7,20,42,1,2,44,1,2,1,1,43,2126.641,2310,1,1,1,0,still teacher
340370031204217,1,2024,16,3,16111,20,57,1,2,44,1,1,2,1,1,40,1837.2023,2320,1,1,2025,13,7,20,58,1,2,44,1,2,1,1,40,2225.4336,2013,1,0,0,1,other occupation
821900508004021,1,2024,11,3,16011,20,31,6,1,43,1,1,2,1,1,40,2227.2306,2310,1,1,2025,14,7,20,32,6,1,43,1,2,1,1,40,2530.3637,230,1,0,0,1,other occupation
821900508004021,1,2024,11,3,16011,20,28,6,2,41,1,2,2,1,1,30,1996.8739,2310,1,1,2025,14,7,20,30,6,2,41,1,2,1,1,40,2248.8473,5110,1,0,0,1,other occupation
110038000038752,1,2024,15,3,16011,20,37,1,2,43,1,1,2,1,1,40,1996.3012,2310,1,1,2025,15,7,20,38,1,2,43,1,2,1,1,45,2231.9412,2320,1,1,1,0,still teacher
515080100737276,1,2024,16,3,16011,21,50,1,2,44,1,2,1,1,1,40,3075.7266,2320,1,1,2025,16,7,21,51,1,2,44,1,1,1,1,40,3255.6073,2320,1,1,1,0,still teacher
350271031202780,1,2024,12,3,16011,21,54,1,2,42,1,2,2,1,1,-4,3231.5684,2310,1,1,2025,12,7,21,55,1,2,42,1,2,1,1,-4,3518.9821,2310,1,1,1,0,still teacher
090070930320141,1,2024,8,3,16111,21,70,4,2,39,1,1,2,1,1,20,3675.3439,2300,1,1,2025,15,7,21,72,4,2,39,1,2,1,1,24,3040.2846,2300,1,1,1,0,still teacher
031900700940123,1,2024,16,3,16111,21,36,1,2,44,1,2,2,1,1,-4,4475.2784,2310,1,1,2025,15,7,21,37,1,2,44,1,2,1,1,40,3427.7632,2310,1,1,1,0,still teacher
702227632070017,1,2024,16,3,16011,22,47,3,2,43,2,1,2,1,1,40,3200.3783,2310,1,1,2025,16,7,22,48,3,2,43,2,2,1,2,40,1768.644,2310,1,1,1,0,still teacher
960672432071520,1,2024,15,3,16011,22,44,1,2,44,2,1,2,1,1,40,2543.2831,2310,1,1,2025,15,7,22,44,1,2,44,2,2,1,1,40,2420.5546,3322,1,0,0,1,other occupation
009120206006270,1,2024,12,3,16011,22,54,5,2,43,1,1,2,1,1,40,2157.824,2310,1,1,2025,12,7,22,55,5,2,43,1,2,1,1,40,1817.3002,2310,1,1,1,0,still teacher
000140212397179,1,2024,1,3,16011,24,50,6,2,39,1,1,2,1,1,40,4703.1329,2300,1,1,2025,8,7,24,51,6,2,39,1,2,1,1,40,4806.3868,2300,1,1,1,0,still teacher
001150285142691,1,2024,15,3,16011,25,43,6,1,44,1,1,2,1,1,40,2983.6554,2310,1,1,2025,16,7,25,44,6,1,44,1,2,1,1,37,2915.1329,2310,1,1,1,0,still teacher
951010108995208,1,2024,16,3,16111,25,43,1,2,44,1,2,2,1,1,35,2861.1874,2310,1,1,2025,16,7,25,44,1,2,44,1,2,1,1,35,3150.9457,2310,1,1,1,0,still teacher
080785041210648,1,2024,14,3,16011,25,44,1,2,44,1,2,2,1,1,32,3039.9743,2310,1,1,2025,15,7,25,45,1,2,44,1,2,1,1,40,3092.2651,2310,1,1,1,0,still teacher
080785041210648,1,2024,14,3,16011,25,22,6,2,43,1,3,1,1,1,32,3535.4995,2310,1,1,2025,15,7,25,23,6,2,43,1,1,1,1,21,4426.6916,2310,1,1,1,0,still teacher
032044037015164,1,2024,14,3,16011,25,36,1,2,43,1,2,2,1,1,35,3528.7228,2310,1,1,2025,14,7,25,37,1,2,43,1,2,1,1,35,3459.7084,2300,1,1,1,0,still teacher
100665500559552,1,2024,15,3,16011,25,36,1,1,44,1,1,2,1,1,35,3007.0393,2330,1,1,2025,15,7,25,37,1,1,44,1,2,1,1,45,3015.888,2330,1,1,1,0,still teacher
100665500559552,1,2024,15,3,16011,25,36,1,2,44,1,2,2,1,1,35,3528.7228,2310,1,1,2025,15,7,25,37,1,2,44,1,2,1,1,50,3459.7084,2320,1,1,1,0,still teacher
110757800626942,1,2024,15,3,16011,26,49,1,2,40,1,2,2,1,1,40,4005.952,2310,1,1,2025,16,7,26,50,1,2,40,1,2,1,1,40,4821.0228,2310,1,1,1,0,still teacher
881800106967725,1,2024,15,3,16011,27,38,6,2,44,1,2,2,1,1,40,4288.7983,2310,1,1,2025,15,7,27,39,6,2,44,1,2,1,1,40,4215.5275,2310,1,1,1,0,still teacher
022163071917917,1,2024,11,3,16011,27,23,1,2,43,1,1,2,1,1,40,4104.0891,2310,1,1,2025,15,7,27,24,1,2,43,1,2,1,7,-1,4181.3996,-1,0,0,0,1,out of labor force
047030430620148,1,2024,11,3,16011,28,36,1,1,43,2,1,2,1,1,40,3012.6022,2310,1,1,2025,11,7,28,37,1,1,44,2,2,1,1,40,2355.4133,2310,1,1,1,0,still teacher
828504015512730,1,2024,15,3,16111,28,49,1,2,44,1,2,2,1,1,40,1584.0359,2310,1,1,2025,15,7,28,50,1,2,44,1,2,1,1,40,1360.9041,2310,1,1,1,0,still teacher
150227300804972,1,2024,14,3,16111,28,25,1,2,43,1,2,2,1,1,40,1750.8536,2310,1,1,2025,15,7,28,26,1,2,43,1,2,1,1,40,2087.1104,2310,1,1,1,0,still teacher
231500804810820,1,2024,16,3,16111,28,33,4,2,44,1,3,2,1,1,40,1667.0609,2310,1,1,2025,16,7,28,34,4,2,44,1,2,1,1,40,1980.2065,2310,1,1,1,0,still teacher
511500313647922,1,2024,16,3,16011,29,44,1,2,45,1,1,2,1,1,40,4660.3246,2320,1,1,2025,16,7,29,45,1,2,44,1,2,1,1,40,4131.7549,2310,1,1,1,0,still teacher
210840051315932,1,2024,11,3,16111,30,56,4,2,44,1,1,2,1,1,60,654.2667,2310,1,1,2025,11,7,30,57,4,2,41,1,2,1,1,45,585.1782,2310,1,1,1,0,still teacher
005242840131131,1,2024,15,3,16011,31,48,1,2,44,1,1,2,1,1,50,1718.755,2320,1,1,2025,15,7,31,49,1,2,44,1,2,1,1,50,1473.6278,2320,1,1,1,0,still teacher
005242840131131,1,2024,15,3,16011,31,49,1,1,43,1,2,2,1,1,80,1857.5481,2320,1,1,2025,15,7,31,50,1,1,43,1,2,1,1,40,1578.7246,2320,1,1,1,0,still teacher
461574583050017,1,2024,16,3,16011,31,54,1,2,44,1,2,2,1,1,40,1639.5457,2330,1,1,2025,16,7,31,55,1,2,44,1,2,1,5,-1,1409.8644,-1,0,0,0,1,out of labor force
600120342509352,1,2024,13,3,16011,32,60,1,2,43,1,2,2,1,1,50,2614.3759,2310,1,1,2025,14,7,32,61,1,2,43,1,2,1,1,40,1872.3412,2310,1,1,1,0,still teacher
890662071369022,1,2024,16,3,16011,32,45,1,2,43,1,1,2,1,1,40,2519.1203,2310,1,1,2025,15,7,32,47,1,2,43,1,2,1,1,40,2142.6773,2310,1,1,1,0,still teacher
631900664021239,1,2024,10,3,16011,32,37,1,1,40,1,1,2,1,1,40,2138.0691,2310,1,1,2025,14,7,32,38,1,1,43,1,2,1,1,40,1922.4654,2320,1,1,1,0,still teacher
007130315424688,1,2024,12,3,16011,33,45,6,2,44,1,1,2,1,1,40,908.8389,2310,1,1,2025,12,7,33,46,6,2,44,1,2,1,1,50,994.9249,2310,1,1,1,0,still teacher
180181600471663,1,2024,15,3,16111,34,65,1,2,43,1,1,2,1,1,35,4256.2056,2330,1,1,2025,15,7,34,66,1,2,43,1,2,1,1,35,4218.9302,2360,1,0,0,1,other occupation
150289900454663,1,2024,15,3,16011,34,41,1,2,44,4,2,2,5,1,10,5873.0134,2320,1,1,2025,14,7,34,42,1,2,44,4,2,5,1,15,6348.6768,2360,1,0,0,1,other occupation
110519300443463,1,2024,15,3,16012,34,61,1,2,43,1,1,2,1,1,40,5001.5644,2310,1,1,2025,15,7,34,62,1,2,43,1,2,1,5,-1,4007.6516,-1,0,0,0,1,out of labor force
431900015062250,1,2024,12,3,16011,34,44,4,2,43,1,1,2,1,1,40,5089.9394,2300,1,1,2025,12,7,34,45,4,2,43,1,2,1,1,40,4586.2924,2300,1,1,1,0,still teacher
540113469051651,1,2024,14,3,16111,35,53,4,2,43,1,1,2,1,1,52,1220.3856,2310,1,1,2025,14,7,35,54,4,2,43,1,2,1,1,38,1055.6924,2310,1,1,1,0,still teacher
632406016884460,1,2024,16,3,16011,36,24,6,1,43,1,3,2,1,1,40,6020.6447,2320,1,1,2025,16,7,36,25,6,1,43,1,2,1,1,45,5795.2996,2320,1,1,1,0,still teacher
205160302343708,1,2024,15,3,16011,36,53,6,2,44,1,1,2,1,1,40,4824.5041,2310,1,1,2025,14,7,36,54,6,2,44,1,2,1,1,40,4375.1149,2310,1,1,1,0,still teacher
013183003116700,1,2024,13,3,16011,36,59,1,2,44,2,2,1,4,1,40,6283.7334,2310,1,1,2025,15,7,36,60,1,2,44,2,1,4,1,40,6928.3785,2310,1,1,1,0,still teacher
061482490031126,1,2024,16,3,16011,36,61,1,2,43,1,2,2,1,1,35,5033.6205,2320,1,1,2025,8,7,36,62,1,2,43,1,2,1,5,-1,3559.9212,-1,0,0,0,1,out of labor force
023102037817400,1,2024,13,3,16011,37,30,6,1,43,1,2,2,1,1,40,3966.3991,2320,1,1,2025,13,7,37,31,6,1,43,1,2,1,1,40,4328.758,2320,1,1,1,0,still teacher
030543253081670,1,2024,15,3,16011,37,26,6,2,43,1,2,2,1,1,40,4396.4294,2310,1,1,2025,14,7,37,27,1,2,43,1,2,1,1,40,4364.1043,2310,1,1,1,0,still teacher
007180351450701,1,2024,14,3,16011,38,31,1,2,43,1,2,2,1,1,40,484.781,2310,1,1,2025,15,7,38,32,1,2,43,1,2,1,1,40,468.8426,2310,1,1,1,0,still teacher
830205112715230,1,2024,13,3,16011,38,40,1,2,44,1,1,2,1,1,40,472.0552,2310,1,1,2025,15,7,38,41,1,2,44,1,2,1,1,40,443.3648,2310,1,1,1,0,still teacher
920293759051991,1,2024,13,3,16011,39,38,6,2,40,2,1,2,1,1,40,9132.7598,2320,1,1,2025,12,7,39,39,6,2,40,2,2,1,1,40,6587.0971,2320,1,1,1,0,still teacher
010302170040170,1,2024,14,3,16011,40,23,1,2,41,7,2,2,1,1,40,5696.3335,2300,1,1,2025,15,7,40,24,1,2,43,7,2,1,1,40,4919.0941,2310,1,1,1,0,still teacher
009110404425098,1,2024,15,3,16011,41,45,1,2,43,1,1,2,1,1,30,2525.5817,2310,1,1,2025,15,7,41,46,1,2,43,1,2,1,1,35,2296.3244,2545,1,0,0,1,other occupation
301688834060010,1,2024,14,3,16011,41,55,1,2,44,1,2,1,4,1,50,2251.6368,2320,1,1,2025,15,7,41,56,1,2,44,1,1,4,1,50,2443.7803,2310,1,1,1,0,still teacher
010441001419544,1,2024,11,3,16011,41,55,4,2,42,1,1,2,1,1,45,2418.1663,2300,1,1,2025,12,7,41,56,4,2,42,1,2,1,1,40,2378.5869,2310,1,1,1,0,still teacher
512821614070014,1,2024,10,3,16011,42,36,1,2,43,1,2,2,1,1,40,3782.0107,2300,1,1,2025,12,7,42,36,1,2,43,1,2,1,1,40,3866.0982,2300,1,1,1,0,still teacher
108120498126245,1,2024,15,3,16011,42,49,1,2,43,1,1,2,1,1,40,3937.8718,2310,1,1,2025,10,7,42,50,1,2,43,1,2,1,1,50,3944.982,2320,1,1,1,0,still teacher
624020101517481,1,2024,14,3,16011,42,41,6,1,46,1,3,2,1,2,50,5295.6364,2320,1,1,2025,15,7,42,42,6,1,46,1,2,1,1,50,4162.5227,2310,1,1,1,0,still teacher
923091105827490,1,2024,16,3,16011,42,37,1,2,44,1,1,2,1,1,40,5234.2413,2320,1,1,2025,16,7,42,37,1,2,44,1,2,1,1,40,4010.1866,2310,1,1,1,0,still teacher
361700015669246,1,2024,15,3,16011,42,38,1,1,43,2,2,2,1,1,40,6671.1045,2310,1,1,2025,15,7,42,39,1,1,43,2,2,1,1,40,10495.551,2320,1,1,1,0,still teacher
242507013967290,1,2024,16,3,16011,42,38,1,2,44,1,1,1,1,1,40,3856.2398,2310,1,1,2025,16,7,42,39,1,2,44,1,1,1,1,40,3630.6024,2310,1,1,1,0,still teacher
084011049912499,1,2024,15,3,16011,42,45,1,2,44,1,1,2,1,1,40,4390.6295,2310,1,1,2025,15,7,42,46,1,2,44,1,2,1,1,40,3834.5418,2310,1,1,1,0,still teacher
084011049912499,1,2024,15,3,16011,42,49,1,1,44,1,2,2,1,1,40,4863.5857,2320,1,1,2025,15,7,42,49,1,1,44,1,2,1,1,40,4323.0388,2310,1,1,1,0,still teacher
069269990140132,1,2024,16,3,16011,42,56,1,1,44,1,1,2,1,1,40,5357.2856,2320,1,1,2025,16,7,42,57,1,1,44,1,2,1,1,40,4380.3553,2320,1,1,1,0,still teacher
006120484195852,1,2024,14,3,16011,42,40,1,2,43,1,1,2,1,1,12,3478.646,2310,1,1,2025,16,7,42,41,1,2,43,1,2,1,1,15,3624.6477,2320,1,1,1,0,still teacher
192349714030014,1,2024,15,3,16011,42,28,6,2,39,1,3,2,1,1,40,3365.0865,2300,1,1,2025,14,7,42,28,6,2,40,1,2,1,1,40,3870.0876,4600,1,0,0,1,other occupation
846072103413489,1,2024,14,3,16011,44,43,4,2,43,1,1,2,1,1,40,1184.7671,2330,1,1,2025,14,7,44,44,4,2,43,1,2,1,1,40,1173.4215,2330,1,1,1,0,still teacher
231400100494446,1,2024,16,3,16011,44,43,4,1,44,1,2,2,1,1,40,1025.4033,2320,1,1,2025,16,7,44,44,4,1,44,1,2,1,1,35,958.3415,2320,1,1,1,0,still teacher
543707012748060,1,2024,15,3,16011,45,32,1,1,44,1,1,2,1,1,40,2835.5387,2320,1,1,2025,14,7,45,33,1,1,44,1,2,1,1,40,3800.9389,230,1,0,0,1,other occupation
290294749001950,1,2024,14,3,16011,45,61,4,2,43,2,1,2,1,1,40,3282.5048,2310,1,1,2025,11,7,45,61,6,2,43,2,2,1,1,40,3894.0147,2310,1,1,1,0,still teacher
541401011964930,1,2024,15,3,16111,45,43,1,2,41,1,2,2,1,1,40,2264.5687,2310,1,1,2025,15,7,45,44,1,2,43,1,2,1,1,40,3116.3058,2435,1,0,0,1,other occupation
084076062416644,1,2024,12,3,16011,46,47,4,2,43,1,1,2,1,1,45,684.4872,2310,1,1,2025,13,7,46,49,4,2,43,1,2,1,1,40,749.4722,2310,1,1,1,0,still teacher
014067031916646,1,2024,16,3,16011,46,41,1,2,43,1,2,2,1,1,40,749.0915,2310,1,1,2025,16,7,46,42,1,2,43,1,2,1,1,40,831.5033,2310,1,1,1,0,still teacher
550376061403290,1,2024,15,3,16011,46,29,1,2,44,1,1,2,1,1,40,850.3574,2330,1,1,2025,15,7,46,30,1,2,44,1,2,1,1,40,789.4085,2330,1,1,1,0,still teacher
006160441763169,1,2024,16,3,16011,46,32,1,2,43,1,2,2,1,1,40,769.2858,2330,1,1,2025,16,7,46,33,1,2,43,1,2,1,1,40,879.2853,2310,1,1,1,0,still teacher
436671664090011,1,2024,15,3,16011,46,36,1,2,43,1,1,2,1,1,40,807.7212,2310,1,1,2025,15,7,46,37,1,2,43,1,2,1,1,40,872.6751,2310,1,1,1,0,still teacher
191300709540745,1,2024,15,3,16011,47,51,1,1,44,1,1,2,1,1,50,2766.0511,2310,1,1,2025,14,7,47,52,1,1,44,1,2,1,1,40,3453.9535,2722,1,0,0,1,other occupation
279000109993490,1,2024,13,3,16011,47,32,5,2,43,1,1,2,1,1,40,4150.8977,2310,1,1,2025,13,7,47,33,5,2,44,1,2,1,7,-1,3953.0774,-1,0,0,0,1,out of labor force
788089504020010,1,2024,15,3,16011,48,52,4,2,43,1,1,2,1,1,60,4904.7985,2310,1,1,2025,14,7,48,53,4,2,43,1,2,1,1,50,4654.0526,2330,1,1,1,0,still teacher
160074900841874,1,2024,15,3,16011,48,33,1,1,43,1,1,2,1,1,40,4687.4988,2320,1,1,2025,15,7,48,34,1,1,43,1,2,1,1,45,5624.6518,2310,1,1,1,0,still teacher
160074900841874,1,2024,15,3,16011,48,31,1,2,43,1,2,2,1,1,40,5417.717,2320,1,1,2025,15,7,48,32,1,2,43,1,2,1,1,40,5199.5071,2310,1,1,1,0,still teacher
840308011973000,1,2024,16,3,16011,48,27,6,1,43,1,1,2,1,1,40,5515.4677,2310,1,1,2025,14,7,48,28,6,1,43,1,2,1,1,40,5534.7914,2310,1,1,1,0,still teacher
090425970443108,1,2024,6,3,16011,48,58,4,2,43,1,1,2,1,1,25,4605.108,2300,1,1,2025,11,7,48,60,4,2,43,1,2,1,5,-1,3786.8858,-1,0,0,0,1,out of labor force
044294077618318,1,2024,14,3,16011,48,28,1,2,40,1,2,2,1,1,50,5485.6909,2310,1,1,2025,15,7,48,29,1,2,43,1,2,1,1,50,5196.7167,2310,1,1,1,0,still teacher
711601436708849,1,2024,16,3,16011,48,40,1,2,43,1,1,1,1,1,55,5311.528,2310,1,1,2025,16,7,48,41,1,2,43,1,1,1,1,60,4247.3922,2310,1,1,1,0,still teacher
600084206081781,1,2024,14,3,16011,48,52,5,2,44,1,1,2,1,1,50,4904.7985,2330,1,1,2025,14,7,48,54,4,2,44,1,2,1,1,40,4654.0526,2330,1,1,1,0,still teacher
920418071410718,1,2024,12,3,16011,48,28,1,1,43,1,1,1,1,1,40,4427.5036,2310,1,1,2025,13,7,48,29,1,1,43,1,1,1,1,40,4804.9623,2320,1,1,1,0,still teacher
098389884040119,1,2024,14,3,16011,48,44,1,2,44,1,2,1,4,1,40,4862.92,2310,1,1,2025,15,7,48,45,1,2,44,1,1,4,1,40,4962.2248,2310,1,1,1,0,still teacher
190358600892694,1,2024,13,3,16011,48,51,4,2,44,1,1,2,1,1,65,5252.7284,2310,1,1,2025,13,7,48,52,4,2,44,1,2,1,1,40,5026.7191,2310,1,1,1,0,still teacher
659234534080012,1,2024,15,3,16011,49,28,1,1,43,1,1,2,1,1,40,2475.9608,2310,1,1,2025,15,7,49,29,1,1,43,1,2,1,1,40,1680.3441,2310,1,1,1,0,still teacher
991093105549479,1,2024,14,3,16011,49,42,1,2,43,1,1,2,1,1,11,1565.8724,2310,1,1,2025,15,7,49,43,1,2,43,1,2,1,1,5,1687.17,2310,1,1,1,0,still teacher
991093105549479,1,2024,14,3,16011,49,40,1,1,43,1,2,2,1,1,40,2140.1733,2310,1,1,2025,15,7,49,41,1,1,43,1,2,1,1,60,1548.1324,2310,1,1,1,0,still teacher
799542294010216,1,2024,16,3,16011,49,58,1,2,42,1,1,2,1,1,8,1936.8253,2310,1,1,2025,12,7,49,59,1,2,41,1,2,1,1,24,1899.6341,2310,1,1,1,0,still teacher
065089062910757,1,2024,16,3,16011,50,56,1,2,44,1,1,2,1,1,40,429.3585,2310,1,1,2025,14,7,50,57,1,2,44,1,2,1,1,40,462.9176,2310,1,1,1,0,still teacher
730140021503085,1,2024,8,3,16111,50,55,1,2,39,1,1,2,1,1,60,429.3585,2300,1,1,2025,12,7,50,56,4,2,39,1,2,1,1,60,462.9176,2300,1,1,1,0,still teacher
000110522395595,1,2024,11,3,16011,51,53,4,2,41,16,3,2,1,1,40,5843.6432,2330,1,1,2025,11,7,51,54,4,2,41,16,2,1,1,38,5010.3121,2545,1,0,0,1,other occupation
980581041501662,1,2024,16,3,16011,51,58,5,2,41,2,1,2,1,1,40,4105.3202,2300,1,1,2025,12,7,51,59,5,2,41,2,2,1,1,40,3677.2252,2545,1,0,0,1,other occupation
360391041508881,1,2024,16,3,16011,51,59,1,2,44,1,2,2,1,1,40,4756.6286,2320,1,1,2025,16,7,51,60,1,2,44,1,2,1,5,-1,4188.4014,-1,0,0,0,1,out of labor force
716050108806517,1,2024,13,3,16011,51,50,1,2,44,4,2,2,4,1,-4,5772.8471,2310,1,1,2025,11,7,51,51,1,2,43,4,2,4,1,-4,4877.315,2310,1,1,1,0,still teacher
235020104155577,1,2024,16,3,16011,53,31,6,2,43,1,4,2,1,1,40,3480.1349,2330,1,1,2025,16,7,53,32,6,2,43,1,2,1,1,40,3949.8085,2310,1,1,1,0,still teacher
060695408091540,1,2024,13,3,16011,54,39,6,1,44,1,1,2,1,1,40,745.3142,2310,1,1,2025,13,7,54,40,6,1,44,1,2,1,1,40,678.7049,8990,1,0,0,1,other occupation
085095062414644,1,2024,14,3,16111,54,35,1,2,43,1,1,2,1,1,40,991.1291,2310,1,1,2025,15,7,54,35,1,2,43,1,2,1,1,40,886.2303,2310,1,1,1,0,still teacher
485822605070017,1,2024,16,3,16011,55,39,1,2,43,1,1,2,1,1,20,3873.2703,2310,1,1,2025,16,7,55,40,1,2,43,1,2,1,1,20,5118.1796,2310,1,1,1,0,still teacher
780255031504954,1,2024,14,3,16011,55,60,1,2,44,1,2,2,1,1,40,4122.1525,2310,1,1,2025,14,7,55,60,1,2,44,1,2,1,1,40,2914.3851,2205,1,0,0,1,other occupation
105160526124215,1,2024,13,3,16011,56,32,1,2,42,1,2,2,1,1,23,355.936,2300,1,1,2025,13,7,56,33,1,2,42,1,2,1,1,25,387.238,2545,1,0,0,1,other occupation
950596001511713,1,2024,14,3,16011,56,45,1,2,42,1,1,2,1,1,8,325.291,2310,1,1,2025,14,7,56,46,1,2,42,1,2,1,1,-4,361.4136,2310,1,1,1,0,still teacher
653906019797560,1,2024,15,3,16011,56,42,1,2,44,1,1,2,1,1,40,346.5924,2310,1,1,2025,15,7,56,43,1,2,44,1,2,1,1,40,366.1948,2310,1,1,1,0,still teacher
120233100194830,1,2024,15,4,16111,1,28,1,2,44,1,2,2,1,1,40,1774.2543,2310,1,1,2025,15,8,1,29,1,2,44,1,2,1,1,40,1925.1021,2310,1,1,1,0,still teacher
231400005419106,1,2024,16,4,16111,1,42,1,1,44,1,1,2,1,1,40,1832.666,2310,1,1,2025,16,8,1,43,1,1,44,1,2,1,1,40,2310.6799,2320,1,1,1,0,still teacher
291600902677100,1,2024,16,4,16011,1,39,1,1,43,1,1,2,1,1,40,1673.7462,2310,1,1,2025,16,8,1,40,1,1,43,1,2,1,1,40,2188.8568,2310,1,1,1,0,still teacher
203120025249127,1,2024,11,4,16011,2,74,1,2,44,1,1,2,1,1,16,491.6864,2310,1,1,2025,15,8,2,75,1,2,44,1,2,1,1,20,459.0223,2310,1,1,1,0,still teacher
292425320070211,1,2024,16,4,16011,2,47,1,2,43,1,2,2,1,1,45,601.2159,2310,1,1,2025,16,8,2,48,1,2,43,1,2,1,1,50,585.4195,2310,1,1,1,0,still teacher
090510045314511,1,2024,15,4,16011,4,70,1,1,44,4,1,2,5,1,40,4670.4493,2310,1,1,2025,15,8,4,71,1,1,44,4,2,5,1,40,5121.8127,2310,1,1,1,0,still teacher
330350427081245,1,2024,11,4,16011,4,73,2,2,43,1,1,2,1,2,17,3743.7339,2310,1,1,2025,10,8,4,74,2,2,43,1,2,1,1,20,4158.5798,2310,1,1,1,0,still teacher
160703100496390,1,2024,12,4,16011,4,61,1,2,44,1,2,2,1,1,50,3126.164,2310,1,1,2025,13,8,4,62,1,2,44,1,2,1,1,40,3820.0802,2310,1,1,1,0,still teacher
640754011044891,1,2024,15,4,16011,4,44,1,2,40,1,2,2,1,1,50,4165.203,2300,1,1,2025,15,8,4,45,1,2,40,1,2,1,1,40,4964.4949,4600,1,0,0,1,other occupation
060571061714340,1,2024,12,4,16011,4,39,6,1,44,1,1,2,1,1,40,3735.3988,2310,1,1,2025,13,8,4,40,6,1,44,1,2,1,1,40,5222.0459,2002,1,0,0,1,other occupation
010170450500145,1,2024,13,4,16111,5,52,1,1,46,1,2,2,1,1,40,1484.2638,2320,1,1,2025,13,8,5,53,1,1,46,1,2,1,1,60,1907.7703,2205,1,0,0,1,other occupation
880205001004930,1,2024,15,4,16011,5,63,1,2,45,1,2,2,1,1,40,1347.9453,2310,1,1,2025,11,8,5,64,1,2,44,1,2,1,1,40,1459.2458,2310,1,1,1,0,still teacher
008150085216021,1,2024,15,4,16011,5,32,1,1,43,1,2,2,1,1,70,1647.1991,2310,1,1,2025,14,8,5,33,1,1,43,1,2,1,1,65,1524.6747,2722,1,0,0,1,other occupation
570380283291261,1,2024,16,4,16011,6,57,1,2,43,1,2,2,4,1,40,4051.7816,2300,1,1,2025,16,8,6,58,1,2,43,1,2,4,7,-1,3079.3568,2310,0,0,0,1,out of labor force
550470584261361,1,2024,4,4,16011,6,24,1,2,43,1,1,2,1,1,40,4827.4274,2310,1,1,2025,7,8,6,25,1,2,43,1,2,1,2,20,4033.9121,2310,1,1,1,0,still teacher
470606021000670,1,2024,15,4,16011,6,62,1,2,43,1,1,2,1,1,36,3609.3329,2310,1,1,2025,14,8,6,63,1,2,43,1,2,1,1,35,3165.0799,2310,1,1,1,0,still teacher
430010620071462,1,2024,16,4,16011,6,49,6,2,43,1,1,2,1,1,40,3531.5711,2310,1,1,2025,16,8,6,50,6,2,43,1,2,1,1,40,3566.936,2310,1,1,1,0,still teacher
551700623500604,1,2024,16,4,16011,6,41,1,1,44,1,2,1,1,2,40,4449.9725,2310,1,1,2025,16,8,6,41,1,1,44,1,1,1,1,40,4117.3957,2330,1,1,1,0,still teacher
440726061012842,1,2024,16,4,16011,6,55,1,2,44,1,1,2,1,2,40,4054.6134,2310,1,1,2025,16,8,6,56,1,2,44,1,2,1,1,40,4132.5252,2310,1,1,1,0,still teacher
100958500895480,1,2024,14,4,16011,8,32,1,1,43,1,1,2,1,1,40,4114.9648,2310,1,1,2025,14,8,8,33,1,1,43,1,2,1,1,40,5539.1723,2310,1,1,1,0,still teacher
601700518302909,1,2024,16,4,16011,9,48,1,2,44,1,2,2,1,1,50,2356.9637,2310,1,1,2025,16,8,9,49,1,2,44,1,2,1,1,50,2460.0193,2310,1,1,1,0,still teacher
939735890070115,1,2024,15,4,16011,9,46,6,2,44,1,1,2,1,1,-4,2389.9765,2320,1,1,2025,16,8,9,47,6,2,44,1,2,1,1,-4,2643.9527,2320,1,1,1,0,still teacher
078256300901109,1,2024,16,4,16011,9,57,1,2,44,1,1,2,1,1,40,2539.6354,2320,1,1,2025,16,8,9,58,1,2,44,1,2,1,1,40,2632.4938,2330,1,1,1,0,still teacher
094164030912130,1,2024,14,4,16011,10,47,1,1,43,1,2,2,1,1,40,841.6348,2310,1,1,2025,14,8,10,48,1,1,43,1,2,1,1,45,750.8828,2310,1,1,1,0,still teacher
117006512314240,1,2024,14,4,16011,11,31,6,1,44,1,1,2,1,1,40,467.2405,2310,1,1,2025,14,8,11,32,6,1,44,1,2,1,1,50,389.2535,2310,1,1,1,0,still teacher
216509417746100,1,2024,16,4,16011,12,54,1,2,44,1,2,1,1,1,40,4812.3353,2310,1,1,2025,15,8,12,55,1,2,44,1,1,1,1,45,5334.9394,2310,1,1,1,0,still teacher
031270026012353,1,2024,14,4,16011,12,37,1,2,43,1,1,2,1,1,35,4679.6011,2310,1,1,2025,14,8,12,37,1,2,43,1,2,1,1,40,4617.188,2310,1,1,1,0,still teacher
427064101675190,1,2024,16,4,16011,12,39,1,2,43,1,2,1,1,1,40,5270.6985,2310,1,1,2025,15,8,12,40,1,2,43,1,1,1,1,40,4684.6264,2310,1,1,1,0,still teacher
218107415668390,1,2024,16,4,16011,12,38,1,2,44,1,2,2,1,1,40,4679.6011,2310,1,1,2025,16,8,12,38,1,2,44,1,2,1,7,-1,4617.188,2310,0,0,0,1,out of labor force
550411729081720,1,2024,14,4,16011,12,52,1,2,44,1,2,2,1,1,40,3969.6581,2310,1,1,2025,15,8,12,53,1,2,44,1,2,1,1,40,4764.6609,2310,1,1,1,0,still teacher
622593051080116,1,2024,13,4,16011,12,47,1,2,43,1,2,2,1,1,40,3468.5154,2310,1,1,2025,16,8,12,48,1,2,43,1,2,1,1,40,4060.1479,2300,1,1,1,0,still teacher
008130105786297,1,2024,11,4,16011,13,70,3,2,43,2,1,2,1,1,40,2738.355,2310,1,1,2025,9,8,13,71,3,2,43,2,2,1,1,40,3384.0675,1022,1,0,0,1,other occupation
312501010872790,1,2024,15,4,16011,13,27,1,2,43,1,1,2,1,1,40,5374.0446,2320,1,1,2025,15,8,13,28,1,2,43,1,2,1,1,40,6035.4436,2310,1,1,1,0,still teacher
039511940810156,1,2024,11,4,16011,16,51,1,2,44,1,2,2,1,1,50,1091.9839,2310,1,1,2025,12,8,16,52,1,2,44,1,2,1,1,65,888.9484,2310,1,1,1,0,still teacher
156738800772881,1,2024,14,4,16011,17,37,6,2,44,1,1,2,1,1,40,3704.2091,2310,1,1,2025,14,8,17,38,6,2,44,1,2,1,1,40,4297.9612,2310,1,1,1,0,still teacher
071630035117958,1,2024,16,4,16011,17,45,1,2,44,1,1,2,1,1,40,4253.485,2310,1,1,2025,16,8,17,46,1,2,44,1,2,1,1,40,4575.4129,2310,1,1,1,0,still teacher
073075107916165,1,2024,14,4,16011,17,33,1,1,43,1,2,2,5,1,40,4416.2828,2310,1,1,2025,13,8,17,34,1,1,43,1,2,5,1,40,5289.1164,2310,1,1,1,0,still teacher
370747011104601,1,2024,16,4,16011,17,41,1,2,44,1,2,2,1,1,40,3545.6807,2310,1,1,2025,16,8,17,42,1,2,44,1,2,1,1,40,3618.1594,2310,1,1,1,0,still teacher
180751300844781,1,2024,12,4,16011,18,47,6,1,43,1,1,2,1,1,55,3636.7896,2320,1,1,2025,12,8,18,48,6,1,43,1,2,1,1,50,3982.5578,2320,1,1,1,0,still teacher
471800605728811,1,2024,13,4,16011,18,43,1,2,43,1,1,2,1,1,40,3730.0514,2310,1,1,2025,14,8,18,43,1,2,44,1,2,1,1,40,3986.0592,2310,1,1,1,0,still teacher
815800013207330,1,2024,16,4,16011,18,60,1,2,43,1,1,2,1,1,40,3838.1147,2310,1,1,2025,16,8,18,61,1,2,43,1,2,1,1,40,3599.8761,2310,1,1,1,0,still teacher
814201013268500,1,2024,10,4,16011,18,75,4,2,46,1,1,2,1,1,12,3276.485,2310,1,1,2025,11,8,18,75,4,2,46,1,2,1,5,-1,2974.2628,-1,0,0,0,1,out of labor force
341800907241812,1,2024,11,4,16011,18,29,1,2,43,1,2,2,1,1,40,5098.5862,2310,1,1,2025,12,8,18,30,1,2,43,1,2,1,1,40,4988.584,2310,1,1,1,0,still teacher
021053069918664,1,2024,15,4,16011,18,60,1,1,44,1,2,2,1,1,40,4699.8667,2310,1,1,2025,15,8,18,61,1,1,44,1,2,1,1,50,4930.0551,2722,1,0,0,1,other occupation
521600705863911,1,2024,14,4,16011,19,64,1,2,43,1,1,2,1,1,-4,2148.8443,2310,1,1,2025,14,8,19,65,1,2,43,1,2,1,1,16,2075.5657,2310,1,1,1,0,still teacher
190391100953141,1,2024,16,4,16011,19,30,1,2,43,1,2,2,1,1,40,2931.1704,2300,1,1,2025,16,8,19,31,1,2,43,1,2,1,1,40,2451.2014,2300,1,1,1,0,still teacher
065375820110169,1,2024,15,4,16011,19,43,1,2,43,1,2,2,1,1,40,2751.6386,2310,1,1,2025,16,8,19,44,1,2,43,1,2,1,1,45,2452.0962,2310,1,1,1,0,still teacher
240470081201660,1,2024,11,4,16011,20,25,1,2,40,1,1,1,1,1,40,1836.7926,2300,1,1,2025,11,8,20,26,1,2,40,1,1,1,1,40,2750.5091,2300,1,1,1,0,still teacher
001091103525251,1,2024,16,4,16011,20,57,1,2,44,1,2,2,1,1,40,2439.5198,2310,1,1,2025,15,8,20,59,1,2,44,1,2,1,1,-4,2041.0767,2320,1,1,1,0,still teacher
007110248597288,1,2024,12,4,16011,21,34,6,2,43,1,1,2,1,1,40,5220.2971,2300,1,1,2025,8,8,21,35,6,2,43,1,2,1,1,40,4820.501,4600,1,0,0,1,other occupation
001120206331286,1,2024,12,4,16011,22,61,1,2,43,1,1,2,1,1,40,1950.756,2310,1,1,2025,14,8,22,62,1,2,43,1,2,1,1,40,1856.9926,2310,1,1,1,0,still teacher
624591582090119,1,2024,15,4,16011,24,33,1,2,44,1,2,2,1,1,40,4689.3146,2310,1,1,2025,16,8,24,34,1,2,44,1,2,1,1,40,7040.5565,230,1,0,0,1,other occupation
060241030920154,1,2024,15,4,16011,24,42,1,2,44,1,1,2,1,1,20,4343.4991,2330,1,1,2025,15,8,24,43,1,2,44,1,2,1,1,20,6733.9169,2330,1,1,1,0,still teacher
422409015100630,1,2024,16,4,16011,24,39,1,2,44,1,1,2,1,1,40,4243.3208,2310,1,1,2025,16,8,24,40,1,2,44,1,2,1,1,40,6733.9169,2310,1,1,1,0,still teacher
077739720021185,1,2024,15,4,16011,25,67,1,2,43,1,1,2,1,1,5,2755.4298,2320,1,1,2025,16,8,25,68,1,2,43,1,2,1,7,-1,2893.0164,4540,0,0,0,1,out of labor force
171500407764521,1,2024,16,4,16011,25,41,1,2,44,1,1,2,1,1,21,2321.8842,2310,1,1,2025,15,8,25,42,1,2,44,1,2,1,1,35,3456.7839,2310,1,1,1,0,still teacher
523701018485620,1,2024,15,4,16011,25,55,1,2,44,1,1,2,1,1,60,3765.4161,2330,1,1,2025,16,8,25,56,1,2,44,1,2,1,1,40,3487.1691,2330,1,1,1,0,still teacher
150537200661212,1,2024,14,4,16011,26,45,6,1,43,1,3,2,1,1,40,4721.2109,2320,1,1,2025,14,8,26,47,6,1,43,1,2,1,1,36,4395.8058,2360,1,0,0,1,other occupation
367010108998223,1,2024,11,4,16011,26,49,6,2,44,1,1,2,1,1,50,4249.6044,2310,1,1,2025,12,8,26,49,6,2,44,1,2,1,1,45,4433.1701,2310,1,1,1,0,still teacher
190994100674742,1,2024,14,4,16011,26,28,1,2,40,1,2,2,1,1,40,4537.1425,2300,1,1,2025,14,8,26,29,1,2,40,1,2,1,1,40,4179.9867,2545,1,0,0,1,other occupation
400482104021560,1,2024,15,4,16011,26,53,1,2,44,1,1,2,1,1,50,4153.8857,2310,1,1,2025,16,8,26,54,1,2,44,1,2,1,1,40,4646.5343,2310,1,1,1,0,still teacher
231400607694720,1,2024,15,4,16011,27,50,1,1,45,1,1,2,1,1,40,4467.7713,2310,1,1,2025,15,8,27,50,1,1,45,1,2,1,1,45,3811.8213,2310,1,1,1,0,still teacher
238141232070015,1,2024,12,4,16011,28,38,4,2,43,1,1,2,1,1,40,1462.8281,2310,1,1,2025,12,8,28,39,4,2,43,1,2,1,1,40,1678.9233,2310,1,1,1,0,still teacher
221700504639822,1,2024,15,4,16111,28,55,1,2,39,1,2,2,1,1,40,1985.1802,2300,1,1,2025,15,8,28,56,1,2,39,1,2,1,1,40,1583.4283,2300,1,1,1,0,still teacher
583090102790230,1,2024,14,4,16111,28,40,1,2,43,1,1,2,1,1,40,1497.3632,2320,1,1,2025,16,8,28,41,1,2,43,1,2,1,6,-1,1641.8163,2320,0,0,0,1,out of labor force
151300505754828,1,2024,14,4,16011,28,35,1,2,44,1,1,2,1,1,40,1462.8281,2320,1,1,2025,13,8,28,36,1,2,44,1,2,1,1,40,1678.9233,2310,1,1,1,0,still teacher
420488071207123,1,2024,15,4,16111,28,46,1,2,43,1,1,2,1,1,45,1634.564,2320,1,1,2025,15,8,28,48,1,2,43,1,2,1,1,45,1430.3132,2320,1,1,1,0,still teacher
570122864001780,1,2024,16,4,16111,28,67,1,2,43,1,2,2,1,1,40,1682.458,2310,1,1,2025,14,8,28,68,1,2,43,1,2,1,1,40,1386.6017,750,1,0,0,1,other occupation
022875420120148,1,2024,14,4,16011,28,49,1,2,40,1,2,2,1,1,16,1865.5409,2310,1,1,2025,14,8,28,50,1,2,42,1,2,1,1,40,1556.5267,4965,1,0,0,1,other occupation
709017122040014,1,2024,15,4,16011,29,51,1,2,46,1,1,2,1,1,50,3682.7015,2310,1,1,2025,16,8,29,52,1,2,46,1,2,1,1,45,3449.3088,5940,1,0,0,1,other occupation
080979853020015,1,2024,16,4,16011,30,44,4,2,43,1,2,2,1,1,40,571.0456,2310,1,1,2025,11,8,30,45,4,2,43,1,2,1,1,40,528.4818,2310,1,1,1,0,still teacher
023174022810906,1,2024,11,4,16011,30,34,6,2,43,1,1,2,1,1,40,617.4729,2310,1,1,2025,12,8,30,35,6,2,43,1,2,1,1,40,881.2682,2310,1,1,1,0,still teacher
503061106397324,1,2024,15,4,16011,30,69,6,2,44,1,2,2,1,1,32,538.8994,2310,1,1,2025,16,8,30,70,6,2,44,1,2,1,1,30,487.446,2360,1,0,0,1,other occupation
046332120930121,1,2024,15,4,16111,31,50,1,2,44,7,2,2,1,1,60,1845.1217,2310,1,1,2025,16,8,31,51,1,2,44,7,2,1,1,55,2021.5772,2310,1,1,1,0,still teacher
570333839041310,1,2024,15,4,16011,31,33,1,2,44,1,1,2,1,1,45,1486.7104,2310,1,1,2025,16,8,31,34,1,2,44,1,2,1,1,55,1139.2773,2310,1,1,1,0,still teacher
126256000252793,1,2024,16,4,16011,32,57,1,2,42,1,1,2,1,1,40,2351.8614,2330,1,1,2025,15,8,32,58,1,2,42,1,2,1,1,40,2269.0521,5940,1,0,0,1,other occupation
126256000252793,1,2024,16,4,16011,32,24,6,1,43,1,3,2,1,1,35,2641.2858,2310,1,1,2025,15,8,32,25,6,1,43,1,2,1,1,35,2531.1735,2310,1,1,1,0,still teacher
634000106952316,1,2024,16,4,16011,33,44,1,2,43,1,2,2,1,1,40,1529.4955,2320,1,1,2025,16,8,33,45,1,2,43,1,2,1,1,60,1042.5233,340,1,0,0,1,other occupation
106140363113740,1,2024,16,4,16011,34,60,1,2,43,1,2,1,4,1,40,6402.7047,2320,1,1,2025,16,8,34,61,1,2,43,1,1,4,1,40,4597.9732,2310,1,1,1,0,still teacher
680023494031941,1,2024,16,4,16011,34,45,1,2,44,1,2,2,4,2,40,5782.4292,2320,1,1,2025,16,8,34,46,1,2,44,1,2,4,1,40,4065.7574,1700,1,0,0,1,other occupation
145519013030215,1,2024,12,4,16011,35,58,5,2,43,1,1,1,1,1,40,1287.4684,2310,1,1,2025,12,8,35,60,4,2,43,1,1,1,4,-1,1213.021,705,0,0,0,1,unemployed
164291500586073,1,2024,15,4,16011,35,42,1,1,43,1,2,2,1,1,35,1228.8216,2310,1,1,2025,16,8,35,43,1,1,43,1,2,1,1,34,955.3111,2310,1,1,1,0,still teacher
164291500586073,1,2024,15,4,16011,35,44,1,2,44,1,3,1,4,1,42,1438.2489,2310,1,1,2025,16,8,35,46,1,2,44,1,1,4,1,40,1064.9852,2310,1,1,1,0,still teacher
537405414645070,1,2024,15,4,16011,35,50,1,2,43,1,2,1,1,1,35,1084.7552,2310,1,1,2025,15,8,35,51,1,2,43,1,1,1,1,35,1200.2108,2205,1,0,0,1,other occupation
580543211071361,1,2024,13,4,16011,36,48,1,2,44,2,1,2,1,1,40,4428.3456,2320,1,1,2025,16,8,36,49,1,2,44,2,2,1,7,-1,5924.2224,-1,0,0,0,1,out of labor force
204160312096359,1,2024,13,4,16011,36,58,6,1,44,1,1,2,1,1,40,4907.1999,2310,1,1,2025,11,8,36,60,6,1,44,1,2,1,1,40,4123.844,2310,1,1,1,0,still teacher
060245030930156,1,2024,16,4,16011,36,49,1,2,39,1,1,2,1,1,40,4436.2152,2300,1,1,2025,16,8,36,50,1,2,39,1,2,1,1,40,4118.4486,2300,1,1,1,0,still teacher
060245030930156,1,2024,16,4,16011,36,28,2,2,44,1,3,2,1,1,40,5187.0712,2310,1,1,2025,16,8,36,29,2,2,44,1,2,1,1,40,5478.2476,2330,1,1,1,0,still teacher
043153060416373,1,2024,16,4,16011,36,42,6,2,44,2,4,2,1,1,50,6948.1868,2310,1,1,2025,14,8,36,43,6,2,44,2,2,1,1,40,7000.3106,2310,1,1,1,0,still teacher
956945473030010,1,2024,15,4,16011,36,33,1,2,46,1,1,2,1,2,50,4671.1814,2310,1,1,2025,16,8,36,34,1,2,46,1,2,1,1,40,5317.5951,2205,1,0,0,1,other occupation
851100113457632,1,2024,12,4,16011,36,26,6,2,43,1,1,2,1,1,40,5179.2735,2310,1,1,2025,12,8,36,27,6,2,43,1,2,1,7,-1,4381.2009,-1,0,0,0,1,out of labor force
023059150532136,1,2024,16,4,16011,36,76,1,2,44,4,1,2,4,1,8,5319.7087,2310,1,1,2025,16,8,36,77,1,2,44,4,2,4,7,-1,4760.8117,-1,0,0,0,1,out of labor force
346008733020115,1,2024,16,4,16011,36,41,1,1,44,1,1,1,1,1,40,6064.5135,2320,1,1,2025,16,8,36,43,1,1,44,1,1,1,1,45,4878.7638,2320,1,1,1,0,still teacher
346008733020115,1,2024,16,4,16011,36,36,1,2,44,1,2,2,1,1,40,4226.9122,2320,1,1,2025,16,8,36,37,1,2,44,1,2,1,1,45,5200.9458,2310,1,1,1,0,still teacher
063381076816122,1,2024,16,4,16011,36,39,2,1,44,1,2,2,1,1,40,3958.6885,2310,1,1,2025,15,8,36,40,1,1,44,1,2,1,1,40,4454.521,2320,1,1,1,0,still teacher
073111031516788,1,2024,16,4,16011,36,53,1,2,44,1,2,2,1,1,40,4386.6098,2300,1,1,2025,16,8,36,53,1,2,44,1,2,1,1,40,4118.4486,2310,1,1,1,0,still teacher
073111031516788,1,2024,16,4,16011,36,22,6,1,40,1,3,2,1,1,40,5699.6428,2310,1,1,2025,16,8,36,23,6,1,43,1,2,1,1,40,5883.173,2545,1,0,0,1,other occupation
083045000616633,1,2024,16,4,16011,36,61,1,2,44,1,2,2,1,1,35,4221.8116,2330,1,1,2025,16,8,36,62,1,2,44,1,2,1,1,-4,4039.1771,2310,1,1,1,0,still teacher
043045002817822,1,2024,14,4,16011,37,49,5,2,43,1,1,2,1,2,40,4733.6351,2320,1,1,2025,11,8,37,50,5,2,43,1,2,1,1,40,4668.7557,2310,1,1,1,0,still teacher
420733339051980,1,2024,7,4,16011,38,57,3,2,44,1,1,2,1,1,40,447.9594,2310,1,1,2025,12,8,38,58,3,2,44,1,2,1,1,40,498.9877,2310,1,1,1,0,still teacher
883090108044355,1,2024,15,4,16111,38,56,1,2,43,1,2,2,1,1,40,481.2384,2310,1,1,2025,13,8,38,57,1,2,43,1,2,1,1,37,543.3868,2310,1,1,1,0,still teacher
830408012727650,1,2024,16,4,16111,38,35,1,2,44,1,1,2,1,1,40,399.73,2310,1,1,2025,15,8,38,36,1,2,44,1,2,1,1,40,458.5971,2205,1,0,0,1,other occupation
205180322319011,1,2024,15,4,16011,38,31,1,2,44,1,2,2,1,1,40,474.0195,2310,1,1,2025,15,8,38,32,1,2,44,1,2,1,1,40,523.6595,2310,1,1,1,0,still teacher
001190377320737,1,2024,15,4,16011,39,33,1,2,43,1,2,2,1,1,40,4464.7234,2320,1,1,2025,15,8,39,34,1,2,43,1,2,1,1,40,5749.1851,2310,1,1,1,0,still teacher
190524400942123,1,2024,13,4,16011,39,54,1,2,43,1,3,2,1,1,40,4727.314,2320,1,1,2025,14,8,39,55,1,2,43,1,2,1,1,40,5077.7399,2310,1,1,1,0,still teacher
057596170830109,1,2024,15,4,16011,39,70,4,2,44,1,1,2,1,1,-4,3559.4882,2320,1,1,2025,15,8,39,70,4,2,44,1,2,1,2,-4,3686.4364,2310,1,1,1,0,still teacher
936208113274110,1,2024,16,4,16011,39,54,1,1,44,1,1,2,1,1,40,5026.0976,2320,1,1,2025,16,8,39,55,1,1,45,1,2,1,1,40,5686.0906,2310,1,1,1,0,still teacher
043044020819473,1,2024,14,4,16011,39,57,4,2,44,1,1,2,1,1,40,5151.2963,2320,1,1,2025,14,8,39,59,4,2,44,1,2,1,1,40,4252.6741,2320,1,1,1,0,still teacher
303070100490481,1,2024,14,4,16011,40,53,1,2,43,1,2,2,1,1,40,1873.3209,2310,1,1,2025,14,8,40,54,1,2,43,1,2,1,1,40,1932.6327,2310,1,1,1,0,still teacher
310840051405902,1,2024,13,4,16011,40,21,6,2,43,1,2,2,1,1,55,2606.3566,2330,1,1,2025,14,8,40,22,6,2,43,1,2,1,1,50,2002.9929,2310,1,1,1,0,still teacher
860027384080014,1,2024,15,4,16111,40,56,1,2,44,1,1,2,1,1,38,2710.7513,2310,1,1,2025,16,8,40,57,1,2,44,1,2,1,1,37,2687.2755,2310,1,1,1,0,still teacher
860027384080014,1,2024,15,4,16111,40,57,1,1,44,1,2,2,1,1,38,2394.1506,2310,1,1,2025,16,8,40,57,1,1,44,1,2,1,1,37,2660.8213,2310,1,1,1,0,still teacher
101200816900044,1,2024,16,4,16011,40,51,2,2,44,1,1,2,1,1,40,2487.6404,2310,1,1,2025,16,8,40,52,2,2,44,1,2,1,1,40,2618.2126,2310,1,1,1,0,still teacher
150420061407381,1,2024,15,4,16011,40,39,1,2,43,1,3,2,1,1,40,2007.091,2310,1,1,2025,13,8,40,40,1,2,43,1,2,1,1,40,2014.9781,2310,1,1,1,0,still teacher
034045062711735,1,2024,15,4,16011,41,41,1,2,44,1,2,1,1,1,40,3083.3194,2310,1,1,2025,15,8,41,42,1,2,44,1,1,1,1,40,3158.097,2310,1,1,1,0,still teacher
150434783091110,1,2024,15,4,16011,41,58,1,1,44,1,2,2,1,1,45,2809.9972,2310,1,1,2025,14,8,41,59,1,1,44,1,2,1,1,50,2584.3644,2040,1,0,0,1,other occupation
006445440641101,1,2024,15,4,16011,41,36,1,2,43,1,1,2,1,1,40,2535.0079,2330,1,1,2025,16,8,41,36,1,2,43,1,2,1,1,40,3269.5581,2330,1,1,1,0,still teacher
791900401696147,1,2024,15,4,16011,41,37,1,1,45,1,1,2,1,1,40,2517.0489,2310,1,1,2025,15,8,41,38,1,1,43,1,2,1,1,40,2857.8631,2310,1,1,1,0,still teacher
791900401696147,1,2024,15,4,16011,41,34,1,2,43,1,2,2,1,1,40,2801.4496,2310,1,1,2025,15,8,41,35,1,2,44,1,2,1,1,40,3269.5581,2310,1,1,1,0,still teacher
010424716071920,1,2024,14,4,16011,42,61,4,1,44,1,1,2,1,1,40,4707.5611,2310,1,1,2025,14,8,42,62,4,1,44,1,2,1,1,40,4358.9348,2310,1,1,1,0,still teacher
044202044512435,1,2024,14,4,16011,42,42,6,2,43,2,2,2,1,1,40,5421.7037,2300,1,1,2025,13,8,42,42,6,2,43,2,2,1,1,40,8370.1031,2300,1,1,1,0,still teacher
080494408091520,1,2024,15,4,16011,42,45,1,1,44,1,1,2,1,1,40,5472.0331,2310,1,1,2025,14,8,42,46,1,1,44,1,2,1,1,40,4542.2158,2320,1,1,1,0,still teacher
450982061415447,1,2024,16,4,16011,42,46,1,2,44,1,2,2,1,1,40,5335.3444,2310,1,1,2025,16,8,42,47,1,2,44,1,2,1,1,40,4534.329,2330,1,1,1,0,still teacher
170332051404062,1,2024,15,4,16011,42,48,1,2,39,1,2,2,1,1,40,4049.6006,2330,1,1,2025,16,8,42,49,1,2,39,1,2,1,1,40,4207.5595,725,1,0,0,1,other occupation
004153091912346,1,2024,16,4,16011,42,34,1,2,43,1,1,2,1,2,40,4374.048,2310,1,1,2025,16,8,42,35,1,2,43,1,2,1,1,40,3512.2394,2300,1,1,1,0,still teacher
271300705775240,1,2024,15,4,16011,42,55,1,1,44,1,1,2,1,1,38,4343.265,2310,1,1,2025,16,8,42,56,1,1,44,1,2,1,1,37,4899.1079,2310,1,1,1,0,still teacher
271300705775240,1,2024,15,4,16011,42,44,1,2,44,1,2,2,1,1,38,4051.482,2310,1,1,2025,16,8,42,45,1,2,44,1,2,1,1,37,4207.5595,2310,1,1,1,0,still teacher
004120406517587,1,2024,14,4,16011,42,63,1,2,44,1,1,2,1,1,40,3374.1194,2310,1,1,2025,14,8,42,64,1,2,44,1,2,1,1,40,3702.1515,2310,1,1,1,0,still teacher
004120406517587,1,2024,14,4,16011,42,61,1,1,43,1,2,2,1,1,40,4659.9427,2310,1,1,2025,14,8,42,62,1,1,43,1,2,1,1,40,4456.0795,2360,1,0,0,1,other occupation
100744051435931,1,2024,15,4,16011,44,33,1,2,44,1,2,2,1,1,40,852.1931,2310,1,1,2025,15,8,44,34,1,2,44,1,2,1,1,40,1363.2479,2310,1,1,1,0,still teacher
490974239061750,1,2024,12,4,16011,45,69,1,2,44,1,1,2,1,1,-4,2326.5638,2310,1,1,2025,14,8,45,70,1,2,44,1,2,1,2,19,2082.2023,2310,1,1,1,0,still teacher
120764600740484,1,2024,15,4,16111,47,57,1,1,46,1,1,2,1,1,60,2738.6281,2310,1,1,2025,15,8,47,58,1,1,46,1,2,1,1,50,3180.3281,2310,1,1,1,0,still teacher
190945700750984,1,2024,15,4,16011,47,38,1,2,44,1,2,2,1,1,40,3217.6041,2330,1,1,2025,15,8,47,39,1,2,44,1,2,1,1,40,3048.9941,2310,1,1,1,0,still teacher
000877091416598,1,2024,13,4,16011,47,51,1,2,43,1,1,2,1,1,40,3484.4329,2300,1,1,2025,14,8,47,52,1,2,43,1,2,1,1,40,4265.0395,2310,1,1,1,0,still teacher
743303014044540,1,2024,15,4,16111,47,49,1,2,43,1,2,2,1,1,40,3523.8362,2310,1,1,2025,14,8,47,51,1,2,43,1,2,1,1,40,4265.0395,2310,1,1,1,0,still teacher
094007012018625,1,2024,14,4,16011,48,36,1,2,43,1,1,2,1,1,60,3624.2852,2310,1,1,2025,13,8,48,37,1,2,44,1,2,1,1,-4,4013.6338,2310,1,1,1,0,still teacher
018040254040010,1,2024,14,4,16011,48,50,1,2,43,1,1,2,1,1,40,3946.6168,2320,1,1,2025,13,8,48,51,1,2,43,1,2,1,1,40,3760.3919,2310,1,1,1,0,still teacher
018040254040010,1,2024,14,4,16011,48,56,1,1,43,1,2,2,1,1,40,4492.6782,2310,1,1,2025,13,8,48,57,1,1,43,1,2,1,1,40,4348.7503,2310,1,1,1,0,still teacher
689010101095493,1,2024,14,4,16011,48,44,1,2,44,1,1,2,1,1,20,4597.4785,2310,1,1,2025,14,8,48,45,1,2,44,1,2,1,1,20,4612.2759,2310,1,1,1,0,still teacher
689010101095493,1,2024,14,4,16011,48,46,1,1,44,7,2,2,1,1,40,6949.437,2320,1,1,2025,14,8,48,47,1,1,44,7,2,1,1,40,4879.0856,2320,1,1,1,0,still teacher
390964915001180,1,2024,16,4,16011,48,46,1,1,43,1,1,2,1,1,60,5324.1576,2320,1,1,2025,16,8,48,47,1,1,43,1,2,1,1,60,4784.4961,2320,1,1,1,0,still teacher
106180408218794,1,2024,10,4,16011,48,30,6,1,43,1,2,2,1,1,40,4628.0365,2310,1,1,2025,1,8,48,31,6,1,43,1,2,1,1,40,6111.5329,2350,1,0,0,1,other occupation
430574750041382,1,2024,16,4,16011,48,30,1,2,44,1,2,2,1,1,40,4468.2989,2310,1,1,2025,16,8,48,31,1,2,44,1,2,1,1,40,4607.3691,2310,1,1,1,0,still teacher
470794466001982,1,2024,16,4,16011,48,33,1,2,43,1,2,2,1,1,40,4634.742,2310,1,1,2025,16,8,48,34,1,2,43,1,2,1,1,40,4858.7112,2310,1,1,1,0,still teacher
490798021433374,1,2024,14,4,16011,48,69,4,2,44,1,1,2,1,1,40,4015.7289,2310,1,1,2025,14,8,48,70,4,2,44,1,2,1,1,16,3392.0625,5000,1,0,0,1,other occupation
940154989041581,1,2024,16,4,16011,48,38,1,2,43,1,2,2,1,1,40,4193.9386,2310,1,1,2025,16,8,48,39,1,2,43,1,2,1,1,45,4752.1281,2310,1,1,1,0,still teacher
024081009118933,1,2024,13,4,16011,48,61,1,2,43,1,2,2,1,1,65,4423.3129,2310,1,1,2025,9,8,48,62,1,2,43,1,2,1,1,70,4103.5568,2310,1,1,1,0,still teacher
350794615141183,1,2024,14,4,16011,48,41,6,2,43,1,1,1,4,1,50,5340.6056,2310,1,1,2025,16,8,48,42,6,2,43,1,1,4,1,50,4821.5374,2320,1,1,1,0,still teacher
231300103597840,1,2024,14,4,16011,48,28,6,2,41,1,5,1,1,1,40,3928.4799,2310,1,1,2025,15,8,48,29,6,2,43,1,1,1,1,40,4990.2056,2300,1,1,1,0,still teacher
944502017954170,1,2024,12,4,16011,49,50,1,1,43,1,1,2,1,1,50,1985.5261,2320,1,1,2025,13,8,49,51,1,1,43,1,2,1,1,45,1922.2327,2320,1,1,1,0,still teacher
074096017019923,1,2024,15,4,16011,49,38,1,2,43,1,1,2,1,1,14,1785.0427,2300,1,1,2025,16,8,49,39,1,2,43,1,2,1,1,14,2644.6542,2300,1,1,1,0,still teacher
022875420141159,1,2024,16,4,16011,49,57,1,2,44,1,2,2,1,1,40,1920.9185,2310,1,1,2025,15,8,49,57,1,2,44,1,2,1,1,40,1808.0696,2310,1,1,1,0,still teacher
990374861091791,1,2024,15,4,16011,49,52,1,2,44,1,1,2,1,1,40,1762.8154,2310,1,1,2025,15,8,49,53,1,2,44,1,2,1,1,40,1761.6023,2310,1,1,1,0,still teacher
006100556824713,1,2024,15,4,16011,50,66,1,2,44,1,1,2,1,1,23,498.9264,2320,1,1,2025,15,8,50,67,1,2,44,1,2,1,1,22,367.5388,2320,1,1,1,0,still teacher
151594500019075,1,2024,8,4,16011,50,77,3,1,43,1,2,2,1,2,16,420.9536,2310,1,1,2025,16,8,50,78,3,1,43,1,2,1,2,20,366.6285,2050,1,0,0,1,other occupation
540266415030017,1,2024,13,4,16111,50,35,1,2,43,1,1,1,1,2,35,643.4775,2310,1,1,2025,14,8,50,36,1,2,43,1,1,1,1,40,518.1288,4655,1,0,0,1,other occupation
231836025040011,1,2024,13,4,16011,51,30,4,2,43,1,3,2,1,1,40,5822.2858,2310,1,1,2025,13,8,51,31,4,2,43,1,2,1,4,-1,3751.0536,2310,0,0,0,1,unemployed
190272700124645,1,2024,12,4,16011,51,44,4,2,43,1,1,2,1,1,40,5697.3361,2310,1,1,2025,13,8,51,45,4,2,43,1,2,1,1,40,4538.4001,2320,1,1,1,0,still teacher
511500409301157,1,2024,15,4,16011,51,41,1,2,43,1,2,1,4,1,24,6978.1805,2310,1,1,2025,16,8,51,43,1,2,43,1,1,4,1,-4,4595.2519,2310,1,1,1,0,still teacher
000110526383124,1,2024,13,4,16011,51,54,1,2,44,1,1,2,1,1,52,3846.7855,2310,1,1,2025,13,8,51,55,2,2,44,1,2,1,1,40,3531.6239,2310,1,1,1,0,still teacher
535020104118587,1,2024,14,4,16011,53,33,1,2,41,1,1,2,1,1,40,3672.9188,2300,1,1,2025,15,8,53,33,1,2,41,1,2,1,1,40,3807.4285,2300,1,1,1,0,still teacher
170310900328375,1,2024,16,4,16011,53,48,1,2,43,1,1,2,1,1,40,3147.2304,2310,1,1,2025,16,8,53,49,1,2,43,1,2,1,1,40,3693.054,2310,1,1,1,0,still teacher
941300109995358,1,2024,16,4,16011,53,63,1,1,44,1,1,2,1,1,40,3989.2327,2310,1,1,2025,15,8,53,64,1,1,44,1,2,1,5,-1,4273.268,-1,0,0,0,1,out of labor force
036082104418585,1,2024,15,4,16011,53,50,1,2,44,1,1,2,4,1,40,3201.0014,2300,1,1,2025,16,8,53,51,1,2,44,1,2,4,1,40,3683.9337,4600,1,0,0,1,other occupation
352508214534240,1,2024,16,4,16011,53,45,1,2,44,1,1,2,1,1,50,3237.1996,2310,1,1,2025,16,8,53,45,1,2,44,1,2,1,1,40,3533.3792,2310,1,1,1,0,still teacher
352508214534240,1,2024,16,4,16011,53,47,1,1,44,1,2,2,1,1,40,3696.4793,2310,1,1,2025,16,8,53,49,1,1,44,1,2,1,1,40,3994.324,2310,1,1,1,0,still teacher
204946795060017,1,2024,15,4,16011,54,23,6,1,43,1,2,2,1,1,38,807.832,2310,1,1,2025,15,8,54,24,6,1,43,1,2,1,1,38,802.1414,2320,1,1,1,0,still teacher
949000104948593,1,2024,15,4,16111,54,30,1,1,43,1,2,2,1,1,40,725.0654,2310,1,1,2025,14,8,54,31,1,1,43,1,2,1,1,40,781.4348,2310,1,1,1,0,still teacher
161819300622275,1,2024,16,4,16011,56,31,1,2,43,1,2,2,1,1,40,403.1511,2330,1,1,2025,16,8,56,32,2,2,43,1,2,1,1,40,471.5887,2330,1,1,1,0,still teacher
035045082216445,1,2024,11,4,16111,56,68,4,2,39,1,1,2,1,1,-4,267.2707,2300,1,1,2025,9,8,56,69,4,2,39,1,2,1,7,-1,294.8225,8950,0,0,0,1,out of labor force
059598990751146,1,2024,13,4,16111,56,50,1,2,39,1,5,2,1,1,40,293.041,2300,1,1,2025,14,8,56,51,1,2,39,1,2,1,4,-1,330.9523,4230,0,0,0,1,unemployed
540366001501149,1,2024,15,4,16111,56,31,1,2,42,1,1,2,1,1,8,403.1511,2310,1,1,2025,13,8,56,32,1,2,42,1,2,1,7,-1,471.5887,-1,0,0,0,1,out of labor force
650405211989850,1,2024,14,4,16011,56,68,1,2,43,1,1,2,1,1,50,267.2707,2310,1,1,2025,16,8,56,69,1,2,44,1,2,1,1,30,294.8225,205,1,0,0,1,other occupation
091325820700141,7,2024,16,4,17011,1,30,6,2,44,2,1,2,1,2,40,3560.4497,2310,1,1,2025,16,8,1,31,6,2,44,2,2,1,2,50,3667.9198,2310,1,1,1,0,still teacher
880712051119335,7,2024,10,1,17011,12,38,6,2,43,1,2,1,5,1,40,5563.3798,2300,1,1,2025,10,5,12,38,6,2,44,1,1,5,1,40,6852.9665,2014,1,0,0,1,other occupation
213003215865940,7,2024,16,1,17011,12,33,1,2,43,1,1,2,1,1,12,6311.5586,2310,1,1,2025,16,5,12,35,1,2,43,1,2,1,7,-1,6390.2577,-1,0,0,0,1,out of labor force
760621350061821,7,2024,16,1,17011,12,50,4,2,43,1,1,1,1,1,40,4802.5079,2310,1,1,2025,15,5,12,51,4,2,43,1,1,1,1,40,5546.6822,4965,1,0,0,1,other occupation
001268016812597,7,2024,14,3,17011,12,37,1,2,43,1,2,2,1,2,40,4838.0469,2310,1,1,2025,15,7,12,39,1,2,43,1,2,1,1,40,5060.0865,2310,1,1,1,0,still teacher
910932041103961,7,2024,14,4,17011,12,39,1,2,42,1,2,2,1,1,37,4981.8138,2310,1,1,2025,15,8,12,40,1,2,42,1,2,1,2,37,5213.2754,2310,1,1,1,0,still teacher
331060100774131,7,2024,15,3,17011,13,28,1,2,44,1,2,2,1,2,40,3710.8706,2310,1,1,2025,14,7,13,29,1,2,44,1,2,1,2,40,5553.1822,2310,1,1,1,0,still teacher
180580900147962,7,2024,14,4,17011,21,38,1,1,44,1,2,2,1,1,40,3868.0766,2310,1,1,2025,14,8,21,39,1,1,44,1,2,1,2,40,4991.3599,2310,1,1,1,0,still teacher
675984592040017,7,2024,16,1,17011,25,47,1,2,44,1,1,2,1,2,40,3528.4509,2310,1,1,2025,16,5,25,48,1,2,44,1,2,1,1,40,3845.1178,2310,1,1,1,0,still teacher
675984592040017,7,2024,16,1,17011,25,51,1,1,44,1,2,2,1,2,60,3416.4364,2310,1,1,2025,16,5,25,52,1,1,44,1,2,1,2,40,3594.564,2310,1,1,1,0,still teacher
023025011716841,7,2024,16,4,17011,36,56,1,1,44,2,2,2,1,2,35,4063.8766,2310,1,1,2025,16,8,36,58,1,1,44,2,2,1,2,35,5833.8459,2320,1,1,1,0,still teacher
082078110732156,7,2024,16,2,17011,36,31,4,2,43,3,2,2,1,1,-4,6982.2987,2310,1,1,2025,16,6,36,32,4,2,43,3,2,1,1,36,7180.5864,2360,1,0,0,1,other occupation
261000517021638,7,2024,16,4,17011,36,52,1,2,44,1,2,2,1,1,40,5107.5222,2320,1,1,2025,16,8,36,53,1,2,44,1,2,1,1,40,4887.7632,650,1,0,0,1,other occupation
720853379051970,7,2024,2,2,17011,37,33,6,2,40,2,1,2,1,2,6,6378.7163,2300,1,1,2025,4,6,37,34,6,2,40,2,2,1,7,-1,10503.5219,-1,0,0,0,1,out of labor force
620607071331248,7,2024,11,4,17011,37,24,4,2,39,1,2,2,1,1,38,4713.4861,2300,1,1,2025,9,8,37,25,4,2,39,1,2,1,2,38,3778.8183,2300,1,1,1,0,still teacher
093053025717287,7,2024,13,1,17011,37,51,6,2,46,2,1,2,1,1,40,5756.8708,2300,1,1,2025,14,5,37,51,6,2,46,2,2,1,1,40,7438.5727,2310,1,1,1,0,still teacher
681800202462730,7,2024,15,4,17011,37,40,6,2,43,2,3,2,1,1,60,5889.2151,2300,1,1,2025,15,8,37,41,6,2,43,2,2,1,1,50,7292.4077,2300,1,1,1,0,still teacher
735405016869540,7,2024,14,3,17011,37,53,1,1,43,1,2,2,1,2,40,4966.9087,2310,1,1,2025,14,7,37,54,1,1,43,1,2,1,2,40,4091.5391,2310,1,1,1,0,still teacher
669622043090019,7,2024,12,2,17011,39,39,6,1,44,1,1,2,1,2,-4,4019.6095,2320,1,1,2025,13,6,39,39,6,1,44,1,2,1,1,40,4227.8204,2320,1,1,1,0,still teacher
085093180930159,7,2024,14,4,17012,39,69,4,2,44,1,1,2,1,1,50,3494.7705,2310,1,1,2025,15,8,39,70,4,2,44,1,2,1,1,15,3874.1053,750,1,0,0,1,other occupation
770402031406708,7,2024,15,1,17011,42,47,1,2,44,1,1,2,1,2,45,5568.7059,2310,1,1,2025,16,5,42,48,1,2,44,1,2,1,2,40,4845.2572,2310,1,1,1,0,still teacher
771800013087242,7,2024,16,3,17011,42,48,1,2,44,1,1,2,1,2,40,5937.1132,2320,1,1,2025,16,7,42,49,1,2,44,1,2,1,2,40,6973.3679,2310,1,1,1,0,still teacher
095568690843144,7,2024,14,2,17011,44,51,4,2,44,1,1,2,1,1,40,859.1418,2310,1,1,2025,14,6,44,52,4,2,44,1,2,1,2,40,972.7948,2310,1,1,1,0,still teacher
303140456898569,7,2024,14,4,17011,44,61,6,2,44,1,1,2,1,2,40,1312.2063,2310,1,1,2025,14,8,44,62,6,2,44,1,2,1,2,40,1415.2704,2310,1,1,1,0,still teacher
191050800082675,7,2024,15,3,17011,50,53,1,1,45,1,2,2,1,2,40,450.1985,2320,1,1,2025,16,7,50,54,1,1,45,1,2,1,2,40,385.1829,2310,1,1,1,0,still teacher
108202019950420,7,2024,8,1,17111,1,62,1,2,43,2,2,2,1,1,40,3003.4578,2300,1,1,2025,8,5,1,63,1,2,43,2,2,1,1,40,2667.854,4600,1,0,0,1,other occupation
022685410940157,7,2024,15,3,17111,47,51,1,2,46,2,1,2,1,1,40,3939.5054,2320,1,1,2025,15,7,47,52,1,2,46,2,2,1,1,40,3827.6446,2310,1,1,1,0,still teacher
055406016050370,7,2024,14,1,17111,50,44,1,2,44,1,1,2,1,2,60,507.0008,2320,1,1,2025,16,5,50,46,1,2,44,1,2,1,2,55,587.306,2310,1,1,1,0,still teacher
532266790020216,7,2024,16,4,17011,2,45,1,2,43,1,2,2,1,1,38,592.4145,2330,1,1,2025,16,8,2,47,1,2,44,1,2,1,2,40,530.6496,2330,1,1,1,0,still teacher
157010106172097,7,2024,12,3,17011,5,71,4,2,44,2,1,2,1,2,35,1292.399,2310,1,1,2025,16,7,5,72,4,2,44,2,2,1,5,-1,1860.2598,-1,0,0,0,1,out of labor force
460042091168052,7,2024,11,3,17011,12,74,3,2,39,1,1,1,4,1,40,5829.818,2300,1,1,2025,11,7,12,74,3,2,39,1,1,4,5,-1,5871.6641,-1,0,0,0,1,out of labor force
616503018908950,7,2024,14,2,17011,16,50,1,2,43,1,1,2,1,2,45,1125.2801,2310,1,1,2025,15,6,16,51,1,2,43,1,2,1,3,-1,1262.6783,2310,0,0,0,1,unemployed
081082062517294,7,2024,16,4,17011,17,49,4,2,44,1,2,2,1,2,40,5227.7815,2300,1,1,2025,16,8,17,50,4,2,44,1,2,1,2,40,5173.2155,2300,1,1,1,0,still teacher
359021100421373,7,2024,12,4,17011,35,59,6,1,44,1,1,1,1,1,40,1156.026,2320,1,1,2025,16,8,35,60,6,1,44,1,1,1,1,8,1447.4779,2360,1,0,0,1,other occupation
170581500507413,7,2024,13,3,17011,35,40,6,2,43,7,1,1,1,2,50,1740.7357,2310,1,1,2025,13,7,35,41,6,2,43,7,1,1,7,-1,1906.2249,-1,0,0,0,1,out of labor force
043119018219227,7,2024,13,4,17011,39,33,1,2,43,1,1,2,1,1,40,4027.3176,2310,1,1,2025,15,8,39,34,1,2,43,1,2,1,1,40,4525.0631,2555,1,0,0,1,other occupation
043052052319599,7,2024,16,4,17011,39,32,1,2,43,4,2,2,5,1,40,4376.9316,2300,1,1,2025,16,8,39,33,1,2,43,4,2,5,7,-1,4412.7513,2300,0,0,0,1,out of labor force
120553500992943,7,2024,11,4,17011,39,48,6,2,44,1,1,2,1,1,40,4212.5658,2300,1,1,2025,11,8,39,49,6,2,44,1,2,1,2,40,4257.1342,2300,1,1,1,0,still teacher
771700614335457,7,2024,16,4,17011,54,54,1,2,44,1,2,2,1,2,40,730.0743,2320,1,1,2025,16,8,54,56,1,2,44,1,2,1,1,40,1023.9313,2310,1,1,1,0,still teacher
080565680031150,7,2024,11,3,17011,55,33,6,2,43,1,1,2,1,2,50,3779.9441,2310,1,1,2025,12,7,55,34,6,2,43,1,2,1,2,45,4483.8594,2310,1,1,1,0,still teacher
416057100774157,7,2024,11,4,17111,11,30,6,2,44,1,1,2,1,1,45,453.8192,2310,1,1,2025,13,8,11,31,6,2,44,1,2,1,1,40,629.9401,2310,1,1,1,0,still teacher
093009085210905,7,2024,13,3,17111,30,45,4,2,44,1,1,2,1,2,45,596.8748,2310,1,1,2025,15,7,30,46,4,2,44,1,2,1,3,-1,593.3014,2310,0,0,0,1,unemployed
031513950430143,7,2024,15,3,17111,33,46,1,1,43,1,2,2,1,2,40,1267.0652,2310,1,1,2025,15,7,33,47,1,1,43,1,2,1,1,40,1285.5189,2300,1,1,1,0,still teacher
004671620010111,7,2024,15,2,17011,4,65,4,2,43,1,1,2,1,2,35,3846.2399,2310,1,1,2025,10,6,4,66,4,2,43,1,2,1,1,20,3432.3421,2310,1,1,1,0,still teacher
760037128644055,7,2024,9,1,17011,6,40,4,2,40,1,1,1,4,1,40,4757.8468,2310,1,1,2025,9,5,6,42,4,2,40,1,1,4,1,25,6392.0073,4521,1,0,0,1,other occupation
262067127563024,7,2024,16,2,17011,6,41,1,2,44,1,1,1,5,1,40,5707.8859,2310,1,1,2025,16,6,6,41,1,2,45,1,1,5,1,40,5686.0192,2205,1,0,0,1,other occupation
676584080000217,7,2024,16,2,17011,6,35,1,2,44,1,2,2,1,2,50,4316.5849,2320,1,1,2025,16,6,6,36,1,2,44,1,2,1,2,40,4231.4688,2320,1,1,1,0,still teacher
980406071025716,7,2024,16,4,17011,6,46,1,2,44,1,2,2,1,2,36,4047.4706,2310,1,1,2025,16,8,6,47,1,2,44,1,2,1,2,38,3796.307,2310,1,1,1,0,still teacher
000361090916110,7,2024,15,2,17011,6,36,1,2,44,1,2,2,1,1,35,4570.7338,2300,1,1,2025,16,6,6,37,1,2,44,1,2,1,1,40,4539.7046,2300,1,1,1,0,still teacher
602904310002100,7,2024,15,3,17011,6,49,6,1,40,1,1,2,1,1,40,5226.8034,2330,1,1,2025,14,7,6,50,6,1,40,1,2,1,1,40,4049.6745,2310,1,1,1,0,still teacher
012292000403116,7,2024,15,3,17011,6,38,1,1,44,1,1,1,1,1,40,5409.433,2310,1,1,2025,16,7,6,39,1,1,44,1,1,1,2,50,4642.0557,230,1,0,0,1,other occupation
518609419758510,7,2024,14,2,17011,15,60,3,2,43,1,1,2,1,1,20,711.7248,2320,1,1,2025,16,6,15,61,3,2,43,1,2,1,1,20,875.0423,2320,1,1,1,0,still teacher
710405018723110,7,2024,16,3,17011,17,54,1,2,44,1,1,2,4,2,20,4067.8635,2300,1,1,2025,16,7,17,55,1,2,44,1,2,4,1,10,4523.764,2300,1,1,1,0,still teacher
058423600121150,7,2024,15,4,17011,20,48,1,2,43,1,1,2,1,1,9,2388.6982,2300,1,1,2025,16,8,20,49,1,2,43,1,2,1,2,30,2564.5486,2300,1,1,1,0,still teacher
565080107635229,7,2024,14,2,17011,26,41,1,1,43,1,1,2,1,1,50,3710.9124,2310,1,1,2025,15,6,26,42,1,1,43,1,2,1,1,20,6321.484,2310,1,1,1,0,still teacher
565080107635229,7,2024,14,2,17011,26,43,1,2,44,1,2,2,1,2,55,2651.1064,2310,1,1,2025,15,6,26,44,1,2,44,1,2,1,1,15,5368.0315,2310,1,1,1,0,still teacher
025699240821186,7,2024,14,3,17011,26,51,1,1,44,1,2,2,5,1,40,4488.4698,2310,1,1,2025,16,7,26,52,1,1,44,1,2,5,2,40,5453.8195,2310,1,1,1,0,still teacher
490232615001870,7,2024,14,2,17011,27,67,4,2,44,1,1,2,1,1,1,4831.1808,2320,1,1,2025,14,6,27,68,4,2,44,1,2,1,1,40,4143.584,2310,1,1,1,0,still teacher
474060100853269,7,2024,14,3,17011,27,29,1,1,43,1,2,2,1,2,40,3319.857,2310,1,1,2025,14,7,27,30,1,1,43,1,2,1,2,40,3972.0734,2310,1,1,1,0,still teacher
740362345041090,7,2024,11,4,17011,29,50,4,2,44,1,1,2,1,1,50,5821.3971,2310,1,1,2025,11,8,29,52,4,2,44,1,2,1,1,60,5711.8086,2310,1,1,1,0,still teacher
001190283179854,7,2024,14,1,17011,29,41,1,2,44,1,2,2,1,2,40,5174.2314,2320,1,1,2025,15,5,29,42,1,2,44,1,2,1,3,-1,5794.7519,2320,0,0,0,1,unemployed
521600226559921,7,2024,16,1,17011,29,56,1,2,44,1,2,2,1,2,40,4426.4594,2310,1,1,2025,16,5,29,57,1,2,44,1,2,1,2,40,3810.8985,2310,1,1,1,0,still teacher
229048102305390,7,2024,15,4,17011,32,58,4,2,44,1,1,2,1,2,37,1940.354,2310,1,1,2025,15,8,32,59,4,2,44,1,2,1,2,35,1970.4132,2330,1,1,1,0,still teacher
055272113050015,7,2024,15,1,17011,35,35,1,2,44,1,2,2,1,1,40,1286.3308,2310,1,1,2025,16,5,35,36,1,2,44,1,2,1,1,40,1448.0731,2310,1,1,1,0,still teacher
534406115838110,7,2024,6,4,17011,35,66,4,2,43,1,1,1,1,2,40,1268.6483,2310,1,1,2025,6,8,35,66,4,2,43,1,1,1,5,-1,1470.1648,-1,0,0,0,1,out of labor force
018027510631115,7,2024,9,4,17011,35,36,6,2,42,3,1,2,1,2,38,1824.9034,2310,1,1,2025,15,8,35,37,6,2,41,3,2,1,3,-1,1940.7891,2320,0,0,0,1,unemployed
280908091420485,7,2024,13,4,17011,48,54,4,2,43,1,1,2,1,2,40,5258.2155,2310,1,1,2025,14,8,48,55,4,2,43,1,2,1,2,40,5031.9081,2310,1,1,1,0,still teacher
080094820001781,7,2024,6,4,17011,48,30,1,2,43,1,2,2,1,1,40,4309.9657,2310,1,1,2025,15,8,48,31,1,2,43,1,2,1,2,40,5211.8527,2310,1,1,1,0,still teacher
840312912263710,7,2024,16,4,17011,48,35,1,2,43,1,2,2,1,1,40,4320.7113,2310,1,1,2025,16,8,48,36,1,2,43,1,2,1,1,40,5334.0926,2310,1,1,1,0,still teacher
111456930649158,7,2024,9,3,17011,48,65,4,2,43,4,1,2,4,1,40,8365.5299,2310,1,1,2025,10,7,48,66,4,2,40,4,2,4,2,40,6073.4702,4600,1,0,0,1,other occupation
641000601155844,7,2024,15,2,17011,48,51,1,2,43,1,2,2,1,1,40,4898.1177,2310,1,1,2025,15,6,48,52,1,2,43,1,2,1,1,40,4423.9101,2310,1,1,1,0,still teacher
055062085715908,7,2024,15,3,17011,55,33,6,2,44,1,1,2,1,1,40,3893.5353,2320,1,1,2025,15,7,55,34,1,2,44,1,2,1,1,50,4726.2199,2320,1,1,1,0,still teacher
101291900606885,7,2024,16,4,17011,56,60,1,1,44,1,1,2,1,2,45,466.9743,2310,1,1,2025,16,8,56,61,1,1,44,1,2,1,2,36,577.4171,2310,1,1,1,0,still teacher
181881600672665,7,2024,14,2,17011,56,66,1,1,44,1,1,2,1,1,40,350.0329,2310,1,1,2025,13,6,56,66,1,1,44,1,2,1,1,40,312.6522,2310,1,1,1,0,still teacher
071176096115580,7,2024,12,1,17111,15,66,4,2,46,7,1,2,1,2,60,601.0957,2330,1,1,2025,12,5,15,67,4,2,46,7,2,1,2,50,645.5894,2330,1,1,1,0,still teacher
200150126190796,7,2024,13,1,17111,15,25,6,2,44,1,2,2,1,2,45,932.8486,2310,1,1,2025,15,5,15,26,6,2,44,1,2,1,2,40,989.8465,2310,1,1,1,0,still teacher
041007057016754,7,2024,16,1,17111,16,62,1,2,44,1,2,2,1,1,40,1022.8222,2310,1,1,2025,11,5,16,63,1,2,44,1,2,1,5,-1,1137.5975,-1,0,0,0,1,out of labor force
190417100676631,7,2024,14,2,17111,16,49,4,2,42,1,1,2,3,2,40,1027.8024,2310,1,1,2025,14,6,16,50,4,2,42,1,2,3,1,40,1207.3692,2360,1,0,0,1,other occupation
001110361314000,7,2024,16,2,17111,31,49,1,2,44,1,2,2,1,2,40,1422.1651,2310,1,1,2025,15,6,31,50,1,2,44,1,2,1,1,40,1483.8111,2310,1,1,1,0,still teacher
013361067215440,7,2024,11,1,17111,35,72,1,2,44,1,1,2,1,1,40,1402.2674,2310,1,1,2025,16,5,35,73,1,2,44,1,2,1,7,-1,1320.2018,-1,0,0,0,1,out of labor force
100350061405758,7,2024,16,3,17111,40,41,6,2,44,1,1,2,1,2,40,2526.6015,2310,1,1,2025,12,7,40,42,6,2,44,1,2,1,2,40,2963.336,2310,1,1,1,0,still teacher
035113037016164,7,2024,16,1,17111,56,42,1,2,44,1,2,2,1,2,40,378.4251,2310,1,1,2025,15,5,56,43,1,2,44,1,2,1,2,40,405.5627,2310,1,1,1,0,still teacher
794071105454017,7,2024,16,3,17011,9,42,4,2,46,1,1,2,1,1,35,4116.419,2310,1,1,2025,16,7,9,43,4,2,46,1,2,1,1,35,3578.4701,2330,1,1,1,0,still teacher
899547700010116,7,2024,16,4,17011,9,41,1,2,46,1,2,2,1,2,48,3579.3056,2310,1,1,2025,16,8,9,42,1,2,46,1,2,1,1,24,3367.8722,230,1,0,0,1,other occupation
151500514262907,7,2024,14,3,17011,9,75,6,2,43,1,2,2,1,2,-4,2327.3459,2320,1,1,2025,14,7,9,76,6,2,43,1,2,1,5,-1,3078.6738,-1,0,0,0,1,out of labor force
904304118954200,7,2024,14,4,17011,9,62,1,2,44,1,2,2,1,2,40,3098.2934,2310,1,1,2025,16,8,9,63,1,2,44,1,2,1,5,-1,3153.5846,2310,0,0,0,1,out of labor force
480551219061822,7,2024,16,2,17011,12,55,1,2,43,1,1,2,1,2,40,5138.8907,2320,1,1,2025,16,6,12,56,1,2,43,1,2,1,2,40,4290.0239,2310,1,1,1,0,still teacher
609120150129702,7,2024,12,4,17011,12,23,4,1,43,2,2,2,1,1,40,6376.6212,2310,1,1,2025,15,8,12,25,4,1,43,2,2,1,1,40,7801.1456,20,1,0,0,1,other occupation
527042105241181,7,2024,15,1,17011,12,32,1,2,43,1,2,2,1,2,40,6552.0658,2310,1,1,2025,15,5,12,33,1,2,43,1,2,1,2,40,7007.8614,2310,1,1,1,0,still teacher
860712071109939,7,2024,15,3,17011,12,67,1,1,44,1,1,2,1,2,40,4919.1573,2310,1,1,2025,14,7,12,68,1,1,44,1,2,1,2,40,4994.6833,2310,1,1,1,0,still teacher
832380641060013,7,2024,13,2,17011,12,41,1,2,43,1,2,2,1,1,50,3480.5909,2320,1,1,2025,14,6,12,43,1,2,43,1,2,1,1,40,5837.8825,2310,1,1,1,0,still teacher
330093041104955,7,2024,15,4,17011,13,47,1,2,44,1,2,2,1,1,24,4729.7037,2310,1,1,2025,16,8,13,49,1,2,44,1,2,1,1,24,4548.7622,2310,1,1,1,0,still teacher
121268100300011,7,2024,9,4,17011,13,50,4,2,44,2,1,2,1,2,40,5300.98,2310,1,1,2025,1,8,13,51,4,2,44,2,2,1,2,40,7119.1965,2310,1,1,1,0,still teacher
205130113246918,7,2024,16,3,17011,13,65,1,2,43,1,2,2,1,1,30,3483.4758,2300,1,1,2025,15,7,13,65,1,2,43,1,2,1,7,-1,3476.356,-1,0,0,0,1,out of labor force
007130149504366,7,2024,15,1,17011,13,55,1,1,44,1,1,2,1,1,50,4301.5562,2310,1,1,2025,15,5,13,56,1,1,40,1,2,1,1,40,3751.1783,6200,1,0,0,1,other occupation
007130149504366,7,2024,15,1,17011,13,58,1,2,43,1,2,2,1,1,40,5247.1342,2310,1,1,2025,15,5,13,59,1,2,40,1,2,1,7,-1,3993.3656,-1,0,0,0,1,out of labor force
190608900313841,7,2024,13,2,17011,13,61,1,2,43,2,1,2,1,1,35,4992.6813,2330,1,1,2025,12,6,13,62,1,2,43,2,2,1,1,35,5093.1392,2006,1,0,0,1,other occupation
931080105475104,7,2024,16,3,17011,13,52,1,2,46,1,1,2,1,1,40,4002.1921,2310,1,1,2025,16,7,13,52,1,2,46,1,2,1,2,40,3007.5832,2310,1,1,1,0,still teacher
092003004311635,7,2024,16,2,17011,21,47,1,2,44,1,1,2,1,2,55,4239.6201,2310,1,1,2025,14,6,21,48,1,2,44,1,2,1,7,-1,4394.3119,-1,0,0,0,1,out of labor force
048607070821114,7,2024,16,1,17011,24,47,1,2,44,8,2,2,1,1,50,4851.0599,2310,1,1,2025,16,5,24,48,1,2,44,8,2,1,1,27,4986.9123,2310,1,1,1,0,still teacher
990525091207504,7,2024,16,1,17011,25,41,1,2,44,1,1,2,1,2,40,2660.5782,2320,1,1,2025,16,5,25,43,1,2,44,1,2,1,1,40,3458.2191,2310,1,1,1,0,still teacher
231000506133829,7,2024,16,1,17011,28,70,1,2,43,1,1,2,1,1,40,1114.3338,2320,1,1,2025,13,5,28,71,1,2,43,1,2,1,2,40,1037.3753,2310,1,1,1,0,still teacher
102130396425626,7,2024,14,4,17011,33,50,4,1,44,1,1,2,5,2,40,1155.9713,2310,1,1,2025,15,8,33,51,4,1,44,1,2,5,2,40,1153.8207,2310,1,1,1,0,still teacher
436200018727340,7,2024,16,1,17011,34,26,6,2,43,1,3,2,1,1,40,7732.2266,2310,1,1,2025,16,5,34,27,6,2,43,1,2,1,1,40,7376.092,2310,1,1,1,0,still teacher
436008019208470,7,2024,13,2,17011,34,40,6,2,43,2,1,2,1,1,40,7703.4271,2300,1,1,2025,2,6,34,41,6,2,43,2,2,1,7,-1,4668.6894,-1,0,0,0,1,out of labor force
700426091336265,7,2024,15,3,17011,36,32,1,1,43,8,1,2,1,2,40,7017.9942,2310,1,1,2025,15,7,36,33,1,1,44,8,2,1,2,40,6051.5298,2310,1,1,1,0,still teacher
636501214194540,7,2024,16,4,17011,36,42,1,2,44,1,2,2,1,2,40,5256.3965,2310,1,1,2025,16,8,36,43,1,2,44,1,2,1,2,40,4768.114,2310,1,1,1,0,still teacher
053087065317704,7,2024,15,2,17011,37,45,1,1,44,8,1,2,1,1,40,5316.3786,2320,1,1,2025,15,6,37,46,1,1,44,8,2,1,1,40,4433.9905,2320,1,1,1,0,still teacher
497012153020013,7,2024,14,4,17011,37,44,1,2,43,1,1,2,1,2,40,3872.7476,2300,1,1,2025,15,8,37,45,1,2,43,1,2,1,2,38,3788.3512,2310,1,1,1,0,still teacher
120153956081870,7,2024,15,2,17011,37,30,1,2,43,1,2,2,1,2,40,6569.0103,2310,1,1,2025,13,6,37,31,1,2,43,1,2,1,1,40,6161.2636,2310,1,1,1,0,still teacher
276020105835334,7,2024,16,4,17011,37,42,1,2,43,1,1,2,1,2,-4,4646.0156,2310,1,1,2025,15,8,37,43,1,2,43,1,2,1,2,-4,4145.1063,2310,1,1,1,0,still teacher
872002101326366,7,2024,15,1,17011,37,39,1,2,44,1,2,2,1,2,40,4426.2493,2310,1,1,2025,14,5,37,39,1,2,44,1,2,1,1,-4,4440.9025,2310,1,1,1,0,still teacher
931203014662480,7,2024,15,1,17011,39,37,1,2,44,1,1,2,1,1,40,4800.5496,2310,1,1,2025,14,5,39,38,1,2,44,1,2,1,1,40,4714.6819,2310,1,1,1,0,still teacher
694020104162338,7,2024,16,1,17011,39,37,1,2,44,1,1,2,1,1,40,4800.5496,2310,1,1,2025,16,5,39,38,1,2,44,1,2,1,2,45,4714.6819,2310,1,1,1,0,still teacher
150212200945243,7,2024,13,2,17011,39,25,6,2,43,1,2,2,1,2,40,4730.3623,2320,1,1,2025,11,6,39,26,6,2,43,1,2,1,2,40,6512.7279,2320,1,1,1,0,still teacher
043062095219995,7,2024,16,2,17011,39,50,1,2,44,1,2,2,1,2,50,4787.002,2320,1,1,2025,16,6,39,51,1,2,44,1,2,1,2,50,4553.0609,2320,1,1,1,0,still teacher
262442294040010,7,2024,15,4,17011,42,35,4,1,44,1,1,2,1,1,40,4310.0307,2310,1,1,2025,15,8,42,36,4,1,44,1,2,1,1,40,5735.9606,2310,1,1,1,0,still teacher
108150406773454,7,2024,11,3,17011,45,31,1,2,43,1,2,2,1,1,40,3340.4024,2310,1,1,2025,14,7,45,32,1,2,43,1,2,1,2,40,2846.5516,2300,1,1,1,0,still teacher
527650784000111,7,2024,13,2,17011,47,51,1,2,44,1,2,2,4,2,50,4297.0566,2310,1,1,2025,13,6,47,52,1,2,44,1,2,4,2,40,4245.5461,2320,1,1,1,0,still teacher
713060108879585,7,2024,14,1,17011,51,59,1,2,44,1,2,2,1,2,50,3992.3738,2310,1,1,2025,14,5,51,59,1,2,44,1,2,1,2,50,4104.7282,2310,1,1,1,0,still teacher
153608014301300,7,2024,16,2,17011,51,54,1,2,44,4,2,2,4,2,40,7107.8603,2300,1,1,2025,16,6,51,55,1,2,44,4,2,4,2,40,5669.918,2300,1,1,1,0,still teacher
025339280150111,7,2024,15,4,17011,51,49,4,1,44,1,1,2,1,2,40,4067.8354,2310,1,1,2025,15,8,51,50,4,1,44,1,2,1,1,40,5058.9114,2310,1,1,1,0,still teacher
007110536000622,7,2024,15,4,17011,51,38,1,2,43,4,2,2,5,1,30,5350.2201,2310,1,1,2025,15,8,51,39,1,2,43,4,2,5,2,40,6547.5047,2310,1,1,1,0,still teacher
630555928061840,7,2024,15,3,17011,54,41,1,2,44,1,2,2,1,1,40,883.9172,2310,1,1,2025,15,7,54,42,1,2,44,1,2,1,1,-4,889.3004,2310,1,1,1,0,still teacher
110435783091141,7,2024,12,4,17011,54,48,6,2,44,1,1,2,1,1,40,775.7149,2310,1,1,2025,13,8,54,49,6,2,44,1,2,1,1,40,999.9523,2310,1,1,1,0,still teacher
450405013423110,7,2024,12,1,17011,54,40,6,2,44,1,3,2,1,2,40,1060.8323,2310,1,1,2025,13,5,54,41,6,2,44,1,2,1,1,40,917.1316,2310,1,1,1,0,still teacher
182667100407445,7,2024,16,1,17011,54,54,1,2,44,1,2,2,1,2,40,807.7842,2310,1,1,2025,16,5,54,55,1,2,44,1,2,1,1,40,820.6045,2310,1,1,1,0,still teacher
100121071174674,7,2024,16,3,17111,11,32,1,1,44,1,1,2,1,2,40,414.0415,2310,1,1,2025,16,7,11,33,1,1,44,1,2,1,1,38,401.698,2310,1,1,1,0,still teacher
520702848041820,7,2024,16,3,17111,22,24,1,2,44,2,1,2,1,2,40,2969.8854,2310,1,1,2025,15,7,22,25,1,2,44,2,2,1,7,-1,2925.6956,-1,0,0,0,1,out of labor force
002277870820172,7,2024,15,2,17111,22,54,1,2,44,1,1,2,1,2,45,1851.2122,2320,1,1,2025,15,6,22,56,1,2,44,1,2,1,2,45,1561.6607,2320,1,1,1,0,still teacher
229907016033820,7,2024,16,4,17111,22,39,1,2,44,1,2,2,1,2,40,1907.6114,2300,1,1,2025,16,8,22,40,1,2,44,1,2,1,1,40,3207.4935,2310,1,1,1,0,still teacher
741010102242367,7,2024,16,2,17111,34,48,1,2,43,1,2,2,1,2,50,4185.138,2310,1,1,2025,16,6,34,49,1,2,43,1,2,1,1,40,3452.202,2310,1,1,1,0,still teacher
160704091308508,7,2024,13,4,17111,34,53,1,2,44,1,2,2,1,1,40,5426.8881,2310,1,1,2025,13,8,34,54,1,2,44,1,2,1,2,40,4452.8642,2310,1,1,1,0,still teacher
009110022648483,7,2024,13,3,17011,1,53,3,2,43,3,1,2,1,1,40,2832.7,2310,1,1,2025,12,7,1,54,3,2,43,3,2,1,2,40,2320.3963,2330,1,1,1,0,still teacher
311100925363608,7,2024,16,4,17011,6,58,1,2,44,1,1,2,1,2,50,4264.0341,2310,1,1,2025,16,8,6,59,1,2,44,1,2,1,2,50,4050.3337,2310,1,1,1,0,still teacher
060038061618255,7,2024,15,2,17011,8,41,1,2,43,1,2,2,1,2,40,4417.6581,2310,1,1,2025,15,6,8,42,1,2,43,1,2,1,1,40,4363.1852,2310,1,1,1,0,still teacher
170131304071630,7,2024,15,3,17011,13,63,1,2,44,1,2,2,1,1,50,3991.3659,2310,1,1,2025,15,7,13,64,1,2,44,1,2,1,2,40,3536.177,2360,1,0,0,1,other occupation
070483071101078,7,2024,13,3,17011,13,32,1,1,43,1,1,2,1,1,40,4406.7817,2310,1,1,2025,13,7,13,33,1,1,43,1,2,1,1,40,4354.2913,2310,1,1,1,0,still teacher
100987051106108,7,2024,14,4,17011,17,41,1,1,41,1,2,2,1,2,40,4682.6897,2320,1,1,2025,15,8,17,42,1,1,41,1,2,1,2,40,3960.8724,2320,1,1,1,0,still teacher
037625312030117,7,2024,16,3,17011,27,42,1,2,44,1,1,2,1,2,40,3161.0307,2330,1,1,2025,16,7,27,43,1,2,44,1,2,1,1,40,4359.8836,2310,1,1,1,0,still teacher
380045668031911,7,2024,14,3,17011,51,68,1,2,40,1,2,2,1,1,40,4100.2693,2310,1,1,2025,13,7,51,69,1,2,40,1,2,1,2,40,5678.1853,2310,1,1,1,0,still teacher
140825300592495,7,2024,16,4,17011,55,40,1,2,44,1,1,2,1,2,40,3933.8741,2310,1,1,2025,16,8,55,41,1,2,44,1,2,1,2,40,4624.653,2310,1,1,1,0,still teacher
009222190520172,7,2024,11,3,17111,22,34,6,1,43,1,3,2,1,2,60,2739.5523,2310,1,1,2025,15,7,22,36,6,1,43,1,2,1,2,50,2827.0423,2320,1,1,1,0,still teacher
220707016512810,7,2024,16,2,17111,22,55,2,2,44,1,1,2,1,1,-4,1901.7131,2310,1,1,2025,16,6,22,56,2,2,43,1,2,1,1,6,2162.346,2310,1,1,1,0,still teacher
242096109354046,7,2024,16,4,17011,4,39,4,2,44,1,3,2,1,1,40,4770.7231,2320,1,1,2025,16,8,4,40,4,2,44,1,2,1,1,40,4930.3655,2320,1,1,1,0,still teacher
088921810900155,7,2024,14,2,17011,5,76,1,2,40,1,2,2,1,1,6,1324.7876,2310,1,1,2025,14,6,5,77,1,2,39,1,2,1,1,8,1015.4628,2545,1,0,0,1,other occupation
960696051009865,7,2024,1,4,17011,6,28,6,1,43,1,1,2,1,2,5,4557.401,2310,1,1,2025,10,8,6,29,1,1,43,1,2,1,4,-1,5587.623,4760,0,0,0,1,unemployed
121513400618180,7,2024,16,4,17011,6,49,1,2,43,1,2,2,1,2,45,4079.6452,2310,1,1,2025,16,8,6,49,1,2,43,1,2,1,2,45,4096.316,2310,1,1,1,0,still teacher
040275073016687,7,2024,15,2,17011,6,49,4,2,44,1,1,2,1,2,50,3957.7029,2310,1,1,2025,15,6,6,51,4,2,44,1,2,1,1,50,4751.0633,2310,1,1,1,0,still teacher
890316061028138,7,2024,11,1,17011,6,72,6,1,43,2,1,2,1,1,9,5765.2992,2300,1,1,2025,8,5,6,73,6,1,43,2,2,1,1,8,6415.5503,2300,1,1,1,0,still teacher
271900706187605,7,2024,16,4,17011,6,46,1,2,44,1,4,1,1,2,40,3703.3827,2310,1,1,2025,15,8,6,47,1,2,44,1,1,1,2,40,4770.7896,2300,1,1,1,0,still teacher
895175561050418,7,2024,14,1,17011,15,54,1,1,44,1,1,2,1,1,48,881.9665,2310,1,1,2025,15,5,15,55,1,1,44,1,2,1,2,45,759.4368,2310,1,1,1,0,still teacher
936775891070115,7,2024,16,4,17011,16,48,1,2,44,1,2,2,1,1,40,1079.6559,2320,1,1,2025,15,8,16,49,1,2,44,1,2,1,2,45,999.8488,2310,1,1,1,0,still teacher
560301676091777,7,2024,15,3,17011,17,41,1,1,43,1,2,2,1,2,60,4796.5724,2310,1,1,2025,16,7,17,42,1,1,43,1,2,1,1,40,5654.1348,2320,1,1,1,0,still teacher
081018022917023,7,2024,15,4,17011,17,32,1,2,44,1,2,2,1,2,40,5071.8056,2310,1,1,2025,15,8,17,34,1,2,44,1,2,1,7,-1,3946.0294,2330,0,0,0,1,out of labor force
031067064617955,7,2024,12,4,17011,17,54,6,2,40,1,1,2,1,2,40,4920.1959,2310,1,1,2025,14,8,17,55,6,2,40,1,2,1,2,40,5261.5297,2545,1,0,0,1,other occupation
001170167319846,7,2024,14,1,17011,17,51,6,2,44,1,1,2,1,2,40,4738.7901,2310,1,1,2025,13,5,17,52,6,2,44,1,2,1,1,0,4368.2495,2310,1,1,1,0,still teacher
917901016849580,7,2024,16,4,17011,19,47,1,1,43,1,2,2,1,1,40,2292.0352,2320,1,1,2025,16,8,19,48,1,1,43,1,2,1,1,48,2592.26,3870,1,0,0,1,other occupation
917707014658060,7,2024,6,4,17011,19,50,1,2,44,1,1,2,1,1,-4,2454.3795,2310,1,1,2025,16,8,19,51,1,2,44,1,2,1,1,-4,2315.3005,2006,1,0,0,1,other occupation
763080106893221,7,2024,13,4,17011,26,38,4,2,43,1,1,1,1,1,40,4581.7547,2310,1,1,2025,13,8,26,39,4,2,43,1,1,1,1,40,5388.3943,2310,1,1,1,0,still teacher
011247890220136,7,2024,16,1,17011,26,51,1,2,43,1,2,2,1,2,40,4274.917,2310,1,1,2025,16,5,26,52,1,2,43,1,2,1,1,40,3908.4956,2310,1,1,1,0,still teacher
410422273051670,7,2024,11,3,17011,27,71,1,1,43,1,2,2,1,2,50,4133.6705,2310,1,1,2025,14,7,27,72,1,1,44,1,2,1,7,-1,4287.22,-1,0,0,0,1,out of labor force
160594100761622,7,2024,16,4,17011,27,57,1,2,43,1,2,2,1,2,28,4075.2353,2330,1,1,2025,11,8,27,57,1,2,43,1,2,1,3,-1,4346.9371,2545,0,0,0,1,unemployed
997070103144268,7,2024,12,3,17011,29,63,1,1,44,1,1,2,1,2,-4,4980.1501,2320,1,1,2025,15,7,29,63,1,1,44,1,2,1,4,-1,6299.1623,2310,0,0,0,1,unemployed
161184393040019,7,2024,12,2,17011,31,52,1,2,43,1,1,2,1,2,40,1473.4614,2300,1,1,2025,11,6,31,53,1,2,43,1,2,1,1,40,1483.8111,2300,1,1,1,0,still teacher
240113943031611,7,2024,15,4,17011,31,42,1,2,44,1,2,2,1,1,40,1948.5831,2310,1,1,2025,16,8,31,43,1,2,44,1,2,1,2,40,1725.1724,2310,1,1,1,0,still teacher
730525041300404,7,2024,9,3,17011,35,80,4,1,42,1,1,2,1,2,40,1009.0918,2320,1,1,2025,14,7,35,80,4,1,42,1,2,1,7,-1,979.5671,-1,0,0,0,1,out of labor force
950624559051210,7,2024,14,1,17011,41,27,1,2,44,1,1,2,1,2,40,3399.3813,2300,1,1,2025,14,5,41,28,1,2,44,1,2,1,2,40,3392.5449,2300,1,1,1,0,still teacher
150950900616854,7,2024,15,4,17011,46,44,1,2,39,1,2,2,1,1,40,706.8559,2300,1,1,2025,15,8,46,45,1,2,39,1,2,1,1,40,567.7501,2300,1,1,1,0,still teacher
006180440848153,7,2024,15,2,17011,48,31,1,2,43,1,2,2,1,2,45,5445.44,2310,1,1,2025,15,6,48,32,1,2,43,1,2,1,1,0,4425.4379,2310,1,1,1,0,still teacher
460034681091181,7,2024,13,3,17011,48,34,1,2,43,1,2,2,1,2,50,5588.0537,2310,1,1,2025,14,7,48,35,1,2,43,1,2,1,2,50,5562.991,2300,1,1,1,0,still teacher
843513913987620,7,2024,14,2,17011,48,34,1,2,43,2,2,2,1,1,40,5518.759,2310,1,1,2025,14,6,48,35,1,2,43,2,2,1,2,40,5807.3728,2310,1,1,1,0,still teacher
680468071433741,7,2024,16,2,17011,48,56,1,2,44,1,2,2,1,1,40,4302.9106,2310,1,1,2025,15,6,48,57,1,2,44,1,2,1,1,40,5104.1992,2310,1,1,1,0,still teacher
014203039818267,7,2024,16,4,17011,48,22,6,2,40,1,4,2,1,2,-4,6354.7473,2300,1,1,2025,16,8,48,23,6,2,43,1,2,1,1,40,6633.1485,2310,1,1,1,0,still teacher
150687900502855,7,2024,15,3,17011,55,59,3,2,44,1,1,2,1,2,40,4510.6213,2310,1,1,2025,15,7,55,60,3,2,44,1,2,1,1,40,3536.8823,2310,1,1,1,0,still teacher
740115010031061,7,2024,10,4,17011,56,57,1,1,44,1,1,2,1,2,60,484.9355,2320,1,1,2025,15,8,56,58,1,1,44,1,2,1,1,40,554.714,2320,1,1,1,0,still teacher
030542570610176,7,2024,16,2,17111,16,44,1,1,44,1,1,2,1,2,40,1184.252,2310,1,1,2025,16,6,16,45,1,1,44,1,2,1,1,40,1100.2876,2310,1,1,1,0,still teacher
012052031910646,7,2024,15,3,17111,20,64,1,2,42,1,2,2,1,1,-4,2186.6284,2310,1,1,2025,15,7,20,65,1,2,42,1,2,1,1,0,2153.5806,2545,1,0,0,1,other occupation
156061106509345,7,2024,13,4,17111,35,38,6,1,43,1,4,1,1,2,12,1396.8391,2310,1,1,2025,14,8,35,39,6,1,43,1,1,1,7,-1,2314.5908,-1,0,0,0,1,out of labor force
078691710340160,7,2024,15,2,17111,40,29,6,2,43,1,2,2,1,1,35,2777.0202,2310,1,1,2025,11,6,40,30,6,2,43,1,2,1,1,40,2434.3902,2310,1,1,1,0,still teacher
094053036616879,7,2024,13,3,17111,46,55,1,1,43,1,1,2,1,1,40,518.6367,2310,1,1,2025,14,7,46,56,1,1,43,1,2,1,1,40,569.7678,2310,1,1,1,0,still teacher
094053036616879,7,2024,13,3,17111,46,45,1,2,43,1,2,2,1,1,40,574.9958,2310,1,1,2025,14,7,46,45,1,2,43,1,2,1,1,40,516.8701,2310,1,1,1,0,still teacher
075025056816534,7,2024,14,3,17111,56,25,1,2,44,1,2,2,1,1,40,447.8329,2310,1,1,2025,15,7,56,26,1,2,44,1,2,1,2,40,626.5962,2310,1,1,1,0,still teacher
082935850250156,7,2024,15,2,17111,56,61,1,2,43,1,1,2,1,1,40,395.6754,2320,1,1,2025,15,6,56,61,1,2,43,1,2,1,1,40,415.2485,2310,1,1,1,0,still teacher
106202019211030,7,2024,15,1,17011,1,50,1,2,43,1,1,2,1,1,40,2477.5692,2310,1,1,2025,16,5,1,51,1,2,43,1,2,1,1,40,2311.65,2310,1,1,1,0,still teacher
141264300904140,7,2024,16,1,17011,9,48,1,2,44,1,1,2,1,1,40,3539.3317,2310,1,1,2025,16,5,9,49,1,2,44,1,2,1,3,-1,3922.6913,2545,0,0,0,1,unemployed
141264300904140,7,2024,16,1,17011,9,47,1,1,44,1,2,2,1,1,40,3309.3164,2320,1,1,2025,16,5,9,48,1,1,44,1,2,1,3,-1,3812.2638,2310,0,0,0,1,unemployed
131265600270991,7,2024,15,2,17011,12,45,1,1,43,1,2,2,1,2,40,5065.6563,2310,1,1,2025,16,6,12,46,1,1,43,1,2,1,1,40,6500.983,4251,1,0,0,1,other occupation
142499400255301,7,2024,16,2,17011,12,41,1,2,43,1,2,2,1,2,40,3738.5633,2330,1,1,2025,15,6,12,42,1,2,43,1,2,1,2,40,6333.5062,2310,1,1,1,0,still teacher
150050800278761,7,2024,13,3,17011,12,26,1,2,43,1,2,2,1,1,40,4418.5578,2310,1,1,2025,13,7,12,28,1,2,44,1,2,1,1,40,5758.7169,2310,1,1,1,0,still teacher
210805117287030,7,2024,15,3,17011,12,62,6,2,43,1,2,2,1,1,40,4381.5269,2310,1,1,2025,11,7,12,63,6,2,43,1,2,1,1,40,4713.8563,2310,1,1,1,0,still teacher
331022106774134,7,2024,14,2,17011,13,36,1,2,43,1,1,2,1,1,40,6087.1073,2310,1,1,2025,14,6,13,37,1,2,43,1,2,1,7,-1,5003.3197,-1,0,0,0,1,out of labor force
680481969041130,7,2024,15,3,17011,13,42,4,2,42,1,2,2,1,2,55,3930.0975,2310,1,1,2025,9,7,13,44,4,2,42,1,2,1,1,-4,4101.7193,2545,1,0,0,1,other occupation
325903114059770,7,2024,15,4,17011,23,28,1,1,43,1,1,1,1,2,40,1951.2251,2330,1,1,2025,15,8,23,29,1,1,43,1,1,1,1,40,3213.303,2310,1,1,1,0,still teacher
068981560322155,7,2024,16,1,17011,25,43,1,2,44,1,3,2,1,2,40,2660.5782,2330,1,1,2025,16,5,25,44,1,2,44,1,2,1,1,40,3458.2191,2360,1,0,0,1,other occupation
558030109025271,7,2024,16,4,17011,25,31,1,2,43,1,2,2,1,1,40,3615.7457,2310,1,1,2025,16,8,25,32,1,2,43,1,2,1,2,40,3634.3837,2310,1,1,1,0,still teacher
515881812070014,7,2024,14,3,17011,25,32,1,2,44,4,2,2,5,2,35,3226.1274,2320,1,1,2025,15,7,25,33,1,2,44,4,2,5,7,-1,3384.3219,-1,0,0,0,1,out of labor force
714764903020012,7,2024,15,4,17011,34,75,3,2,44,1,1,2,1,1,20,4292.2787,2310,1,1,2025,14,8,34,76,3,2,44,1,2,1,2,7,3391.604,4600,1,0,0,1,other occupation
093131015816680,7,2024,15,1,17011,36,44,1,1,44,1,1,2,1,1,40,5179.2101,2310,1,1,2025,15,5,36,45,1,1,44,1,2,1,2,40,5361.682,2310,1,1,1,0,still teacher
568020104376316,7,2024,14,1,17011,36,53,1,1,43,1,1,2,1,2,40,6124.264,2310,1,1,2025,15,5,36,53,1,1,43,1,2,1,2,40,5007.6954,2310,1,1,1,0,still teacher
461700736792634,7,2024,15,4,17011,36,75,4,2,43,1,1,2,1,1,40,3946.9591,2320,1,1,2025,1,8,36,76,4,2,43,1,2,1,1,40,3435.279,2320,1,1,1,0,still teacher
296745793030017,7,2024,15,4,17011,36,49,1,1,44,1,1,2,1,2,40,4613.1796,2320,1,1,2025,16,8,36,50,1,1,44,1,2,1,1,40,5399.5517,2320,1,1,1,0,still teacher
699020108642371,7,2024,16,1,17011,39,58,1,1,43,1,1,2,1,2,35,4701.2629,2310,1,1,2025,12,5,39,59,1,1,43,1,2,1,1,35,3919.1117,2320,1,1,1,0,still teacher
495080108710392,7,2024,16,2,17011,39,41,1,2,44,1,2,2,1,2,40,3554.6952,2310,1,1,2025,16,6,39,42,1,2,44,1,2,1,2,40,4790.8801,2310,1,1,1,0,still teacher
939707017986480,7,2024,15,1,17011,39,49,1,2,44,1,2,2,1,2,40,4894.6124,2320,1,1,2025,15,5,39,50,1,2,44,1,2,1,2,40,4414.5217,2320,1,1,1,0,still teacher
130302100227104,7,2024,14,3,17011,42,36,1,1,43,1,1,2,1,1,40,5277.7927,2310,1,1,2025,15,7,42,37,1,1,43,1,2,1,1,40,8163.4792,2310,1,1,1,0,still teacher
410762091409827,7,2024,14,4,17011,42,31,1,2,42,1,2,2,1,1,40,3993.196,2300,1,1,2025,15,8,42,32,1,2,42,1,2,1,1,40,5724.8673,2300,1,1,1,0,still teacher
034324005314427,7,2024,15,1,17011,44,38,1,2,44,1,1,2,1,2,40,1224.7202,2300,1,1,2025,16,5,44,38,1,2,44,1,2,1,1,40,1456.6359,2300,1,1,1,0,still teacher
480091091503679,7,2024,16,2,17011,51,41,3,2,42,1,1,2,1,1,40,4142.2203,2310,1,1,2025,13,6,51,42,3,2,42,1,2,1,1,40,4266.0645,2300,1,1,1,0,still teacher
018060109271510,7,2024,16,4,17011,51,25,6,2,43,4,5,2,1,2,-4,5571.7033,2310,1,1,2025,15,8,51,26,6,2,43,4,2,1,2,-4,8506.4135,2310,1,1,1,0,still teacher
018060109271510,7,2024,16,4,17011,51,20,6,2,43,4,7,2,1,2,-4,5825.2568,2310,1,1,2025,15,8,51,22,6,2,43,4,2,1,1,-4,9571.2476,4600,1,0,0,1,other occupation
170945925001640,7,2024,14,3,17011,54,55,1,2,44,1,2,2,1,1,40,738.0439,2310,1,1,2025,14,7,54,56,2,2,43,1,2,1,2,40,844.9177,2310,1,1,1,0,still teacher
106050104213103,7,2024,16,1,17111,10,39,1,2,44,1,2,2,1,2,40,741.7464,2310,1,1,2025,16,5,10,40,1,2,44,1,2,1,7,-1,1205.9186,-1,0,0,0,1,out of labor force
137781100158931,7,2024,16,4,17111,11,33,1,2,44,1,2,2,1,2,40,453.8192,2310,1,1,2025,16,8,11,33,1,2,44,1,2,1,1,40,629.9401,2310,1,1,1,0,still teacher
280042914001221,7,2024,12,1,17111,22,48,1,2,44,2,1,2,1,2,40,2736.8839,2310,1,1,2025,12,5,22,49,1,2,44,2,2,1,2,40,2237.3391,2320,1,1,1,0,still teacher
455745492020019,7,2024,16,2,17111,25,45,1,2,44,1,1,2,1,2,50,3117.8876,2310,1,1,2025,16,6,25,46,1,2,44,1,2,1,1,50,3367.6169,2310,1,1,1,0,still teacher
550663930061330,7,2024,15,4,17111,33,53,1,1,44,1,1,2,1,2,40,1084.959,2310,1,1,2025,15,8,33,54,1,1,44,1,2,1,1,40,1333.2129,2310,1,1,1,0,still teacher
024012038515425,7,2024,14,3,17111,45,38,5,2,43,1,1,2,1,2,40,2794.4811,2320,1,1,2025,12,7,45,39,5,2,43,1,2,1,2,40,2665.3872,2310,1,1,1,0,still teacher
370075671081346,7,2024,15,1,17111,54,44,1,2,44,1,1,2,1,2,37,1056.4638,2330,1,1,2025,15,5,54,45,1,2,44,1,2,1,1,38,965.5284,2310,1,1,1,0,still teacher
001150026783124,7,2024,16,3,17011,5,55,1,1,44,1,1,2,1,1,60,1843.599,2310,1,1,2025,16,7,5,56,1,1,44,1,2,1,2,40,1830.2744,2310,1,1,1,0,still teacher
205160045732701,7,2024,16,4,17011,6,52,1,2,43,1,1,2,1,2,40,3936.9111,2310,1,1,2025,16,8,6,53,1,2,43,1,2,1,2,40,4082.8389,2310,1,1,1,0,still teacher
830391368031826,7,2024,13,3,17011,12,55,1,1,43,2,1,2,4,1,30,4970.7906,2310,1,1,2025,15,7,12,56,1,1,43,2,2,4,1,40,5019.0021,2310,1,1,1,0,still teacher
000130153396456,7,2024,13,3,17011,13,53,1,2,44,2,1,2,1,1,38,5147.7711,2310,1,1,2025,13,7,13,54,1,2,44,2,2,1,1,55,7221.392,2330,1,1,1,0,still teacher
111416900635253,7,2024,15,3,17011,36,50,4,2,44,1,1,1,1,2,40,4357.5177,2310,1,1,2025,16,7,36,51,4,2,44,1,1,1,2,40,5600.5374,2310,1,1,1,0,still teacher
460056071302595,7,2024,16,4,17011,36,29,6,2,44,1,3,2,1,1,40,5793.8547,2310,1,1,2025,16,8,36,29,6,2,44,1,2,1,2,40,5450.4758,2310,1,1,1,0,still teacher
556764941000017,7,2024,15,3,17111,16,55,1,2,43,1,2,2,1,2,0,1136.566,2310,1,1,2025,15,7,16,56,1,2,43,1,2,1,1,40,1112.9922,2310,1,1,1,0,still teacher
074716440940105,7,2024,15,2,17111,45,33,1,2,44,1,2,2,1,2,40,2902.1151,2330,1,1,2025,15,6,45,34,1,2,44,1,2,1,1,40,2780.6606,2330,1,1,1,0,still teacher
010125160001164,7,2024,15,3,17011,4,45,1,2,44,1,1,1,1,2,40,4428.2694,2310,1,1,2025,14,7,4,46,1,2,44,1,1,1,1,40,5045.147,2330,1,1,1,0,still teacher
601006110164730,7,2024,16,3,17011,6,33,1,2,44,1,2,2,4,1,0,5039.7332,2310,1,1,2025,16,7,6,34,1,2,44,1,2,4,2,35,5292.6838,2330,1,1,1,0,still teacher
180046041015818,7,2024,15,3,17011,6,43,1,2,43,1,1,2,1,1,25,3852.0352,2330,1,1,2025,15,7,6,44,1,2,43,1,2,1,1,40,4419.9047,2320,1,1,1,0,still teacher
601803218478570,7,2024,16,2,17011,6,50,1,2,43,1,2,2,1,2,25,3967.5735,2300,1,1,2025,16,6,6,51,1,2,43,1,2,1,1,25,4447.6435,2300,1,1,1,0,still teacher
203160012928046,7,2024,14,1,17011,6,27,6,2,44,4,2,2,1,2,50,3366.3714,2310,1,1,2025,16,5,6,28,6,2,44,4,2,1,1,50,5243.7216,2310,1,1,1,0,still teacher
930020339041563,7,2024,14,2,17011,6,38,6,2,44,1,1,2,1,2,40,4461.1541,2310,1,1,2025,14,6,6,39,6,2,44,1,2,1,2,40,4520.141,2310,1,1,1,0,still teacher
050225095216133,7,2024,14,4,17011,6,39,6,2,43,1,4,2,1,1,30,4985.3466,2310,1,1,2025,15,8,6,40,6,2,43,1,2,1,7,-1,5378.1304,-1,0,0,0,1,out of labor force
876533800050016,7,2024,16,2,17011,6,52,1,2,43,4,1,2,1,2,40,6213.9461,2310,1,1,2025,16,6,6,53,1,2,43,4,2,1,3,-1,4731.5115,2310,0,0,0,1,unemployed
287070101679095,7,2024,15,3,17011,8,40,1,2,44,1,2,2,1,2,50,4126.7624,2320,1,1,2025,16,7,8,41,1,2,44,1,2,1,2,40,3617.4799,2320,1,1,1,0,still teacher
026215821040018,7,2024,13,3,17011,16,76,1,2,43,1,1,2,1,1,20,891.709,2310,1,1,2025,15,7,16,77,1,2,43,1,2,1,5,-1,814.0813,-1,0,0,0,1,out of labor force
280437051176428,7,2024,16,4,17011,17,75,1,1,44,1,1,2,4,2,20,3707.316,2310,1,1,2025,14,8,17,75,1,1,44,1,2,4,1,40,4110.3512,2310,1,1,1,0,still teacher
091075000118454,7,2024,16,3,17011,18,41,1,2,44,1,2,2,1,2,40,4103.1055,2310,1,1,2025,16,7,18,43,1,2,44,1,2,1,2,45,4191.6666,2310,1,1,1,0,still teacher
891900109959813,7,2024,14,1,17011,18,44,1,2,44,1,1,1,2,2,30,3489.9447,2320,1,1,2025,13,5,18,45,1,2,44,1,1,2,2,40,4069.9794,2360,1,0,0,1,other occupation
328556991090014,7,2024,16,1,17011,18,39,1,2,44,1,1,2,1,2,45,2908.6828,2310,1,1,2025,16,5,18,40,1,2,44,1,2,1,1,37,3073.391,2310,1,1,1,0,still teacher
971700902411817,7,2024,13,2,17011,18,55,6,1,43,1,1,2,1,2,55,4159.5787,2320,1,1,2025,13,6,18,57,6,1,43,1,2,1,1,55,4223.4116,2320,1,1,1,0,still teacher
014280990310169,7,2024,15,4,17011,19,31,1,2,44,1,2,2,1,1,40,3361.9459,2310,1,1,2025,14,8,19,32,1,2,39,1,2,1,1,40,2716.2239,5860,1,0,0,1,other occupation
780456212020115,7,2024,16,1,17011,20,67,1,2,44,1,1,2,1,1,40,1644.6249,2320,1,1,2025,15,5,20,68,1,2,44,1,2,1,1,40,1393.4937,2320,1,1,1,0,still teacher
013058094011016,7,2024,12,2,17011,31,26,4,1,44,1,1,2,3,1,40,1805.0089,2310,1,1,2025,12,6,31,27,4,1,44,1,2,3,1,40,1518.988,2310,1,1,1,0,still teacher
109110344056785,7,2024,13,1,17011,31,22,6,2,43,1,1,2,1,1,40,1797.8295,2320,1,1,2025,14,5,31,23,6,2,43,1,2,1,1,40,1962.4974,2310,1,1,1,0,still teacher
111973600565973,7,2024,14,2,17011,35,45,4,2,43,1,1,2,1,2,40,1370.3952,2310,1,1,2025,14,6,35,46,4,2,43,1,2,1,1,50,1190.1089,2310,1,1,1,0,still teacher
053332039618688,7,2024,16,1,17011,38,48,1,2,44,1,1,2,1,2,55,536.7973,2300,1,1,2025,16,5,38,49,1,2,44,1,2,1,2,55,673.507,2310,1,1,1,0,still teacher
093054510741126,7,2024,14,4,17011,46,67,6,2,44,1,1,2,1,1,40,685.951,2310,1,1,2025,15,8,46,68,6,2,43,1,2,1,1,4,726.3184,2040,1,0,0,1,other occupation
658911834000215,7,2024,15,3,17011,48,33,1,2,44,2,2,2,1,2,40,7755.66,2310,1,1,2025,15,7,48,34,1,2,44,2,2,1,2,40,7744.8804,2310,1,1,1,0,still teacher
849809213490430,7,2024,14,3,17011,48,24,6,1,43,2,3,2,1,1,40,5572.1919,2310,1,1,2025,14,7,48,24,6,1,44,2,2,1,2,40,7136.1585,2310,1,1,1,0,still teacher
140678041403688,7,2024,7,3,17011,48,52,4,2,40,1,1,2,1,1,-4,5837.996,2300,1,1,2025,5,7,48,53,4,2,40,1,2,1,1,40,4860.7219,2300,1,1,1,0,still teacher
916180460181630,7,2024,14,3,17011,48,27,6,2,43,1,2,2,1,1,40,4496.2997,2310,1,1,2025,14,7,48,28,6,2,43,1,2,1,2,40,5889.8486,2310,1,1,1,0,still teacher
202180462477520,7,2024,14,4,17011,48,29,1,2,43,1,1,1,1,1,40,4816.4886,2330,1,1,2025,15,8,48,30,1,2,43,1,1,1,2,40,4357.3771,2330,1,1,1,0,still teacher
202180462477520,7,2024,14,4,17011,48,31,1,1,43,1,2,1,1,1,40,4251.8241,2310,1,1,2025,15,8,48,32,1,1,43,1,1,1,2,40,6324.6477,2320,1,1,1,0,still teacher
163003200897234,7,2024,7,1,17011,48,41,6,2,43,1,1,1,1,1,38,5266.9518,2330,1,1,2025,7,5,48,42,6,2,43,1,1,1,1,40,5975.5346,2545,1,0,0,1,other occupation
103180444204892,7,2024,12,2,17011,48,30,1,2,44,1,1,2,1,1,40,5445.44,2310,1,1,2025,14,6,48,31,1,2,44,1,2,1,2,40,4425.4379,2205,1,0,0,1,other occupation
103180444204892,7,2024,12,2,17011,48,33,1,1,44,1,2,2,1,1,40,5397.4586,2310,1,1,2025,14,6,48,34,1,1,44,1,2,1,7,-1,4002.8956,-1,0,0,0,1,out of labor force
028687560940189,7,2024,14,1,17011,49,40,1,2,43,1,2,1,1,1,30,2378.1174,2310,1,1,2025,15,5,49,41,1,2,43,1,1,1,1,29,2360.4726,2545,1,0,0,1,other occupation
869123044010314,7,2024,16,2,17011,49,49,1,1,45,1,1,2,1,1,36,2058.7977,2310,1,1,2025,15,6,49,50,1,1,45,1,2,1,1,40,1933.48,4920,1,0,0,1,other occupation
490219061435947,7,2024,12,2,17011,49,44,1,2,40,1,2,2,1,2,50,1822.9655,2310,1,1,2025,13,6,49,45,1,2,40,1,2,1,2,29,1483.0824,2545,1,0,0,1,other occupation
161900416209356,7,2024,15,1,17011,53,64,1,2,44,1,1,2,1,2,45,3509.9556,2310,1,1,2025,12,5,53,65,1,2,44,1,2,1,2,50,3184.5762,2310,1,1,1,0,still teacher
786626865010118,7,2024,15,2,17011,56,41,1,2,44,1,1,2,1,1,40,361.5051,2300,1,1,2025,15,6,56,42,1,2,44,1,2,1,1,40,309.0696,2310,1,1,1,0,still teacher
308160546122957,7,2024,14,2,17011,56,65,4,2,43,1,1,2,1,1,40,347.667,2310,1,1,2025,13,6,56,67,4,2,43,1,2,1,1,40,372.3491,2310,1,1,1,0,still teacher
541400912200036,7,2024,13,3,17111,30,34,1,2,44,1,1,2,1,1,40,689.8911,2320,1,1,2025,14,7,30,36,1,2,44,1,2,1,1,40,685.2696,2310,1,1,1,0,still teacher
680812514070016,7,2024,16,1,17111,40,31,1,2,43,1,2,2,1,1,20,3837.3814,2310,1,1,2025,16,5,40,32,1,2,43,1,2,1,2,40,3909.5603,2310,1,1,1,0,still teacher
451100927216659,7,2024,14,1,17111,56,38,1,2,44,1,2,2,1,1,40,360.6427,2310,1,1,2025,13,5,56,39,1,2,44,1,2,1,3,-1,476.6844,2310,0,0,0,1,unemployed
831900634051019,7,2024,15,3,17011,10,50,1,2,46,2,1,2,1,1,40,939.4538,2320,1,1,2025,16,7,10,51,1,2,46,2,2,1,1,40,1142.0527,2320,1,1,1,0,still teacher
013717450214120,7,2024,14,1,17011,10,59,1,2,44,1,2,2,1,1,37,983.3995,2330,1,1,2025,15,5,10,60,1,2,44,1,2,1,1,40,916.7168,2310,1,1,1,0,still teacher
780741504071517,7,2024,15,2,17011,11,57,4,2,44,2,1,2,1,2,45,463.5861,2310,1,1,2025,16,6,11,57,4,2,44,2,2,1,1,26,443.9404,2310,1,1,1,0,still teacher
016657400916142,7,2024,15,4,17011,12,44,6,2,44,1,2,1,4,1,40,6221.406,2310,1,1,2025,15,8,12,45,6,2,44,1,1,4,1,40,6165.5325,2001,1,0,0,1,other occupation
081226040412585,7,2024,15,1,17011,12,68,1,1,43,2,2,2,1,1,40,5271.1254,2310,1,1,2025,14,5,12,69,1,1,43,2,2,1,2,40,4564.0751,2310,1,1,1,0,still teacher
060185940810143,7,2024,13,2,17011,13,46,6,2,44,1,1,2,1,1,40,6453.2768,2320,1,1,2025,13,6,13,47,3,2,44,1,2,1,2,40,5507.7441,2310,1,1,1,0,still teacher
791000219112315,7,2024,15,2,17011,13,38,1,2,44,6,1,2,1,1,40,6708.3068,2310,1,1,2025,15,6,13,39,1,2,44,6,2,1,1,40,5034.2248,2310,1,1,1,0,still teacher
312103012452920,7,2024,16,3,17011,13,45,1,2,46,1,2,2,1,1,40,4342.8725,2310,1,1,2025,16,7,13,46,1,2,46,1,2,1,1,40,3027.43,2330,1,1,1,0,still teacher
923542701060010,7,2024,16,2,17011,13,37,1,2,43,1,2,2,1,2,40,6540.8239,2310,1,1,2025,16,6,13,37,1,2,43,1,2,1,2,40,4453.9506,2310,1,1,1,0,still teacher
424807017292190,7,2024,16,1,17011,24,37,1,1,44,1,1,2,1,1,40,4736.6788,2320,1,1,2025,16,5,24,38,1,1,44,1,2,1,2,40,6468.3899,2310,1,1,1,0,still teacher
285699512000018,7,2024,16,4,17011,25,38,1,2,44,1,2,2,1,2,40,3624.7604,2310,1,1,2025,16,8,25,39,1,2,44,1,2,1,1,40,3719.6253,2310,1,1,1,0,still teacher
200425021217157,7,2024,11,2,17011,25,62,2,2,44,1,1,2,1,2,4,3357.469,2310,1,1,2025,12,6,25,63,2,2,44,1,2,1,2,35,3799.7194,2310,1,1,1,0,still teacher
825200016019760,7,2024,16,1,17011,28,60,1,2,43,1,10,1,1,1,40,1269.1453,2310,1,1,2025,16,5,28,61,1,2,43,1,1,1,2,40,1341.4468,2310,1,1,1,0,still teacher
007180210519009,7,2024,16,4,17011,28,51,1,2,46,1,1,2,1,1,40,1379.1531,2310,1,1,2025,16,8,28,52,1,2,46,1,2,1,1,40,1557.0819,2310,1,1,1,0,still teacher
061481490030163,7,2024,14,3,17011,33,75,1,1,43,1,1,2,1,1,15,961.5483,2320,1,1,2025,16,7,33,76,1,1,44,1,2,1,5,-1,951.3736,-1,0,0,0,1,out of labor force
246040105265375,7,2024,15,4,17011,34,38,1,2,43,1,1,2,1,1,40,5495.177,2310,1,1,2025,15,8,34,39,1,2,43,1,2,1,1,40,7402.9313,2310,1,1,1,0,still teacher
009140372459691,7,2024,16,4,17011,34,36,1,1,46,1,1,2,1,2,35,4892.8943,2320,1,1,2025,16,8,34,37,1,1,46,1,2,1,2,40,5885.5028,2320,1,1,1,0,still teacher
009140372459691,7,2024,16,4,17011,34,37,1,2,44,1,2,2,1,2,35,5566.8115,2320,1,1,2025,16,8,34,38,1,2,44,1,2,1,2,40,6663.8425,2310,1,1,1,0,still teacher
638601014875870,7,2024,16,2,17011,36,51,1,1,44,1,2,2,1,2,45,4718.4046,2310,1,1,2025,16,6,36,52,1,1,44,1,2,1,2,40,5195.9221,2310,1,1,1,0,still teacher
018027510630129,7,2024,8,3,17011,39,23,6,2,39,1,2,2,1,1,20,5390.8835,2300,1,1,2025,12,7,39,24,6,2,39,1,2,1,1,30,7206.9975,2300,1,1,1,0,still teacher
000190362266949,7,2024,15,2,17011,39,32,1,2,43,1,1,2,1,2,40,4549.5259,2310,1,1,2025,15,6,39,34,1,2,43,1,2,1,1,40,4653.348,2310,1,1,1,0,still teacher
028031108770427,7,2024,16,3,17011,42,57,1,2,46,1,2,1,4,2,45,4769.7156,2310,1,1,2025,16,7,42,58,1,2,46,1,1,4,2,40,6858.9327,2320,1,1,1,0,still teacher
005789910840117,7,2024,14,4,17011,47,29,1,2,43,1,2,2,1,2,45,5114.4826,2310,1,1,2025,15,8,47,30,1,2,43,1,2,1,1,40,3207.2773,2310,1,1,1,0,still teacher
450645185061602,7,2024,16,3,17011,50,36,1,2,44,1,1,2,1,2,40,499.5799,2310,1,1,2025,16,7,50,37,1,2,44,1,2,1,2,40,481.9236,2310,1,1,1,0,still teacher
450645185061602,7,2024,16,3,17011,50,37,1,1,44,1,2,2,1,1,20,612.4959,2310,1,1,2025,16,7,50,38,1,1,44,1,2,1,1,40,532.1395,2310,1,1,1,0,still teacher
151201116553690,7,2024,16,1,17011,51,53,1,2,43,1,1,2,1,1,50,4107.3448,2310,1,1,2025,16,5,51,54,1,2,43,1,2,1,2,0,4652.1945,2310,1,1,1,0,still teacher
459701114533630,7,2024,13,2,17011,54,45,1,2,43,1,1,2,1,2,40,879.5475,2310,1,1,2025,7,6,54,46,1,2,43,1,2,1,2,40,716.0671,5260,1,0,0,1,other occupation
591400303742109,7,2024,16,1,17111,1,36,1,1,45,1,1,2,1,1,40,3717.7826,2310,1,1,2025,11,5,1,37,1,1,46,1,2,1,1,40,3176.8177,440,1,0,0,1,other occupation
395824832070016,7,2024,16,1,17111,25,38,1,2,44,1,1,2,1,2,50,2503.9945,2330,1,1,2025,15,5,25,39,1,2,44,1,2,1,1,40,3833.2794,230,1,0,0,1,other occupation
378953212080010,7,2024,14,4,17111,28,31,1,2,43,1,2,2,1,2,40,1777.1957,2310,1,1,2025,16,8,28,32,1,2,43,1,2,1,2,40,1090.6023,2310,1,1,1,0,still teacher
030670160512170,7,2024,15,1,17011,2,80,1,2,43,1,2,2,1,2,40,511.5869,2310,1,1,2025,14,5,2,80,1,2,43,1,2,1,2,40,658.0633,2310,1,1,1,0,still teacher
101300404347501,7,2024,14,2,17011,5,58,1,2,44,1,1,2,1,1,40,1446.0498,2310,1,1,2025,16,6,5,59,1,2,44,1,2,1,1,50,1214.4179,2320,1,1,1,0,still teacher
040180423051351,7,2024,13,1,17011,5,33,6,1,44,2,1,2,1,1,40,5448.5015,2310,1,1,2025,12,5,5,34,6,1,44,2,2,1,7,-1,4292.9442,-1,0,0,0,1,out of labor force
851100636045603,7,2024,14,1,17011,6,56,4,2,44,1,1,2,1,1,40,4789.8476,2310,1,1,2025,14,5,6,57,4,2,44,1,2,1,1,40,4589.4178,2310,1,1,1,0,still teacher
014103110303156,7,2024,16,4,17011,6,34,6,1,44,5,1,1,1,1,30,5767.1574,2330,1,1,2025,16,8,6,35,6,1,44,5,1,1,1,40,7040.1252,230,1,0,0,1,other occupation
014103110303156,7,2024,16,4,17011,6,35,6,2,44,1,2,2,1,1,30,5022.3472,2330,1,1,2025,16,8,6,36,6,2,44,1,2,1,1,40,5657.2022,2310,1,1,1,0,still teacher
130001700808010,7,2024,14,3,17011,8,65,1,2,44,1,2,2,1,2,-4,4145.3332,2310,1,1,2025,16,7,8,66,1,2,44,1,2,1,2,-4,3564.4253,2310,1,1,1,0,still teacher
656054107960166,7,2024,9,3,17011,15,80,1,2,43,4,1,2,4,2,-4,1318.0755,2310,1,1,2025,9,7,15,80,1,2,43,4,2,4,2,-4,983.6343,2310,1,1,1,0,still teacher
006651421010011,7,2024,16,3,17011,16,27,6,2,43,1,3,2,1,2,40,897.331,2310,1,1,2025,16,7,16,28,6,2,43,1,2,1,1,-4,1170.1275,3255,1,0,0,1,other occupation
812706016560000,7,2024,7,3,17011,18,35,6,2,42,2,1,2,1,1,40,4571.5175,2300,1,1,2025,9,7,18,36,6,2,43,2,2,1,2,40,6579.3879,2300,1,1,1,0,still teacher
240321676081890,7,2024,12,1,17011,19,52,4,2,43,7,1,2,1,1,45,2434.9871,2310,1,1,2025,13,5,19,53,4,2,43,7,2,1,2,36,4946.2544,2545,1,0,0,1,other occupation
560829372030012,7,2024,11,3,17011,20,77,4,2,43,1,1,2,1,1,16,1830.4372,2310,1,1,2025,11,7,20,78,4,2,43,1,2,1,1,16,1753.0171,2310,1,1,1,0,still teacher
008160280391539,7,2024,16,4,17011,26,54,1,2,44,1,1,2,1,2,40,4885.1314,2310,1,1,2025,16,8,26,54,1,2,44,1,2,1,7,-1,4947.3604,-1,0,0,0,1,out of labor force
003160249157726,7,2024,15,2,17011,26,20,6,2,40,1,4,2,1,1,36,3542.4513,2300,1,1,2025,15,6,26,21,6,2,40,1,2,1,1,34,7762.4253,2545,1,0,0,1,other occupation
033100018902210,7,2024,15,3,17011,30,41,1,2,40,1,1,2,1,2,40,567.0309,2320,1,1,2025,15,7,30,43,1,2,40,1,2,1,2,40,664.9387,2320,1,1,1,0,still teacher
804120361952989,7,2024,16,4,17011,32,50,1,1,44,1,1,2,1,2,40,2187.1235,2310,1,1,2025,16,8,32,51,1,1,44,1,2,1,2,40,2470.159,2310,1,1,1,0,still teacher
804120361952989,7,2024,16,4,17011,32,52,1,2,44,1,2,1,1,2,40,1981.9205,2310,1,1,2025,16,8,32,53,1,2,44,1,1,1,2,40,2112.077,2310,1,1,1,0,still teacher
001150348766244,7,2024,16,1,17011,35,56,1,2,44,1,2,2,1,2,60,1585.7057,2310,1,1,2025,16,5,35,57,1,2,44,1,2,1,2,65,1293.7414,2300,1,1,1,0,still teacher
810258051302560,7,2024,14,3,17011,38,55,1,2,44,1,2,2,1,1,40,580.0052,2310,1,1,2025,15,7,38,56,1,2,44,1,2,1,1,40,460.0139,2310,1,1,1,0,still teacher
105180359155498,7,2024,12,2,17011,38,48,4,2,43,1,1,2,1,1,40,481.0322,2310,1,1,2025,13,6,38,49,4,2,43,1,2,1,1,40,524.8008,2310,1,1,1,0,still teacher
024140073810586,7,2024,15,2,17011,40,55,1,2,43,1,1,1,4,1,40,2868.4599,2300,1,1,2025,16,6,40,56,1,2,43,1,1,4,1,40,3616.1213,2861,1,0,0,1,other occupation
160534783091110,7,2024,16,3,17011,41,47,1,2,44,1,1,2,1,1,40,2625.912,2310,1,1,2025,16,7,41,48,1,2,44,1,2,1,1,40,2395.903,2310,1,1,1,0,still teacher
121242454030017,7,2024,16,2,17011,41,50,1,1,44,1,1,2,1,2,40,2550.8348,2320,1,1,2025,16,6,41,51,1,1,44,1,2,1,1,40,2464.3665,2310,1,1,1,0,still teacher
584010105838479,7,2024,16,2,17011,48,38,1,2,42,1,2,2,1,2,40,5082.3368,2330,1,1,2025,16,6,48,39,1,2,42,1,2,1,2,45,4247.0908,2310,1,1,1,0,still teacher
170552100908594,7,2024,16,2,17011,49,47,1,2,43,1,2,2,4,2,20,1907.6217,2300,1,1,2025,16,6,49,48,1,2,45,1,2,4,2,20,1483.0824,2300,1,1,1,0,still teacher
075063084915473,7,2024,15,3,17011,55,51,1,2,43,1,2,2,1,2,40,4663.3893,2310,1,1,2025,16,7,55,52,1,2,43,1,2,1,1,40,3923.8588,2310,1,1,1,0,still teacher
456532155080113,7,2024,14,4,17011,56,38,6,2,44,1,1,2,1,1,30,411.5255,2310,1,1,2025,13,8,56,39,6,2,44,1,2,1,2,50,493.3043,2310,1,1,1,0,still teacher
231900202786401,7,2024,16,3,17111,4,53,1,2,43,1,1,1,5,1,40,4374.9776,2310,1,1,2025,16,7,4,55,1,2,43,1,1,5,5,-1,6109.1326,-1,0,0,0,1,out of labor force
190851956081851,7,2024,16,3,17111,15,54,1,1,44,4,1,2,1,2,45,741.5441,2320,1,1,2025,16,7,15,55,1,1,44,4,2,1,1,40,795.3582,2320,1,1,1,0,still teacher
251200503170035,7,2024,16,2,17111,30,34,1,2,44,1,2,2,1,1,40,750.554,2310,1,1,2025,16,6,30,35,1,2,44,1,2,1,2,40,630.3155,2310,1,1,1,0,still teacher
355301010808990,7,2024,9,2,17111,53,62,3,2,40,7,1,2,1,1,18,3045.0699,2320,1,1,2025,7,6,53,63,3,2,40,7,2,1,1,20,4639.7248,2722,1,0,0,1,other occupation
008160570865961,7,2024,15,4,17111,56,58,1,1,43,1,1,2,1,2,40,484.4157,2310,1,1,2025,15,8,56,59,1,1,43,1,2,1,1,40,590.5862,2310,1,1,1,0,still teacher
481700106276108,7,2024,14,4,17011,1,46,1,2,44,1,1,2,1,1,40,2219.3988,2310,1,1,2025,14,8,1,47,1,2,44,1,2,1,1,40,1910.827,2310,1,1,1,0,still teacher
902305015146820,7,2024,11,4,17011,9,39,6,1,43,1,1,2,1,1,15,2999.6541,2320,1,1,2025,10,8,9,39,6,1,43,1,2,1,1,11,2831.9089,2861,1,0,0,1,other occupation
700602011119913,7,2024,14,1,17011,12,32,6,2,43,1,3,2,1,1,50,6552.0658,2310,1,1,2025,13,5,12,33,6,2,43,1,2,1,2,40,7007.8614,2310,1,1,1,0,still teacher
007110290481690,7,2024,16,1,17011,21,42,1,1,44,1,1,2,1,1,40,4150.6964,2320,1,1,2025,16,5,21,43,1,1,44,1,2,1,1,17,4763.4376,2320,1,1,1,0,still teacher
122804300457312,7,2024,16,3,17011,24,40,1,2,44,1,1,2,1,1,40,4618.6367,2310,1,1,2025,16,7,24,41,1,2,44,1,2,1,1,40,5023.6202,2310,1,1,1,0,still teacher
524706215817820,7,2024,16,3,17011,25,39,2,2,44,1,1,2,1,2,35,2883.9198,2310,1,1,2025,14,7,25,40,2,2,44,1,2,1,2,40,3506.3107,2320,1,1,1,0,still teacher
335105113420520,7,2024,15,4,17011,33,55,1,2,44,1,1,2,1,2,40,1202.1804,2310,1,1,2025,16,8,33,56,1,2,44,1,2,1,2,40,1014.403,2310,1,1,1,0,still teacher
941090104029372,7,2024,15,2,17011,34,42,1,2,43,1,1,2,1,1,37,4495.1691,2310,1,1,2025,15,6,34,43,1,2,44,1,2,1,3,-1,4773.1802,2310,0,0,0,1,unemployed
096949260630119,7,2024,16,4,17011,39,40,1,2,44,1,2,2,1,2,-4,3979.1104,2300,1,1,2025,16,8,39,41,1,2,44,1,2,1,1,40,3925.8774,2300,1,1,1,0,still teacher
630102051409526,7,2024,14,1,17011,42,64,4,2,44,1,1,2,1,2,40,4801.049,2320,1,1,2025,14,5,42,65,4,2,44,1,2,1,1,2,4987.8898,2320,1,1,1,0,still teacher
160654612001820,7,2024,15,2,17011,42,39,1,2,44,1,1,2,1,2,38,5405.9378,2320,1,1,2025,15,6,42,39,1,2,44,1,2,1,3,-1,5693.2547,2310,0,0,0,1,unemployed
160958500530474,7,2024,15,3,17011,45,61,1,2,43,1,2,2,1,1,50,2471.2693,2310,1,1,2025,15,7,45,62,1,2,43,1,2,1,2,50,2425.387,2330,1,1,1,0,still teacher
005089003210121,7,2024,15,2,17011,50,53,4,2,43,1,1,2,1,2,40,379.9761,2310,1,1,2025,15,6,50,53,4,2,43,1,2,1,2,40,394.682,2310,1,1,1,0,still teacher
005089003210121,7,2024,15,2,17011,50,49,4,2,43,1,2,2,1,2,40,366.7478,2310,1,1,2025,15,6,50,50,4,2,43,1,2,1,2,40,394.682,2310,1,1,1,0,still teacher
182667300038175,7,2024,14,3,17011,50,69,6,1,43,1,1,2,1,1,40,388.2497,2320,1,1,2025,16,7,50,70,6,1,43,1,2,1,1,-4,335.467,2320,1,1,1,0,still teacher
960191011506384,7,2024,16,2,17011,51,29,1,2,44,1,2,2,1,2,40,5267.4328,2320,1,1,2025,16,6,51,30,1,2,44,1,2,1,2,40,4511.5958,2310,1,1,1,0,still teacher
055167011611932,7,2024,16,3,17011,51,50,1,2,44,1,2,2,1,2,40,5005.6635,2320,1,1,2025,16,7,51,51,1,2,43,1,2,1,2,40,5509.8175,2310,1,1,1,0,still teacher
130294200164315,7,2024,15,4,17011,51,45,1,2,43,1,2,2,1,1,-4,4992.4384,2310,1,1,2025,15,8,51,46,1,2,43,1,2,1,1,-4,5926.1314,725,1,0,0,1,other occupation
311087107285190,7,2024,13,1,17111,11,27,6,2,43,2,1,2,1,2,45,891.1266,2310,1,1,2025,14,5,11,28,6,2,43,2,2,1,1,42,905.535,2360,1,0,0,1,other occupation
000120277831814,7,2024,13,3,17111,22,47,1,2,43,2,2,2,1,2,40,2247.7872,2310,1,1,2025,12,7,22,48,1,2,43,2,2,1,1,40,2018.8165,2310,1,1,1,0,still teacher
225309110153210,7,2024,15,4,17111,22,30,6,1,43,1,1,2,1,2,40,2580.8714,2310,1,1,2025,15,8,22,31,6,1,43,1,2,1,2,40,2553.184,2310,1,1,1,0,still teacher
991900308025521,7,2024,16,4,17111,25,29,1,1,44,1,1,2,1,1,40,3438.2251,2320,1,1,2025,16,8,25,30,1,1,44,1,2,1,2,40,3132.3141,2205,1,0,0,1,other occupation
650452146031250,7,2024,16,3,17111,25,51,1,1,44,1,1,2,1,2,40,3910.2433,2310,1,1,2025,15,7,25,52,1,1,44,1,2,1,1,40,3856.0562,2310,1,1,1,0,still teacher
044038064015464,7,2024,12,4,17111,45,39,4,2,43,2,2,2,1,1,35,4305.955,2310,1,1,2025,12,8,45,40,4,2,42,2,2,1,1,40,3824.9443,2300,1,1,1,0,still teacher
121700305202743,7,2024,16,1,17111,47,55,1,2,44,1,2,2,1,1,40,4366.1075,2310,1,1,2025,16,5,47,56,1,2,44,1,2,1,2,40,4711.1779,2310,1,1,1,0,still teacher
053869470400175,7,2024,16,4,17011,5,48,1,2,44,1,1,2,1,1,40,1336.3095,2310,1,1,2025,15,8,5,50,1,2,44,1,2,1,1,40,1892.6695,2310,1,1,1,0,still teacher
160623400573970,7,2024,16,3,17011,5,41,1,2,44,1,2,2,1,2,-4,1700.4422,2310,1,1,2025,15,7,5,42,1,2,44,1,2,1,2,16,2158.9336,2360,1,0,0,1,other occupation
001160151751013,7,2024,16,2,17011,16,44,1,2,43,1,1,2,1,2,40,1050.5197,2310,1,1,2025,16,6,16,45,1,2,43,1,2,1,1,40,1214.8616,2310,1,1,1,0,still teacher
011300879382713,7,2024,14,3,17011,17,40,1,1,44,4,1,2,1,2,40,4248.8364,2310,1,1,2025,16,7,17,41,1,1,44,4,2,1,2,40,5287.9531,2310,1,1,1,0,still teacher
021018028817196,7,2024,15,2,17011,17,42,1,2,44,1,1,2,1,2,40,3882.303,2310,1,1,2025,16,6,17,42,1,2,44,1,2,1,2,40,5124.9528,2310,1,1,1,0,still teacher
083728470110108,7,2024,15,1,17011,18,38,1,2,44,1,1,2,1,2,55,3417.3017,2310,1,1,2025,14,5,18,40,1,2,44,1,2,1,1,55,3487.2384,2310,1,1,1,0,still teacher
814003013243780,7,2024,13,4,17011,18,51,4,2,44,1,1,2,1,2,40,3842.1803,2320,1,1,2025,14,8,18,52,4,2,44,1,2,1,2,-4,4101.6196,2310,1,1,1,0,still teacher
110441168041490,7,2024,16,3,17011,19,46,1,2,44,1,1,2,1,2,60,3001.195,2310,1,1,2025,16,7,19,47,1,2,44,1,2,1,3,-1,3179.2283,2002,0,0,0,1,unemployed
110441168041490,7,2024,16,3,17011,19,49,1,1,44,1,2,2,1,1,60,2481.4134,2310,1,1,2025,16,7,19,50,1,1,43,1,2,1,3,-1,2923.5274,2310,0,0,0,1,unemployed
150812200948241,7,2024,14,3,17011,19,56,6,2,44,1,1,2,1,1,40,2604.0679,2310,1,1,2025,14,7,19,57,6,2,44,1,2,1,1,32,3368.4683,2310,1,1,1,0,still teacher
005190194899552,7,2024,14,2,17011,19,41,2,2,43,1,2,2,1,2,50,2138.8251,2310,1,1,2025,15,6,19,41,2,2,43,1,2,1,7,-1,2223.9646,-1,0,0,0,1,out of labor force
076010103804200,7,2024,13,3,17011,27,64,6,2,43,1,1,2,1,1,40,4535.4709,2310,1,1,2025,11,7,27,65,6,2,44,1,2,1,5,-1,3754.1859,-1,0,0,0,1,out of labor force
520389051200445,7,2024,14,4,17011,29,60,4,2,43,1,1,2,1,2,40,5240.0211,2330,1,1,2025,12,8,29,61,4,2,43,1,2,1,2,40,5601.4307,2330,1,1,1,0,still teacher
063975330133142,7,2024,15,2,17011,32,35,1,2,43,1,2,2,1,2,40,2438.1488,2310,1,1,2025,16,6,32,35,1,2,43,1,2,1,1,37,1615.4451,2330,1,1,1,0,still teacher
721400504716230,7,2024,14,3,17011,32,25,6,2,43,1,2,2,1,1,40,1987.6782,2310,1,1,2025,15,7,32,27,1,2,43,1,2,1,2,40,2992.5651,2310,1,1,1,0,still teacher
150529700888853,7,2024,15,2,17011,38,48,1,1,41,1,1,2,1,1,40,424.0456,2310,1,1,2025,16,6,38,48,1,1,41,1,2,1,1,55,698.5859,2310,1,1,1,0,still teacher
082023102321301,7,2024,16,3,17011,38,49,1,2,43,1,2,2,1,2,50,623.8442,2310,1,1,2025,16,7,38,50,1,2,43,1,2,1,2,-4,502.0582,2310,1,1,1,0,still teacher
006160430328548,7,2024,15,1,17011,46,36,1,1,44,1,1,2,1,2,40,593.6761,2310,1,1,2025,15,5,46,38,1,1,44,1,2,1,2,-4,803.571,2310,1,1,1,0,still teacher
034902108018513,7,2024,16,3,17011,48,53,1,1,46,1,1,2,1,1,40,5721.8664,2310,1,1,2025,16,7,48,55,1,1,46,1,2,1,1,70,5485.3262,230,1,0,0,1,other occupation
028897304000019,7,2024,14,1,17011,48,60,1,2,43,1,2,2,1,2,50,4632.0211,2310,1,1,2025,14,5,48,61,1,2,43,1,2,1,2,50,3770.0724,2310,1,1,1,0,still teacher
113173600962974,7,2024,15,3,17012,49,63,4,2,44,1,1,2,1,1,40,1757.5209,2300,1,1,2025,15,7,49,64,4,2,44,1,2,1,1,40,1762.7637,2300,1,1,1,0,still teacher
131871100362405,7,2024,15,3,17011,53,55,1,2,44,1,2,2,1,2,40,3464.2554,2310,1,1,2025,16,7,53,56,1,2,44,1,2,1,3,-1,3352.0215,2310,0,0,0,1,unemployed
550011106933000,7,2024,7,4,17111,5,28,6,2,43,2,1,2,1,1,40,2474.2478,2310,1,1,2025,16,8,5,29,6,2,43,2,2,1,1,40,3212.191,2310,1,1,1,0,still teacher
660002028071990,7,2024,13,2,17111,29,23,6,2,43,1,1,2,1,1,60,4058.9011,2310,1,1,2025,12,6,29,24,1,2,43,1,2,1,2,40,7910.3894,2310,1,1,1,0,still teacher
161739200016383,7,2024,10,2,17111,30,24,1,2,43,1,1,2,1,2,40,822.0443,2310,1,1,2025,13,6,30,25,1,2,43,1,2,1,1,40,717.1731,2040,1,0,0,1,other occupation
044800016641690,7,2024,12,1,17111,40,75,1,2,42,1,2,2,1,1,30,1719.1088,2310,1,1,2025,11,5,40,77,1,2,41,1,2,1,5,-1,1764.4475,-1,0,0,0,1,out of labor force
094082049011058,7,2024,16,3,17111,41,55,4,1,44,1,1,2,1,2,45,2468.6017,2310,1,1,2025,16,7,41,55,1,1,44,1,2,1,2,45,2268.4466,2320,1,1,1,0,still teacher
094082049011058,7,2024,16,3,17111,41,52,4,2,44,1,2,2,1,2,45,2420.2928,2310,1,1,2025,16,7,41,54,1,2,44,1,2,1,2,50,2380.1963,2310,1,1,1,0,still teacher
520315469051661,7,2024,15,4,17111,56,37,1,2,44,1,2,2,1,2,40,418.9062,2310,1,1,2025,15,8,56,38,1,2,44,1,2,1,2,40,559.6236,2310,1,1,1,0,still teacher
656802111711340,7,2024,14,4,17111,56,42,1,2,44,1,1,2,1,1,50,410.4799,2320,1,1,2025,15,8,56,43,1,2,44,1,2,1,1,50,552.4805,137,1,0,0,1,other occupation
205120059240723,7,2024,14,3,17012,2,22,1,2,42,1,2,2,1,1,40,1018.2613,2300,1,1,2025,14,7,2,23,1,2,42,1,2,1,1,40,570.7416,2300,1,1,1,0,still teacher
470575001008498,7,2024,14,3,17011,5,57,6,2,43,1,2,2,1,1,40,1432.6528,2310,1,1,2025,13,7,5,59,6,2,43,1,2,1,1,40,1512.243,2310,1,1,1,0,still teacher
660098124242053,7,2024,14,1,17011,6,36,1,2,43,1,2,1,1,1,38,4890.5582,2300,1,1,2025,13,5,6,37,1,2,43,1,1,1,2,38,5720.1126,2300,1,1,1,0,still teacher
070269940302186,7,2024,15,1,17011,6,42,2,2,43,1,1,1,1,1,40,3771.1076,2310,1,1,2025,15,5,6,43,1,2,43,1,1,1,4,-1,5540.4022,2310,0,0,0,1,unemployed
411000204837809,7,2024,15,3,17011,8,44,1,1,44,1,1,2,1,2,50,5035.4876,2310,1,1,2025,16,7,8,45,1,1,44,1,2,1,2,50,4775.4506,2310,1,1,1,0,still teacher
540539051017670,7,2024,9,3,17011,9,41,1,2,42,4,1,2,4,2,35,4976.7624,2300,1,1,2025,9,7,9,42,1,2,43,4,2,4,1,35,3931.809,2300,1,1,1,0,still teacher
041333064410301,7,2024,15,2,17011,10,79,1,1,46,1,1,2,1,2,48,569.4082,2320,1,1,2025,15,6,10,80,1,1,46,1,2,1,3,-1,680.0147,2320,0,0,0,1,unemployed
405100164125238,7,2024,15,1,17011,10,36,1,2,39,1,1,1,2,1,37,778.6435,2300,1,1,2025,6,5,10,38,1,2,39,1,1,2,4,-1,1336.5535,4220,0,0,0,1,unemployed
130024800748961,7,2024,16,4,17011,17,47,4,2,44,1,5,2,1,2,40,5227.7815,2310,1,1,2025,16,8,17,48,4,2,44,1,2,1,2,40,5138.3124,2310,1,1,1,0,still teacher
881050108571121,7,2024,12,1,17011,18,22,6,2,39,1,2,2,1,2,40,4021.1766,2300,1,1,2025,12,5,18,23,6,2,39,1,2,1,1,0,4372.2853,2545,1,0,0,1,other occupation
100705300936472,7,2024,15,3,17011,29,47,1,2,43,1,2,2,1,2,24,4423.5448,2310,1,1,2025,15,7,29,48,1,2,43,1,2,1,3,-1,4109.6427,2310,0,0,0,1,unemployed
623029106739309,7,2024,10,1,17011,32,64,1,1,44,1,1,2,1,2,50,1845.054,2310,1,1,2025,15,5,32,65,1,1,44,1,2,1,5,-1,2102.0999,-1,0,0,0,1,out of labor force
623029106739309,7,2024,10,1,17011,32,63,1,2,44,1,2,2,1,2,50,2001.0857,2310,1,1,2025,15,5,32,64,1,2,44,1,2,1,2,35,2249.4609,2320,1,1,1,0,still teacher
011200510967335,7,2024,15,3,17011,33,57,1,2,43,1,1,2,1,1,16,1398.9764,2320,1,1,2025,14,7,33,58,1,2,43,1,2,1,1,23,1295.7769,2320,1,1,1,0,still teacher
121601400628923,7,2024,14,3,17011,36,51,1,1,44,1,2,1,1,1,40,4921.2563,2320,1,1,2025,14,7,36,52,1,1,44,1,1,1,1,40,7332.2345,2310,1,1,1,0,still teacher
043067057017754,7,2024,13,1,17011,37,65,1,2,40,1,1,2,1,2,-4,4158.2892,2310,1,1,2025,12,5,37,66,1,2,41,1,2,1,2,28,3780.2081,2310,1,1,1,0,still teacher
937607117429100,7,2024,16,1,17011,39,43,1,2,44,1,1,2,1,1,40,5206.534,2320,1,1,2025,16,5,39,44,1,2,44,1,2,1,1,40,4452.6655,2310,1,1,1,0,still teacher
180634304071651,7,2024,16,1,17011,45,39,1,2,43,1,2,2,1,2,40,2522.4294,2310,1,1,2025,12,5,45,40,1,2,43,1,2,1,1,40,2830.8183,230,1,0,0,1,other occupation
775011105067462,7,2024,16,4,17011,47,62,1,2,44,2,2,2,1,2,30,3855.3272,2310,1,1,2025,14,8,47,62,1,2,44,2,2,1,2,40,3700.0637,2310,1,1,1,0,still teacher
841901298146841,7,2024,16,3,17011,48,32,1,2,43,1,1,2,1,1,40,5558.7776,2310,1,1,2025,14,7,48,33,1,2,43,1,2,1,2,40,5582.1861,2310,1,1,1,0,still teacher
120813200812234,7,2024,16,2,17011,48,49,1,2,43,4,2,2,4,1,40,6354.5427,2310,1,1,2025,16,6,48,50,1,2,43,4,2,4,2,50,5130.1857,2310,1,1,1,0,still teacher
521300835960846,7,2024,13,3,17011,48,33,4,2,43,1,1,2,1,1,40,5558.7776,2320,1,1,2025,13,7,48,34,4,2,43,1,2,1,1,40,5582.1861,2310,1,1,1,0,still teacher
006190457884030,7,2024,15,3,17011,49,67,1,2,43,1,1,2,1,2,20,1533.8813,2330,1,1,2025,15,7,49,68,1,2,43,1,2,1,2,-4,1732.9433,2360,1,0,0,1,other occupation
130065778051051,7,2024,16,3,17011,55,36,1,2,44,3,2,1,1,1,40,5508.9828,2320,1,1,2025,16,7,55,36,1,2,44,3,2,1,1,40,5188.225,2320,1,1,1,0,still teacher
109604015555300,7,2024,15,3,17111,1,23,1,2,43,1,2,2,1,2,40,4129.2265,2310,1,1,2025,15,7,1,24,1,2,43,1,2,1,1,40,3491.6564,440,1,0,0,1,other occupation
751439680020016,7,2024,15,3,17111,1,47,1,2,44,2,2,2,1,2,40,2875.3419,2310,1,1,2025,16,7,1,48,1,2,44,2,2,1,2,40,2910.666,2310,1,1,1,0,still teacher
080044021711065,7,2024,14,3,17111,1,39,1,1,46,1,1,2,1,1,40,3003.1076,2310,1,1,2025,15,7,1,40,1,1,46,1,2,1,2,40,2350.9909,2310,1,1,1,0,still teacher
080044021711065,7,2024,14,3,17111,1,38,1,2,44,1,2,2,1,1,40,3081.5421,2310,1,1,2025,15,7,1,39,1,2,44,1,2,1,7,-1,2633.5028,-1,0,0,0,1,out of labor force
514108014690330,7,2024,14,3,17111,15,45,1,2,43,1,1,1,1,1,40,592.1592,2310,1,1,2025,14,7,15,45,1,2,43,1,1,1,1,20,767.1625,2310,1,1,1,0,still teacher
092002077618542,7,2024,13,1,17111,28,38,6,1,43,1,2,2,1,1,40,2036.0437,2310,1,1,2025,14,5,28,39,6,1,43,1,2,1,1,-4,2487.3502,2310,1,1,1,0,still teacher
052809340931190,7,2024,13,4,17111,30,52,6,2,44,1,1,2,1,1,40,544.9973,2310,1,1,2025,15,8,30,54,6,2,44,1,2,1,1,40,538.4469,2310,1,1,1,0,still teacher
151838800071883,7,2024,15,2,17111,30,54,4,2,44,1,1,2,1,2,55,591.988,2310,1,1,2025,15,6,30,55,4,2,44,1,2,1,1,-4,508.4926,2310,1,1,1,0,still teacher
780466041509031,7,2024,13,3,17111,56,56,4,2,44,1,1,2,1,1,40,364.3128,2330,1,1,2025,13,7,56,57,4,2,44,1,2,1,2,-4,441.0223,2330,1,1,1,0,still teacher
101160535917059,7,2024,14,2,17111,56,36,1,1,43,1,1,2,1,1,-4,414.7291,2310,1,1,2025,14,6,56,37,1,1,43,1,2,1,2,40,389.7707,2001,1,0,0,1,other occupation
021442091065897,7,2024,13,2,17011,2,38,6,2,44,1,1,2,1,2,45,662.0681,2320,1,1,2025,13,6,2,39,6,2,44,1,2,1,2,40,554.9214,2320,1,1,1,0,still teacher
162592400619080,7,2024,16,1,17011,6,25,6,2,44,1,2,2,1,1,54,4362.1211,2310,1,1,2025,16,5,6,26,6,2,44,1,2,1,2,50,4842.4788,2310,1,1,1,0,still teacher
487030101771025,7,2024,14,1,17011,8,31,1,1,46,1,1,2,1,1,40,4771.7783,2310,1,1,2025,12,5,8,32,1,1,46,1,2,1,1,40,6123.6341,2320,1,1,1,0,still teacher
639040108025112,7,2024,14,3,17011,13,57,5,2,46,1,1,2,1,1,55,3985.4603,2320,1,1,2025,14,7,13,57,5,2,46,1,2,1,1,50,3721.0703,2310,1,1,1,0,still teacher
633434381010210,7,2024,16,3,17011,13,35,6,2,43,2,1,2,1,2,40,6136.7453,2320,1,1,2025,16,7,13,36,6,2,43,2,2,1,1,40,9838.4935,2310,1,1,1,0,still teacher
101200544253519,7,2024,15,1,17011,15,22,6,1,40,4,3,2,1,1,40,830.1435,2310,1,1,2025,16,5,15,23,6,1,43,4,2,1,1,40,808.4601,2310,1,1,1,0,still teacher
032044028018591,7,2024,15,1,17011,28,42,1,1,44,2,2,2,1,1,50,3437.6427,2320,1,1,2025,15,5,28,44,1,1,44,2,2,1,1,40,2896.6548,2320,1,1,1,0,still teacher
582936563090015,7,2024,16,4,17011,32,44,1,2,43,1,1,2,1,2,40,1647.3884,2320,1,1,2025,15,8,32,45,1,2,43,1,2,1,1,40,1775.9205,2310,1,1,1,0,still teacher
582936563090015,7,2024,16,4,17011,32,42,1,1,43,3,2,1,1,2,40,2576.5994,2320,1,1,2025,15,8,32,43,1,1,43,3,1,1,1,40,2785.0409,2310,1,1,1,0,still teacher
005150311858844,7,2024,16,4,17011,35,53,1,2,44,1,2,2,3,2,40,1199.4526,2310,1,1,2025,14,8,35,54,1,2,44,1,2,3,1,40,1334.7531,2310,1,1,1,0,still teacher
474542254050012,7,2024,13,3,17011,44,25,6,2,43,1,1,2,1,1,15,1184.4768,2330,1,1,2025,12,7,44,25,6,2,44,1,2,1,1,40,1648.1064,2310,1,1,1,0,still teacher
631300130964448,7,2024,15,1,17011,44,44,1,2,44,2,1,2,1,2,44,1682.543,2330,1,1,2025,15,5,44,45,1,2,44,2,2,1,2,40,1103.1817,2330,1,1,1,0,still teacher
120206061416013,7,2024,12,3,17011,46,34,6,2,43,1,1,2,1,2,40,797.4768,2320,1,1,2025,12,7,46,35,6,2,43,1,2,1,2,45,891.7633,2320,1,1,1,0,still teacher
094052098518097,7,2024,15,1,17011,48,34,1,1,43,1,1,2,1,1,40,5693.6638,2310,1,1,2025,15,5,48,35,1,1,43,1,2,1,1,50,5464.6509,2310,1,1,1,0,still teacher
920038061405254,7,2024,16,1,17011,48,50,1,2,43,1,2,2,1,2,40,5297.3282,2320,1,1,2025,16,5,48,51,1,2,43,1,2,1,1,40,5166.9418,230,1,0,0,1,other occupation
190028081403830,7,2024,15,3,17011,48,56,1,2,43,1,1,2,1,2,50,5060.3875,2310,1,1,2025,15,7,48,57,1,2,43,1,2,1,2,50,4847.8332,2310,1,1,1,0,still teacher
950655162011311,7,2024,16,1,17011,51,48,1,2,43,1,2,2,1,2,-4,4597.7697,2310,1,1,2025,16,5,51,48,1,2,43,1,2,1,2,-4,4956.5157,2360,1,0,0,1,other occupation
058869510911185,7,2024,16,3,17111,15,55,1,2,43,4,2,2,1,2,40,786.7337,2310,1,1,2025,16,7,15,56,1,2,43,4,2,1,1,40,737.5614,2310,1,1,1,0,still teacher
318206241060016,7,2024,16,2,17111,18,46,1,2,43,1,2,2,1,2,40,3458.191,2310,1,1,2025,16,6,18,47,1,2,43,1,2,1,2,45,4182.9396,2310,1,1,1,0,still teacher
432030101791325,7,2024,15,2,17111,33,45,1,2,44,1,1,2,1,1,40,1169.3401,2310,1,1,2025,15,6,33,46,1,2,44,1,2,1,7,-1,1272.3254,-1,0,0,0,1,out of labor force
720273154041753,7,2024,12,2,17111,35,60,1,2,43,1,1,2,1,1,40,1488.157,2310,1,1,2025,15,6,35,61,1,2,43,1,2,1,1,25,1468.1646,800,1,0,0,1,other occupation
406060108283452,7,2024,12,2,17111,40,63,2,2,43,1,1,2,1,2,40,2140.2655,2310,1,1,2025,12,6,40,64,2,2,43,1,2,1,1,40,2720.5129,2310,1,1,1,0,still teacher
107070108447562,7,2024,16,2,17111,50,63,1,2,43,7,2,2,1,2,35,394.602,2310,1,1,2025,16,6,50,64,1,2,43,7,2,1,5,-1,487.963,-1,0,0,0,1,out of labor force
245092101331565,7,2024,13,2,17111,54,60,1,1,43,1,1,2,1,1,40,973.2596,2320,1,1,2025,14,6,54,61,1,1,43,1,2,1,5,-1,782.1679,-1,0,0,0,1,out of labor force
245092101331565,7,2024,13,2,17111,54,58,1,2,43,1,3,2,1,1,40,850.2742,2320,1,1,2025,14,6,54,59,1,2,44,1,2,1,2,40,685.8966,2310,1,1,1,0,still teacher
032124092713085,7,2024,16,3,17011,23,39,1,2,42,1,1,2,1,1,40,1682.7276,2310,1,1,2025,16,7,23,40,1,2,42,1,2,1,2,13,1421.8435,2545,1,0,0,1,other occupation
639809412966930,7,2024,13,3,17011,36,37,6,2,43,2,1,2,1,2,35,5017.9815,2310,1,1,2025,9,7,36,38,6,2,43,2,2,1,1,40,7392.6678,4435,1,0,0,1,other occupation
631400110464246,7,2024,15,2,17011,42,49,1,2,44,1,1,2,1,1,28,4077.0036,2310,1,1,2025,15,6,42,50,1,2,44,1,2,1,2,40,4889.7842,2310,1,1,1,0,still teacher
240405013923110,7,2024,15,2,17011,42,31,1,1,44,1,1,2,1,1,50,6464.3858,2320,1,1,2025,15,6,42,32,1,1,44,1,2,1,1,40,4888.7522,2320,1,1,1,0,still teacher
240405013923110,7,2024,15,2,17011,42,30,1,2,44,1,2,2,1,1,50,5229.6391,2310,1,1,2025,15,6,42,31,1,2,44,1,2,1,1,40,4279.3835,2310,1,1,1,0,still teacher
015196016811535,7,2024,16,1,17011,51,46,1,2,44,1,2,2,1,2,-4,4597.7697,2310,1,1,2025,16,5,51,47,1,2,44,1,2,1,2,-4,4956.5157,2310,1,1,1,0,still teacher
951200907128827,7,2024,15,4,17111,28,40,6,2,46,2,1,2,1,1,40,3042.5662,2310,1,1,2025,16,8,28,41,6,2,46,2,2,1,2,40,2085.9673,2310,1,1,1,0,still teacher
209501212205740,7,2024,14,1,17011,2,53,6,2,44,1,1,2,1,2,40,613.4097,2320,1,1,2025,14,5,2,54,6,2,44,1,2,1,2,40,794.742,2722,1,0,0,1,other occupation
010600031914646,7,2024,15,1,17011,4,43,4,2,44,1,1,2,1,2,40,4344.3386,2310,1,1,2025,13,5,4,43,4,2,44,1,2,1,2,40,4269.4661,2310,1,1,1,0,still teacher
845305214116090,7,2024,9,2,17011,48,24,6,2,43,1,1,1,1,1,40,5634.4305,2300,1,1,2025,10,6,48,26,6,2,39,1,1,1,1,40,5762.3644,2300,1,1,1,0,still teacher
040364680031181,7,2024,13,1,17011,48,55,6,2,44,1,1,1,1,1,60,4826.1606,2310,1,1,2025,13,5,48,57,6,2,44,1,1,1,2,0,5024.8539,2310,1,1,1,0,still teacher
916180435849644,7,2024,15,4,17011,48,31,6,2,43,1,2,1,1,2,40,5149.1125,2310,1,1,2025,15,8,48,32,6,2,43,1,1,1,2,40,4748.4232,2310,1,1,1,0,still teacher
018147470250175,7,2024,16,2,17011,55,61,1,2,44,1,2,2,1,2,40,4289.4111,2330,1,1,2025,14,6,55,62,1,2,43,1,2,1,3,-1,3780.7913,2310,0,0,0,1,unemployed
650475370041450,7,2024,16,4,17011,55,34,1,2,43,1,2,2,1,2,40,3798.7627,2310,1,1,2025,16,8,55,35,1,2,43,1,2,1,2,40,5089.1442,2310,1,1,1,0,still teacher
098531090120162,7,2024,16,2,17011,22,54,1,2,44,1,2,2,1,2,40,2038.1401,2310,1,1,2025,16,6,22,55,1,2,43,1,2,1,1,40,2162.346,2310,1,1,1,0,still teacher
426010105832271,7,2024,16,3,17011,22,37,1,2,44,2,1,2,1,1,40,1983.7077,2310,1,1,2025,16,7,22,37,1,2,44,2,2,1,1,40,2298.3402,440,1,0,0,1,other occupation
052112060515555,7,2024,15,2,17011,25,48,1,1,43,1,1,2,1,1,40,2629.2686,2310,1,1,2025,16,6,25,48,1,1,43,1,2,1,2,60,3161.0788,2310,1,1,1,0,still teacher
088959952020015,7,2024,14,3,17011,28,46,1,2,43,2,2,2,1,1,40,1631.9835,2310,1,1,2025,16,7,28,47,1,2,43,2,2,1,1,40,1785.8689,2320,1,1,1,0,still teacher
344794163050018,7,2024,14,1,17011,34,40,6,2,43,1,1,2,1,1,50,6911.7629,2330,1,1,2025,14,5,34,41,6,2,43,1,2,1,1,40,6646.2395,2310,1,1,1,0,still teacher
740943214011840,7,2024,13,3,17011,34,34,6,2,44,2,1,2,1,1,16,7422.0227,2310,1,1,2025,13,7,34,35,6,2,43,2,2,1,4,-1,5634.5167,2300,0,0,0,1,unemployed
631401214375270,7,2024,16,3,17011,36,44,4,2,46,1,1,2,1,2,40,5521.0823,2310,1,1,2025,16,7,36,45,4,2,46,1,2,1,2,40,4670.8149,2310,1,1,1,0,still teacher
959558743080110,7,2024,14,1,17011,39,52,1,2,43,1,1,2,1,2,25,4524.3178,2300,1,1,2025,13,5,39,53,1,2,43,1,2,1,2,30,4602.6719,2300,1,1,1,0,still teacher
090149071319449,7,2024,12,2,17011,39,28,6,1,43,1,1,2,1,2,40,5277.3119,2320,1,1,2025,13,6,39,29,6,1,43,1,2,1,1,40,6306.4547,2310,1,1,1,0,still teacher
240409017242120,7,2024,15,2,17011,42,30,1,2,44,1,2,2,1,2,40,5229.6391,2310,1,1,2025,16,6,42,32,1,2,44,1,2,1,7,-1,4279.3835,-1,0,0,0,1,out of labor force
201200213681245,7,2024,15,2,17011,42,73,2,2,43,1,1,2,1,2,35,4115.4925,2320,1,1,2025,14,6,42,74,2,2,43,1,2,1,2,35,5493.6507,2310,1,1,1,0,still teacher
003110596276717,7,2024,15,3,17011,51,37,1,2,44,1,2,1,1,2,45,4248.9058,2310,1,1,2025,16,7,51,38,1,2,44,1,1,1,2,45,5601.4851,2310,1,1,1,0,still teacher
080087006911759,7,2024,15,1,17111,1,43,1,2,43,1,2,2,1,1,40,3129.3584,2310,1,1,2025,13,5,1,43,1,2,44,1,2,1,1,40,2558.7416,2310,1,1,1,0,still teacher
208120239137495,7,2024,15,4,17111,22,44,1,2,43,1,2,2,1,2,40,1699.6247,2310,1,1,2025,16,8,22,45,1,2,43,1,2,1,1,40,2245.8193,2310,1,1,1,0,still teacher
440076107745005,7,2024,14,1,17011,4,50,1,1,43,1,1,2,1,2,50,6048.5731,2310,1,1,2025,15,5,4,51,1,1,43,1,2,1,2,45,5331.0903,2310,1,1,1,0,still teacher
440076107745005,7,2024,14,1,17011,4,47,1,2,43,1,2,2,1,1,50,5825.1707,2320,1,1,2025,15,5,4,48,1,2,43,1,2,1,1,55,6215.9028,2310,1,1,1,0,still teacher
300047061177878,7,2024,15,1,17011,17,30,6,2,42,1,2,1,5,1,40,5365.9968,2310,1,1,2025,12,5,17,31,6,2,40,1,1,5,1,40,6169.433,2545,1,0,0,1,other occupation
005170139803455,7,2024,15,4,17011,17,38,1,2,44,1,2,2,1,1,40,5084.4505,2310,1,1,2025,16,8,17,39,1,2,44,1,2,1,7,-1,4038.5805,-1,0,0,0,1,out of labor force
529128611080015,7,2024,15,2,17011,19,29,1,2,43,1,1,2,1,2,55,2705.6465,2310,1,1,2025,15,6,19,30,1,2,43,1,2,1,2,40,2469.1318,2310,1,1,1,0,still teacher
047693000120146,7,2024,9,2,17011,26,63,6,2,43,1,1,2,1,1,30,4042.2899,2320,1,1,2025,11,6,26,64,6,2,44,1,2,1,1,40,4736.9169,3550,1,0,0,1,other occupation
006002110431111,7,2024,15,3,17011,31,53,3,2,43,1,1,2,1,1,40,1412.7774,2300,1,1,2025,15,7,31,54,3,2,41,1,2,1,1,40,1422.827,2300,1,1,1,0,still teacher
910998091309319,7,2024,14,3,17011,38,28,1,2,40,1,1,2,1,1,40,474.7919,2300,1,1,2025,14,7,38,29,1,2,40,1,2,1,7,-1,522.8874,-1,0,0,0,1,out of labor force
172001600351685,7,2024,16,3,17011,53,42,1,2,44,1,2,2,1,1,50,3496.7406,2310,1,1,2025,16,7,53,42,1,2,44,1,2,1,2,40,4185.7215,2310,1,1,1,0,still teacher
557010103597534,7,2024,12,1,17011,55,46,3,2,43,1,1,2,1,1,60,4809.374,2310,1,1,2025,13,5,55,47,3,2,43,1,2,1,7,-1,4110.8512,-1,0,0,0,1,out of labor force
101316100691435,7,2024,16,1,17011,56,42,1,2,43,1,1,2,1,2,40,378.4251,2310,1,1,2025,15,5,56,43,1,2,43,1,2,1,1,0,405.5627,2310,1,1,1,0,still teacher
085207014316992,7,2024,14,1,17011,56,35,1,2,44,1,1,2,1,1,40,354.6688,2320,1,1,2025,15,5,56,36,1,2,44,1,2,1,1,40,394.6713,2320,1,1,1,0,still teacher
930206012758110,7,2024,14,3,17011,39,31,1,2,44,1,1,2,1,2,40,4809.0242,2320,1,1,2025,14,7,39,32,1,2,44,1,2,1,2,40,5805.176,2310,1,1,1,0,still teacher
038709114124470,7,2024,12,4,17011,30,25,6,2,35,1,3,2,1,1,32,852.2824,2300,1,1,2025,12,8,30,25,6,2,35,1,2,1,7,-1,891.1283,-1,0,0,0,1,out of labor force
564031106132319,7,2024,16,1,17011,36,37,1,1,43,4,1,2,4,2,40,4952.6694,2310,1,1,2025,15,5,36,38,1,1,43,4,2,4,2,40,5828.1753,2320,1,1,1,0,still teacher
764041107480336,7,2024,16,4,17011,36,47,1,2,44,1,2,2,1,2,40,5426.8184,2310,1,1,2025,16,8,36,48,1,2,44,1,2,1,1,40,4854.786,2310,1,1,1,0,still teacher
108533134001918,7,2024,14,2,17011,48,46,1,2,44,1,2,2,1,2,40,4427.7324,2310,1,1,2025,14,6,48,47,1,2,44,1,2,1,2,70,5006.7963,2320,1,1,1,0,still teacher
180781600875662,7,2024,13,2,17111,28,45,1,2,43,1,1,2,1,2,45,1391.067,2310,1,1,2025,14,6,28,46,1,2,43,1,2,1,2,40,1309.448,2310,1,1,1,0,still teacher
760280031405708,7,2024,11,2,17111,40,69,4,2,40,1,1,2,5,2,25,2531.7307,2300,1,1,2025,7,6,40,70,4,2,40,1,2,5,5,-1,2896.3362,-1,0,0,0,1,out of labor force
091325820700141,6,2024,16,3,17011,1,30,6,2,44,2,1,2,1,1,40,3291.6697,2310,1,1,2025,16,7,1,31,6,2,44,2,2,1,2,50,4255.7909,2300,1,1,1,0,still teacher
540539051017670,6,2024,9,2,17011,9,41,1,2,42,4,1,2,4,2,35,5013.6233,2300,1,1,2025,9,6,9,42,1,2,42,4,2,4,1,35,4080.5264,2300,1,1,1,0,still teacher
902305015146820,6,2024,11,3,17011,9,39,6,1,43,1,1,2,1,1,38,3451.9122,2320,1,1,2025,10,7,9,39,6,1,43,1,2,1,1,37,2956.0274,2861,1,0,0,1,other occupation
540751041127147,6,2024,16,4,17011,11,41,6,2,44,4,1,2,4,1,40,360.0931,2310,1,1,2025,16,8,11,42,1,2,44,4,2,4,1,80,323.8301,2310,1,1,1,0,still teacher
016657400916142,6,2024,15,3,17011,12,44,6,2,44,1,2,1,4,1,40,6798.7738,2310,1,1,2025,15,7,12,45,6,2,44,1,1,4,1,40,6289.3374,2001,1,0,0,1,other occupation
001268016812597,6,2024,14,2,17011,12,37,1,2,43,1,2,2,1,1,40,4631.6522,2310,1,1,2025,15,6,12,38,1,2,43,1,2,1,1,40,5256.4074,2310,1,1,1,0,still teacher
330093041104955,6,2024,15,3,17011,13,47,1,2,44,1,2,2,1,1,25,5178.5805,2310,1,1,2025,16,7,13,49,1,2,44,1,2,1,7,-1,4252.2066,-1,0,0,0,1,out of labor force
853040104274266,6,2024,15,4,17011,25,66,1,2,43,1,1,2,1,1,40,3329.4689,2320,1,1,2025,15,8,25,67,1,2,44,1,2,1,1,40,3383.9385,2320,1,1,1,0,still teacher
012016210922165,6,2024,12,2,17011,25,35,6,1,44,1,1,2,1,1,39,3626.0357,2320,1,1,2025,13,6,25,36,6,1,44,1,2,1,1,40,3854.4806,2310,1,1,1,0,still teacher
031572540320175,6,2024,16,4,17011,25,38,1,1,44,1,1,2,1,2,40,3560.2191,2310,1,1,2025,16,8,25,39,1,1,44,1,2,1,1,40,3439.8132,2310,1,1,1,0,still teacher
031572540320175,6,2024,16,4,17011,25,37,1,2,44,1,2,2,1,2,40,3111.6198,2320,1,1,2025,16,8,25,38,1,2,44,1,2,1,2,40,3276.9378,2320,1,1,1,0,still teacher
714764903020012,6,2024,15,3,17011,34,74,3,2,44,1,1,2,1,1,8,4328.5579,2310,1,1,2025,14,7,34,75,3,2,44,1,2,1,1,8,3491.874,4600,1,0,0,1,other occupation
009140372459691,6,2024,16,3,17011,34,36,1,1,46,1,1,2,1,1,40,4398.2122,2320,1,1,2025,16,7,34,37,1,1,46,1,2,1,1,40,5570.9428,2320,1,1,1,0,still teacher
009140372459691,6,2024,16,3,17011,34,37,1,2,44,1,2,2,1,1,40,5292.3662,2320,1,1,2025,16,7,34,38,1,2,44,1,2,1,1,40,6138.2314,2310,1,1,1,0,still teacher
181520200607853,6,2024,14,4,17011,36,35,6,1,44,4,2,2,5,1,40,4297.1607,2310,1,1,2025,16,8,36,36,1,1,44,4,2,5,1,40,4328.6082,2360,1,0,0,1,other occupation
735405016869540,6,2024,14,2,17011,37,53,1,1,43,1,2,2,1,1,40,4958.5555,2310,1,1,2025,14,6,37,54,1,1,43,1,2,1,2,40,4531.7309,2310,1,1,1,0,still teacher
170606900227964,6,2024,14,4,17011,42,39,6,1,43,1,1,2,1,1,38,3564.7064,2310,1,1,2025,14,8,42,40,6,1,43,1,2,1,1,38,3879.838,2320,1,1,1,0,still teacher
771800013087242,6,2024,16,2,17011,42,48,1,2,44,1,1,2,1,2,40,6291.0026,2320,1,1,2025,16,6,42,49,1,2,44,1,2,1,2,40,5751.6033,2310,1,1,1,0,still teacher
153608014301300,6,2024,16,1,17011,51,54,1,2,44,4,2,2,4,1,40,6822.1356,2300,1,1,2025,16,5,51,55,1,2,44,4,2,4,1,40,5527.4228,2300,1,1,1,0,still teacher
003110596276717,6,2024,15,2,17011,51,37,1,2,44,1,2,1,1,1,45,4075.9112,2310,1,1,2025,16,6,51,38,1,2,44,1,1,1,1,45,5519.8304,2310,1,1,1,0,still teacher
911700607319521,6,2024,15,4,17111,25,45,1,1,44,1,2,2,1,1,40,3342.736,2320,1,1,2025,15,8,25,46,1,1,44,1,2,1,1,45,3151.4185,2320,1,1,1,0,still teacher
157317884050015,6,2024,13,4,17111,47,65,4,2,43,1,1,2,1,1,40,2743.3732,2310,1,1,2025,13,8,47,66,4,2,43,1,2,1,1,9,2757.5386,2310,1,1,1,0,still teacher
009110022648483,6,2024,13,2,17011,1,52,3,2,43,3,1,2,1,1,40,2428.1958,2310,1,1,2025,12,6,1,54,3,2,43,3,2,1,1,40,2319.003,2330,1,1,1,0,still teacher
532266790020216,6,2024,16,3,17011,2,45,1,2,44,1,2,2,1,1,40,553.7006,2330,1,1,2025,16,7,2,47,1,2,44,1,2,1,1,40,481.3116,2330,1,1,1,0,still teacher
001150026783124,6,2024,16,2,17011,5,55,1,1,43,1,1,2,1,2,50,1643.3823,2310,1,1,2025,16,6,5,56,1,1,44,1,2,1,2,50,1799.1186,2310,1,1,1,0,still teacher
310360542121960,6,2024,8,4,17011,6,27,6,2,44,1,4,1,1,1,40,5345.5414,2310,1,1,2025,15,8,6,28,6,2,44,1,1,1,1,40,6481.949,2310,1,1,1,0,still teacher
826429170060114,6,2024,16,4,17011,6,63,5,1,43,1,1,1,4,2,18,4008.1042,2310,1,1,2025,15,8,6,63,5,1,43,1,1,4,4,-1,4805.0351,2360,0,0,0,1,unemployed
091800804862607,6,2024,14,4,17011,6,43,1,2,44,4,2,2,5,1,20,5290.5474,2310,1,1,2025,15,8,6,44,1,2,44,4,2,5,1,20,4838.9096,2310,1,1,1,0,still teacher
115406314650370,6,2024,15,4,17011,11,38,1,1,44,2,1,2,1,1,40,673.7458,2310,1,1,2025,16,8,11,39,1,1,44,2,2,1,1,40,1221.822,2310,1,1,1,0,still teacher
115406314650370,6,2024,15,4,17011,11,41,1,2,44,2,2,2,1,1,40,675.2281,2310,1,1,2025,16,8,11,42,1,2,44,2,2,1,1,40,724.6506,2360,1,0,0,1,other occupation
046459810710113,6,2024,14,4,17011,13,44,1,1,43,1,1,2,1,1,40,3987.5065,2320,1,1,2025,14,8,13,45,1,1,43,1,2,1,1,-4,3355.2802,2310,1,1,1,0,still teacher
046459810710113,6,2024,14,4,17011,13,40,1,2,45,1,2,2,1,2,45,4705.9832,2330,1,1,2025,14,8,13,42,1,2,45,1,2,1,1,-4,3535.094,2330,1,1,1,0,still teacher
120774300260032,6,2024,9,4,17011,22,46,1,2,43,1,1,2,1,2,40,1550.487,2310,1,1,2025,13,8,22,47,1,2,43,1,2,1,2,40,1456.0984,2310,1,1,1,0,still teacher
520389051200445,6,2024,14,3,17011,29,60,4,2,43,1,1,2,1,2,40,5288.2482,2330,1,1,2025,12,7,29,61,4,2,43,1,2,1,2,40,4597.6888,2330,1,1,1,0,still teacher
063075063713296,6,2024,16,4,17011,33,60,1,2,44,1,1,2,1,1,-4,953.0382,2320,1,1,2025,15,8,33,61,1,2,44,1,2,1,1,15,1155.696,2310,1,1,1,0,still teacher
359021100421373,6,2024,12,3,17011,35,59,6,1,44,1,1,1,1,1,40,1224.2161,2320,1,1,2025,16,7,35,60,6,1,44,1,1,1,1,40,1362.584,2360,1,0,0,1,other occupation
043119018219227,6,2024,13,3,17011,39,33,1,2,43,1,1,2,1,2,40,3898.5864,2310,1,1,2025,15,7,39,34,1,2,43,1,2,1,2,40,4606.23,2555,1,0,0,1,other occupation
034902108018513,6,2024,16,2,17011,48,53,1,1,46,1,1,2,1,1,70,5486.9231,2310,1,1,2025,16,6,48,54,1,1,46,1,2,1,1,60,5751.6237,230,1,0,0,1,other occupation
460565876051830,6,2024,15,4,17011,53,34,6,2,40,1,3,2,1,1,40,5269.9201,2300,1,1,2025,15,8,53,35,6,2,40,1,2,1,1,40,3822.0328,4600,1,0,0,1,other occupation
080565680031150,6,2024,11,2,17011,55,33,6,2,43,1,1,2,1,2,50,4487.3954,2310,1,1,2025,12,6,55,34,6,2,43,1,2,1,2,45,3844.6247,2310,1,1,1,0,still teacher
416057100774157,6,2024,11,3,17111,11,30,6,2,43,1,1,2,1,1,40,400.4495,2310,1,1,2025,13,7,11,31,6,2,44,1,2,1,1,40,543.6525,2310,1,1,1,0,still teacher
004671620010111,6,2024,15,1,17011,4,65,4,2,43,1,1,2,1,1,35,3546.4079,2310,1,1,2025,10,5,4,66,4,2,43,1,2,1,1,35,3931.4486,2310,1,1,1,0,still teacher
652050106125062,6,2024,14,4,17011,5,49,6,1,43,2,1,2,1,1,40,2733.492,2310,1,1,2025,14,8,5,50,6,1,43,2,2,1,1,40,2082.9009,2310,1,1,1,0,still teacher
980406071025716,6,2024,16,3,17011,6,46,1,2,44,1,2,2,1,2,35,3931.3459,2310,1,1,2025,16,7,6,47,1,2,44,1,2,1,2,38,3593.5392,2310,1,1,1,0,still teacher
602904310002100,6,2024,15,2,17011,6,48,6,1,40,1,1,2,1,1,40,5097.8693,2330,1,1,2025,14,6,6,50,6,1,40,1,2,1,1,40,4769.9237,2310,1,1,1,0,still teacher
050225095216133,6,2024,14,3,17011,6,39,6,2,43,1,4,2,1,1,24,4812.7235,2310,1,1,2025,15,7,6,40,6,2,43,1,2,1,3,-1,5328.1091,2310,0,0,0,1,unemployed
500430201081960,6,2024,15,4,17011,6,52,1,2,43,4,2,2,4,2,40,5818.1836,2310,1,1,2025,16,8,6,53,1,2,43,4,2,4,2,40,5624.2639,2310,1,1,1,0,still teacher
517900414862690,6,2024,16,3,17011,15,34,1,2,43,1,2,2,1,2,-4,818.8528,2310,1,1,2025,16,7,15,36,1,2,43,1,2,1,2,-4,855.3706,2310,1,1,1,0,still teacher
267339661030013,6,2024,16,4,17011,17,57,1,2,43,1,2,2,1,2,40,4640.4226,2310,1,1,2025,16,8,17,59,1,2,43,1,2,1,7,-1,4119.8297,-1,0,0,0,1,out of labor force
091075000118454,6,2024,16,2,17011,18,41,1,2,44,1,2,2,1,2,40,4587.0563,2310,1,1,2025,16,6,18,43,1,2,44,1,2,1,2,40,3997.1955,2310,1,1,1,0,still teacher
529128611080015,6,2024,15,1,17011,19,29,1,2,43,1,1,2,1,2,9,2832.1379,2310,1,1,2025,15,5,19,30,1,2,43,1,2,1,2,50,2493.4502,2310,1,1,1,0,still teacher
130645200051622,6,2024,15,4,17012,20,40,6,2,44,1,2,2,1,1,40,2264.0904,2320,1,1,2025,15,8,20,42,6,2,44,1,2,1,1,40,1457.4875,2320,1,1,1,0,still teacher
037016480823166,6,2024,12,1,17011,26,68,4,2,42,2,1,2,1,1,8,5646.0214,2310,1,1,2025,11,5,26,69,4,2,42,2,2,1,1,40,5317.9701,2310,1,1,1,0,still teacher
072162041817223,6,2024,14,1,17011,27,71,1,2,44,1,2,2,1,1,50,4119.2009,2310,1,1,2025,15,5,27,72,1,2,44,1,2,1,1,45,4472.2257,2310,1,1,1,0,still teacher
474060100853269,6,2024,14,2,17011,27,29,1,1,43,1,2,2,1,2,40,3358.7098,2310,1,1,2025,14,6,27,30,1,1,43,1,2,1,2,40,3823.724,2310,1,1,1,0,still teacher
075905660633142,6,2024,14,4,17011,32,35,6,1,44,1,1,2,1,2,40,1926.0178,2320,1,1,2025,14,8,32,36,6,1,44,1,2,1,2,45,2262.1926,2310,1,1,1,0,still teacher
063975330133142,6,2024,15,1,17011,32,35,1,2,43,1,2,2,1,1,36,2482.8456,2310,1,1,2025,16,5,32,35,1,2,43,1,2,1,1,35,1753.157,2330,1,1,1,0,still teacher
730525041300404,6,2024,9,2,17011,35,80,4,1,42,1,1,2,1,1,40,1099.4454,2320,1,1,2025,14,6,35,80,4,1,42,1,2,1,2,-4,978.4969,2360,1,0,0,1,other occupation
018027510631115,6,2024,9,3,17011,35,36,6,2,42,3,1,2,1,1,35,1643.5437,2310,1,1,2025,15,7,35,36,6,2,40,3,2,1,3,-1,1830.4721,2320,0,0,0,1,unemployed
076612280831118,6,2024,16,4,17011,38,45,1,2,44,1,2,2,1,2,40,391.2161,2330,1,1,2025,15,8,38,46,1,2,44,1,2,1,3,-1,453.933,2310,0,0,0,1,unemployed
004063029111905,6,2024,15,4,17011,41,34,1,2,44,1,1,2,1,1,28,3413.8177,2330,1,1,2025,16,8,41,36,1,2,44,1,2,1,1,40,2774.7619,2330,1,1,1,0,still teacher
848103011442240,6,2024,16,4,17011,48,56,1,2,43,1,1,2,1,1,40,5364.813,2310,1,1,2025,16,8,48,57,1,2,43,1,2,1,2,50,4414.1056,2320,1,1,1,0,still teacher
760034990081880,6,2024,16,4,17011,48,36,1,2,44,1,2,2,1,1,40,4862.2247,2310,1,1,2025,16,8,48,38,1,2,44,1,2,1,1,40,5264.261,2320,1,1,1,0,still teacher
536040101405527,6,2024,15,1,17011,53,54,1,1,44,1,1,2,1,1,40,3226.7107,2320,1,1,2025,15,5,53,55,1,1,44,1,2,1,1,40,3970.7842,2310,1,1,1,0,still teacher
536040101405527,6,2024,15,1,17011,53,55,1,2,44,1,2,2,1,1,-4,2872.8913,2310,1,1,2025,15,5,53,56,1,2,44,1,2,1,1,10,3618.4149,2310,1,1,1,0,still teacher
055062085715908,6,2024,15,2,17011,55,33,6,2,44,1,1,2,1,1,40,4709.5091,2320,1,1,2025,15,6,55,34,1,2,44,1,2,1,1,40,4362.7031,2320,1,1,1,0,still teacher
181881600672665,6,2024,14,1,17011,56,65,1,1,44,1,1,2,1,2,40,316.9121,2310,1,1,2025,13,5,56,66,1,1,44,1,2,1,2,40,315.3512,2310,1,1,1,0,still teacher
660002028071990,6,2024,13,1,17111,29,23,6,2,43,1,1,2,1,1,40,4531.1557,2310,1,1,2025,12,5,29,24,1,2,43,1,2,1,3,-1,8209.0349,2310,0,0,0,1,unemployed
100350061405758,6,2024,16,2,17111,40,41,6,2,44,1,1,2,1,2,40,2831.3111,2310,1,1,2025,12,6,40,42,6,2,44,1,2,1,2,40,2468.8251,2310,1,1,1,0,still teacher
170887900171960,6,2024,15,4,17011,1,57,1,1,43,1,2,2,1,1,40,2662.7921,2310,1,1,2025,15,8,1,58,1,1,43,1,2,1,1,40,2337.9206,2310,1,1,1,0,still teacher
904304118954200,6,2024,14,3,17011,9,62,1,2,44,1,2,2,1,1,40,3005.219,2310,1,1,2025,16,7,9,63,1,2,44,1,2,1,1,40,3276.1322,2310,1,1,1,0,still teacher
402014106448109,6,2024,15,3,17011,10,47,6,2,43,1,2,2,1,1,40,946.0204,2300,1,1,2025,14,7,10,48,6,2,43,1,2,1,1,40,818.2713,2300,1,1,1,0,still teacher
920001102765151,6,2024,15,4,17011,12,37,1,2,44,1,1,2,1,1,-4,4167.1722,2310,1,1,2025,14,8,12,38,2,2,44,1,2,1,1,40,5089.0131,710,1,0,0,1,other occupation
331060100774131,6,2024,15,2,17011,13,28,1,2,44,1,2,2,1,2,40,4021.7807,2310,1,1,2025,14,6,13,29,1,2,44,1,2,1,2,40,6496.909,2310,1,1,1,0,still teacher
140716100346841,6,2024,13,4,17011,13,60,1,2,44,2,2,2,4,2,40,3638.948,2300,1,1,2025,13,8,13,62,1,2,43,2,2,4,2,40,3584.8875,2300,1,1,1,0,still teacher
160628500361531,6,2024,14,4,17011,13,39,1,2,44,1,2,2,1,1,40,4922.6337,2310,1,1,2025,15,8,13,39,1,2,44,1,2,1,2,40,4717.0529,2310,1,1,1,0,still teacher
990211449071930,6,2024,14,4,17011,13,32,1,2,43,1,2,2,1,2,40,5666.5175,2310,1,1,2025,14,8,13,33,1,2,43,1,2,1,2,40,4766.7752,2310,1,1,1,0,still teacher
000130153396456,6,2024,13,2,17011,13,53,1,2,43,2,1,2,1,1,38,5591.6778,2310,1,1,2025,13,6,13,54,1,2,44,2,2,1,2,50,7069.5597,2330,1,1,1,0,still teacher
931080105475104,6,2024,16,2,17011,13,52,1,2,46,1,1,2,1,2,45,4034.9014,2310,1,1,2025,16,6,13,52,1,2,46,1,2,1,2,40,3519.0193,2310,1,1,1,0,still teacher
092003004311635,6,2024,16,1,17011,21,47,1,2,44,1,1,2,1,2,55,3960.3407,2310,1,1,2025,14,5,21,48,1,2,44,1,2,1,2,45,4376.408,2310,1,1,1,0,still teacher
558030109025271,6,2024,16,3,17011,25,31,1,2,43,1,2,2,1,1,40,3660.7406,2310,1,1,2025,16,7,25,32,1,2,43,1,2,1,1,40,3995.3565,2310,1,1,1,0,still teacher
052112060515555,6,2024,15,1,17011,25,47,1,1,43,1,1,2,1,1,40,2898.9842,2310,1,1,2025,16,5,25,48,1,1,43,1,2,1,1,40,3004.19,2310,1,1,1,0,still teacher
200425021217157,6,2024,11,1,17011,25,62,2,2,44,1,1,2,1,1,15,3320.1044,2310,1,1,2025,12,5,25,63,2,2,44,1,2,1,1,35,3641.0345,2310,1,1,1,0,still teacher
024435500431153,6,2024,16,1,17011,33,64,1,2,44,1,2,2,1,1,40,1157.6124,2310,1,1,2025,15,5,33,65,1,2,44,1,2,1,5,-1,1306.9695,-1,0,0,0,1,out of labor force
170143200357163,6,2024,15,4,17011,33,39,4,2,44,1,1,2,1,1,40,927.0031,2310,1,1,2025,15,8,33,41,2,2,44,1,2,1,1,40,957.1919,2300,1,1,1,0,still teacher
011200510967335,6,2024,15,2,17011,33,57,1,2,43,1,1,2,1,1,32,1340.1704,2320,1,1,2025,14,6,33,58,1,2,43,1,2,1,2,40,1331.1705,2320,1,1,1,0,still teacher
335105113420520,6,2024,15,3,17011,33,55,1,2,44,1,1,2,1,1,55,1015.3026,2310,1,1,2025,16,7,33,56,1,2,44,1,2,1,1,40,1061.969,2310,1,1,1,0,still teacher
102130396425626,6,2024,14,3,17011,33,50,4,1,44,1,1,2,5,1,40,1012.475,2310,1,1,2025,15,7,33,51,4,1,44,1,2,5,1,40,1178.1678,2310,1,1,1,0,still teacher
090664071319072,6,2024,16,2,17011,34,39,1,2,44,1,2,1,4,1,40,4319.026,2310,1,1,2025,16,6,34,40,1,2,44,1,1,4,1,40,5450.8813,2310,1,1,1,0,still teacher
121601400628923,6,2024,14,2,17011,36,51,1,1,44,1,2,1,1,1,40,4897.186,2320,1,1,2025,14,6,36,52,1,1,44,1,1,1,1,50,6112.3095,2310,1,1,1,0,still teacher
700426091336265,6,2024,15,2,17011,36,32,1,1,43,8,1,2,1,1,40,6025.0362,2310,1,1,2025,15,6,36,33,1,1,44,8,2,1,1,40,9225.96,2310,1,1,1,0,still teacher
764041107480336,6,2024,16,3,17011,36,47,1,2,44,1,2,2,1,1,40,5416.2163,2310,1,1,2025,16,7,36,48,1,2,44,1,2,1,1,40,4674.519,2310,1,1,1,0,still teacher
361090101171319,6,2024,15,4,17011,36,40,1,2,44,1,2,2,1,1,40,4011.7808,2310,1,1,2025,15,8,36,41,1,2,44,1,2,1,1,40,4372.3087,2320,1,1,1,0,still teacher
631401214375270,6,2024,16,2,17011,36,44,4,2,46,1,1,2,1,1,40,5697.4959,2310,1,1,2025,16,6,36,45,4,2,46,1,2,1,1,40,4399.2124,2310,1,1,1,0,still teacher
497012153020013,6,2024,14,3,17011,37,44,1,2,43,1,1,2,1,1,-4,3485.1204,2300,1,1,2025,15,7,37,45,1,2,43,1,2,1,2,37,4097.2722,2310,1,1,1,0,still teacher
731106018757230,6,2024,16,3,17011,37,56,1,1,44,2,2,2,1,2,40,3708.5237,2320,1,1,2025,14,7,37,57,1,1,44,2,2,1,3,-1,4666.7101,2320,0,0,0,1,unemployed
879916513030018,6,2024,13,4,17011,39,59,4,2,43,1,1,2,1,2,50,4551.8452,2330,1,1,2025,14,8,39,60,4,2,43,1,2,1,2,50,3883.0256,2360,1,0,0,1,other occupation
410762091409827,6,2024,14,3,17011,42,31,1,2,42,1,2,2,1,1,35,3809.89,2300,1,1,2025,15,7,42,32,1,2,42,1,2,1,1,40,4922.2144,2300,1,1,1,0,still teacher
121321900218484,6,2024,14,2,17011,42,31,1,2,43,1,1,2,1,1,30,6633.0303,2300,1,1,2025,14,6,42,32,1,2,43,1,2,1,2,28,7316.6278,2360,1,0,0,1,other occupation
054087046814218,6,2024,15,2,17011,44,37,1,2,44,1,1,2,1,1,40,1144.5575,2310,1,1,2025,15,6,44,38,1,2,44,1,2,1,1,45,1475.4643,2330,1,1,1,0,still teacher
556040101465427,6,2024,15,1,17011,45,52,1,2,43,1,2,2,1,2,-4,2490.0385,2310,1,1,2025,15,5,45,53,1,2,43,1,2,1,5,-1,2630.106,-1,0,0,0,1,out of labor force
775011105067462,6,2024,16,3,17011,47,62,1,2,44,2,2,2,1,1,30,4255.8383,2310,1,1,2025,14,7,47,62,1,2,44,2,2,1,2,40,3401.4673,2310,1,1,1,0,still teacher
005089003210121,6,2024,15,1,17011,50,53,4,2,43,1,1,2,1,1,40,401.3998,2310,1,1,2025,15,5,50,53,4,2,43,1,2,1,1,45,408.2386,2310,1,1,1,0,still teacher
005089003210121,6,2024,15,1,17011,50,49,4,2,43,1,2,2,1,1,40,409.3439,2310,1,1,2025,15,5,50,50,4,2,43,1,2,1,1,45,408.2386,2310,1,1,1,0,still teacher
191050800082675,6,2024,15,2,17011,50,53,1,1,45,1,2,2,1,1,42,498.8088,2320,1,1,2025,16,6,50,54,1,1,45,1,2,1,1,40,404.1079,2310,1,1,1,0,still teacher
025339280150111,6,2024,15,3,17011,51,49,4,1,44,1,1,2,1,2,40,3993.1056,2310,1,1,2025,15,7,51,49,4,1,44,1,2,1,2,40,4734.0609,2310,1,1,1,0,still teacher
007110536000622,6,2024,15,3,17011,51,38,1,2,43,4,2,2,5,1,40,5148.0422,2310,1,1,2025,15,7,51,39,1,2,43,4,2,5,1,40,6573.7762,2310,1,1,1,0,still teacher
380045668031911,6,2024,14,2,17011,51,68,1,2,42,1,2,2,1,1,40,4145.508,2310,1,1,2025,13,6,51,69,1,2,40,1,2,1,2,40,5209.9334,2310,1,1,1,0,still teacher
459701114533630,6,2024,13,1,17011,54,45,1,2,43,1,1,2,1,1,40,920.3416,2310,1,1,2025,7,5,54,46,1,2,43,1,2,1,2,40,745.6655,5260,1,0,0,1,other occupation
119040101120031,6,2024,12,3,17111,1,40,1,2,42,1,2,2,1,1,40,2102.9975,2330,1,1,2025,14,7,1,41,1,2,41,1,2,1,1,40,2672.252,2310,1,1,1,0,still teacher
084284890720121,6,2024,7,1,17111,21,25,1,2,40,1,1,2,1,1,40,5292.7085,2300,1,1,2025,13,5,21,26,1,2,40,1,2,1,1,40,4137.7652,2310,1,1,1,0,still teacher
520702848041820,6,2024,16,2,17111,22,24,1,2,44,2,1,2,1,2,40,3249.2247,2310,1,1,2025,15,6,22,25,1,2,44,2,2,1,2,40,3012.1378,2310,1,1,1,0,still teacher
550663930061330,6,2024,15,3,17111,33,53,1,1,44,1,1,2,1,1,40,1105.8179,2310,1,1,2025,15,7,33,54,1,1,44,1,2,1,1,40,1204.1944,2310,1,1,1,0,still teacher
140826600342883,6,2024,14,4,17111,33,66,5,2,43,1,1,2,1,1,60,877.7933,2310,1,1,2025,14,8,33,68,5,2,43,1,2,1,1,60,1021.8648,2310,1,1,1,0,still teacher
741200010310160,6,2024,14,4,17111,47,35,1,1,43,1,1,2,1,1,20,3015.8419,2310,1,1,2025,15,8,47,36,1,1,43,1,2,1,1,25,3833.1529,2310,1,1,1,0,still teacher
107070108447562,6,2024,16,1,17111,50,63,1,2,43,7,2,2,1,1,40,510.5075,2310,1,1,2025,16,5,50,64,1,2,43,7,2,1,1,40,421.4151,2310,1,1,1,0,still teacher
065372820152124,6,2024,12,4,17111,54,48,1,1,43,1,1,2,1,2,55,718.3128,2310,1,1,2025,14,8,54,49,1,1,43,1,2,1,1,40,659.4059,2310,1,1,1,0,still teacher
200985051006168,6,2024,11,4,17011,5,25,6,2,43,1,1,2,1,2,40,2162.2465,2310,1,1,2025,11,8,5,26,6,2,43,1,2,1,1,40,2412.8915,2310,1,1,1,0,still teacher
044914240200126,6,2024,14,4,17011,6,50,6,2,43,1,1,2,1,2,40,4496.6307,2310,1,1,2025,15,8,6,51,6,2,43,1,2,1,2,70,4768.0908,2360,1,0,0,1,other occupation
830391368031826,6,2024,13,2,17011,12,55,1,1,43,2,1,2,4,1,40,4798.3983,2310,1,1,2025,15,6,12,56,1,1,43,2,2,4,1,40,5464.8857,2310,1,1,1,0,still teacher
460042091168052,6,2024,11,2,17011,12,74,3,2,42,1,1,1,4,1,40,5806.9659,2300,1,1,2025,11,6,12,74,3,2,39,1,1,4,5,-1,5342.1606,-1,0,0,0,1,out of labor force
100987051106108,6,2024,14,3,17011,17,40,1,1,41,1,2,2,1,1,40,4344.2741,2320,1,1,2025,15,7,17,42,1,1,41,1,2,1,1,40,3733.0048,2320,1,1,1,0,still teacher
540212729081710,6,2024,10,4,17011,21,24,6,2,43,1,1,2,1,2,38,4654.2737,2310,1,1,2025,9,8,21,25,6,2,43,1,2,1,2,40,4733.0901,2310,1,1,1,0,still teacher
106130285219865,6,2024,14,2,17011,23,45,1,2,43,1,2,2,5,1,40,2004.3512,2310,1,1,2025,15,6,23,46,1,2,43,1,2,5,1,40,1446.9817,2310,1,1,1,0,still teacher
007180210519009,6,2024,16,3,17011,28,51,1,2,46,1,1,2,1,2,40,1282.3609,2310,1,1,2025,16,7,28,52,1,2,45,1,2,1,1,40,1583.0015,2310,1,1,1,0,still teacher
170581500507413,6,2024,13,2,17011,35,40,6,2,43,7,1,1,1,2,50,2023.4752,2310,1,1,2025,13,6,35,41,6,2,43,7,1,1,7,-1,1816.4464,-1,0,0,0,1,out of labor force
460056071302595,6,2024,16,3,17011,36,29,6,2,44,1,3,2,1,1,37,5385.7051,2310,1,1,2025,16,7,36,29,6,2,44,1,2,1,1,35,5024.9483,2310,1,1,1,0,still teacher
190836600282854,6,2024,15,4,17011,42,36,1,1,44,1,1,2,1,1,40,4504.391,2310,1,1,2025,15,8,42,37,1,1,44,1,2,1,1,40,5501.031,2320,1,1,1,0,still teacher
771700614335457,6,2024,16,3,17011,54,54,1,2,44,1,2,2,1,1,40,750.5239,2320,1,1,2025,16,7,54,56,1,2,44,1,2,1,1,40,986.3859,2310,1,1,1,0,still teacher
050051106655590,6,2024,16,3,17011,55,67,3,2,43,2,4,2,1,1,40,3597.6511,2310,1,1,2025,16,7,55,68,3,2,43,2,2,1,1,40,3735.2176,2310,1,1,1,0,still teacher
095052000916178,6,2024,14,4,17011,56,53,4,1,43,1,1,2,1,2,40,437.6008,2310,1,1,2025,14,8,56,54,4,1,43,1,2,1,2,40,391.4683,2310,1,1,1,0,still teacher
540700770091210,6,2024,15,3,17111,1,41,6,2,44,1,1,2,1,2,40,2018.8709,2310,1,1,2025,15,7,1,42,6,2,43,1,2,1,2,45,2705.5055,2310,1,1,1,0,still teacher
890013351070012,6,2024,15,4,17111,10,35,1,1,44,1,2,2,1,1,40,1038.1446,2320,1,1,2025,16,8,10,37,1,1,44,1,2,1,1,40,1051.2059,2320,1,1,1,0,still teacher
009222190520172,6,2024,11,2,17111,22,34,6,1,43,1,3,2,1,2,50,2761.316,2310,1,1,2025,15,6,22,36,6,1,43,1,2,1,2,50,2683.1142,2320,1,1,1,0,still teacher
408800017267310,6,2024,14,4,17011,4,40,6,2,44,1,1,2,1,1,50,4362.6323,2310,1,1,2025,14,8,4,41,6,2,44,1,2,1,1,45,4312.6662,2310,1,1,1,0,still teacher
470575001008498,6,2024,14,2,17011,5,57,6,2,43,1,2,2,1,1,40,1571.7848,2310,1,1,2025,13,6,5,58,6,2,43,1,2,1,1,40,1408.0757,2310,1,1,1,0,still teacher
930020339041563,6,2024,14,1,17011,6,38,6,2,44,1,1,2,1,2,40,4149.1261,2310,1,1,2025,14,5,6,39,6,2,44,1,2,1,2,40,4764.9844,2310,1,1,1,0,still teacher
012292000403116,6,2024,15,2,17011,6,38,1,1,44,1,1,1,1,1,40,5103.8789,2310,1,1,2025,16,6,6,39,1,1,44,1,1,1,1,40,4881.136,230,1,0,0,1,other occupation
000059079716520,6,2024,16,4,17011,6,25,1,2,43,1,2,1,1,1,40,4473.6728,2310,1,1,2025,16,8,6,26,1,2,43,1,1,1,2,40,5847.172,2310,1,1,1,0,still teacher
290986051016002,6,2024,16,4,17011,6,33,1,2,44,2,2,2,1,2,40,7743.9475,2310,1,1,2025,16,8,6,34,1,2,44,2,2,1,2,40,9573.2479,2310,1,1,1,0,still teacher
608402014677770,6,2024,16,1,17011,6,32,6,2,43,4,2,2,1,1,50,4297.6608,2310,1,1,2025,15,5,6,33,6,2,43,4,2,1,7,-1,5697.4468,-1,0,0,0,1,out of labor force
060038061618255,6,2024,15,1,17011,8,41,1,2,43,1,2,2,1,1,40,4670.7581,2310,1,1,2025,15,5,8,42,1,2,43,1,2,1,1,40,3973.0261,2310,1,1,1,0,still teacher
656054107960166,6,2024,9,2,17011,15,80,1,2,43,4,1,2,4,2,-4,1424.5037,2310,1,1,2025,9,6,15,80,1,2,43,4,2,4,2,-4,1017.354,2310,1,1,1,0,still teacher
936775891070115,6,2024,16,3,17011,16,48,1,2,44,1,2,2,1,2,40,1021.4426,2320,1,1,2025,15,7,16,49,1,2,44,1,2,1,1,40,931.4828,2310,1,1,1,0,still teacher
026215821040018,6,2024,13,2,17011,16,76,1,2,43,1,1,2,1,2,0,858.1728,2310,1,1,2025,15,6,16,76,1,2,43,1,2,1,3,-1,845.734,2360,0,0,0,1,unemployed
081018022917023,6,2024,15,3,17011,17,32,1,2,44,1,2,2,1,2,40,4584.8984,2310,1,1,2025,15,7,17,33,1,2,44,1,2,1,7,-1,4242.0725,-1,0,0,0,1,out of labor force
031067064617955,6,2024,12,3,17011,17,54,6,2,40,1,1,2,1,2,40,4930.433,2310,1,1,2025,14,7,17,55,6,2,40,1,2,1,2,40,5590.726,2545,1,0,0,1,other occupation
713202010826470,6,2024,14,3,17011,17,64,1,2,44,1,1,2,1,1,40,4123.2909,2310,1,1,2025,16,7,17,65,1,2,44,1,2,1,2,8,5093.8833,2360,1,0,0,1,other occupation
001180187195093,6,2024,16,4,17011,18,36,1,2,44,4,2,2,5,1,40,4292.5716,2300,1,1,2025,15,8,18,38,1,2,44,4,2,5,1,40,3708.8476,2300,1,1,1,0,still teacher
814003013243780,6,2024,13,3,17011,18,51,4,2,44,1,1,2,1,1,40,3898.2558,2320,1,1,2025,14,7,18,52,4,2,44,1,2,1,2,50,3658.5667,2310,1,1,1,0,still teacher
720141433051380,6,2024,16,4,17011,18,31,1,1,43,1,1,2,1,2,40,4297.6785,2310,1,1,2025,11,8,18,32,4,1,43,1,2,1,2,40,4682.6571,2310,1,1,1,0,still teacher
917707014658060,6,2024,6,3,17011,19,50,1,2,44,1,1,2,1,2,-4,2624.0797,2310,1,1,2025,16,7,19,51,1,2,44,1,2,1,1,20,2456.4409,2006,1,0,0,1,other occupation
391080105690175,6,2024,14,4,17011,19,51,1,2,43,1,2,2,1,2,50,2435.537,2310,1,1,2025,14,8,19,52,1,2,43,1,2,1,1,50,2708.8029,2330,1,1,1,0,still teacher
150812200948241,6,2024,14,2,17011,19,55,6,2,44,1,1,2,1,1,40,2778.8532,2310,1,1,2025,14,6,19,57,6,2,44,1,2,1,5,-1,3015.8871,-1,0,0,0,1,out of labor force
000190166348578,6,2024,15,4,17011,19,54,1,2,43,1,2,1,5,2,40,2589.8844,2310,1,1,2025,15,8,19,55,1,2,43,1,1,5,2,40,2439.1059,2310,1,1,1,0,still teacher
058423600121150,6,2024,15,3,17011,20,48,1,2,43,1,1,2,1,1,9,2311.1733,2300,1,1,2025,16,7,20,49,1,2,43,1,2,1,2,30,2482.9873,2300,1,1,1,0,still teacher
034974580720110,6,2024,16,4,17011,20,51,1,2,44,1,1,2,1,1,50,2148.3384,2310,1,1,2025,16,8,20,52,1,2,44,1,2,1,1,50,2353.6185,2310,1,1,1,0,still teacher
565080107635229,6,2024,14,1,17011,26,41,1,1,43,1,1,2,1,1,50,4153.4546,2310,1,1,2025,15,5,26,42,1,1,43,1,2,1,1,50,6238.6407,2310,1,1,1,0,still teacher
565080107635229,6,2024,14,1,17011,26,43,1,2,44,1,2,2,1,2,60,2992.4747,2310,1,1,2025,15,5,26,44,1,2,44,1,2,1,1,60,5207.65,2310,1,1,1,0,still teacher
180227011209334,6,2024,16,4,17011,27,48,1,2,40,1,1,2,1,1,40,4773.6956,2310,1,1,2025,16,8,27,49,1,2,40,1,2,1,3,-1,4248.2564,2545,0,0,0,1,unemployed
370162542021970,6,2024,16,4,17011,27,44,1,2,44,1,2,2,1,1,40,2904.1504,2310,1,1,2025,16,8,27,44,1,2,44,1,2,1,3,-1,4179.4329,2310,0,0,0,1,unemployed
160879900712462,6,2024,16,3,17011,27,52,1,2,44,1,2,2,1,1,40,4257.3528,2320,1,1,2025,6,7,27,53,1,2,44,1,2,1,2,40,4093.9825,2360,1,0,0,1,other occupation
740362345041090,6,2024,11,3,17011,29,50,4,2,43,1,1,2,1,1,45,6148.7634,2310,1,1,2025,11,7,29,52,4,2,44,1,2,1,1,45,4821.9684,2310,1,1,1,0,still teacher
997070103144268,6,2024,12,2,17011,29,63,1,1,44,1,1,2,1,2,-4,5918.2556,2320,1,1,2025,15,6,29,63,1,1,44,1,2,1,5,-1,5354.2953,-1,0,0,0,1,out of labor force
229048102305390,6,2024,15,3,17011,32,57,4,2,44,1,1,2,1,2,35,1935.5682,2310,1,1,2025,15,7,32,59,4,2,44,1,2,1,7,-1,1995.3566,-1,0,0,0,1,out of labor force
150529700888853,6,2024,15,1,17011,38,48,1,1,41,1,1,2,1,1,40,477.6009,2310,1,1,2025,16,5,38,48,1,1,41,1,2,1,1,40,627.7492,2310,1,1,1,0,still teacher
770314010031000,6,2024,16,4,17011,40,42,1,2,44,1,1,2,1,1,52,2172.7762,2320,1,1,2025,15,8,40,43,1,2,46,1,2,1,2,40,1883.5255,2310,1,1,1,0,still teacher
110050600082604,6,2024,14,4,17011,40,47,1,2,43,1,1,2,1,2,40,2218.8689,2310,1,1,2025,14,8,40,48,1,2,43,1,2,1,2,40,2614.7018,2310,1,1,1,0,still teacher
251400803718046,6,2024,15,3,17011,40,58,1,2,43,1,2,2,1,1,20,2845.4266,2330,1,1,2025,15,7,40,59,1,2,43,1,2,1,1,6,2619.2571,2310,1,1,1,0,still teacher
006100496366746,6,2024,15,4,17011,40,54,1,2,43,1,2,2,1,2,40,2326.911,2310,1,1,2025,16,8,40,55,1,2,43,1,2,1,2,40,2341.6103,2310,1,1,1,0,still teacher
003629260040111,6,2024,9,4,17011,41,48,4,2,39,1,1,1,5,1,40,2603.0132,2300,1,1,2025,15,8,41,49,4,2,40,1,1,5,1,40,2407.7486,2310,1,1,1,0,still teacher
093054510741126,6,2024,14,3,17011,46,67,6,2,44,1,1,2,1,1,40,768.9172,2310,1,1,2025,15,7,46,68,6,2,43,1,2,1,1,4,706.8756,8740,1,0,0,1,other occupation
161534900687694,6,2024,10,3,17011,46,27,6,2,43,1,2,2,1,2,40,754.0826,2310,1,1,2025,13,7,46,28,6,2,43,1,2,1,1,40,737.7041,2310,1,1,1,0,still teacher
658911834000215,6,2024,15,2,17011,48,33,1,2,44,2,2,2,1,2,40,7727.8911,2310,1,1,2025,15,6,48,34,1,2,44,2,2,1,2,40,7679.31,2310,1,1,1,0,still teacher
280908091420485,6,2024,13,3,17011,48,54,4,2,43,1,1,2,1,2,40,4930.0273,2310,1,1,2025,14,7,48,55,4,2,43,1,2,1,1,40,5312.5912,2310,1,1,1,0,still teacher
006180440848153,6,2024,15,1,17011,48,31,1,2,43,1,2,2,1,1,45,6227.0356,2310,1,1,2025,15,5,48,32,1,2,43,1,2,1,1,8,4317.9415,2310,1,1,1,0,still teacher
678303704040212,6,2024,11,4,17011,48,50,6,2,44,1,1,2,4,2,35,4350.0969,2320,1,1,2025,12,8,48,51,6,2,44,1,2,4,1,-4,5073.0879,2310,1,1,1,0,still teacher
460034681091181,6,2024,13,2,17011,48,34,1,2,43,1,2,2,1,2,-4,5771.8078,2310,1,1,2025,14,6,48,35,1,2,43,1,2,1,2,50,5893.5048,2300,1,1,1,0,still teacher
584010105838479,6,2024,16,1,17011,48,38,1,2,42,1,2,2,1,2,0,5774.5626,2330,1,1,2025,16,5,48,39,1,2,42,1,2,1,2,45,4137.3305,2310,1,1,1,0,still teacher
360454031071380,6,2024,16,4,17011,48,39,1,2,43,1,2,2,1,1,40,4345.8742,2320,1,1,2025,16,8,48,40,1,2,43,1,2,1,1,40,4167.0816,2320,1,1,1,0,still teacher
014677016918482,6,2024,15,4,17011,48,35,1,2,43,1,2,2,1,2,40,4345.8742,2310,1,1,2025,15,8,48,36,1,2,43,1,2,1,2,40,4934.2715,2310,1,1,1,0,still teacher
111456930649158,6,2024,9,2,17011,48,65,4,2,42,4,1,2,4,1,40,8540.1775,2310,1,1,2025,10,6,48,66,4,2,40,4,2,4,1,40,6167.0792,4600,1,0,0,1,other occupation
916180435849644,6,2024,15,3,17011,48,31,6,2,43,1,2,1,1,1,40,4960.9165,2310,1,1,2025,15,7,48,32,6,2,43,1,1,1,1,40,4875.7668,2310,1,1,1,0,still teacher
281000104999485,6,2024,15,4,17011,48,42,1,2,43,1,2,2,1,2,40,4457.7105,2310,1,1,2025,15,8,48,43,1,2,43,1,2,1,2,40,4732.5852,2310,1,1,1,0,still teacher
202180462477520,6,2024,14,3,17011,48,29,1,2,43,1,1,1,1,2,40,5020.9826,2330,1,1,2025,15,7,48,30,1,2,43,1,1,1,7,-1,4364.7235,-1,0,0,0,1,out of labor force
202180462477520,6,2024,14,3,17011,48,31,1,1,43,1,2,1,1,2,40,4354.7626,2310,1,1,2025,15,7,48,32,1,1,43,1,1,1,7,-1,6234.2709,-1,0,0,0,1,out of labor force
440144321081280,6,2024,16,4,17011,48,38,1,2,40,1,2,1,1,2,30,4453.6526,2310,1,1,2025,16,8,48,39,1,2,40,1,1,1,7,-1,4538.291,2300,0,0,0,1,out of labor force
721300815930846,6,2024,14,4,17011,48,55,1,2,43,1,1,2,1,1,40,4655.1847,2310,1,1,2025,14,8,48,56,1,2,43,1,2,1,1,40,4312.0924,2310,1,1,1,0,still teacher
014203039818267,6,2024,16,3,17011,48,22,6,2,40,1,4,2,1,2,-4,5709.2323,2300,1,1,2025,16,7,48,23,6,2,43,1,2,1,7,-1,6508.0946,-1,0,0,0,1,out of labor force
103180444204892,6,2024,12,1,17011,48,30,1,2,44,1,1,2,1,1,6,6227.0356,2310,1,1,2025,14,5,48,31,1,2,44,1,2,1,1,35,4317.9415,2205,1,0,0,1,other occupation
580863041506294,6,2024,15,2,17011,53,26,4,2,42,1,2,1,1,1,40,3140.2004,2310,1,1,2025,16,6,53,27,4,2,42,1,1,1,1,40,4386.9644,5810,1,0,0,1,other occupation
015170078213579,6,2024,16,4,17011,53,51,1,2,43,1,1,2,1,1,15,3946.214,2300,1,1,2025,16,8,53,53,1,2,43,1,2,1,1,20,4251.3695,2300,1,1,1,0,still teacher
191699300361865,6,2024,14,1,17011,53,28,6,1,40,1,3,1,5,1,38,4850.9024,2310,1,1,2025,14,5,53,29,6,1,40,1,1,5,1,40,5262.3248,2310,1,1,1,0,still teacher
511700800645557,6,2024,13,4,17011,55,47,6,1,44,1,1,1,5,2,40,6146.0513,2310,1,1,2025,13,8,55,48,6,1,44,1,1,5,1,40,7841.9676,230,1,0,0,1,other occupation
150105031503936,6,2024,15,1,17011,55,30,1,2,43,1,2,2,1,2,40,4298.5197,2310,1,1,2025,14,5,55,32,1,2,43,1,2,1,1,40,5283.5399,2310,1,1,1,0,still teacher
140825300592495,6,2024,16,3,17011,55,40,1,2,44,1,1,2,1,1,20,3808.3241,2310,1,1,2025,16,7,55,41,1,2,44,1,2,1,1,40,4827.3626,2310,1,1,1,0,still teacher
740115010031061,6,2024,10,3,17011,56,57,1,1,44,1,1,2,1,1,40,528.162,2320,1,1,2025,15,7,56,58,1,1,44,1,2,1,1,40,603.438,2320,1,1,1,0,still teacher
101291900606885,6,2024,16,3,17011,56,60,1,1,44,1,1,2,1,2,50,476.7793,2310,1,1,2025,16,7,56,61,1,1,44,1,2,1,2,40,610.2582,2310,1,1,1,0,still teacher
456532155080113,6,2024,14,3,17011,56,38,6,2,44,1,1,2,1,1,40,388.6749,2310,1,1,2025,13,7,56,39,6,2,44,1,2,1,3,-1,515.0204,2310,0,0,0,1,unemployed
003150084195852,6,2024,15,2,17111,5,31,1,2,43,1,1,2,1,1,40,2086.7767,2310,1,1,2025,15,6,5,32,1,2,39,1,2,1,1,40,2530.5793,2545,1,0,0,1,other occupation
514108014690330,6,2024,14,2,17111,15,45,1,2,43,1,1,1,1,2,0,623.7682,2310,1,1,2025,14,6,15,45,1,2,43,1,1,1,1,35,834.6183,2310,1,1,1,0,still teacher
012052031910646,6,2024,15,2,17111,20,64,1,2,42,1,2,2,1,2,-4,2064.6012,2310,1,1,2025,15,6,20,65,1,2,42,1,2,1,1,25,2079.9489,2545,1,0,0,1,other occupation
052809340931190,6,2024,13,3,17111,30,52,6,2,44,1,1,2,1,1,40,570.5632,2310,1,1,2025,15,7,30,53,6,2,44,1,2,1,1,40,553.622,2310,1,1,1,0,still teacher
251200503170035,6,2024,16,1,17111,30,34,1,2,44,1,2,2,1,1,40,777.9506,2310,1,1,2025,16,5,30,35,1,2,44,1,2,1,1,40,572.2742,2310,1,1,1,0,still teacher
698915563080010,6,2024,15,4,17111,38,31,1,2,44,3,1,2,3,2,40,848.4434,2310,1,1,2025,16,8,38,32,1,2,44,3,2,3,2,40,673.7309,2310,1,1,1,0,still teacher
406060108283452,6,2024,12,1,17111,40,62,4,2,43,1,1,2,1,1,40,2299.6074,2310,1,1,2025,12,5,40,63,2,2,43,1,2,1,2,40,3078.4496,2310,1,1,1,0,still teacher
210220011401663,6,2024,13,4,17111,40,34,1,1,44,1,1,2,5,2,40,3079.5682,2320,1,1,2025,14,8,40,35,1,1,44,1,2,5,2,45,3069.5189,230,1,0,0,1,other occupation
094053036616879,6,2024,13,2,17111,46,55,1,1,43,1,1,2,1,1,40,524.2474,2310,1,1,2025,14,6,46,56,1,1,43,1,2,1,1,40,538.4699,2310,1,1,1,0,still teacher
094053036616879,6,2024,13,2,17111,46,44,1,2,43,1,2,2,1,1,40,533.2883,2310,1,1,2025,14,6,46,45,1,2,43,1,2,1,1,40,478.1013,2310,1,1,1,0,still teacher
082935850250156,6,2024,15,1,17111,56,61,1,2,43,1,1,2,1,1,40,410.8039,2320,1,1,2025,15,5,56,61,1,2,43,1,2,1,1,40,408.5694,2310,1,1,1,0,still teacher
074712440900121,6,2024,16,4,17011,1,64,1,1,44,1,1,2,1,1,40,2157.8669,2310,1,1,2025,16,8,1,64,1,1,44,1,2,1,1,40,1952.6866,850,1,0,0,1,other occupation
060096063719296,6,2024,15,4,17011,9,19,6,2,40,1,2,2,1,1,14,3611.9975,2300,1,1,2025,13,8,9,20,6,2,40,1,2,1,3,-1,4096.2081,4600,0,0,0,1,unemployed
102051104293103,6,2024,16,4,17011,10,29,1,2,44,1,2,2,1,1,20,869.9531,2310,1,1,2025,16,8,10,30,1,2,44,1,2,1,2,40,947.5057,2001,1,0,0,1,other occupation
480551219061822,6,2024,16,1,17011,12,54,1,2,43,1,1,2,1,1,40,6130.0878,2320,1,1,2025,16,5,12,55,1,2,43,1,2,1,7,-1,4243.7768,-1,0,0,0,1,out of labor force
990771318051520,6,2024,9,4,17011,12,43,6,2,40,2,1,2,1,1,40,5498.8111,2300,1,1,2025,8,8,12,45,6,2,40,2,2,1,1,-4,5845.1448,2300,1,1,1,0,still teacher
609120150129702,6,2024,12,3,17011,12,23,4,1,43,2,2,2,1,1,40,7287.8137,2310,1,1,2025,15,7,12,25,4,1,43,2,2,1,1,40,7380.5019,20,1,0,0,1,other occupation
210805117287030,6,2024,15,2,17011,12,62,6,2,43,1,2,2,1,1,40,4426.3616,2310,1,1,2025,11,6,12,63,6,2,43,1,2,1,1,40,4541.5562,2310,1,1,1,0,still teacher
860712071109939,6,2024,15,2,17011,12,67,1,1,44,1,1,2,1,1,40,4599.4164,2310,1,1,2025,14,6,12,68,1,1,44,1,2,1,1,40,4524.2034,2310,1,1,1,0,still teacher
860712071109939,6,2024,15,2,17011,12,41,1,2,43,1,2,2,1,1,40,4552.7856,2310,1,1,2025,14,6,12,42,1,2,43,1,2,1,2,40,4898.603,2310,1,1,1,0,still teacher
205130113246918,6,2024,16,2,17011,13,65,1,2,43,1,2,2,1,1,40,3915.9425,2300,1,1,2025,15,6,13,65,1,2,43,1,2,1,5,-1,3799.6961,-1,0,0,0,1,out of labor force
122804300457312,6,2024,16,2,17011,24,40,1,2,44,1,1,2,1,1,40,5629.8477,2310,1,1,2025,16,6,24,41,1,2,44,1,2,1,1,37,4824.6505,2310,1,1,1,0,still teacher
515881812070014,6,2024,14,2,17011,25,32,1,2,44,4,2,2,5,1,35,2997.7935,2320,1,1,2025,15,6,25,33,1,2,44,4,2,5,1,36,3223.4784,2320,1,1,1,0,still teacher
088959952020015,6,2024,14,2,17011,28,46,1,2,43,2,2,2,1,1,40,1846.1459,2310,1,1,2025,16,6,28,47,1,2,43,2,2,1,1,40,1772.842,2320,1,1,1,0,still teacher
061481490030163,6,2024,14,2,17011,33,75,1,1,43,1,1,2,1,1,22,856.8616,2320,1,1,2025,16,6,33,76,1,1,43,1,2,1,5,-1,963.5441,-1,0,0,0,1,out of labor force
284199643020016,6,2024,15,3,17011,34,59,1,2,43,4,1,2,4,1,40,5518.3801,2310,1,1,2025,16,7,34,60,1,2,43,4,2,4,1,16,5322.3909,5420,1,0,0,1,other occupation
561700716752634,6,2024,15,4,17011,36,27,6,1,44,3,2,2,1,1,40,5987.562,2310,1,1,2025,15,8,36,28,6,1,44,3,2,1,1,40,5704.3379,2320,1,1,1,0,still teacher
639809412966930,6,2024,13,2,17011,36,37,6,2,43,2,1,2,1,1,40,5298.4054,2310,1,1,2025,9,6,36,38,6,2,43,2,2,1,1,40,7182.3344,2310,1,1,1,0,still teacher
636501214194540,6,2024,16,3,17011,36,42,1,2,44,1,2,2,1,1,40,5220.0426,2310,1,1,2025,16,7,36,43,1,2,44,1,2,1,1,40,4551.3093,2310,1,1,1,0,still teacher
082078110732156,6,2024,16,1,17011,36,31,4,2,43,3,2,2,1,1,35,11896.6611,2310,1,1,2025,15,5,36,32,4,2,43,3,2,1,1,-4,7798.9843,2360,1,0,0,1,other occupation
296745793030017,6,2024,15,3,17011,36,49,1,1,44,1,1,2,1,1,40,4470.9572,2320,1,1,2025,16,7,36,50,1,1,44,1,2,1,1,40,4971.5835,2320,1,1,1,0,still teacher
720853379051970,6,2024,2,1,17011,37,33,6,2,40,2,1,2,1,2,6,8199.3843,2300,1,1,2025,4,5,37,34,6,2,40,2,2,1,7,-1,9589.327,-1,0,0,0,1,out of labor force
734600213967430,6,2024,16,2,17011,37,52,1,2,43,1,1,2,1,2,10,5212.4377,2300,1,1,2025,16,6,37,52,1,2,43,1,2,1,2,20,6947.8213,2300,1,1,1,0,still teacher
043090048519736,6,2024,14,4,17011,39,47,1,1,44,1,1,2,1,2,40,3941.0201,2310,1,1,2025,15,8,39,48,1,1,44,1,2,1,2,50,4190.6126,2320,1,1,1,0,still teacher
919814093050017,6,2024,16,4,17011,39,24,6,1,40,2,3,2,1,1,25,4765.7216,2310,1,1,2025,16,8,39,25,6,1,40,2,2,1,1,25,8709.9366,2310,1,1,1,0,still teacher
669622043090019,6,2024,12,1,17011,39,39,6,1,44,1,1,2,1,2,50,4308.6339,2320,1,1,2025,13,5,39,39,6,1,44,1,2,1,1,40,4033.5564,2320,1,1,1,0,still teacher
626050107900466,6,2024,16,4,17011,42,54,1,2,43,1,2,2,1,2,40,4571.0987,2310,1,1,2025,16,8,42,55,1,2,43,1,2,1,2,37,4326.9143,2310,1,1,1,0,still teacher
262442294040010,6,2024,15,3,17011,42,35,4,1,44,1,1,2,1,1,40,4616.2636,2310,1,1,2025,15,7,42,36,4,1,44,1,2,1,1,40,5269.9138,2310,1,1,1,0,still teacher
028031108770427,6,2024,16,2,17011,42,57,1,2,46,1,2,1,4,1,40,5217.5502,2310,1,1,2025,16,6,42,58,1,2,46,1,1,4,2,40,5717.8623,2320,1,1,1,0,still teacher
095568690843144,6,2024,14,1,17011,44,51,4,2,44,1,1,2,1,1,40,919.8794,2310,1,1,2025,14,5,44,52,4,2,44,1,2,1,1,40,1033.4081,2310,1,1,1,0,still teacher
009150404655171,6,2024,11,4,17011,45,25,6,2,43,1,1,2,1,1,40,3126.2792,2310,1,1,2025,11,8,45,26,6,2,43,1,2,1,1,40,4814.8924,2310,1,1,1,0,still teacher
997348744090015,6,2024,14,4,17011,47,27,1,2,43,1,2,2,1,2,40,3263.5643,2310,1,1,2025,15,8,47,28,1,2,43,1,2,1,2,40,4301.2295,2310,1,1,1,0,still teacher
109604015555300,6,2024,15,2,17111,1,23,1,2,43,1,2,2,1,1,40,3362.6882,2310,1,1,2025,15,6,1,24,1,2,43,1,2,1,1,40,3354.9775,440,1,0,0,1,other occupation
710051634051013,6,2024,14,4,17111,11,41,6,2,44,1,1,2,1,1,50,303.1737,2300,1,1,2025,15,8,11,42,6,2,44,1,2,1,1,50,294.9705,2310,1,1,1,0,still teacher
112507313724550,6,2024,14,4,17111,11,31,6,2,44,8,2,2,3,1,40,508.8543,2310,1,1,2025,14,8,11,32,6,2,44,8,2,3,1,40,469.5101,2300,1,1,1,0,still teacher
012061064812277,6,2024,12,4,17111,22,64,4,2,43,1,1,2,1,2,40,1762.4134,2330,1,1,2025,12,8,22,65,4,2,43,1,2,1,2,40,1387.7605,2310,1,1,1,0,still teacher
951100905920225,6,2024,16,4,17111,22,34,1,2,43,1,1,2,1,1,40,2666.6777,2300,1,1,2025,16,8,22,36,1,2,43,1,2,1,2,40,2328.2392,2300,1,1,1,0,still teacher
012033078212579,6,2024,15,4,17111,22,64,6,2,43,1,2,2,1,1,40,2421.7837,2320,1,1,2025,13,8,22,65,6,2,43,1,2,1,1,35,2097.6947,2320,1,1,1,0,still teacher
229907016033820,6,2024,16,3,17111,22,39,1,2,44,1,2,2,1,2,40,2111.678,2300,1,1,2025,16,7,22,40,1,2,44,1,2,1,1,-4,2734.9565,2310,1,1,1,0,still teacher
550080105856291,6,2024,13,4,17111,25,49,2,2,44,1,1,2,1,1,40,3332.633,2320,1,1,2025,16,8,25,49,2,2,44,1,2,1,1,40,3536.2008,2310,1,1,1,0,still teacher
455745492020019,6,2024,16,1,17111,25,45,1,2,44,1,1,2,1,1,65,3273.6526,2310,1,1,2025,16,5,25,46,1,2,44,1,2,1,1,50,3495.9273,2310,1,1,1,0,still teacher
650452146031250,6,2024,16,2,17111,25,51,1,1,44,1,1,2,1,1,40,3734.6986,2310,1,1,2025,15,6,25,52,1,1,44,1,2,1,1,40,4115.7373,2310,1,1,1,0,still teacher
378953212080010,6,2024,14,3,17111,28,31,1,2,43,1,2,2,1,2,40,1603.7438,2310,1,1,2025,16,7,28,32,1,2,43,1,2,1,1,40,1270.3726,2310,1,1,1,0,still teacher
028684560930123,6,2024,15,4,17111,33,61,1,2,43,1,2,2,1,1,40,993.4538,2310,1,1,2025,15,8,33,62,1,2,43,1,2,1,5,-1,1104.706,-1,0,0,0,1,out of labor force
031513950430143,6,2024,15,2,17111,33,46,1,1,43,1,2,2,1,1,38,1110.0078,2310,1,1,2025,15,6,33,47,1,1,43,1,2,1,1,40,1311.4287,2300,1,1,1,0,still teacher
024012038515425,6,2024,14,2,17111,45,38,5,2,43,1,1,2,1,2,40,2532.2315,2320,1,1,2025,12,6,45,39,5,2,43,1,2,1,2,40,2450.9628,2310,1,1,1,0,still teacher
074716440940105,6,2024,15,1,17111,45,33,1,2,44,1,2,2,1,2,40,3211.502,2330,1,1,2025,15,5,45,34,1,2,44,1,2,1,1,40,2584.648,2330,1,1,1,0,still teacher
451402113278570,6,2024,16,4,17111,54,29,1,2,43,1,1,2,1,2,40,954.9737,2310,1,1,2025,16,8,54,30,1,2,42,1,2,1,1,40,806.4988,2310,1,1,1,0,still teacher
130071100261401,6,2024,14,4,17011,12,59,3,2,39,1,2,1,1,1,30,4317.604,2300,1,1,2025,14,8,12,60,3,2,39,1,1,1,1,13,5499.2434,4600,1,0,0,1,other occupation
673033100190199,6,2024,15,4,17011,17,47,1,2,44,1,1,2,1,1,40,4134.9611,2330,1,1,2025,15,8,17,48,1,2,43,1,2,1,1,40,4600.3068,2330,1,1,1,0,still teacher
673033100190199,6,2024,15,4,17011,17,48,1,1,43,2,2,2,1,1,40,4942.5386,2330,1,1,2025,15,8,17,48,1,1,43,2,2,1,1,40,5261.9568,2310,1,1,1,0,still teacher
071081017018923,6,2024,14,4,17011,18,49,4,2,39,3,5,2,4,1,40,6962.2871,2300,1,1,2025,14,8,18,50,4,2,39,3,2,4,1,40,6534.083,2545,1,0,0,1,other occupation
742569454080016,6,2024,16,4,17011,42,42,1,2,44,1,2,2,1,1,37,5424.3264,2320,1,1,2025,16,8,42,43,1,2,44,1,2,1,1,38,5154.9992,2320,1,1,1,0,still teacher
140784500180800,6,2024,15,4,17111,1,33,1,2,43,1,1,2,1,1,40,2987.8889,2310,1,1,2025,16,8,1,34,1,2,43,1,2,1,2,40,2357.1778,2300,1,1,1,0,still teacher
116539600444610,6,2024,14,3,17011,4,63,1,2,43,1,2,2,1,2,0,5530.3704,2310,1,1,2025,14,7,4,64,1,2,43,1,2,1,7,-1,4466.9353,-1,0,0,0,1,out of labor force
010125160001164,6,2024,15,2,17011,4,45,1,2,44,1,1,1,1,2,40,4081.8935,2310,1,1,2025,14,6,4,46,1,2,44,1,1,1,1,40,5942.8416,2330,1,1,1,0,still teacher
157010106172097,6,2024,12,2,17011,5,71,4,2,44,2,1,2,1,1,40,1434.1714,2310,1,1,2025,16,6,5,72,4,2,44,2,2,1,5,-1,1750.2323,-1,0,0,0,1,out of labor force
053869470400175,6,2024,16,3,17011,5,48,1,2,44,1,1,2,1,1,40,1461.4937,2310,1,1,2025,15,7,5,49,1,2,44,1,2,1,1,40,1579.7644,2310,1,1,1,0,still teacher
170350700659440,6,2024,16,4,17011,6,43,1,2,44,4,2,2,4,2,40,4912.9905,2310,1,1,2025,16,8,6,44,1,2,44,4,2,4,2,40,4464.7859,2310,1,1,1,0,still teacher
180046041015818,6,2024,15,2,17011,6,43,1,2,43,1,1,2,1,1,40,3811.2816,2330,1,1,2025,15,6,6,44,1,2,43,1,2,1,1,40,4299.2944,2320,1,1,1,0,still teacher
416842910070211,6,2024,15,1,17011,6,24,6,2,43,1,1,1,1,2,24,4872.0391,2310,1,1,2025,13,5,6,25,6,2,43,1,1,1,2,20,6432.5066,2310,1,1,1,0,still teacher
040275073016687,6,2024,15,1,17011,6,49,4,2,44,1,1,2,1,2,50,4011.3482,2310,1,1,2025,15,5,6,50,4,2,44,1,2,1,2,50,4815.1355,2310,1,1,1,0,still teacher
876533800050016,6,2024,16,1,17011,6,52,1,2,43,4,1,2,1,2,40,5995.6075,2310,1,1,2025,16,5,6,53,1,2,43,4,2,1,3,-1,4748.8213,2310,0,0,0,1,unemployed
518609419758510,6,2024,14,1,17011,15,60,3,2,43,1,1,2,1,1,40,694.7043,2320,1,1,2025,16,5,15,61,3,2,43,1,2,1,1,-4,817.2871,2320,1,1,1,0,still teacher
560301676091777,6,2024,15,2,17011,17,41,1,1,43,1,2,2,1,1,50,5188.6172,2310,1,1,2025,16,6,17,42,1,1,43,1,2,1,1,40,5558.1161,2360,1,0,0,1,other occupation
988628021090011,6,2024,15,4,17011,18,46,6,2,44,1,2,2,1,1,50,3797.3187,2310,1,1,2025,15,8,18,48,6,2,44,1,2,1,1,50,3437.0324,2310,1,1,1,0,still teacher
763080106893221,6,2024,13,3,17011,26,37,4,2,43,1,1,1,1,1,40,4099.6195,2310,1,1,2025,13,7,26,39,4,2,43,1,1,1,1,40,4475.8027,2310,1,1,1,0,still teacher
340382508001760,6,2024,16,2,17011,26,55,1,2,44,1,2,2,1,1,40,3483.758,2310,1,1,2025,16,6,26,55,1,2,43,1,2,1,1,40,4922.289,2310,1,1,1,0,still teacher
473060105049218,6,2024,14,2,17011,27,63,1,2,39,1,1,2,1,1,30,4467.2297,2330,1,1,2025,15,6,27,63,1,2,39,1,2,1,3,-1,3590.8593,2545,0,0,0,1,unemployed
180683500912622,6,2024,12,2,17011,29,28,6,2,43,1,2,2,1,1,50,4376.8475,2310,1,1,2025,13,6,29,28,6,2,43,1,2,1,7,-1,4868.722,-1,0,0,0,1,out of labor force
804120361952989,6,2024,16,3,17011,32,50,1,1,44,1,1,2,1,2,40,2240.7889,2310,1,1,2025,16,7,32,51,1,1,44,1,2,1,2,40,2215.8455,2310,1,1,1,0,still teacher
804120361952989,6,2024,16,3,17011,32,52,1,2,44,1,2,1,1,2,40,2298.6554,2310,1,1,2025,16,7,32,53,1,2,44,1,1,1,2,40,2383.7925,2310,1,1,1,0,still teacher
810258051302560,6,2024,14,2,17011,38,54,1,2,44,1,2,2,1,1,40,579.9015,2310,1,1,2025,15,6,38,55,1,2,44,1,2,1,1,40,508.5883,2310,1,1,1,0,still teacher
400494615021200,6,2024,11,4,17011,40,38,3,2,43,1,1,2,1,1,40,2131.7094,2310,1,1,2025,12,8,40,39,3,2,44,1,2,1,7,-1,2230.2962,2320,0,0,0,1,out of labor force
120206061416013,6,2024,12,2,17011,46,34,6,2,43,1,1,2,1,1,40,832.6686,2320,1,1,2025,12,6,46,35,6,2,43,1,2,1,2,40,1135.714,2320,1,1,1,0,still teacher
208482894010012,6,2024,13,4,17011,48,57,1,1,44,1,3,1,1,1,40,4632.1837,2310,1,1,2025,13,8,48,59,1,1,44,1,1,1,1,40,4325.7984,2205,1,0,0,1,other occupation
845305214116090,6,2024,9,1,17011,48,24,6,2,39,1,1,1,1,1,42,6210.6232,2300,1,1,2025,10,5,48,26,6,2,39,1,1,1,1,40,6223.1764,2300,1,1,1,0,still teacher
700534945091082,6,2024,14,3,17011,48,40,4,2,43,1,1,2,1,2,40,4131.52,2310,1,1,2025,14,7,48,41,4,2,43,1,2,1,1,40,4314.2402,2310,1,1,1,0,still teacher
108533134001918,6,2024,14,1,17011,48,46,1,2,44,1,2,2,1,1,40,4900.248,2310,1,1,2025,14,5,48,47,1,2,44,1,2,1,2,45,5037.0107,2320,1,1,1,0,still teacher
843513913987620,6,2024,14,1,17011,48,34,1,2,43,2,2,2,1,1,40,7298.8152,2310,1,1,2025,14,5,48,35,1,2,43,2,2,1,2,45,7450.8652,2310,1,1,1,0,still teacher
481020102841434,6,2024,14,4,17011,48,30,6,2,39,1,3,2,1,1,25,6017.895,2300,1,1,2025,14,8,48,31,6,2,39,1,2,1,1,25,5514.0381,2545,1,0,0,1,other occupation
761700909037550,6,2024,14,4,17011,55,38,6,1,44,1,1,2,1,1,40,5203.2516,2310,1,1,2025,14,8,55,39,6,1,44,1,2,1,1,40,5683.7736,2310,1,1,1,0,still teacher
150687900502855,6,2024,15,2,17011,55,59,3,2,44,1,1,2,1,1,40,4832.1125,2310,1,1,2025,15,6,55,60,3,2,44,1,2,1,1,40,3789.7648,2310,1,1,1,0,still teacher
951090106296519,6,2024,15,4,17011,55,61,1,2,44,1,1,2,1,2,45,3358.2613,2310,1,1,2025,16,8,55,62,1,2,44,1,2,1,1,-4,3813.4803,2310,1,1,1,0,still teacher
610936051505471,6,2024,15,4,17011,56,67,1,1,44,1,1,2,1,2,40,442.146,2320,1,1,2025,15,8,56,68,1,1,44,1,2,1,5,-1,350.4125,-1,0,0,0,1,out of labor force
786626865010118,6,2024,15,1,17011,56,41,1,2,44,1,1,2,1,1,45,318.4472,2300,1,1,2025,15,5,56,42,1,2,44,1,2,1,1,40,302.5724,2310,1,1,1,0,still teacher
030542570610176,6,2024,16,1,17111,16,44,1,1,44,1,1,2,1,2,40,1062.4394,2310,1,1,2025,16,5,16,45,1,1,44,1,2,1,1,40,1058.1729,2310,1,1,1,0,still teacher
021153800330140,6,2024,11,4,17111,30,46,1,2,43,1,2,2,1,1,40,503.2005,2310,1,1,2025,16,8,30,47,1,2,43,1,2,1,1,40,554.7731,2310,1,1,1,0,still teacher
541400912200036,6,2024,13,2,17111,30,34,1,2,44,1,1,2,1,1,40,765.0866,2320,1,1,2025,14,6,30,35,1,2,44,1,2,1,1,55,657.4509,2310,1,1,1,0,still teacher
093009085210905,6,2024,13,2,17111,30,44,4,2,44,1,1,2,1,1,40,577.3193,2310,1,1,2025,15,6,30,46,4,2,44,1,2,1,1,40,548.1447,2310,1,1,1,0,still teacher
805020107980481,6,2024,16,2,17111,40,50,1,2,43,1,2,2,1,1,25,3146.1523,2310,1,1,2025,16,6,40,51,1,2,43,1,2,1,7,-1,2342.7024,-1,0,0,0,1,out of labor force
760280031405708,6,2024,11,1,17111,40,69,4,2,40,1,1,2,5,2,19,2315.6337,2300,1,1,2025,7,5,40,70,4,2,40,1,2,5,1,24,3100.3171,4600,1,0,0,1,other occupation
101160535917059,6,2024,14,1,17111,56,36,1,1,43,1,1,2,1,2,-4,385.0353,2310,1,1,2025,14,5,56,37,1,1,43,1,2,1,2,40,365.5488,2001,1,0,0,1,other occupation
794071105454017,6,2024,16,2,17011,9,42,4,2,46,1,1,2,1,1,35,3856.9136,2310,1,1,2025,16,6,9,43,4,2,46,1,2,1,1,35,3576.5074,2330,1,1,1,0,still teacher
151500514262907,6,2024,14,2,17011,9,75,6,2,43,1,2,2,1,2,-4,2490.2577,2320,1,1,2025,14,6,9,76,6,2,43,1,2,1,5,-1,2775.1993,-1,0,0,0,1,out of labor force
951500006319228,6,2024,15,4,17011,22,44,1,2,44,2,1,2,1,1,40,2031.4045,2310,1,1,2025,16,8,22,45,1,2,44,2,2,1,1,40,1901.5246,2310,1,1,1,0,still teacher
426010105832271,6,2024,16,2,17011,22,37,1,2,44,2,1,2,1,1,40,1807.2352,2310,1,1,2025,16,6,22,37,1,2,44,2,2,1,1,40,2370.6417,440,1,0,0,1,other occupation
224106016878650,6,2024,15,4,17011,22,25,1,2,43,1,2,2,1,2,40,2230.6317,2310,1,1,2025,15,8,22,25,1,2,43,1,2,1,1,40,2015.6397,2310,1,1,1,0,still teacher
823455993010016,6,2024,16,4,17011,33,69,1,2,43,1,2,2,1,1,14,958.7195,2310,1,1,2025,15,8,33,70,1,2,43,1,2,1,1,20,927.9914,2360,1,0,0,1,other occupation
140061109938325,6,2024,16,2,17011,34,52,1,1,43,1,1,1,1,1,40,4751.8639,2310,1,1,2025,16,6,34,53,1,1,43,1,1,1,1,40,5299.634,2310,1,1,1,0,still teacher
140061109938325,6,2024,16,2,17011,34,53,1,2,44,1,2,1,4,1,40,4835.5996,2310,1,1,2025,16,6,34,54,1,2,44,1,1,4,1,40,5388.7362,2310,1,1,1,0,still teacher
033094045414831,6,2024,16,4,17011,34,30,1,2,44,1,1,2,1,1,50,5385.8826,2310,1,1,2025,16,8,34,31,1,2,44,1,2,1,1,40,4988.4472,2310,1,1,1,0,still teacher
065157620630126,6,2024,16,4,17011,36,61,1,2,44,1,1,2,1,1,3,4448.1711,2310,1,1,2025,15,8,36,62,1,2,44,1,2,1,5,-1,4703.1195,-1,0,0,0,1,out of labor force
440173499011260,6,2024,15,4,17011,36,38,1,2,44,1,2,2,1,1,40,4203.246,2310,1,1,2025,16,8,36,39,1,2,44,1,2,1,1,38,4884.1478,2310,1,1,1,0,still teacher
050956061314144,6,2024,16,4,17011,36,39,1,1,44,1,2,2,1,1,40,5314.1777,2310,1,1,2025,15,8,36,40,1,1,44,1,2,1,1,40,5115.3606,2320,1,1,1,0,still teacher
261000517021638,6,2024,16,3,17011,36,52,1,2,44,1,2,2,1,1,40,5256.6772,2320,1,1,2025,16,7,36,53,1,2,44,1,2,1,1,40,4646.9768,650,1,0,0,1,other occupation
053087065317704,6,2024,15,1,17011,37,45,1,1,44,8,1,2,1,1,40,5005.0672,2310,1,1,2025,15,5,37,46,1,1,44,8,2,1,1,40,4402.7486,2320,1,1,1,0,still teacher
120153956081870,6,2024,15,1,17011,37,30,1,2,43,1,2,2,1,1,40,6201.4975,2310,1,1,2025,13,5,37,31,1,2,43,1,2,1,1,40,6440.9393,2310,1,1,1,0,still teacher
276020105835334,6,2024,16,3,17011,37,42,1,2,43,1,1,2,1,1,-4,3702.0358,2310,1,1,2025,15,7,37,43,1,2,43,1,2,1,1,-4,4205.002,2310,1,1,1,0,still teacher
474542254050012,6,2024,13,2,17011,44,25,6,2,43,1,1,2,1,1,40,1167.1857,2330,1,1,2025,12,6,44,25,6,2,43,1,2,1,1,40,1572.6681,2310,1,1,1,0,still teacher
005789910840117,6,2024,14,3,17011,47,29,1,2,43,1,2,2,1,1,35,4800.108,2310,1,1,2025,15,7,47,30,1,2,43,1,2,1,1,40,3348.1741,2310,1,1,1,0,still teacher
018060109271510,6,2024,16,3,17011,51,25,6,2,43,4,5,2,1,1,-4,5403.362,2310,1,1,2025,15,7,51,26,6,2,43,4,2,1,1,40,8382.319,2310,1,1,1,0,still teacher
018060109271510,6,2024,16,3,17011,51,20,6,2,40,4,7,2,1,1,-4,5826.9209,2310,1,1,2025,15,7,51,22,6,2,43,4,2,1,1,-4,9632.5499,2310,1,1,1,0,still teacher
630555928061840,6,2024,15,2,17011,54,40,1,2,44,1,2,2,1,2,46,905.5737,2310,1,1,2025,15,6,54,41,1,2,44,1,2,1,1,40,825.7637,2310,1,1,1,0,still teacher
170945925001640,6,2024,14,2,17011,54,55,1,2,44,1,2,2,1,2,40,786.9638,2310,1,1,2025,14,6,54,56,2,2,43,1,2,1,3,-1,869.5951,2310,0,0,0,1,unemployed
150608600129990,6,2024,14,3,17111,1,56,1,2,44,2,2,2,1,1,40,2981.8881,2310,1,1,2025,15,7,1,57,1,2,39,2,2,1,1,40,2856.6588,5165,1,0,0,1,other occupation
100121071174674,6,2024,16,2,17111,11,32,1,1,44,1,1,2,1,1,40,408.3633,2310,1,1,2025,16,6,11,33,1,1,44,1,2,1,1,45,337.1652,2310,1,1,1,0,still teacher
002611822010011,6,2024,15,4,17112,22,25,6,2,43,1,1,2,1,1,40,2222.3884,2330,1,1,2025,15,8,22,26,6,2,43,1,2,1,1,40,2007.0926,2320,1,1,1,0,still teacher
991900308025521,6,2024,16,3,17111,25,29,1,1,44,1,1,2,1,1,40,3613.3018,2320,1,1,2025,16,7,25,30,1,1,44,1,2,1,1,40,3364.3366,2205,1,0,0,1,other occupation
180781600875662,6,2024,13,1,17111,28,45,1,2,43,1,1,2,1,2,40,1448.6137,2310,1,1,2025,14,5,28,46,1,2,43,1,2,1,2,45,1418.8312,2310,1,1,1,0,still teacher
331500508245827,6,2024,11,3,17111,28,25,6,2,43,2,1,2,1,1,40,3402.594,2320,1,1,2025,11,7,28,26,6,2,43,2,2,1,1,40,2272.573,2320,1,1,1,0,still teacher
934173585030012,6,2024,13,4,17111,54,54,6,2,44,1,1,2,1,1,40,759.3325,2310,1,1,2025,11,8,54,55,6,2,44,1,2,1,1,40,556.7783,2310,1,1,1,0,still teacher
205120059240723,6,2024,14,2,17012,2,22,1,2,42,1,2,2,1,1,40,954.8146,2300,1,1,2025,14,6,2,23,1,2,42,1,2,1,1,40,605.043,2300,1,1,1,0,still teacher
242096109354046,6,2024,16,3,17011,4,39,4,2,44,1,3,2,1,1,40,4016.7903,2320,1,1,2025,16,7,4,40,4,2,44,1,2,1,1,40,4676.8481,2320,1,1,1,0,still teacher
002150087595093,6,2024,12,3,17011,5,41,1,2,42,1,2,2,1,1,0,1534.4479,2310,1,1,2025,15,7,5,43,1,2,41,1,2,1,2,40,1754.4639,2545,1,0,0,1,other occupation
205160045732701,6,2024,16,3,17011,6,52,1,2,43,1,1,2,1,2,40,3898.1373,2310,1,1,2025,16,7,6,53,1,2,43,1,2,1,2,40,3828.4379,2310,1,1,1,0,still teacher
121513400618180,6,2024,16,3,17011,6,49,1,2,43,1,2,2,1,1,40,4267.7367,2310,1,1,2025,16,7,6,49,1,2,43,1,2,1,1,45,3998.2731,2310,1,1,1,0,still teacher
108160007365046,6,2024,16,4,17011,6,36,1,1,44,1,2,1,1,1,40,3963.763,2310,1,1,2025,16,8,6,37,1,1,44,1,1,1,1,40,5743.0753,2310,1,1,1,0,still teacher
716599120060017,6,2024,2,4,17011,6,59,1,2,44,1,3,1,4,1,40,3854.9331,2300,1,1,2025,16,8,6,60,1,2,44,1,1,4,2,40,5145.4405,2300,1,1,1,0,still teacher
060610143051061,6,2024,16,1,17011,6,33,1,2,43,4,2,2,5,2,40,4208.9381,2300,1,1,2025,16,5,6,34,1,2,43,4,2,5,7,-1,5490.4557,-1,0,0,0,1,out of labor force
280437051176428,6,2024,16,3,17011,17,75,1,1,44,1,1,2,4,1,40,4042.6679,2310,1,1,2025,14,7,17,75,1,1,44,1,2,4,1,40,4223.9532,2310,1,1,1,0,still teacher
011300879382713,6,2024,14,2,17011,17,40,1,1,44,4,1,2,1,2,40,4570.6401,2310,1,1,2025,16,6,17,40,1,1,44,4,2,1,2,20,5006.873,2310,1,1,1,0,still teacher
005170139803455,6,2024,15,3,17011,17,38,1,2,44,1,2,2,1,2,20,4637.8036,2310,1,1,2025,16,7,17,39,1,2,44,1,2,1,2,28,4394.356,2310,1,1,1,0,still teacher
941400902280716,6,2024,14,3,17011,17,43,1,1,44,1,1,2,1,2,45,4631.4524,2320,1,1,2025,15,7,17,44,1,1,44,1,2,1,2,40,4121.4343,2310,1,1,1,0,still teacher
150918600746801,6,2024,16,1,17011,17,37,1,2,44,1,2,2,1,2,40,5408.2589,2330,1,1,2025,16,5,17,38,1,2,44,1,2,1,2,40,5175.9459,2330,1,1,1,0,still teacher
081082062517294,6,2024,16,3,17011,17,49,4,2,44,1,2,2,1,1,40,5080.0706,2300,1,1,2025,16,7,17,50,4,2,44,1,2,1,1,35,5526.4841,2300,1,1,1,0,still teacher
170025400821601,6,2024,10,4,17011,18,39,6,2,43,1,1,2,1,1,40,3574.7632,2310,1,1,2025,11,8,18,40,6,2,43,1,2,1,2,40,3383.8812,2310,1,1,1,0,still teacher
008160280391539,6,2024,16,3,17011,26,53,1,2,44,1,1,2,1,1,40,4821.7289,2310,1,1,2025,16,7,26,54,1,2,44,1,2,1,7,-1,4812.0533,-1,0,0,0,1,out of labor force
025699240821186,6,2024,14,2,17011,26,51,1,1,44,1,2,2,5,1,40,3855.5353,2310,1,1,2025,16,6,26,52,1,1,44,1,2,5,1,40,5406.903,2310,1,1,1,0,still teacher
076010103804200,6,2024,13,2,17011,27,64,6,2,44,1,1,2,1,2,40,4467.2297,2310,1,1,2025,11,6,27,65,6,2,44,1,2,1,5,-1,3566.8001,-1,0,0,0,1,out of labor force
038709114124470,6,2024,12,3,17011,30,25,6,2,35,1,3,2,1,1,35,770.6723,2300,1,1,2025,12,7,30,25,6,2,35,1,2,1,7,-1,886.5086,-1,0,0,0,1,out of labor force
814051102486348,6,2024,12,2,17011,31,32,6,2,44,1,1,2,1,2,40,1901.7552,2300,1,1,2025,13,6,31,33,6,2,44,1,2,1,1,55,1628.0047,2300,1,1,1,0,still teacher
160012000112023,6,2024,16,1,17011,31,48,1,2,43,1,2,2,1,2,40,1446.7452,2310,1,1,2025,16,5,31,49,1,2,43,1,2,1,2,40,1437.9396,2310,1,1,1,0,still teacher
582936563090015,6,2024,16,3,17011,32,43,1,2,43,1,1,2,1,1,40,1653.7356,2320,1,1,2025,15,7,32,45,1,2,43,1,2,1,3,-1,1684.7143,2310,0,0,0,1,unemployed
582936563090015,6,2024,16,3,17011,32,41,1,1,43,3,2,1,1,1,40,2410.8895,2320,1,1,2025,15,7,32,42,1,1,43,3,1,1,3,-1,2545.2619,2310,0,0,0,1,unemployed
033103019612337,6,2024,14,4,17011,32,71,1,1,44,1,2,2,1,1,40,1627.9906,2310,1,1,2025,15,8,32,72,1,1,44,1,2,1,5,-1,1557.05,2310,0,0,0,1,out of labor force
033103019612337,6,2024,14,4,17011,32,31,6,2,43,1,3,2,1,1,40,1855.9713,2310,1,1,2025,15,8,32,32,6,2,43,1,2,1,1,40,2053.6028,5240,1,0,0,1,other occupation
054096055016918,6,2024,14,3,17011,46,26,1,2,43,1,2,2,1,2,40,754.8934,2320,1,1,2025,15,7,46,28,1,2,43,1,2,1,2,40,734.7921,2320,1,1,1,0,still teacher
980948091403960,6,2024,14,4,17011,48,38,1,2,43,1,2,2,1,1,40,4355.0007,2320,1,1,2025,15,8,48,40,1,2,43,1,2,1,1,40,4025.9384,2310,1,1,1,0,still teacher
074045086218224,6,2024,16,4,17011,48,43,1,1,43,1,1,2,1,2,45,5524.906,2310,1,1,2025,16,8,48,45,1,1,43,1,2,1,2,40,4095.0368,2310,1,1,1,0,still teacher
916180460181630,6,2024,14,2,17011,48,27,6,2,43,1,2,2,1,1,40,4650.9621,2310,1,1,2025,14,6,48,28,6,2,43,1,2,1,1,40,6027.2932,2310,1,1,1,0,still teacher
840312912263710,6,2024,16,3,17011,48,35,1,2,43,1,2,2,1,1,40,4265.0752,2310,1,1,2025,16,7,48,36,1,2,43,1,2,1,2,40,4998.2704,2310,1,1,1,0,still teacher
002990600743168,6,2024,14,1,17011,48,52,1,2,44,1,1,1,2,2,40,5115.936,2310,1,1,2025,15,5,48,53,1,2,45,1,1,2,7,-1,6967.5967,-1,0,0,0,1,out of labor force
680468071433741,6,2024,16,1,17011,48,56,1,2,44,1,2,2,1,1,40,4612.4355,2310,1,1,2025,15,5,48,57,1,2,44,1,2,1,1,40,4808.0197,2310,1,1,1,0,still teacher
001190485369682,6,2024,15,4,17011,49,45,1,2,43,1,2,2,1,1,40,1681.1853,2310,1,1,2025,16,8,49,46,1,2,43,1,2,1,2,40,2067.4682,2310,1,1,1,0,still teacher
292061102847405,6,2024,16,4,17011,49,52,1,2,43,1,1,2,1,1,32,1941.8731,2310,1,1,2025,16,8,49,53,1,2,43,1,2,1,1,40,2241.8375,2310,1,1,1,0,still teacher
172001600351685,6,2024,16,2,17011,53,41,1,2,44,1,2,2,1,1,40,4109.693,2310,1,1,2025,16,6,53,42,1,2,44,1,2,1,1,40,4002.3353,2310,1,1,1,0,still teacher
075063084915473,6,2024,15,2,17011,55,51,1,2,43,1,2,2,1,2,40,5126.7776,2310,1,1,2025,16,6,55,52,1,2,43,1,2,1,1,40,4362.9062,2310,1,1,1,0,still teacher
190851956081851,6,2024,16,2,17111,15,54,1,1,44,4,1,2,1,1,40,842.7189,2320,1,1,2025,16,6,15,55,1,1,44,4,2,1,1,40,768.7776,2320,1,1,1,0,still teacher
556764941000017,6,2024,15,2,17111,16,57,1,1,44,1,1,2,1,1,40,1097.9255,2310,1,1,2025,15,6,16,58,1,1,44,1,2,1,2,40,1062.8738,2310,1,1,1,0,still teacher
556764941000017,6,2024,15,2,17111,16,55,1,2,43,1,2,2,1,1,40,1041.4091,2310,1,1,2025,15,6,16,56,1,2,43,1,2,1,2,40,1028.9698,2310,1,1,1,0,still teacher
318206241060016,6,2024,16,1,17111,18,46,1,2,43,1,2,2,1,2,40,3578.2542,2310,1,1,2025,16,5,18,47,1,2,43,1,2,1,2,45,3664.1416,2310,1,1,1,0,still teacher
656802111711340,6,2024,14,3,17111,56,42,1,2,44,1,1,2,1,1,45,405.263,2320,1,1,2025,15,7,56,43,1,2,44,1,2,1,1,50,529.4029,137,1,0,0,1,other occupation
075025056816534,6,2024,14,2,17111,56,25,1,2,44,1,2,2,1,1,40,486.61,2310,1,1,2025,15,6,56,26,1,2,44,1,2,1,1,40,599.8238,2310,1,1,1,0,still teacher
780741504071517,6,2024,15,1,17011,11,56,4,2,44,2,1,2,1,1,40,500.5644,2310,1,1,2025,16,5,11,57,4,2,44,2,2,1,1,40,440.1939,2310,1,1,1,0,still teacher
142499400255301,6,2024,16,1,17011,12,41,1,2,43,1,2,2,1,2,40,4319.5559,2330,1,1,2025,15,5,12,42,1,2,43,1,2,1,1,40,5771.2892,2310,1,1,1,0,still teacher
150050800278761,6,2024,13,2,17011,12,26,1,2,43,1,2,2,1,1,40,4522.7979,2310,1,1,2025,13,6,12,27,1,2,44,1,2,1,1,40,5484.4448,2310,1,1,1,0,still teacher
227010109395169,6,2024,15,4,17011,12,57,1,2,44,1,1,2,1,2,40,4995.3312,2320,1,1,2025,15,8,12,58,1,2,44,1,2,1,2,-4,4410.8682,2310,1,1,1,0,still teacher
006130118103152,6,2024,16,4,17011,13,36,1,2,44,1,2,2,1,1,40,4922.6337,2310,1,1,2025,16,8,13,37,1,2,44,1,2,1,1,36,4717.0529,2310,1,1,1,0,still teacher
923542701060010,6,2024,16,1,17011,13,37,1,2,43,1,2,2,1,2,40,8180.0728,2310,1,1,2025,16,5,13,37,1,2,43,1,2,1,2,40,4925.3909,2310,1,1,1,0,still teacher
680481969041130,6,2024,15,2,17011,13,42,4,2,42,1,2,2,1,2,50,3635.9939,2310,1,1,2025,9,6,13,44,4,2,42,1,2,1,1,-4,5040.8396,2545,1,0,0,1,other occupation
285699512000018,6,2024,16,3,17011,25,38,1,2,44,1,2,2,1,1,40,3702.9819,2310,1,1,2025,16,7,25,39,1,2,44,1,2,1,1,40,4138.7833,2310,1,1,1,0,still teacher
740943214011840,6,2024,13,2,17011,34,34,6,2,44,2,1,2,1,1,30,8341.842,2310,1,1,2025,13,6,34,34,6,2,44,2,2,1,1,35,5247.6456,2300,1,1,1,0,still teacher
054274893080010,6,2024,16,1,17011,34,24,6,2,43,1,3,2,1,1,40,5875.039,2320,1,1,2025,16,5,34,25,1,2,43,1,2,1,1,40,4768.3496,2310,1,1,1,0,still teacher
461700736792634,6,2024,15,3,17011,36,75,4,2,43,1,1,2,1,1,40,3884.3059,2320,1,1,2025,1,7,36,76,4,2,43,1,2,1,1,40,3640.7159,2320,1,1,1,0,still teacher
003026090916110,6,2024,14,4,17011,36,42,1,2,43,1,1,2,4,1,15,4284.2205,2300,1,1,2025,15,8,36,44,1,2,43,1,2,4,1,40,4124.7511,2300,1,1,1,0,still teacher
047235543070016,6,2024,12,4,17011,37,60,1,2,44,1,2,2,1,1,40,4386.3592,2320,1,1,2025,13,8,37,61,1,2,44,1,2,1,5,-1,3554.5189,-1,0,0,0,1,out of labor force
013019022317410,6,2024,14,4,17011,37,70,3,2,41,2,1,2,5,1,40,3651.319,2300,1,1,2025,14,8,37,71,3,2,43,2,2,1,1,40,5501.9088,2300,1,1,1,0,still teacher
045234130030119,6,2024,13,4,17011,39,34,1,1,43,1,1,2,1,2,40,5950.4108,2320,1,1,2025,13,8,39,36,1,1,43,1,2,1,7,-1,4772.2103,2320,0,0,0,1,out of labor force
096949260630119,6,2024,16,3,17011,39,40,1,2,44,1,2,2,1,2,-4,3994.034,2300,1,1,2025,16,7,39,41,1,2,44,1,2,1,1,40,3943.6654,2300,1,1,1,0,still teacher
000190362266949,6,2024,15,1,17011,39,32,1,2,43,1,1,2,1,2,-4,4726.3832,2310,1,1,2025,15,5,39,33,1,2,43,1,2,1,1,40,5092.5645,2310,1,1,1,0,still teacher
043062095219995,6,2024,16,1,17011,39,50,1,2,44,1,2,2,1,2,55,4516.808,2320,1,1,2025,16,5,39,51,1,2,44,1,2,1,1,40,4966.8671,2320,1,1,1,0,still teacher
670342051409844,6,2024,16,1,17011,42,41,1,1,44,1,1,2,1,1,40,6226.4356,2320,1,1,2025,16,5,42,42,1,1,44,1,2,1,1,40,7828.221,2320,1,1,1,0,still teacher
201200213681245,6,2024,15,1,17011,42,73,2,2,43,1,1,2,1,1,40,4706.6989,2320,1,1,2025,14,5,42,74,2,2,43,1,2,1,2,35,5625.6571,2310,1,1,1,0,still teacher
931300100994058,6,2024,15,4,17011,50,54,1,2,44,1,2,2,3,1,40,442.7946,2320,1,1,2025,16,8,50,55,1,2,44,1,2,3,1,40,397.0225,2320,1,1,1,0,still teacher
150802014642850,6,2024,7,3,17011,51,70,4,2,42,1,1,2,1,1,-4,3847.3151,2310,1,1,2025,8,7,51,71,4,2,42,1,2,1,1,-4,5131.7205,3602,1,0,0,1,other occupation
130294200164315,6,2024,15,3,17011,51,45,1,2,43,1,2,2,1,1,-4,4681.0391,2310,1,1,2025,15,7,51,46,1,2,43,1,2,1,1,-4,6230.5656,725,1,0,0,1,other occupation
110435783091141,6,2024,12,3,17011,54,48,6,2,44,1,1,2,1,1,40,773.3021,2310,1,1,2025,13,7,54,49,6,2,44,1,2,1,1,40,980.8306,2310,1,1,1,0,still teacher
300452281031320,6,2024,10,4,17111,22,61,2,2,40,2,1,2,1,2,40,1651.1646,2300,1,1,2025,9,8,22,63,2,2,40,2,2,1,2,40,1658.8192,2310,1,1,1,0,still teacher
002277870820172,6,2024,15,1,17111,22,54,1,2,44,1,1,2,1,1,45,1842.2032,2320,1,1,2025,15,5,22,56,1,2,44,1,2,1,1,45,1601.2908,2320,1,1,1,0,still teacher
208120239137495,6,2024,15,3,17111,22,44,1,2,43,1,2,2,1,2,40,1752.1172,2310,1,1,2025,16,7,22,45,1,2,43,1,2,1,1,40,2427.9359,2310,1,1,1,0,still teacher
440213238061130,6,2024,13,4,17111,33,34,1,2,44,1,2,2,1,1,40,1147.3364,2310,1,1,2025,14,8,33,34,1,2,44,1,2,1,1,40,1187.196,2310,1,1,1,0,still teacher
741010102242367,6,2024,16,1,17111,34,48,1,2,43,1,2,2,1,1,40,4464.8632,2320,1,1,2025,16,5,34,49,1,2,43,1,2,1,1,40,3740.4275,2310,1,1,1,0,still teacher
022685410940157,6,2024,15,2,17111,47,51,1,2,46,2,1,2,1,1,40,4197.5888,2320,1,1,2025,15,6,47,52,1,2,46,2,2,1,1,40,3871.9499,2310,1,1,1,0,still teacher
480524041503175,6,2024,12,4,17111,54,48,1,2,42,1,3,2,1,2,40,724.0755,2310,1,1,2025,15,8,54,49,1,2,42,1,2,1,1,0,621.7129,2310,1,1,1,0,still teacher
098655110001102,6,2024,10,4,17011,2,33,1,2,39,5,2,2,4,1,40,734.5556,2300,1,1,2025,9,8,2,34,1,2,39,5,2,4,2,30,654.9571,4600,1,0,0,1,other occupation
960696051009865,6,2024,1,3,17011,6,28,6,1,43,1,1,2,1,2,8,4872.8197,2310,1,1,2025,10,7,6,28,1,1,43,1,2,1,4,-1,6256.6809,4760,0,0,0,1,unemployed
601006110164730,6,2024,16,2,17011,6,33,1,2,44,1,2,2,4,2,40,5233.5764,2310,1,1,2025,16,6,6,34,1,2,43,1,2,4,7,-1,5406.1295,-1,0,0,0,1,out of labor force
605905016822590,6,2024,15,4,17011,6,49,5,2,44,1,1,2,1,1,40,4222.8731,2310,1,1,2025,15,8,6,50,5,2,44,1,2,1,1,40,5040.9506,2310,1,1,1,0,still teacher
001061094916453,6,2024,12,4,17011,16,50,4,2,44,1,1,2,1,1,40,1178.8791,2310,1,1,2025,14,8,16,52,1,2,43,1,2,1,1,45,1347.8083,520,1,0,0,1,other occupation
130024800748961,6,2024,16,3,17011,17,46,4,2,44,1,5,2,1,2,50,5080.0706,2310,1,1,2025,16,7,17,48,4,2,44,1,2,1,2,0,5559.2391,2310,1,1,1,0,still teacher
021018028817196,6,2024,15,1,17011,17,42,1,2,44,1,1,2,1,2,40,4580.7096,2310,1,1,2025,16,5,17,42,1,2,44,1,2,1,2,40,5031.5451,2310,1,1,1,0,still teacher
109942431050017,6,2024,13,4,17011,19,56,6,2,43,1,1,2,1,2,-4,2680.4542,2310,1,1,2025,13,8,19,57,6,2,43,1,2,1,1,40,2128.783,2320,1,1,1,0,still teacher
039553010520150,6,2024,16,4,17011,20,50,1,2,43,1,1,2,1,2,40,2053.1726,2310,1,1,2025,16,8,20,51,1,2,43,1,2,1,2,40,2233.1631,2310,1,1,1,0,still teacher
190567600751062,6,2024,14,4,17011,27,54,6,2,44,1,1,2,1,1,-4,5006.1382,2300,1,1,2025,14,8,27,55,6,2,44,1,2,1,2,40,3804.549,2555,1,0,0,1,other occupation
490232615001870,6,2024,14,1,17011,27,67,4,2,44,1,1,2,1,1,4,4620.6098,2320,1,1,2025,14,5,27,68,4,2,44,1,2,1,1,40,4423.2713,2310,1,1,1,0,still teacher
531900904702923,6,2024,15,4,17011,29,40,1,1,43,1,1,2,1,1,40,3909.8629,2320,1,1,2025,15,8,29,42,1,1,43,1,2,1,1,40,3510.2943,2320,1,1,1,0,still teacher
006002110431111,6,2024,15,2,17011,31,53,3,2,43,1,1,2,1,1,40,1394.4893,2300,1,1,2025,15,6,31,54,3,2,41,1,2,1,1,40,1459.3989,2300,1,1,1,0,still teacher
240113943031611,6,2024,15,3,17011,31,42,1,2,44,1,2,2,1,2,40,2068.9811,2310,1,1,2025,16,7,31,43,1,2,44,1,2,1,2,40,1723.1683,2310,1,1,1,0,still teacher
555714843000217,6,2024,13,4,17011,35,51,1,2,42,1,2,1,4,2,40,1339.5873,2300,1,1,2025,13,8,35,52,1,2,42,1,1,4,2,40,1749.3856,2310,1,1,1,0,still teacher
534406115838110,6,2024,6,3,17011,35,65,4,2,43,1,1,1,1,2,40,1237.1829,2310,1,1,2025,6,7,35,66,4,2,43,1,1,1,5,-1,1437.7019,-1,0,0,0,1,out of labor force
082023102321301,6,2024,16,2,17011,38,48,1,2,43,1,2,2,1,2,45,609.9843,2310,1,1,2025,16,6,38,50,1,2,43,1,2,1,2,50,592.8927,2310,1,1,1,0,still teacher
143805013214980,6,2024,15,4,17011,41,54,1,2,46,1,2,2,1,1,40,2899.4678,2310,1,1,2025,16,8,41,56,1,2,46,1,2,1,2,40,1970.9699,2722,1,0,0,1,other occupation
150950900616854,6,2024,15,3,17011,46,44,1,2,39,1,2,2,1,1,40,685.145,2300,1,1,2025,15,7,46,45,1,2,39,1,2,1,1,40,512.5196,2300,1,1,1,0,still teacher
521300835960846,6,2024,13,2,17011,48,33,4,2,43,1,1,2,1,1,50,5945.271,2320,1,1,2025,13,6,48,34,4,2,43,1,2,1,1,40,5650.5828,2310,1,1,1,0,still teacher
791070107646452,6,2024,16,2,17011,49,61,1,2,43,1,2,2,1,1,40,1595.8395,2310,1,1,2025,14,6,49,62,1,2,43,1,2,1,1,45,1758.2689,2310,1,1,1,0,still teacher
052435470850143,6,2024,16,4,17011,53,53,1,1,44,1,2,2,1,1,38,3653.6577,2310,1,1,2025,16,8,53,54,1,1,44,1,2,1,1,37,3755.47,2310,1,1,1,0,still teacher
556408015692210,6,2024,10,2,17011,55,23,6,2,42,1,1,2,1,1,12,4477.121,2320,1,1,2025,10,6,55,24,6,2,42,1,2,1,1,40,4651.71,2320,1,1,1,0,still teacher
650475370041450,6,2024,16,3,17011,55,34,1,2,43,1,2,2,1,2,40,3470.6083,2310,1,1,2025,16,7,55,35,1,2,43,1,2,1,1,40,4714.806,2310,1,1,1,0,still teacher
006150519136235,6,2024,16,3,17011,55,42,1,1,42,1,2,2,1,1,40,3468.3328,2310,1,1,2025,16,7,55,43,1,1,42,1,2,1,1,40,4805.7369,2310,1,1,1,0,still teacher
146569715030015,6,2024,15,4,17011,56,59,1,2,43,1,2,2,1,2,40,404.4899,2310,1,1,2025,16,8,56,60,1,2,43,1,2,1,1,55,359.1822,2310,1,1,1,0,still teacher
103160571162720,6,2024,16,4,17011,56,58,1,1,43,1,1,2,1,2,40,489.9856,2320,1,1,2025,15,8,56,60,1,1,43,1,2,1,2,45,436.1592,2310,1,1,1,0,still teacher
070053030515533,6,2024,13,3,17111,5,50,4,2,43,1,1,2,1,1,40,1506.9226,2310,1,1,2025,13,7,5,50,4,2,43,1,2,1,1,40,1771.967,2310,1,1,1,0,still teacher
161739200016383,6,2024,10,1,17111,30,24,1,2,43,1,1,2,1,2,40,818.0302,2310,1,1,2025,13,5,30,25,1,2,43,1,2,1,1,40,624.6197,2040,1,0,0,1,other occupation
001110361314000,6,2024,16,1,17111,31,49,1,2,44,1,2,2,1,2,40,1446.7452,2310,1,1,2025,15,5,31,50,1,2,44,1,2,1,1,40,1495.2496,2310,1,1,1,0,still teacher
024007073810586,6,2024,11,1,17111,40,28,6,2,40,1,1,2,1,1,40,3102.0979,2300,1,1,2025,14,5,40,29,6,2,40,1,2,1,1,40,2768.9554,2300,1,1,1,0,still teacher
250746031508064,6,2024,15,4,17111,56,59,1,1,44,1,1,2,1,2,34,489.9856,2320,1,1,2025,16,8,56,60,1,1,44,1,2,1,2,40,409.6668,2310,1,1,1,0,still teacher
899547700010116,6,2024,16,3,17011,9,41,1,2,46,1,2,2,1,1,48,4254.7498,2310,1,1,2025,16,7,9,42,1,2,46,1,2,1,1,48,3633.0463,230,1,0,0,1,other occupation
170131304071630,6,2024,15,2,17011,13,63,1,2,44,1,2,2,1,2,40,4175.1892,2310,1,1,2025,15,6,13,64,1,2,44,1,2,1,2,40,3825.3263,2360,1,0,0,1,other occupation
312103012452920,6,2024,16,2,17011,13,45,1,2,46,1,2,2,1,1,40,4292.2008,2310,1,1,2025,16,6,13,46,1,2,46,1,2,1,1,64,3274.5951,2330,1,1,1,0,still teacher
639040108025112,6,2024,14,2,17011,13,56,5,2,46,1,1,2,1,1,55,4350.9374,2320,1,1,2025,14,6,13,57,5,2,46,1,2,1,1,55,4065.8651,2310,1,1,1,0,still teacher
006651421010011,6,2024,16,2,17011,16,27,6,2,43,1,3,2,1,2,40,927.6301,2310,1,1,2025,16,6,16,28,6,2,43,1,2,1,1,-4,1182.1275,2320,1,1,1,0,still teacher
251600407230718,6,2024,16,4,17011,17,49,1,2,44,1,1,2,1,1,18,4134.9611,2330,1,1,2025,16,8,17,50,1,2,44,1,2,1,2,40,4846.8947,2330,1,1,1,0,still teacher
130126400863751,6,2024,11,1,17011,18,34,6,2,42,1,1,2,1,1,35,4906.8967,2310,1,1,2025,15,5,18,35,6,2,42,1,2,1,1,40,5340.4908,5510,1,0,0,1,other occupation
130126400863751,6,2024,11,1,17011,18,34,6,2,42,1,2,2,1,1,35,4906.8967,2310,1,1,2025,15,5,18,35,6,2,42,1,2,1,1,40,5340.4908,5510,1,0,0,1,other occupation
081062025819151,6,2024,16,1,17011,19,58,1,2,43,1,2,2,1,2,45,2740.9928,2300,1,1,2025,15,5,19,59,1,2,43,1,2,1,2,40,2622.9645,2310,1,1,1,0,still teacher
428907013917250,6,2024,16,4,17011,24,67,6,1,44,1,1,2,1,1,40,5609.2949,2320,1,1,2025,16,8,24,68,6,1,44,1,2,1,1,5,5410.7605,2320,1,1,1,0,still teacher
826925052070016,6,2024,16,4,17011,26,32,1,2,44,1,1,2,1,1,40,6205.9519,2310,1,1,2025,16,8,26,33,1,2,44,1,2,1,1,40,5547.2202,2310,1,1,1,0,still teacher
591600932607230,6,2024,14,4,17011,32,29,6,2,43,1,2,2,1,1,35,1834.5487,2310,1,1,2025,15,8,32,30,6,2,43,1,2,1,1,40,2053.6028,2330,1,1,1,0,still teacher
191922600655043,6,2024,15,4,17011,36,38,6,1,44,1,3,2,1,2,49,4205.0375,2320,1,1,2025,16,8,36,39,6,1,44,1,2,1,1,40,4458.6142,2320,1,1,1,0,still teacher
111416900635253,6,2024,15,2,17011,36,50,4,2,44,1,1,1,1,1,40,4352.776,2310,1,1,2025,16,6,36,51,4,2,44,1,1,1,1,35,5474.6647,2310,1,1,1,0,still teacher
638601014875870,6,2024,16,1,17011,36,51,1,1,44,1,2,2,1,1,40,5008.9738,2310,1,1,2025,16,5,36,52,1,1,44,1,2,1,1,40,5592.1771,2310,1,1,1,0,still teacher
105180359155498,6,2024,12,1,17011,38,47,4,2,43,1,1,2,1,1,10,580.6174,2310,1,1,2025,13,5,38,49,4,2,43,1,2,1,1,40,557.8398,2310,1,1,1,0,still teacher
024140073810586,6,2024,15,1,17011,40,55,1,2,43,1,1,1,4,1,30,2795.081,2300,1,1,2025,16,5,40,56,1,2,43,1,1,4,1,40,3730.9691,2861,1,0,0,1,other occupation
160654612001820,6,2024,15,1,17011,42,38,1,2,44,1,1,2,1,1,35,5392.4199,2320,1,1,2025,15,5,42,39,1,2,44,1,2,1,1,40,6613.4164,2320,1,1,1,0,still teacher
291100309774240,6,2024,15,4,17011,42,45,1,1,44,1,2,2,1,2,40,5765.6679,2320,1,1,2025,15,8,42,46,1,1,44,1,2,1,2,44,5865.3467,2320,1,1,1,0,still teacher
983070102090480,6,2024,16,4,17011,48,75,1,1,44,1,2,2,1,1,40,3611.159,2310,1,1,2025,16,8,48,76,1,1,44,1,2,1,2,45,3447.7236,2310,1,1,1,0,still teacher
849509018930470,6,2024,15,4,17011,48,73,1,2,43,1,1,2,1,2,25,3697.2603,2320,1,1,2025,15,8,48,74,1,2,43,1,2,1,2,-4,3565.0902,2310,1,1,1,0,still teacher
849509018930470,6,2024,15,4,17011,48,73,1,1,43,1,2,2,1,2,40,3934.5998,2320,1,1,2025,15,8,48,74,1,1,43,1,2,1,2,-4,3329.4765,2722,1,0,0,1,other occupation
641000601155844,6,2024,15,1,17011,48,51,1,2,43,1,2,2,1,1,40,4747.3789,2310,1,1,2025,15,5,48,52,1,2,43,1,2,1,1,40,4900.6374,2310,1,1,1,0,still teacher
638014314030014,6,2024,15,4,17011,48,37,1,2,43,1,1,2,1,1,45,4640.6889,2330,1,1,2025,15,8,48,38,1,2,43,1,2,1,1,45,4142.1595,2330,1,1,1,0,still teacher
638014314030014,6,2024,15,4,17011,48,38,1,1,43,1,2,2,1,1,70,5578.2364,2320,1,1,2025,15,8,48,39,1,1,43,1,2,1,1,50,4413.2749,2320,1,1,1,0,still teacher
849809015195780,6,2024,8,4,17011,48,55,1,2,43,4,2,2,4,1,20,4402.4532,2310,1,1,2025,8,8,48,56,1,2,43,4,2,4,1,20,4957.2739,2310,1,1,1,0,still teacher
849809015195780,6,2024,8,4,17011,48,25,6,2,44,4,4,2,4,1,20,3754.1635,2310,1,1,2025,8,8,48,26,6,2,44,4,2,4,1,40,7800.2914,1825,1,0,0,1,other occupation
849809015195780,6,2024,8,4,17011,48,21,6,1,40,4,5,2,1,1,20,3500.1239,2310,1,1,2025,8,8,48,22,6,1,40,4,2,1,7,-1,6711.2992,-1,0,0,0,1,out of labor force
869123044010314,6,2024,16,1,17011,49,49,1,1,45,1,1,2,1,2,35,2250.8421,2310,1,1,2025,15,5,49,50,1,1,45,1,2,1,1,40,2449.3952,4920,1,0,0,1,other occupation
131871100362405,6,2024,15,2,17011,53,55,1,2,44,1,2,2,1,1,40,3499.4435,2310,1,1,2025,16,6,53,56,1,2,44,1,2,1,1,40,3370.765,2310,1,1,1,0,still teacher
251800514283455,6,2024,7,3,17011,54,48,1,2,41,1,1,2,1,1,40,782.167,2300,1,1,2025,7,7,54,49,1,2,43,1,2,1,1,40,880.799,2545,1,0,0,1,other occupation
308160546122957,6,2024,14,1,17011,56,65,4,2,43,1,1,2,1,1,40,356.4704,2310,1,1,2025,13,5,56,66,4,2,43,1,2,1,1,40,360.0545,2310,1,1,1,0,still teacher
112070105599087,6,2024,13,4,17111,1,55,6,2,44,1,1,2,1,2,40,2326.174,2310,1,1,2025,13,8,1,56,6,2,44,1,2,1,2,40,2296.2371,2310,1,1,1,0,still teacher
058869510911185,6,2024,16,2,17111,15,55,1,2,43,4,2,2,1,1,40,840.0877,2310,1,1,2025,16,6,15,56,1,2,43,4,2,1,1,40,676.9227,2310,1,1,1,0,still teacher
151838800071883,6,2024,15,1,17111,30,54,4,2,44,1,1,2,1,1,50,610.1809,2310,1,1,2025,15,5,30,55,4,2,44,1,2,1,1,40,497.538,2310,1,1,1,0,still teacher
044038064015464,6,2024,12,3,17111,45,39,4,2,43,2,2,2,1,1,40,4905.8971,2310,1,1,2025,12,7,45,40,4,2,42,2,2,1,1,40,3986.4759,2300,1,1,1,0,still teacher
355301010808990,6,2024,9,1,17111,53,62,3,2,40,7,1,2,1,1,15,3572.0259,2320,1,1,2025,7,5,53,63,3,2,40,7,2,1,7,-1,4291.5744,-1,0,0,0,1,out of labor force
095052061513601,6,2024,16,3,17111,53,61,1,2,44,1,2,2,1,1,20,4405.5175,2310,1,1,2025,15,7,53,62,1,2,44,1,2,1,5,-1,3975.2718,-1,0,0,0,1,out of labor force
005749470550116,6,2024,14,4,17111,56,37,1,2,44,1,1,2,1,1,50,371.072,2300,1,1,2025,13,8,56,38,1,2,44,1,2,1,7,-1,490.3568,-1,0,0,0,1,out of labor force
481700106276108,6,2024,14,3,17011,1,45,1,2,44,1,1,2,1,1,40,2043.2648,2310,1,1,2025,14,7,1,47,1,2,44,1,2,1,1,40,1917.8408,2310,1,1,1,0,still teacher
020300600600164,6,2024,15,4,17011,4,38,1,2,43,1,2,2,1,1,35,4844.2963,2300,1,1,2025,15,8,4,39,1,2,43,1,2,1,2,35,4815.942,2310,1,1,1,0,still teacher
676584080000217,6,2024,16,1,17011,6,35,1,2,44,1,2,2,1,1,52,4061.2158,2320,1,1,2025,16,5,6,36,1,2,44,1,2,1,2,45,4446.27,2320,1,1,1,0,still teacher
198120600090010,6,2024,16,4,17011,8,27,6,2,43,1,3,2,1,2,50,4430.7676,2310,1,1,2025,16,8,8,28,6,2,43,1,2,1,2,50,4853.9742,2310,1,1,1,0,still teacher
221011100542165,6,2024,12,4,17011,12,64,1,2,43,1,1,1,5,1,9,4196.3111,2300,1,1,2025,10,8,12,65,2,2,43,1,1,5,1,40,4354.7558,4600,1,0,0,1,other occupation
110550600983601,6,2024,14,4,17011,19,25,1,2,43,1,1,2,1,1,40,2678.3887,2310,1,1,2025,14,8,19,26,1,2,43,1,2,1,1,40,2504.2003,2310,1,1,1,0,still teacher
110550600983601,6,2024,14,4,17011,19,23,1,1,43,1,2,2,1,1,40,2864.9119,2320,1,1,2025,14,8,19,24,1,1,39,1,2,1,1,40,2011.2309,2545,1,0,0,1,other occupation
180655100272632,6,2024,16,4,17011,22,35,1,1,43,1,1,2,1,1,40,2348.3487,2320,1,1,2025,16,8,22,36,1,1,43,1,2,1,1,40,2050.2563,2320,1,1,1,0,still teacher
100492100566542,6,2024,16,3,17011,25,26,6,2,44,1,3,2,1,1,40,4000.2843,2310,1,1,2025,16,7,25,27,6,2,44,1,2,1,1,40,3976.7915,4700,1,0,0,1,other occupation
721400504716230,6,2024,14,2,17011,32,25,6,2,43,1,2,2,1,2,40,2157.8821,2310,1,1,2025,15,6,32,27,1,2,43,1,2,1,2,40,2982.3597,2310,1,1,1,0,still teacher
150618600482093,6,2024,13,4,17011,34,50,1,1,44,1,1,2,1,1,40,4143.4257,2310,1,1,2025,16,8,34,52,1,1,44,1,2,1,1,40,4892.0599,2310,1,1,1,0,still teacher
150618600482093,6,2024,13,4,17011,34,48,1,2,43,1,2,2,1,1,40,4218.5921,2310,1,1,2025,16,8,34,49,1,2,43,1,2,1,1,40,4809.5304,2310,1,1,1,0,still teacher
914814193050017,6,2024,14,3,17011,34,29,6,1,43,1,3,2,1,1,35,4464.1406,2310,1,1,2025,15,7,34,30,6,1,43,1,2,1,1,35,5441.6715,2310,1,1,1,0,still teacher
005150311858844,6,2024,16,3,17011,35,53,1,2,44,1,2,2,3,1,40,1169.9461,2310,1,1,2025,14,7,35,54,1,2,44,1,2,3,1,30,1334.4865,2310,1,1,1,0,still teacher
093329890632136,6,2024,16,2,17011,36,55,6,2,44,1,1,2,1,1,40,4947.3144,2310,1,1,2025,16,6,36,56,6,2,44,1,2,1,1,40,4470.752,2320,1,1,1,0,still teacher
093329890632136,6,2024,16,2,17011,36,56,4,1,46,1,2,2,1,1,40,4875.7373,2310,1,1,2025,16,6,36,57,4,1,46,1,2,1,1,40,5316.5187,2320,1,1,1,0,still teacher
867723033070012,6,2024,13,4,17011,37,33,6,2,44,2,3,2,1,2,45,8241.4167,2310,1,1,2025,13,8,37,34,6,2,39,2,2,1,7,-1,6516.0325,-1,0,0,0,1,out of labor force
018027510630129,6,2024,8,2,17011,39,23,6,2,39,1,2,2,1,1,20,4963.379,2300,1,1,2025,12,6,39,24,6,2,39,1,2,1,1,28,6485.0624,2300,1,1,1,0,still teacher
130302100227104,6,2024,14,2,17011,42,36,1,1,43,1,1,2,1,1,40,6244.5437,2310,1,1,2025,15,6,42,37,1,1,43,1,2,1,1,40,8197.3483,2310,1,1,1,0,still teacher
130302100227104,6,2024,14,2,17011,42,40,1,2,44,1,2,2,1,2,40,5001.7506,2310,1,1,2025,15,6,42,40,1,2,44,1,2,1,1,40,6823.6208,2330,1,1,1,0,still teacher
227020101071491,6,2024,16,2,17011,42,55,1,2,44,1,1,2,1,1,35,5573.9788,2310,1,1,2025,16,6,42,56,1,2,44,1,2,1,5,-1,5845.1352,-1,0,0,0,1,out of labor force
240409017242120,6,2024,15,1,17011,42,30,1,2,44,1,2,2,1,2,40,4758.2814,2310,1,1,2025,16,5,42,32,1,2,44,1,2,1,7,-1,5062.9313,-1,0,0,0,1,out of labor force
140678041403688,6,2024,7,2,17011,48,52,4,2,40,1,1,2,1,2,84,6100.1307,2300,1,1,2025,5,6,48,53,4,2,40,1,2,1,1,40,5651.841,2300,1,1,1,0,still teacher
012031094018016,6,2024,14,4,17111,28,41,1,2,43,1,2,2,1,2,40,1618.7303,2310,1,1,2025,14,8,28,43,1,2,43,1,2,1,1,40,1766.623,2310,1,1,1,0,still teacher
094082049011058,6,2024,16,2,17111,41,54,4,1,44,1,1,2,1,2,45,2685.9638,2310,1,1,2025,16,6,41,55,1,1,44,1,2,1,2,45,2301.4701,2320,1,1,1,0,still teacher
094082049011058,6,2024,16,2,17111,41,52,4,2,44,1,2,2,1,1,45,2572.2309,2310,1,1,2025,16,6,41,54,1,2,44,1,2,1,1,45,2533.4664,2310,1,1,1,0,still teacher
245092101331565,6,2024,13,1,17111,54,60,1,1,43,1,1,2,1,1,40,1035.2333,2320,1,1,2025,14,5,54,61,1,1,43,1,2,1,5,-1,767.301,-1,0,0,0,1,out of labor force
245092101331565,6,2024,13,1,17111,54,58,1,2,43,1,3,2,1,1,40,892.321,2320,1,1,2025,14,5,54,59,1,2,43,1,2,1,2,40,682.9323,2310,1,1,1,0,still teacher
184564955040014,6,2024,15,4,17111,54,35,1,2,44,1,1,2,1,1,40,763.8466,2310,1,1,2025,15,8,54,36,1,2,44,1,2,1,2,40,791.1479,2310,1,1,1,0,still teacher
335080107205290,6,2024,15,4,17011,23,39,1,2,44,1,2,2,1,1,40,2392.0536,2320,1,1,2025,15,8,23,40,1,2,44,1,2,1,1,40,1782.4399,2320,1,1,1,0,still teacher
941090104029372,6,2024,15,1,17011,34,42,1,2,43,1,1,2,1,1,40,4547.168,2310,1,1,2025,15,5,34,43,1,2,44,1,2,1,1,35,4294.1812,2310,1,1,1,0,still teacher
087659950441182,6,2024,16,3,17011,42,31,6,2,44,1,2,2,1,1,40,4814.2069,2310,1,1,2025,16,7,42,32,6,2,44,1,2,1,2,40,6308.2895,2310,1,1,1,0,still teacher
303140456898569,6,2024,14,3,17011,44,61,6,2,44,1,1,2,1,1,40,1356.043,2310,1,1,2025,14,7,44,62,6,2,44,1,2,1,1,40,1272.933,2310,1,1,1,0,still teacher
160958500530474,6,2024,15,2,17011,45,61,1,2,43,1,2,2,1,1,45,2437.4433,2310,1,1,2025,15,6,45,62,1,2,43,1,2,1,1,40,2537.3921,2330,1,1,1,0,still teacher
450645185061602,6,2024,16,2,17011,50,36,1,2,44,1,1,2,1,2,40,476.1578,2310,1,1,2025,16,6,50,37,1,2,44,1,2,1,1,40,540.3873,2310,1,1,1,0,still teacher
450645185061602,6,2024,16,2,17011,50,37,1,1,44,1,2,2,1,2,40,612.7012,2310,1,1,2025,16,6,50,38,1,1,44,1,2,1,1,40,541.0272,2310,1,1,1,0,still teacher
182667300038175,6,2024,14,2,17011,50,69,6,1,43,1,1,2,1,1,-4,432.2729,2320,1,1,2025,16,6,50,70,6,1,43,1,2,1,1,-4,333.1385,2320,1,1,1,0,still teacher
069622620520115,6,2024,13,2,17111,25,34,1,2,43,1,2,2,1,1,36,3573.3867,2310,1,1,2025,15,6,25,34,1,2,43,1,2,1,1,36,3692.1612,2310,1,1,1,0,still teacher
951200907128827,6,2024,15,3,17111,28,40,6,2,46,2,1,2,1,1,40,3156.8421,2310,1,1,2025,16,7,28,41,6,2,46,2,2,1,1,40,1963.7948,2310,1,1,1,0,still teacher
021442091065897,6,2024,13,1,17011,2,38,6,2,44,1,1,2,1,1,40,604.9989,2320,1,1,2025,13,5,2,39,6,2,44,1,2,1,2,40,552.3446,2320,1,1,1,0,still teacher
606202017911030,6,2024,13,1,17011,6,29,2,2,44,1,1,2,1,1,40,4943.4469,2310,1,1,2025,16,5,6,30,1,2,44,1,2,1,2,40,5163.0037,2310,1,1,1,0,still teacher
130001700808010,6,2024,14,2,17011,8,65,1,2,44,1,2,2,1,2,16,3982.259,2310,1,1,2025,16,6,8,66,1,2,44,1,2,1,2,-4,3515.6361,2310,1,1,1,0,still teacher
411000204837809,6,2024,15,2,17011,8,44,1,1,44,1,1,2,1,1,50,4992.1624,2310,1,1,2025,16,6,8,45,1,1,44,1,2,1,2,40,4625.1859,2310,1,1,1,0,still teacher
001160151751013,6,2024,16,1,17011,16,43,1,2,43,1,1,2,1,2,40,1050.5946,2310,1,1,2025,16,5,16,45,1,2,43,1,2,1,2,40,1197.6618,2310,1,1,1,0,still teacher
091063063317326,6,2024,15,4,17011,17,56,1,2,43,1,1,2,1,2,18,4640.4226,2300,1,1,2025,16,8,17,57,1,2,43,1,2,1,1,12,4119.8297,3602,1,0,0,1,other occupation
110441168041490,6,2024,15,2,17011,19,47,1,1,43,1,2,2,1,1,40,2613.9529,2320,1,1,2025,16,6,19,49,1,1,43,1,2,1,3,-1,3247.319,2310,0,0,0,1,unemployed
003160249157726,6,2024,15,1,17011,26,20,6,2,40,1,4,2,1,1,38,3918.8821,2300,1,1,2025,15,5,26,21,6,2,40,1,2,1,1,30,7312.2784,2545,1,0,0,1,other occupation
013058094011016,6,2024,12,1,17011,31,26,4,1,44,1,1,2,3,1,40,2002.0003,2310,1,1,2025,12,5,31,27,4,1,44,1,2,3,1,50,1510.4119,2310,1,1,1,0,still teacher
161184393040019,6,2024,12,1,17011,31,52,1,2,43,1,1,2,1,1,40,1418.6682,2300,1,1,2025,11,5,31,53,1,2,43,1,2,1,1,40,1495.2496,2300,1,1,1,0,still teacher
160791500575923,6,2024,15,4,17011,35,41,1,1,44,1,1,1,1,2,40,1363.908,2320,1,1,2025,15,8,35,42,1,1,44,1,1,1,1,40,1287.4223,2310,1,1,1,0,still teacher
160791500575923,6,2024,15,4,17011,35,37,1,2,44,1,2,2,1,2,40,1160.6359,2310,1,1,2025,15,8,35,38,1,2,44,1,2,1,1,40,1166.7338,2310,1,1,1,0,still teacher
080094820001781,6,2024,6,3,17011,48,30,1,2,43,1,2,2,1,1,40,4216.4218,2310,1,1,2025,15,7,48,31,1,2,43,1,2,1,1,40,4825.0587,2310,1,1,1,0,still teacher
398050100643423,6,2024,15,3,17011,49,62,1,2,43,1,1,2,1,1,30,1576.367,2310,1,1,2025,16,7,49,63,1,2,43,1,2,1,5,-1,1885.0918,-1,0,0,0,1,out of labor force
550011106933000,6,2024,7,3,17111,5,27,6,2,43,2,1,2,1,2,40,2428.0762,2310,1,1,2025,16,7,5,28,6,2,43,2,2,1,1,40,2669.4256,2310,1,1,1,0,still teacher
014703530200169,6,2024,16,4,17011,9,48,1,2,44,1,2,2,1,1,-4,2650.6049,2320,1,1,2025,16,8,9,49,1,2,45,1,2,1,1,43,3442.6233,2320,1,1,1,0,still teacher
707110195273597,6,2024,16,2,17011,11,53,1,2,44,2,2,2,1,2,18,519.1819,2320,1,1,2025,16,6,11,53,1,2,44,2,2,1,1,8,408.0139,2310,1,1,1,0,still teacher
050661423051322,6,2024,11,3,17011,12,62,1,2,44,1,1,1,4,1,20,4585.2125,2310,1,1,2025,12,7,12,63,1,2,44,1,1,4,1,20,4790.662,230,1,0,0,1,other occupation
325903114059770,6,2024,15,3,17011,23,28,1,1,43,1,1,1,1,1,40,2134.657,2330,1,1,2025,15,7,23,29,1,1,43,1,1,1,1,40,2920.131,2310,1,1,1,0,still teacher
580333021201379,6,2024,16,4,17011,23,55,1,1,41,1,1,2,1,1,33,1613.9506,2320,1,1,2025,16,8,23,56,1,1,41,1,2,1,1,33,1801.5064,2320,1,1,1,0,still teacher
580333021201379,6,2024,16,4,17011,23,55,1,2,43,1,2,2,1,1,33,1605.5403,2320,1,1,2025,16,8,23,56,1,2,43,1,2,1,1,33,1852.0512,2320,1,1,1,0,still teacher
246040105265375,6,2024,15,3,17011,34,38,1,2,43,1,1,2,1,1,40,5112.3231,2310,1,1,2025,15,7,34,39,1,2,43,1,2,1,1,40,7661.7769,2310,1,1,1,0,still teacher
436008019208470,6,2024,13,1,17011,34,40,6,2,43,2,1,2,1,1,40,7547.035,2300,1,1,2025,2,5,34,41,6,2,43,2,2,1,7,-1,5047.7851,-1,0,0,0,1,out of labor force
107160366639989,6,2024,7,4,17011,36,63,6,2,44,1,1,2,1,1,35,4395.6277,2310,1,1,2025,11,8,36,64,6,2,44,1,2,1,1,40,6194.2299,2310,1,1,1,0,still teacher
620607071331248,6,2024,11,3,17011,37,24,4,2,39,1,2,2,1,1,38,4566.0255,2300,1,1,2025,9,7,37,25,4,2,39,1,2,1,1,36,3676.5527,2300,1,1,1,0,still teacher
930206012758110,6,2024,14,2,17011,39,31,1,2,44,1,1,2,1,2,40,4974.7693,2320,1,1,2025,14,6,39,32,1,2,44,1,2,1,2,40,5359.8852,2310,1,1,1,0,still teacher
003090077419344,6,2024,14,4,17011,39,40,1,2,44,1,1,2,1,2,40,4157.3676,2310,1,1,2025,15,8,39,41,1,2,44,1,2,1,2,52,4916.6267,2310,1,1,1,0,still teacher
024993570550150,6,2024,13,3,17011,50,64,3,2,43,1,1,2,1,1,40,390.5403,2320,1,1,2025,13,7,50,65,3,2,43,1,2,1,5,-1,418.6221,-1,0,0,0,1,out of labor force
480091091503679,6,2024,16,1,17011,51,41,3,2,42,1,1,2,1,1,40,3860.3715,2310,1,1,2025,13,5,51,42,3,2,42,1,2,1,1,40,4391.7358,2300,1,1,1,0,still teacher
027627890600121,6,2024,15,4,17111,1,38,1,2,44,1,1,2,1,1,40,2412.4739,2310,1,1,2025,15,8,1,40,1,2,44,1,2,1,2,40,2031.2454,2310,1,1,1,0,still teacher
001110263125564,6,2024,13,1,17111,21,67,4,2,45,1,1,2,1,1,40,3470.2343,2300,1,1,2025,13,5,21,68,4,2,44,1,2,1,2,40,3951.1735,2310,1,1,1,0,still teacher
000120277831814,6,2024,13,2,17111,22,47,1,2,43,2,2,2,1,1,40,2244.9491,2310,1,1,2025,12,6,22,48,1,2,43,2,2,1,2,40,2365.4386,2310,1,1,1,0,still teacher
190886900871172,6,2024,15,4,17111,28,30,6,2,40,2,5,2,1,2,-4,2392.4342,2300,1,1,2025,14,8,28,31,6,2,43,2,2,1,1,40,2456.0387,2004,1,0,0,1,other occupation
432030101791325,6,2024,15,1,17111,33,45,1,2,44,1,1,2,1,1,40,1208.2707,2310,1,1,2025,15,5,33,46,1,2,44,1,2,1,1,40,1447.6286,2360,1,0,0,1,other occupation
160056200591264,6,2024,16,4,17111,45,47,1,2,43,1,2,2,1,1,40,2262.79,2310,1,1,2025,16,8,45,48,1,2,43,1,2,1,2,40,3150.7533,2310,1,1,1,0,still teacher
746022109652013,6,2024,10,4,17011,4,45,2,2,39,1,1,1,1,1,30,3752.0508,2330,1,1,2025,11,8,4,46,6,2,39,1,1,1,1,25,5114.8572,2545,1,0,0,1,other occupation
375359290050014,6,2024,12,2,17011,5,31,6,1,43,1,1,2,1,1,40,1908.8758,2310,1,1,2025,12,6,5,32,6,1,43,1,2,1,7,-1,1897.6072,-1,0,0,0,1,out of labor force
607221711180800,6,2024,16,2,17011,6,51,6,2,43,7,1,1,1,1,40,5914.357,2310,1,1,2025,15,6,6,52,6,2,43,7,1,1,1,40,4806.9261,2310,1,1,1,0,still teacher
605900314692860,6,2024,15,1,17011,6,59,1,2,44,1,1,1,1,1,50,4242.6885,2320,1,1,2025,15,5,6,60,1,2,44,1,1,1,2,50,4899.9697,2360,1,0,0,1,other occupation
287070101679095,6,2024,15,2,17011,8,40,1,2,44,1,2,2,1,1,40,4284.4438,2320,1,1,2025,16,6,8,41,1,2,44,1,2,1,2,40,3973.9174,2320,1,1,1,0,still teacher
081010109643119,6,2024,15,4,17011,18,64,1,2,43,1,2,2,1,2,40,3819.0355,2310,1,1,2025,15,8,18,65,1,2,43,1,2,1,2,40,3082.9089,2320,1,1,1,0,still teacher
971700902411817,6,2024,13,1,17011,18,55,6,1,43,1,1,2,1,2,50,4173.4038,2320,1,1,2025,13,5,18,57,6,1,43,1,2,1,2,50,3824.4856,2205,1,0,0,1,other occupation
033100018902210,6,2024,15,2,17011,30,41,1,2,40,1,1,2,1,2,40,576.9267,2320,1,1,2025,15,6,30,43,1,2,40,1,2,1,2,40,612.6982,2320,1,1,1,0,still teacher
033100018902210,6,2024,15,2,17011,30,42,1,1,44,1,2,2,1,2,50,613.5284,2320,1,1,2025,15,6,30,43,1,1,44,1,2,1,1,40,800.7181,2320,1,1,1,0,still teacher
110817800141124,6,2024,15,1,17011,41,47,1,1,44,1,1,2,1,1,55,2524.2045,2320,1,1,2025,16,5,41,48,1,1,45,1,2,1,1,40,2356.1857,2310,1,1,1,0,still teacher
849809213490430,6,2024,14,2,17011,48,24,6,1,43,2,3,2,1,1,40,5567.4149,2310,1,1,2025,14,6,48,24,6,1,44,2,2,1,2,40,6127.139,2310,1,1,1,0,still teacher
847406017469660,6,2024,16,3,17011,48,36,6,2,43,1,1,2,1,1,20,4213.7982,2310,1,1,2025,15,7,48,37,6,2,43,1,2,1,1,50,4676.5585,51,1,0,0,1,other occupation
078691710340160,6,2024,15,1,17111,40,29,6,2,43,1,2,2,1,1,40,3076.4166,2310,1,1,2025,11,5,40,30,6,2,43,1,2,1,1,38,2133.3122,2310,1,1,1,0,still teacher
302090104325499,6,2024,15,2,17111,40,30,1,2,44,1,1,2,1,1,40,3266.0782,2310,1,1,2025,15,6,40,31,1,2,44,1,2,1,2,40,2668.6574,2310,1,1,1,0,still teacher
008160570865961,6,2024,15,3,17111,56,58,1,1,43,1,1,2,1,2,40,527.5958,2310,1,1,2025,15,7,56,59,1,1,43,1,2,1,2,43,642.4612,2310,1,1,1,0,still teacher
002190034552711,6,2024,15,1,17011,9,46,1,2,44,1,2,2,1,1,40,3059.3334,2310,1,1,2025,15,5,9,47,1,2,44,1,2,1,1,40,3467.6364,2310,1,1,1,0,still teacher
000140434389637,6,2024,15,4,17011,44,60,4,2,44,1,1,2,1,1,40,1011.8728,2310,1,1,2025,15,8,44,61,4,2,44,1,2,1,1,40,1192.4808,2310,1,1,1,0,still teacher
901160028552938,6,2024,16,4,17011,6,63,1,2,44,1,2,2,1,1,40,4206.6637,2310,1,1,2025,16,8,6,64,1,2,44,1,2,1,5,-1,4026.328,2310,0,0,0,1,out of labor force
014103110303156,6,2024,16,3,17011,6,34,6,1,44,5,1,1,1,2,30,5611.3394,2330,1,1,2025,16,7,6,35,6,1,44,5,1,1,1,40,7237.0149,230,1,0,0,1,other occupation
014103110303156,6,2024,16,3,17011,6,35,6,2,44,1,2,2,1,2,30,4930.9969,2330,1,1,2025,16,7,6,36,6,2,44,1,2,1,1,40,5965.5895,2310,1,1,1,0,still teacher
271900706187605,6,2024,16,3,17011,6,46,1,2,44,1,4,1,1,1,40,4030.272,2310,1,1,2025,15,7,6,47,1,2,44,1,1,1,1,40,5105.2821,2300,1,1,1,0,still teacher
190608900313841,6,2024,13,1,17011,13,61,1,2,43,2,1,2,1,2,35,4629.7401,2330,1,1,2025,12,5,13,62,1,2,43,2,2,1,1,40,5305.8744,2006,1,0,0,1,other occupation
003101690913157,6,2024,14,4,17011,17,35,6,2,44,4,1,2,1,2,40,5049.4503,2310,1,1,2025,14,8,17,36,6,2,44,4,2,1,1,40,3857.8777,2310,1,1,1,0,still teacher
150212200945243,6,2024,13,1,17011,39,25,6,2,43,1,2,2,1,2,40,4978.9957,2320,1,1,2025,11,5,39,26,6,2,43,1,2,1,1,40,6228.5207,2320,1,1,1,0,still teacher
160534783091110,6,2024,16,2,17011,41,47,1,2,44,1,1,2,1,1,-4,2735.8368,2310,1,1,2025,16,6,41,48,1,2,44,1,2,1,1,40,2357.4967,2310,1,1,1,0,still teacher
018147470250175,6,2024,16,1,17011,55,61,1,2,43,1,2,2,1,1,40,4408.8061,2330,1,1,2025,14,5,55,62,1,2,43,1,2,1,3,-1,4133.0089,2310,0,0,0,1,unemployed
016009310000129,3,2024,16,2,17011,9,45,1,2,44,1,2,2,1,1,50,3057.9673,2310,1,1,2025,16,6,9,46,1,2,44,1,2,1,1,50,3207.0892,2310,1,1,1,0,still teacher
102051104293103,3,2024,16,1,17011,10,29,1,2,44,1,2,2,1,1,40,889.6792,2310,1,1,2025,16,5,10,30,1,2,44,1,2,1,1,40,938.5539,2001,1,0,0,1,other occupation
140716100346841,3,2024,13,1,17011,13,60,1,2,44,2,2,1,4,1,40,4490.4689,2300,1,1,2025,13,5,13,61,1,2,43,2,2,4,1,40,3479.357,2300,1,1,1,0,still teacher
052524372010011,3,2024,13,4,17011,22,39,1,2,43,1,1,2,1,1,40,1837.2724,2310,1,1,2025,15,8,22,40,1,2,43,1,2,1,1,40,2308.2421,2310,1,1,1,0,still teacher
003120277231814,3,2024,13,4,17011,22,44,1,2,44,2,2,2,1,1,40,2031.5549,2310,1,1,2025,15,8,22,46,1,2,44,2,2,1,1,40,1953.0658,2002,1,0,0,1,other occupation
951500006319228,3,2024,15,1,17011,22,44,1,2,44,2,1,2,1,1,40,2121.3937,2310,1,1,2025,16,5,22,45,1,2,44,2,2,1,1,40,1828.3415,2310,1,1,1,0,still teacher
120774300260032,3,2024,9,1,17011,22,46,1,2,43,1,1,2,1,1,40,1615.4411,2310,1,1,2025,13,5,22,47,1,2,43,1,2,1,1,40,1446.4224,2310,1,1,1,0,still teacher
031572540320175,3,2024,16,1,17011,25,38,1,1,44,1,1,2,1,2,35,3580.6449,2310,1,1,2025,16,5,25,39,1,1,44,1,2,1,2,40,2854.3015,2310,1,1,1,0,still teacher
031572540320175,3,2024,16,1,17011,25,37,1,2,44,1,2,2,1,1,40,3136.0597,2320,1,1,2025,16,5,25,37,1,2,44,1,2,1,1,40,2644.6575,2320,1,1,1,0,still teacher
005170314134584,3,2024,15,2,17011,37,34,1,2,43,1,2,2,1,1,40,3862.9564,2310,1,1,2025,15,6,37,35,1,2,43,1,2,1,1,40,4149.5573,2310,1,1,1,0,still teacher
242706012795380,3,2024,6,3,17011,42,61,6,2,42,2,1,2,1,1,40,4779.1632,2300,1,1,2025,10,7,42,63,6,2,42,2,2,1,1,38,7336.1982,3603,1,0,0,1,other occupation
997348744090015,3,2024,14,1,17011,47,27,1,1,43,1,1,2,1,1,40,4208.0595,2310,1,1,2025,15,5,47,28,1,1,43,1,2,1,1,40,4054.9705,2310,1,1,1,0,still teacher
997348744090015,3,2024,14,1,17011,47,27,1,2,43,1,2,2,1,1,40,3709.2961,2310,1,1,2025,15,5,47,28,1,2,43,1,2,1,1,40,4531.328,2310,1,1,1,0,still teacher
410090100037524,3,2024,16,4,17011,51,59,1,1,43,1,2,1,1,1,40,5859.0296,2320,1,1,2025,16,8,51,60,1,1,43,1,1,1,1,40,5139.3794,2310,1,1,1,0,still teacher
310675279051040,3,2024,16,3,17011,54,56,1,2,44,1,2,2,1,1,40,686.8802,2310,1,1,2025,16,7,54,57,1,2,44,1,2,1,1,40,610.8448,2310,1,1,1,0,still teacher
911700607319521,3,2024,15,1,17111,25,45,1,1,44,1,2,2,1,1,45,3199.5098,2320,1,1,2025,15,5,25,46,1,1,44,1,2,1,1,40,2995.4935,2320,1,1,1,0,still teacher
827607011729100,3,2024,15,3,17111,28,54,1,2,43,1,1,2,1,1,40,1850.4356,2310,1,1,2025,15,7,28,55,1,2,43,1,2,1,1,40,1413.051,2310,1,1,1,0,still teacher
157317884050015,3,2024,13,1,17111,47,65,4,2,43,1,1,2,1,2,60,3324.0529,2310,1,1,2025,13,5,47,66,4,2,43,1,2,1,5,-1,2768.2858,-1,0,0,0,1,out of labor force
107508011978750,3,2024,16,4,17011,1,36,1,1,44,1,1,2,1,1,40,2653.8559,2310,1,1,2025,16,8,1,37,1,1,44,1,2,1,1,45,3024.6208,230,1,0,0,1,other occupation
006745310302154,3,2024,14,2,17011,4,41,1,1,44,1,1,2,1,1,45,4738.275,2310,1,1,2025,15,6,4,42,1,1,44,1,2,1,1,50,5628.6857,2310,1,1,1,0,still teacher
006745310302154,3,2024,14,2,17011,4,39,1,2,43,1,2,2,1,1,55,4089.4742,2310,1,1,2025,15,6,4,40,1,2,43,1,2,1,1,50,5193.022,2310,1,1,1,0,still teacher
250645041007330,3,2024,14,4,17011,5,44,4,2,44,1,2,2,1,1,40,1650.5746,2310,1,1,2025,13,8,5,45,4,2,44,1,2,1,1,40,1597.3473,2310,1,1,1,0,still teacher
490311620071413,3,2024,16,4,17011,11,55,1,2,44,1,1,2,1,1,45,393.4022,2320,1,1,2025,16,8,11,56,1,2,44,1,2,1,1,45,419.4392,2320,1,1,1,0,still teacher
617600013485160,3,2024,16,4,17011,16,47,1,1,44,1,2,2,1,1,40,1131.8835,2320,1,1,2025,15,8,16,47,1,1,44,1,2,1,1,40,1073.5981,2310,1,1,1,0,still teacher
617600013485160,3,2024,16,4,17011,16,27,6,2,43,1,3,2,1,1,40,1367.859,2320,1,1,2025,15,8,16,28,6,2,43,1,2,1,1,40,1419.6599,2310,1,1,1,0,still teacher
624905013995850,3,2024,13,3,17011,26,54,1,1,43,1,1,2,1,1,40,4669.6981,2310,1,1,2025,15,7,26,55,1,1,43,1,2,1,1,40,5191.0927,2320,1,1,1,0,still teacher
881080104075245,3,2024,13,4,17011,28,31,6,1,44,1,1,2,1,2,40,1696.9274,2310,1,1,2025,12,8,28,32,6,1,44,1,2,1,1,40,1731.0372,2310,1,1,1,0,still teacher
411500323627932,3,2024,16,3,17011,39,49,4,2,44,1,1,2,1,1,40,4698.7689,2310,1,1,2025,16,7,39,50,4,2,44,1,2,1,1,45,4147.7001,2320,1,1,1,0,still teacher
054083050411464,3,2024,15,3,17011,41,56,1,2,40,1,2,2,1,1,40,2277.8656,2300,1,1,2025,15,7,41,57,1,2,40,1,2,1,1,36,2366.4394,2300,1,1,1,0,still teacher
309124844050019,3,2024,15,4,17011,49,53,1,1,44,1,1,2,1,2,40,1822.3225,2310,1,1,2025,15,8,49,54,1,1,44,1,2,1,1,40,2017.8744,2320,1,1,1,0,still teacher
005180243117957,3,2024,14,2,17111,28,50,6,2,43,2,2,2,1,2,40,1957.6657,2310,1,1,2025,13,6,28,51,6,2,43,2,2,1,1,40,2409.3397,2320,1,1,1,0,still teacher
395916500000011,3,2024,13,4,17011,5,37,4,2,44,1,1,2,1,1,35,1541.0408,2300,1,1,2025,13,8,5,37,4,2,44,1,2,1,1,35,1362.2654,2310,1,1,1,0,still teacher
356587240080916,3,2024,14,3,17011,6,59,4,2,44,1,1,2,1,1,40,3641.3926,2310,1,1,2025,14,7,6,61,4,2,44,1,2,1,1,40,3746.2445,2320,1,1,1,0,still teacher
171080100653890,3,2024,13,2,17011,6,61,4,2,43,1,1,2,1,1,32,4035.2741,2310,1,1,2025,13,6,6,62,4,2,43,1,2,1,1,50,4182.4461,2310,1,1,1,0,still teacher
044914240200126,3,2024,14,1,17011,6,50,6,2,43,1,1,2,1,1,40,4253.0553,2310,1,1,2025,15,5,6,51,6,2,43,1,2,1,1,70,5316.2951,2360,1,0,0,1,other occupation
601608012270820,3,2024,16,4,17011,6,60,1,1,44,1,1,2,1,1,40,4375.493,2310,1,1,2025,16,8,6,61,1,1,44,1,2,1,1,55,3946.2639,2310,1,1,1,0,still teacher
601608012270820,3,2024,16,4,17011,6,51,1,2,44,1,2,2,1,1,40,3835.0784,2310,1,1,2025,16,8,6,52,1,2,44,1,2,1,1,50,3788.9865,2310,1,1,1,0,still teacher
040200191021660,3,2024,15,3,17011,6,49,1,1,44,1,2,1,4,1,-4,5232.3274,2310,1,1,2025,13,7,6,50,1,1,33,1,1,4,1,56,6507.4861,6050,1,0,0,1,other occupation
200528031003635,3,2024,15,4,17011,8,60,1,2,44,1,1,2,1,1,-4,3343.8423,2310,1,1,2025,14,8,8,61,1,2,44,1,2,1,1,-4,4025.3328,2310,1,1,1,0,still teacher
673033100190199,3,2024,15,1,17011,17,47,1,2,44,1,1,2,1,1,40,3999.1035,2330,1,1,2025,15,5,17,48,1,2,43,1,2,1,1,40,4673.0245,2330,1,1,1,0,still teacher
673033100190199,3,2024,15,1,17011,17,47,1,1,43,2,2,2,1,1,40,6447.2356,2330,1,1,2025,15,5,17,48,1,1,43,2,2,1,1,40,7167.5265,2310,1,1,1,0,still teacher
537611591080011,3,2024,16,4,17011,17,55,1,2,44,1,2,2,1,1,40,4542.6558,2300,1,1,2025,16,8,17,56,1,2,44,1,2,1,1,40,4702.6011,2300,1,1,1,0,still teacher
140339100852451,3,2024,12,2,17011,18,31,1,2,42,1,2,2,1,1,25,4795.3927,2300,1,1,2025,13,6,18,31,1,2,42,1,2,1,1,30,5274.2857,2300,1,1,1,0,still teacher
021033007519913,3,2024,16,4,17011,19,42,1,2,44,1,1,2,1,1,40,3114.9024,2310,1,1,2025,16,8,19,44,1,2,44,1,2,1,2,40,2599.178,2310,1,1,1,0,still teacher
021033007519913,3,2024,16,4,17011,19,42,1,1,44,1,2,2,1,1,40,2724.1166,2310,1,1,2025,16,8,19,43,1,1,44,1,2,1,2,40,2843.5394,2310,1,1,1,0,still teacher
032081026210935,3,2024,12,2,17011,20,37,6,2,44,1,1,2,1,1,40,2988.2765,2330,1,1,2025,12,6,20,39,6,2,44,1,2,1,1,40,2389.4156,2310,1,1,1,0,still teacher
002083090616859,3,2024,14,2,17011,26,41,1,2,44,1,1,2,1,1,50,5876.2728,2310,1,1,2025,16,6,26,43,1,2,44,1,2,1,1,50,5408.8406,2310,1,1,1,0,still teacher
022044029416441,3,2024,14,4,17011,26,36,1,2,43,1,1,2,1,1,30,3768.0028,2310,1,1,2025,15,8,26,37,1,2,43,1,2,1,1,40,3595.215,2320,1,1,1,0,still teacher
626908016833500,3,2024,16,4,17012,26,43,1,2,44,1,2,2,4,1,40,4035.8243,2320,1,1,2025,16,8,26,44,1,2,44,1,2,4,1,35,3454.3148,2320,1,1,1,0,still teacher
180227011209334,3,2024,16,1,17011,27,47,1,2,40,1,1,2,1,1,40,4889.1813,2310,1,1,2025,16,5,27,48,1,2,40,1,2,1,1,40,3817.9369,2310,1,1,1,0,still teacher
100509100771892,3,2024,16,2,17011,27,61,1,2,44,1,2,2,1,1,16,3799.5919,2310,1,1,2025,15,6,27,61,1,2,44,1,2,1,5,-1,3949.7069,-1,0,0,0,1,out of labor force
591600932607230,3,2024,14,1,17011,32,29,6,2,43,1,2,2,1,1,40,2234.6568,2310,1,1,2025,15,5,32,30,6,2,43,1,2,1,1,40,2525.8331,2330,1,1,1,0,still teacher
075902660633112,3,2024,16,3,17011,32,54,1,2,42,1,2,2,1,1,40,2501.2177,2310,1,1,2025,15,7,32,55,1,2,42,1,2,1,5,-1,2626.0555,-1,0,0,0,1,out of labor force
033103019612337,3,2024,14,1,17011,32,71,1,1,44,1,2,2,1,1,38,1753.257,2310,1,1,2025,15,5,32,72,1,1,44,1,2,1,1,40,1857.2256,2310,1,1,1,0,still teacher
033103019612337,3,2024,14,1,17011,32,31,6,2,43,1,3,2,1,1,38,2206.2032,2310,1,1,2025,15,5,32,32,6,2,43,1,2,1,4,-1,2525.8331,51,0,0,0,1,unemployed
160791500575923,3,2024,15,1,17011,35,41,1,1,44,1,1,1,1,1,40,1376.4833,2320,1,1,2025,15,5,35,42,1,1,44,1,1,1,1,40,1714.5613,2310,1,1,1,0,still teacher
160791500575923,3,2024,15,1,17011,35,37,1,2,44,1,2,2,1,1,40,1396.0099,2310,1,1,2025,15,5,35,38,1,2,44,1,2,1,1,40,1325.9554,2310,1,1,1,0,still teacher
001180309348186,3,2024,15,4,17011,38,49,1,2,43,1,1,2,1,1,40,599.8718,2310,1,1,2025,15,8,38,50,1,2,44,1,2,1,1,40,566.4089,2310,1,1,1,0,still teacher
110050600082604,3,2024,14,1,17011,40,47,1,2,43,1,1,2,1,1,40,2175.9292,2310,1,1,2025,14,5,40,48,1,2,43,1,2,1,1,40,2344.8255,2310,1,1,1,0,still teacher
190929800104074,3,2024,13,3,17011,41,58,1,1,44,1,1,2,1,1,38,2259.7958,2320,1,1,2025,11,7,41,59,1,1,44,1,2,1,5,-1,2968.9477,-1,0,0,0,1,out of labor force
786436634060011,3,2024,15,3,17011,46,61,1,2,42,1,1,2,1,1,-4,718.2173,2320,1,1,2025,15,7,46,62,1,2,43,1,2,1,1,55,789.3701,2310,1,1,1,0,still teacher
180752900885544,3,2024,16,3,17011,48,39,1,2,44,1,2,2,1,2,50,4558.6875,2330,1,1,2025,16,7,48,40,1,2,44,1,2,1,1,45,5289.4071,2310,1,1,1,0,still teacher
360454031071380,3,2024,16,1,17011,48,39,1,2,43,1,2,2,1,1,40,4954.0141,2320,1,1,2025,16,5,48,40,1,2,43,1,2,1,1,40,4214.7183,2320,1,1,1,0,still teacher
010728001400575,3,2024,14,4,17011,48,49,1,2,41,1,2,2,1,1,50,5199.3581,2310,1,1,2025,14,8,48,50,1,2,41,1,2,1,2,40,4154.5521,2310,1,1,1,0,still teacher
740294492041081,3,2024,14,3,17011,48,55,1,2,43,1,1,2,1,1,50,3980.6043,2310,1,1,2025,16,7,48,56,1,2,43,1,2,1,1,15,4426.726,2310,1,1,1,0,still teacher
721300815930846,3,2024,14,1,17011,48,54,1,2,43,1,1,2,1,1,40,4527.8593,2310,1,1,2025,14,5,48,56,1,2,43,1,2,1,1,40,4229.8698,2310,1,1,1,0,still teacher
960728011409659,3,2024,16,2,17011,48,37,1,2,44,1,2,1,1,2,40,4458.6571,2310,1,1,2025,16,6,48,38,1,2,44,1,1,1,1,40,5215.5348,2310,1,1,1,0,still teacher
085094044013573,3,2024,16,4,17011,53,23,6,2,43,6,3,2,1,1,40,7080.2159,2310,1,1,2025,14,8,53,24,6,2,44,6,2,1,1,40,8832.7457,2300,1,1,1,0,still teacher
511700800645557,3,2024,13,1,17011,55,47,6,1,44,1,1,1,5,1,40,6542.6547,2310,1,1,2025,13,5,55,48,6,1,44,1,1,5,1,40,6934.077,230,1,0,0,1,other occupation
786646765010018,3,2024,14,4,17011,56,64,1,1,42,1,1,2,1,1,50,370.2954,2320,1,1,2025,14,8,56,65,1,1,42,1,2,1,1,50,394.2455,2320,1,1,1,0,still teacher
075902660600125,3,2024,15,4,17111,5,33,1,2,44,1,1,2,1,1,40,1922.3603,2330,1,1,2025,14,8,5,34,1,2,44,1,2,1,1,40,1458.8536,2310,1,1,1,0,still teacher
700473254011800,3,2024,16,3,17111,30,30,1,2,44,1,2,2,1,1,60,763.8096,2310,1,1,2025,6,7,30,31,1,2,44,1,2,1,7,-1,882.2545,-1,0,0,0,1,out of labor force
211800301319147,3,2024,14,2,17111,41,42,1,2,44,1,2,2,1,1,40,2742.6316,2320,1,1,2025,15,6,41,43,1,2,44,1,2,1,1,40,2143.3466,2320,1,1,1,0,still teacher
655105014320520,3,2024,12,3,17111,56,54,1,2,44,1,2,2,1,1,50,415.0832,2320,1,1,2025,14,7,56,55,1,2,44,1,2,1,1,45,388.2324,2320,1,1,1,0,still teacher
081925080070015,3,2024,14,2,17011,1,50,4,2,46,2,1,2,1,1,60,3221.957,2310,1,1,2025,13,6,1,51,4,2,46,2,2,1,1,45,4198.338,2310,1,1,1,0,still teacher
110419071005283,3,2024,16,3,17011,9,53,1,2,44,1,2,2,1,1,40,3156.3578,2300,1,1,2025,16,7,9,54,1,2,45,1,2,1,1,45,3328.6105,2310,1,1,1,0,still teacher
602216321070018,3,2024,11,4,17011,12,31,1,2,44,2,2,2,1,1,40,5803.8184,2310,1,1,2025,11,8,12,33,1,2,44,2,2,1,1,40,6415.4786,2310,1,1,1,0,still teacher
045685300010162,3,2024,16,2,17011,12,40,1,2,43,1,2,2,1,2,12,3919.3353,2300,1,1,2025,16,6,12,41,1,2,43,1,2,1,2,30,4508.6916,2300,1,1,1,0,still teacher
219907017233820,3,2024,8,4,17011,12,63,4,1,43,1,1,2,1,1,40,4349.7647,2310,1,1,2025,12,8,12,65,4,1,43,1,2,1,1,5,4651.3403,2310,1,1,1,0,still teacher
227010109395169,3,2024,15,1,17011,12,57,1,2,44,1,1,2,1,2,40,4768.2512,2320,1,1,2025,15,5,12,58,1,2,44,1,2,1,1,-4,4766.1619,2310,1,1,1,0,still teacher
890341242051930,3,2024,16,2,17011,13,47,1,2,44,1,2,2,1,1,45,4404.1423,2310,1,1,2025,16,6,13,48,1,2,44,1,2,1,1,45,3828.2896,2310,1,1,1,0,still teacher
001120227291730,3,2024,15,2,17011,22,45,1,2,40,1,2,2,1,1,40,2064.6401,2300,1,1,2025,13,6,22,46,1,2,40,1,2,1,1,40,1719.4991,2310,1,1,1,0,still teacher
053348340520144,3,2024,14,3,17011,24,52,1,2,43,4,2,2,1,1,30,4194.6614,2300,1,1,2025,16,7,24,53,1,2,43,4,2,1,1,40,5358.2389,440,1,0,0,1,other occupation
820312171041550,3,2024,16,2,17011,25,23,6,2,43,1,3,2,1,1,30,4003.0835,2310,1,1,2025,16,6,25,24,6,2,43,1,2,1,1,30,4076.9992,2545,1,0,0,1,other occupation
382000109727280,3,2024,9,2,17011,28,52,4,2,43,1,1,2,1,1,50,1287.7218,2310,1,1,2025,14,6,28,52,4,2,43,1,2,1,2,40,1415.9422,2310,1,1,1,0,still teacher
033045026013353,3,2024,16,3,17011,33,26,6,2,44,1,3,2,1,1,40,1282.191,2310,1,1,2025,16,7,33,27,6,2,44,1,2,1,1,40,1221.4074,2310,1,1,1,0,still teacher
635020105251342,3,2024,16,3,17011,33,56,1,2,43,1,2,2,1,1,24,1049.1729,2310,1,1,2025,16,7,33,57,1,2,43,1,2,1,1,20,1034.6286,2310,1,1,1,0,still teacher
745020109652313,3,2024,11,2,17011,34,72,1,2,42,1,1,2,1,1,24,4682.6582,2310,1,1,2025,11,6,34,73,1,2,42,1,2,1,1,24,4602.3081,2360,1,0,0,1,other occupation
053125028016208,3,2024,15,4,17011,36,71,6,2,44,1,1,2,1,1,20,3704.6615,2310,1,1,2025,15,8,36,72,6,2,44,1,2,1,1,24,4062.3581,2320,1,1,1,0,still teacher
561700716752634,3,2024,15,1,17011,36,27,6,1,44,3,2,2,1,1,40,6856.2182,2320,1,1,2025,15,5,36,28,6,1,44,3,2,1,1,40,7769.5021,2320,1,1,1,0,still teacher
107160366639989,3,2024,7,1,17011,36,63,6,2,44,1,1,2,1,1,20,6116.6345,2300,1,1,2025,11,5,36,64,6,2,44,1,2,1,1,40,7802.8701,2310,1,1,1,0,still teacher
536922693030014,3,2024,15,4,17011,36,30,1,2,44,1,2,2,1,1,40,8290.1465,2310,1,1,2025,15,8,36,32,1,2,44,1,2,1,1,40,6197.5908,2310,1,1,1,0,still teacher
631905112442780,3,2024,11,2,17011,36,48,1,2,43,1,2,2,1,1,-4,5453.9033,2320,1,1,2025,12,6,36,49,1,2,43,1,2,1,1,-4,4958.0661,4621,1,0,0,1,other occupation
257864493070011,3,2024,10,3,17011,37,29,6,2,43,6,1,2,1,1,40,5536.723,2300,1,1,2025,11,7,37,31,6,2,43,6,2,1,1,40,6943.7996,2300,1,1,1,0,still teacher
023081080617574,3,2024,14,4,17011,37,37,1,2,44,1,2,1,5,1,40,3528.347,2320,1,1,2025,14,8,37,38,1,2,44,1,1,5,1,40,4610.4346,2310,1,1,1,0,still teacher
073075001917393,3,2024,15,2,17011,37,62,1,2,43,1,1,2,1,1,-4,4781.0095,2310,1,1,2025,15,6,37,63,1,2,43,1,2,1,1,-4,3302.1106,2310,1,1,1,0,still teacher
120202051405681,3,2024,14,4,17011,42,63,1,2,43,1,1,2,1,1,40,3613.1009,2310,1,1,2025,13,8,42,64,1,2,43,1,2,1,5,-1,3477.5424,2310,0,0,0,1,out of labor force
481000305720244,3,2024,15,3,17011,42,34,1,2,44,1,1,2,1,1,40,4018.4805,2310,1,1,2025,16,7,42,35,1,2,44,1,2,1,1,40,4081.4126,2310,1,1,1,0,still teacher
001120495395073,3,2024,14,4,17011,42,53,6,2,44,1,1,2,1,1,55,3340.1901,2310,1,1,2025,14,8,42,54,6,2,44,1,2,1,1,55,3506.3446,2310,1,1,1,0,still teacher
401500709978249,3,2024,10,2,17011,42,20,6,2,39,1,2,2,1,1,40,5256.2504,2300,1,1,2025,10,6,42,21,6,2,39,1,2,1,1,40,6488.0603,5260,1,0,0,1,other occupation
449201114560660,3,2024,16,4,17011,44,43,4,2,44,1,3,2,1,1,-4,1035.9248,2310,1,1,2025,15,8,44,44,4,2,44,1,2,1,1,45,1342.2963,2310,1,1,1,0,still teacher
130428300434154,3,2024,16,4,17011,44,61,1,2,43,1,1,2,1,1,35,806.1108,2310,1,1,2025,16,8,44,62,1,2,43,1,2,1,1,40,892.517,2310,1,1,1,0,still teacher
160297021405957,3,2024,14,2,17011,47,41,4,2,46,1,1,2,1,1,40,3187.6137,2310,1,1,2025,14,6,47,43,1,2,46,1,2,1,1,35,2765.7043,2320,1,1,1,0,still teacher
190950800084675,3,2024,12,4,17011,50,43,4,2,44,1,2,2,1,1,40,494.402,2310,1,1,2025,13,8,50,43,4,2,44,1,2,1,1,40,544.4337,2310,1,1,1,0,still teacher
190890000131685,3,2024,13,3,17011,51,47,1,2,44,1,1,2,1,1,50,4826.4542,2310,1,1,2025,14,7,51,47,1,2,46,1,2,1,1,50,4216.1713,2310,1,1,1,0,still teacher
153006016855230,3,2024,16,2,17011,51,41,1,2,44,4,2,2,5,1,25,4280.9472,2300,1,1,2025,15,6,51,42,1,2,44,4,2,5,7,-1,5656.7629,-1,0,0,0,1,out of labor force
110699300442605,3,2024,14,3,17011,54,28,1,2,43,1,1,1,1,1,42,1142.4344,2310,1,1,2025,15,7,54,28,1,2,43,1,1,1,1,40,1034.6002,2300,1,1,1,0,still teacher
120835300442935,3,2024,14,2,17011,54,42,1,2,44,1,2,2,1,1,40,1134.5175,2310,1,1,2025,13,6,54,43,1,2,44,1,2,1,1,20,1027.9946,2310,1,1,1,0,still teacher
112507313724550,3,2024,14,1,17111,11,30,6,2,44,8,2,2,3,1,40,460.4683,2310,1,1,2025,14,5,11,31,6,2,44,8,2,3,1,40,301.8622,2300,1,1,1,0,still teacher
074108630620105,3,2024,16,2,17111,25,54,1,2,44,1,1,2,1,1,40,2839.7494,2310,1,1,2025,16,6,25,55,1,2,44,1,2,1,1,37,2774.2352,2310,1,1,1,0,still teacher
005273130220145,3,2024,14,2,17111,25,36,6,1,44,1,1,1,1,1,50,4062.4007,2310,1,1,2025,14,6,25,38,6,1,44,1,1,1,1,40,5190.9608,2310,1,1,1,0,still teacher
003150242355358,3,2024,14,1,17111,25,27,1,2,44,1,1,2,1,1,4,3238.1326,2310,1,1,2025,14,5,25,28,1,2,44,1,2,1,1,8,2924.0119,2905,1,0,0,1,other occupation
553127323070017,3,2024,13,3,17111,33,75,1,2,41,1,2,2,1,2,28,794.1185,2310,1,1,2025,12,7,33,76,1,2,41,1,2,1,1,24,871.4884,2310,1,1,1,0,still teacher
043040057014754,3,2024,10,3,17111,34,37,1,1,42,4,2,2,4,1,40,4846.0917,2310,1,1,2025,11,7,34,38,1,1,42,4,2,4,1,40,6358.3321,2310,1,1,1,0,still teacher
120464600440484,3,2024,16,4,17111,44,44,1,2,43,1,1,2,1,1,40,1035.9248,2310,1,1,2025,16,8,44,46,1,2,43,1,2,1,1,40,992.9592,2310,1,1,1,0,still teacher
065372820152124,3,2024,12,1,17111,54,48,1,1,43,1,1,2,1,1,40,728.1131,2310,1,1,2025,14,5,54,49,1,1,43,1,2,1,1,40,664.0293,2310,1,1,1,0,still teacher
934173585030012,3,2024,13,1,17111,54,54,6,2,44,1,1,2,1,1,40,804.3252,2310,1,1,2025,11,5,54,55,6,2,44,1,2,1,2,40,594.1096,2310,1,1,1,0,still teacher
780334021501359,3,2024,15,1,17111,54,68,1,2,44,1,2,2,1,1,22,791.982,2310,1,1,2025,13,5,54,69,1,2,44,1,2,1,1,12,621.3938,230,1,0,0,1,other occupation
459102012424440,3,2024,15,4,17111,54,57,1,2,43,1,1,2,1,1,40,784.9716,2300,1,1,2025,15,8,54,57,1,2,43,1,2,1,1,40,782.2638,2300,1,1,1,0,still teacher
001110006206302,3,2024,14,2,17011,1,32,1,2,44,1,2,2,1,1,40,2162.4996,2310,1,1,2025,15,6,1,34,1,2,44,1,2,1,1,40,1980.9495,2310,1,1,1,0,still teacher
110367500238040,3,2024,16,2,17011,2,55,1,2,44,1,2,2,1,1,70,515.4858,2310,1,1,2025,16,6,2,56,1,2,44,1,2,1,1,35,557.7741,2310,1,1,1,0,still teacher
364050108512040,3,2024,16,4,17011,6,40,1,2,43,4,2,2,1,1,40,3813.4073,2310,1,1,2025,13,8,6,40,1,2,42,4,2,1,1,40,5474.8025,2310,1,1,1,0,still teacher
620041108566144,3,2024,13,4,17011,12,27,6,2,43,1,1,2,1,1,40,5825.5619,2320,1,1,2025,16,8,12,28,6,2,43,1,2,1,1,40,4898.7944,2310,1,1,1,0,still teacher
006150245304432,3,2024,14,3,17011,25,44,6,2,44,2,2,2,1,1,40,5726.6993,2310,1,1,2025,14,7,25,45,6,2,44,2,2,1,1,45,2505.0961,10,1,0,0,1,other occupation
006100377398916,3,2024,15,3,17011,30,39,1,2,44,1,2,2,1,1,50,656.1888,2310,1,1,2025,15,7,30,40,1,2,44,1,2,1,1,55,827.2987,2310,1,1,1,0,still teacher
008140334352711,3,2024,14,2,17011,34,66,4,2,44,1,1,2,1,1,75,4395.1117,2320,1,1,2025,15,6,34,67,4,2,44,1,2,1,1,60,4104.3166,2310,1,1,1,0,still teacher
120484100214934,3,2024,14,4,17011,42,30,1,2,44,1,2,2,1,1,40,4448.0595,2310,1,1,2025,15,8,42,31,1,2,44,1,2,1,1,40,4758.5099,2310,1,1,1,0,still teacher
571800407608748,3,2024,15,2,17011,47,29,1,1,43,1,1,2,1,1,40,4627.4351,2320,1,1,2025,15,6,47,30,1,1,43,1,2,1,1,40,3916.0951,2310,1,1,1,0,still teacher
990275539001830,3,2024,16,4,17011,53,61,1,1,44,1,1,2,1,1,40,4067.8526,2320,1,1,2025,16,8,53,62,1,1,44,1,2,1,5,-1,3063.1662,-1,0,0,0,1,out of labor force
825303011912710,3,2024,6,2,17111,28,47,6,2,44,2,2,2,1,1,40,1867.8063,2310,1,1,2025,4,6,28,48,6,2,44,2,2,1,1,40,1876.0218,2310,1,1,1,0,still teacher
190027200842563,3,2024,7,4,17111,38,68,4,2,43,1,1,2,1,1,8,589.123,2310,1,1,2025,9,8,38,69,2,2,43,1,2,1,5,-1,615.0031,2310,0,0,0,1,out of labor force
180035400521524,3,2024,11,4,17111,45,26,6,2,43,2,1,2,1,1,20,6730.4739,2310,1,1,2025,11,8,45,27,6,2,43,2,2,1,1,40,6089.3552,2310,1,1,1,0,still teacher
540270353001350,3,2024,10,2,17011,5,57,4,2,43,2,1,2,1,1,40,1623.1566,2300,1,1,2025,11,6,5,58,4,2,43,2,2,1,1,40,2073.8587,2300,1,1,1,0,still teacher
507702015147790,3,2024,15,4,17011,5,37,1,1,44,1,1,2,1,1,-4,1414.546,2320,1,1,2025,15,8,5,38,1,1,44,1,2,1,1,40,1385.2288,2722,1,0,0,1,other occupation
170350700659440,3,2024,16,1,17011,6,42,1,2,44,4,2,2,4,1,37,3657.8698,2310,1,1,2025,16,5,6,44,1,2,44,4,2,4,1,40,4100.2554,2310,1,1,1,0,still teacher
110017800649120,3,2024,14,3,17011,6,40,1,2,44,1,2,1,1,1,40,4953.5098,2310,1,1,2025,15,7,6,41,1,2,44,1,1,1,1,40,5047.4077,2310,1,1,1,0,still teacher
010430482051560,3,2024,15,4,17011,6,36,6,2,39,3,5,1,1,1,40,6580.8193,2330,1,1,2025,13,8,6,37,6,2,39,3,1,1,1,40,7861.4988,2545,1,0,0,1,other occupation
050067094816959,3,2024,16,2,17011,6,69,1,1,44,1,2,2,1,1,40,4451.6509,2320,1,1,2025,16,6,6,70,1,1,44,1,2,1,1,40,4493.7105,2310,1,1,1,0,still teacher
251100907236809,3,2024,15,3,17011,8,59,1,2,42,1,2,2,1,1,30,3852.4575,2310,1,1,2025,13,7,8,60,1,2,42,1,2,1,1,40,3211.6804,230,1,0,0,1,other occupation
091063063317326,3,2024,15,1,17011,17,55,1,2,43,1,1,2,1,1,20,4602.9489,2300,1,1,2025,16,5,17,57,1,2,43,1,2,1,3,-1,4443.0912,3602,0,0,0,1,unemployed
988628021090011,3,2024,15,1,17011,18,46,6,2,44,1,2,2,1,1,40,3667.9675,2310,1,1,2025,15,5,18,47,6,2,44,1,2,1,1,80,3177.2844,2310,1,1,1,0,still teacher
330259071109031,3,2024,13,4,17011,19,40,4,2,44,1,1,2,1,2,40,3114.9024,2310,1,1,2025,14,8,19,41,4,2,44,1,2,1,1,40,2599.178,2310,1,1,1,0,still teacher
531900904702923,3,2024,15,1,17011,29,40,1,1,43,1,1,2,1,1,40,4259.7994,2320,1,1,2025,15,5,29,41,1,1,43,1,2,1,1,40,3082.4943,2320,1,1,1,0,still teacher
239802312416950,3,2024,16,3,17011,32,59,1,1,44,1,1,2,1,2,45,2045.0528,2320,1,1,2025,16,7,32,60,1,1,44,1,2,1,1,40,2452.4395,1005,1,0,0,1,other occupation
900414206071500,3,2024,15,1,17011,40,36,6,2,43,1,2,2,1,1,55,3035.791,2310,1,1,2025,15,5,40,37,6,2,43,1,2,1,1,55,2529.5948,2310,1,1,1,0,still teacher
340541001404586,3,2024,15,3,17011,41,42,1,2,43,1,1,2,1,2,40,2620.6229,2300,1,1,2025,16,7,41,43,1,2,43,1,2,1,1,40,2674.2102,2300,1,1,1,0,still teacher
891000209142145,3,2024,16,2,17011,41,43,1,1,46,4,1,2,4,1,40,3691.5634,2320,1,1,2025,16,6,41,44,1,1,46,4,2,4,1,40,2096.1573,2205,1,0,0,1,other occupation
863060103742454,3,2024,15,4,17011,46,42,1,1,44,1,1,2,1,1,40,747.7013,2310,1,1,2025,15,8,46,43,1,1,42,1,2,1,1,40,885.5095,2310,1,1,1,0,still teacher
863060103742454,3,2024,15,4,17011,46,37,1,2,43,1,2,2,1,1,40,619.4153,2310,1,1,2025,15,8,46,38,1,2,41,1,2,1,1,40,823.1484,2310,1,1,1,0,still teacher
983070102090480,3,2024,16,1,17011,48,74,1,1,44,1,2,2,1,2,50,4056.4003,2310,1,1,2025,16,5,48,76,1,1,44,1,2,1,1,50,3287.0235,2310,1,1,1,0,still teacher
290208051404558,3,2024,14,3,17011,48,48,1,2,43,1,1,2,1,1,50,4517.0354,2310,1,1,2025,14,7,48,49,1,2,43,1,2,1,2,60,3860.5195,2310,1,1,1,0,still teacher
843200619848560,3,2024,15,4,17011,48,54,2,1,44,1,1,2,1,1,40,4968.4167,2310,1,1,2025,14,8,48,55,3,1,44,1,2,1,1,40,4756.1897,2310,1,1,1,0,still teacher
137205600881244,3,2024,15,3,17011,48,60,1,2,43,1,2,1,4,1,40,4296.0232,2310,1,1,2025,13,7,48,61,1,2,43,1,1,4,2,60,4861.9441,2310,1,1,1,0,still teacher
668020384090015,3,2024,14,3,17011,48,35,1,2,44,1,2,2,1,2,45,4466.1764,2310,1,1,2025,15,7,48,36,1,2,44,1,2,1,1,40,4257.2338,2310,1,1,1,0,still teacher
053409740741138,3,2024,14,2,17011,48,44,1,2,43,1,2,2,1,1,40,4695.2313,2310,1,1,2025,15,6,48,46,1,2,43,1,2,1,1,40,4156.1782,2310,1,1,1,0,still teacher
301000912649847,3,2024,8,2,17011,48,23,6,2,39,1,1,1,1,1,40,6269.6204,2300,1,1,2025,9,6,48,24,6,2,39,1,1,1,1,40,6114.8918,5310,1,0,0,1,other occupation
843800015508760,3,2024,13,1,17011,48,65,1,2,43,1,2,2,1,2,20,4734.2555,2310,1,1,2025,15,5,48,66,1,2,43,1,2,1,2,8,4810.6363,2360,1,0,0,1,other occupation
160064915091980,3,2024,16,4,17011,48,44,1,2,40,1,2,2,1,2,16,4609.9963,2300,1,1,2025,15,8,48,45,1,2,40,1,2,1,2,16,5242.6385,2300,1,1,1,0,still teacher
181842300922754,3,2024,16,2,17011,49,60,1,2,44,1,2,2,1,1,4,2113.8057,2310,1,1,2025,6,6,49,61,1,2,44,1,2,1,7,-1,1677.88,-1,0,0,0,1,out of labor force
741800907231942,3,2024,14,4,17011,49,57,1,2,43,1,1,2,1,1,40,2002.2093,2310,1,1,2025,14,8,49,58,1,2,43,1,2,1,1,40,2159.1983,2310,1,1,1,0,still teacher
741800907231942,3,2024,14,4,17011,49,58,1,1,43,1,2,2,1,1,55,1755.943,2320,1,1,2025,14,8,49,59,1,1,43,1,2,1,1,40,1927.5273,2310,1,1,1,0,still teacher
773521095020118,3,2024,14,4,17011,53,21,6,2,39,1,4,2,1,1,16,6205.2849,2300,1,1,2025,15,8,53,22,1,2,40,1,2,1,1,12,6495.9274,2360,1,0,0,1,other occupation
005150516206308,3,2024,12,3,17011,55,73,1,2,43,1,1,2,1,1,16,3200.3422,2310,1,1,2025,12,7,55,74,1,2,43,1,2,1,5,-1,3323.978,-1,0,0,0,1,out of labor force
001160141346702,3,2024,13,2,17111,16,44,4,2,44,1,1,2,1,1,20,996.9361,2310,1,1,2025,15,6,16,45,4,2,44,1,2,1,1,30,1066.8139,2310,1,1,1,0,still teacher
070844410630125,3,2024,10,4,17111,35,32,2,1,44,3,3,2,1,1,40,1777.2558,2310,1,1,2025,15,8,35,33,2,1,43,3,2,1,1,40,1861.364,2310,1,1,1,0,still teacher
410449041003690,3,2024,15,1,17011,9,54,1,2,39,1,1,1,1,1,40,2767.4094,2300,1,1,2025,15,5,9,55,1,2,39,1,1,1,1,40,3232.5903,4600,1,0,0,1,other occupation
115406314650370,3,2024,15,1,17011,11,38,1,1,44,2,1,2,1,1,40,722.1531,2310,1,1,2025,16,5,11,39,1,1,44,2,2,1,1,40,1218.3562,2310,1,1,1,0,still teacher
115406314650370,3,2024,15,1,17011,11,41,1,2,44,2,2,2,1,1,40,685.1898,2310,1,1,2025,16,5,11,42,1,2,44,2,2,1,1,40,534.6048,2360,1,0,0,1,other occupation
392506401030116,3,2024,16,2,17011,12,58,1,2,44,2,1,2,4,1,40,6044.8104,2310,1,1,2025,16,6,12,58,1,2,44,2,2,4,1,40,7253.0172,2310,1,1,1,0,still teacher
920001102765151,3,2024,15,1,17011,12,37,1,2,44,1,1,2,1,2,20,5178.4613,2310,1,1,2025,14,5,12,38,2,2,44,1,2,1,1,40,6434.9342,710,1,0,0,1,other occupation
082928391030018,3,2024,11,1,17011,12,35,4,2,43,1,1,2,1,1,40,4909.2633,2310,1,1,2025,12,5,12,36,4,2,43,1,2,1,1,40,5785.6162,2310,1,1,1,0,still teacher
318704010852230,3,2024,15,2,17011,13,49,1,1,46,1,2,2,1,1,55,4211.8264,2310,1,1,2025,15,6,13,50,1,1,46,1,2,1,1,50,4226.7474,2320,1,1,1,0,still teacher
990211449071930,3,2024,14,1,17011,13,32,1,2,43,1,2,2,1,1,40,5894.4652,2310,1,1,2025,14,5,13,33,1,2,43,1,2,1,1,40,4848.4113,2310,1,1,1,0,still teacher
077699780220111,3,2024,14,3,17011,21,49,1,2,42,1,2,2,1,1,40,4643.0972,2310,1,1,2025,15,7,21,50,1,2,42,1,2,1,1,40,4036.6364,2545,1,0,0,1,other occupation
022095005214393,3,2024,14,4,17011,24,63,4,2,44,1,1,2,1,2,50,6093.269,2310,1,1,2025,14,8,24,64,4,2,44,1,2,1,1,60,5455.1786,2310,1,1,1,0,still teacher
062024063715296,3,2024,15,4,17012,25,27,1,2,43,1,1,2,1,1,40,3206.4356,2310,1,1,2025,15,8,25,28,1,2,43,1,2,1,1,40,3286.748,5740,1,0,0,1,other occupation
062024063715296,3,2024,15,4,17012,25,28,1,1,43,1,2,2,1,1,40,3515.6304,2310,1,1,2025,15,8,25,29,1,1,43,1,2,1,1,40,2964.3155,5810,1,0,0,1,other occupation
281040102376296,3,2024,15,3,17011,28,49,1,2,44,2,1,2,1,2,40,1667.64,2320,1,1,2025,15,7,28,50,1,2,44,2,2,1,2,40,1397.1981,2205,1,0,0,1,other occupation
281040102376296,3,2024,15,3,17011,28,55,1,1,42,2,2,2,1,2,40,2571.7253,2320,1,1,2025,15,7,28,56,1,1,42,2,2,1,1,40,1897.4161,2320,1,1,1,0,still teacher
450823011300371,3,2024,14,3,17011,33,55,1,2,43,1,1,2,1,1,33,1049.1729,2310,1,1,2025,15,7,33,57,1,2,43,1,2,1,1,33,1034.6286,2310,1,1,1,0,still teacher
150618600482093,3,2024,13,1,17011,34,50,1,1,44,1,1,2,1,1,40,4946.9926,2310,1,1,2025,16,5,34,52,1,1,44,1,2,1,1,40,6176.9431,2310,1,1,1,0,still teacher
191922600655043,3,2024,15,1,17011,36,38,6,1,44,1,3,2,1,1,47,5713.6329,2320,1,1,2025,16,5,36,39,6,1,44,1,2,1,1,40,5307.7295,2320,1,1,1,0,still teacher
421700204929733,3,2024,14,2,17011,37,49,1,2,44,1,2,2,1,1,40,4642.6947,2310,1,1,2025,14,6,37,50,1,2,44,1,2,1,1,50,4368.724,2310,1,1,1,0,still teacher
023002087619550,3,2024,15,4,17011,39,49,1,1,44,1,2,2,1,1,40,3578.3842,2320,1,1,2025,16,8,39,50,1,1,44,1,2,1,1,40,4655.5627,2320,1,1,1,0,still teacher
840274403001520,3,2024,16,3,17011,42,32,1,1,43,1,2,2,1,1,40,5080.7367,2310,1,1,2025,15,7,42,33,1,1,43,1,2,1,1,40,5267.8315,2310,1,1,1,0,still teacher
650102031403976,3,2024,14,2,17011,42,53,4,2,44,1,1,2,1,1,40,4296.3223,2320,1,1,2025,15,6,42,54,4,2,44,1,2,1,1,50,4406.2705,2320,1,1,1,0,still teacher
034094049315823,3,2024,15,3,17011,45,27,1,2,44,1,2,1,1,2,40,3272.8316,2310,1,1,2025,15,7,45,28,1,2,44,1,2,1,7,-1,4017.1328,-1,0,0,0,1,out of labor force
685551254060019,3,2024,15,2,17011,45,43,1,2,44,3,2,1,1,1,40,5639.3026,2310,1,1,2025,14,6,45,44,1,2,44,3,1,1,1,40,7543.7119,2310,1,1,1,0,still teacher
034082005715298,3,2024,16,1,17011,45,62,1,2,43,1,2,2,1,1,40,2768.4425,2310,1,1,2025,15,5,45,63,1,2,43,1,2,1,1,-4,3026.3236,2360,1,0,0,1,other occupation
931300100994058,3,2024,15,1,17011,50,54,1,2,44,1,2,2,3,1,40,399.0583,2320,1,1,2025,16,5,50,55,1,2,44,1,2,3,1,40,454.651,2320,1,1,1,0,still teacher
005100574150757,3,2024,11,2,17011,50,68,4,2,44,1,1,2,1,1,-4,424.1631,2320,1,1,2025,12,6,50,69,4,2,44,1,2,1,1,-4,420.875,2310,1,1,1,0,still teacher
350555657091540,3,2024,14,2,17011,54,54,1,2,44,1,1,2,1,1,40,745.9838,2330,1,1,2025,14,6,54,55,1,2,44,1,2,1,1,40,654.8617,2330,1,1,1,0,still teacher
012061064812277,3,2024,12,1,17111,22,64,4,2,43,1,1,2,1,2,40,1700.2132,2330,1,1,2025,12,5,22,65,4,2,43,1,2,1,1,40,1499.2982,2310,1,1,1,0,still teacher
012033078212579,3,2024,15,1,17111,22,64,6,2,43,1,2,2,1,1,40,2104.4045,2320,1,1,2025,13,5,22,65,6,2,43,1,2,1,1,40,2217.6526,2320,1,1,1,0,still teacher
240722011207165,3,2024,11,4,17111,22,32,6,2,43,1,1,2,1,1,40,2197.2146,2310,1,1,2025,12,8,22,33,6,2,43,1,2,1,1,40,2525.1271,2310,1,1,1,0,still teacher
431500706674227,3,2024,15,3,17111,22,57,1,2,44,1,2,2,1,1,40,1371.8608,2310,1,1,2025,14,7,22,58,1,2,44,1,2,1,1,40,1610.3822,2320,1,1,1,0,still teacher
110521700583442,3,2024,16,2,17111,25,27,6,2,44,1,2,2,1,1,40,3755.9308,2310,1,1,2025,16,6,25,29,6,2,44,1,2,1,1,35,3414.5233,2310,1,1,1,0,still teacher
811700205707435,3,2024,13,1,17111,34,41,1,2,44,4,2,2,5,2,0,4038.2459,2310,1,1,2025,8,5,34,42,1,2,44,4,2,5,7,-1,4933.3992,-1,0,0,0,1,out of labor force
140254612001850,3,2024,15,4,17111,45,47,1,1,46,1,1,2,1,1,40,4495.593,2310,1,1,2025,15,8,45,48,1,1,46,1,2,1,1,40,3458.9775,2310,1,1,1,0,still teacher
140254612001850,3,2024,15,4,17111,45,43,1,2,44,1,2,2,1,1,40,2711.7651,2310,1,1,2025,15,8,45,44,1,2,44,1,2,1,1,40,2542.4993,2310,1,1,1,0,still teacher
807070103443589,3,2024,12,3,17111,50,40,4,1,43,1,1,2,1,1,40,480.5364,2310,1,1,2025,13,7,50,41,4,1,43,1,2,1,1,50,409.5607,2310,1,1,1,0,still teacher
140313900093285,3,2024,15,3,17111,50,31,1,2,44,1,1,2,1,1,40,544.7749,2320,1,1,2025,15,7,50,33,1,2,44,1,2,1,1,40,592.4559,2310,1,1,1,0,still teacher
345062100754031,3,2024,16,2,17011,4,32,1,2,44,1,2,1,1,2,40,4288.5864,2310,1,1,2025,16,6,4,32,1,2,44,1,1,1,1,40,5546.5337,2310,1,1,1,0,still teacher
240415011007268,3,2024,14,4,17011,5,63,1,2,42,1,2,2,1,1,40,1438.8797,2310,1,1,2025,14,8,5,64,1,2,42,1,2,1,1,40,1353.3486,2310,1,1,1,0,still teacher
290512061114238,3,2024,13,4,17011,12,32,6,2,43,1,1,1,1,1,50,6146.1904,2310,1,1,2025,13,8,12,33,6,2,43,1,1,1,1,40,5261.6224,2310,1,1,1,0,still teacher
648009481020010,3,2024,11,4,17011,18,29,6,2,43,1,1,2,1,1,40,5938.8446,2320,1,1,2025,11,8,18,30,6,2,43,1,2,1,1,40,5458.1257,2310,1,1,1,0,still teacher
541600407404126,3,2024,13,3,17011,21,56,1,2,44,1,2,2,1,1,35,3987.9319,2310,1,1,2025,13,7,21,57,1,2,44,1,2,1,6,-1,3330.4677,-1,0,0,0,1,out of labor force
514821313070014,3,2024,16,4,17011,34,41,1,2,44,1,1,2,1,1,40,4718.1069,2310,1,1,2025,16,8,34,42,1,2,44,1,2,1,1,40,4555.8762,2310,1,1,1,0,still teacher
107140480401241,3,2024,13,3,17011,44,70,5,2,43,1,1,2,1,1,23,813.2368,2310,1,1,2025,12,7,44,70,5,2,43,1,2,1,1,18,795.9933,2310,1,1,1,0,still teacher
231700900775942,3,2024,15,4,17011,49,28,1,2,43,1,2,2,1,1,40,1948.2794,2310,1,1,2025,15,8,49,29,1,2,43,1,2,1,1,40,1458.4458,2310,1,1,1,0,still teacher
140061400161095,3,2024,16,3,17011,51,50,1,2,44,1,2,2,1,1,40,4767.9316,2330,1,1,2025,16,7,51,51,1,2,44,1,2,1,1,40,4349.0362,2330,1,1,1,0,still teacher
077754450002174,3,2024,11,4,17011,4,45,6,2,44,1,1,2,1,2,40,4080.3717,2310,1,1,2025,11,8,4,46,6,2,44,1,2,1,7,-1,4023.1053,-1,0,0,0,1,out of labor force
108160007365046,3,2024,16,1,17011,6,35,1,1,44,1,2,1,1,1,40,3933.977,2310,1,1,2025,16,5,6,36,1,1,44,1,1,1,1,40,5542.07,2310,1,1,1,0,still teacher
091800804862607,3,2024,14,1,17011,6,43,1,2,44,4,2,2,5,1,40,3943.8927,2310,1,1,2025,15,5,6,44,1,2,44,4,2,5,1,40,4462.7679,2310,1,1,1,0,still teacher
500430201081960,3,2024,15,1,17011,6,52,1,2,43,4,2,2,4,1,40,4845.7953,2310,1,1,2025,16,5,6,53,1,2,43,4,2,4,1,40,6040.2805,2310,1,1,1,0,still teacher
596830090060010,3,2024,16,2,17011,6,73,1,2,44,1,1,2,1,1,40,3790.3412,2310,1,1,2025,16,6,6,74,3,2,44,1,2,1,1,35,4161.9082,2310,1,1,1,0,still teacher
190230819031580,3,2024,4,2,17011,8,57,3,2,43,1,1,2,1,1,40,3798.6603,2310,1,1,2025,13,6,8,58,3,2,43,1,2,1,1,40,3958.9226,2310,1,1,1,0,still teacher
015399310800128,3,2024,16,2,17011,8,38,1,2,44,1,1,2,1,1,40,4121.7187,2310,1,1,2025,15,6,8,38,1,2,44,1,2,1,1,40,4319.7038,2310,1,1,1,0,still teacher
751900826129512,3,2024,13,4,17011,15,43,6,2,43,4,1,2,1,1,35,726.3319,2310,1,1,2025,14,8,15,44,6,2,43,4,2,1,1,35,752.3803,2310,1,1,1,0,still teacher
690576051107349,3,2024,16,1,17011,16,58,1,2,43,1,2,2,1,1,-4,1470.0036,2300,1,1,2025,16,5,16,58,1,2,43,1,2,1,1,-4,1294.4069,2310,1,1,1,0,still teacher
936775591070015,3,2024,16,3,17011,16,50,1,2,43,1,1,2,1,1,20,928.4655,2310,1,1,2025,16,7,16,51,1,2,43,1,2,1,1,40,1543.5178,2360,1,0,0,1,other occupation
770367091123183,3,2024,14,3,17011,17,47,1,2,44,1,2,2,1,1,40,4989.1395,2320,1,1,2025,15,7,17,48,1,2,44,1,2,1,1,50,5312.4062,2310,1,1,1,0,still teacher
041289045317688,3,2024,15,3,17012,17,32,1,2,43,1,2,2,1,1,40,4976.067,2310,1,1,2025,15,7,17,33,1,2,43,1,2,1,1,40,6630.1656,2310,1,1,1,0,still teacher
071303035117958,3,2024,15,3,17011,17,25,6,2,43,1,1,2,1,1,40,5248.0773,2310,1,1,2025,15,7,17,26,6,2,43,1,2,1,1,40,6834.582,2320,1,1,1,0,still teacher
087843670810147,3,2024,14,3,17011,17,32,1,2,40,1,1,1,1,1,40,3861.3964,2300,1,1,2025,14,7,17,33,1,2,40,1,1,1,1,40,5974.324,2300,1,1,1,0,still teacher
390007071101419,3,2024,15,3,17011,17,33,1,1,44,1,1,2,1,1,40,3660.095,2310,1,1,2025,15,7,17,34,1,1,44,1,2,1,1,40,5668.8167,2310,1,1,1,0,still teacher
390007071101419,3,2024,15,3,17011,17,30,1,2,44,1,2,2,1,1,40,4185.2546,2310,1,1,2025,15,7,17,31,1,2,44,1,2,1,1,40,5676.7009,2310,1,1,1,0,still teacher
157317181050015,3,2024,14,4,17011,17,36,1,1,44,1,2,2,1,1,40,4301.9396,2310,1,1,2025,15,8,17,36,1,1,44,1,2,1,1,40,4391.1269,2310,1,1,1,0,still teacher
190644900761451,3,2024,11,4,17011,17,27,1,1,44,1,1,2,1,1,40,5441.6772,2310,1,1,2025,13,8,17,28,1,1,44,1,2,1,1,40,4524.8739,2320,1,1,1,0,still teacher
001180187195093,3,2024,16,1,17011,18,36,1,2,44,4,2,2,5,1,40,4592.7208,2300,1,1,2025,14,5,18,37,1,2,44,4,2,5,1,40,3570.1385,2300,1,1,1,0,still teacher
120937400800691,3,2024,16,4,17011,18,58,1,1,44,1,1,2,1,1,60,3017.405,2310,1,1,2025,16,8,18,59,1,1,44,1,2,1,1,50,3638.6041,2310,1,1,1,0,still teacher
720141433051380,3,2024,16,1,17011,18,31,1,1,43,1,1,2,1,1,40,4398.1525,2310,1,1,2025,11,5,18,32,4,1,43,1,2,1,1,40,4254.1192,2310,1,1,1,0,still teacher
961400404822916,3,2024,15,4,17011,19,51,1,2,44,1,2,2,1,1,40,2760.9888,2310,1,1,2025,15,8,19,52,1,2,44,1,2,1,1,40,2384.2533,2310,1,1,1,0,still teacher
012016210910109,3,2024,14,1,17011,19,55,1,2,44,1,2,2,1,1,18,3011.7547,2320,1,1,2025,14,5,19,56,1,2,44,1,2,1,1,20,2283.0427,2751,1,0,0,1,other occupation
431900309781620,3,2024,12,4,17011,26,27,6,2,43,1,2,2,1,1,40,4745.1473,2310,1,1,2025,14,8,26,28,6,2,43,1,2,1,1,40,3489.0284,2310,1,1,1,0,still teacher
170104600701312,3,2024,14,2,17011,27,52,1,2,43,1,2,2,1,1,40,3685.2093,2310,1,1,2025,14,6,27,53,1,2,43,1,2,1,1,40,4639.442,2310,1,1,1,0,still teacher
928404010694140,3,2024,9,2,17011,29,38,6,2,44,1,1,2,1,1,40,8477.5859,2310,1,1,2025,7,6,29,39,6,2,43,1,2,1,1,35,6176.917,2330,1,1,1,0,still teacher
180533849021110,3,2024,16,2,17011,31,49,1,2,44,7,2,2,1,1,40,3545.2267,2310,1,1,2025,16,6,31,49,1,2,44,7,2,1,7,-1,1876.3238,-1,0,0,0,1,out of labor force
076612280831118,3,2024,16,1,17011,38,45,1,2,44,1,2,2,1,1,40,422.8203,2330,1,1,2025,15,5,38,46,1,2,44,1,2,1,1,40,462.0137,2330,1,1,1,0,still teacher
057397960630128,3,2024,8,2,17011,38,34,6,2,43,4,1,2,5,1,40,530.8644,2300,1,1,2025,12,6,38,35,1,2,44,4,2,5,1,40,418.8681,2310,1,1,1,0,still teacher
640254197071610,3,2024,13,3,17011,41,58,6,2,43,1,1,2,3,1,60,2201.8769,2320,1,1,2025,14,7,41,59,6,2,43,1,2,3,1,60,2362.9648,2320,1,1,1,0,still teacher
011000406347643,3,2024,16,2,17011,46,57,1,2,43,1,2,2,1,1,16,879.0251,2320,1,1,2025,12,6,46,58,1,2,43,1,2,1,5,-1,685.7192,-1,0,0,0,1,out of labor force
980948091403960,3,2024,14,1,17011,48,38,1,2,43,1,2,2,1,1,40,5014.1384,2320,1,1,2025,15,5,48,40,1,2,43,1,2,1,1,40,4267.673,2310,1,1,1,0,still teacher
002180474504876,3,2024,16,2,17011,48,41,1,2,44,1,2,2,1,1,45,4695.2313,2310,1,1,2025,16,6,48,42,1,2,44,1,2,1,1,40,4721.1905,2310,1,1,1,0,still teacher
140978900825504,3,2024,16,4,17011,48,45,1,2,43,4,2,2,5,1,40,6768.5011,2300,1,1,2025,16,8,48,46,1,2,43,4,2,5,1,40,5913.3002,2310,1,1,1,0,still teacher
130618031404082,3,2024,10,4,17011,48,48,1,1,44,1,2,1,4,1,40,6861.9818,2330,1,1,2025,13,8,48,49,1,1,44,1,1,4,1,40,6051.0458,2330,1,1,1,0,still teacher
120835300349935,3,2024,15,3,17011,53,33,1,2,44,1,2,2,1,1,40,5100.7545,2310,1,1,2025,15,7,53,34,1,2,44,1,2,1,1,40,4665.4998,2310,1,1,1,0,still teacher
951020103346563,3,2024,10,2,17011,55,70,1,2,44,1,2,2,1,1,24,2967.7784,2310,1,1,2025,16,6,55,71,1,2,43,1,2,1,5,-1,3720.6514,-1,0,0,0,1,out of labor force
951090106296519,3,2024,15,1,17011,55,61,1,2,44,1,1,2,1,1,45,4245.8717,2310,1,1,2025,16,5,55,62,1,2,44,1,2,1,1,50,3784.0583,2310,1,1,1,0,still teacher
140584500683805,3,2024,14,4,17011,56,58,1,2,43,1,1,2,1,1,40,410.7884,2310,1,1,2025,14,8,56,59,1,2,43,1,2,1,1,40,492.5733,2310,1,1,1,0,still teacher
021153800330140,3,2024,11,1,17111,30,46,1,2,43,1,2,2,1,1,40,541.7239,2310,1,1,2025,16,5,30,47,1,2,43,1,2,1,1,40,537.3248,2310,1,1,1,0,still teacher
040224153021400,3,2024,15,3,17111,40,49,1,1,43,1,1,2,1,1,40,2604.3098,2310,1,1,2025,16,7,40,50,1,1,43,1,2,1,1,40,4006.9816,2310,1,1,1,0,still teacher
120134783091110,3,2024,14,2,17111,41,44,1,2,44,1,2,2,1,1,40,2742.6316,2310,1,1,2025,14,6,41,45,1,2,44,1,2,1,1,45,2572.2907,2310,1,1,1,0,still teacher
101102012431740,3,2024,16,2,17011,1,55,1,1,44,1,1,2,1,1,60,2213.0498,2310,1,1,2025,12,6,1,56,1,1,44,1,2,1,1,40,2341.0014,3258,1,0,0,1,other occupation
499052450020013,3,2024,15,4,17011,9,41,1,2,40,1,2,2,1,1,23,3101.4412,2300,1,1,2025,15,8,9,42,1,2,40,1,2,1,1,22,2752.1673,2300,1,1,1,0,still teacher
000190042888707,3,2024,16,3,17011,9,69,1,1,44,1,2,2,1,1,-4,3018.5759,2320,1,1,2025,16,7,9,70,1,1,44,1,2,1,1,-4,2365.744,2722,1,0,0,1,other occupation
010405115856440,3,2024,16,4,17011,10,56,1,2,44,1,1,2,1,1,40,923.7991,2330,1,1,2025,15,8,10,57,1,2,44,1,2,1,1,40,778.481,2330,1,1,1,0,still teacher
203120103232657,3,2024,12,4,17011,12,44,1,1,44,2,2,2,1,1,40,7097.7286,2310,1,1,2025,15,8,12,45,1,1,44,2,2,1,1,40,7017.8946,2310,1,1,1,0,still teacher
335080107205290,3,2024,15,1,17011,23,38,1,2,44,1,2,2,1,1,70,2740.9666,2320,1,1,2025,15,5,23,40,1,2,44,1,2,1,1,50,1719.579,2320,1,1,1,0,still teacher
310774081203603,3,2024,14,2,17011,24,57,4,2,44,1,1,2,1,1,10,4140.0814,2310,1,1,2025,14,6,24,58,4,2,44,1,2,1,1,12,5630.1896,2350,1,0,0,1,other occupation
022059086715861,3,2024,16,2,17011,25,42,1,2,44,1,2,2,1,1,40,3977.3569,2310,1,1,2025,16,6,25,43,1,2,44,1,2,1,1,40,3102.3917,2310,1,1,1,0,still teacher
012016210921105,3,2024,11,4,17011,25,53,4,2,44,1,1,2,1,1,50,2874.8133,2310,1,1,2025,16,8,25,55,4,2,44,1,2,1,1,50,3398.5592,2310,1,1,1,0,still teacher
460554081301928,3,2024,16,2,17011,34,32,6,2,43,1,3,2,1,1,35,3665.3893,2310,1,1,2025,13,6,34,33,6,2,43,1,2,1,1,35,3616.0908,2310,1,1,1,0,still teacher
170752100400593,3,2024,15,3,17011,34,53,1,2,43,1,1,2,1,1,-4,4665.6553,2310,1,1,2025,15,7,34,54,1,2,43,1,2,1,1,40,5420.1867,2310,1,1,1,0,still teacher
018249000130136,3,2024,16,2,17011,36,32,1,2,44,1,2,2,1,1,40,4853.1371,2330,1,1,2025,16,6,36,33,1,2,44,1,2,1,1,40,4328.368,2310,1,1,1,0,still teacher
756267763070016,3,2024,16,3,17011,36,47,1,1,44,1,1,2,1,1,35,4984.6734,2320,1,1,2025,16,7,36,48,1,1,44,1,2,1,1,35,4849.5953,2310,1,1,1,0,still teacher
756267763070016,3,2024,16,3,17011,36,48,1,2,44,1,2,2,1,1,37,6504.8299,2320,1,1,2025,16,7,36,49,1,2,44,1,2,1,1,37,4895.8719,2320,1,1,1,0,still teacher
361090101171319,3,2024,15,1,17011,36,40,1,2,44,1,2,2,1,1,40,4895.8494,2310,1,1,2025,15,5,36,41,1,2,44,1,2,1,1,45,4115.9004,2320,1,1,1,0,still teacher
900256061307358,3,2024,14,3,17011,36,63,2,2,44,2,1,2,1,1,30,5180.3045,2310,1,1,2025,14,7,36,64,2,2,44,2,2,1,1,40,5805.1553,2310,1,1,1,0,still teacher
800137021304201,3,2024,16,4,17011,37,34,1,2,43,4,2,2,1,1,40,3790.8757,2310,1,1,2025,16,8,37,35,1,2,43,4,2,1,1,40,4202.0281,440,1,0,0,1,other occupation
045234130030119,3,2024,13,1,17011,39,34,1,1,43,1,1,2,1,1,40,6601.3491,2320,1,1,2025,13,5,39,35,1,1,43,1,2,1,1,40,4447.7616,2320,1,1,1,0,still teacher
190692300931193,3,2024,16,2,17011,39,57,1,2,44,1,1,2,1,1,40,3834.2519,2310,1,1,2025,16,6,39,59,1,2,44,1,2,1,1,38,3407.5084,2310,1,1,1,0,still teacher
190692300931193,3,2024,16,2,17011,39,25,6,2,43,1,3,2,1,1,40,4945.116,2310,1,1,2025,16,6,39,26,6,2,43,1,2,1,1,38,5185.8798,2310,1,1,1,0,still teacher
742569454080016,3,2024,16,1,17011,42,42,1,2,44,1,2,2,1,1,35,5557.751,2320,1,1,2025,16,5,42,43,1,2,44,1,2,1,2,37,4976.5225,2320,1,1,1,0,still teacher
291100309774240,3,2024,15,1,17011,42,45,1,1,44,1,2,2,1,1,40,6146.9703,2320,1,1,2025,15,5,42,46,1,1,44,1,2,1,1,45,5085.9956,2320,1,1,1,0,still teacher
170665400263764,3,2024,16,2,17011,42,36,1,2,44,1,2,2,1,1,40,4341.9194,2310,1,1,2025,16,6,42,37,1,2,44,1,2,1,1,40,4288.0458,2330,1,1,1,0,still teacher
461600210639441,3,2024,15,2,17011,44,41,1,2,44,1,2,2,1,1,40,1214.9921,2310,1,1,2025,15,6,44,42,1,2,44,1,2,1,1,40,1374.1231,2310,1,1,1,0,still teacher
400274071408824,3,2024,15,3,17011,44,48,1,2,44,1,1,2,1,1,45,1002.2406,2320,1,1,2025,15,7,44,49,1,2,44,1,2,1,1,40,924.6472,2320,1,1,1,0,still teacher
084357250550180,3,2024,12,3,17011,50,32,6,1,44,1,1,2,1,1,35,442.4339,2320,1,1,2025,13,7,50,33,6,1,44,1,2,1,1,-4,424.304,2310,1,1,1,0,still teacher
170172500151795,3,2024,16,2,17011,51,52,1,2,44,2,2,2,1,1,40,7050.4642,2330,1,1,2025,16,6,51,53,1,2,44,2,2,1,1,40,6650.9442,2330,1,1,1,0,still teacher
270361091003113,3,2024,14,3,17111,1,49,4,2,44,1,1,2,1,1,40,2410.6636,2310,1,1,2025,12,7,1,50,4,2,44,1,2,1,1,40,2051.294,2310,1,1,1,0,still teacher
190085500262032,3,2024,5,3,17111,22,34,6,2,43,1,1,2,1,1,40,2292.9507,2310,1,1,2025,9,7,22,35,6,2,42,1,2,1,1,20,1682.1402,5940,1,0,0,1,other occupation
550080105856291,3,2024,13,1,17111,25,48,2,2,44,1,1,2,1,1,60,2977.0081,2320,1,1,2025,16,5,25,49,2,2,44,1,2,1,1,40,3673.8992,2310,1,1,1,0,still teacher
012031094018016,3,2024,14,1,17111,28,41,1,2,43,1,2,2,1,1,40,2360.8139,2310,1,1,2025,14,5,28,43,1,2,43,1,2,1,1,40,1725.8913,2310,1,1,1,0,still teacher
190886900871172,3,2024,15,1,17111,28,30,6,2,40,2,5,2,1,2,30,2682.5144,2300,1,1,2025,14,5,28,31,6,2,43,2,2,1,1,40,2431.8064,2006,1,0,0,1,other occupation
100351500453995,3,2024,16,1,17111,54,45,1,2,44,1,1,2,1,1,40,771.0303,2310,1,1,2025,16,5,54,46,1,2,44,1,2,1,1,40,631.7468,2310,1,1,1,0,still teacher
069624620530114,3,2024,16,4,17011,34,32,6,2,44,2,3,2,1,1,40,6106.7415,2320,1,1,2025,15,8,34,33,6,2,44,2,2,1,1,40,7239.7154,2014,1,0,0,1,other occupation
208110177871445,3,2024,13,3,17111,11,29,6,2,44,1,1,2,1,1,40,512.1602,2320,1,1,2025,13,7,11,31,6,2,44,1,2,1,1,40,396.7845,2320,1,1,1,0,still teacher
422010106498209,3,2024,13,4,17111,22,59,4,2,44,2,1,2,1,1,36,2180.3894,2320,1,1,2025,15,8,22,60,4,2,44,2,2,1,1,40,1754.9123,5510,1,0,0,1,other occupation
840782021009519,3,2024,16,1,17011,2,52,1,1,44,1,2,2,1,2,38,670.2348,2310,1,1,2025,16,5,2,52,1,1,44,1,2,1,1,40,757.1877,2310,1,1,1,0,still teacher
190299000505320,3,2024,15,2,17011,5,46,1,1,44,1,2,2,1,1,45,1695.7521,2320,1,1,2025,16,6,5,48,1,1,44,1,2,1,1,55,1929.5553,2310,1,1,1,0,still teacher
926864720040015,3,2024,16,3,17011,6,47,1,2,44,1,1,2,1,1,40,4908.3711,2300,1,1,2025,16,7,6,48,1,2,44,1,2,1,1,40,4731.7168,2310,1,1,1,0,still teacher
036339070090010,3,2024,15,3,17011,6,35,1,2,43,1,1,2,1,1,35,4346.8591,2310,1,1,2025,15,7,6,36,1,2,43,1,2,1,1,38,6091.5194,2555,1,0,0,1,other occupation
008160199248513,3,2024,9,1,17011,16,45,4,2,40,1,1,2,1,2,40,1346.5436,2310,1,1,2025,7,5,16,46,4,2,40,1,2,1,7,-1,1383.5502,-1,0,0,0,1,out of labor force
719606311407750,3,2024,15,3,17011,17,37,1,2,44,1,2,2,4,1,40,3593.1073,2310,1,1,2025,16,7,17,38,1,2,44,1,2,4,1,40,5267.6945,2310,1,1,1,0,still teacher
003101690913157,3,2024,14,1,17011,17,35,6,2,44,4,1,2,1,1,40,4438.6399,2310,1,1,2025,14,5,17,35,6,2,44,4,2,1,1,40,4668.8299,2310,1,1,1,0,still teacher
003170106306270,3,2024,16,4,17011,17,46,1,2,44,1,2,2,1,1,40,4419.7358,2310,1,1,2025,16,8,17,47,1,2,44,1,2,1,1,40,4846.724,2310,1,1,1,0,still teacher
170025400821601,3,2024,10,1,17011,18,38,6,2,43,1,1,2,1,1,40,3867.9523,2310,1,1,2025,11,5,18,40,6,2,43,1,2,1,1,40,2808.302,2310,1,1,1,0,still teacher
250688001102134,3,2024,14,2,17011,18,36,1,2,43,1,1,2,1,1,40,6503.0256,2310,1,1,2025,14,6,18,37,1,2,43,1,2,1,1,40,6138.947,2310,1,1,1,0,still teacher
370162542021970,3,2024,16,1,17011,27,44,1,2,44,1,2,2,1,1,40,3312.4176,2310,1,1,2025,16,5,27,44,1,2,44,1,2,1,1,40,3392.9777,2310,1,1,1,0,still teacher
063095023511062,3,2024,11,3,17011,31,73,4,2,43,2,1,2,1,1,-4,1171.5375,2320,1,1,2025,11,7,31,73,4,2,43,2,2,1,1,9,1105.5512,2300,1,1,1,0,still teacher
300338081304913,3,2024,14,3,17011,38,39,1,2,43,1,1,2,1,1,40,597.4931,2310,1,1,2025,16,7,38,40,1,2,43,1,2,1,1,40,639.6535,2310,1,1,1,0,still teacher
441500503434834,3,2024,15,2,17011,38,37,1,2,43,1,1,2,1,2,40,715.974,2300,1,1,2025,15,6,38,38,1,2,43,1,2,1,1,40,495.1216,2300,1,1,1,0,still teacher
160934900685694,3,2024,16,3,17011,46,54,1,2,43,1,2,2,1,1,40,635.4963,2320,1,1,2025,15,7,46,55,1,2,43,1,2,1,1,40,679.5989,2320,1,1,1,0,still teacher
024024029416441,3,2024,14,4,17011,46,47,1,2,42,1,2,2,1,1,40,637.0905,2330,1,1,2025,15,8,46,49,1,2,42,1,2,1,1,40,947.0495,5740,1,0,0,1,other occupation
150348900852834,3,2024,14,2,17011,48,49,4,2,43,1,1,1,1,1,40,4491.1113,2310,1,1,2025,13,6,48,50,4,2,43,1,1,1,1,40,4877.0045,5120,1,0,0,1,other occupation
074167074218406,3,2024,13,4,17011,48,70,3,2,43,1,1,2,1,2,40,4340.9033,2330,1,1,2025,14,8,48,71,3,2,43,1,2,1,1,40,4196.1169,2545,1,0,0,1,other occupation
678303704040212,3,2024,11,1,17011,48,50,6,2,44,1,1,2,4,1,45,4527.8593,2320,1,1,2025,12,5,48,51,6,2,44,1,2,4,1,-4,4774.4775,2310,1,1,1,0,still teacher
983057109701497,3,2024,12,4,17011,48,29,1,2,43,1,1,1,1,1,60,5195.675,2310,1,1,2025,12,8,48,29,1,2,43,1,1,1,1,60,5842.6147,2310,1,1,1,0,still teacher
150153900811934,3,2024,15,2,17011,48,54,1,2,43,1,2,2,1,1,45,3917.4099,2310,1,1,2025,16,6,48,55,1,2,43,1,2,1,1,45,3262.7865,2310,1,1,1,0,still teacher
001190485369682,3,2024,15,1,17011,49,44,1,2,43,1,2,2,1,1,40,1952.5564,2310,1,1,2025,16,5,49,45,1,2,43,1,2,1,1,40,2016.1884,2310,1,1,1,0,still teacher
003190485342691,3,2024,15,2,17011,49,47,1,2,44,1,2,2,1,1,40,1825.2467,2310,1,1,2025,15,6,49,48,1,2,44,1,2,1,1,40,1532.2204,230,1,0,0,1,other occupation
794050100013448,3,2024,16,2,17011,49,47,1,2,44,1,2,2,1,1,60,1825.2467,2320,1,1,2025,16,6,49,48,1,2,44,1,2,1,1,50,1532.2204,2320,1,1,1,0,still teacher
990245525081850,3,2024,16,2,17011,55,37,1,2,43,1,2,2,1,1,40,3791.7365,2310,1,1,2025,16,6,55,37,1,2,44,1,2,1,1,40,4731.7928,2310,1,1,1,0,still teacher
080586061102471,3,2024,15,2,17111,16,65,3,1,44,1,1,2,4,1,45,1003.5779,2310,1,1,2025,16,6,16,66,3,1,44,1,2,4,1,45,1048.2828,2310,1,1,1,0,still teacher
033090022211192,3,2024,14,1,17111,31,52,1,2,44,1,2,2,1,1,60,1679.5657,2310,1,1,2025,15,5,31,53,1,2,45,1,2,1,1,40,1556.0897,2310,1,1,1,0,still teacher
150823200531123,3,2024,14,3,17111,35,66,1,1,44,1,2,1,1,1,40,1105.0829,2320,1,1,2025,14,7,35,66,1,1,44,1,1,1,1,40,1134.6312,2320,1,1,1,0,still teacher
006180367167193,3,2024,15,4,17111,38,34,1,2,43,1,2,2,1,2,40,487.5336,2310,1,1,2025,15,8,38,35,1,2,43,1,2,1,2,40,474.3462,2300,1,1,1,0,still teacher
120903500670154,3,2024,11,3,17111,46,58,3,2,43,1,1,2,1,1,40,827.5517,2310,1,1,2025,11,7,46,59,3,2,43,1,2,1,1,40,862.1397,2310,1,1,1,0,still teacher
550229031000944,3,2024,15,4,17011,9,27,6,2,44,1,3,2,1,1,35,3646.5402,2310,1,1,2025,16,8,9,28,6,2,44,1,2,1,1,36,2779.8247,2545,1,0,0,1,other occupation
196060109908025,3,2024,12,3,17011,9,40,1,2,41,1,5,2,1,1,40,3897.1369,2310,1,1,2025,10,7,9,41,1,2,43,1,2,1,1,40,3209.0012,2330,1,1,1,0,still teacher
221011100542165,3,2024,12,1,17011,12,64,1,2,43,1,1,1,5,1,45,5161.018,2300,1,1,2025,10,5,12,65,1,2,43,1,1,5,1,45,4647.4527,2300,1,1,1,0,still teacher
190811900152952,3,2024,14,2,17011,21,44,1,2,41,1,2,2,1,1,12,4697.0865,2310,1,1,2025,14,6,21,45,1,2,41,1,2,1,1,40,3071.383,4760,1,0,0,1,other occupation
180655100272632,3,2024,16,1,17011,22,35,1,1,43,1,1,2,1,1,45,2189.2109,2320,1,1,2025,16,5,22,36,1,1,43,1,2,1,1,45,2205.8906,2320,1,1,1,0,still teacher
112525652060017,3,2024,14,3,17012,22,36,1,2,42,2,2,2,1,1,40,1887.1927,2320,1,1,2025,10,7,22,37,1,2,42,2,2,1,1,40,2397.4373,2320,1,1,1,0,still teacher
050001101985229,3,2024,11,3,17011,25,70,6,2,43,1,1,2,1,1,35,2579.8539,2310,1,1,2025,15,7,25,71,6,2,43,1,2,1,1,38,2848.4991,2310,1,1,1,0,still teacher
063075063713296,3,2024,16,1,17011,33,60,1,2,44,1,1,2,1,1,14,1014.5827,2320,1,1,2025,15,5,33,61,1,2,44,1,2,1,1,13,984.046,2310,1,1,1,0,still teacher
823455993010016,3,2024,16,1,17011,33,69,1,2,43,1,2,2,1,2,16,949.576,2310,1,1,2025,15,5,33,70,1,2,43,1,2,1,2,-4,966.1286,2360,1,0,0,1,other occupation
437205014375710,3,2024,15,3,17011,34,64,4,2,44,1,1,2,1,1,40,4151.6913,2320,1,1,2025,15,7,34,65,4,2,44,1,2,1,1,40,4906.9992,2320,1,1,1,0,still teacher
171501600653683,3,2024,12,1,17011,36,20,1,2,39,1,1,2,1,1,60,6929.6653,2300,1,1,2025,11,5,36,21,1,2,39,1,2,1,1,40,5812.4582,2545,1,0,0,1,other occupation
074406760330156,3,2024,16,2,17011,36,45,1,2,44,4,2,2,4,1,40,4101.9735,2310,1,1,2025,16,6,36,46,1,2,45,4,2,4,1,40,5789.1942,2330,1,1,1,0,still teacher
126423313070111,3,2024,13,4,17011,36,46,6,2,43,2,3,2,1,1,35,4079.8398,2310,1,1,2025,14,8,36,47,6,2,43,2,2,1,1,40,5772.7498,2545,1,0,0,1,other occupation
050956061314144,3,2024,16,1,17011,36,39,1,1,44,1,2,2,1,1,40,5559.8548,2310,1,1,2025,15,5,36,40,1,1,44,1,2,1,1,40,5115.1835,2320,1,1,1,0,still teacher
094827330730127,3,2024,15,2,17011,37,32,1,2,44,1,2,2,1,1,40,3963.78,2310,1,1,2025,15,6,37,32,1,2,44,1,2,1,1,40,4651.4904,2310,1,1,1,0,still teacher
160696000552504,3,2024,15,2,17011,45,56,1,1,42,1,2,2,1,1,15,2673.3935,2320,1,1,2025,15,6,45,57,1,1,40,1,2,1,1,10,3976.2661,2722,1,0,0,1,other occupation
360307415070118,3,2024,15,4,17011,50,57,1,2,44,1,2,2,1,1,40,419.8668,2310,1,1,2025,14,8,50,58,1,2,44,1,2,1,1,38,462.5139,2310,1,1,1,0,still teacher
841508755040010,3,2024,16,4,17011,51,50,1,2,44,1,1,2,1,1,40,4238.069,2330,1,1,2025,16,8,51,51,1,2,44,1,2,1,1,35,3795.385,2310,1,1,1,0,still teacher
300633061305913,3,2024,13,3,17111,33,26,6,2,43,1,1,2,1,1,40,1282.191,2310,1,1,2025,13,7,33,27,6,2,44,1,2,1,1,40,1221.4074,2310,1,1,1,0,still teacher
190940406061020,3,2024,13,2,17011,2,71,1,2,44,1,2,2,1,1,16,514.0255,2310,1,1,2025,15,6,2,73,1,2,44,1,2,1,1,20,579.1603,2310,1,1,1,0,still teacher
015584790300116,3,2024,16,2,17011,6,61,1,2,43,6,2,2,1,1,55,6781.1035,2310,1,1,2025,15,6,6,63,1,2,43,6,2,1,5,-1,5431.4507,-1,0,0,0,1,out of labor force
731400100414816,3,2024,15,1,17011,18,27,1,2,43,1,2,2,1,1,40,4685.2658,2310,1,1,2025,15,5,18,28,1,2,43,1,2,1,1,40,4594.7981,930,1,0,0,1,other occupation
578955401060010,3,2024,15,2,17011,18,30,1,2,43,1,2,2,1,1,40,6030.9751,2310,1,1,2025,14,6,18,31,1,2,43,1,2,1,1,40,6450.6457,2310,1,1,1,0,still teacher
961700008819815,3,2024,16,4,17011,18,41,1,2,43,1,2,2,1,1,40,4196.0956,2310,1,1,2025,16,8,18,42,1,2,43,1,2,1,2,40,3996.9687,2310,1,1,1,0,still teacher
039553010520150,3,2024,16,1,17011,20,50,1,2,43,1,1,2,1,2,50,2023.072,2310,1,1,2025,16,5,20,51,1,2,43,1,2,1,1,40,2223.1076,2310,1,1,1,0,still teacher
032860990020149,3,2024,8,2,17011,29,32,6,1,43,1,2,2,1,1,40,5501.4193,2330,1,1,2025,16,6,29,33,6,1,43,1,2,1,2,40,5244.2651,2310,1,1,1,0,still teacher
083033014610294,3,2024,16,4,17011,30,63,1,2,44,1,1,1,1,1,10,483.0805,2310,1,1,2025,13,8,30,63,1,2,44,1,1,1,1,10,736.1234,2310,1,1,1,0,still teacher
016060109262323,3,2024,14,2,17011,31,43,6,1,43,2,1,2,1,1,50,1704.2554,2310,1,1,2025,14,6,31,44,6,1,40,2,2,1,1,40,1582.982,410,1,0,0,1,other occupation
120865200191483,3,2024,16,3,17011,31,44,1,2,43,1,1,2,1,1,40,1657.6471,2310,1,1,2025,16,7,31,45,1,2,43,1,2,1,1,40,913.5482,2320,1,1,1,0,still teacher
232705316095600,3,2024,11,3,17011,32,25,6,2,43,4,3,2,1,1,-4,2187.7813,2310,1,1,2025,14,7,32,25,6,2,43,4,2,1,1,40,2056.2887,750,1,0,0,1,other occupation
552167723070317,3,2024,14,4,17011,32,33,1,2,43,4,2,2,4,1,40,2363.6784,2310,1,1,2025,15,8,32,34,1,2,43,4,2,4,1,40,3520.3208,2205,1,0,0,1,other occupation
400494615021200,3,2024,11,1,17011,40,37,3,2,43,1,1,2,1,1,40,2637.5666,2310,1,1,2025,12,5,40,38,3,2,44,1,2,1,1,45,2039.5286,2310,1,1,1,0,still teacher
560946061409398,3,2024,16,3,17011,46,37,1,2,43,1,2,2,1,1,40,663.1958,2310,1,1,2025,5,7,46,37,1,2,43,1,2,1,1,40,692.0088,2310,1,1,1,0,still teacher
481060100172473,3,2024,14,2,17011,48,28,1,1,43,2,1,2,1,2,45,10626.6419,2320,1,1,2025,15,6,48,29,1,1,43,2,2,1,1,50,8679.951,2320,1,1,1,0,still teacher
481060100172473,3,2024,14,2,17011,48,28,1,2,43,2,2,2,1,2,45,10379.0992,2320,1,1,2025,15,6,48,29,1,2,43,2,2,1,1,40,10520.7317,2320,1,1,1,0,still teacher
760034990081880,3,2024,16,1,17011,48,36,1,2,44,1,2,2,1,1,60,5463.5959,2310,1,1,2025,16,5,48,37,1,2,44,1,2,1,1,40,4824.2863,2320,1,1,1,0,still teacher
380468071413761,3,2024,16,3,17011,48,57,1,2,44,1,2,2,1,1,40,3794.1365,2310,1,1,2025,15,7,48,58,1,2,44,1,2,1,1,40,4122.2094,2310,1,1,1,0,still teacher
190723800805424,3,2024,15,2,17011,48,44,1,2,44,1,1,2,4,1,40,4752.215,2310,1,1,2025,15,6,48,45,1,2,44,1,2,4,1,40,4208.3973,2320,1,1,1,0,still teacher
180412200926744,3,2024,16,4,17011,49,36,1,2,44,1,2,2,1,1,32,1540.719,2320,1,1,2025,16,8,49,37,1,2,43,1,2,1,1,32,1568.5044,2360,1,0,0,1,other occupation
052435470850143,3,2024,16,1,17011,53,53,1,1,44,1,2,2,1,1,35,3913.6893,2310,1,1,2025,16,5,53,54,1,1,44,1,2,1,1,38,3821.4931,2310,1,1,1,0,still teacher
146569715030015,3,2024,15,1,17011,56,59,1,2,43,1,2,2,1,1,55,433.9917,2310,1,1,2025,16,5,56,60,1,2,43,1,2,1,1,55,366.5483,2310,1,1,1,0,still teacher
150743500616195,3,2024,14,1,17011,56,68,1,2,43,1,2,2,1,2,-4,388.9053,2310,1,1,2025,14,5,56,69,1,2,43,1,2,1,2,-4,352.9265,2310,1,1,1,0,still teacher
000140041363169,3,2024,14,3,17111,4,48,4,2,43,1,1,2,1,1,40,4623.1702,2310,1,1,2025,14,7,4,49,4,2,43,1,2,1,2,40,4959.5114,2310,1,1,1,0,still teacher
391200509405029,3,2024,16,3,17111,20,52,1,2,43,1,2,2,1,1,40,2107.1323,2310,1,1,2025,15,7,20,53,1,2,43,1,2,1,1,40,2593.2973,2310,1,1,1,0,still teacher
570393762071400,3,2024,12,2,17111,30,53,6,2,44,1,1,2,1,1,48,502.1816,2310,1,1,2025,13,6,30,54,6,2,44,1,2,1,2,40,689.3309,2310,1,1,1,0,still teacher
210220011401663,3,2024,13,1,17111,40,34,1,1,44,1,1,2,5,1,45,3652.3854,2320,1,1,2025,14,5,40,35,1,1,44,1,2,5,1,45,2630.3096,230,1,0,0,1,other occupation
074712440900121,3,2024,16,1,17011,1,63,1,1,44,1,1,2,1,1,60,2337.4833,2310,1,1,2025,16,5,1,64,1,1,44,1,2,1,1,40,1989.6309,850,1,0,0,1,other occupation
364357410070018,3,2024,16,4,17011,4,21,6,2,41,1,4,1,1,1,-4,5085.6887,2310,1,1,2025,16,8,4,21,6,2,43,1,1,1,1,20,4816.087,2310,1,1,1,0,still teacher
000059079716520,3,2024,16,1,17011,6,25,1,2,43,1,2,1,1,1,40,3897.3935,2310,1,1,2025,16,5,6,26,1,2,43,1,1,1,2,40,4901.3998,2310,1,1,1,0,still teacher
290660071119002,3,2024,16,3,17011,10,48,1,2,43,1,2,2,1,1,-4,1040.8453,2310,1,1,2025,15,7,10,49,1,2,43,1,2,1,1,40,709.541,4230,1,0,0,1,other occupation
961400600113211,3,2024,15,1,17011,12,19,6,2,40,1,4,2,1,2,15,5336.5425,2310,1,1,2025,15,5,12,21,6,2,40,1,2,1,1,15,7609.1279,4600,1,0,0,1,other occupation
412479151050016,3,2024,13,1,17011,12,60,1,1,43,1,2,2,1,1,50,4204.5272,2320,1,1,2025,11,5,12,61,1,1,43,1,2,1,7,-1,5295.4965,-1,0,0,0,1,out of labor force
190655600371631,3,2024,11,2,17011,13,37,4,2,43,1,1,2,1,1,40,5694.4044,2310,1,1,2025,11,6,13,37,4,2,43,1,2,1,1,54,5215.837,2310,1,1,1,0,still teacher
580717051139325,3,2024,14,4,17011,17,55,3,2,46,4,1,2,1,1,40,4548.0481,2310,1,1,2025,16,8,17,56,6,2,46,4,2,1,1,40,4690.8315,2360,1,0,0,1,other occupation
150727400760321,3,2024,15,2,17011,17,32,1,2,44,1,1,2,1,2,40,5221.3548,2310,1,1,2025,16,6,17,33,1,2,44,1,2,1,1,40,6002.14,2320,1,1,1,0,still teacher
109942431050017,3,2024,13,1,17011,19,56,6,2,43,1,1,2,1,2,50,3035.1582,2310,1,1,2025,13,5,19,57,6,2,43,1,2,1,1,50,2187.8734,2320,1,1,1,0,still teacher
570950081200979,3,2024,16,1,17011,20,55,1,2,44,4,2,2,5,1,30,2576.8393,2310,1,1,2025,16,5,20,56,1,2,44,4,2,5,1,25,2116.1448,2310,1,1,1,0,still teacher
062033062915757,3,2024,13,3,17011,25,48,1,2,44,1,2,2,1,1,40,3179.4361,2310,1,1,2025,14,7,25,49,1,2,44,1,2,1,1,40,3308.893,2310,1,1,1,0,still teacher
441300207276520,3,2024,1,2,17011,25,23,6,2,43,1,2,2,1,1,40,3556.2912,2310,1,1,2025,9,6,25,24,6,2,43,1,2,1,1,40,3853.7259,2545,1,0,0,1,other occupation
008150242755358,3,2024,16,2,17011,25,75,1,2,44,6,2,2,1,1,40,3130.3493,2320,1,1,2025,16,6,25,76,1,2,44,6,2,1,1,50,3028.5691,2320,1,1,1,0,still teacher
012144044616497,3,2024,15,4,17011,26,36,6,2,43,2,2,2,1,1,40,6733.4202,2310,1,1,2025,14,8,26,37,6,2,43,2,2,1,1,40,10229.63,101,1,0,0,1,other occupation
875090103017222,3,2024,14,3,17011,27,68,1,2,43,1,1,2,1,1,23,3779.6038,2320,1,1,2025,14,7,27,69,1,2,43,1,2,1,1,25,3713.3788,2310,1,1,1,0,still teacher
065657000930131,3,2024,14,2,17011,31,40,1,1,45,1,2,2,1,1,41,1649.6403,2310,1,1,2025,15,6,31,41,1,1,44,1,2,1,1,50,2117.7541,2320,1,1,1,0,still teacher
521931863000017,3,2024,15,1,17011,31,52,6,2,44,1,1,2,1,2,45,1679.5657,2310,1,1,2025,15,5,31,53,6,2,45,1,2,1,2,40,1556.0897,2320,1,1,1,0,still teacher
453755993020019,3,2024,12,2,17011,33,34,6,2,43,1,1,2,1,1,50,1590.1307,2310,1,1,2025,12,6,33,35,6,2,43,1,2,1,1,45,1390.5324,2320,1,1,1,0,still teacher
005140353218391,3,2024,15,3,17011,34,45,4,2,44,1,1,2,1,1,60,4870.7358,2310,1,1,2025,15,7,34,46,4,2,43,1,2,1,1,40,4958.4218,2320,1,1,1,0,still teacher
033037003715401,3,2024,13,2,17011,35,35,1,2,43,4,1,2,5,2,40,722.6633,2310,1,1,2025,13,6,35,37,1,2,44,4,2,5,2,45,1095.9225,2310,1,1,1,0,still teacher
008160380265160,3,2024,16,3,17011,36,51,1,2,44,1,1,2,1,1,4,5914.8779,2330,1,1,2025,16,7,36,52,1,2,44,1,2,1,4,-1,5164.9602,3230,0,0,0,1,unemployed
130814600722653,3,2024,14,1,17011,37,30,1,1,44,1,1,2,1,1,-4,5924.0888,2320,1,1,2025,15,5,37,31,1,1,44,1,2,1,1,40,6367.5936,2320,1,1,1,0,still teacher
072060104377372,3,2024,13,4,17011,37,62,1,2,41,1,2,2,1,1,40,3641.3741,2310,1,1,2025,16,8,37,63,1,2,41,1,2,1,1,40,4091.3286,2360,1,0,0,1,other occupation
110532000813583,3,2024,14,4,17011,38,27,1,1,43,1,1,2,1,1,45,600.144,2320,1,1,2025,13,8,38,29,1,1,43,1,2,1,1,45,509.4132,2310,1,1,1,0,still teacher
043090048519736,3,2024,14,1,17011,39,47,1,1,44,1,1,2,1,1,50,3858.802,2310,1,1,2025,15,5,39,48,1,1,44,1,2,1,1,50,3751.3159,2320,1,1,1,0,still teacher
770314010031000,3,2024,16,1,17011,40,41,1,2,44,1,1,2,1,1,53,2487.5998,2310,1,1,2025,15,5,40,43,1,2,46,1,2,1,1,50,1696.2679,2310,1,1,1,0,still teacher
003629260040111,3,2024,9,1,17011,41,48,4,2,39,1,1,1,5,1,40,2773.2884,2300,1,1,2025,15,5,41,49,4,2,40,1,1,5,1,40,2568.4999,2310,1,1,1,0,still teacher
392135034020015,3,2024,16,1,17011,42,46,1,2,44,1,2,2,1,1,40,4816.76,2310,1,1,2025,16,5,42,47,1,2,44,1,2,1,1,40,4376.0105,2310,1,1,1,0,still teacher
443509013924200,3,2024,15,4,17011,44,41,6,2,43,1,1,2,1,1,40,1092.8682,2310,1,1,2025,15,8,44,42,6,2,43,1,2,1,1,40,1485.3659,2310,1,1,1,0,still teacher
243040102395490,3,2024,14,4,17011,44,55,6,2,43,1,1,2,3,1,50,956.6648,2320,1,1,2025,14,8,44,56,6,2,43,1,2,3,1,40,1066.1205,2310,1,1,1,0,still teacher
041503750941154,3,2024,14,4,17011,44,44,1,2,43,2,1,2,4,1,40,2537.1626,2310,1,1,2025,14,8,44,45,1,2,43,2,2,4,1,40,1855.399,2320,1,1,1,0,still teacher
848409711176610,3,2024,13,2,17011,48,44,1,2,43,1,1,1,4,2,40,3951.808,2310,1,1,2025,13,6,48,45,1,2,43,1,1,4,1,40,5109.5039,2310,1,1,1,0,still teacher
371014815030015,3,2024,14,4,17011,51,39,1,2,43,1,2,2,1,1,40,4330.4336,2320,1,1,2025,14,8,51,40,1,2,43,1,2,1,1,40,4669.8027,2310,1,1,1,0,still teacher
012705012495600,3,2024,16,2,17111,10,39,1,2,44,1,2,2,1,2,50,846.5042,2310,1,1,2025,13,6,10,40,1,2,44,1,2,1,1,-4,757.324,2320,1,1,1,0,still teacher
011062002410353,3,2024,13,1,17111,10,28,6,1,44,1,2,2,1,1,40,1162.4767,2320,1,1,2025,12,5,10,30,6,1,44,1,2,1,1,40,969.5026,440,1,0,0,1,other occupation
710051634051013,3,2024,14,1,17111,11,40,6,2,44,1,1,2,1,1,50,349.0046,2300,1,1,2025,15,5,11,41,6,2,44,1,2,1,1,50,249.007,2310,1,1,1,0,still teacher
051062065316704,3,2024,15,4,17111,16,55,1,1,44,1,1,2,1,1,40,1002.3037,2310,1,1,2025,15,8,16,56,1,1,44,1,2,1,1,-4,1051.8578,2320,1,1,1,0,still teacher
440213238061130,3,2024,13,1,17111,33,33,1,2,44,1,2,2,1,1,40,1422.1083,2310,1,1,2025,14,5,33,34,1,2,44,1,2,1,1,40,1289.837,2310,1,1,1,0,still teacher
043802011478020,3,2024,15,4,17111,40,52,1,2,43,1,1,2,1,1,40,1962.0221,2310,1,1,2025,13,8,40,54,1,2,43,1,2,1,1,40,1795.802,2310,1,1,1,0,still teacher
741200010310160,3,2024,14,1,17111,47,35,1,1,43,1,1,2,1,1,40,3640.213,2310,1,1,2025,15,5,47,36,1,1,43,1,2,1,2,45,3514.833,2310,1,1,1,0,still teacher
850670565000011,3,2024,15,2,17111,50,34,1,2,46,1,2,2,1,1,40,579.1659,2300,1,1,2025,15,6,50,35,1,2,43,1,2,1,1,40,652.1958,2300,1,1,1,0,still teacher
045067012210770,3,2024,14,3,17111,50,48,4,2,43,1,1,2,1,2,40,403.7377,2320,1,1,2025,14,7,50,49,4,2,44,1,2,1,1,38,450.832,2320,1,1,1,0,still teacher
250746031508064,3,2024,15,1,17111,56,59,1,1,44,1,1,2,1,1,34,530.1591,2320,1,1,2025,16,5,56,60,1,1,44,1,2,1,1,40,487.9244,2310,1,1,1,0,still teacher
630040104939165,3,2024,12,4,17011,13,53,1,2,43,1,1,2,1,1,40,3769.4148,2310,1,1,2025,12,8,13,54,1,2,43,1,2,1,2,40,3593.3741,2310,1,1,1,0,still teacher
620102130091690,3,2024,14,4,17011,29,55,1,2,41,1,1,2,1,1,40,3861.9316,2300,1,1,2025,16,8,29,57,1,2,41,1,2,1,1,40,4064.6185,2310,1,1,1,0,still teacher
170887900171960,3,2024,15,1,17011,1,57,1,1,43,1,2,2,1,1,40,3086.9181,2310,1,1,2025,15,5,1,58,1,1,43,1,2,1,1,55,2296.3672,2310,1,1,1,0,still teacher
920061109000092,3,2024,16,3,17011,2,47,1,2,44,1,1,2,1,1,50,611.6736,2320,1,1,2025,16,7,2,48,2,2,44,1,2,1,1,50,637.7,2310,1,1,1,0,still teacher
220794061023102,3,2024,16,3,17011,4,51,1,2,44,1,1,2,1,1,40,4428.5134,2310,1,1,2025,16,7,4,52,1,2,44,1,2,1,1,45,5421.3777,2310,1,1,1,0,still teacher
408800017267310,3,2024,14,1,17011,4,40,6,2,44,1,1,2,1,1,50,4369.0365,2310,1,1,2025,14,5,4,41,6,2,44,1,2,1,1,45,3274.9253,2310,1,1,1,0,still teacher
003140001760121,3,2024,13,4,17011,4,52,4,2,44,1,1,2,1,2,40,3744.5514,2310,1,1,2025,13,8,4,54,4,2,44,1,2,1,2,40,3198.2422,5940,1,0,0,1,other occupation
120613400417180,3,2024,15,1,17011,4,34,6,1,43,2,1,2,1,1,40,8258.8666,2310,1,1,2025,14,5,4,35,6,1,43,2,2,1,7,-1,7174.3736,-1,0,0,0,1,out of labor force
180466042001154,3,2024,9,2,17011,6,47,6,2,43,4,1,2,4,1,40,4082.9256,2300,1,1,2025,16,6,6,48,6,2,43,4,2,4,1,40,5210.2102,2300,1,1,1,0,still teacher
180466042001154,3,2024,9,2,17011,6,46,6,2,42,15,2,2,5,1,40,9033.2899,2300,1,1,2025,16,6,6,47,6,2,42,15,2,5,1,40,4181.2208,2300,1,1,1,0,still teacher
080061029826523,3,2024,9,2,17011,6,37,6,2,42,4,1,2,5,1,45,3014.3377,2300,1,1,2025,12,6,6,38,6,2,42,4,2,5,1,40,3150.2081,4600,1,0,0,1,other occupation
130886092005262,3,2024,9,2,17011,6,49,6,2,42,4,1,2,5,1,30,4082.9256,2300,1,1,2025,12,6,6,50,6,2,42,4,2,5,1,30,5208.1446,4600,1,0,0,1,other occupation
171070500661840,3,2024,16,2,17011,6,57,1,2,44,1,2,2,1,1,40,4046.2474,2300,1,1,2025,16,6,6,58,1,2,44,1,2,1,5,-1,4269.7951,-1,0,0,0,1,out of labor force
490986051016022,3,2024,16,2,17011,6,56,1,1,43,1,1,1,1,1,35,4078.1357,2310,1,1,2025,15,6,6,57,1,1,43,1,1,1,1,40,5593.749,2310,1,1,1,0,still teacher
490986051016022,3,2024,16,2,17011,6,30,6,1,43,1,3,1,1,1,35,3726.6272,2310,1,1,2025,15,6,6,30,6,1,43,1,1,1,1,40,4579.4993,2310,1,1,1,0,still teacher
180307200668260,3,2024,16,4,17011,6,20,6,2,41,1,1,1,1,1,40,6161.2456,2320,1,1,2025,13,8,6,21,6,2,41,1,1,1,1,35,5490.7627,2545,1,0,0,1,other occupation
608407014030630,3,2024,15,4,17011,6,49,1,1,44,1,1,2,1,1,40,4196.6225,2320,1,1,2025,13,8,6,50,1,1,44,1,2,1,1,40,4950.9562,2320,1,1,1,0,still teacher
101700508362909,3,2024,15,2,17011,9,60,4,2,44,1,1,2,1,1,50,3158.6439,2320,1,1,2025,15,6,9,61,4,2,44,1,2,1,1,45,3180.1671,2320,1,1,1,0,still teacher
006130118103152,3,2024,16,1,17011,13,35,1,2,44,1,2,2,1,1,40,5029.8047,2310,1,1,2025,16,5,13,37,1,2,44,1,2,1,1,40,4486.3018,2310,1,1,1,0,still teacher
001130101871091,3,2024,15,3,17011,13,60,1,2,44,4,1,2,4,1,25,7249.8983,2310,1,1,2025,14,7,13,62,1,2,44,4,2,4,5,-1,7054.9425,-1,0,0,0,1,out of labor force
131600733309711,3,2024,8,2,17011,17,29,6,1,42,1,1,2,1,1,30,5696.0965,2310,1,1,2025,7,6,17,30,6,1,42,1,2,1,1,18,5407.1921,2320,1,1,1,0,still teacher
130638091107269,3,2024,16,2,17011,18,44,1,2,43,1,2,2,1,1,-4,6799.0139,2310,1,1,2025,16,6,18,45,1,2,43,1,2,1,1,40,4649.893,2310,1,1,1,0,still teacher
081010109643119,3,2024,15,1,17011,18,64,1,2,43,1,2,2,1,1,40,3879.9974,2310,1,1,2025,15,5,18,65,1,2,43,1,2,1,1,40,3095.7953,2320,1,1,1,0,still teacher
025505016509310,3,2024,12,1,17011,20,36,6,1,44,1,1,2,1,1,40,2296.5799,2310,1,1,2025,13,5,20,37,6,1,44,1,2,1,1,40,1749.0885,2310,1,1,1,0,still teacher
540212729081710,3,2024,10,1,17011,21,24,6,2,43,1,1,2,1,1,-4,4396.9343,2310,1,1,2025,9,5,21,25,6,2,43,1,2,1,1,40,3982.5248,2310,1,1,1,0,still teacher
160012051205356,3,2024,14,1,17011,22,23,1,2,43,1,2,2,1,1,40,2221.7508,2300,1,1,2025,14,5,22,24,1,2,43,1,2,1,1,40,1854.1394,2300,1,1,1,0,still teacher
209936892060017,3,2024,15,3,17011,29,45,4,2,43,1,2,2,1,1,40,4367.4287,2310,1,1,2025,16,7,29,47,4,2,43,1,2,1,7,-1,3985.4888,-1,0,0,0,1,out of labor force
622531583090319,3,2024,14,2,17011,32,22,1,2,39,2,2,2,1,1,40,3392.7991,2300,1,1,2025,12,6,32,23,1,2,40,2,2,1,1,40,2185.6056,2545,1,0,0,1,other occupation
075905660633142,3,2024,14,1,17011,32,35,6,1,44,1,1,2,1,1,45,2932.577,2320,1,1,2025,14,5,32,36,6,1,44,1,2,1,1,50,2488.6674,2310,1,1,1,0,still teacher
550663930061330,3,2024,15,2,17011,33,26,6,1,43,1,2,2,1,1,40,1782.5556,2320,1,1,2025,15,6,33,27,1,1,43,1,2,1,1,40,1642.5094,2320,1,1,1,0,still teacher
440233037051240,3,2024,16,2,17011,34,60,6,2,43,1,1,2,1,1,35,4985.2529,2310,1,1,2025,11,6,34,62,6,2,43,1,2,1,1,40,4625.0192,2320,1,1,1,0,still teacher
072853130431166,3,2024,8,1,17011,36,23,6,2,43,1,2,1,1,1,40,6574.6151,2300,1,1,2025,10,5,36,24,6,2,43,1,1,1,1,36,6081.8148,2545,1,0,0,1,other occupation
171001600657683,3,2024,15,3,17012,36,66,6,2,43,2,1,2,4,1,40,3069.7071,2310,1,1,2025,15,7,36,67,6,2,43,2,2,4,1,40,4365.0211,2310,1,1,1,0,still teacher
160991500975923,3,2024,16,2,17011,39,54,1,1,44,2,1,2,1,1,40,7438.6579,2310,1,1,2025,16,6,39,55,1,1,46,2,2,1,1,40,6889.7937,230,1,0,0,1,other occupation
160991500975923,3,2024,16,2,17011,39,47,1,2,44,2,2,2,1,1,40,8155.969,2310,1,1,2025,16,6,39,48,1,2,44,2,2,1,1,40,7922.4115,2310,1,1,1,0,still teacher
879916513030018,3,2024,13,1,17011,39,59,4,2,43,1,1,2,1,1,55,4957.9717,2330,1,1,2025,14,5,39,60,4,2,43,1,2,1,1,50,3844.1148,2360,1,0,0,1,other occupation
731900604071249,3,2024,15,4,17011,42,32,1,2,44,1,1,2,1,1,40,4543.9561,2330,1,1,2025,15,8,42,33,1,2,44,1,2,1,1,40,4490.9802,2330,1,1,1,0,still teacher
000140434389637,3,2024,15,1,17011,44,60,4,2,44,1,1,2,1,2,40,1257.9101,2310,1,1,2025,15,5,44,61,4,2,44,1,2,1,1,40,1023.6385,2310,1,1,1,0,still teacher
194537104040115,3,2024,14,3,17011,44,45,1,1,43,1,2,2,1,1,40,1154.185,2310,1,1,2025,15,7,44,46,1,1,43,1,2,1,1,40,979.762,2320,1,1,1,0,still teacher
451300003626549,3,2024,12,4,17011,45,25,6,1,43,1,1,2,1,1,40,2466.9393,2310,1,1,2025,12,8,45,26,6,1,43,1,2,1,1,40,2362.3739,2310,1,1,1,0,still teacher
064002011915344,3,2024,15,2,17011,45,33,1,1,44,1,1,2,1,1,40,3255.1792,2310,1,1,2025,13,6,45,34,1,1,44,1,2,1,1,40,2692.3053,2310,1,1,1,0,still teacher
062644420640117,3,2024,16,3,17011,47,39,1,2,43,1,2,2,1,2,40,3992.4889,2310,1,1,2025,16,7,47,40,1,2,43,1,2,1,1,40,2748.4342,2310,1,1,1,0,still teacher
401900007526842,3,2024,12,4,17011,48,71,1,1,43,1,1,1,1,1,40,4378.7561,2310,1,1,2025,11,8,48,72,1,1,43,1,1,1,1,15,3636.0955,9122,1,0,0,1,other occupation
005061090915110,3,2024,15,4,17011,55,55,1,2,44,1,2,2,1,1,40,4575.7924,2310,1,1,2025,15,8,55,56,1,2,44,1,2,1,1,45,4194.3533,2320,1,1,1,0,still teacher
610936051505471,3,2024,15,1,17011,56,67,1,1,44,1,1,2,1,1,40,453.0496,2320,1,1,2025,15,5,56,67,1,1,44,1,2,1,1,40,405.8833,2320,1,1,1,0,still teacher
112070105599087,3,2024,13,1,17111,1,55,6,2,44,1,1,2,1,1,90,2382.9378,2310,1,1,2025,13,5,1,56,6,2,44,1,2,1,1,40,1999.1057,2310,1,1,1,0,still teacher
772715020010019,3,2024,16,1,17111,2,45,1,1,43,3,2,2,1,1,40,664.1579,2320,1,1,2025,16,5,2,46,1,1,43,3,2,1,1,40,595.1495,230,1,0,0,1,other occupation
180142300423750,3,2024,7,1,17111,4,19,6,2,40,1,3,2,1,1,1,5423.486,2310,1,1,2025,16,5,4,20,6,2,40,1,2,1,1,10,4976.9652,1970,1,0,0,1,other occupation
071052014516774,3,2024,13,1,17111,16,24,1,2,41,1,1,2,1,1,40,1202.3839,2300,1,1,2025,14,5,16,25,1,2,41,1,2,1,1,35,1165.9585,4600,1,0,0,1,other occupation
951100905920225,3,2024,16,1,17111,22,34,1,2,43,1,1,2,1,1,40,2565.2465,2300,1,1,2025,16,5,22,35,1,2,43,1,2,1,1,40,2046.4096,2300,1,1,1,0,still teacher
098018620220102,3,2024,13,2,17111,22,62,6,2,44,2,1,2,1,1,40,2307.1545,2310,1,1,2025,15,6,22,63,6,2,43,2,2,1,1,40,2279.7339,2310,1,1,1,0,still teacher
083052031213015,3,2024,15,4,17111,33,30,1,2,44,1,1,2,1,1,40,1319.6654,2310,1,1,2025,15,8,33,31,1,2,44,1,2,1,1,40,1539.9519,2310,1,1,1,0,still teacher
083052031213015,3,2024,15,4,17111,33,28,1,2,44,1,2,2,1,1,40,1389.6434,2310,1,1,2025,15,8,33,29,1,2,44,1,2,1,1,40,1421.8306,2310,1,1,1,0,still teacher
441300207236650,3,2024,13,4,17111,56,26,1,2,43,1,2,2,1,2,40,459.7319,2310,1,1,2025,14,8,56,28,1,2,43,1,2,1,1,40,516.6971,2310,1,1,1,0,still teacher
421900402238650,3,2024,15,2,17111,56,48,1,2,44,1,1,2,1,1,40,391.4568,2310,1,1,2025,15,6,56,49,1,2,44,1,2,1,1,40,514.5995,2310,1,1,1,0,still teacher
469678640040012,3,2024,14,3,17011,9,42,1,1,43,4,1,2,5,1,35,4577.2764,2310,1,1,2025,14,7,9,43,1,1,44,4,2,5,1,35,3653.4966,2310,1,1,1,0,still teacher
469678640040012,3,2024,14,3,17011,9,39,1,2,43,4,2,2,5,1,35,4347.3831,2310,1,1,2025,14,7,9,40,1,2,43,4,2,5,1,35,3186.4751,2310,1,1,1,0,still teacher
006120185969682,3,2024,16,2,17011,12,52,1,2,40,1,1,1,4,1,25,4077.929,2310,1,1,2025,16,6,12,53,1,2,43,1,2,4,1,40,5387.8323,2360,1,0,0,1,other occupation
970961800051520,3,2024,16,4,17011,12,47,1,2,43,1,2,2,1,1,-4,5021.8234,2310,1,1,2025,16,8,12,48,1,2,43,1,2,1,1,40,4394.8259,2310,1,1,1,0,still teacher
633494581010010,3,2024,16,4,17011,13,45,1,2,44,2,1,2,1,1,40,7105.7352,2310,1,1,2025,16,8,13,46,1,2,44,2,2,1,1,50,6763.4125,2310,1,1,1,0,still teacher
044918240220102,3,2024,12,2,17011,22,36,2,2,43,2,1,2,1,1,40,2197.7886,2310,1,1,2025,12,6,22,37,2,2,43,2,2,1,1,40,2867.5627,2310,1,1,1,0,still teacher
504033832060018,3,2024,15,3,17011,24,51,1,2,44,2,1,2,1,1,40,6713.6669,2310,1,1,2025,16,7,24,53,1,2,44,2,2,1,1,45,5351.4667,2310,1,1,1,0,still teacher
000140228252938,3,2024,14,3,17011,24,29,1,2,40,1,1,2,1,1,40,6045.2827,2300,1,1,2025,14,7,24,30,1,2,40,1,2,1,1,40,5702.9085,2545,1,0,0,1,other occupation
000180226317628,3,2024,13,3,17011,28,33,6,2,42,2,1,2,1,1,40,2028.2236,2300,1,1,2025,12,7,28,34,6,2,42,2,2,1,1,40,2199.4218,2300,1,1,1,0,still teacher
953266223060016,3,2024,16,2,17011,33,48,1,2,43,1,2,2,1,1,40,1206.7773,2310,1,1,2025,16,6,33,49,1,2,43,1,2,1,1,40,1179.8873,2310,1,1,1,0,still teacher
440173499011260,3,2024,15,1,17011,36,38,1,2,40,1,2,2,1,1,40,4719.1554,2310,1,1,2025,16,5,36,38,1,2,44,1,2,1,1,40,4758.968,2330,1,1,1,0,still teacher
869163943010014,3,2024,12,1,17011,39,53,6,1,44,1,1,2,1,1,50,4794.3031,2310,1,1,2025,15,5,39,54,6,1,44,1,2,1,1,40,5603.7917,2320,1,1,1,0,still teacher
120149061306387,3,2024,15,4,17011,39,45,1,1,44,1,1,2,1,1,50,3780.1047,2310,1,1,2025,15,8,39,46,1,1,44,1,2,1,1,45,4806.0915,230,1,0,0,1,other occupation
120149061306387,3,2024,15,4,17011,39,46,1,2,44,1,2,2,1,1,45,4059.1675,2320,1,1,2025,15,8,39,46,1,2,44,1,2,1,1,50,5322.4815,2310,1,1,1,0,still teacher
626050107900466,3,2024,16,1,17011,42,54,1,2,43,1,2,2,1,1,40,5197.0486,2310,1,1,2025,16,5,42,55,1,2,43,1,2,1,1,40,3990.747,2310,1,1,1,0,still teacher
022075310440145,3,2024,11,4,17011,45,70,1,2,39,1,1,2,1,1,20,3370.6394,2300,1,1,2025,10,8,45,71,1,2,39,1,2,1,1,20,3700.2195,2300,1,1,1,0,still teacher
600040725070018,3,2024,16,3,17011,50,50,1,2,43,1,2,2,1,1,45,386.7385,2310,1,1,2025,15,7,50,50,1,2,44,1,2,1,1,45,492.8168,2310,1,1,1,0,still teacher
140737600146075,3,2024,16,4,17011,51,53,1,2,44,1,2,1,4,1,40,5387.8477,2310,1,1,2025,16,8,51,54,1,2,44,1,1,4,1,40,3538.6568,2310,1,1,1,0,still teacher
131700900765452,3,2024,16,3,17011,54,48,1,2,43,1,3,2,1,1,40,795.5902,2300,1,1,2025,16,7,54,49,1,2,43,1,2,1,1,40,663.2571,2300,1,1,1,0,still teacher
003140592956311,3,2024,13,4,17111,54,61,1,2,42,1,2,2,1,1,40,715.8382,2330,1,1,2025,13,8,54,62,1,2,43,1,2,1,1,40,713.0464,2330,1,1,1,0,still teacher
007140577425667,3,2024,16,2,17111,54,44,1,2,43,1,1,2,1,1,40,1096.2918,2300,1,1,2025,15,6,54,45,1,2,43,1,2,1,1,40,706.6554,2310,1,1,1,0,still teacher
416114580060024,3,2024,9,2,17011,6,40,6,2,42,4,1,2,5,1,45,3372.9499,2300,1,1,2025,12,6,6,41,6,2,42,4,2,5,1,40,3568.1249,4600,1,0,0,1,other occupation
140218000634710,3,2024,12,2,17011,6,69,4,2,44,1,1,1,1,1,40,3704.9204,2330,1,1,2025,13,6,6,70,4,2,44,1,1,1,1,40,4048.0948,2330,1,1,1,0,still teacher
056617640060110,3,2024,14,3,17011,6,64,6,2,44,1,1,2,1,1,60,3544.7793,2310,1,1,2025,15,7,6,65,6,2,44,1,2,1,1,40,3868.1049,2310,1,1,1,0,still teacher
826429170060114,3,2024,16,1,17011,6,62,5,1,43,1,1,1,4,1,20,4110.6971,2310,1,1,2025,15,5,6,63,5,1,43,1,1,4,1,22,4330.5821,2360,1,0,0,1,other occupation
290986051016002,3,2024,16,1,17011,6,33,1,2,44,2,2,2,1,1,40,7572.0165,2310,1,1,2025,16,5,6,34,1,2,44,2,2,1,1,40,6752.8751,2310,1,1,1,0,still teacher
731600000931808,3,2024,16,2,17011,8,53,1,2,44,1,1,1,1,1,55,3055.4347,2320,1,1,2025,16,6,8,54,1,2,44,1,1,1,5,-1,4479.0867,-1,0,0,0,1,out of labor force
215665961040013,3,2024,15,3,17011,15,51,1,1,43,4,1,2,1,1,40,1031.8353,2310,1,1,2025,15,7,15,52,1,1,43,4,2,1,1,50,894.3071,2330,1,1,1,0,still teacher
215665961040013,3,2024,15,3,17011,15,51,1,2,43,4,2,1,1,1,40,791.5895,2310,1,1,2025,15,7,15,52,1,2,43,4,1,1,1,50,903.7904,2300,1,1,1,0,still teacher
071081017018923,3,2024,14,1,17011,18,49,4,2,39,3,5,2,4,1,40,6734.594,2300,1,1,2025,14,5,18,50,4,2,39,3,2,4,1,40,6707.2724,2545,1,0,0,1,other occupation
391080105690175,3,2024,14,1,17011,19,51,1,2,43,1,2,2,1,1,40,2739.4182,2310,1,1,2025,14,5,19,52,1,2,43,1,2,1,1,50,2577.2046,2330,1,1,1,0,still teacher
190567600751062,3,2024,14,1,17011,27,53,6,2,44,1,1,2,1,1,40,5121.3975,2300,1,1,2025,14,5,27,54,6,2,44,1,2,1,1,40,4097.4604,2555,1,0,0,1,other occupation
027002900820127,3,2024,15,2,17011,27,44,1,2,44,1,2,2,1,1,45,3854.3194,2310,1,1,2025,15,6,27,45,1,2,44,1,2,1,1,40,4140.0997,2320,1,1,1,0,still teacher
330142021333085,3,2024,15,4,17011,32,19,6,2,40,1,3,1,1,2,40,2276.4598,2320,1,1,2025,16,8,32,20,6,2,40,1,1,1,1,40,2953.4688,2545,1,0,0,1,other occupation
006180343317957,3,2024,16,2,17011,38,53,1,2,43,1,1,1,4,1,40,497.5633,2310,1,1,2025,14,6,38,54,1,2,43,1,1,4,1,40,556.6858,2310,1,1,1,0,still teacher
074063011216754,3,2024,15,2,17011,46,54,1,1,44,1,1,2,1,1,45,716.8784,2310,1,1,2025,16,6,46,55,1,1,44,1,2,1,1,40,741.3298,2310,1,1,1,0,still teacher
461200005479352,3,2024,1,2,17011,53,52,1,2,44,1,1,2,1,1,38,3879.4151,2320,1,1,2025,1,6,53,53,1,2,44,1,2,1,1,38,3499.0066,2320,1,1,1,0,still teacher
460565876051830,3,2024,15,1,17011,53,34,6,2,40,1,3,2,1,1,40,4841.4968,2300,1,1,2025,15,5,53,35,6,2,40,1,2,1,1,40,3625.8335,4600,1,0,0,1,other occupation
087190240250143,3,2024,10,2,17011,53,34,6,2,44,1,1,2,1,1,40,3734.6516,2310,1,1,2025,13,6,53,35,6,2,44,1,2,1,1,35,4653.7506,2310,1,1,1,0,still teacher
651500504252907,3,2024,16,4,17011,9,56,1,2,43,1,1,2,1,1,10,3208.4271,2300,1,1,2025,16,8,9,56,1,2,43,1,2,1,1,8,4659.4553,2300,1,1,1,0,still teacher
070076084919473,3,2024,15,2,17011,9,22,6,1,43,1,1,1,1,1,38,3256.1368,2310,1,1,2025,15,6,9,23,6,1,43,1,1,1,1,40,3411.2088,2310,1,1,1,0,still teacher
060096063719296,3,2024,15,1,17011,9,19,6,2,40,1,2,2,1,1,-4,3544.0351,2300,1,1,2025,13,5,9,20,6,2,40,1,2,1,1,8,3116.6827,5740,1,0,0,1,other occupation
170087800948020,3,2024,13,3,17011,9,72,3,2,44,1,1,2,1,1,-4,2799.2322,2310,1,1,2025,14,7,9,73,3,2,44,1,2,1,1,20,2756.659,2310,1,1,1,0,still teacher
561700005609216,3,2024,12,4,17011,12,52,1,2,43,1,1,2,1,1,38,4817.4854,2330,1,1,2025,13,8,12,53,1,2,43,1,2,1,1,37,3600.9975,2320,1,1,1,0,still teacher
990771318051520,3,2024,9,1,17011,12,43,6,2,40,2,1,2,1,1,40,5287.9713,2300,1,1,2025,8,5,12,44,6,2,40,2,2,1,1,40,4427.4035,2300,1,1,1,0,still teacher
011003031512822,3,2024,11,2,17011,12,67,4,2,41,1,1,2,1,1,35,4281.664,2310,1,1,2025,10,6,12,69,4,2,41,1,2,1,5,-1,3803.9153,-1,0,0,0,1,out of labor force
190840700269131,3,2024,13,4,17011,12,41,1,1,43,1,1,1,1,1,40,5041.9523,2310,1,1,2025,15,8,12,42,1,1,43,1,1,1,1,40,4392.8472,2310,1,1,1,0,still teacher
046459810710113,3,2024,14,1,17011,13,43,1,1,43,1,1,2,1,1,50,4139.3947,2320,1,1,2025,14,5,13,44,1,1,43,1,2,1,1,50,3674.3676,2310,1,1,1,0,still teacher
046459810710113,3,2024,14,1,17011,13,40,1,2,45,1,2,2,1,1,45,4376.5221,2330,1,1,2025,14,5,13,41,1,2,45,1,2,1,1,50,3345.3113,2330,1,1,1,0,still teacher
070171099071430,3,2024,16,2,17011,13,63,3,2,43,1,1,2,1,1,40,4321.4351,2310,1,1,2025,16,6,13,64,3,2,43,1,2,1,1,40,3086.0356,2310,1,1,1,0,still teacher
580333021201379,3,2024,16,1,17011,23,55,1,1,41,1,1,2,1,1,35,2107.0767,2320,1,1,2025,16,5,23,56,1,1,41,1,2,1,1,33,1678.5892,2320,1,1,1,0,still teacher
580333021201379,3,2024,16,1,17011,23,55,1,2,43,1,2,2,1,1,35,2062.2996,2320,1,1,2025,16,5,23,56,1,2,43,1,2,1,1,33,1741.6321,2320,1,1,1,0,still teacher
330364081200085,3,2024,16,3,17011,24,56,1,2,43,4,4,2,5,1,40,5925.9485,2310,1,1,2025,16,7,24,57,1,2,43,4,2,5,1,40,6017.7263,2310,1,1,1,0,still teacher
009180223049805,3,2024,15,2,17011,28,56,1,2,44,1,2,2,1,1,50,1482.8936,2310,1,1,2025,15,6,28,57,1,2,44,1,2,1,2,40,1349.0539,2310,1,1,1,0,still teacher
961000002117733,3,2024,15,1,17011,37,46,1,1,43,1,2,2,1,1,40,4442.9773,2310,1,1,2025,16,5,37,47,1,1,43,1,2,1,1,-4,4073.474,2310,1,1,1,0,still teacher
099542830930129,3,2024,13,4,17011,39,60,1,2,44,1,2,2,1,1,40,3708.7278,2310,1,1,2025,12,8,39,62,1,2,44,1,2,1,1,40,4784.0895,2320,1,1,1,0,still teacher
091050100178326,3,2024,16,4,17011,39,46,1,2,44,1,1,2,1,1,25,3842.5552,2330,1,1,2025,15,8,39,47,1,2,44,1,2,1,1,25,4814.2511,2330,1,1,1,0,still teacher
074096057712152,3,2024,16,4,17011,42,46,1,2,44,1,2,2,1,1,40,3586.424,2310,1,1,2025,16,8,42,48,1,2,44,1,2,1,1,40,4104.5176,2310,1,1,1,0,still teacher
351112875040014,3,2024,13,2,17011,51,59,1,2,43,1,2,2,1,1,50,3854.4739,2310,1,1,2025,14,6,51,60,1,2,44,1,2,1,1,50,3635.0711,2310,1,1,1,0,still teacher
027627890600121,3,2024,15,1,17111,1,38,1,2,44,1,1,2,1,1,40,2595.9267,2310,1,1,2025,15,5,1,39,1,2,44,1,2,1,1,40,2591.9087,2310,1,1,1,0,still teacher
890013351070012,3,2024,15,1,17111,10,35,1,1,44,1,2,2,1,1,40,1007.2237,2320,1,1,2025,16,5,10,36,1,1,44,1,2,1,1,40,821.0855,2320,1,1,1,0,still teacher
480524041503175,3,2024,12,1,17111,54,49,1,2,42,1,3,2,1,1,40,767.8552,2320,1,1,2025,13,5,54,49,1,2,42,1,2,1,1,40,624.8552,2310,1,1,1,0,still teacher
184564955040014,3,2024,15,1,17111,54,35,1,2,44,1,1,2,1,1,40,839.6422,2310,1,1,2025,15,5,54,36,1,2,44,1,2,1,1,40,708.9919,2310,1,1,1,0,still teacher
150788200435400,3,2024,14,1,17011,4,46,1,2,41,1,2,1,4,1,40,3346.7341,2300,1,1,2025,14,5,4,47,1,2,42,1,1,4,1,40,4821.2845,2300,1,1,1,0,still teacher
080033035818878,3,2024,14,2,17011,8,43,6,1,44,1,1,2,1,1,50,4643.2531,2310,1,1,2025,14,6,8,45,6,1,44,1,2,1,1,55,4061.2942,2310,1,1,1,0,still teacher
512705117295600,3,2024,16,2,17011,15,44,1,2,43,1,1,2,4,1,-4,761.5159,2310,1,1,2025,15,6,15,45,1,2,43,1,2,4,1,20,662.0812,2360,1,0,0,1,other occupation
001208069717576,3,2024,16,4,17011,17,48,1,1,44,1,2,2,1,1,40,4121.7324,2320,1,1,2025,16,8,17,49,1,1,44,1,2,1,1,40,4741.9785,2320,1,1,1,0,still teacher
051040012918036,3,2024,9,4,17011,18,39,4,2,44,1,1,2,1,1,45,4715.8879,2310,1,1,2025,13,8,18,40,4,2,44,1,2,1,1,50,4989.3233,2310,1,1,1,0,still teacher
826925052070016,3,2024,16,1,17011,26,31,1,2,44,1,1,2,1,1,50,5524.8795,2310,1,1,2025,16,5,26,32,1,2,44,1,2,1,1,40,6373.326,2310,1,1,1,0,still teacher
038242640020126,3,2024,14,2,17011,26,57,1,2,43,1,1,2,1,1,40,4144.7661,2300,1,1,2025,14,6,26,58,1,2,43,1,2,1,1,40,4438.2941,2300,1,1,1,0,still teacher
002052069917398,3,2024,15,3,17011,27,36,1,2,43,1,1,2,1,1,40,3873.9711,2310,1,1,2025,15,7,27,37,1,2,43,1,2,1,1,45,4282.361,2300,1,1,1,0,still teacher
100352300952212,3,2024,16,3,17011,29,62,1,1,44,1,2,2,1,1,40,5984.2521,2330,1,1,2025,16,7,29,63,1,1,44,1,2,1,1,40,3894.1711,2205,1,0,0,1,other occupation
130494200164313,3,2024,16,2,17011,31,24,6,1,40,1,2,1,1,1,37,1552.7625,2310,1,1,2025,15,6,31,24,6,1,40,1,1,1,1,35,2293.9083,2310,1,1,1,0,still teacher
130494200164313,3,2024,16,2,17011,31,24,6,2,43,1,3,1,1,1,40,2144.0782,2310,1,1,2025,15,6,31,24,6,2,43,1,1,1,1,35,2485.631,2310,1,1,1,0,still teacher
555714843000217,3,2024,13,1,17011,35,51,1,2,42,1,2,1,4,1,40,1390.0169,2300,1,1,2025,13,5,35,51,1,2,42,1,1,4,1,40,1578.2451,2310,1,1,1,0,still teacher
160532300803523,3,2024,15,3,17011,38,40,1,2,44,1,1,2,1,1,40,655.5365,2310,1,1,2025,15,7,38,40,1,2,43,1,2,1,1,40,623.7052,2310,1,1,1,0,still teacher
006100496366746,3,2024,15,1,17011,40,53,1,2,43,1,2,2,1,1,40,2279.277,2310,1,1,2025,16,5,40,55,1,2,43,1,2,1,1,60,2229.4497,2310,1,1,1,0,still teacher
143805013214980,3,2024,15,1,17011,41,54,1,2,46,1,2,2,1,1,40,2954.3631,2310,1,1,2025,16,5,41,56,1,2,46,1,2,1,1,32,2184.229,2722,1,0,0,1,other occupation
044574390840198,3,2024,14,2,17011,48,33,1,2,43,1,2,1,1,2,40,5678.078,2310,1,1,2025,14,6,48,34,1,2,43,1,1,1,1,40,5285.8789,2310,1,1,1,0,still teacher
065966860240158,3,2024,14,2,17011,48,53,1,1,44,1,2,2,4,1,20,5071.8488,2310,1,1,2025,14,6,48,54,1,1,44,1,2,4,1,40,4658.5532,110,1,0,0,1,other occupation
848103011442240,3,2024,16,1,17011,48,56,1,2,43,1,1,2,1,1,50,5756.672,2310,1,1,2025,16,5,48,57,1,2,43,1,2,1,1,50,4324.2297,2320,1,1,1,0,still teacher
481020102841434,3,2024,14,1,17011,48,30,6,2,39,1,3,2,1,1,20,6269.3266,2300,1,1,2025,14,5,48,31,6,2,39,1,2,1,1,25,5367.9328,2545,1,0,0,1,other occupation
340384970041980,3,2024,14,2,17011,48,25,1,2,43,1,1,2,1,2,40,4572.4754,2320,1,1,2025,16,6,48,26,1,2,43,1,2,1,1,40,4708.3004,2310,1,1,1,0,still teacher
094011052619057,3,2024,16,4,17011,49,56,1,1,44,1,1,2,1,1,-4,1755.943,2310,1,1,2025,15,8,49,57,1,1,44,1,2,1,1,40,1927.5273,2320,1,1,1,0,still teacher
292061102847405,3,2024,16,1,17011,49,52,1,2,43,1,1,2,1,1,50,1885.635,2310,1,1,2025,16,5,49,53,1,2,43,1,2,1,1,40,2073.2041,2310,1,1,1,0,still teacher
761700909037550,3,2024,14,1,17011,55,38,6,1,44,1,1,2,1,1,40,6305.3699,2310,1,1,2025,14,5,55,39,6,1,44,1,2,1,1,40,6006.5675,2310,1,1,1,0,still teacher
390255210071460,3,2024,16,3,17011,56,61,4,2,43,1,1,2,1,1,52,407.2192,2330,1,1,2025,16,7,56,61,4,2,43,1,2,1,1,45,375.0561,2330,1,1,1,0,still teacher
035718620450146,3,2024,15,3,17011,56,35,1,2,43,1,1,2,1,1,40,621.2878,2310,1,1,2025,13,7,56,36,1,2,43,1,2,1,1,40,454.1014,2310,1,1,1,0,still teacher
180045041005808,3,2024,15,2,17111,5,50,1,2,43,1,2,2,1,1,40,1519.3546,2310,1,1,2025,14,6,5,51,1,2,43,1,2,1,5,-1,1583.7677,-1,0,0,0,1,out of labor force
120878061309561,3,2024,12,4,17111,38,45,4,2,44,1,1,2,1,1,40,598.9941,2310,1,1,2025,14,8,38,46,4,2,44,1,2,1,1,40,612.878,2310,1,1,1,0,still teacher
070058047319952,3,2024,10,1,17011,9,38,6,2,43,2,1,2,1,1,40,4880.6967,2300,1,1,2025,16,5,9,38,6,2,43,2,2,1,1,40,5246.0712,5860,1,0,0,1,other occupation
041390057011754,3,2024,13,3,17011,11,33,6,1,43,1,1,2,1,1,38,386.375,2310,1,1,2025,12,7,11,34,6,1,43,1,2,1,1,40,442.9196,2310,1,1,1,0,still teacher
319302011769370,3,2024,14,4,17011,13,32,1,2,43,1,2,2,1,1,38,4647.7713,2310,1,1,2025,14,8,13,32,1,2,43,1,2,1,1,40,4565.3433,2310,1,1,1,0,still teacher
031040108528116,3,2024,16,2,17011,13,43,4,2,43,1,3,2,1,1,40,5467.479,2310,1,1,2025,12,6,13,43,4,2,43,1,2,1,1,50,4952.5581,2310,1,1,1,0,still teacher
252922092050015,3,2024,12,3,17011,22,53,1,2,44,1,1,2,1,1,50,1573.838,2330,1,1,2025,15,7,22,54,1,2,44,1,2,1,1,40,1871.5702,2330,1,1,1,0,still teacher
150668400802312,3,2024,15,2,17011,28,43,1,2,44,1,2,2,1,1,40,1698.0933,2310,1,1,2025,16,6,28,44,1,2,44,1,2,1,1,40,1781.0823,2310,1,1,1,0,still teacher
766070104881313,3,2024,16,4,17011,36,52,1,1,44,1,2,2,1,1,40,4474.3392,2320,1,1,2025,16,8,36,53,1,1,44,1,2,1,1,40,4679.1556,2320,1,1,1,0,still teacher
003026090916110,3,2024,14,1,17011,36,42,1,2,43,1,1,2,4,1,15,4450.8336,2300,1,1,2025,15,5,36,44,1,2,43,1,2,4,1,27,3958.0149,2300,1,1,1,0,still teacher
919814093050017,3,2024,16,1,17011,39,23,6,1,40,2,3,2,1,1,20,6208.2586,2310,1,1,2025,16,5,39,25,6,1,40,2,2,1,1,20,6753.0521,2310,1,1,1,0,still teacher
170606900227964,3,2024,14,1,17011,42,39,6,1,43,1,1,2,1,1,38,3902.5172,2310,1,1,2025,14,5,42,40,6,1,43,1,2,1,1,38,3645.3757,2320,1,1,1,0,still teacher
542029684000019,3,2024,16,2,17011,42,36,2,2,44,1,2,2,1,1,40,5439.2265,2310,1,1,2025,16,6,42,38,2,2,44,1,2,1,1,40,5199.5446,2310,1,1,1,0,still teacher
747000014815150,3,2024,12,4,17011,47,43,4,1,43,1,1,2,1,1,40,2733.5536,2320,1,1,2025,13,8,47,44,4,1,43,1,2,1,1,40,3825.4569,2320,1,1,1,0,still teacher
391700707457742,3,2024,15,4,17011,47,54,1,1,44,1,2,2,1,1,40,3977.5674,2320,1,1,2025,15,8,47,55,1,1,44,1,2,1,2,40,3728.0913,2310,1,1,1,0,still teacher
180179700701784,3,2024,15,2,17011,47,39,1,2,43,1,2,2,1,2,40,4340.5497,2310,1,1,2025,12,6,47,40,1,2,43,1,2,1,1,40,3336.4818,2310,1,1,1,0,still teacher
140684081507837,3,2024,16,1,17011,54,52,1,2,44,1,1,2,1,1,40,784.0526,2320,1,1,2025,16,5,54,52,1,2,44,1,2,1,1,40,681.5474,2310,1,1,1,0,still teacher
300452281031320,3,2024,10,1,17111,22,61,2,2,40,2,1,2,1,1,40,1844.021,2300,1,1,2025,9,5,22,62,2,2,40,2,2,1,1,40,1610.3386,2310,1,1,1,0,still teacher
039933670240107,3,2024,15,2,17111,47,64,1,1,44,1,1,2,1,1,37,4255.3256,2310,1,1,2025,15,6,47,65,1,1,44,1,2,1,1,40,3221.2086,2310,1,1,1,0,still teacher
000170408220840,3,2024,15,4,17111,47,48,1,2,44,1,2,2,1,1,40,3520.1666,2310,1,1,2025,15,8,47,49,1,2,45,1,2,1,1,50,3336.2981,2310,1,1,1,0,still teacher
780417535090014,3,2024,15,3,17111,50,41,1,2,43,1,1,2,1,1,32,512.547,2310,1,1,2025,15,7,50,42,1,2,43,1,2,1,1,40,548.6207,2310,1,1,1,0,still teacher
100120005146443,3,2024,13,4,17011,2,39,4,2,42,1,1,1,4,1,40,577.5519,2300,1,1,2025,12,8,2,40,4,2,40,1,1,4,2,40,692.0571,2300,1,1,1,0,still teacher
020300600600164,3,2024,15,1,17011,4,37,1,2,43,1,2,2,1,1,35,4278.9286,2300,1,1,2025,15,5,4,38,1,2,43,1,2,1,2,35,3928.7712,2310,1,1,1,0,still teacher
901160028552938,3,2024,16,1,17011,6,63,1,2,44,1,2,2,1,1,40,4110.7912,2310,1,1,2025,16,5,6,64,1,2,44,1,2,1,1,-4,4385.2772,2360,1,0,0,1,other occupation
808700012726250,3,2024,16,2,17011,8,40,1,2,44,1,1,2,1,1,40,3957.4657,2320,1,1,2025,16,6,8,41,1,2,44,1,2,1,1,40,4101.6589,2320,1,1,1,0,still teacher
198120600090010,3,2024,16,1,17011,8,27,6,2,43,1,3,2,1,1,55,5054.0019,2310,1,1,2025,16,5,8,28,6,2,43,1,2,1,1,50,4368.3335,2310,1,1,1,0,still teacher
006160273118400,3,2024,16,2,17011,26,48,1,2,44,1,2,2,1,1,25,4173.3048,2320,1,1,2025,16,6,26,49,1,2,44,1,2,1,1,40,4658.7252,2320,1,1,1,0,still teacher
857546702030012,3,2024,13,3,17011,27,55,4,2,43,1,1,2,1,1,40,3883.8791,2310,1,1,2025,14,7,27,56,4,2,43,1,2,1,1,40,3842.1988,2310,1,1,1,0,still teacher
760043456081310,3,2024,14,3,17011,31,46,1,2,43,1,1,2,1,1,40,1359.0153,2320,1,1,2025,14,7,31,47,1,2,43,1,2,1,1,50,1094.3222,2320,1,1,1,0,still teacher
034044062711783,3,2024,14,2,17011,41,39,1,1,44,4,1,2,1,1,40,2403.5347,2310,1,1,2025,16,6,41,40,1,1,44,4,2,1,1,40,2096.1573,2310,1,1,1,0,still teacher
064040103632425,3,2024,7,4,17011,46,59,1,2,39,3,1,2,1,1,40,908.1395,2330,1,1,2025,16,8,46,60,1,2,39,3,2,1,1,40,1150.7039,2330,1,1,1,0,still teacher
004090016918913,3,2024,15,1,17011,48,32,1,2,44,1,2,1,1,1,40,6042.3829,2310,1,1,2025,16,5,48,33,1,2,44,1,1,1,1,40,5533.5525,230,1,0,0,1,other occupation
078407964020214,3,2024,12,2,17011,48,43,6,2,43,2,1,2,1,1,50,5451.1956,2310,1,1,2025,13,6,48,45,6,2,43,2,2,1,1,50,7714.7834,2310,1,1,1,0,still teacher
118318094090017,3,2024,15,3,17011,48,41,1,2,43,1,1,2,1,2,40,5531.5217,2310,1,1,2025,14,7,48,42,1,2,43,1,2,1,1,40,5544.6123,2330,1,1,1,0,still teacher
014677016918482,3,2024,15,1,17011,48,35,1,2,43,1,2,2,1,2,40,4954.0141,2310,1,1,2025,15,5,48,36,1,2,43,1,2,1,2,40,5067.6185,2310,1,1,1,0,still teacher
070189041400173,3,2024,13,2,17011,49,34,1,2,43,1,1,2,1,1,40,1950.1122,2310,1,1,2025,13,6,49,35,1,2,43,1,2,1,1,40,1786.6071,2310,1,1,1,0,still teacher
210953011516680,3,2024,8,4,17011,53,45,3,2,40,2,1,2,4,1,24,3836.2639,2310,1,1,2025,10,8,53,46,3,2,40,2,2,4,1,24,6349.4645,2360,1,0,0,1,other occupation
090736011516796,3,2024,14,1,17011,56,54,1,1,43,1,2,2,1,1,40,442.6913,2310,1,1,2025,16,5,56,55,1,1,43,1,2,1,1,40,455.161,2310,1,1,1,0,still teacher
861100200101610,3,2024,15,3,17111,16,40,1,2,43,1,2,2,1,1,25,962.1597,2320,1,1,2025,15,7,16,41,1,2,43,1,2,1,1,25,938.3092,2320,1,1,1,0,still teacher
320793948091000,3,2024,16,4,17111,30,38,1,2,44,1,1,2,1,1,30,731.2468,2310,1,1,2025,16,8,30,39,1,2,44,1,2,1,1,-4,617.7596,2633,1,0,0,1,other occupation
022878530440106,3,2024,15,4,17111,46,35,1,2,44,1,2,2,1,1,40,893.9719,2310,1,1,2025,15,8,46,36,1,2,44,1,2,1,1,40,1048.3849,2310,1,1,1,0,still teacher
005110036299100,3,2024,15,4,17011,1,80,1,2,43,1,2,2,4,1,40,1504.7278,2330,1,1,2025,13,8,1,80,1,2,43,1,2,4,1,40,1552.1941,2310,1,1,1,0,still teacher
455708014634490,3,2024,13,4,17111,54,41,4,2,43,1,1,2,1,1,40,1009.7169,2310,1,1,2025,11,8,54,42,4,2,43,1,2,1,1,40,981.5662,2310,1,1,1,0,still teacher
460774061502577,3,2024,14,2,17111,54,53,4,2,44,1,1,2,1,1,40,742.5453,2310,1,1,2025,16,6,54,55,4,2,44,1,2,1,1,40,696.655,2310,1,1,1,0,still teacher
098655110001102,3,2024,3,1,17011,2,33,1,2,39,5,2,2,4,1,40,616.1149,2300,1,1,2025,9,5,2,34,1,2,39,5,2,4,1,40,448.745,4600,1,0,0,1,other occupation
075726710500159,3,2024,16,3,17011,9,33,6,2,44,1,1,2,1,1,40,4276.1208,2310,1,1,2025,16,7,9,34,6,2,44,1,2,1,2,40,4050.528,2310,1,1,1,0,still teacher
370093103208131,3,2024,13,4,17011,17,46,4,1,44,1,1,1,4,1,35,6927.9722,2310,1,1,2025,14,8,17,47,4,1,44,1,1,4,1,35,6940.4152,2320,1,1,1,0,still teacher
110558021201884,3,2024,12,2,17011,28,58,1,2,43,1,2,2,1,1,40,1236.2825,2300,1,1,2025,11,6,28,59,1,2,43,1,2,1,1,40,1245.6631,2300,1,1,1,0,still teacher
849509018930470,3,2024,15,1,17011,48,73,1,2,43,1,1,2,1,1,-4,3738.7396,2320,1,1,2025,15,5,48,74,1,2,43,1,2,1,1,-4,3582.5467,2310,1,1,1,0,still teacher
849509018930470,3,2024,15,1,17011,48,73,1,1,43,1,2,2,1,1,-4,3898.9789,2320,1,1,2025,15,5,48,74,1,1,43,1,2,1,1,-4,3296.498,2310,1,1,1,0,still teacher
440144321081280,3,2024,16,1,17011,48,38,1,2,40,1,2,1,1,2,25,4854.7482,2300,1,1,2025,16,5,48,39,1,2,40,1,1,1,7,-1,4549.6233,-1,0,0,0,1,out of labor force
060096063719296,5,2024,15,3,17011,9,19,6,2,40,1,2,2,1,1,-4,3803.6579,2300,1,1,2025,13,7,9,20,6,2,40,1,2,1,7,-1,3595.335,-1,0,0,0,1,out of labor force
016009310000129,5,2024,16,4,17011,9,46,1,2,44,1,2,2,1,1,50,3203.9532,2310,1,1,2025,16,8,9,47,1,2,44,1,2,1,1,50,3442.8537,2310,1,1,1,0,still teacher
460042091168052,5,2024,11,1,17011,12,74,3,2,42,1,1,1,4,1,40,5756.6135,2300,1,1,2025,11,5,12,74,3,2,39,1,1,4,1,40,5713.9702,4600,1,0,0,1,other occupation
227010109395169,5,2024,15,3,17011,12,57,1,2,44,1,1,2,1,1,40,4630.9055,2320,1,1,2025,15,7,12,58,1,2,44,1,2,1,1,-4,4394.5469,2310,1,1,1,0,still teacher
860712071109939,5,2024,15,1,17011,12,67,1,1,44,1,1,2,1,1,40,4725.28,2310,1,1,2025,14,5,12,68,1,1,44,1,2,1,1,40,4851.8267,2310,1,1,1,0,still teacher
860712071109939,5,2024,15,1,17011,12,41,1,2,43,1,2,2,1,1,40,4581.1992,2310,1,1,2025,14,5,12,42,1,2,43,1,2,1,1,40,4944.9535,2310,1,1,1,0,still teacher
006130118103152,5,2024,16,3,17011,13,35,1,2,44,1,2,2,1,1,40,4452.9339,2310,1,1,2025,16,7,13,37,1,2,44,1,2,1,1,40,4512.6861,2310,1,1,1,0,still teacher
140716100346841,5,2024,13,3,17011,13,60,1,2,44,2,2,2,4,1,40,3454.588,2300,1,1,2025,13,7,13,61,1,2,43,2,2,4,1,40,3300.4915,2300,1,1,1,0,still teacher
639040108025112,5,2024,14,1,17011,13,56,5,2,46,1,1,2,1,1,50,4627.4182,2320,1,1,2025,14,5,13,57,5,2,46,1,2,1,1,70,4390.1311,2310,1,1,1,0,still teacher
205130113246918,5,2024,16,1,17011,13,65,1,2,43,1,2,2,1,1,40,4320.2515,2300,1,1,2025,15,5,13,65,1,2,43,1,2,1,1,30,3985.7795,2310,1,1,1,0,still teacher
046459810710113,5,2024,14,3,17011,13,44,1,1,43,1,1,2,1,1,65,3208.2854,2320,1,1,2025,14,7,13,45,1,1,43,1,2,1,1,-4,3338.7354,2310,1,1,1,0,still teacher
046459810710113,5,2024,14,3,17011,13,40,1,2,45,1,2,2,1,1,50,4227.9143,2330,1,1,2025,14,7,13,42,1,2,45,1,2,1,1,-4,3372.9634,2330,1,1,1,0,still teacher
310774081203603,5,2024,14,4,17011,24,57,4,2,44,1,1,2,1,1,11,4662.7737,2310,1,1,2025,14,8,24,58,4,2,44,1,2,1,1,12,5623.5004,2350,1,0,0,1,other occupation
515881812070014,5,2024,14,1,17011,25,32,1,2,44,4,2,2,5,1,35,3155.9277,2320,1,1,2025,15,5,25,33,1,2,44,4,2,5,1,37,3253.8437,2320,1,1,1,0,still teacher
061481490030163,5,2024,14,1,17011,33,75,1,1,43,1,1,2,1,1,5,964.9859,2320,1,1,2025,16,5,33,76,1,1,43,1,2,1,5,-1,911.1688,-1,0,0,0,1,out of labor force
018249000130136,5,2024,16,4,17011,36,32,1,2,44,1,2,2,1,1,40,3952.0035,2330,1,1,2025,16,8,36,33,1,2,44,1,2,1,1,40,4060.0347,2310,1,1,1,0,still teacher
497012153020013,5,2024,14,2,17011,37,44,1,2,43,1,1,2,1,1,-4,3865.0581,2300,1,1,2025,15,6,37,45,1,2,43,1,2,1,1,-4,4118.2099,2300,1,1,1,0,still teacher
711600804424931,5,2024,10,2,17011,39,73,3,2,44,1,1,2,1,1,33,3025.379,2310,1,1,2025,12,6,39,74,3,2,44,1,2,1,1,28,3644.7272,2360,1,0,0,1,other occupation
170606900227964,5,2024,14,3,17011,42,39,6,1,43,1,1,2,1,1,38,3735.0305,2310,1,1,2025,14,7,42,40,6,1,43,1,2,1,1,38,3560.4456,2320,1,1,1,0,still teacher
246809015858260,5,2024,9,2,17011,42,36,6,2,44,1,1,2,1,1,40,3865.9331,2310,1,1,2025,10,6,42,37,6,2,44,1,2,1,1,28,4984.4093,2310,1,1,1,0,still teacher
650102031403976,5,2024,14,4,17011,42,53,4,2,44,1,1,2,1,1,40,4558.3108,2320,1,1,2025,15,8,42,54,4,2,44,1,2,1,1,40,4231.4413,2320,1,1,1,0,still teacher
401500709978249,5,2024,10,4,17011,42,20,6,2,39,1,2,2,1,1,40,4780.551,2300,1,1,2025,10,8,42,21,6,2,39,1,2,1,1,40,6583.7723,5260,1,0,0,1,other occupation
182667300038175,5,2024,14,1,17011,50,69,6,1,43,1,1,2,1,1,-4,423.7786,2320,1,1,2025,16,5,50,70,6,1,43,1,2,1,1,-4,348.2593,2320,1,1,1,0,still teacher
153006016855230,5,2024,16,4,17011,51,41,1,2,44,4,2,2,5,1,25,4075.4497,2300,1,1,2025,15,8,51,42,1,2,44,4,2,5,1,40,5038.9383,2310,1,1,1,0,still teacher
140784500180800,5,2024,15,3,17111,1,33,1,2,43,1,1,2,1,1,40,2882.4958,2310,1,1,2025,16,7,1,34,1,2,43,1,2,1,1,40,2509.9009,2300,1,1,1,0,still teacher
109604015555300,5,2024,15,1,17111,1,23,1,2,43,1,2,2,1,1,40,3345.6058,2310,1,1,2025,15,5,1,24,1,2,43,1,2,1,1,40,3348.507,440,1,0,0,1,other occupation
080044021711065,5,2024,14,1,17111,1,39,1,1,46,1,1,2,1,1,40,3198.943,2320,1,1,2025,15,5,1,41,1,1,46,1,2,1,1,40,2488.9303,2310,1,1,1,0,still teacher
080044021711065,5,2024,14,1,17111,1,38,1,2,44,1,2,2,1,1,40,2912.3035,2310,1,1,2025,15,5,1,39,1,2,44,1,2,1,1,40,2689.8882,2310,1,1,1,0,still teacher
542878862020014,5,2024,14,2,17111,22,42,1,2,43,1,2,2,1,1,40,1579.4469,2310,1,1,2025,16,6,22,43,1,2,43,1,2,1,1,40,1835.7295,2310,1,1,1,0,still teacher
028684560930123,5,2024,15,3,17111,33,61,1,2,43,1,2,2,1,1,40,1073.7271,2310,1,1,2025,15,7,33,62,1,2,43,1,2,1,5,-1,945.6472,-1,0,0,0,1,out of labor force
031513950430143,5,2024,15,1,17111,33,46,1,1,43,1,2,2,1,1,40,1183.3728,2310,1,1,2025,15,5,33,47,1,1,43,1,2,1,1,40,1155.6027,2300,1,1,1,0,still teacher
451402113278570,5,2024,16,3,17111,54,29,1,2,43,1,1,2,1,1,40,886.5711,2310,1,1,2025,16,7,54,30,1,2,42,1,2,1,1,40,801.2331,2310,1,1,1,0,still teacher
301140585916021,5,2024,16,2,17111,54,26,6,1,43,1,3,2,3,1,40,930.0093,2320,1,1,2025,16,6,54,28,6,1,43,1,2,3,1,40,1013.9592,2310,1,1,1,0,still teacher
006745310302154,5,2024,14,4,17011,4,41,1,1,44,1,1,2,1,1,50,4353.8547,2310,1,1,2025,15,8,4,42,1,1,44,1,2,1,1,50,5842.0179,2310,1,1,1,0,still teacher
006745310302154,5,2024,14,4,17011,4,39,1,2,43,1,2,2,1,1,50,4586.5634,2310,1,1,2025,15,8,4,40,1,2,43,1,2,1,1,50,5316.2625,2310,1,1,1,0,still teacher
311100925363608,5,2024,16,2,17011,6,58,1,2,44,1,1,2,1,1,40,4016.1496,2310,1,1,2025,16,6,6,59,1,2,44,1,2,1,1,40,4247.3029,2310,1,1,1,0,still teacher
015584790300116,5,2024,16,4,17011,6,62,1,2,43,6,2,2,1,1,45,5956.1988,2310,1,1,2025,15,8,6,63,1,2,43,6,2,1,5,-1,5873.8975,2310,0,0,0,1,out of labor force
826429170060114,5,2024,16,3,17011,6,63,5,1,43,1,1,1,4,1,18,3986.4319,2310,1,1,2025,15,7,6,63,5,1,43,1,1,4,1,22,4586.3324,2360,1,0,0,1,other occupation
091800804862607,5,2024,14,3,17011,6,43,1,2,44,4,2,2,5,1,20,4408.3502,2310,1,1,2025,15,7,6,44,1,2,44,4,2,5,1,40,4946.8738,2310,1,1,1,0,still teacher
005130125108459,5,2024,1,3,17011,13,51,3,1,43,2,1,2,1,1,20,3994.9651,2310,1,1,2025,8,7,13,52,3,1,43,2,2,1,6,-1,3916.1909,-1,0,0,0,1,out of labor force
100987051106108,5,2024,14,2,17011,17,40,1,1,41,1,2,2,1,1,40,4571.7285,2320,1,1,2025,15,6,17,41,1,1,41,1,2,1,1,40,3672.7671,2320,1,1,1,0,still teacher
130638091107269,5,2024,16,4,17011,18,45,1,2,43,1,2,2,1,1,40,4767.6136,2310,1,1,2025,16,8,18,46,1,2,43,1,2,1,1,40,4593.9405,2310,1,1,1,0,still teacher
578955401060010,5,2024,15,4,17011,18,31,1,2,43,1,2,2,1,1,40,4991.5804,2310,1,1,2025,14,8,18,32,1,2,43,1,2,1,1,40,6845.2053,2310,1,1,1,0,still teacher
540212729081710,5,2024,10,3,17011,21,24,6,2,43,1,1,2,1,1,40,3929.3912,2310,1,1,2025,9,7,21,25,6,2,43,1,2,1,1,40,3730.529,2310,1,1,1,0,still teacher
160012051205356,5,2024,14,3,17011,22,23,1,2,43,1,2,2,1,1,40,2420.2105,2300,1,1,2025,14,7,22,24,1,2,43,1,2,1,1,40,2245.3513,2300,1,1,1,0,still teacher
002083090616859,5,2024,14,4,17011,26,41,1,2,44,1,1,2,1,1,60,6031.2889,2310,1,1,2025,16,8,26,43,1,2,44,1,2,1,1,50,5878.0811,2310,1,1,1,0,still teacher
007180210519009,5,2024,16,2,17011,28,51,1,2,46,1,1,2,1,1,40,1354.138,2310,1,1,2025,16,6,28,52,1,2,45,1,2,1,1,40,1433.7443,2310,1,1,1,0,still teacher
002081026318542,5,2024,11,4,17011,28,73,1,2,44,1,1,2,1,1,-4,1443.2298,2310,1,1,2025,12,8,28,73,1,2,44,1,2,1,5,-1,1483.8106,-1,0,0,0,1,out of labor force
150668400802312,5,2024,15,4,17011,28,43,1,2,44,1,2,2,1,1,40,1257.5252,2320,1,1,2025,16,8,28,44,1,2,44,1,2,1,1,40,1492.8031,2310,1,1,1,0,still teacher
520389051200445,5,2024,14,2,17011,29,60,4,2,43,1,1,2,1,1,40,5859.2212,2330,1,1,2025,12,6,29,61,4,2,43,1,2,1,1,40,4651.826,2330,1,1,1,0,still teacher
008140334352711,5,2024,14,4,17011,34,66,4,2,44,1,1,2,1,1,70,4087.8524,2320,1,1,2025,15,8,34,67,4,2,44,1,2,1,1,60,4289.894,2310,1,1,1,0,still teacher
745020109652313,5,2024,11,4,17011,34,72,1,2,42,1,1,2,1,1,40,4201.7202,2310,1,1,2025,11,8,34,73,1,2,42,1,2,1,1,24,4535.8182,2360,1,0,0,1,other occupation
359021100421373,5,2024,12,2,17011,35,59,6,1,44,1,1,1,1,1,40,1326.5394,2320,1,1,2025,16,6,35,60,6,1,44,1,1,1,1,8,1536.9694,2360,1,0,0,1,other occupation
107160366639989,5,2024,7,3,17011,36,63,6,2,44,1,1,2,1,1,40,4265.1013,2310,1,1,2025,11,7,36,64,6,2,44,1,2,1,1,40,5515.3727,2310,1,1,1,0,still teacher
043119018219227,5,2024,13,2,17011,39,33,1,2,43,1,1,2,1,1,40,4032.196,2310,1,1,2025,15,6,39,34,1,2,43,1,2,1,1,40,4635.6918,2555,1,0,0,1,other occupation
891000209142145,5,2024,16,4,17011,41,44,1,1,46,4,1,2,4,1,40,3604.2332,2320,1,1,2025,16,8,41,45,1,1,46,4,2,4,1,40,3263.4434,2205,1,0,0,1,other occupation
004059091914346,5,2024,9,2,17011,44,75,3,2,44,1,1,2,1,1,7,1546.1252,2310,1,1,2025,12,6,44,76,3,2,44,1,2,1,1,-4,1104.2235,2310,1,1,1,0,still teacher
087190240250143,5,2024,10,4,17011,53,34,6,2,44,1,1,2,1,1,40,3536.7333,2310,1,1,2025,13,8,53,35,6,2,44,1,2,1,1,16,4897.0657,2310,1,1,1,0,still teacher
771700614335457,5,2024,16,2,17011,54,54,1,2,44,1,2,2,1,1,40,770.0308,2320,1,1,2025,16,6,54,55,1,2,44,1,2,1,1,40,890.4913,2310,1,1,1,0,still teacher
110435783091141,5,2024,12,2,17011,54,48,6,2,44,1,1,2,1,1,40,800.3927,2310,1,1,2025,13,6,54,48,6,2,44,1,2,1,1,40,887.8525,2310,1,1,1,0,still teacher
811700205707435,5,2024,13,3,17111,34,41,1,2,44,4,2,2,5,1,-4,4070.3161,2310,1,1,2025,8,7,34,42,1,2,44,4,2,5,1,40,4358.5096,565,1,0,0,1,other occupation
850670565000011,5,2024,15,4,17111,50,34,1,2,46,1,2,2,1,2,40,586.2726,2300,1,1,2025,15,8,50,35,1,2,43,1,2,1,1,40,706.8631,2300,1,1,1,0,still teacher
421900402238650,5,2024,15,4,17111,56,48,1,2,44,1,1,2,1,1,40,378.9312,2310,1,1,2025,15,8,56,49,1,2,44,1,2,1,1,40,565.9131,2310,1,1,1,0,still teacher
407500213947750,5,2024,13,4,17011,4,42,6,2,44,1,1,2,1,1,40,4107.3423,2310,1,1,2025,13,8,4,42,6,2,44,1,2,1,1,40,5331.083,5940,1,0,0,1,other occupation
408800017267310,5,2024,14,3,17011,4,40,6,2,44,1,1,2,1,1,50,4566.4537,2310,1,1,2025,14,7,4,41,6,2,44,1,2,1,1,45,3337.8696,2310,1,1,1,0,still teacher
157010106172097,5,2024,12,1,17011,5,71,4,2,44,2,1,2,1,1,40,1215.3771,2310,1,1,2025,16,5,5,72,4,2,44,2,2,1,5,-1,1829.7901,-1,0,0,0,1,out of labor force
605905016822590,5,2024,15,3,17011,6,49,5,2,44,1,1,2,1,1,40,4129.0889,2310,1,1,2025,15,7,6,50,5,2,44,1,2,1,1,40,4948.0324,2310,1,1,1,0,still teacher
030170017316044,5,2024,14,1,17011,6,37,1,1,43,1,1,2,1,1,40,5058.9348,2310,1,1,2025,15,5,6,38,1,1,43,1,2,1,1,40,4596.7216,2360,1,0,0,1,other occupation
180046041015818,5,2024,15,1,17011,6,43,1,2,43,1,1,2,1,1,40,3599.8042,2330,1,1,2025,15,5,6,44,1,2,43,1,2,1,1,20,4272.797,4920,1,0,0,1,other occupation
040010114616148,5,2024,10,4,17011,6,49,1,1,43,1,2,1,1,1,40,4827.2873,2330,1,1,2025,10,8,6,50,1,1,43,1,1,1,1,40,5392.9205,2310,1,1,1,0,still teacher
310360542121960,5,2024,8,3,17011,6,27,6,2,44,1,4,1,1,1,40,4670.9668,2310,1,1,2025,15,7,6,28,6,2,44,1,1,1,1,40,5577.0481,2310,1,1,1,0,still teacher
171070500661840,5,2024,16,4,17011,6,58,1,2,44,1,2,2,1,1,40,3827.448,2300,1,1,2025,16,8,6,59,1,2,44,1,2,1,5,-1,4136.4387,-1,0,0,0,1,out of labor force
109160038460036,5,2024,13,2,17011,6,67,1,2,44,4,1,2,4,1,35,4068.326,2310,1,1,2025,13,6,6,67,1,2,44,4,2,4,1,35,5140.5156,2320,1,1,1,0,still teacher
716599120060017,5,2024,2,3,17011,6,58,1,2,44,1,3,1,4,1,40,3722.4673,2300,1,1,2025,16,7,6,59,1,2,44,1,1,4,1,40,4343.3618,2300,1,1,1,0,still teacher
517900414862690,5,2024,16,2,17011,15,34,1,2,43,1,2,2,1,1,-4,829.6353,2310,1,1,2025,16,6,15,35,1,2,43,1,2,1,1,-4,849.835,2310,1,1,1,0,still teacher
936775891070115,5,2024,16,2,17011,16,48,1,2,44,1,2,2,1,1,40,1091.0104,2320,1,1,2025,15,6,16,49,1,2,44,1,2,1,1,40,1022.6507,2310,1,1,1,0,still teacher
006651421010011,5,2024,16,1,17011,16,27,6,2,43,1,3,2,1,1,40,996.3378,2310,1,1,2025,16,5,16,28,6,2,43,1,2,1,1,40,1271.2199,2320,1,1,1,0,still teacher
081018022917023,5,2024,15,2,17011,17,32,1,2,44,1,2,2,1,1,40,4854.2161,2310,1,1,2025,15,6,17,33,1,2,44,1,2,1,1,40,4545.0497,2330,1,1,1,0,still teacher
031067064617955,5,2024,12,2,17011,17,54,6,2,40,1,1,2,1,1,40,4854.8018,2310,1,1,2025,14,6,17,54,6,2,40,1,2,1,1,40,5038.5684,2545,1,0,0,1,other occupation
004170162471786,5,2024,15,2,17011,17,69,1,2,44,1,1,2,1,1,1,4282.8647,2310,1,1,2025,15,6,17,70,1,2,44,1,2,1,7,-1,4029.3682,-1,0,0,0,1,out of labor force
091075000118454,5,2024,16,1,17011,18,41,1,2,44,1,2,2,1,1,40,3729.8314,2310,1,1,2025,16,5,18,42,1,2,44,1,2,1,1,55,3095.5278,2310,1,1,1,0,still teacher
814003013243780,5,2024,13,2,17011,18,51,4,2,44,1,1,2,1,1,40,3717.6957,2320,1,1,2025,14,6,18,52,4,2,44,1,2,1,1,55,3641.1258,2310,1,1,1,0,still teacher
025505016509310,5,2024,12,3,17011,20,36,6,1,44,1,1,2,1,1,40,2127.5205,2310,1,1,2025,13,7,20,37,6,1,44,1,2,1,1,40,1601.6329,2310,1,1,1,0,still teacher
032081026210935,5,2024,12,4,17011,20,38,6,2,44,1,1,2,1,1,40,3343.4635,2330,1,1,2025,12,8,20,39,6,2,44,1,2,1,1,40,2836.4016,2310,1,1,1,0,still teacher
340382508001760,5,2024,16,1,17011,26,55,1,2,44,1,2,2,1,1,40,3507.4205,2310,1,1,2025,15,5,26,55,1,2,43,1,2,1,1,40,5335.7797,2310,1,1,1,0,still teacher
025699240821186,5,2024,14,1,17011,26,51,1,1,44,1,2,2,5,1,40,3753.3671,2310,1,1,2025,16,5,26,52,1,1,44,1,2,5,1,40,5625.6864,2310,1,1,1,0,still teacher
180227011209334,5,2024,16,3,17011,27,47,1,2,40,1,1,2,1,1,40,4723.155,2310,1,1,2025,16,7,27,48,1,2,40,1,2,1,1,40,4590.1633,2310,1,1,1,0,still teacher
100705300936472,5,2024,15,1,17011,29,47,1,2,43,1,2,2,1,1,32,4178.538,2310,1,1,2025,15,5,29,48,1,2,43,1,2,1,1,28,3530.5438,2310,1,1,1,0,still teacher
075905660633142,5,2024,14,3,17011,32,35,6,1,44,1,1,2,1,1,40,1955.9584,2320,1,1,2025,14,7,32,36,6,1,44,1,2,1,1,45,2395.336,2310,1,1,1,0,still teacher
730525041300404,5,2024,9,1,17011,35,80,4,1,42,1,1,2,1,1,40,1131.0086,2320,1,1,2025,14,5,35,80,4,1,42,1,2,1,1,45,1055.181,2360,1,0,0,1,other occupation
057397960630128,5,2024,8,4,17011,38,34,6,2,43,4,1,2,5,1,40,520.3965,2300,1,1,2025,12,8,38,35,1,2,44,4,2,5,1,40,406.0792,2310,1,1,1,0,still teacher
251400803718046,5,2024,15,2,17011,40,58,1,2,43,1,2,2,1,1,40,2691.3014,2330,1,1,2025,15,6,40,59,1,2,43,1,2,1,7,-1,2890.204,-1,0,0,0,1,out of labor force
400494615021200,5,2024,11,3,17011,40,38,3,2,43,1,1,2,1,1,40,1901.5839,2310,1,1,2025,12,7,40,39,3,2,44,1,2,1,2,45,2227.8206,2310,1,1,1,0,still teacher
004063029111905,5,2024,15,3,17011,41,34,1,2,44,1,1,2,1,1,28,2945.7729,2330,1,1,2025,16,7,41,35,1,2,44,1,2,1,1,32,2856.4147,2330,1,1,1,0,still teacher
388280844080015,5,2024,13,1,17011,48,33,1,2,40,1,1,1,1,1,40,6116.1301,2300,1,1,2025,12,5,48,35,1,2,41,1,1,1,1,40,4990.1929,2300,1,1,1,0,still teacher
150348900852834,5,2024,14,4,17011,48,50,4,2,43,1,1,1,1,1,40,3213.4476,2310,1,1,2025,13,8,48,50,4,2,43,1,1,1,1,40,4698.0829,5120,1,0,0,1,other occupation
074045086218224,5,2024,16,3,17011,48,43,1,1,43,1,1,2,1,1,40,5432.9479,2310,1,1,2025,16,7,48,45,1,1,43,1,2,1,1,46,3983.069,2310,1,1,1,0,still teacher
748044474060118,5,2024,16,2,17011,48,38,1,2,40,1,2,2,1,1,35,4719.1274,2300,1,1,2025,16,6,48,39,1,2,39,1,2,1,1,40,5375.8438,2050,1,0,0,1,other occupation
078407964020214,5,2024,12,4,17011,48,43,6,2,43,2,1,2,1,1,50,5323.4376,2310,1,1,2025,13,8,48,45,6,2,43,2,2,1,1,50,8547.9376,2310,1,1,1,0,still teacher
014677016918482,5,2024,15,3,17011,48,35,1,2,43,1,2,2,1,1,40,4439.0525,2310,1,1,2025,15,7,48,36,1,2,43,1,2,1,1,40,5157.2581,2310,1,1,1,0,still teacher
916180460181630,5,2024,14,1,17011,48,27,6,2,43,1,2,2,1,1,40,4661.2221,2310,1,1,2025,14,5,48,28,6,2,43,1,2,1,1,40,6232.088,2310,1,1,1,0,still teacher
034902108018513,5,2024,16,1,17011,48,53,1,1,46,1,1,2,1,1,70,5485.5878,2310,1,1,2025,16,5,48,54,1,1,46,1,2,1,1,40,5843.2764,230,1,0,0,1,other occupation
111456930649158,5,2024,9,1,17011,48,65,4,2,42,4,1,2,4,1,40,8843.748,2310,1,1,2025,10,5,48,66,4,2,40,4,2,4,1,40,6800.3101,4600,1,0,0,1,other occupation
150153900811934,5,2024,15,4,17011,48,54,1,2,43,1,2,2,1,1,45,4147.8342,2310,1,1,2025,16,8,48,55,1,2,43,1,2,1,1,45,3315.9497,2310,1,1,1,0,still teacher
190723800805424,5,2024,15,4,17011,48,45,1,2,44,1,1,2,4,1,50,4102.7318,2310,1,1,2025,15,8,48,46,1,2,44,1,2,4,1,40,4230.9346,2320,1,1,1,0,still teacher
001190485369682,5,2024,15,3,17011,49,45,1,2,43,1,2,2,1,1,40,1737.8442,2310,1,1,2025,16,7,49,46,1,2,43,1,2,1,1,40,2006.99,2310,1,1,1,0,still teacher
052435470850143,5,2024,16,3,17011,53,53,1,1,44,1,2,2,1,1,37,3775.7542,2310,1,1,2025,16,7,53,54,1,1,44,1,2,1,1,37,3654.4617,2310,1,1,1,0,still teacher
511700800645557,5,2024,13,3,17011,55,47,6,1,44,1,1,1,5,1,40,6576.0505,2310,1,1,2025,13,7,55,48,6,1,44,1,1,5,1,40,8032.2065,230,1,0,0,1,other occupation
140825300592495,5,2024,16,2,17011,55,40,1,2,44,1,1,2,1,1,40,3582.0597,2310,1,1,2025,16,6,55,41,1,2,44,1,2,1,1,40,4296.2876,2310,1,1,1,0,still teacher
080565680031150,5,2024,11,1,17011,55,33,6,2,43,1,1,2,1,1,50,4798.291,2310,1,1,2025,12,5,55,34,6,2,43,1,2,1,1,45,4126.0408,2310,1,1,1,0,still teacher
190851956081851,5,2024,16,1,17111,15,54,1,1,44,4,1,2,1,1,40,860.9134,2320,1,1,2025,16,5,15,55,1,1,44,4,2,1,1,40,735.1808,2320,1,1,1,0,still teacher
514108014690330,5,2024,14,1,17111,15,45,1,2,43,1,1,1,1,1,40,584.2202,2310,1,1,2025,14,5,15,45,1,2,43,1,1,1,1,40,846.1541,2310,1,1,1,0,still teacher
210220011401663,5,2024,13,3,17111,40,34,1,1,44,1,1,2,5,1,45,2900.017,2320,1,1,2025,14,7,40,35,1,1,44,1,2,5,1,40,2762.9671,230,1,0,0,1,other occupation
211800301319147,5,2024,14,4,17111,41,42,1,2,44,1,2,2,1,1,40,2984.361,2320,1,1,2025,15,8,41,43,1,2,44,1,2,1,1,40,2157.6192,2320,1,1,1,0,still teacher
094053036616879,5,2024,13,1,17111,46,55,1,1,43,1,1,2,1,1,40,545.4402,2310,1,1,2025,14,5,46,55,1,1,43,1,2,1,1,40,587.9367,2310,1,1,1,0,still teacher
094053036616879,5,2024,13,1,17111,46,44,1,2,43,1,2,2,1,1,40,567.2283,2310,1,1,2025,14,5,46,45,1,2,43,1,2,1,1,40,488.0287,2310,1,1,1,0,still teacher
074712440900121,5,2024,16,3,17011,1,64,1,1,44,1,1,2,1,1,40,2102.0687,2310,1,1,2025,16,7,1,64,1,1,44,1,2,1,1,40,1831.6994,850,1,0,0,1,other occupation
070076084919473,5,2024,15,4,17011,9,22,6,1,43,1,1,1,1,1,40,3118.5056,2310,1,1,2025,15,8,9,23,6,1,43,1,1,1,1,40,4222.1324,2310,1,1,1,0,still teacher
904304118954200,5,2024,14,2,17011,9,61,1,2,44,1,2,2,1,1,40,3106.0529,2310,1,1,2025,16,6,9,63,1,2,44,1,2,1,1,40,3225.4109,2310,1,1,1,0,still teacher
830391368031826,5,2024,13,1,17011,12,55,1,1,43,2,1,2,4,1,40,5083.1417,2310,1,1,2025,15,5,12,56,1,1,43,2,2,4,1,40,4860.7599,2310,1,1,1,0,still teacher
890341242051930,5,2024,16,4,17011,13,47,1,2,44,1,2,2,1,1,45,4527.2373,2310,1,1,2025,16,8,13,48,1,2,44,1,2,1,1,45,3860.2661,2310,1,1,1,0,still teacher
190811900152952,5,2024,14,4,17011,21,44,1,2,41,1,2,2,1,2,20,4051.5451,2310,1,1,2025,14,8,21,45,1,2,41,1,2,1,1,40,2903.158,4760,1,0,0,1,other occupation
041294310820122,5,2024,15,4,17011,22,56,4,2,43,1,1,2,1,1,40,2071.6804,2310,1,1,2025,12,8,22,57,4,2,43,1,2,1,1,40,1717.497,2310,1,1,1,0,still teacher
951500006319228,5,2024,15,3,17011,22,44,1,2,44,2,1,2,1,1,40,1933.4546,2310,1,1,2025,16,7,22,45,1,2,44,2,2,1,1,40,1996.5136,2310,1,1,1,0,still teacher
325903114059770,5,2024,15,2,17011,23,28,1,1,43,1,1,1,1,1,40,2061.5282,2330,1,1,2025,15,6,23,29,1,1,43,1,1,1,1,50,2508.5386,2310,1,1,1,0,still teacher
106130285219865,5,2024,14,1,17011,23,45,1,2,43,1,2,2,5,1,40,1947.2988,2310,1,1,2025,12,5,23,46,1,2,43,1,2,5,1,40,1534.1964,2310,1,1,1,0,still teacher
044246860620104,5,2024,16,4,17011,24,68,1,2,43,1,1,2,1,1,6,3598.008,2310,1,1,2025,15,8,24,69,1,2,43,1,2,1,5,-1,4675.7092,2310,0,0,0,1,out of labor force
820312171041550,5,2024,16,4,17011,25,24,6,2,43,1,3,2,1,1,30,4038.0577,2310,1,1,2025,16,8,25,24,6,2,43,1,2,1,1,30,3906.1422,2545,1,0,0,1,other occupation
008150242755358,5,2024,16,4,17011,25,75,1,2,44,6,2,2,1,1,45,3411.138,2320,1,1,2025,16,8,25,76,1,2,44,6,2,1,1,40,3168.844,2320,1,1,1,0,still teacher
000180279208002,5,2024,15,3,17011,28,42,1,2,44,1,1,2,1,1,40,1939.5699,2320,1,1,2025,15,7,28,43,1,2,44,1,2,1,1,60,1635.5114,2310,1,1,1,0,still teacher
000180279208002,5,2024,15,3,17011,28,41,1,1,44,1,2,2,1,1,40,1555.8436,2310,1,1,2025,15,7,28,42,1,1,44,1,2,1,1,40,1345.2341,2320,1,1,1,0,still teacher
011200510967335,5,2024,15,1,17011,33,57,1,2,43,1,1,2,1,1,30,1188.7393,2320,1,1,2025,14,5,33,58,1,2,43,1,2,1,1,30,1248.4486,2320,1,1,1,0,still teacher
011200510967335,5,2024,15,1,17011,33,21,6,2,43,1,3,2,1,1,10,1385.6347,2330,1,1,2025,14,5,33,22,6,2,43,1,2,1,4,-1,1836.9759,-1,0,0,0,1,unemployed
102130396425626,5,2024,14,2,17011,33,50,4,1,44,1,1,2,5,1,45,1070.5882,2310,1,1,2025,15,6,33,51,4,1,44,1,2,5,1,40,1122.8195,2310,1,1,1,0,still teacher
440233037051240,5,2024,16,4,17011,34,60,6,2,43,1,1,2,1,1,40,4355.2156,2310,1,1,2025,11,8,34,62,6,2,43,1,2,1,1,40,4623.423,2320,1,1,1,0,still teacher
404977873090019,5,2024,16,2,17011,34,25,6,2,43,1,3,1,1,1,40,5387.1065,2300,1,1,2025,16,6,34,26,6,2,43,1,2,1,1,35,5628.3861,2310,1,1,1,0,still teacher
700426091336265,5,2024,15,1,17011,36,31,1,1,43,8,1,2,1,1,40,7155.1155,2310,1,1,2025,15,5,36,32,1,1,44,8,2,1,1,40,9191.1341,2310,1,1,1,0,still teacher
639809412966930,5,2024,13,1,17011,36,37,6,2,43,2,1,2,1,1,35,5236.4799,2310,1,1,2025,9,5,36,38,6,2,43,2,2,1,1,40,6511.1406,2545,1,0,0,1,other occupation
023025011716841,5,2024,16,2,17011,36,56,1,1,44,2,2,2,1,1,35,5706.1724,2310,1,1,2025,16,6,36,58,1,1,44,2,2,1,1,35,5522.4155,2320,1,1,1,0,still teacher
018027510630129,5,2024,8,1,17011,39,23,6,2,39,1,2,2,1,1,35,4066.3522,2300,1,1,2025,12,5,39,24,6,2,39,1,2,1,1,35,5800.4802,2300,1,1,1,0,still teacher
879916513030018,5,2024,13,3,17011,39,59,4,2,43,1,1,2,1,1,50,4782.5336,2330,1,1,2025,14,7,39,60,4,2,43,1,2,1,1,50,3855.1054,2360,1,0,0,1,other occupation
120553500992943,5,2024,11,2,17011,39,47,6,2,44,1,1,2,1,1,40,3927.1831,2300,1,1,2025,11,6,39,49,6,2,44,1,2,1,1,40,4729.1387,2300,1,1,1,0,still teacher
262442294040010,5,2024,15,2,17011,42,35,4,1,44,1,1,2,1,1,40,4500.5538,2310,1,1,2025,15,6,42,36,4,1,44,1,2,1,1,40,5197.0767,2310,1,1,1,0,still teacher
291100309774240,5,2024,15,3,17011,42,45,1,1,44,1,2,2,1,1,40,5019.7789,2320,1,1,2025,15,7,42,46,1,1,44,1,2,1,1,44,5467.308,2320,1,1,1,0,still teacher
170665400263764,5,2024,16,4,17011,42,36,1,2,44,1,2,2,1,1,40,4365.9067,2310,1,1,2025,16,8,42,37,1,2,44,1,2,1,1,40,4146.2558,2330,1,1,1,0,still teacher
000140434389637,5,2024,15,3,17011,44,60,4,2,44,1,1,2,1,1,40,1215.3088,2310,1,1,2025,15,7,44,61,4,2,44,1,2,1,1,40,1058.7716,2310,1,1,1,0,still teacher
461600210639441,5,2024,15,4,17011,44,41,1,2,44,1,2,2,1,1,40,1032.7273,2310,1,1,2025,15,8,44,42,1,2,44,1,2,1,1,50,1258.9122,2310,1,1,1,0,still teacher
064002011915344,5,2024,15,4,17011,45,33,1,1,44,1,1,2,1,1,40,3099.9576,2310,1,1,2025,13,8,45,34,1,1,44,1,2,1,1,40,2865.2835,2310,1,1,1,0,still teacher
034082005715298,5,2024,16,3,17011,45,62,1,2,43,1,2,2,1,1,40,2803.5538,2310,1,1,2025,15,7,45,63,1,2,43,1,2,1,5,-1,3327.4006,-1,0,0,0,1,out of labor force
997348744090015,5,2024,14,3,17011,47,27,1,1,43,1,1,2,1,1,40,4421.5648,2310,1,1,2025,15,7,47,28,1,1,43,1,2,1,1,42,4449.3758,2310,1,1,1,0,still teacher
997348744090015,5,2024,14,3,17011,47,27,1,2,43,1,2,2,1,1,40,3224.2359,2310,1,1,2025,15,7,47,28,1,2,43,1,2,1,1,40,4254.0782,2310,1,1,1,0,still teacher
775011105067462,5,2024,16,2,17011,47,62,1,2,44,2,2,2,1,1,40,3808.3655,2310,1,1,2025,14,6,47,62,1,2,44,2,2,1,1,40,3464.7083,2310,1,1,1,0,still teacher
005100574150757,5,2024,11,4,17011,50,68,4,2,44,1,1,2,1,1,-4,406.5243,2320,1,1,2025,12,8,50,69,4,2,44,1,2,1,1,35,389.2778,2310,1,1,1,0,still teacher
018060109271510,5,2024,16,2,17011,51,25,6,2,43,4,5,2,1,1,-4,5168.5902,2310,1,1,2025,15,6,51,26,6,2,43,4,2,1,1,35,8649.9287,2310,1,1,1,0,still teacher
018060109271510,5,2024,16,2,17011,51,20,6,2,40,4,7,2,1,1,-4,4667.2841,2310,1,1,2025,15,6,51,22,6,2,43,4,2,1,1,-4,10456.1807,2310,1,1,1,0,still teacher
130294200164315,5,2024,15,2,17011,51,45,1,2,43,1,2,2,1,1,-4,4595.0044,2310,1,1,2025,15,6,51,46,1,2,43,1,2,1,1,-4,5633.0305,725,1,0,0,1,other occupation
003110596276717,5,2024,15,1,17011,51,37,1,2,44,1,2,1,1,1,45,4171.9281,2310,1,1,2025,16,5,51,38,1,2,44,1,1,1,1,45,4872.0227,2310,1,1,1,0,still teacher
350555657091540,5,2024,14,4,17011,54,54,1,2,44,1,1,2,1,1,40,731.2854,2330,1,1,2025,14,8,54,55,1,2,44,1,2,1,1,40,668.9069,2330,1,1,1,0,still teacher
006110029960598,5,2024,16,2,17111,1,50,1,2,44,2,1,2,1,1,40,2781.7558,2310,1,1,2025,16,6,1,51,1,2,44,2,2,1,1,40,2886.9438,2310,1,1,1,0,still teacher
001110051135022,5,2024,12,4,17111,1,51,4,2,43,1,1,2,1,1,40,2247.1643,2310,1,1,2025,12,8,1,52,2,2,43,1,2,1,1,52,3015.9526,2320,1,1,1,0,still teacher
416057100774157,5,2024,11,2,17111,11,30,6,2,43,1,1,2,1,1,40,405.6121,2310,1,1,2025,13,6,11,31,6,2,44,1,2,1,1,40,531.5592,2310,1,1,1,0,still teacher
137781100158931,5,2024,16,2,17111,11,32,6,2,44,1,2,2,1,1,40,405.6121,2310,1,1,2025,16,6,11,33,1,2,44,1,2,1,2,40,531.5592,2310,1,1,1,0,still teacher
951100905920225,5,2024,16,3,17111,22,34,1,2,43,1,1,2,1,1,40,2724.9253,2300,1,1,2025,16,7,22,36,1,2,43,1,2,1,1,-4,2541.6274,2300,1,1,1,0,still teacher
110521700583442,5,2024,16,4,17111,25,27,6,2,44,1,2,2,1,1,40,4032.5333,2310,1,1,2025,16,8,25,29,6,2,44,1,2,1,1,35,3270.4085,2310,1,1,1,0,still teacher
130001700301013,5,2024,15,4,17111,33,64,1,2,44,1,1,2,5,1,40,931.6782,2300,1,1,2025,16,8,33,65,1,2,44,1,2,5,1,40,1045.4644,2300,1,1,1,0,still teacher
741200010310160,5,2024,14,3,17111,47,35,1,1,43,1,1,2,1,1,45,3635.025,2310,1,1,2025,15,7,47,36,1,1,43,1,2,1,1,40,3735.5279,2310,1,1,1,0,still teacher
460774061502577,5,2024,14,4,17111,54,53,4,2,44,1,1,2,1,1,40,743.5255,2310,1,1,2025,14,8,54,55,4,2,44,1,2,1,1,40,699.3896,2310,1,1,1,0,still teacher
001110006206302,5,2024,14,4,17011,1,33,1,2,44,1,2,2,1,1,40,2099.7783,2310,1,1,2025,15,8,1,34,1,2,44,1,2,1,1,40,2053.5254,2310,1,1,1,0,still teacher
532266790020216,5,2024,16,2,17011,2,45,1,2,44,1,2,2,1,1,40,592.6071,2330,1,1,2025,16,6,2,46,1,2,44,1,2,1,1,-4,522.945,2330,1,1,1,0,still teacher
200985051006168,5,2024,11,3,17011,5,25,6,2,43,1,1,2,1,1,40,2194.0862,2310,1,1,2025,11,7,5,26,6,2,43,1,2,1,1,40,2675.6941,2310,1,1,1,0,still teacher
058044109146193,5,2024,16,2,17011,15,38,2,2,40,8,4,2,1,1,20,1027.6492,2310,1,1,2025,16,6,15,39,2,2,42,8,2,1,7,-1,970.4812,-1,0,0,0,1,out of labor force
250688001102134,5,2024,14,4,17011,18,36,1,2,43,1,1,2,1,1,40,5703.775,2310,1,1,2025,14,8,18,37,1,2,43,1,2,1,1,40,6719.8747,2310,1,1,1,0,still teacher
120774300260032,5,2024,9,3,17011,22,46,1,2,43,1,1,2,1,1,40,1487.6953,2310,1,1,2025,13,7,22,47,1,2,43,1,2,1,1,40,1542.8073,2310,1,1,1,0,still teacher
335080107205290,5,2024,15,3,17011,23,39,1,2,44,1,2,2,1,1,50,2188.0173,2320,1,1,2025,15,7,23,40,1,2,44,1,2,1,1,50,1688.5931,2320,1,1,1,0,still teacher
008160280391539,5,2024,16,2,17011,26,53,1,2,44,1,1,2,1,1,40,4671.7028,2310,1,1,2025,16,6,26,54,1,2,44,1,2,1,1,40,4480.3371,2310,1,1,1,0,still teacher
460056071302595,5,2024,16,2,17011,36,28,6,2,44,1,3,2,1,1,37,5683.5876,2310,1,1,2025,16,6,36,29,6,2,44,1,2,1,1,35,4797.0521,2310,1,1,1,0,still teacher
160991500975923,5,2024,16,4,17011,39,54,1,1,44,2,1,2,1,1,40,5118.3529,2310,1,1,2025,16,8,39,55,1,1,46,2,2,1,1,40,7471.5244,230,1,0,0,1,other occupation
160991500975923,5,2024,16,4,17011,39,47,1,2,44,2,2,2,1,1,40,7293.5874,2310,1,1,2025,16,8,39,48,1,2,44,2,2,1,1,40,8556.4765,2310,1,1,1,0,still teacher
190836600282854,5,2024,15,3,17011,42,36,1,1,44,1,1,2,1,1,35,4134.6371,2310,1,1,2025,15,7,42,37,1,1,44,1,2,1,1,40,5254.9297,2320,1,1,1,0,still teacher
742569454080016,5,2024,16,3,17011,42,42,1,2,44,1,2,2,1,1,39,4756.9645,2320,1,1,2025,16,7,42,43,1,2,44,1,2,1,1,37,4755.9377,2320,1,1,1,0,still teacher
685551254060019,5,2024,15,4,17011,45,43,1,2,44,3,2,1,1,1,40,4735.5926,2310,1,1,2025,14,8,45,44,1,2,44,3,1,1,1,40,7265.5666,2310,1,1,1,0,still teacher
990245525081850,5,2024,16,4,17011,55,37,1,2,43,1,2,2,1,1,40,4575.8242,2310,1,1,2025,16,8,55,38,1,2,44,1,2,1,1,40,4284.3964,2310,1,1,1,0,still teacher
001140025334872,5,2024,14,3,17111,4,68,1,2,43,1,1,2,1,1,0,4222.4937,2310,1,1,2025,15,7,4,69,1,2,43,1,2,1,5,-1,4345.972,-1,0,0,0,1,out of labor force
070053030515533,5,2024,13,2,17111,5,50,4,2,43,1,1,2,1,1,40,1532.1689,2310,1,1,2025,13,6,5,50,4,2,43,1,2,1,1,40,1924.9843,2310,1,1,1,0,still teacher
890013351070012,5,2024,15,3,17111,10,35,1,1,44,1,2,2,1,1,40,1087.0361,2320,1,1,2025,16,7,10,37,1,1,44,1,2,1,1,38,998.1454,2320,1,1,1,0,still teacher
225309110153210,5,2024,15,2,17111,22,30,6,1,43,1,1,2,1,1,44,2243.2996,2310,1,1,2025,15,6,22,31,6,1,43,1,2,1,1,40,2115.6392,2310,1,1,1,0,still teacher
431400100434456,5,2024,13,4,17111,54,22,1,2,40,1,2,2,1,1,40,1126.5703,2300,1,1,2025,12,8,54,22,1,2,43,1,2,1,2,40,1238.3619,4600,1,0,0,1,other occupation
116539600444610,5,2024,14,2,17011,4,63,1,2,43,1,2,2,1,1,25,5672.0708,2310,1,1,2025,14,6,4,64,1,2,43,1,2,1,1,12,4466.8442,2310,1,1,1,0,still teacher
150788200435400,5,2024,14,3,17011,4,46,1,2,41,1,2,1,4,2,40,3346.057,2300,1,1,2025,14,7,4,47,1,2,42,1,1,4,1,40,4540.1355,2300,1,1,1,0,still teacher
053869470400175,5,2024,16,2,17011,5,48,1,2,44,1,1,2,1,1,40,1487.1481,2310,1,1,2025,15,6,5,49,1,2,44,1,2,1,1,40,1620.7729,2310,1,1,1,0,still teacher
470575001008498,5,2024,14,1,17011,5,57,6,2,43,1,2,2,1,1,40,1585.1854,2310,1,1,2025,13,5,5,58,6,2,43,1,2,1,1,40,1444.4191,2310,1,1,1,0,still teacher
170350700659440,5,2024,16,3,17011,6,42,1,2,44,4,2,2,4,1,40,4085.7058,2310,1,1,2025,16,7,6,44,1,2,44,4,2,4,1,40,4586.7646,2310,1,1,1,0,still teacher
205160045732701,5,2024,16,2,17011,6,52,1,2,43,1,1,2,1,1,40,3711.4507,2310,1,1,2025,16,6,6,53,1,2,43,1,2,1,1,40,3848.4161,2310,1,1,1,0,still teacher
030007062716735,5,2024,10,4,17011,6,29,1,2,43,1,2,1,1,1,40,5655.9334,2300,1,1,2025,8,8,6,30,1,2,42,1,1,1,7,-1,4996.4073,4600,0,0,0,1,out of labor force
980406071025716,5,2024,16,2,17011,6,46,1,2,44,1,2,2,1,1,35,3932.2588,2310,1,1,2025,16,6,6,47,1,2,44,1,2,1,1,38,3796.1422,2310,1,1,1,0,still teacher
000059079716520,5,2024,16,3,17011,6,25,1,2,43,1,2,1,1,1,40,4459.4335,2310,1,1,2025,16,7,6,26,1,2,43,1,1,1,2,40,5181.0588,2310,1,1,1,0,still teacher
290986051016002,5,2024,16,3,17011,6,33,1,2,44,2,2,2,1,1,40,6631.6067,2310,1,1,2025,16,7,6,34,1,2,44,2,2,1,1,40,7697.9817,2310,1,1,1,0,still teacher
171080100653890,5,2024,13,4,17011,6,61,4,2,43,1,1,2,1,1,32,3841.9736,2310,1,1,2025,13,8,6,62,4,2,43,1,2,1,1,40,4535.7047,2310,1,1,1,0,still teacher
500430201081960,5,2024,15,3,17011,6,52,1,2,43,4,2,2,4,1,40,5188.2908,2310,1,1,2025,16,7,6,53,1,2,43,4,2,4,1,40,4977.105,2310,1,1,1,0,still teacher
596830090060010,5,2024,16,4,17011,6,73,1,2,44,1,1,2,1,1,40,3706.5669,2310,1,1,2025,16,8,6,74,3,2,44,1,2,1,1,40,4449.7619,2310,1,1,1,0,still teacher
050067094816959,5,2024,16,4,17011,6,70,1,1,44,1,2,2,1,1,40,4077.6451,2320,1,1,2025,16,8,6,70,1,1,44,1,2,1,1,40,4326.7253,2310,1,1,1,0,still teacher
080033035818878,5,2024,14,4,17011,8,44,6,1,44,1,1,2,1,1,55,4406.41,2310,1,1,2025,14,8,8,45,6,1,44,1,2,1,1,55,4194.0569,2310,1,1,1,0,still teacher
071467057715152,5,2024,14,2,17011,15,65,4,2,43,1,1,2,1,1,40,678.8505,2320,1,1,2025,12,6,15,66,4,2,43,1,2,1,1,40,581.1686,2310,1,1,1,0,still teacher
340801996011454,5,2024,14,2,17011,15,74,4,2,44,1,1,2,1,1,18,642.5438,2310,1,1,2025,13,6,15,74,4,2,44,1,2,1,5,-1,500.304,-1,0,0,0,1,out of labor force
003101690913157,5,2024,14,3,17011,17,35,6,2,44,4,1,2,1,1,40,4882.7985,2310,1,1,2025,14,7,17,36,6,2,44,4,2,1,1,40,4145.6161,2310,1,1,1,0,still teacher
560301676091777,5,2024,15,1,17011,17,41,1,1,43,1,2,2,1,1,80,5231.0329,2310,1,1,2025,16,5,17,42,1,1,43,1,2,1,1,80,5423.2674,2360,1,0,0,1,other occupation
713202010826470,5,2024,14,2,17011,17,64,1,2,44,1,1,2,1,1,14,4443.1142,2310,1,1,2025,16,6,17,65,1,2,44,1,2,1,1,-4,4932.6985,2360,1,0,0,1,other occupation
071081017018923,5,2024,14,3,17011,18,49,4,2,39,3,5,2,4,1,40,5919.1941,2300,1,1,2025,14,7,18,50,4,2,39,3,2,4,1,40,6569.5017,2545,1,0,0,1,other occupation
001180187195093,5,2024,16,3,17011,18,36,1,2,44,4,2,2,5,1,40,4214.191,2300,1,1,2025,15,7,18,37,1,2,44,4,2,5,1,40,4051.3349,2300,1,1,1,0,still teacher
720141433051380,5,2024,16,3,17011,18,31,1,1,43,1,1,2,1,1,40,4081.1171,2310,1,1,2025,11,7,18,32,4,1,43,1,2,1,1,40,5387.3136,2310,1,1,1,0,still teacher
917707014658060,5,2024,6,2,17011,19,50,1,2,44,1,1,2,1,2,40,2527.2799,2310,1,1,2025,16,6,19,51,1,2,44,1,2,1,1,30,2333.5218,2006,1,0,0,1,other occupation
130645200051622,5,2024,15,3,17012,20,40,6,2,44,1,2,2,1,1,40,2168.2282,2320,1,1,2025,15,7,20,42,6,2,44,1,2,1,1,40,1412.9179,2320,1,1,1,0,still teacher
241700400611622,5,2024,10,4,17011,26,34,6,1,44,2,1,1,5,1,38,5954.0515,2320,1,1,2025,11,8,26,36,6,1,44,2,1,5,1,35,9113.5365,2320,1,1,1,0,still teacher
040419430620127,5,2024,16,1,17011,27,44,1,2,44,1,2,2,1,1,40,3166.9939,2330,1,1,2025,16,5,27,44,1,2,44,1,2,1,1,40,3230.7331,2330,1,1,1,0,still teacher
370162542021970,5,2024,16,3,17011,27,44,1,2,44,1,2,2,1,1,40,3135.8077,2310,1,1,2025,16,7,27,44,1,2,44,1,2,1,1,40,4236.3521,2310,1,1,1,0,still teacher
160879900712462,5,2024,16,2,17011,27,52,1,2,44,1,2,2,1,1,40,4367.699,2320,1,1,2025,6,6,27,53,1,2,44,1,2,1,1,40,3419.8796,2310,1,1,1,0,still teacher
160594100761622,5,2024,16,2,17011,27,56,1,2,43,1,2,2,1,1,36,4311.0894,2330,1,1,2025,12,6,27,57,1,2,43,1,2,1,1,30,3955.8088,2545,1,0,0,1,other occupation
170104600701312,5,2024,14,4,17011,27,52,1,2,43,1,2,2,1,1,40,4062.1506,2310,1,1,2025,14,8,27,53,1,2,43,1,2,1,1,40,4405.5457,2310,1,1,1,0,still teacher
740362345041090,5,2024,11,2,17011,29,50,4,2,43,1,1,2,1,1,55,6748.9169,2310,1,1,2025,11,6,29,52,4,2,44,1,2,1,1,60,4646.8648,2310,1,1,1,0,still teacher
531900904702923,5,2024,15,3,17011,29,40,1,1,43,1,1,2,1,1,40,3595.9463,2320,1,1,2025,15,7,29,41,1,1,43,1,2,1,1,40,2854.7774,2320,1,1,1,0,still teacher
032860990020149,5,2024,8,4,17011,29,32,6,1,43,1,2,2,1,1,40,4373.7314,2330,1,1,2025,16,8,29,33,6,1,43,1,2,1,1,40,7451.0464,2310,1,1,1,0,still teacher
033100018902210,5,2024,15,1,17011,30,41,1,2,40,1,1,2,3,1,40,574.5116,2320,1,1,2025,15,5,30,42,1,2,40,1,2,1,1,40,620.5294,2320,1,1,1,0,still teacher
033100018902210,5,2024,15,1,17011,30,42,1,1,44,1,2,2,1,1,50,611.6694,2320,1,1,2025,15,5,30,43,1,1,44,1,2,1,1,50,755.8916,2320,1,1,1,0,still teacher
065657000930131,5,2024,14,4,17011,31,40,1,1,45,1,2,2,1,1,55,1513.3739,2320,1,1,2025,15,8,31,41,1,1,44,1,2,1,1,50,1828.3956,1320,1,0,0,1,other occupation
013050106675390,5,2024,2,4,17011,31,53,1,2,40,1,1,2,1,1,30,1589.3004,2310,1,1,2025,16,8,31,54,1,2,40,1,2,1,1,27,1909.1018,2310,1,1,1,0,still teacher
622531583090319,5,2024,14,4,17011,32,22,1,2,39,2,2,2,1,1,50,4013.1049,2300,1,1,2025,12,8,32,23,1,2,40,2,2,1,1,40,2878.3821,2545,1,0,0,1,other occupation
229048102305390,5,2024,15,2,17011,32,57,4,2,44,1,1,2,1,1,38,1985.4464,2310,1,1,2025,15,6,32,58,4,2,44,1,2,1,1,-4,2094.1726,2330,1,1,1,0,still teacher
534406115838110,5,2024,6,2,17011,35,65,4,2,43,1,1,1,1,1,40,1273.0275,2310,1,1,2025,6,6,35,66,4,2,43,1,1,1,5,-1,1636.396,-1,0,0,0,1,out of labor force
076612280831118,5,2024,16,3,17011,38,45,1,2,44,1,2,2,1,1,40,375.0396,2330,1,1,2025,15,7,38,46,1,2,44,1,2,1,1,40,468.8147,2330,1,1,1,0,still teacher
006100496366746,5,2024,15,3,17011,40,54,1,2,43,1,2,2,1,1,40,2200.3375,2310,1,1,2025,16,7,40,55,1,2,43,1,2,1,1,45,2297.7583,2310,1,1,1,0,still teacher
160534783091110,5,2024,16,1,17011,41,47,1,2,44,1,1,2,1,1,40,2798.7517,2310,1,1,2025,16,5,41,48,1,2,44,1,2,1,1,40,2222.3249,2310,1,1,1,0,still teacher
161534900687694,5,2024,10,2,17011,46,26,6,2,43,1,2,2,1,1,40,684.766,2310,1,1,2025,13,6,46,28,6,2,43,1,2,1,1,40,838.0185,2310,1,1,1,0,still teacher
000180459804980,5,2024,16,3,17011,48,42,1,1,43,1,1,2,1,1,40,6015.826,2310,1,1,2025,15,7,48,43,1,1,43,1,2,1,1,40,4874.1418,1240,1,0,0,1,other occupation
678303704040212,5,2024,11,3,17011,48,50,6,2,44,1,1,2,4,1,-4,4217.0468,2320,1,1,2025,12,7,48,51,6,2,44,1,2,4,1,-4,5000.9906,2310,1,1,1,0,still teacher
460034681091181,5,2024,13,1,17011,48,34,1,2,43,1,2,2,1,1,-4,5631.0815,2310,1,1,2025,14,5,48,35,1,2,43,1,2,1,1,55,5684.6954,2300,1,1,1,0,still teacher
067299960740118,5,2024,12,4,17011,48,20,5,2,43,1,1,2,1,1,40,5072.8811,2310,1,1,2025,12,8,48,21,5,2,43,1,2,1,1,40,5351.1758,2310,1,1,1,0,still teacher
360454031071380,5,2024,16,3,17011,48,39,1,2,43,1,2,2,1,1,40,4439.0525,2320,1,1,2025,16,7,48,40,1,2,43,1,2,1,1,40,4245.6926,2320,1,1,1,0,still teacher
840312912263710,5,2024,16,2,17011,48,35,1,2,43,1,2,2,1,1,40,4719.1274,2310,1,1,2025,16,6,48,36,1,2,43,1,2,1,1,40,5375.8438,2310,1,1,1,0,still teacher
721300815930846,5,2024,14,3,17011,48,55,1,2,43,1,1,2,1,1,40,4427.3053,2310,1,1,2025,14,7,48,56,1,2,43,1,2,1,1,40,4291.9714,2310,1,1,1,0,still teacher
843800015508760,5,2024,13,3,17011,48,65,1,2,43,1,2,2,1,1,20,4704.5609,2310,1,1,2025,15,7,48,66,1,2,43,1,2,1,5,-1,4151.5921,-1,0,0,0,1,out of labor force
340384970041980,5,2024,14,4,17011,48,26,1,2,43,1,1,2,1,1,40,5290.6292,2320,1,1,2025,16,8,48,26,1,2,43,1,2,1,1,40,5200.6385,2310,1,1,1,0,still teacher
003190485342691,5,2024,15,4,17011,49,47,1,2,44,1,2,2,1,1,40,1607.8443,2310,1,1,2025,15,8,49,48,1,2,44,1,2,1,1,40,1571.6936,230,1,0,0,1,other occupation
540693011503174,5,2024,13,2,17011,53,38,1,2,44,1,1,2,1,1,40,4982.9535,2310,1,1,2025,13,6,53,39,1,2,44,1,2,1,1,40,5800.9498,2310,1,1,1,0,still teacher
015170078213579,5,2024,16,3,17011,53,51,1,2,43,1,1,2,1,1,15,4234.7241,2300,1,1,2025,16,7,53,53,1,2,43,1,2,1,1,20,3918.6997,2300,1,1,1,0,still teacher
131871100362405,5,2024,15,1,17011,53,55,1,2,44,1,2,2,1,1,40,3332.6305,2310,1,1,2025,16,5,53,56,1,2,44,1,2,1,1,40,3653.3947,2310,1,1,1,0,still teacher
055062085715908,5,2024,15,1,17011,55,32,6,2,44,1,1,2,1,1,40,4909.0653,2320,1,1,2025,15,5,55,34,1,2,44,1,2,1,1,40,4361.3964,2320,1,1,1,0,still teacher
951090106296519,5,2024,15,3,17011,55,61,1,2,44,1,1,2,1,1,45,3610.3644,2310,1,1,2025,16,7,55,62,1,2,44,1,2,1,1,43,3550.4965,2310,1,1,1,0,still teacher
101291900606885,5,2024,16,2,17011,56,60,1,1,44,1,1,2,1,1,50,499.3382,2310,1,1,2025,16,6,56,61,1,1,44,1,2,1,1,42,605.567,2310,1,1,1,0,still teacher
180045041005808,5,2024,15,4,17111,5,50,1,2,43,1,2,2,1,1,40,1487.0298,2310,1,1,2025,14,8,5,51,1,2,43,1,2,1,5,-1,1577.5279,-1,0,0,0,1,out of labor force
080586061102471,5,2024,15,4,17111,16,65,3,1,44,1,1,2,4,1,40,989.7414,2310,1,1,2025,16,8,16,66,3,1,44,1,2,4,1,45,1026.7397,2310,1,1,1,0,still teacher
093009085210905,5,2024,13,1,17111,30,44,4,2,44,1,1,2,1,1,45,574.9026,2310,1,1,2025,15,5,30,46,4,2,44,1,2,1,1,40,546.03,2310,1,1,1,0,still teacher
570393762071400,5,2024,12,4,17111,30,53,6,2,44,1,1,2,1,1,40,512.4214,2310,1,1,2025,13,8,30,54,6,2,44,1,2,1,1,40,633.1427,2310,1,1,1,0,still teacher
033090022211192,5,2024,14,3,17111,31,52,1,2,44,1,2,2,1,1,50,1759.5554,2310,1,1,2025,15,7,31,53,1,2,45,1,2,1,1,40,1592.6529,2310,1,1,1,0,still teacher
445015333020014,5,2024,15,4,17111,35,30,1,2,44,1,2,2,1,1,45,896.4783,2310,1,1,2025,15,8,35,30,1,2,44,1,2,1,1,45,1313.2277,2310,1,1,1,0,still teacher
870103818091480,5,2024,12,4,17111,38,34,1,2,43,4,2,2,5,1,40,520.3965,2310,1,1,2025,14,8,38,34,1,2,43,4,2,5,1,40,445.9685,2310,1,1,1,0,still teacher
120134783091110,5,2024,14,4,17111,41,44,1,2,44,1,2,2,1,1,52,2984.361,2310,1,1,2025,14,8,41,45,1,2,44,1,2,1,1,50,2643.8866,2310,1,1,1,0,still teacher
095052061513601,5,2024,16,2,17111,53,61,1,2,44,1,2,2,1,1,22,4238.0295,2310,1,1,2025,15,6,53,62,1,2,44,1,2,1,5,-1,4254.7555,-1,0,0,0,1,out of labor force
899547700010116,5,2024,16,2,17011,9,41,1,2,46,1,2,2,1,1,48,3608.0054,2310,1,1,2025,16,6,9,42,1,2,46,1,2,1,1,48,2801.0649,230,1,0,0,1,other occupation
540751041127147,5,2024,16,3,17011,11,41,6,2,44,4,1,2,4,1,40,262.1224,2310,1,1,2025,16,7,11,42,1,2,44,4,2,4,1,40,334.6915,2310,1,1,1,0,still teacher
115406314650370,5,2024,15,3,17011,11,38,1,1,44,2,1,2,1,1,40,677.3104,2310,1,1,2025,16,7,11,39,1,1,44,2,2,1,1,40,1267.2418,2310,1,1,1,0,still teacher
115406314650370,5,2024,15,3,17011,11,41,1,2,44,2,2,2,1,1,40,563.7789,2310,1,1,2025,16,7,11,42,1,2,44,2,2,1,1,40,616.2079,2360,1,0,0,1,other occupation
050661423051322,5,2024,11,2,17011,12,61,1,2,44,1,1,1,4,1,40,4574.4227,2310,1,1,2025,12,6,12,63,1,2,44,1,1,4,1,25,4720.0435,2861,1,0,0,1,other occupation
609120150129702,5,2024,12,2,17011,12,23,4,1,43,2,2,2,1,1,40,6174.7742,2310,1,1,2025,15,6,12,24,4,1,43,2,2,1,1,40,4779.4531,20,1,0,0,1,other occupation
330093041104955,5,2024,15,2,17011,13,47,1,2,44,1,2,2,1,1,24,5077.5821,2310,1,1,2025,16,6,13,48,1,2,44,1,2,1,1,24,4236.6017,2310,1,1,1,0,still teacher
990211449071930,5,2024,14,3,17011,13,32,1,2,43,1,2,2,1,1,40,5177.5261,2310,1,1,2025,14,7,13,33,1,2,43,1,2,1,1,40,5093.0547,2310,1,1,1,0,still teacher
312103012452920,5,2024,16,1,17011,13,45,1,2,46,1,2,2,1,1,40,4533.8205,2310,1,1,2025,16,5,13,46,1,2,46,1,2,1,1,40,3468.7068,2330,1,1,1,0,still teacher
081061021713065,5,2024,13,4,17011,13,69,4,1,40,1,1,2,1,1,40,4281.5292,2330,1,1,2025,16,8,13,70,4,1,43,1,2,1,1,40,3698.1997,2330,1,1,1,0,still teacher
001120227291730,5,2024,15,4,17011,22,46,1,2,40,1,2,2,1,1,40,2057.3876,2300,1,1,2025,13,8,22,46,1,2,40,1,2,1,1,40,1801.1753,2310,1,1,1,0,still teacher
423505011424850,5,2024,16,4,17011,24,45,1,2,44,1,1,2,1,1,40,3889.5385,2310,1,1,2025,16,8,24,46,1,2,44,1,2,1,1,40,5467.9277,2310,1,1,1,0,still teacher
285699512000018,5,2024,16,2,17011,25,38,1,2,44,1,2,2,1,1,40,3662.1374,2310,1,1,2025,16,6,25,39,1,2,44,1,2,1,1,40,3785.8458,2310,1,1,1,0,still teacher
012016210922165,5,2024,12,1,17011,25,35,6,1,44,1,1,2,1,1,35,3853.6288,2320,1,1,2025,13,5,25,36,6,1,44,1,2,1,1,40,3776.0831,2310,1,1,1,0,still teacher
382000109727280,5,2024,9,4,17011,28,52,4,2,43,1,1,2,1,1,40,1401.1203,2310,1,1,2025,14,8,28,52,4,2,43,1,2,1,1,40,1642.7818,2310,1,1,1,0,still teacher
823455993010016,5,2024,16,3,17011,33,69,1,2,43,1,2,2,1,1,14,1011.503,2310,1,1,2025,15,7,33,70,1,2,43,1,2,1,1,20,902.0867,2360,1,0,0,1,other occupation
140061109938325,5,2024,16,1,17011,34,52,1,1,43,1,1,1,1,1,40,4751.8237,2310,1,1,2025,16,5,34,53,1,1,43,1,1,1,1,40,5528.6956,2310,1,1,1,0,still teacher
140061109938325,5,2024,16,1,17011,34,53,1,2,44,1,2,1,4,1,40,4615.327,2310,1,1,2025,16,5,34,54,1,2,44,1,1,4,1,40,5148.3856,2310,1,1,1,0,still teacher
121601400628923,5,2024,14,1,17011,36,51,1,1,44,1,2,1,1,1,50,4962.273,2320,1,1,2025,14,5,36,52,1,1,44,1,1,1,1,50,7098.7639,2310,1,1,1,0,still teacher
561700716752634,5,2024,15,3,17011,36,27,6,1,44,3,2,2,1,1,40,6210.3084,2310,1,1,2025,15,7,36,28,6,1,44,3,2,1,1,40,6544.5323,2320,1,1,1,0,still teacher
461700736792634,5,2024,15,2,17011,36,75,4,2,43,1,1,2,1,1,40,4184.6833,2320,1,1,2025,1,6,36,76,4,2,43,1,2,1,1,40,3724.406,2320,1,1,1,0,still teacher
636501214194540,5,2024,16,2,17011,36,42,1,2,44,1,2,2,1,1,40,5476.9375,2310,1,1,2025,16,6,36,43,1,2,44,1,2,1,1,40,4434.354,2310,1,1,1,0,still teacher
731106018757230,5,2024,16,2,17011,37,56,1,2,43,2,1,2,1,1,40,4440.6371,2310,1,1,2025,14,6,37,57,1,2,43,2,2,1,5,-1,4729.8445,-1,0,0,0,1,out of labor force
045234130030119,5,2024,13,3,17011,39,34,1,1,43,1,1,2,1,1,40,5910.0363,2320,1,1,2025,13,7,39,36,1,1,43,1,2,1,1,40,4613.975,2320,1,1,1,0,still teacher
190692300931193,5,2024,16,4,17011,39,58,1,2,44,1,1,2,1,1,40,3586.4959,2310,1,1,2025,16,8,39,59,1,2,44,1,2,1,1,40,3490.1727,2310,1,1,1,0,still teacher
190692300931193,5,2024,16,4,17011,39,25,6,2,43,1,3,2,1,1,40,5197.5153,2310,1,1,2025,16,8,39,26,6,2,43,1,2,1,1,40,5397.1571,2310,1,1,1,0,still teacher
771800013087242,5,2024,16,1,17011,42,48,1,2,44,1,1,2,1,1,40,5468.7625,2320,1,1,2025,16,5,42,49,1,2,44,1,2,1,1,40,5877.1549,2310,1,1,1,0,still teacher
626050108011408,5,2024,8,2,17011,42,21,6,2,40,1,3,2,1,1,10,4320.2664,2300,1,1,2025,16,6,42,23,6,2,42,1,2,1,1,40,4882.2273,2360,1,0,0,1,other occupation
303140456898569,5,2024,14,2,17011,44,61,6,2,44,1,1,2,1,1,40,1410.3454,2310,1,1,2025,14,6,44,62,6,2,44,1,2,1,1,40,1195.9662,2310,1,1,1,0,still teacher
101140429268810,5,2024,13,1,17011,44,23,6,1,43,1,2,2,1,1,35,1681.9718,2320,1,1,2025,14,5,44,24,6,1,43,1,2,1,1,35,1982.7553,2320,1,1,1,0,still teacher
005789910840117,5,2024,14,2,17011,47,29,1,2,43,1,2,2,1,1,45,4740.7689,2310,1,1,2025,15,6,47,30,1,2,43,1,2,1,1,40,3462.9382,2310,1,1,1,0,still teacher
160297021405957,5,2024,14,4,17011,47,42,4,2,46,1,1,2,1,1,35,2948.7425,2310,1,1,2025,14,8,47,43,1,2,46,1,2,1,1,35,2667.0934,2320,1,1,1,0,still teacher
082086450250141,5,2024,12,2,17011,51,54,4,1,43,1,1,2,1,1,40,4447.1028,2320,1,1,2025,13,6,51,55,4,1,44,1,2,1,1,40,4265.9006,2310,1,1,1,0,still teacher
380045668031911,5,2024,14,1,17011,51,68,1,2,42,1,2,2,1,1,50,4274.4471,2310,1,1,2025,13,5,51,69,1,2,40,1,2,1,1,40,5735.1536,2310,1,1,1,0,still teacher
119040101120031,5,2024,12,2,17111,1,39,1,2,42,1,2,2,1,1,40,2270.9297,2330,1,1,2025,14,6,1,40,1,2,41,1,2,1,1,40,2963.9818,2310,1,1,1,0,still teacher
112070105599087,5,2024,13,3,17111,1,55,6,2,44,1,1,2,1,2,40,2260.0115,2310,1,1,2025,13,7,1,56,6,2,44,1,2,1,1,40,2165.36,2310,1,1,1,0,still teacher
112507313724550,5,2024,14,3,17111,11,31,6,2,44,8,2,2,3,1,40,431.7419,2310,1,1,2025,14,7,11,32,6,2,44,8,2,3,1,40,398.4778,2300,1,1,1,0,still teacher
100121071174674,5,2024,16,1,17111,11,32,1,1,44,1,1,2,1,1,50,417.7574,2310,1,1,2025,16,5,11,33,1,1,44,1,2,1,1,38,417.0615,2310,1,1,1,0,still teacher
650452146031250,5,2024,16,1,17111,25,51,1,1,44,1,1,2,1,1,40,3836.8633,2310,1,1,2025,15,5,25,52,1,1,44,1,2,1,1,40,4318.0544,2310,1,1,1,0,still teacher
005273130220145,5,2024,14,4,17111,25,36,6,1,44,1,1,1,1,1,50,3798.7404,2310,1,1,2025,14,8,25,38,6,1,44,1,1,1,1,40,4788.8242,2310,1,1,1,0,still teacher
911700607319521,5,2024,15,3,17111,25,45,1,1,44,1,2,2,1,1,40,3123.4342,2320,1,1,2025,15,7,25,46,1,1,44,1,2,1,1,40,3189.0193,2320,1,1,1,0,still teacher
140826600342883,5,2024,14,3,17111,33,66,5,2,43,1,1,2,1,1,50,967.1685,2310,1,1,2025,14,7,33,67,5,2,43,1,2,1,1,50,907.4336,2310,1,1,1,0,still teacher
024012038515425,5,2024,14,1,17111,45,38,5,2,43,1,1,2,1,1,40,2593.2218,2320,1,1,2025,12,5,45,39,5,2,43,1,2,1,1,40,3041.9581,2310,1,1,1,0,still teacher
039933670240107,5,2024,15,4,17111,47,64,1,1,44,1,1,2,1,1,40,4292.8806,2310,1,1,2025,15,8,47,65,1,1,44,1,2,1,1,40,3559.5065,2310,1,1,1,0,still teacher
157317884050015,5,2024,13,3,17111,47,65,4,2,43,1,1,2,1,1,60,2948.3169,2310,1,1,2025,13,7,47,66,4,2,43,1,2,1,1,-4,2801.1516,2310,1,1,1,0,still teacher
022685410940157,5,2024,15,1,17111,47,51,1,2,46,2,1,2,1,1,40,4167.1468,2320,1,1,2025,15,5,47,52,1,2,46,2,2,1,1,40,4284.3839,2310,1,1,1,0,still teacher
480524041503175,5,2024,12,3,17111,54,48,1,2,42,1,3,2,1,1,40,665.7196,2320,1,1,2025,15,7,54,49,1,2,42,1,2,1,6,-1,639.4348,-1,0,0,0,1,out of labor force
100351500453995,5,2024,16,3,17111,54,45,1,2,44,1,1,2,1,1,40,668.4724,2310,1,1,2025,16,7,54,46,1,2,44,1,2,1,1,40,646.4872,2310,1,1,1,0,still teacher
044918240220102,5,2024,12,4,17011,22,36,2,2,43,2,1,2,1,1,40,1855.2727,2310,1,1,2025,12,8,22,38,2,2,43,2,2,1,1,40,2172.1806,2310,1,1,1,0,still teacher
110558021201884,5,2024,12,4,17011,28,58,1,2,43,1,2,2,1,1,40,1291.1304,2300,1,1,2025,11,8,28,60,1,2,43,1,2,1,1,40,1420.9911,2300,1,1,1,0,still teacher
571800407608748,5,2024,15,4,17011,47,30,1,1,43,1,1,2,1,1,40,4075.8887,2320,1,1,2025,15,8,47,31,1,1,43,1,2,1,2,40,4174.0478,2310,1,1,1,0,still teacher
012031094018016,5,2024,14,3,17111,28,41,1,2,43,1,2,2,1,1,40,1939.5699,2310,1,1,2025,14,7,28,43,1,2,43,1,2,1,1,40,1635.5114,2310,1,1,1,0,still teacher
825303011912710,5,2024,6,4,17111,28,48,6,2,44,2,2,2,1,1,40,1773.4652,2310,1,1,2025,4,8,28,49,6,2,44,2,2,1,1,40,2187.0408,2310,1,1,1,0,still teacher
190940406061020,5,2024,13,4,17011,2,72,1,2,44,1,2,2,1,1,15,509.9289,2310,1,1,2025,15,8,2,73,1,2,44,1,2,1,1,25,545.6733,2310,1,1,1,0,still teacher
050225095216133,5,2024,14,2,17011,6,39,6,2,43,1,4,2,1,1,24,4786.1247,2310,1,1,2025,15,6,6,40,6,2,43,1,2,1,1,30,4888.064,2320,1,1,1,0,still teacher
014103110303156,5,2024,16,2,17011,6,34,6,1,44,5,1,1,1,1,30,5131.1573,2330,1,1,2025,16,6,6,35,6,1,44,5,1,1,1,40,7559.0839,230,1,0,0,1,other occupation
014103110303156,5,2024,16,2,17011,6,35,6,2,44,1,2,2,1,1,30,4930.0075,2330,1,1,2025,16,6,6,36,6,2,44,1,2,1,1,40,5752.4762,2310,1,1,1,0,still teacher
190230819031580,5,2024,4,4,17011,8,57,3,2,43,1,1,2,1,1,40,4261.4025,2310,1,1,2025,13,8,8,58,3,2,43,1,2,1,1,40,4050.1685,2310,1,1,1,0,still teacher
170687800547021,5,2024,15,4,17011,15,57,1,2,43,4,1,2,5,1,40,715.6627,2310,1,1,2025,15,8,15,59,1,2,43,4,2,5,1,35,702.0492,2310,1,1,1,0,still teacher
026215821040018,5,2024,13,1,17011,16,76,1,2,43,1,1,2,1,1,16,882.0477,2310,1,1,2025,15,5,16,76,1,2,43,1,2,1,1,24,843.9104,2360,1,0,0,1,other occupation
731400100414816,5,2024,15,3,17011,18,27,1,2,43,1,2,2,1,1,40,4529.6523,2310,1,1,2025,15,7,18,28,1,2,43,1,2,1,1,40,5228.7817,2310,1,1,1,0,still teacher
988628021090011,5,2024,15,3,17011,18,46,6,2,44,1,2,2,1,1,40,3362.1099,2310,1,1,2025,15,7,18,48,6,2,44,1,2,1,1,40,3571.24,2310,1,1,1,0,still teacher
391080105690175,5,2024,14,3,17011,19,51,1,2,43,1,2,2,1,1,50,2580.9097,2310,1,1,2025,14,7,19,52,1,2,43,1,2,1,1,50,2822.8087,2330,1,1,1,0,still teacher
038242640020126,5,2024,14,4,17011,26,57,1,2,43,1,1,2,1,1,40,3749.5973,2300,1,1,2025,14,8,26,58,1,2,43,1,2,1,1,40,4677.7786,2300,1,1,1,0,still teacher
130061500791122,5,2024,13,1,17011,27,72,1,1,44,1,1,2,1,1,-4,4311.4029,2310,1,1,2025,13,5,27,73,1,1,44,1,2,1,5,-1,4607.869,-1,0,0,0,1,out of labor force
997070103144268,5,2024,12,1,17011,29,62,1,1,44,1,1,2,1,1,-4,6145.4404,2320,1,1,2025,15,5,29,63,1,1,44,1,2,1,1,40,5370.4415,2320,1,1,1,0,still teacher
130494200164313,5,2024,16,4,17011,31,24,6,1,40,1,2,1,1,1,36,1424.1394,2310,1,1,2025,15,8,31,25,6,1,40,1,1,1,1,35,2012.3875,2310,1,1,1,0,still teacher
130494200164313,5,2024,16,4,17011,31,24,6,2,43,1,3,1,1,1,40,1954.848,2310,1,1,2025,15,8,31,25,6,2,43,1,1,1,1,35,2355.4129,2310,1,1,1,0,still teacher
804120361952989,5,2024,16,2,17011,32,50,1,1,44,1,1,2,1,1,40,2258.8316,2310,1,1,2025,16,6,32,51,1,1,44,1,2,1,1,40,2203.4869,2310,1,1,1,0,still teacher
804120361952989,5,2024,16,2,17011,32,52,1,2,44,1,2,1,1,1,40,2232.3242,2310,1,1,2025,16,6,32,53,1,2,44,1,1,1,1,40,2410.7866,2310,1,1,1,0,still teacher
721400504716230,5,2024,14,1,17011,32,25,6,2,43,1,2,2,1,1,40,2382.7427,2310,1,1,2025,15,5,32,26,1,2,43,1,2,1,1,40,3759.4568,2310,1,1,1,0,still teacher
555714843000217,5,2024,13,3,17011,35,51,1,2,42,1,2,1,4,1,40,1314.0564,2300,1,1,2025,13,7,35,51,1,2,42,1,1,4,1,40,1575.5424,2310,1,1,1,0,still teacher
900414206071500,5,2024,15,3,17011,40,36,6,2,43,1,2,2,1,1,60,2304.4529,2310,1,1,2025,15,7,40,37,6,2,43,1,2,1,1,60,2529.3673,2310,1,1,1,0,still teacher
190450001408156,5,2024,14,4,17011,40,41,1,2,44,1,1,2,1,1,40,1996.7436,2310,1,1,2025,14,8,40,42,1,2,44,1,2,1,1,40,2143.2916,2310,1,1,1,0,still teacher
003629260040111,5,2024,9,3,17011,41,48,4,2,39,1,1,1,5,1,40,2752.7384,2300,1,1,2025,15,7,41,49,4,2,40,1,1,5,1,40,2392.7445,2310,1,1,1,0,still teacher
980948091403960,5,2024,14,3,17011,48,38,1,2,43,1,2,2,1,1,40,4651.2241,2320,1,1,2025,15,7,48,40,1,2,43,1,2,1,1,40,4062.2319,2310,1,1,1,0,still teacher
638014314030014,5,2024,15,3,17011,48,37,1,2,43,1,1,2,1,1,50,4508.2918,2330,1,1,2025,15,7,48,38,1,2,43,1,2,1,1,50,4264.8632,2330,1,1,1,0,still teacher
638014314030014,5,2024,15,3,17011,48,38,1,1,43,1,2,2,1,1,60,5514.8046,2320,1,1,2025,15,7,48,39,1,1,43,1,2,1,1,55,4393.7181,2320,1,1,1,0,still teacher
960728011409659,5,2024,16,4,17011,48,37,1,2,44,1,2,1,1,1,40,4428.5938,2310,1,1,2025,16,8,48,38,1,2,44,1,1,1,1,40,5310.2225,2310,1,1,1,0,still teacher
075063084915473,5,2024,15,1,17011,55,51,1,2,43,1,2,2,1,1,40,4569.5304,2310,1,1,2025,16,5,55,52,1,2,43,1,2,1,1,40,3866.9183,2310,1,1,1,0,still teacher
650475370041450,5,2024,16,2,17011,55,34,1,2,43,1,2,2,1,1,40,3510.8335,2310,1,1,2025,16,6,55,35,1,2,43,1,2,1,1,40,4543.1251,2310,1,1,1,0,still teacher
761700909037550,5,2024,14,3,17011,55,38,6,1,44,1,1,2,1,1,40,5587.2174,2310,1,1,2025,14,7,55,39,6,1,44,1,2,1,1,40,6338.6643,2310,1,1,1,0,still teacher
006150519136235,5,2024,16,2,17011,55,42,1,1,42,1,2,2,1,1,40,3842.102,2310,1,1,2025,16,6,55,43,1,1,42,1,2,1,1,40,5054.4651,2310,1,1,1,0,still teacher
740115010031061,5,2024,10,2,17011,56,57,1,1,44,1,1,2,1,1,60,534.5621,2320,1,1,2025,15,6,56,58,1,1,44,1,2,1,1,60,597.2854,2320,1,1,1,0,still teacher
146569715030015,5,2024,15,3,17011,56,59,1,2,43,1,2,2,1,1,55,408.3924,2310,1,1,2025,16,7,56,60,1,2,43,1,2,1,1,55,308.3909,2310,1,1,1,0,still teacher
610936051505471,5,2024,15,3,17011,56,67,1,1,44,1,1,2,1,1,40,436.3665,2320,1,1,2025,15,7,56,68,1,1,44,1,2,1,5,-1,329.7336,-1,0,0,0,1,out of labor force
556764941000017,5,2024,15,1,17111,16,57,1,1,44,1,1,2,1,1,65,1250.2065,2310,1,1,2025,15,5,16,58,1,1,44,1,2,1,1,40,1081.9282,2310,1,1,1,0,still teacher
556764941000017,5,2024,15,1,17111,16,55,1,2,43,1,2,2,1,1,40,1118.4347,2310,1,1,2025,15,5,16,56,1,2,43,1,2,1,1,40,1082.4523,2310,1,1,1,0,still teacher
012052031910646,5,2024,15,1,17111,20,64,1,2,42,1,2,2,1,1,15,2418.5708,2310,1,1,2025,15,5,20,65,1,2,42,1,2,1,1,32,2027.0761,2360,1,0,0,1,other occupation
920173855001210,5,2024,14,3,17111,31,43,1,2,43,1,2,2,1,1,40,1594.0785,2310,1,1,2025,14,7,31,45,1,2,43,1,2,1,1,-4,1305.5516,2310,1,1,1,0,still teacher
101700508362909,5,2024,15,4,17011,9,60,4,2,44,1,1,2,1,1,60,3157.6549,2320,1,1,2025,15,8,9,61,4,2,44,1,2,1,1,45,3172.929,2320,1,1,1,0,still teacher
920001102765151,5,2024,15,3,17011,12,37,1,2,44,1,1,2,1,1,-4,4329.9962,2310,1,1,2025,14,7,12,38,2,2,44,1,2,1,1,40,5244.3907,710,1,0,0,1,other occupation
108120109115752,5,2024,13,3,17011,12,28,1,2,39,1,3,1,5,1,40,4457.939,2300,1,1,2025,14,7,12,30,1,2,43,1,1,5,1,40,4707.7896,2360,1,0,0,1,other occupation
016657400916142,5,2024,15,2,17011,12,44,6,2,44,1,2,1,4,1,40,6187.6637,2310,1,1,2025,15,6,12,45,6,2,44,1,1,4,1,40,6327.0159,2001,1,0,0,1,other occupation
150050800278761,5,2024,13,1,17011,12,26,1,2,43,1,2,2,1,1,40,4624.6536,2310,1,1,2025,13,5,12,27,1,2,44,1,2,1,1,40,5686.3938,2310,1,1,1,0,still teacher
001268016812597,5,2024,14,1,17011,12,37,1,2,43,1,2,2,1,1,40,4850.3895,2310,1,1,2025,15,5,12,38,1,2,43,1,2,1,1,40,5349.7685,2310,1,1,1,0,still teacher
210805117287030,5,2024,15,1,17011,12,62,6,2,43,1,2,2,1,1,40,4859.4683,2310,1,1,2025,11,5,12,63,6,2,43,1,2,1,1,40,4800.279,2310,1,1,1,0,still teacher
318704010852230,5,2024,15,4,17011,13,49,1,1,46,1,2,2,1,1,55,4382.8471,2310,1,1,2025,15,8,13,50,1,1,46,1,2,1,1,55,4048.564,2320,1,1,1,0,still teacher
160628500361531,5,2024,14,3,17011,13,38,1,2,44,1,2,2,1,1,40,4452.9339,2310,1,1,2025,15,7,13,39,1,2,44,1,2,1,1,40,4512.6861,2310,1,1,1,0,still teacher
070171099071430,5,2024,16,4,17011,13,63,3,2,43,1,1,2,1,1,40,4236.3569,2310,1,1,2025,16,8,13,64,3,2,43,1,2,1,1,40,2986.1142,2310,1,1,1,0,still teacher
931080105475104,5,2024,16,1,17011,13,51,1,2,46,1,1,2,1,1,40,4246.7255,2310,1,1,2025,16,5,13,52,1,2,46,1,2,1,1,40,3738.3388,2310,1,1,1,0,still teacher
180580900147962,5,2024,14,2,17011,21,41,1,2,44,1,1,2,1,1,40,3113.6652,2310,1,1,2025,14,6,21,41,1,2,44,1,2,1,1,40,4702.0296,2310,1,1,1,0,still teacher
180580900147962,5,2024,14,2,17011,21,38,1,1,44,1,2,2,1,1,40,4261.3843,2310,1,1,2025,14,6,21,39,1,1,44,1,2,1,1,40,4776.3713,2310,1,1,1,0,still teacher
180655100272632,5,2024,16,3,17011,22,35,1,1,43,1,1,2,1,1,40,2228.4642,2320,1,1,2025,16,7,22,36,1,1,43,1,2,1,1,40,2410.2737,2320,1,1,1,0,still teacher
122804300457312,5,2024,16,1,17011,24,40,1,2,44,1,1,2,1,1,35,4570.6327,2310,1,1,2025,16,5,24,41,1,2,44,1,2,1,1,40,4750.3048,2310,1,1,1,0,still teacher
063075063713296,5,2024,16,3,17011,33,60,1,2,44,1,1,2,1,2,13,1029.9156,2320,1,1,2025,15,7,33,61,1,2,44,1,2,1,1,13,990.1411,2310,1,1,1,0,still teacher
170143200357163,5,2024,15,3,17011,33,39,4,2,44,1,1,2,1,1,40,886.7021,2310,1,1,2025,15,7,33,40,4,2,44,1,2,1,1,40,858.2579,2300,1,1,1,0,still teacher
953266223060016,5,2024,16,4,17011,33,48,1,2,43,1,2,2,1,1,30,991.0182,2310,1,1,2025,16,8,33,49,1,2,43,1,2,1,1,35,1167.6604,2310,1,1,1,0,still teacher
191922600655043,5,2024,15,3,17011,36,38,6,1,44,1,3,2,1,1,49,4654.4515,2320,1,1,2025,16,7,36,39,6,1,44,1,2,1,1,40,5109.5892,2320,1,1,1,0,still teacher
074406760330156,5,2024,16,4,17011,36,45,1,2,44,4,2,2,4,1,40,4292.8291,2310,1,1,2025,16,8,36,46,1,2,45,4,2,4,1,40,4834.7754,2330,1,1,1,0,still teacher
296745793030017,5,2024,15,2,17011,36,49,1,1,44,1,1,2,1,1,40,4352.7577,2320,1,1,2025,16,6,36,50,1,1,44,1,2,1,1,40,4943.3912,2320,1,1,1,0,still teacher
130814600722653,5,2024,14,3,17011,37,30,1,1,44,1,1,2,1,1,40,4504.6696,2320,1,1,2025,15,7,37,31,1,1,44,1,2,1,1,40,5122.9863,2320,1,1,1,0,still teacher
073075001917393,5,2024,15,4,17011,37,62,1,2,43,1,1,2,1,1,-4,4144.8022,2310,1,1,2025,15,8,37,63,1,2,43,1,2,1,1,-4,2673.9207,2310,1,1,1,0,still teacher
047235543070016,5,2024,12,3,17011,37,60,1,2,44,1,2,2,1,1,40,4269.5978,2320,1,1,2025,13,7,37,61,1,2,44,1,2,1,5,-1,3553.3387,-1,0,0,0,1,out of labor force
013019022317410,5,2024,14,3,17011,37,70,3,2,41,2,1,2,5,1,40,4031.124,2300,1,1,2025,14,7,37,71,3,2,43,2,2,1,1,40,5213.2177,2300,1,1,1,0,still teacher
735405016869540,5,2024,14,1,17011,37,53,1,1,43,1,2,2,1,1,40,5052.8744,2320,1,1,2025,14,5,37,54,1,1,43,1,2,1,1,40,5056.4225,2310,1,1,1,0,still teacher
621700514669932,5,2024,15,2,17011,39,60,1,2,44,1,2,2,1,1,-4,3231.4758,2310,1,1,2025,15,6,39,62,1,2,44,1,2,1,1,20,4428.3344,2360,1,0,0,1,other occupation
930206012758110,5,2024,14,1,17011,39,31,1,2,44,1,1,2,1,1,40,4471.0569,2320,1,1,2025,14,5,39,32,1,2,44,1,2,1,1,40,4896.1074,2310,1,1,1,0,still teacher
028031108770427,5,2024,16,1,17011,42,57,1,2,46,1,2,1,4,1,40,4541.9964,2310,1,1,2025,16,5,42,58,1,2,46,1,1,4,1,40,6131.5763,2320,1,1,1,0,still teacher
474542254050012,5,2024,13,1,17011,44,24,6,2,43,1,1,2,1,1,40,1553.2177,2330,1,1,2025,12,5,44,25,6,2,43,1,2,1,1,40,1286.5924,2310,1,1,1,0,still teacher
251800514283455,5,2024,7,2,17011,54,48,1,2,41,1,1,2,1,1,40,792.8218,2300,1,1,2025,7,6,54,48,1,2,43,1,2,1,1,40,819.9623,2545,1,0,0,1,other occupation
012061064812277,5,2024,12,3,17111,22,64,4,2,43,1,1,2,1,1,40,1581.9435,2330,1,1,2025,12,7,22,65,4,2,43,1,2,1,1,40,1515.3049,2310,1,1,1,0,still teacher
012033078212579,5,2024,15,3,17111,22,64,6,2,43,1,2,2,1,1,40,2030.2081,2320,1,1,2025,13,7,22,65,6,2,43,1,2,1,1,40,2015.0449,2320,1,1,1,0,still teacher
229907016033820,5,2024,16,2,17111,22,39,1,2,44,1,2,2,1,1,40,1841.7573,2300,1,1,2025,16,6,22,40,1,2,44,1,2,1,1,40,2430.5245,2310,1,1,1,0,still teacher
074108630620105,5,2024,16,4,17111,25,55,1,2,44,1,1,2,1,1,40,2745.4869,2310,1,1,2025,16,8,25,55,1,2,44,1,2,1,1,38,2755.4226,2310,1,1,1,0,still teacher
005180243117957,5,2024,14,4,17111,28,50,6,2,43,2,2,2,1,1,40,1555.1655,2310,1,1,2025,13,8,28,51,6,2,43,2,2,1,1,40,1919.4256,2320,1,1,1,0,still teacher
331500508245827,5,2024,11,2,17111,28,25,6,2,43,2,1,2,1,1,40,3095.3964,2320,1,1,2025,11,6,28,26,6,2,43,2,2,1,1,40,2333.2083,2320,1,1,1,0,still teacher
184564955040014,5,2024,15,3,17111,54,35,1,2,44,1,1,2,1,1,40,746.2738,2310,1,1,2025,15,7,54,36,1,2,44,1,2,1,1,40,768.2785,2310,1,1,1,0,still teacher
840782021009519,5,2024,16,3,17011,2,52,1,1,44,1,2,2,1,1,40,675.0471,2310,1,1,2025,16,7,2,52,1,1,44,1,2,1,1,40,716.0165,2310,1,1,1,0,still teacher
110367500238040,5,2024,16,4,17011,2,55,1,2,44,1,2,2,1,1,-4,512.6835,2310,1,1,2025,16,8,2,56,1,2,44,1,2,1,1,36,586.168,2310,1,1,1,0,still teacher
345062100754031,5,2024,16,4,17011,4,32,1,2,44,1,2,1,1,1,35,4686.7947,2310,1,1,2025,16,8,4,32,1,2,44,1,1,1,1,40,5515.7559,2310,1,1,1,0,still teacher
746022109652013,5,2024,10,3,17011,4,45,2,2,39,1,1,1,1,1,30,3968.2254,2330,1,1,2025,11,7,4,46,4,2,39,1,1,1,1,34,5062.5633,2545,1,0,0,1,other occupation
540270353001350,5,2024,10,4,17011,5,57,4,2,43,2,1,2,1,1,40,1550.4596,2300,1,1,2025,11,8,5,58,4,2,43,2,2,1,2,40,2994.7768,2300,1,1,1,0,still teacher
808700012726250,5,2024,16,4,17011,8,40,1,2,44,1,1,2,1,1,50,4665.5613,2320,1,1,2025,16,8,8,41,1,2,44,1,2,1,1,40,3672.3079,2320,1,1,1,0,still teacher
167884700784001,5,2024,16,1,17011,17,39,1,2,44,1,2,2,1,1,40,3925.126,2320,1,1,2025,16,5,17,40,1,2,44,1,2,1,1,35,4923.6328,2350,1,0,0,1,other occupation
150727400760321,5,2024,15,4,17011,17,33,1,2,44,1,1,2,1,1,40,5102.1273,2310,1,1,2025,16,8,17,33,1,2,44,1,2,1,1,40,6427.414,2320,1,1,1,0,still teacher
710405018723110,5,2024,16,1,17011,17,54,1,2,44,1,1,2,4,1,11,4083.3854,2300,1,1,2025,16,5,17,54,1,2,44,1,2,4,1,15,4645.021,2360,1,0,0,1,other occupation
031061098417785,5,2024,12,4,17011,17,59,6,2,43,1,1,2,1,1,40,5334.0542,2310,1,1,2025,11,8,17,61,6,2,43,1,2,1,1,60,4096.2248,2310,1,1,1,0,still teacher
140339100852451,5,2024,12,4,17011,18,31,1,2,42,1,2,2,1,1,25,4258.1137,2300,1,1,2025,13,8,18,32,1,2,42,1,2,1,1,30,5778.4383,2300,1,1,1,0,still teacher
058423600121150,5,2024,15,2,17011,20,47,1,2,43,1,1,2,1,1,30,2410.0631,2300,1,1,2025,16,6,20,49,1,2,43,1,2,1,1,30,2583.4716,2300,1,1,1,0,still teacher
270930021208635,5,2024,15,1,17011,20,77,4,2,44,1,1,2,1,1,45,1782.9667,2320,1,1,2025,12,5,20,78,4,2,44,1,2,1,5,-1,1635.6918,-1,0,0,0,1,out of labor force
006160273118400,5,2024,16,4,17011,26,48,1,2,44,1,2,2,1,1,30,3769.9808,2320,1,1,2025,16,8,26,49,1,2,44,1,2,1,1,40,5299.997,2320,1,1,1,0,still teacher
141346400693712,5,2024,12,4,17011,26,35,1,2,43,2,1,2,1,1,35,6790.3717,2310,1,1,2025,13,8,26,36,1,2,43,2,2,1,1,40,9907.2844,2360,1,0,0,1,other occupation
037625312030117,5,2024,16,1,17011,27,42,1,2,44,1,1,2,1,1,45,3166.9939,2330,1,1,2025,16,5,27,43,1,2,44,1,2,1,1,40,3230.7331,2310,1,1,1,0,still teacher
474060100853269,5,2024,14,1,17011,27,29,1,1,43,1,2,2,1,1,40,3215.0239,2310,1,1,2025,14,5,27,30,1,1,43,1,2,1,1,40,4144.2053,2310,1,1,1,0,still teacher
076010103804200,5,2024,13,1,17011,27,64,6,2,44,1,1,2,1,1,40,4722.7141,2310,1,1,2025,11,5,27,65,6,2,44,1,2,1,5,-1,3771.9742,-1,0,0,0,1,out of labor force
890082104085245,5,2024,10,2,17011,29,53,5,2,42,2,2,2,1,1,40,3864.4756,2300,1,1,2025,4,6,29,54,5,2,42,2,2,1,1,40,5738.373,850,1,0,0,1,other occupation
928404010694140,5,2024,9,4,17011,29,38,6,2,44,1,1,2,1,1,35,7120.1433,2310,1,1,2025,7,8,29,39,6,2,43,1,2,1,1,40,7824.6675,2330,1,1,1,0,still teacher
180533849021110,5,2024,16,4,17011,31,49,1,2,44,7,2,2,1,1,40,2588.4138,2310,1,1,2025,16,8,31,49,1,2,44,7,2,1,1,20,1687.9996,2600,1,0,0,1,other occupation
521931863000017,5,2024,15,3,17011,31,52,6,2,44,1,1,2,1,1,40,1759.5554,2310,1,1,2025,15,7,31,53,6,2,45,1,2,1,1,40,1592.6529,2320,1,1,1,0,still teacher
591600932607230,5,2024,14,3,17011,32,29,6,2,43,1,2,2,1,1,40,1863.4824,2310,1,1,2025,15,7,32,30,6,2,43,1,2,1,1,40,2542.2046,2330,1,1,1,0,still teacher
033037003715401,5,2024,13,4,17011,35,36,1,2,43,4,1,2,5,1,40,811.545,2310,1,1,2025,13,8,35,37,1,2,44,4,2,5,1,40,1099.5648,2310,1,1,1,0,still teacher
160791500575923,5,2024,15,3,17011,35,41,1,1,44,1,1,1,1,1,40,1279.762,2320,1,1,2025,15,7,35,42,1,1,44,1,1,1,1,40,1450.2653,2310,1,1,1,0,still teacher
160791500575923,5,2024,15,3,17011,35,37,1,2,44,1,2,2,1,1,40,1176.3083,2310,1,1,2025,15,7,35,38,1,2,44,1,2,1,1,40,1301.8134,2310,1,1,1,0,still teacher
018027510631115,5,2024,9,2,17011,35,35,6,2,42,3,1,2,1,1,40,1799.2304,2310,1,1,2025,15,6,35,36,6,2,40,3,2,1,1,12,1806.8792,2722,1,0,0,1,other occupation
082023102321301,5,2024,16,1,17011,38,48,1,2,43,1,2,2,1,1,45,578.3612,2310,1,1,2025,16,5,38,49,1,2,43,1,2,1,1,45,486.6811,2310,1,1,1,0,still teacher
006180343317957,5,2024,16,4,17011,38,54,1,2,43,1,1,1,4,1,40,518.2226,2310,1,1,2025,14,8,38,54,1,2,43,1,1,4,1,40,589.0976,2310,1,1,1,0,still teacher
910998091309319,5,2024,14,1,17011,38,28,1,2,40,1,1,2,1,1,40,553.0822,2300,1,1,2025,14,5,38,29,1,2,40,1,2,1,7,-1,588.6623,-1,0,0,0,1,out of labor force
441500503434834,5,2024,15,4,17011,38,37,1,2,43,1,1,2,1,1,40,747.7185,2300,1,1,2025,15,8,38,38,1,2,43,1,2,1,1,40,488.2813,2300,1,1,1,0,still teacher
770314010031000,5,2024,16,3,17011,40,42,1,2,44,1,1,2,1,1,52,1971.8171,2310,1,1,2025,15,7,40,43,1,2,46,1,2,1,1,50,1834.0446,2310,1,1,1,0,still teacher
143805013214980,5,2024,15,3,17011,41,54,1,2,46,1,2,2,1,1,40,2933.6301,2310,1,1,2025,16,7,41,56,1,2,46,1,2,1,1,40,2006.4626,2722,1,0,0,1,other occupation
147502012221320,5,2024,15,4,17011,41,65,1,2,43,1,1,2,1,1,-4,2127.4169,2310,1,1,2025,12,8,41,66,1,2,43,1,2,1,5,-1,2194.492,-1,0,0,0,1,out of labor force
002180474504876,5,2024,16,4,17011,48,41,1,2,44,1,2,2,1,1,40,4584.0869,2310,1,1,2025,16,8,48,42,1,2,44,1,2,1,1,40,4908.7979,2310,1,1,1,0,still teacher
065966860240158,5,2024,14,4,17011,48,53,1,1,44,1,2,2,4,1,30,4878.3233,2310,1,1,2025,14,8,48,54,1,1,44,1,2,4,1,40,4684.4689,110,1,0,0,1,other occupation
849509018930470,5,2024,15,3,17011,48,73,1,2,43,1,1,2,1,1,20,3885.6441,2320,1,1,2025,15,7,48,74,1,2,43,1,2,1,1,25,3470.9284,2310,1,1,1,0,still teacher
849509018930470,5,2024,15,3,17011,48,73,1,1,43,1,2,2,1,1,40,4180.0195,2320,1,1,2025,15,7,48,74,1,1,43,1,2,1,1,40,3330.4538,2722,1,0,0,1,other occupation
916180435849644,5,2024,15,2,17011,48,31,6,2,43,1,2,1,1,1,40,4765.0562,2310,1,1,2025,15,6,48,32,6,2,43,1,1,1,1,40,5258.9907,2310,1,1,1,0,still teacher
292061102847405,5,2024,16,3,17011,49,52,1,2,43,1,1,2,1,1,40,1877.1494,2310,1,1,2025,16,7,49,53,1,2,43,1,2,1,1,40,1989.9294,2310,1,1,1,0,still teacher
003190496988861,5,2024,15,2,17011,49,49,1,1,43,1,2,2,1,1,30,1533.5962,2310,1,1,2025,15,6,49,49,1,1,44,1,2,1,1,40,2103.0177,2310,1,1,1,0,still teacher
791000202039554,5,2024,12,1,17011,55,24,6,2,43,1,1,2,1,1,50,4464.7136,2310,1,1,2025,11,5,55,25,6,2,43,1,2,1,1,40,4607.74,2310,1,1,1,0,still teacher
553006016061800,5,2024,13,2,17011,55,32,1,2,43,1,2,2,1,1,40,3494.0663,2330,1,1,2025,14,6,55,33,1,2,43,1,2,1,2,40,4385.9299,2555,1,0,0,1,other occupation
095052000916178,5,2024,14,3,17011,56,53,4,1,43,1,1,2,1,1,40,443.663,2310,1,1,2025,14,7,56,54,4,1,43,1,2,1,1,40,367.0005,2310,1,1,1,0,still teacher
698915563080010,5,2024,15,3,17111,38,31,1,2,44,3,1,2,3,1,40,870.1222,2310,1,1,2025,16,7,38,32,1,2,44,3,2,3,1,40,570.4029,2310,1,1,1,0,still teacher
250746031508064,5,2024,15,3,17111,56,59,1,1,44,1,1,2,1,1,34,482.2681,2320,1,1,2025,16,7,56,60,1,1,44,1,2,1,1,40,377.7028,2310,1,1,1,0,still teacher
091325820700141,5,2024,16,2,17011,1,30,6,2,44,2,1,2,1,1,40,3040.9611,2310,1,1,2025,16,6,1,31,6,2,44,2,2,1,2,40,3760.4631,2300,1,1,1,0,still teacher
794071105454017,5,2024,16,1,17011,9,42,4,2,46,1,1,2,1,1,35,3414.0268,2310,1,1,2025,16,5,9,43,4,2,46,1,2,1,1,35,3096.4112,2330,1,1,1,0,still teacher
102051104293103,5,2024,16,3,17011,10,29,1,2,44,1,2,2,1,1,40,787.6518,2310,1,1,2025,16,7,10,30,1,2,44,1,2,1,2,40,867.7876,2001,1,0,0,1,other occupation
130071100261401,5,2024,14,3,17011,12,59,3,2,39,1,2,1,1,1,30,3832.8391,2300,1,1,2025,14,7,12,60,3,2,39,1,1,1,1,25,4760.351,4600,1,0,0,1,other occupation
045685300010162,5,2024,16,4,17011,12,41,1,2,43,1,2,2,1,1,12,3920.7268,2300,1,1,2025,16,8,12,42,1,2,43,1,2,1,1,30,4357.663,2300,1,1,1,0,still teacher
412479151050016,5,2024,13,3,17011,12,60,1,1,43,1,2,2,1,1,47,4202.0164,2320,1,1,2025,11,7,12,61,1,1,43,1,2,1,1,60,5278.2205,2320,1,1,1,0,still teacher
000130153396456,5,2024,13,1,17011,13,53,1,2,43,2,1,2,1,1,38,6368.3699,2310,1,1,2025,13,5,13,54,1,2,44,2,2,1,1,55,6490.2355,2330,1,1,1,0,still teacher
680481969041130,5,2024,15,1,17011,13,42,4,2,42,1,2,2,1,1,70,4370.0804,2310,1,1,2025,9,5,13,43,4,2,42,1,2,1,1,70,4553.803,2545,1,0,0,1,other occupation
007130277520737,5,2024,16,3,17012,23,37,1,2,43,1,2,2,1,1,40,2245.09,2310,1,1,2025,16,7,23,38,1,2,43,1,2,1,2,-4,2133.5553,5740,1,0,0,1,other occupation
580333021201379,5,2024,16,3,17011,23,55,1,1,41,1,1,2,1,1,35,1599.0227,2320,1,1,2025,16,7,23,56,1,1,41,1,2,1,1,33,1699.5106,2320,1,1,1,0,still teacher
580333021201379,5,2024,16,3,17011,23,55,1,2,43,1,2,2,1,1,35,1599.7295,2320,1,1,2025,16,7,23,56,1,2,43,1,2,1,1,33,1681.2372,2320,1,1,1,0,still teacher
558030109025271,5,2024,16,2,17011,25,31,1,2,43,1,2,2,1,1,40,3494.7972,2310,1,1,2025,16,6,25,32,1,2,43,1,2,1,2,40,3676.4333,2310,1,1,1,0,still teacher
031572540320175,5,2024,16,3,17011,25,38,1,1,44,1,1,2,1,1,40,3259.6482,2310,1,1,2025,16,7,25,39,1,1,44,1,2,1,1,40,3422.8626,2310,1,1,1,0,still teacher
031572540320175,5,2024,16,3,17011,25,37,1,2,44,1,2,2,1,1,40,2906.7149,2320,1,1,2025,16,7,25,38,1,2,44,1,2,1,1,40,3407.0721,2320,1,1,1,0,still teacher
453755993020019,5,2024,12,4,17011,33,34,6,2,43,1,1,2,1,1,45,1355.149,2310,1,1,2025,12,8,33,35,6,2,43,1,2,1,1,45,1620.0256,2320,1,1,1,0,still teacher
550663930061330,5,2024,15,4,17011,33,26,6,1,43,1,2,2,1,1,40,1657.4247,2320,1,1,2025,15,8,33,27,1,1,43,1,2,1,1,40,1557.4919,2320,1,1,1,0,still teacher
261000517021638,5,2024,16,2,17011,36,52,1,2,44,1,2,2,1,1,40,5412.5411,2320,1,1,2025,16,6,36,53,1,2,44,1,2,1,1,40,4800.3468,650,1,0,0,1,other occupation
276020105835334,5,2024,16,2,17011,37,42,1,2,43,1,1,2,1,1,-4,3999.7268,2310,1,1,2025,15,6,37,43,1,2,43,1,2,1,1,-4,3846.4012,2310,1,1,1,0,still teacher
094827330730127,5,2024,15,4,17011,37,32,1,2,44,1,2,2,1,1,45,3255.8512,2310,1,1,2025,15,8,37,32,1,2,44,1,2,1,1,40,3286.5995,2310,1,1,1,0,still teacher
710769091319857,5,2024,15,2,17011,39,21,6,1,40,4,3,2,4,1,30,3043.3801,2310,1,1,2025,16,6,39,22,6,1,40,4,2,4,1,33,5921.2794,4760,1,0,0,1,other occupation
096949260630119,5,2024,16,2,17011,39,40,1,2,44,1,2,2,1,1,-4,4488.0234,2300,1,1,2025,16,6,39,41,1,2,44,1,2,1,1,40,3879.0521,2300,1,1,1,0,still teacher
626050107900466,5,2024,16,3,17011,42,54,1,2,43,1,2,2,1,1,40,4814.6609,2310,1,1,2025,16,7,42,55,1,2,43,1,2,1,1,40,4148.3196,2310,1,1,1,0,still teacher
392135034020015,5,2024,16,3,17011,42,46,1,2,44,1,2,2,1,1,40,4389.2156,2310,1,1,2025,16,7,42,47,1,2,44,1,2,1,1,40,4531.8534,2310,1,1,1,0,still teacher
087659950441182,5,2024,16,2,17011,42,31,6,2,44,1,2,2,1,1,40,4083.9924,2310,1,1,2025,16,6,42,32,6,2,44,1,2,1,1,40,6268.117,2310,1,1,1,0,still teacher
160958500530474,5,2024,15,1,17011,45,61,1,2,43,1,2,2,1,1,47,2372.7216,2310,1,1,2025,15,5,45,62,1,2,43,1,2,1,1,50,2559.0163,2330,1,1,1,0,still teacher
009150404655171,5,2024,11,3,17011,45,24,6,2,43,1,1,2,1,1,40,3203.0189,2310,1,1,2025,11,7,45,26,6,2,43,1,2,1,1,40,5062.427,2310,1,1,1,0,still teacher
931300100994058,5,2024,15,3,17011,50,54,1,2,44,1,2,2,3,1,40,415.4063,2320,1,1,2025,16,7,50,55,1,2,44,1,2,3,1,40,407.98,2320,1,1,1,0,still teacher
950045525081810,5,2024,16,3,17011,51,49,1,2,44,1,1,2,1,1,52,4727.342,2310,1,1,2025,16,7,51,50,1,2,44,1,2,1,1,55,5432.0991,2310,1,1,1,0,still teacher
351112875040014,5,2024,13,4,17011,51,60,1,2,43,1,2,2,1,1,45,3518.9034,2310,1,1,2025,14,8,51,60,1,2,44,1,2,1,1,50,3646.5493,2310,1,1,1,0,still teacher
630555928061840,5,2024,15,1,17011,54,40,1,2,44,1,2,2,1,1,45,919.0916,2310,1,1,2025,15,5,54,41,1,2,44,1,2,1,1,-4,803.2283,2310,1,1,1,0,still teacher
540700770091210,5,2024,15,2,17111,1,41,6,2,44,1,1,2,1,1,40,2052.8768,2310,1,1,2025,15,6,1,42,6,2,43,1,2,1,1,40,2901.2601,2310,1,1,1,0,still teacher
000120277831814,5,2024,13,1,17111,22,47,1,2,43,2,2,2,1,1,40,2317.8994,2310,1,1,2025,12,5,22,48,1,2,43,2,2,1,1,40,2330.3495,2310,1,1,1,0,still teacher
991900308025521,5,2024,16,2,17111,25,29,1,1,44,1,1,2,1,1,40,3519.3164,2320,1,1,2025,16,6,25,30,1,1,44,1,2,1,1,40,3297.0087,2205,1,0,0,1,other occupation
053062026113489,5,2024,13,4,17111,33,62,4,2,44,1,1,2,1,1,40,976.6976,2310,1,1,2025,13,8,33,63,4,2,44,1,2,1,1,40,854.934,2310,1,1,1,0,still teacher
440213238061130,5,2024,13,3,17111,33,34,1,2,44,1,2,2,1,1,40,1079.8689,2310,1,1,2025,14,7,33,34,1,2,44,1,2,1,1,40,1113.6743,2310,1,1,1,0,still teacher
044038064015464,5,2024,12,2,17111,45,39,4,2,43,2,2,2,1,1,40,4088.3407,2310,1,1,2025,12,6,45,40,4,2,42,2,2,1,1,40,3394.6898,2300,1,1,1,0,still teacher
934173585030012,5,2024,13,3,17111,54,54,6,2,44,1,1,2,1,1,40,721.8366,2310,1,1,2025,11,7,54,55,6,2,44,1,2,1,1,40,570.7532,2310,1,1,1,0,still teacher
120613400417180,5,2024,15,3,17011,4,34,6,1,43,2,1,2,1,1,40,9555.2888,2310,1,1,2025,14,7,4,35,6,1,43,2,2,1,7,-1,6322.4419,-1,0,0,0,1,out of labor force
160623400573970,5,2024,16,1,17011,5,41,1,2,44,1,2,2,1,2,14,1710.4309,2310,1,1,2025,15,5,5,42,1,2,44,1,2,1,1,-4,2078.1915,2310,1,1,1,0,still teacher
190299000505320,5,2024,15,4,17011,5,47,1,1,44,1,2,2,1,2,40,1456.9193,2320,1,1,2025,16,8,5,48,1,1,44,1,2,1,1,50,1940.7052,2310,1,1,1,0,still teacher
601006110164730,5,2024,16,1,17011,6,33,1,2,44,1,2,2,4,1,35,5268.4355,2310,1,1,2025,16,5,6,34,1,2,43,1,2,4,1,35,5586.1498,2310,1,1,1,0,still teacher
108160007365046,5,2024,16,3,17011,6,36,1,1,44,1,2,1,1,1,40,3846.2473,2310,1,1,2025,16,7,6,37,1,1,44,1,1,1,1,40,5262.9085,2310,1,1,1,0,still teacher
602904310002100,5,2024,16,1,17011,6,48,6,1,40,1,1,2,1,1,40,4892.4733,2330,1,1,2025,14,5,6,50,6,1,40,1,2,1,1,40,4937.0374,2310,1,1,1,0,still teacher
271900706187605,5,2024,16,2,17011,6,46,1,2,44,1,4,1,1,1,40,3764.6857,2310,1,1,2025,15,6,6,47,1,2,44,1,1,1,1,40,5156.034,2300,1,1,1,0,still teacher
190378200823400,5,2024,13,3,17011,8,20,6,2,40,1,3,2,1,1,40,4671.8243,2300,1,1,2025,12,7,8,21,6,2,39,1,2,1,1,40,4763.4644,4600,1,0,0,1,other occupation
980591718041261,5,2024,15,2,17011,16,53,1,2,44,1,1,2,1,1,40,998.6701,2310,1,1,2025,15,6,16,54,1,2,44,1,2,1,1,10,959.509,2205,1,0,0,1,other occupation
941400902280716,5,2024,14,2,17011,17,43,1,1,44,1,1,2,1,1,55,4734.416,2320,1,1,2025,15,6,17,44,1,1,44,1,2,1,1,50,3892.857,2310,1,1,1,0,still teacher
150812200948241,5,2024,14,1,17011,19,55,6,2,44,1,1,2,1,1,70,2730.3677,2310,1,1,2025,14,5,19,57,6,2,44,1,2,1,1,40,3446.4905,2310,1,1,1,0,still teacher
034974580720110,5,2024,16,3,17011,20,51,1,2,44,1,1,2,1,1,50,2116.7183,2310,1,1,2025,16,7,20,52,1,2,44,1,2,1,1,50,2239.2568,2310,1,1,1,0,still teacher
814051102486348,5,2024,12,1,17011,31,32,6,2,44,1,1,2,1,1,50,2024.8264,2300,1,1,2025,13,5,31,33,6,2,44,1,2,1,1,50,1729.5682,2300,1,1,1,0,still teacher
034044062711783,5,2024,14,4,17011,41,39,1,1,44,4,1,2,1,1,40,2527.7027,2310,1,1,2025,16,8,41,41,1,1,44,4,2,1,4,-1,2198.0265,2310,0,0,0,1,unemployed
054031060516555,5,2024,14,4,17011,46,26,6,2,44,1,2,2,1,1,-4,973.9272,2330,1,1,2025,13,8,46,27,6,2,44,1,2,1,1,40,732.8805,2330,1,1,1,0,still teacher
054096055016918,5,2024,14,2,17011,46,26,1,2,43,1,2,2,1,1,40,685.5023,2320,1,1,2025,15,6,46,28,1,2,43,1,2,1,1,40,834.7106,2320,1,1,1,0,still teacher
074063011216754,5,2024,15,4,17011,46,54,1,1,44,1,1,2,1,1,40,685.264,2310,1,1,2025,16,8,46,55,1,1,44,1,2,1,1,40,786.1997,2310,1,1,1,0,still teacher
983070102090480,5,2024,16,3,17011,48,75,1,1,44,1,2,2,1,1,50,3579.2277,2310,1,1,2025,16,7,48,76,1,1,44,1,2,1,1,60,3427.319,2310,1,1,1,0,still teacher
281000104999485,5,2024,15,3,17011,48,42,1,2,43,1,2,2,1,1,40,5096.8419,2310,1,1,2025,15,7,48,43,1,2,43,1,2,1,1,40,4439.1896,2310,1,1,1,0,still teacher
006190457884030,5,2024,15,1,17011,49,67,1,2,43,1,1,2,1,2,15,1601.097,2330,1,1,2025,15,5,49,67,1,2,43,1,2,1,1,18,1813.907,2360,1,0,0,1,other occupation
081300600650165,5,2024,14,2,17011,55,27,6,1,43,1,1,2,1,1,40,3850.5135,2310,1,1,2025,15,6,55,28,6,1,43,1,2,1,1,40,6017.1029,2310,1,1,1,0,still teacher
021153800330140,5,2024,11,3,17111,30,46,1,2,43,1,2,2,1,1,40,474.354,2310,1,1,2025,16,7,30,47,1,2,43,1,2,1,1,40,583.4748,2310,1,1,1,0,still teacher
541400912200036,5,2024,15,1,17111,30,34,1,2,44,1,1,2,1,1,40,768.3155,2320,1,1,2025,16,5,30,35,1,2,44,1,2,1,1,45,671.3286,2310,1,1,1,0,still teacher
005749470550116,5,2024,14,3,17111,56,37,1,2,44,1,1,2,1,1,40,432.0763,2300,1,1,2025,13,7,56,38,1,2,44,1,2,1,1,50,477.6255,2300,1,1,1,0,still teacher
170887900171960,5,2024,15,3,17011,1,57,1,1,43,1,2,2,1,1,40,2551.5584,2310,1,1,2025,15,7,1,58,1,1,43,1,2,1,1,40,2237.6009,2310,1,1,1,0,still teacher
098655110001102,5,2024,10,3,17011,2,33,1,2,39,5,2,2,4,1,40,659.7921,2300,1,1,2025,9,7,2,34,1,2,39,5,2,4,2,35,573.2481,4600,1,0,0,1,other occupation
242096109354046,5,2024,16,2,17011,4,39,4,2,44,1,3,2,1,1,40,4898.6801,2320,1,1,2025,16,6,4,40,4,2,44,1,2,1,1,40,4614.4125,2320,1,1,1,0,still teacher
652050106125062,5,2024,14,3,17011,5,49,6,1,43,2,1,2,1,1,40,2187.7233,2310,1,1,2025,14,7,5,50,6,1,43,2,2,1,1,40,2801.2438,2310,1,1,1,0,still teacher
140218000634710,5,2024,12,4,17011,6,69,4,2,44,1,1,1,1,1,50,3493.4721,2330,1,1,2025,13,8,6,70,4,2,44,1,1,1,1,40,3600.2806,2330,1,1,1,0,still teacher
750620350061860,5,2024,11,1,17011,6,58,5,2,42,1,1,2,1,1,40,4408.1966,2300,1,1,2025,16,5,6,59,5,2,43,1,2,1,1,40,4218.0417,2300,1,1,1,0,still teacher
131600733309711,5,2024,8,4,17011,17,29,6,1,42,1,1,2,1,1,25,5227.1935,2310,1,1,2025,7,8,17,31,6,1,42,1,2,1,1,20,5373.7067,2320,1,1,1,0,still teacher
280437051176428,5,2024,16,2,17011,17,74,1,1,44,1,1,2,4,1,20,4343.7985,2310,1,1,2025,14,6,17,75,1,1,44,1,2,4,1,40,4110.1788,2310,1,1,1,0,still teacher
091063063317326,5,2024,15,3,17011,17,56,1,2,43,1,1,2,1,1,20,4430.288,2300,1,1,2025,16,7,17,57,1,2,43,1,2,1,1,12,4238.598,3602,1,0,0,1,other occupation
005170139803455,5,2024,15,2,17011,17,38,1,2,44,1,2,2,1,1,20,5086.6489,2310,1,1,2025,16,6,17,39,1,2,44,1,2,1,1,28,4680.3127,2310,1,1,1,0,still teacher
170025400821601,5,2024,10,3,17011,18,39,6,2,43,1,1,2,1,1,40,3555.2768,2310,1,1,2025,11,7,18,40,6,2,43,1,2,1,1,40,3628.8027,2310,1,1,1,0,still teacher
012016210910109,5,2024,14,3,17011,19,55,1,2,44,1,2,2,1,1,25,2711.0902,2320,1,1,2025,14,7,19,56,1,2,44,1,2,1,1,-4,2422.4021,2751,1,0,0,1,other occupation
917901016849580,5,2024,16,2,17011,19,46,1,1,43,1,2,2,1,1,40,2261.6637,2320,1,1,2025,16,6,19,47,1,1,43,1,2,1,1,40,2774.214,3870,1,0,0,1,other occupation
039553010520150,5,2024,16,3,17011,20,50,1,2,43,1,1,2,1,1,40,2052.0266,2310,1,1,2025,16,7,20,51,1,2,43,1,2,1,1,40,2195.5505,2310,1,1,1,0,still teacher
560829372030012,5,2024,11,1,17011,20,77,4,2,43,1,1,2,1,1,-4,1782.9667,2300,1,1,2025,11,5,20,78,4,2,43,1,2,1,1,23,1635.6918,2360,1,0,0,1,other occupation
428907013917250,5,2024,16,3,17011,24,67,6,1,44,1,1,2,1,1,40,5187.4553,2320,1,1,2025,16,7,24,68,6,1,44,1,2,1,1,40,4813.3922,2320,1,1,1,0,still teacher
200612687041752,5,2024,15,2,17011,25,53,1,1,44,1,1,2,1,1,40,3091.4258,2310,1,1,2025,16,6,25,54,1,1,44,1,2,1,1,50,2943.7779,2310,1,1,1,0,still teacher
190567600751062,5,2024,14,3,17011,27,54,6,2,44,1,1,2,1,1,40,5121.2946,2300,1,1,2025,14,7,27,55,6,2,44,1,2,1,1,40,4097.135,2555,1,0,0,1,other occupation
027002900820127,5,2024,15,4,17011,27,44,1,2,44,1,2,2,1,1,60,4262.1473,2320,1,1,2025,15,8,27,45,1,2,44,1,2,1,1,40,4134.9416,2320,1,1,1,0,still teacher
240113943031611,5,2024,15,2,17011,31,42,1,2,44,1,2,2,1,1,40,2060.0562,2310,1,1,2025,16,6,31,43,1,2,44,1,2,1,1,40,1785.381,2310,1,1,1,0,still teacher
374165253090010,5,2024,16,1,17011,34,52,1,2,44,1,2,2,1,1,50,5582.9102,2310,1,1,2025,16,5,34,53,1,2,44,1,2,1,1,40,4596.5686,2310,1,1,1,0,still teacher
009140372459691,5,2024,16,2,17011,34,35,1,1,46,1,1,2,1,1,40,5049.8584,2320,1,1,2025,16,6,34,37,1,1,46,1,2,1,1,40,5907.0147,2320,1,1,1,0,still teacher
009140372459691,5,2024,16,2,17011,34,37,1,2,44,1,2,2,1,1,40,5065.7214,2320,1,1,2025,16,6,34,38,1,2,44,1,2,1,1,40,5917.0166,2310,1,1,1,0,still teacher
420606071311298,5,2024,16,4,17011,36,34,6,2,46,4,1,1,4,1,35,5600.2782,2320,1,1,2025,16,8,36,35,1,2,46,4,1,4,1,40,7106.156,2205,1,0,0,1,other occupation
440173499011260,5,2024,15,3,17011,36,38,1,2,44,1,2,2,1,1,40,4367.3347,2310,1,1,2025,16,7,36,39,1,2,44,1,2,1,1,37,4681.0373,2310,1,1,1,0,still teacher
050956061314144,5,2024,16,3,17011,36,39,1,1,44,1,2,2,1,1,40,5431.0083,2310,1,1,2025,15,7,36,40,1,1,44,1,2,1,1,40,4828.5477,2320,1,1,1,0,still teacher
961000002117733,5,2024,15,3,17011,37,46,1,1,43,1,2,2,1,1,40,4159.2581,2310,1,1,2025,16,7,37,47,1,1,43,1,2,1,1,-4,4152.9596,2310,1,1,1,0,still teacher
810258051302560,5,2024,14,1,17011,38,54,1,2,44,1,2,2,1,1,40,581.4522,2310,1,1,2025,15,5,38,55,1,2,44,1,2,1,1,40,486.6207,2310,1,1,1,0,still teacher
003090077419344,5,2024,14,3,17011,39,40,1,2,44,1,1,2,1,1,40,3936.9686,2310,1,1,2025,15,7,39,41,1,2,44,1,2,1,1,38,4284.4984,2310,1,1,1,0,still teacher
110050600082604,5,2024,14,3,17011,40,47,1,2,43,1,1,2,1,1,40,2029.2789,2310,1,1,2025,14,7,40,48,1,2,43,1,2,1,1,40,2574.2588,2310,1,1,1,0,still teacher
120206061416013,5,2024,12,1,17011,46,34,6,2,43,1,1,2,1,1,40,938.1425,2320,1,1,2025,12,5,46,35,6,2,43,1,2,1,1,40,1027.9506,2320,1,1,1,0,still teacher
044574390840198,5,2024,14,4,17011,48,33,1,2,43,1,2,1,1,1,40,5713.746,2310,1,1,2025,14,8,48,34,1,2,43,1,1,1,1,40,5325.114,2310,1,1,1,0,still teacher
280908091420485,5,2024,13,2,17011,48,54,4,2,43,1,1,2,1,1,40,5256.0613,2310,1,1,2025,14,6,48,55,4,2,43,1,2,1,1,40,5071.8135,2310,1,1,1,0,still teacher
849809213490430,5,2024,14,1,17011,48,24,6,1,43,2,3,2,1,1,40,5467.7208,2310,1,1,2025,14,5,48,24,6,1,44,2,2,1,1,40,5879.2766,2310,1,1,1,0,still teacher
848409711176610,5,2024,13,4,17011,48,44,1,2,43,1,1,1,4,1,40,4440.6053,2310,1,1,2025,13,8,48,45,1,2,43,1,1,4,1,40,5192.3927,2310,1,1,1,0,still teacher
841901298146841,5,2024,16,1,17011,48,32,1,2,43,1,1,2,1,1,40,6004.7263,2310,1,1,2025,14,5,48,33,1,2,43,1,2,1,2,40,5898.9019,2310,1,1,1,0,still teacher
053409740741138,5,2024,14,4,17011,48,45,1,2,43,1,2,2,1,1,40,3915.5803,2310,1,1,2025,15,8,48,46,1,2,43,1,2,1,1,40,4422.0144,2310,1,1,1,0,still teacher
521300835960846,5,2024,13,1,17011,48,32,4,2,43,1,1,2,1,1,55,6004.7263,2320,1,1,2025,13,5,48,33,4,2,43,1,2,1,1,50,5898.9019,2310,1,1,1,0,still teacher
024076091018566,5,2024,15,4,17011,48,40,1,2,42,2,2,2,1,1,40,5059.1177,2300,1,1,2025,15,8,48,41,1,2,40,2,2,1,1,40,4380.8115,2300,1,1,1,0,still teacher
844706011985470,5,2024,15,4,17011,48,41,1,1,44,1,1,1,1,1,40,5683.1689,2320,1,1,2025,15,8,48,42,1,1,44,1,1,1,1,40,5963.1973,230,1,0,0,1,other occupation
849809015195780,5,2024,8,3,17011,48,55,1,2,43,4,2,2,4,1,40,4994.9745,2310,1,1,2025,8,7,48,55,1,2,43,4,2,4,1,20,4435.3014,2310,1,1,1,0,still teacher
849809015195780,5,2024,8,3,17011,48,25,6,2,44,4,4,2,4,1,20,4739.0865,2310,1,1,2025,8,7,48,26,6,2,44,4,2,4,1,40,7684.1546,1825,1,0,0,1,other occupation
849809015195780,5,2024,8,3,17011,48,21,6,1,40,4,5,2,1,1,20,3463.8602,2310,1,1,2025,8,7,48,22,6,1,40,4,2,1,7,-1,5259.6811,-1,0,0,0,1,out of labor force
794050100013448,5,2024,16,4,17011,49,47,1,2,44,1,2,2,1,1,50,1607.8443,2320,1,1,2025,16,8,49,48,1,2,44,1,2,1,1,50,1571.6936,2320,1,1,1,0,still teacher
172001600351685,5,2024,16,1,17011,53,41,1,2,44,1,2,2,1,1,60,3638.8379,2310,1,1,2025,16,5,53,42,1,2,44,1,2,1,1,40,3868.5933,2310,1,1,1,0,still teacher
012705012495600,5,2024,16,4,17111,10,40,1,2,44,1,2,2,1,1,40,702.6744,2310,1,1,2025,13,8,10,40,1,2,44,1,2,1,1,-4,866.293,2320,1,1,1,0,still teacher
896940231070010,5,2024,14,1,17111,16,30,6,2,40,1,2,2,1,1,32,1301.0486,2310,1,1,2025,14,5,16,30,6,2,40,1,2,1,1,32,1134.9928,2545,1,0,0,1,other occupation
300452281031320,5,2024,10,3,17111,22,61,2,2,40,2,1,2,1,1,40,1679.8642,2300,1,1,2025,9,7,22,63,2,2,40,2,2,1,1,40,1551.7085,2310,1,1,1,0,still teacher
098018620220102,5,2024,13,4,17111,22,62,6,2,44,2,1,2,1,1,40,2081.0921,2310,1,1,2025,15,8,22,63,6,2,43,2,2,1,1,40,2351.0393,2310,1,1,1,0,still teacher
208120239137495,5,2024,15,2,17111,22,44,1,2,43,1,2,2,1,1,40,1609.0323,2310,1,1,2025,16,6,22,45,1,2,43,1,2,1,1,40,2615.6691,2310,1,1,1,0,still teacher
140037600842072,5,2024,15,3,17111,28,39,1,2,44,1,2,2,1,1,40,1870.4853,2310,1,1,2025,16,7,28,40,1,2,44,1,2,1,1,40,1635.5114,2310,1,1,1,0,still teacher
780334021501359,5,2024,15,3,17111,54,68,1,2,44,1,2,2,1,1,12,720.7277,2310,1,1,2025,13,7,54,69,1,2,44,1,2,1,1,18,584.2922,230,1,0,0,1,other occupation
001150026783124,5,2024,16,1,17011,5,55,1,1,43,1,1,2,1,1,55,1699.7047,2310,1,1,2025,16,5,5,56,1,1,44,1,2,1,1,40,1961.6625,2310,1,1,1,0,still teacher
607221711180800,5,2024,16,1,17011,6,51,6,2,43,7,1,1,1,1,40,6596.4501,2310,1,1,2025,15,5,6,52,6,2,43,7,1,1,1,40,4393.2682,2310,1,1,1,0,still teacher
540539051017670,5,2024,9,1,17011,9,41,1,2,42,4,1,2,4,1,35,4160.8975,2300,1,1,2025,9,5,9,42,1,2,42,4,2,4,1,40,3529.5742,4040,1,0,0,1,other occupation
673033100190199,5,2024,15,3,17011,17,47,1,2,44,1,1,2,1,1,40,3891.8254,2330,1,1,2025,15,7,17,48,1,2,43,1,2,1,1,40,4748.6493,2330,1,1,1,0,still teacher
673033100190199,5,2024,15,3,17011,17,48,1,1,43,2,2,2,1,1,36,5003.5553,2330,1,1,2025,15,7,17,48,1,1,43,2,2,1,1,40,5125.9633,2310,1,1,1,0,still teacher
267339661030013,5,2024,16,3,17011,17,57,1,2,43,1,2,2,1,1,40,4430.288,2310,1,1,2025,16,7,17,58,1,2,43,1,2,1,1,40,4238.598,2310,1,1,1,0,still teacher
826925052070016,5,2024,16,3,17011,26,32,1,2,44,1,1,2,1,1,40,6096.9832,2310,1,1,2025,16,7,26,33,1,2,44,1,2,1,1,40,5825.7007,2310,1,1,1,0,still teacher
009180223049805,5,2024,15,4,17011,28,56,1,2,44,1,2,2,1,1,40,1506.0283,2310,1,1,2025,15,8,28,57,1,2,44,1,2,1,1,40,1538.6868,2310,1,1,1,0,still teacher
270813687041700,5,2024,12,2,17011,30,39,6,1,44,1,1,2,1,1,55,629.7941,2320,1,1,2025,12,6,30,40,6,1,44,1,2,1,1,40,604.0476,2320,1,1,1,0,still teacher
038709114124470,5,2024,12,2,17011,30,24,6,2,35,1,3,2,1,1,35,975.5413,2300,1,1,2025,12,6,30,25,6,2,35,1,2,1,7,-1,744.5048,-1,0,0,0,1,out of labor force
006002110431111,5,2024,16,1,17011,31,53,3,2,43,1,1,2,1,1,-4,1392.3938,2300,1,1,2025,15,5,31,54,3,2,41,1,2,1,1,40,1439.6069,2300,1,1,1,0,still teacher
620607071331248,5,2024,11,2,17011,37,24,4,2,39,1,2,2,1,1,36,4684.3269,2300,1,1,2025,9,6,37,25,4,2,39,1,2,1,1,20,3547.2124,2300,1,1,1,0,still teacher
692060108577384,5,2024,16,1,17011,39,48,1,2,43,1,2,2,1,1,40,5198.3366,2310,1,1,2025,16,5,39,49,1,2,43,1,2,1,7,-1,4358.0376,-1,0,0,0,1,out of labor force
054087046814218,5,2024,15,1,17011,44,37,1,2,44,1,1,2,1,1,45,1352.0545,2310,1,1,2025,15,5,44,38,1,2,44,1,2,1,1,40,1158.9764,2330,1,1,1,0,still teacher
202180461595530,5,2024,14,2,17011,48,25,6,1,43,1,2,2,1,1,40,5351.3074,2310,1,1,2025,12,6,48,26,6,1,43,1,2,1,1,40,6109.6483,2320,1,1,1,0,still teacher
301000912649847,5,2024,8,4,17011,48,23,6,2,39,1,1,1,1,1,40,5672.0033,2300,1,1,2025,9,8,48,24,6,2,39,1,1,1,1,40,6284.8572,5310,1,0,0,1,other occupation
191050800082675,5,2024,15,1,17011,50,53,1,1,45,1,2,2,1,1,40,478.1977,2320,1,1,2025,16,5,50,54,1,1,45,1,2,1,1,40,428.0239,2310,1,1,1,0,still teacher
025339280150111,5,2024,15,2,17011,51,49,4,1,44,1,1,2,1,1,40,4057.0865,2310,1,1,2025,15,6,51,49,4,1,44,1,2,1,1,40,4518.0629,2310,1,1,1,0,still teacher
150687900502855,5,2024,15,1,17011,55,59,3,2,44,1,1,2,1,1,40,4248.7552,2310,1,1,2025,15,5,55,60,3,2,44,1,2,1,1,40,3406.8336,2310,1,1,1,0,still teacher
456532155080113,5,2024,14,2,17011,56,38,6,2,44,1,1,2,1,1,40,427.3105,2310,1,1,2025,13,6,56,38,6,2,44,1,2,1,1,40,503.9079,2310,1,1,1,0,still teacher
751439680020016,5,2024,15,1,17111,1,47,1,2,44,2,2,2,1,1,40,3240.5321,2310,1,1,2025,16,5,1,47,1,2,44,2,2,1,1,40,3374.6386,2310,1,1,1,0,still teacher
006140041863169,5,2024,9,1,17111,4,35,5,2,39,1,1,1,1,1,35,4485.5875,2300,1,1,2025,13,5,4,37,5,2,42,1,1,1,1,40,6215.89,2300,1,1,1,0,still teacher
912183042060010,5,2024,16,1,17111,22,24,6,2,43,1,4,2,1,1,50,2734.4731,2310,1,1,2025,16,5,22,25,6,2,43,1,2,1,1,40,2840.7117,5240,1,0,0,1,other occupation
069622620520115,5,2024,13,1,17111,25,33,1,2,43,1,2,2,1,1,40,3814.3276,2310,1,1,2025,15,5,25,34,1,2,43,1,2,1,1,35,3462.6701,2310,1,1,1,0,still teacher
550663930061330,5,2024,15,2,17111,33,53,1,1,44,1,1,2,1,1,60,1119.6634,2310,1,1,2025,15,6,33,54,1,1,44,1,2,1,1,40,1254.1489,2310,1,1,1,0,still teacher
094082049011058,5,2024,16,1,17111,41,54,4,1,44,1,1,2,1,1,40,2696.0428,2310,1,1,2025,16,5,41,55,1,1,44,1,2,1,1,45,2266.8194,2320,1,1,1,0,still teacher
094082049011058,5,2024,16,1,17111,41,52,4,2,44,1,2,2,1,1,40,2621.9301,2310,1,1,2025,16,5,41,54,1,2,44,1,2,1,1,45,2395.0723,2310,1,1,1,0,still teacher
170350700052445,5,2024,16,4,17111,50,42,1,2,44,1,2,2,1,1,40,608.1407,2310,1,1,2025,15,8,50,43,1,2,44,1,2,1,1,40,657.5164,2320,1,1,1,0,still teacher
065372820152124,5,2024,12,3,17111,54,48,1,1,43,1,1,2,1,1,40,668.4908,2310,1,1,2025,14,7,54,49,1,1,43,1,2,1,1,40,654.5336,2310,1,1,1,0,still teacher
014703530200169,5,2024,16,3,17011,9,48,1,2,44,1,2,2,1,1,-4,2617.586,2320,1,1,2025,16,7,9,49,1,2,45,1,2,1,1,40,3152.9636,2320,1,1,1,0,still teacher
082928391030018,5,2024,11,3,17011,12,35,4,2,43,1,1,2,1,1,40,4347.7789,2310,1,1,2025,12,7,12,36,4,2,43,1,2,1,1,40,5809.5628,2310,1,1,1,0,still teacher
141916200196482,5,2024,15,1,17011,21,28,6,1,44,1,1,2,1,1,40,4791.8403,2320,1,1,2025,15,5,21,29,2,1,44,1,2,1,1,40,3669.3857,2310,1,1,1,0,still teacher
089046850520148,5,2024,16,2,17011,28,53,1,2,46,2,1,2,1,1,40,1552.8724,2310,1,1,2025,16,6,28,54,1,2,44,2,2,1,1,40,2030.0688,2310,1,1,1,0,still teacher
005170314134584,5,2024,15,4,17011,37,35,1,2,43,1,2,2,1,1,40,3721.0172,2310,1,1,2025,15,8,37,35,1,2,43,1,2,1,1,40,3548.9963,2310,1,1,1,0,still teacher
227020101071491,5,2024,16,1,17011,42,55,1,2,44,1,1,2,1,1,35,4762.8737,2310,1,1,2025,16,5,42,56,1,2,44,1,2,1,7,-1,6228.9218,-1,0,0,0,1,out of labor force
027627890600121,5,2024,15,3,17111,1,38,1,2,44,1,1,2,1,1,40,2329.1408,2310,1,1,2025,15,7,1,40,1,2,44,1,2,1,1,40,1998.7099,2310,1,1,1,0,still teacher
251600407230718,5,2024,16,3,17011,17,49,1,2,44,1,1,2,1,1,38,3891.8254,2330,1,1,2025,16,7,17,50,1,2,44,1,2,1,1,40,4938.8,2330,1,1,1,0,still teacher
582936563090015,5,2024,16,2,17011,32,43,1,2,43,1,1,2,1,1,45,1603.1365,2320,1,1,2025,15,6,32,45,1,2,43,1,2,1,1,40,1785.5849,2320,1,1,1,0,still teacher
582936563090015,5,2024,16,2,17011,32,41,1,1,43,3,2,1,1,1,45,2388.8867,2320,1,1,2025,15,6,32,42,1,1,43,3,1,1,1,40,2660.1273,2320,1,1,1,0,still teacher
033103019612337,5,2024,14,3,17011,32,71,1,1,44,1,2,2,1,2,40,1758.2759,2310,1,1,2025,15,7,32,72,1,1,44,1,2,1,1,40,1756.4622,2310,1,1,1,0,still teacher
033103019612337,5,2024,14,3,17011,32,31,6,2,43,1,3,2,1,1,40,1931.8651,2310,1,1,2025,15,7,32,32,6,2,43,1,2,1,1,40,2542.2046,5240,1,0,0,1,other occupation
005150311858844,5,2024,16,2,17011,35,53,1,2,44,1,2,2,3,1,20,1116.1061,2310,1,1,2025,14,6,35,54,1,2,44,1,2,3,1,25,1302.3589,2310,1,1,1,0,still teacher
658911834000215,5,2024,15,1,17011,48,33,1,2,44,2,2,2,1,1,40,8265.2327,2310,1,1,2025,15,5,48,34,1,2,44,2,2,1,1,40,6385.6509,2310,1,1,1,0,still teacher
080094820001781,5,2024,6,2,17011,48,30,1,2,43,1,2,2,1,1,40,4503.4883,2310,1,1,2025,15,6,48,31,1,2,43,1,2,1,1,40,5220.4795,2310,1,1,1,0,still teacher
556408015692210,5,2024,10,1,17011,55,23,6,2,42,1,1,2,1,1,40,4363.9662,2320,1,1,2025,10,5,55,24,6,2,42,1,2,1,1,45,4888.1726,2310,1,1,1,0,still teacher
009110022648483,5,2024,13,1,17011,1,52,3,2,43,3,1,2,1,1,40,3067.9151,2310,1,1,2025,12,5,1,53,3,2,43,3,2,1,1,40,1969.7882,2330,1,1,1,0,still teacher
070058047319952,5,2024,10,3,17011,9,38,6,2,43,2,1,2,1,1,40,5036.3105,2300,1,1,2025,16,7,9,38,6,2,43,2,2,1,1,40,6302.0518,5860,1,0,0,1,other occupation
300110183309257,5,2024,14,3,17011,11,34,6,2,44,2,1,2,1,1,40,563.1214,2310,1,1,2025,14,7,11,35,6,2,44,2,2,1,1,40,589.1113,2310,1,1,1,0,still teacher
150618600482093,5,2024,13,3,17011,34,50,1,1,44,1,1,2,1,1,35,4286.8617,2310,1,1,2025,16,7,34,52,1,1,44,1,2,1,1,50,4604.5318,2310,1,1,1,0,still teacher
150618600482093,5,2024,13,3,17011,34,48,1,2,43,1,2,2,1,1,35,4169.9976,2310,1,1,2025,16,7,34,49,1,2,43,1,2,1,7,-1,4890.7583,-1,0,0,0,1,out of labor force
914814193050017,5,2024,14,2,17011,34,29,6,1,43,1,3,2,1,1,40,4696.1914,2310,1,1,2025,15,6,34,30,6,1,43,1,2,1,1,35,5791.5622,2310,1,1,1,0,still teacher
631401214375270,5,2024,16,1,17011,36,44,4,2,46,1,1,2,1,1,40,6009.8844,2310,1,1,2025,16,5,36,45,4,2,46,1,2,1,1,40,4661.6447,2310,1,1,1,0,still teacher
710051634051013,5,2024,14,3,17111,11,41,6,2,44,1,1,2,1,1,50,279.742,2300,1,1,2025,15,7,11,42,6,2,44,1,2,1,1,50,286.1124,2310,1,1,1,0,still teacher
520702848041820,5,2024,16,1,17111,22,24,1,2,44,2,1,2,1,1,40,2659.4199,2310,1,1,2025,15,5,22,25,1,2,44,2,2,1,1,40,3141.7851,2310,1,1,1,0,still teacher
951200907128827,5,2024,15,2,17111,28,40,6,2,46,2,1,2,1,1,40,3014.5331,2310,1,1,2025,16,6,28,41,6,2,46,2,2,1,1,40,1770.0467,2310,1,1,1,0,still teacher
656054107960166,5,2024,9,1,17011,15,80,1,2,43,4,1,2,4,1,-4,1251.0879,2310,1,1,2025,9,5,15,80,1,2,43,4,2,4,1,-4,1033.1999,2310,1,1,1,0,still teacher
011300879382713,5,2024,14,1,17011,17,40,1,1,44,4,1,2,1,1,40,3832.2457,2310,1,1,2025,16,5,17,40,1,1,44,4,2,1,1,40,5247.8586,2310,1,1,1,0,still teacher
140678041403688,5,2024,7,1,17011,48,52,4,2,40,1,1,2,1,1,45,6193.8457,2300,1,1,2025,5,5,48,53,4,2,40,1,2,1,1,82,5345.8097,2300,1,1,1,0,still teacher
848103011442240,5,2024,16,3,17011,48,56,1,2,43,1,1,2,1,1,50,5246.1985,2310,1,1,2025,16,7,48,57,1,2,43,1,2,1,1,40,4179.7119,2320,1,1,1,0,still teacher
481020102841434,5,2024,14,3,17011,48,30,6,2,39,1,3,2,1,1,25,6007.4124,2300,1,1,2025,14,7,48,31,6,2,39,1,2,1,1,25,5432.7342,2545,1,0,0,1,other occupation
730694492041083,5,2024,13,2,17011,48,66,4,2,44,1,1,2,1,1,40,3909.4974,2310,1,1,2025,13,6,48,67,4,2,44,1,2,1,1,40,4890.9217,2310,1,1,1,0,still teacher
028689560951136,5,2024,16,2,17011,56,43,1,2,44,1,2,2,1,1,40,451.777,2310,1,1,2025,12,6,56,44,1,2,44,1,2,1,1,40,487.4098,2320,1,1,1,0,still teacher
052809340931190,5,2024,13,2,17111,30,52,6,2,44,1,1,2,1,1,40,566.0898,2310,1,1,2025,15,6,30,53,6,2,44,1,2,1,1,40,503.0185,2310,1,1,1,0,still teacher
805020107980481,5,2024,16,1,17111,40,50,1,2,43,1,2,2,1,1,24,3296.5435,2310,1,1,2025,16,5,40,51,1,2,43,1,2,1,1,20,2435.3146,2330,1,1,1,0,still teacher
100350061405758,5,2024,16,1,17111,40,41,6,2,44,1,1,2,1,1,35,2597.9698,2310,1,1,2025,12,5,40,42,6,2,44,1,2,1,1,40,2339.0415,2310,1,1,1,0,still teacher
481700106276108,5,2024,14,2,17011,1,45,1,2,44,1,1,2,1,1,40,2112.8453,2310,1,1,2025,14,6,1,47,1,2,44,1,2,1,1,40,1930.7268,2310,1,1,1,0,still teacher
081925080070015,5,2024,14,4,17011,1,51,4,2,46,2,1,2,1,1,50,2639.1097,2310,1,1,2025,13,8,1,52,4,2,46,2,2,1,1,50,3975.845,2310,1,1,1,0,still teacher
902305015146820,5,2024,11,2,17011,9,39,6,1,43,1,1,2,1,1,38,3615.2865,2320,1,1,2025,10,6,9,39,6,1,43,1,2,1,1,37,3252.8337,2861,1,0,0,1,other occupation
910932041103961,5,2024,14,2,17011,12,39,1,2,42,1,2,2,1,1,40,5906.0846,2310,1,1,2025,15,6,12,40,1,2,42,1,2,1,1,40,5890.7889,2310,1,1,1,0,still teacher
331060100774131,5,2024,15,1,17011,13,28,1,2,44,1,2,2,1,1,40,4954.5934,2310,1,1,2025,14,5,13,29,1,2,44,1,2,1,1,40,6023.7449,2310,1,1,1,0,still teacher
031040108528116,5,2024,16,4,17011,13,43,4,2,43,1,3,2,1,1,40,4925.1127,2310,1,1,2025,12,8,13,44,4,2,43,1,2,1,1,40,4873.615,2310,1,1,1,0,still teacher
090664071319072,5,2024,16,1,17011,34,39,1,2,44,1,2,1,4,1,40,5113.2889,2310,1,1,2025,16,5,34,40,1,2,44,1,1,4,1,40,5616.3178,2310,1,1,1,0,still teacher
033094045414831,5,2024,16,3,17011,34,30,1,2,44,1,1,2,1,1,50,5101.8055,2310,1,1,2025,16,7,34,31,1,2,44,1,2,1,1,40,4834.7094,2310,1,1,1,0,still teacher
111416900635253,5,2024,15,1,17011,36,50,4,2,44,1,1,1,1,1,40,4669.815,2310,1,1,2025,16,5,36,51,4,2,44,1,1,1,1,38,5627.1379,2310,1,1,1,0,still teacher
361090101171319,5,2024,15,3,17011,36,40,1,2,44,1,2,2,1,1,40,4220.6005,2310,1,1,2025,15,7,36,41,1,2,44,1,2,1,1,40,3944.0112,2320,1,1,1,0,still teacher
635304015083200,5,2024,15,4,17011,36,62,1,2,43,1,1,2,1,1,40,4050.1771,2330,1,1,2025,15,8,36,64,1,2,43,1,2,1,1,40,3228.4482,7260,1,0,0,1,other occupation
635304015083200,5,2024,15,4,17011,36,27,6,2,43,1,3,2,1,1,40,5040.2659,2330,1,1,2025,15,8,36,27,6,2,43,1,2,1,1,40,4349.8122,726,1,0,0,1,other occupation
635304015083200,5,2024,15,4,17011,36,35,6,2,43,1,4,2,1,1,40,4887.6355,2330,1,1,2025,15,8,36,36,6,2,43,1,2,1,1,40,3967.077,726,1,0,0,1,other occupation
734600213967430,5,2024,16,1,17011,37,51,1,2,43,1,1,2,1,1,10,5186.1237,2300,1,1,2025,16,5,37,52,1,2,43,1,2,1,1,10,6949.994,2300,1,1,1,0,still teacher
410762091409827,5,2024,14,2,17011,42,31,1,2,42,1,2,2,1,1,40,3689.2805,2300,1,1,2025,15,6,42,32,1,2,42,1,2,1,1,40,4919.2168,2300,1,1,1,0,still teacher
024993570550150,5,2024,13,2,17011,50,64,3,2,43,1,1,2,1,1,40,395.1071,2320,1,1,2025,13,6,50,64,3,2,43,1,2,1,5,-1,412.9805,-1,0,0,0,1,out of labor force
120835300442935,5,2024,14,4,17011,54,42,1,2,44,1,2,2,1,1,40,1049.8901,2310,1,1,2025,13,8,54,43,1,2,44,1,2,1,1,20,927.2431,2310,1,1,1,0,still teacher
009222190520172,5,2024,11,1,17111,22,34,6,1,43,1,3,2,1,1,40,2647.3652,2310,1,1,2025,15,5,22,36,6,1,43,1,2,1,1,50,3018.542,2320,1,1,1,0,still teacher
587442794020016,5,2024,11,1,17111,47,22,6,2,43,1,1,2,1,1,40,4825.1955,2320,1,1,2025,15,5,47,23,1,2,43,1,2,1,1,40,5110.1723,2330,1,1,1,0,still teacher
007140577425667,5,2024,16,4,17111,54,44,1,2,43,1,1,2,1,1,40,1051.2043,2300,1,1,2025,15,8,54,45,1,2,43,1,2,1,1,40,745.9567,2310,1,1,1,0,still teacher
020300600600164,5,2024,15,3,17011,4,38,1,2,43,1,2,2,1,1,35,4137.6912,2300,1,1,2025,15,7,4,39,1,2,43,1,2,1,1,35,4147.1415,2310,1,1,1,0,still teacher
180466042001154,5,2024,9,4,17011,6,47,6,2,43,4,1,2,4,1,40,3659.0383,2300,1,1,2025,16,8,6,48,6,2,43,4,2,4,1,20,4506.6719,2300,1,1,1,0,still teacher
180466042001154,5,2024,9,4,17011,6,46,6,2,42,15,2,2,5,1,40,6136.6639,2300,1,1,2025,16,8,6,47,6,2,43,15,2,5,7,-1,3873.1207,2300,0,0,0,1,out of labor force
416114580060024,5,2024,9,4,17011,6,40,6,2,42,4,1,2,5,1,40,3368.0793,2300,1,1,2025,12,8,6,41,6,2,42,4,2,5,1,20,3544.2928,4600,1,0,0,1,other occupation
080061029826523,5,2024,9,4,17011,6,37,6,2,42,4,1,2,5,1,40,3248.2771,2300,1,1,2025,12,8,6,38,6,2,42,4,2,5,1,20,3131.6709,4600,1,0,0,1,other occupation
290628500621380,5,2024,9,4,17011,6,39,6,2,43,4,1,2,5,1,40,3248.2771,2300,1,1,2025,12,8,6,40,6,2,43,4,2,5,1,20,3544.2928,4600,1,0,0,1,other occupation
130886092005262,5,2024,9,4,17011,6,50,6,2,42,4,1,2,5,1,40,4441.3475,2300,1,1,2025,12,8,6,51,6,2,42,4,2,5,1,8,5111.641,4600,1,0,0,1,other occupation
101800290837601,5,2024,10,3,17011,6,54,1,2,42,1,1,1,1,1,55,4469.6369,2300,1,1,2025,12,7,6,56,1,2,43,1,1,1,1,40,4167.798,350,1,0,0,1,other occupation
901160028552938,5,2024,16,3,17011,6,63,1,2,44,1,2,2,1,1,40,3985.5611,2310,1,1,2025,16,7,6,64,1,2,44,1,2,1,1,-4,3998.6277,2360,1,0,0,1,other occupation
411000204837809,5,2024,15,1,17011,8,44,1,1,44,1,1,2,1,1,60,4632.4816,2310,1,1,2025,16,5,8,45,1,1,44,1,2,1,1,50,4965.0429,2310,1,1,1,0,still teacher
198120600090010,5,2024,16,3,17011,8,27,6,2,43,1,3,2,1,1,50,4796.1371,2310,1,1,2025,16,7,8,28,6,2,43,1,2,1,1,50,4294.2203,2310,1,1,1,0,still teacher
731600000931808,5,2024,16,4,17011,8,53,1,2,44,1,1,1,1,1,40,3162.9644,2320,1,1,2025,16,8,8,54,1,2,44,1,1,1,3,-1,4648.1041,2865,0,0,0,1,unemployed
130024800748961,5,2024,16,2,17011,17,46,4,2,44,1,5,2,1,1,50,5046.2242,2310,1,1,2025,16,6,17,48,4,2,44,1,2,1,1,40,5235.1388,2310,1,1,1,0,still teacher
081010109643119,5,2024,15,3,17011,18,64,1,2,43,1,2,2,1,1,37,3571.3519,2310,1,1,2025,15,7,18,65,1,2,43,1,2,1,1,40,3302.6016,2320,1,1,1,0,still teacher
180683500912622,5,2024,2,1,17011,29,28,6,2,43,1,2,2,1,1,40,4183.5263,2310,1,1,2025,13,5,29,28,6,2,43,1,2,1,2,50,4664.9289,2310,1,1,1,0,still teacher
208482894010012,5,2024,13,3,17011,48,57,1,1,44,1,3,1,1,1,40,4758.1255,2310,1,1,2025,13,7,48,58,1,1,44,1,1,1,1,40,4063.7505,2205,1,0,0,1,other occupation
700534945091082,5,2024,14,2,17011,48,40,4,2,43,1,1,2,1,1,40,4584.78,2310,1,1,2025,14,6,48,41,4,2,43,1,2,1,1,40,4348.1339,2310,1,1,1,0,still teacher
760034990081880,5,2024,16,3,17011,48,36,1,2,44,1,2,2,1,1,50,4932.8069,2310,1,1,2025,16,7,48,37,1,2,44,1,2,1,1,40,5085.6725,2320,1,1,1,0,still teacher
460565876051830,5,2024,15,3,17011,53,34,6,2,40,1,3,2,1,1,40,5002.5011,2300,1,1,2025,15,7,53,35,6,2,40,1,2,1,1,40,3634.1951,4600,1,0,0,1,other occupation
951020103346563,5,2024,10,4,17011,55,71,1,2,44,1,2,2,1,2,-4,3118.9806,2310,1,1,2025,16,8,55,71,1,2,43,1,2,1,5,-1,3942.7649,2310,0,0,0,1,out of labor force
302090104325499,5,2024,15,1,17111,40,30,1,2,44,1,1,2,1,1,40,2921.9254,2310,1,1,2025,15,5,40,31,1,2,44,1,2,1,1,40,2709.5667,2310,1,1,1,0,still teacher
656802111711340,5,2024,14,2,17111,56,42,1,2,44,1,1,2,1,1,50,451.777,2320,1,1,2025,15,6,56,43,1,2,44,1,2,1,1,50,487.4098,137,1,0,0,1,other occupation
075025056816534,5,2024,14,1,17111,56,25,1,2,44,1,2,2,1,1,40,494.737,2310,1,1,2025,15,5,56,26,1,2,44,1,2,1,1,45,705.2009,2310,1,1,1,0,still teacher
008160570865961,5,2024,15,2,17111,56,58,1,1,43,1,1,2,1,1,40,533.9891,2310,1,1,2025,15,6,56,59,1,1,43,1,2,1,1,40,635.9106,2310,1,1,1,0,still teacher
410449041003690,5,2024,15,3,17011,9,54,1,2,39,1,1,1,1,1,40,2740.6737,2300,1,1,2025,15,7,9,55,1,2,39,1,1,1,1,40,2601.6285,4600,1,0,0,1,other occupation
392506401030116,5,2024,16,4,17011,12,58,1,2,44,2,1,2,4,1,40,5305.7573,2310,1,1,2025,16,8,12,59,1,2,44,2,2,4,1,40,5745.1365,2310,1,1,1,0,still teacher
065157620630126,5,2024,16,3,17011,36,61,1,2,44,1,1,2,1,2,6,4560.5803,2310,1,1,2025,15,7,36,62,1,2,44,1,2,1,5,-1,4271.8369,-1,0,0,0,1,out of labor force
960696051009865,5,2024,1,2,17011,6,27,6,1,43,1,1,2,1,1,-4,4652.3707,2310,1,1,2025,10,6,6,28,1,1,43,1,2,1,4,-1,5805.0736,4760,0,0,0,1,unemployed
015399310800128,5,2024,16,4,17011,8,38,1,2,44,1,1,2,1,1,40,5139.5338,2310,1,1,2025,15,8,8,38,1,2,44,1,2,1,1,40,3947.9153,2310,1,1,1,0,still teacher
707110195273597,5,2024,16,1,17011,11,52,1,2,44,2,2,2,1,1,12,579.0061,2320,1,1,2025,16,5,11,53,1,2,44,2,2,1,1,40,452.7512,9005,1,0,0,1,other occupation
221011100542165,5,2024,12,3,17011,12,64,1,2,43,1,1,1,5,1,45,3900.9788,2300,1,1,2025,10,7,12,65,2,2,43,1,1,5,1,10,4416.5373,4600,1,0,0,1,other occupation
011003031512822,5,2024,8,4,17011,12,67,4,2,41,1,1,2,1,1,32,4088.0905,2310,1,1,2025,10,8,12,69,4,2,41,1,2,1,5,-1,4209.7991,-1,0,0,0,1,out of labor force
224106016878650,5,2024,15,3,17011,22,25,1,2,43,1,2,2,1,1,40,2401.3676,2310,1,1,2025,15,7,22,25,1,2,43,1,2,1,1,40,2236.281,2310,1,1,1,0,still teacher
763080106893221,5,2024,13,2,17011,26,37,4,2,43,1,1,1,1,1,40,3934.8992,2310,1,1,2025,13,6,26,39,4,2,43,1,1,1,1,40,4290.6169,2310,1,1,1,0,still teacher
764041107480336,5,2024,16,2,17011,36,47,1,2,44,1,2,2,1,1,40,5625.9549,2310,1,1,2025,16,6,36,48,1,2,44,1,2,1,1,40,4987.6234,2310,1,1,1,0,still teacher
867723033070012,5,2024,13,3,17011,37,33,6,2,44,2,3,2,1,1,38,6190.1823,2310,1,1,2025,13,7,37,33,6,2,39,2,2,1,7,-1,5657.7734,-1,0,0,0,1,out of labor force
043090048519736,5,2024,14,3,17011,39,47,1,1,44,1,1,2,1,1,55,3797.1934,2310,1,1,2025,15,7,39,48,1,1,44,1,2,1,1,50,3926.751,2320,1,1,1,0,still teacher
542029684000019,5,2024,16,4,17011,42,36,2,2,44,1,2,2,1,1,40,4833.01,2310,1,1,2025,16,8,42,38,2,2,44,1,2,1,1,40,5369.2759,2310,1,1,1,0,still teacher
950598041400802,5,2024,15,3,17011,48,37,1,2,43,1,2,2,1,1,40,4133.0373,2310,1,1,2025,15,7,48,38,1,2,43,1,2,1,1,40,4837.438,2310,1,1,1,0,still teacher
550011106933000,5,2024,7,2,17111,5,27,6,2,43,2,1,2,1,1,37,2133.0029,2310,1,1,2025,16,6,5,28,6,2,43,2,2,1,1,40,2233.7427,2310,1,1,1,0,still teacher
000075047011199,11,2024,8,1,18011,1,26,1,2,44,1,1,2,1,1,40,3637.7398,2330,1,1,2025,15,5,1,27,1,2,44,1,2,1,1,40,3700.6977,2320,1,1,1,0,still teacher
219600414102480,11,2024,14,2,18011,12,34,4,1,43,1,2,2,1,1,40,5134.7892,2310,1,1,2025,14,6,12,35,4,1,43,1,2,1,1,40,5278.5169,2310,1,1,1,0,still teacher
100175900387761,11,2024,16,2,18011,13,40,1,2,44,1,2,2,1,1,45,6192.2847,2310,1,1,2025,16,6,13,41,1,2,44,1,2,1,1,40,5715.1386,2310,1,1,1,0,still teacher
671200211702426,11,2024,15,3,18011,24,34,1,2,44,1,2,2,1,1,33,4021.9416,2310,1,1,2025,15,7,24,36,1,2,44,1,2,1,1,34,5229.0117,2310,1,1,1,0,still teacher
008140385919865,11,2024,15,2,18011,34,56,1,2,43,4,2,2,4,1,40,5180.4181,2330,1,1,2025,15,6,34,57,1,2,43,4,2,4,1,35,4770.9777,2330,1,1,1,0,still teacher
368032103594303,11,2024,13,2,18011,36,53,6,2,41,1,1,1,4,1,36,5470.9977,2310,1,1,2025,13,6,36,54,6,2,41,1,1,4,1,35,8363.854,2310,1,1,1,0,still teacher
082453090730146,11,2024,14,3,18011,36,36,1,2,44,1,2,2,1,1,40,4451.682,2310,1,1,2025,14,7,36,38,1,2,44,1,2,1,1,40,4690.9868,2310,1,1,1,0,still teacher
006170398122073,11,2024,5,2,18011,37,43,6,2,43,1,2,2,1,1,40,3480.1536,2310,1,1,2025,5,6,37,44,6,2,43,1,2,1,2,-4,4386.8994,2310,1,1,1,0,still teacher
006170398122073,11,2024,5,2,18011,37,18,6,2,40,1,3,2,1,1,-4,3986.269,2310,1,1,2025,5,6,37,19,6,2,40,1,2,1,7,-1,5038.1842,-1,0,0,0,1,out of labor force
028357290931137,11,2024,16,2,18011,37,55,1,2,43,1,2,2,1,1,40,5247.4534,2310,1,1,2025,16,6,37,56,1,2,43,1,2,1,1,40,5088.6405,2310,1,1,1,0,still teacher
540383390071790,11,2024,16,4,18011,39,40,1,2,40,1,2,2,1,1,20,3540.3318,2310,1,1,2025,16,8,39,40,1,2,40,1,2,1,1,15,3615.7222,2360,1,0,0,1,other occupation
105120486301425,11,2024,16,4,18011,42,46,1,1,44,1,2,2,1,1,45,4384.8824,2300,1,1,2025,16,8,42,47,1,1,44,1,2,1,1,40,5761.5806,2300,1,1,1,0,still teacher
108120490315553,11,2024,15,2,18011,42,39,1,2,44,1,1,2,1,1,40,4387.6176,2320,1,1,2025,15,6,42,40,1,2,44,1,2,1,1,40,5769.9526,2320,1,1,1,0,still teacher
544701110813800,11,2024,13,1,18011,45,54,1,2,42,1,2,2,1,1,40,4253.7955,2330,1,1,2025,14,5,45,55,1,2,42,1,2,1,1,40,3419.7491,2722,1,0,0,1,other occupation
079581320040155,11,2024,16,2,18011,45,24,1,2,43,1,2,2,1,1,40,4334.0189,2310,1,1,2025,16,6,45,25,1,2,43,1,2,1,1,45,4170.0051,2310,1,1,1,0,still teacher
900777041406381,11,2024,15,3,18011,47,44,1,1,45,1,1,2,1,1,50,2726.1748,2310,1,1,2025,16,7,47,44,1,1,45,1,2,1,1,50,4309.9122,230,1,0,0,1,other occupation
900777041406381,11,2024,15,3,18011,47,41,1,2,44,1,2,2,1,1,50,4089.2742,2310,1,1,2025,16,7,47,42,1,2,44,1,2,1,1,45,4726.7394,2310,1,1,1,0,still teacher
411200812416749,11,2024,15,4,18011,47,49,1,1,44,1,2,1,1,1,40,5745.4287,2320,1,1,2025,15,8,47,50,1,1,44,1,1,1,1,40,5758.5638,2320,1,1,1,0,still teacher
157002012702300,11,2024,15,4,18011,51,54,4,2,44,1,1,2,1,1,40,3612.3041,2310,1,1,2025,16,8,51,55,4,2,44,1,2,1,1,40,3630.3684,2310,1,1,1,0,still teacher
065003031411822,11,2024,13,2,18011,51,44,4,2,44,2,2,2,1,1,40,3979.3316,2330,1,1,2025,13,6,51,45,4,2,44,2,2,1,1,40,5000.9123,2330,1,1,1,0,still teacher
011000006140154,11,2024,15,1,18011,51,47,4,1,44,1,1,2,1,1,40,5057.3811,2320,1,1,2025,15,5,51,48,4,1,44,1,2,1,1,40,4819.5516,2310,1,1,1,0,still teacher
280465451021200,11,2024,13,1,18111,50,29,6,1,40,1,1,2,1,1,40,470.0951,2300,1,1,2025,12,5,50,30,6,1,40,1,2,1,1,40,665.3942,2300,1,1,1,0,still teacher
141642000242351,11,2024,16,2,18011,12,45,1,2,46,1,1,2,1,1,50,4503.9737,2310,1,1,2025,16,6,12,46,1,2,46,1,2,1,1,40,5556.6431,2310,1,1,1,0,still teacher
003130120315160,11,2024,12,2,18011,13,48,4,2,44,1,1,2,1,1,-4,4380.8767,2310,1,1,2025,12,6,13,49,4,2,44,1,2,1,1,40,4973.555,2310,1,1,1,0,still teacher
151900836149512,11,2024,10,3,18011,15,44,6,2,39,1,1,1,1,1,40,749.9874,2300,1,1,2025,11,7,15,45,6,2,39,1,1,1,1,40,818.5077,2300,1,1,1,0,still teacher
002160136521646,11,2024,15,3,18011,16,36,1,1,43,1,1,1,1,1,-4,973.2907,2310,1,1,2025,15,7,16,37,1,1,43,1,1,1,1,50,1574.3956,2310,1,1,1,0,still teacher
040360620110148,11,2024,12,4,18011,18,40,6,2,43,1,1,2,1,1,40,4071.2574,2310,1,1,2025,12,8,18,41,6,2,43,1,2,1,1,40,4116.9832,2310,1,1,1,0,still teacher
001122210210119,11,2024,16,4,18011,19,46,1,2,44,1,1,2,1,1,42,2906.2197,2310,1,1,2025,16,8,19,47,1,2,44,1,2,1,1,42,2363.171,2350,1,0,0,1,other occupation
007110243448252,11,2024,14,2,18011,21,66,1,2,44,1,2,2,1,1,40,3482.1691,2310,1,1,2025,14,6,21,67,1,2,44,1,2,1,1,40,3934.1836,2310,1,1,1,0,still teacher
190990000834682,11,2024,11,3,18011,28,49,4,2,44,2,1,2,1,1,40,2208.4681,2310,1,1,2025,12,7,28,49,4,2,44,2,2,1,1,40,3166.8356,2310,1,1,1,0,still teacher
026874250031119,11,2024,16,3,18011,39,45,1,2,44,1,2,2,1,1,45,5478.2198,2310,1,1,2025,16,7,39,46,1,2,44,1,2,1,1,45,4831.1994,2320,1,1,1,0,still teacher
890149071309419,11,2024,16,3,18011,39,58,1,1,44,1,1,2,1,1,21,6940.0331,2310,1,1,2025,16,7,39,59,1,1,44,1,2,1,1,24,6069.537,2310,1,1,1,0,still teacher
086968990040160,11,2024,15,3,18011,40,34,1,2,41,1,1,2,1,1,40,2445.0427,2300,1,1,2025,15,7,40,35,1,2,42,1,2,1,1,40,2756.5236,4600,1,0,0,1,other occupation
841800526466441,11,2024,3,2,18011,44,67,4,2,44,1,1,2,1,1,8,947.9854,2310,1,1,2025,3,6,44,68,4,2,44,1,2,1,1,8,1260.359,2310,1,1,1,0,still teacher
065168085910956,11,2024,14,3,18011,50,70,1,2,44,1,2,2,1,1,8,440.6917,2310,1,1,2025,14,7,50,71,1,2,44,1,2,1,1,16,397.3208,2360,1,0,0,1,other occupation
190674500191795,11,2024,14,4,18011,51,61,1,2,44,1,3,2,1,1,40,3916.9353,2310,1,1,2025,15,8,51,62,1,2,43,1,2,1,1,40,4349.2622,2722,1,0,0,1,other occupation
120895031502781,11,2024,16,4,18011,55,48,1,2,43,1,1,2,1,1,45,4556.7311,2320,1,1,2025,15,8,55,48,1,2,43,1,2,1,1,45,5543.3843,2310,1,1,1,0,still teacher
001110051730234,11,2024,16,4,18111,1,51,1,2,44,3,1,2,1,1,30,2576.7498,2320,1,1,2025,14,8,1,52,1,2,44,3,2,1,1,30,2317.2426,2320,1,1,1,0,still teacher
350251021165744,11,2024,15,4,18111,11,58,4,1,44,1,1,2,1,1,60,528.6859,2320,1,1,2025,15,8,11,59,4,1,44,1,2,1,1,50,509.4658,2320,1,1,1,0,still teacher
260092011313954,11,2024,15,4,18111,32,39,1,2,44,1,2,2,1,1,40,2135.1379,2300,1,1,2025,16,8,32,40,1,2,44,1,2,1,1,40,2944.3738,2300,1,1,1,0,still teacher
350013091309230,11,2024,14,2,18111,33,26,1,2,44,1,1,2,1,1,35,1273.4764,2310,1,1,2025,14,6,33,27,1,2,44,1,2,1,1,35,1155.382,2320,1,1,1,0,still teacher
420115011406020,11,2024,15,2,18111,45,50,1,2,43,4,2,2,1,1,40,3231.9125,2310,1,1,2025,15,6,45,51,1,2,43,4,2,1,1,40,3521.5684,2310,1,1,1,0,still teacher
120372001024909,11,2024,15,3,18011,2,60,1,2,43,1,1,2,1,1,-4,659.2345,2310,1,1,2025,16,7,2,61,1,2,43,1,2,1,1,12,507.8749,2310,1,1,1,0,still teacher
941500451751408,11,2024,14,4,18011,4,47,6,1,44,1,1,2,1,1,50,4071.4583,2310,1,1,2025,14,8,4,49,6,1,44,1,2,1,1,50,4791.3328,2310,1,1,1,0,still teacher
171162400648010,11,2024,11,2,18011,6,26,6,2,42,1,1,1,1,1,40,5189.2798,2300,1,1,2025,11,6,6,27,6,2,42,1,1,1,1,40,6271.4858,2300,1,1,1,0,still teacher
316915520060211,11,2024,16,4,18011,6,47,1,2,44,1,2,2,1,1,40,4466.5441,2310,1,1,2025,16,8,6,48,1,2,44,1,2,1,1,40,4708.9192,2310,1,1,1,0,still teacher
040251090116224,11,2024,16,1,18011,6,31,1,2,44,1,4,1,1,1,40,4548.7017,2310,1,1,2025,15,5,6,32,1,2,44,1,1,1,7,-1,4441.5576,-1,0,0,0,1,out of labor force
960051106704024,11,2024,14,2,18011,6,61,1,2,43,1,2,1,4,1,40,4307.983,2300,1,1,2025,14,6,6,62,1,2,43,1,1,4,1,40,4462.4865,2300,1,1,1,0,still teacher
941900403825806,11,2024,16,4,18011,8,55,1,2,44,1,1,2,1,1,40,4775.5358,2330,1,1,2025,16,8,8,56,1,2,44,1,2,1,1,40,3976.3911,2330,1,1,1,0,still teacher
000180000711741,11,2024,16,2,18011,8,49,1,2,43,1,2,2,1,1,40,3719.5218,2320,1,1,2025,16,6,8,50,1,2,43,1,2,1,1,50,8434.8496,2320,1,1,1,0,still teacher
120472900674561,11,2024,10,2,18011,16,28,6,2,39,3,1,2,1,1,40,1263.305,2300,1,1,2025,10,6,16,29,6,2,39,3,2,1,7,-1,1398.2828,-1,0,0,0,1,out of labor force
039286310315197,11,2024,15,3,18011,17,63,1,1,44,4,2,2,4,1,40,4678.5253,2320,1,1,2025,15,7,17,64,1,1,44,4,2,4,1,40,5736.3004,2310,1,1,1,0,still teacher
290317031109864,11,2024,15,3,18011,17,40,1,2,44,1,2,2,1,1,40,4473.6188,2310,1,1,2025,15,7,17,41,1,2,44,1,2,1,1,40,5067.368,2310,1,1,1,0,still teacher
070666480110108,11,2024,14,2,18011,18,24,6,2,39,7,2,2,1,1,30,4873.8053,2300,1,1,2025,14,6,18,25,6,2,39,7,2,1,6,-1,4171.0125,-1,0,0,0,1,out of labor force
000422993091061,11,2024,15,2,18011,26,55,1,2,43,1,4,2,1,1,40,5137.8664,2310,1,1,2025,15,6,26,56,1,2,43,1,2,1,1,24,4153.5654,2310,1,1,1,0,still teacher
070392466031460,11,2024,13,1,18011,26,60,6,2,43,1,1,2,1,2,40,4250.367,2310,1,1,2025,12,5,26,61,6,2,43,1,2,1,1,40,4688.1057,2320,1,1,1,0,still teacher
371800927154623,11,2024,16,4,18011,26,46,1,1,44,1,1,2,1,1,40,4043.7134,2310,1,1,2025,16,8,26,47,1,1,44,1,2,1,1,40,4371.2487,2310,1,1,1,0,still teacher
660522479081262,11,2024,15,2,18011,26,36,1,2,43,1,1,2,1,1,40,4733.4361,2330,1,1,2025,15,6,26,37,1,2,43,1,2,1,1,40,5420.8661,2330,1,1,1,0,still teacher
190545700753982,11,2024,13,3,18011,27,55,2,2,44,1,1,2,1,1,40,4282.0285,2310,1,1,2025,16,7,27,56,1,2,44,1,2,1,1,40,4472.313,2330,1,1,1,0,still teacher
761200604233929,11,2024,15,4,18011,29,47,1,2,44,1,1,2,1,1,45,4632.1933,2310,1,1,2025,15,8,29,48,1,2,44,1,2,1,1,40,4392.5122,2310,1,1,1,0,still teacher
001190276248136,11,2024,15,4,18011,29,36,1,2,40,1,2,2,1,1,40,3845.4858,2300,1,1,2025,14,8,29,37,1,2,40,1,2,1,1,38,4855.4989,3422,1,0,0,1,other occupation
698071104292285,11,2024,15,4,18011,29,28,1,2,44,1,2,2,1,1,40,4083.6757,2310,1,1,2025,15,8,29,29,1,2,44,1,2,1,1,40,3602.1727,2310,1,1,1,0,still teacher
100110358141240,11,2024,16,2,18011,31,45,1,2,44,1,2,2,1,1,40,1320.7414,2310,1,1,2025,16,6,31,46,1,2,44,1,2,1,1,40,1630.3722,2310,1,1,1,0,still teacher
004150366539989,11,2024,9,3,18011,35,50,1,2,42,1,1,1,1,1,35,1108.8946,2310,1,1,2025,8,7,35,51,1,2,43,1,1,1,1,30,1138.4081,2310,1,1,1,0,still teacher
008020103770420,11,2024,13,4,18011,40,26,6,1,40,1,3,2,1,1,40,2955.6301,2300,1,1,2025,14,8,40,27,6,1,42,1,2,1,1,40,2535.7254,4600,1,0,0,1,other occupation
647609012479190,11,2024,16,4,18011,46,61,1,1,44,1,2,2,1,1,-4,688.2734,2320,1,1,2025,16,8,46,62,1,1,44,1,2,1,1,-4,635.9379,2320,1,1,1,0,still teacher
440118071415870,11,2024,8,4,18011,48,37,4,2,43,1,2,1,1,1,40,6130.0287,2310,1,1,2025,15,8,48,38,4,2,43,1,1,1,1,40,6061.9385,2310,1,1,1,0,still teacher
847003316859200,11,2024,13,2,18011,48,61,1,2,40,2,2,2,1,1,40,5794.9373,2300,1,1,2025,13,6,48,62,1,2,40,2,2,1,1,40,7691.7199,2300,1,1,1,0,still teacher
195713970943178,11,2024,12,4,18011,48,46,4,1,44,1,1,2,4,1,38,4469.1518,2310,1,1,2025,11,8,48,48,4,1,44,1,2,4,1,38,5185.6388,2330,1,1,1,0,still teacher
311100505144846,11,2024,14,4,18011,48,61,1,2,43,1,1,2,1,1,-4,4466.8896,2310,1,1,2025,13,8,48,62,1,2,43,1,2,1,1,16,4848.533,2360,1,0,0,1,other occupation
845207117426070,11,2024,16,4,18011,48,51,1,2,44,1,1,2,1,1,40,4139.9326,2320,1,1,2025,16,8,48,52,1,2,44,1,2,1,1,40,5215.232,2310,1,1,1,0,still teacher
094245040618496,11,2024,16,2,18011,48,38,1,2,43,1,1,1,1,1,40,5183.5462,2310,1,1,2025,16,6,48,39,1,2,43,1,1,1,1,40,5583.0218,2310,1,1,1,0,still teacher
220824564051682,11,2024,12,1,18011,48,25,6,2,43,1,1,2,1,1,40,6003.3756,2310,1,1,2025,15,5,48,26,6,2,43,1,2,1,1,40,6661.9798,2310,1,1,1,0,still teacher
820998041427430,11,2024,13,4,18011,48,27,6,2,43,1,1,2,1,1,80,6050.3668,2320,1,1,2025,13,8,48,29,6,2,43,1,2,1,1,60,5385.6252,2310,1,1,1,0,still teacher
054270090118824,11,2024,15,3,18011,48,60,6,1,40,2,2,2,1,1,40,5601.6928,2320,1,1,2025,15,7,48,61,6,1,40,2,2,1,1,40,7323.7396,2722,1,0,0,1,other occupation
898869764060013,11,2024,15,2,18011,48,37,1,1,43,1,1,2,1,1,40,4425.3246,2310,1,1,2025,15,6,48,38,1,1,43,1,2,1,1,40,7677.0554,2310,1,1,1,0,still teacher
163737625020012,11,2024,16,1,18011,53,50,1,1,43,1,1,1,1,2,32,5787.7888,2310,1,1,2025,15,5,53,51,1,1,43,1,1,1,1,40,4889.2628,2310,1,1,1,0,still teacher
203130543248252,11,2024,15,4,18011,53,34,1,2,44,1,2,2,1,1,20,3674.3607,2300,1,1,2025,16,8,53,35,1,2,44,1,2,1,1,20,5548.7747,2300,1,1,1,0,still teacher
004150507446742,11,2024,12,1,18011,55,49,6,2,42,1,2,2,1,1,40,3098.0648,2300,1,1,2025,12,5,55,50,6,2,41,1,2,1,1,40,3650.6862,2300,1,1,1,0,still teacher
024356200911165,11,2024,15,3,18111,15,23,1,2,43,1,2,2,1,1,40,928.1686,2300,1,1,2025,16,7,15,24,1,2,43,1,2,1,1,40,929.5358,3245,1,0,0,1,other occupation
023182027310215,11,2024,16,3,18111,30,57,1,2,43,1,2,2,1,1,40,498.6079,2310,1,1,2025,16,7,30,58,1,2,43,1,2,1,1,48,476.5663,2310,1,1,1,0,still teacher
191701423060011,11,2024,15,4,18111,31,57,1,2,43,1,1,2,1,1,60,1375.6454,2310,1,1,2025,15,8,31,59,1,2,44,1,2,1,1,60,1451.1679,2320,1,1,1,0,still teacher
140666400172444,11,2024,14,4,18111,41,66,6,1,44,1,1,2,1,1,20,2374.676,2320,1,1,2025,14,8,41,67,6,1,44,1,2,1,1,20,1828.6572,2320,1,1,1,0,still teacher
005110405122880,11,2024,15,2,18111,41,44,1,1,44,1,2,2,1,1,40,2442.3887,2320,1,1,2025,15,6,41,45,1,1,44,1,2,1,1,40,3056.2711,2320,1,1,1,0,still teacher
896164765070015,11,2024,7,4,18111,56,71,1,2,40,1,1,2,1,1,-4,311.2611,2300,1,1,2025,7,8,56,72,1,2,40,1,2,1,5,-1,305.4598,-1,0,0,0,1,out of labor force
201986390060017,11,2024,16,1,18011,1,48,1,2,46,1,1,2,1,1,40,1938.3324,2310,1,1,2025,16,5,1,49,1,2,46,1,2,1,1,40,1845.2871,2310,1,1,1,0,still teacher
201986390060017,11,2024,16,1,18011,1,21,6,2,42,1,3,2,1,1,19,3893.7445,2300,1,1,2025,16,5,1,22,6,2,42,1,2,1,7,-1,2822.5673,-1,0,0,0,1,out of labor force
103190042109352,11,2024,15,3,18011,9,40,1,2,44,1,2,2,1,1,40,3244.7055,2300,1,1,2025,15,7,9,41,1,2,44,1,2,1,1,40,3958.0192,230,1,0,0,1,other occupation
794051103732049,11,2024,15,3,18011,9,54,4,2,46,1,1,2,1,1,40,2822.9461,2320,1,1,2025,16,7,9,55,4,2,46,1,2,1,1,40,3278.403,2310,1,1,1,0,still teacher
110567300942060,11,2024,16,3,18011,9,46,1,2,44,1,1,2,1,1,38,3120.7846,2310,1,1,2025,16,7,9,47,1,2,44,1,2,1,1,38,2885.5195,2310,1,1,1,0,still teacher
110567300942060,11,2024,16,3,18011,9,46,1,1,44,1,2,2,1,1,38,3352.5219,2320,1,1,2025,16,7,9,47,1,1,44,1,2,1,1,38,3491.9115,2320,1,1,1,0,still teacher
560421755021401,11,2024,12,2,18011,10,30,6,2,43,1,1,2,1,1,40,900.6739,2320,1,1,2025,12,6,10,31,6,2,43,1,2,1,1,38,1712.7302,2320,1,1,1,0,still teacher
761900416289216,11,2024,16,2,18011,12,38,1,2,43,1,1,2,1,1,7,4706.9426,2310,1,1,2025,16,6,12,39,1,2,43,1,2,1,1,15,6945.236,2310,1,1,1,0,still teacher
030241915061625,11,2024,13,3,18011,12,25,6,2,44,2,2,2,1,1,40,8860.5389,2320,1,1,2025,13,7,12,25,6,2,44,2,2,1,1,40,8308.0775,2310,1,1,1,0,still teacher
930903001109317,11,2024,15,2,18011,13,44,1,2,43,1,1,2,1,1,40,4812.3269,2310,1,1,2025,15,6,13,45,1,2,43,1,2,1,1,40,4989.0491,2310,1,1,1,0,still teacher
610963011101177,11,2024,16,1,18011,13,35,1,2,44,1,2,2,1,1,40,4703.9288,2310,1,1,2025,16,5,13,36,1,2,44,1,2,1,1,40,5797.9784,2310,1,1,1,0,still teacher
003449100210133,11,2024,10,1,18011,13,50,4,2,40,1,1,2,1,1,40,4846.4543,2300,1,1,2025,13,5,13,51,4,2,40,1,2,1,1,40,4524.8053,420,1,0,0,1,other occupation
221200400217313,11,2024,15,2,18011,13,50,1,2,44,1,2,2,1,1,40,5428.0732,2310,1,1,2025,15,6,13,51,1,2,44,1,2,1,1,40,7079.9214,2310,1,1,1,0,still teacher
065342910620132,11,2024,15,3,18011,22,54,1,2,44,1,1,2,1,1,40,1793.7927,2310,1,1,2025,15,7,22,55,1,2,43,1,2,1,1,40,2658.8296,2310,1,1,1,0,still teacher
075414180120124,11,2024,16,3,18011,24,36,1,2,43,1,1,2,1,1,40,3705.6646,2320,1,1,2025,16,7,24,37,1,2,43,1,2,1,1,40,5229.0117,2310,1,1,1,0,still teacher
290712687041751,11,2024,16,4,18011,25,26,6,2,42,1,2,2,1,1,40,3297.8807,2310,1,1,2025,16,8,25,27,6,2,44,1,2,1,1,40,2821.7231,2310,1,1,1,0,still teacher
008161060521105,11,2024,2,1,18011,25,61,1,2,44,1,2,2,1,1,40,3167.173,2310,1,1,2025,12,5,25,62,1,2,44,1,2,1,1,40,3083.2609,2330,1,1,1,0,still teacher
548611122050012,11,2024,12,1,18011,28,62,1,2,44,1,2,2,1,1,40,1433.3048,2310,1,1,2025,14,5,28,63,1,2,45,1,2,1,1,-4,1564.5636,2310,1,1,1,0,still teacher
093918583010110,11,2024,16,4,18011,33,65,1,2,44,1,1,2,1,1,34,936.6828,2320,1,1,2025,16,8,33,66,1,2,44,1,2,1,1,8,874.9304,2310,1,1,1,0,still teacher
060189940830124,11,2024,15,2,18011,34,35,6,2,44,1,3,2,1,1,40,4289.1457,2310,1,1,2025,15,6,34,36,6,2,44,1,2,1,1,40,6455.4432,2310,1,1,1,0,still teacher
190765300455753,11,2024,11,2,18011,34,77,4,1,44,1,1,2,1,1,30,3453.1339,2320,1,1,2025,11,6,34,78,4,1,44,1,2,1,1,35,3829.0093,2320,1,1,1,0,still teacher
073217063416058,11,2024,9,4,18011,36,29,1,2,39,1,1,2,1,1,20,5751.6933,2300,1,1,2025,11,8,36,30,1,2,39,1,2,1,1,20,5936.1477,2300,1,1,1,0,still teacher
000880520233106,11,2024,12,3,18011,36,32,6,2,41,2,2,2,1,1,40,7713.6626,2310,1,1,2025,9,7,36,33,6,2,41,2,2,1,1,40,5935.6622,2310,1,1,1,0,still teacher
061041106023306,11,2024,16,2,18011,36,39,1,2,44,4,1,2,1,2,40,6645.4004,2310,1,1,2025,16,6,36,40,1,2,44,4,2,1,7,-1,5595.6272,-1,0,0,0,1,out of labor force
637807111746050,11,2024,16,4,18011,36,43,1,2,44,1,2,2,1,1,40,5562.2677,2310,1,1,2025,16,8,36,44,1,2,44,1,2,1,1,40,5741.3204,2310,1,1,1,0,still teacher
008771560730156,11,2024,16,1,18011,36,37,1,2,44,1,1,2,1,1,40,5678.9284,2310,1,1,2025,16,5,36,38,1,2,44,1,2,1,1,40,7021.6957,2310,1,1,1,0,still teacher
391800502044637,11,2024,16,3,18011,36,26,6,2,44,1,3,2,1,1,40,5067.5938,2310,1,1,2025,14,7,36,27,6,2,44,1,2,1,1,35,5980.5846,2310,1,1,1,0,still teacher
077842770230136,11,2024,15,3,18011,36,25,1,1,44,1,1,2,4,1,35,6143.4888,2310,1,1,2025,15,7,36,26,1,1,44,1,2,4,1,35,7218.6127,2310,1,1,1,0,still teacher
110926091313953,11,2024,15,2,18011,36,80,6,1,44,4,1,2,1,1,40,4731.6645,2310,1,1,2025,15,6,36,80,6,1,44,4,2,1,1,40,5413.0755,2310,1,1,1,0,still teacher
034061005312427,11,2024,13,1,18011,42,37,1,1,43,1,1,2,1,1,40,4588.4661,2310,1,1,2025,13,5,42,38,1,1,43,1,2,1,1,40,4858.6483,2310,1,1,1,0,still teacher
022876420140142,11,2024,13,4,18011,42,32,6,2,44,1,1,2,1,1,60,4521.7115,2310,1,1,2025,13,8,42,33,6,2,44,1,2,1,1,-4,4982.6139,2310,1,1,1,0,still teacher
251500504212747,11,2024,15,2,18011,47,39,1,2,43,1,2,2,1,1,40,3688.3257,2310,1,1,2025,15,6,47,40,1,2,43,1,2,1,1,45,3361.0497,2310,1,1,1,0,still teacher
171254100790154,11,2024,15,1,18011,47,37,1,2,44,1,1,2,1,1,40,4672.3528,2320,1,1,2025,15,5,47,38,1,2,44,1,2,1,1,50,3041.8664,2310,1,1,1,0,still teacher
307335014030117,11,2024,8,4,18011,47,30,6,1,44,2,1,2,1,1,40,6352.144,2310,1,1,2025,12,8,47,31,6,1,44,2,2,1,1,40,9560.0754,2330,1,1,1,0,still teacher
609021102149505,11,2024,15,3,18011,50,55,1,2,43,1,2,2,1,1,34,498.3909,2330,1,1,2025,15,7,50,56,1,2,43,1,2,1,1,32,465.5334,2545,1,0,0,1,other occupation
140745976051801,11,2024,13,2,18011,50,34,1,2,42,1,2,2,1,1,37,492.8827,2310,1,1,2025,13,6,50,35,1,2,42,1,2,1,1,37,727.8109,2310,1,1,1,0,still teacher
061429845010016,11,2024,16,3,18011,51,47,1,2,44,1,1,2,1,1,-4,5012.3825,2310,1,1,2025,16,7,51,48,1,2,44,1,2,1,1,40,5083.2448,2330,1,1,1,0,still teacher
006110512390735,11,2024,16,2,18011,51,34,1,2,44,1,1,2,1,1,40,4970.8938,2310,1,1,2025,16,6,51,35,1,2,44,1,2,1,1,40,6392.3963,2310,1,1,1,0,still teacher
360545641041040,11,2024,11,1,18011,54,23,6,2,43,1,3,2,1,1,40,1030.7601,2320,1,1,2025,13,5,54,24,6,2,43,1,2,1,1,-4,1507.04,2310,1,1,1,0,still teacher
320662061202519,11,2024,14,1,18111,22,39,1,2,43,1,2,2,1,1,40,1666.3275,2310,1,1,2025,13,5,22,40,1,2,43,1,2,1,1,40,1877.2442,5260,1,0,0,1,other occupation
007120243501743,11,2024,13,1,18111,22,28,1,2,43,2,1,2,1,1,40,2451.7035,2310,1,1,2025,14,5,22,29,1,2,43,2,2,1,1,40,3894.5207,2310,1,1,1,0,still teacher
640352146031250,11,2024,13,2,18111,25,28,6,2,43,1,1,2,1,1,40,3112.0884,2310,1,1,2025,13,6,25,29,6,2,43,1,2,1,1,33,3639.746,2310,1,1,1,0,still teacher
008150251832270,11,2024,16,1,18111,25,42,1,1,44,1,2,2,1,1,40,2715.14,2310,1,1,2025,16,5,25,42,1,1,44,1,2,1,1,40,3121.4103,2310,1,1,1,0,still teacher
005150255231482,11,2024,5,2,18111,25,52,1,2,44,1,1,1,5,1,15,3355.2049,2310,1,1,2025,5,6,25,53,1,2,44,1,1,5,1,18,3798.108,2310,1,1,1,0,still teacher
300928001200817,11,2024,15,2,18111,28,54,1,1,44,1,1,2,1,1,50,1435.2812,2320,1,1,2025,15,6,28,55,1,1,44,1,2,1,1,40,2173.9629,2310,1,1,1,0,still teacher
300928001200817,11,2024,15,2,18111,28,49,1,2,44,1,2,2,1,1,40,1694.8787,2310,1,1,2025,15,6,28,50,1,2,44,1,2,1,1,40,2428.1675,2320,1,1,1,0,still teacher
155030108417410,11,2024,16,4,18111,45,54,1,2,45,1,2,2,1,1,40,2794.5396,2330,1,1,2025,16,8,45,55,1,2,45,1,2,1,1,40,2814.4067,2320,1,1,1,0,still teacher
245011104117541,11,2024,16,1,18111,54,51,1,2,44,1,2,2,1,1,40,814.5651,2310,1,1,2025,16,5,54,52,1,2,44,1,2,1,1,40,912.8976,2310,1,1,1,0,still teacher
147090104799549,11,2024,9,3,18111,54,48,6,2,43,1,1,2,1,1,39,720.8548,2300,1,1,2025,14,7,54,49,6,2,43,1,2,1,1,40,817.1704,2300,1,1,1,0,still teacher
911100408314716,11,2024,13,4,18011,17,35,6,2,44,1,1,2,1,1,40,4154.9787,2310,1,1,2025,13,8,17,36,6,2,44,1,2,1,1,40,4298.9304,2300,1,1,1,0,still teacher
100898900862651,11,2024,15,2,18011,18,27,6,2,43,1,1,2,1,1,40,4561.4372,2320,1,1,2025,15,6,18,28,6,2,43,1,2,1,1,40,3517.2516,2320,1,1,1,0,still teacher
082111022110914,11,2024,15,4,18011,20,43,1,2,43,1,2,2,1,1,40,2148.2065,2300,1,1,2025,15,8,20,45,1,2,43,1,2,1,2,40,1955.3492,2300,1,1,1,0,still teacher
601081105492210,11,2024,13,4,18011,20,49,4,2,44,1,1,2,1,1,40,2656.1573,2310,1,1,2025,14,8,20,50,4,2,44,1,2,1,1,40,1894.9228,2330,1,1,1,0,still teacher
800633061205983,11,2024,14,3,18011,23,61,1,2,44,1,2,2,3,1,40,1228.3666,2310,1,1,2025,14,7,23,63,1,2,43,1,2,3,1,60,1592.9557,2320,1,1,1,0,still teacher
391200500955628,11,2024,16,2,18011,26,41,1,2,44,1,2,2,1,1,40,3748.5231,2320,1,1,2025,16,6,26,42,1,2,44,1,2,1,1,40,5080.4192,2320,1,1,1,0,still teacher
240136011202557,11,2024,16,4,18011,26,61,1,2,43,1,2,2,1,1,-4,4397.1816,2330,1,1,2025,16,8,26,62,1,2,46,1,2,1,1,50,4340.7676,2310,1,1,1,0,still teacher
724903013417870,11,2024,15,2,18011,27,36,1,2,43,1,2,2,1,1,40,3380.9029,2310,1,1,2025,15,6,27,37,1,2,43,1,2,1,1,40,4420.7892,2310,1,1,1,0,still teacher
072895260420159,11,2024,16,3,18011,29,27,6,2,44,1,5,2,1,1,40,4610.0978,2310,1,1,2025,16,7,29,28,6,2,44,1,2,1,1,40,5068.3869,2310,1,1,1,0,still teacher
960633488051561,11,2024,15,4,18011,36,23,6,2,43,1,2,2,1,1,40,6798.5797,2310,1,1,2025,15,8,36,24,6,2,43,1,2,1,1,40,6878.097,2310,1,1,1,0,still teacher
036432503080217,11,2024,15,3,18011,36,20,6,1,43,1,2,2,1,1,40,6525.312,2310,1,1,2025,15,7,36,21,6,1,43,1,2,1,1,40,7106.0841,2310,1,1,1,0,still teacher
000109380441188,11,2024,16,2,18011,48,49,1,2,44,1,1,1,4,1,40,4612.4872,2310,1,1,2025,16,6,48,50,1,2,44,1,1,4,1,40,5124.4967,2310,1,1,1,0,still teacher
092626730105114,11,2024,14,3,18011,4,39,1,1,44,1,1,2,1,1,40,6113.4906,2310,1,1,2025,16,7,4,40,1,1,44,1,2,1,7,-1,4509.5272,-1,0,0,0,1,out of labor force
092626730105114,11,2024,14,3,18011,4,41,1,2,44,1,2,2,1,1,40,5293.0042,2320,1,1,2025,16,7,4,41,1,2,44,1,2,1,1,40,4907.5797,2310,1,1,1,0,still teacher
350460757041650,11,2024,12,4,18011,5,27,6,2,43,1,1,2,1,1,40,2698.057,2310,1,1,2025,12,8,5,29,6,2,43,1,2,1,1,40,2624.418,2310,1,1,1,0,still teacher
370760670011460,11,2024,14,3,18011,6,68,1,1,43,1,1,2,1,1,40,3730.7612,2310,1,1,2025,15,7,6,69,1,1,43,1,2,1,1,25,3698.3053,2310,1,1,1,0,still teacher
604811911444610,11,2024,16,2,18011,6,47,1,2,44,1,2,2,1,1,40,2919.6334,2310,1,1,2025,16,6,6,48,1,2,44,1,2,1,1,40,3698.9963,2310,1,1,1,0,still teacher
580480283191269,11,2024,15,3,18011,6,38,1,2,43,1,2,2,1,1,40,4434.9853,2310,1,1,2025,15,7,6,39,1,2,43,1,2,1,1,40,4894.3579,2310,1,1,1,0,still teacher
342856091011957,11,2024,16,4,18011,6,33,6,2,43,7,2,2,1,1,40,4387.0989,2310,1,1,2025,13,8,6,33,6,2,43,7,2,1,1,40,5579.2415,2310,1,1,1,0,still teacher
264488410101156,11,2024,13,1,18011,6,36,6,1,44,4,1,2,4,1,20,4309.5532,2310,1,1,2025,13,5,6,37,6,1,44,4,2,4,1,14,4265.4772,2310,1,1,1,0,still teacher
070282068716203,11,2024,11,1,18011,6,59,1,2,41,1,1,1,4,1,20,3966.4245,2300,1,1,2025,14,5,6,60,1,2,32,1,1,4,1,30,4271.493,2545,1,0,0,1,other occupation
020263080616214,11,2024,15,1,18011,6,56,1,2,44,2,1,2,1,1,45,5952.9714,2310,1,1,2025,15,5,6,56,1,2,44,2,2,1,1,40,5301.705,2310,1,1,1,0,still teacher
101375900683760,11,2024,14,3,18011,6,31,6,2,44,1,1,2,1,1,40,4733.1815,2310,1,1,2025,14,7,6,32,6,2,44,1,2,1,1,40,4845.8001,2310,1,1,1,0,still teacher
711000825977608,11,2024,15,3,18011,6,54,1,2,44,1,2,2,1,1,40,4057.5241,2310,1,1,2025,15,7,6,55,1,2,44,1,2,1,1,45,4224.831,2310,1,1,1,0,still teacher
331300101954609,11,2024,14,1,18011,6,29,1,2,43,1,2,1,1,1,40,4500.8589,2310,1,1,2025,14,5,6,30,1,2,43,1,1,1,1,35,4435.5465,2310,1,1,1,0,still teacher
050087033118502,11,2024,8,2,18011,8,65,1,2,42,1,2,1,1,1,-4,4236.1702,2310,1,1,2025,8,6,8,66,1,2,42,1,1,1,1,7,8710.4257,2310,1,1,1,0,still teacher
330441641041053,11,2024,16,1,18011,15,53,1,2,43,4,2,2,4,1,40,789.0507,2310,1,1,2025,16,5,15,54,1,2,43,4,2,4,1,40,877.3709,2310,1,1,1,0,still teacher
071337057715152,11,2024,16,3,18011,15,47,1,2,43,4,2,2,1,1,40,747.1325,2320,1,1,2025,15,7,15,48,1,2,43,4,2,1,1,40,808.243,2320,1,1,1,0,still teacher
061319007615929,11,2024,12,1,18011,15,36,6,1,44,1,1,2,1,1,40,1049.8507,2310,1,1,2025,11,5,15,37,6,1,44,1,2,1,1,40,953.4841,2310,1,1,1,0,still teacher
014707530211136,11,2024,13,1,18011,16,29,1,2,44,1,1,2,1,1,15,1187.597,2300,1,1,2025,12,5,16,30,1,2,43,1,2,1,1,8,1705.9656,2300,1,1,1,0,still teacher
162090104729149,11,2024,14,4,18011,16,42,1,2,43,1,1,2,1,1,40,949.1023,2310,1,1,2025,13,8,16,43,1,2,43,1,2,1,1,40,821.4227,2310,1,1,1,0,still teacher
166984700787001,11,2024,15,4,18011,17,58,1,1,46,1,1,2,1,1,-4,5036.6217,2310,1,1,2025,16,8,17,59,1,1,44,1,2,1,1,40,5236.6485,2320,1,1,1,0,still teacher
951800502324716,11,2024,14,4,18011,17,52,5,2,44,1,1,2,1,1,40,4464.8939,2310,1,1,2025,14,8,17,53,5,2,44,1,2,1,1,40,4036.5784,2310,1,1,1,0,still teacher
992010102273162,11,2024,15,2,18011,19,22,6,2,43,1,3,2,1,1,40,3163.0736,2310,1,1,2025,15,6,19,23,6,2,43,1,2,1,1,40,3238.3133,2310,1,1,1,0,still teacher
044882440210129,11,2024,16,2,18011,19,50,1,2,44,1,2,2,1,1,40,2305.9657,2310,1,1,2025,16,6,19,51,1,2,44,1,2,1,1,40,2622.0467,2310,1,1,1,0,still teacher
210497522020012,11,2024,14,3,18011,20,47,4,2,43,1,1,2,1,1,45,2120.5721,2310,1,1,2025,13,7,20,48,4,2,43,1,2,1,1,55,2330.4798,2310,1,1,1,0,still teacher
627607015529100,11,2024,15,3,18011,26,30,6,1,43,1,2,2,1,1,40,4377.4315,2310,1,1,2025,15,7,26,31,1,1,43,1,2,1,1,38,5175.8703,2310,1,1,1,0,still teacher
006160202743708,11,2024,12,1,18011,26,29,6,2,43,1,1,2,1,1,40,4549.8086,2310,1,1,2025,12,5,26,30,6,2,43,1,2,1,1,40,8381.5934,2310,1,1,1,0,still teacher
071404760320126,11,2024,14,1,18011,26,41,6,2,40,1,3,2,1,1,40,4837.9791,2310,1,1,2025,14,5,26,42,6,2,40,1,2,1,1,40,7091.3589,4600,1,0,0,1,other occupation
071404760320126,11,2024,14,1,18011,26,41,6,2,40,1,4,2,1,1,40,4837.9791,2300,1,1,2025,14,5,26,42,6,2,40,1,2,1,1,40,7091.3589,4600,1,0,0,1,other occupation
008170202333652,11,2024,14,2,18011,27,26,6,2,44,1,2,2,1,1,40,3220.1971,2310,1,1,2025,14,6,27,27,1,2,44,1,2,1,1,40,4454.1776,2310,1,1,1,0,still teacher
910927091203903,11,2024,16,1,18011,27,61,1,2,44,1,2,2,1,2,0,4547.5774,2310,1,1,2025,16,5,27,62,1,2,44,1,2,1,5,-1,4985.2985,-1,0,0,0,1,out of labor force
520282941051290,11,2024,16,4,18011,29,24,6,1,43,1,4,2,1,1,40,4514.8728,2310,1,1,2025,16,8,29,25,6,1,44,1,2,1,1,40,5142.4789,2310,1,1,1,0,still teacher
024367260920139,11,2024,16,4,18011,29,49,1,1,46,2,1,2,1,1,40,6174.7278,2310,1,1,2025,16,8,29,50,1,1,46,2,2,1,1,40,5439.0322,230,1,0,0,1,other occupation
024367260920139,11,2024,16,4,18011,29,46,1,2,46,2,2,2,1,1,40,5189.586,2310,1,1,2025,16,8,29,47,1,2,46,2,2,1,1,40,5146.1073,2310,1,1,1,0,still teacher
022068075519385,11,2024,15,4,18011,29,46,1,2,44,1,2,2,1,1,55,4563.4747,2310,1,1,2025,15,8,29,47,1,2,44,1,2,1,1,50,4757.9751,2310,1,1,1,0,still teacher
210935051325411,11,2024,14,1,18011,35,62,1,1,44,1,2,2,1,1,40,1287.5238,2310,1,1,2025,14,5,35,63,1,1,44,1,2,1,1,40,1430.7354,2310,1,1,1,0,still teacher
045903430640166,11,2024,15,3,18011,46,33,1,2,43,1,2,2,1,1,40,701.2358,2310,1,1,2025,16,7,46,34,1,2,43,1,2,1,1,40,732.8611,2310,1,1,1,0,still teacher
009160477605222,11,2024,15,3,18011,46,64,1,2,43,1,2,2,1,2,16,666.3015,2310,1,1,2025,14,7,46,65,1,2,43,1,2,1,1,20,930.7419,2360,1,0,0,1,other occupation
064007052418392,11,2024,15,3,18011,48,56,1,2,44,1,2,2,1,1,40,3994.6066,2310,1,1,2025,13,7,48,57,1,2,44,1,2,1,1,40,3201.922,2310,1,1,1,0,still teacher
415180435049644,11,2024,12,4,18011,48,57,4,2,43,1,1,2,1,1,50,4459.4714,2310,1,1,2025,12,8,48,58,4,2,43,1,2,1,1,40,5278.4124,2310,1,1,1,0,still teacher
164810801864304,11,2024,16,2,18011,48,36,1,1,43,1,1,1,4,1,40,6943.13,2310,1,1,2025,16,6,48,37,1,1,43,1,1,4,1,40,7659.7924,2310,1,1,1,0,still teacher
064466120718133,11,2024,14,3,18011,48,29,6,1,43,1,3,1,1,1,40,5786.0988,2310,1,1,2025,12,7,48,30,6,1,43,1,1,1,1,35,5339.9444,2310,1,1,1,0,still teacher
961300706299843,11,2024,16,4,18011,48,40,1,2,43,1,2,2,1,1,40,5295.1346,2310,1,1,2025,16,8,48,41,1,2,43,1,2,1,1,45,4765.962,2310,1,1,1,0,still teacher
181000109644459,11,2024,15,2,18011,48,49,1,2,43,1,2,2,1,1,40,5224.1202,2300,1,1,2025,15,6,48,50,1,2,43,1,2,1,1,45,6541.3528,2300,1,1,1,0,still teacher
694042107180463,11,2024,15,4,18011,49,65,1,2,44,1,1,2,1,1,-4,1805.4435,2310,1,1,2025,15,8,49,66,1,2,44,1,2,1,1,20,2374.8228,6050,1,0,0,1,other occupation
570229081425096,11,2024,11,1,18011,49,72,4,2,43,1,1,2,1,1,-4,1865.9441,2310,1,1,2025,11,5,49,72,4,2,43,1,2,1,1,14,1580.7552,2360,1,0,0,1,other occupation
861300936701947,11,2024,15,4,18011,49,43,6,2,44,1,1,2,1,1,40,2035.5064,2310,1,1,2025,15,8,49,44,6,2,44,1,2,1,2,40,1614.3928,2555,1,0,0,1,other occupation
940802114342850,11,2024,16,1,18011,49,48,1,2,43,1,2,2,1,1,40,1968.2361,2310,1,1,2025,16,5,49,50,1,2,43,1,2,1,1,40,1858.9465,2310,1,1,1,0,still teacher
251200927128357,11,2024,13,1,18011,53,64,1,2,40,4,2,2,4,1,30,4424.2429,2300,1,1,2025,13,5,53,65,1,2,40,4,2,4,1,30,4698.0653,2545,1,0,0,1,other occupation
008130595395073,11,2024,16,1,18011,53,46,1,1,44,1,2,2,1,1,40,5050.0271,2310,1,1,2025,15,5,53,47,1,1,44,1,2,1,1,40,5748.3782,2310,1,1,1,0,still teacher
004100346536107,11,2024,12,3,18111,30,47,4,2,44,1,1,2,1,1,40,511.1211,2310,1,1,2025,11,7,30,48,4,2,44,1,2,1,1,40,531.1308,2310,1,1,1,0,still teacher
806030100986390,11,2024,13,3,18111,30,53,6,2,44,1,1,2,1,1,50,478.7893,2310,1,1,2025,13,7,30,54,6,2,44,1,2,1,1,50,530.6195,2320,1,1,1,0,still teacher
130081700121883,11,2024,15,3,18111,31,48,1,2,44,1,1,2,1,1,-4,1280.6095,2310,1,1,2025,15,7,31,48,1,2,44,1,2,1,1,45,990.2171,2320,1,1,1,0,still teacher
024075012510043,11,2024,12,4,18111,40,56,4,2,43,1,1,2,1,1,40,2969.2031,2310,1,1,2025,12,8,40,57,4,2,43,1,2,1,1,35,2667.417,2320,1,1,1,0,still teacher
401050102925479,11,2024,16,3,18111,40,45,1,2,39,1,2,2,1,1,20,2335.8463,2300,1,1,2025,16,7,40,46,1,2,39,1,2,1,1,23,2148.115,2300,1,1,1,0,still teacher
007110479051726,11,2024,16,4,18111,41,42,1,1,44,1,4,2,1,1,40,2904.0753,2310,1,1,2025,16,8,41,43,1,1,44,1,2,1,1,40,3307.9445,2320,1,1,1,0,still teacher
171300800640104,11,2024,16,2,18011,1,46,4,2,40,1,1,2,1,1,38,2348.4529,2300,1,1,2025,16,6,1,47,4,2,40,1,2,1,1,40,3013.0304,2300,1,1,1,0,still teacher
471552651050612,11,2024,16,1,18011,11,40,1,2,43,2,2,1,2,1,40,658.328,2310,1,1,2025,15,5,11,41,1,2,43,2,1,1,1,40,932.8786,2310,1,1,1,0,still teacher
095277670610182,11,2024,11,1,18011,12,42,4,2,43,1,1,2,1,1,40,5375.8462,2310,1,1,2025,13,5,12,43,2,2,43,1,2,1,1,40,4617.6109,2310,1,1,1,0,still teacher
660062051149928,11,2024,10,4,18011,12,26,6,2,39,1,2,1,5,1,40,5713.2003,2320,1,1,2025,8,8,12,26,6,2,39,1,1,5,4,-1,5783.6536,440,0,0,0,1,unemployed
216008416551700,11,2024,16,2,18011,12,51,1,2,46,1,2,1,1,1,40,5248.1425,2310,1,1,2025,16,6,12,52,1,2,46,1,1,1,1,40,5319.899,2310,1,1,1,0,still teacher
725080107705185,11,2024,13,3,18011,12,41,6,2,43,1,1,2,1,1,40,6288.1359,2310,1,1,2025,14,7,12,42,6,2,43,1,2,1,1,40,7048.1643,2310,1,1,1,0,still teacher
623432331070115,11,2024,14,2,18011,13,51,4,2,46,1,1,2,1,1,50,4526.6102,2310,1,1,2025,14,6,13,52,4,2,46,1,2,1,1,40,5670.5491,2310,1,1,1,0,still teacher
003130185767770,11,2024,15,3,18011,13,52,1,2,43,1,2,2,1,1,45,5540.3796,2310,1,1,2025,15,7,13,53,1,2,43,1,2,1,1,40,5205.0951,2310,1,1,1,0,still teacher
423040102648289,11,2024,12,2,18011,22,51,1,2,44,1,2,2,1,1,49,1937.1661,2310,1,1,2025,14,6,22,52,1,2,44,1,2,1,1,40,2607.7304,2310,1,1,1,0,still teacher
815950232090015,11,2024,5,4,18011,25,61,4,2,43,1,1,2,1,1,40,2873.4101,2330,1,1,2025,16,8,25,62,4,2,43,1,2,1,1,37,2977.207,2330,1,1,1,0,still teacher
050512220531113,11,2024,14,3,18011,33,58,6,2,44,1,1,2,1,1,50,882.4496,2310,1,1,2025,16,7,33,60,6,2,44,1,2,1,1,50,1077.7403,2310,1,1,1,0,still teacher
438609018758510,11,2024,10,4,18011,34,53,4,2,43,1,1,2,1,1,8,4803.3893,2310,1,1,2025,9,8,34,54,4,2,43,1,2,1,1,40,4788.6024,2545,1,0,0,1,other occupation
401200501831433,11,2024,16,4,18011,34,47,1,2,44,2,2,2,1,1,40,6084.8889,2300,1,1,2025,16,8,34,48,1,2,44,2,2,1,1,40,5551.1456,2300,1,1,1,0,still teacher
031600400052439,11,2024,15,2,18011,34,42,1,2,44,1,1,2,1,1,40,3787.4752,2310,1,1,2025,15,6,34,43,1,2,44,1,2,1,1,35,5621.2466,2310,1,1,1,0,still teacher
006140383316441,11,2024,14,4,18011,34,47,4,1,43,1,1,2,1,1,40,3975.7683,2310,1,1,2025,14,8,34,48,4,1,43,1,2,1,1,40,4662.8284,2310,1,1,1,0,still teacher
064032060031116,11,2024,15,2,18011,36,65,3,2,43,1,1,2,4,1,40,4129.1763,2320,1,1,2025,15,6,36,66,2,2,43,1,2,4,1,18,4327.8987,2320,1,1,1,0,still teacher
450226031309978,11,2024,16,4,18011,36,54,1,2,44,1,1,2,1,1,37,4239.5737,2330,1,1,2025,16,8,36,55,1,2,44,1,2,1,1,37,5439.9337,2310,1,1,1,0,still teacher
609532673020118,11,2024,15,2,18011,39,40,6,2,44,1,1,2,1,1,40,4778.2926,2330,1,1,2025,15,6,39,41,6,2,44,1,2,1,1,40,4764.4515,2330,1,1,1,0,still teacher
293080108376375,11,2024,13,2,18011,39,65,1,2,39,1,1,2,1,1,23,3662.5349,2300,1,1,2025,13,6,39,66,1,2,39,1,2,1,5,-1,4405.9871,-1,0,0,0,1,out of labor force
110814000961403,11,2024,15,3,18011,39,59,1,2,44,1,1,2,1,1,60,5406.2707,2310,1,1,2025,15,7,39,60,1,2,44,1,2,1,1,60,4347.5893,2310,1,1,1,0,still teacher
200622031400650,11,2024,15,1,18011,42,36,1,2,43,1,2,2,1,1,40,4008.4241,2320,1,1,2025,16,5,42,36,1,2,43,1,2,1,1,40,4103.4166,2310,1,1,1,0,still teacher
622380524090012,11,2024,16,2,18011,42,55,1,2,44,1,2,2,1,1,37,4833.1492,2310,1,1,2025,16,6,42,56,1,2,44,1,2,1,1,40,4527.086,2310,1,1,1,0,still teacher
822031106023406,11,2024,12,1,18011,42,46,1,1,44,1,1,2,1,1,40,5163.8112,2310,1,1,2025,13,5,42,47,1,1,44,1,2,1,1,40,3913.7784,2310,1,1,1,0,still teacher
064153014512082,11,2024,16,4,18011,42,46,1,2,44,1,2,2,1,1,40,4852.0583,2330,1,1,2025,16,8,42,47,1,2,44,1,2,1,1,40,6401.0108,2330,1,1,1,0,still teacher
074024067212404,11,2024,16,2,18011,42,35,1,2,44,1,2,2,1,1,50,3779.1661,2310,1,1,2025,16,6,42,36,1,2,44,1,2,1,1,45,4964.8919,2310,1,1,1,0,still teacher
480644185061642,11,2024,14,2,18011,44,36,6,1,44,1,4,2,1,1,40,1341.3759,2310,1,1,2025,16,6,44,37,6,1,44,1,2,1,1,40,1885.4366,2310,1,1,1,0,still teacher
005746470550150,11,2024,12,3,18011,50,38,1,2,44,1,2,2,1,1,38,640.0735,2310,1,1,2025,14,7,50,39,1,2,44,1,2,1,1,50,856.7249,2310,1,1,1,0,still teacher
990155162011311,11,2024,16,4,18011,51,52,4,2,44,1,2,2,1,1,40,4277.0689,2300,1,1,2025,16,8,51,53,4,2,44,1,2,1,1,40,5074.5107,2310,1,1,1,0,still teacher
721400504716150,11,2024,13,3,18011,51,25,6,2,44,1,1,2,1,1,40,5549.0635,2310,1,1,2025,13,7,51,26,6,2,44,1,2,1,1,40,6332.2784,2310,1,1,1,0,still teacher
075125034714640,11,2024,12,3,18011,54,54,6,2,44,1,1,2,1,2,40,705.0586,2310,1,1,2025,13,7,54,54,6,2,44,1,2,1,1,45,800.2646,2320,1,1,1,0,still teacher
000110006374083,11,2024,13,4,18111,1,65,1,2,43,1,2,2,1,1,20,2314.3162,2300,1,1,2025,13,8,1,66,1,2,43,1,2,1,5,-1,2791.4308,-1,0,0,0,1,out of labor force
017405012745070,11,2024,15,2,18111,10,46,1,2,44,2,2,2,2,1,38,1223.0307,2320,1,1,2025,15,6,10,47,1,2,44,2,2,2,1,38,1093.1278,2320,1,1,1,0,still teacher
072026029912800,11,2024,8,4,18111,22,32,6,2,42,2,1,2,1,1,40,2573.0003,2310,1,1,2025,8,8,22,33,6,2,42,2,2,1,1,40,2926.5772,2300,1,1,1,0,still teacher
042052027115531,11,2024,16,3,18111,25,49,4,2,44,1,2,2,1,1,35,3503.5364,2310,1,1,2025,16,7,25,50,4,2,44,1,2,1,1,35,3879.3806,3230,1,0,0,1,other occupation
553020104346216,11,2024,14,2,18111,25,39,1,1,43,1,1,2,1,1,50,2296.8933,2310,1,1,2025,14,6,25,40,1,1,43,1,2,1,1,40,3793.0023,2310,1,1,1,0,still teacher
751020109692213,11,2024,16,2,18111,25,36,1,2,44,1,2,2,1,1,37,3587.4841,2310,1,1,2025,16,6,25,37,1,2,44,1,2,1,1,37,3793.8536,2310,1,1,1,0,still teacher
081959980020115,11,2024,5,3,18111,25,48,1,2,44,5,2,2,1,1,50,3034.4639,2320,1,1,2025,7,7,25,48,1,2,44,5,2,1,1,50,4247.0625,2320,1,1,1,0,still teacher
000180272359691,11,2024,15,3,18111,28,31,1,2,43,1,2,2,1,1,40,1599.7895,2310,1,1,2025,14,7,28,32,1,2,43,1,2,1,1,40,1572.791,2310,1,1,1,0,still teacher
951800416797217,11,2024,15,3,18011,12,52,1,2,43,1,1,2,1,1,40,4279.4838,2330,1,1,2025,14,7,12,53,1,2,43,1,2,1,1,45,5012.7888,2310,1,1,1,0,still teacher
437011108020112,11,2024,12,3,18011,13,55,1,2,44,4,2,2,4,1,35,5950.7754,2300,1,1,2025,15,7,13,55,1,2,44,4,2,4,1,40,5063.0389,2300,1,1,1,0,still teacher
003160376930464,11,2024,16,3,18011,36,51,1,2,44,1,1,2,1,1,40,4888.1238,2310,1,1,2025,16,7,36,52,1,2,44,1,2,1,1,40,5029.7147,2310,1,1,1,0,still teacher
010169006912185,11,2024,16,1,18011,2,36,1,2,43,1,2,2,1,1,16,608.5936,2310,1,1,2025,15,5,2,37,1,2,43,1,2,1,1,-4,592.8493,2310,1,1,1,0,still teacher
135049600490420,11,2024,16,3,18011,4,38,1,1,44,2,2,2,1,1,40,10008.7029,2310,1,1,2025,16,7,4,39,1,1,44,2,2,1,1,45,11167.6404,230,1,0,0,1,other occupation
070505016914322,11,2024,13,1,18011,4,26,1,2,43,1,2,1,5,1,40,5203.8485,2310,1,1,2025,15,5,4,27,1,2,43,1,1,5,1,40,6770.6477,2320,1,1,1,0,still teacher
160523400572970,11,2024,15,1,18011,5,51,1,2,44,1,2,2,1,1,-4,1910.0888,2310,1,1,2025,15,5,5,52,1,2,44,1,2,1,1,-4,2025.999,2320,1,1,1,0,still teacher
290280514011750,11,2024,13,2,18011,5,23,6,2,43,1,3,2,1,1,40,1813.7422,2310,1,1,2025,13,6,5,24,6,2,43,1,2,1,1,16,1477.7065,2310,1,1,1,0,still teacher
360052101359081,11,2024,16,2,18011,6,52,4,1,43,1,1,2,1,1,40,4420.7165,2310,1,1,2025,16,6,6,53,4,1,43,1,2,1,1,40,4944.6034,2310,1,1,1,0,still teacher
666091124262053,11,2024,16,1,18011,6,32,6,2,43,4,1,1,1,1,40,4688.4815,2300,1,1,2025,14,5,6,33,6,2,43,4,1,1,1,40,5378.8098,2310,1,1,1,0,still teacher
206160010319009,11,2024,16,3,18011,6,48,1,2,44,1,2,1,1,1,40,4255.9409,2310,1,1,2025,16,7,6,48,1,2,43,1,1,1,1,40,4201.7435,2310,1,1,1,0,still teacher
840416001012912,11,2024,6,3,18011,6,49,1,2,44,1,2,2,1,1,40,4284.6261,2310,1,1,2025,16,7,6,50,1,2,44,1,2,1,1,40,4247.3367,2310,1,1,1,0,still teacher
065964860201126,11,2024,16,4,18011,6,59,1,2,41,1,2,2,4,1,40,4532.3864,2310,1,1,2025,14,8,6,60,1,2,41,1,2,4,1,35,3887.0476,2300,1,1,1,0,still teacher
604304116160060,11,2024,16,3,18011,6,42,1,2,44,4,1,2,4,1,40,4500.0483,2310,1,1,2025,16,7,6,43,1,2,44,4,2,4,1,40,5353.1294,2320,1,1,1,0,still teacher
070176086216224,11,2024,16,2,18011,6,40,1,2,46,4,1,2,5,1,40,6044.8946,2310,1,1,2025,16,6,6,41,1,2,46,4,2,5,1,10,5176.2377,4621,1,0,0,1,other occupation
508170133477424,11,2024,16,3,18011,17,44,1,2,44,1,1,2,1,1,40,4883.9289,2310,1,1,2025,16,7,17,45,1,2,44,1,2,1,1,40,4662.5258,2310,1,1,1,0,still teacher
380377051102089,11,2024,15,4,18011,17,46,1,2,43,1,2,2,1,1,40,4144.3949,2320,1,1,2025,1,8,17,47,1,2,43,1,2,1,1,40,3579.3023,2310,1,1,1,0,still teacher
761900709838716,11,2024,15,1,18011,17,52,4,2,44,1,2,2,1,1,40,4139.7307,2310,1,1,2025,15,5,17,53,4,2,44,1,2,1,1,40,3713.063,2360,1,0,0,1,other occupation
002170179686507,11,2024,16,1,18011,17,54,1,2,44,1,2,2,1,1,40,4651.3317,2310,1,1,2025,16,5,17,55,1,2,44,1,2,1,1,40,4040.1511,2310,1,1,1,0,still teacher
120085100842151,11,2024,13,4,18011,18,30,6,2,43,1,2,1,1,1,40,5304.5871,2330,1,1,2025,14,8,18,31,6,2,43,1,1,1,1,40,6894.6833,2310,1,1,1,0,still teacher
001053077419344,11,2024,15,2,18011,19,48,1,1,43,1,2,2,1,1,40,2235.9388,2330,1,1,2025,15,6,19,49,1,1,43,1,2,1,1,40,2580.3445,2330,1,1,1,0,still teacher
730149031102936,11,2024,15,2,18011,19,64,1,2,43,1,2,2,1,1,15,2121.952,2310,1,1,2025,15,6,19,65,1,2,43,1,2,1,5,-1,1999.7318,-1,0,0,0,1,out of labor force
709178561040011,11,2024,12,3,18011,19,32,6,2,44,1,1,1,1,1,40,1984.2705,2310,1,1,2025,12,7,19,33,6,2,44,1,1,1,1,40,3695.8248,2310,1,1,1,0,still teacher
064367900420136,11,2024,13,1,18011,26,60,1,2,44,1,2,2,1,1,50,4250.367,2310,1,1,2025,15,5,26,61,1,2,44,1,2,1,1,50,4688.1057,2310,1,1,1,0,still teacher
097260250922166,11,2024,16,1,18011,26,57,1,1,44,1,1,2,1,1,45,5421.2822,2310,1,1,2025,16,5,26,58,1,1,44,1,2,1,1,40,5481.6971,2320,1,1,1,0,still teacher
097260250922166,11,2024,16,1,18011,26,50,1,2,44,1,2,2,1,1,55,5399.7488,2310,1,1,2025,16,5,26,51,1,2,44,1,2,1,1,50,4737.7521,2310,1,1,1,0,still teacher
274060107513224,11,2024,15,3,18012,27,28,6,1,43,1,1,2,1,1,40,5476.1284,2320,1,1,2025,15,7,27,28,6,1,43,1,2,1,1,50,6912.8038,2310,1,1,1,0,still teacher
274060107513224,11,2024,15,3,18012,27,23,6,2,43,1,2,2,1,1,40,4637.4623,2310,1,1,2025,15,7,27,24,6,2,43,1,2,1,1,40,5930.556,2310,1,1,1,0,still teacher
480582472041990,11,2024,13,2,18011,29,28,6,2,42,6,2,2,1,1,40,6377.4522,2300,1,1,2025,13,6,29,29,6,2,42,6,2,1,1,40,5949.4485,2300,1,1,1,0,still teacher
520922260001991,11,2024,7,2,18011,29,80,4,2,44,1,1,2,1,1,-4,2704.7803,2310,1,1,2025,7,6,29,80,4,2,44,1,2,1,5,-1,2986.9732,-1,0,0,0,1,out of labor force
083151044211856,11,2024,15,4,18011,31,55,1,2,44,1,1,2,1,1,40,1614.7732,2320,1,1,2025,16,8,31,56,1,2,44,1,2,1,1,40,1614.9612,2310,1,1,1,0,still teacher
791100904323138,11,2024,15,4,18011,31,54,1,2,44,1,2,2,1,1,55,1398.1083,2310,1,1,2025,14,8,31,56,1,2,44,1,2,1,1,54,1033.27,2310,1,1,1,0,still teacher
004110414558454,11,2024,14,2,18011,41,47,1,1,44,1,2,2,1,1,50,2399.093,2310,1,1,2025,14,6,41,48,1,1,44,1,2,1,7,-1,3056.2711,-1,0,0,0,1,out of labor force
054658940140166,11,2024,15,2,18011,46,27,1,2,43,1,2,2,1,1,40,797.2113,2310,1,1,2025,15,6,46,28,1,2,43,1,2,1,1,40,1057.5042,2310,1,1,1,0,still teacher
180606200649234,11,2024,13,2,18011,46,23,6,2,43,1,2,2,1,1,40,1049.3286,2310,1,1,2025,13,6,46,24,6,2,43,1,2,1,1,40,1176.4754,2310,1,1,1,0,still teacher
006180442793182,11,2024,14,3,18011,48,46,1,2,44,1,2,2,1,1,40,4047.7687,2310,1,1,2025,16,7,48,47,1,2,44,1,2,1,1,40,3192.0916,2006,1,0,0,1,other occupation
708390684030015,11,2024,13,3,18011,48,55,4,2,44,1,1,1,1,1,50,4858.5091,2310,1,1,2025,15,7,48,55,4,2,44,1,1,1,1,60,4829.4183,2310,1,1,1,0,still teacher
078904860540188,11,2024,14,4,18011,48,28,6,1,43,1,4,2,1,1,40,6090.863,2310,1,1,2025,14,8,48,29,6,1,43,1,2,1,1,40,5533.59,2545,1,0,0,1,other occupation
151570700868224,11,2024,14,2,18011,48,60,4,2,43,1,1,1,1,1,40,4391.0746,2310,1,1,2025,14,6,48,61,4,2,43,1,1,1,1,50,5078.9462,2300,1,1,1,0,still teacher
288095354090114,11,2024,12,2,18011,48,26,6,2,43,1,2,1,1,1,40,4493.3861,2310,1,1,2025,12,6,48,27,6,2,43,1,1,1,1,40,6581.5269,2310,1,1,1,0,still teacher
121300825950846,11,2024,15,4,18011,48,52,3,2,44,1,1,2,1,1,50,4510.2185,2310,1,1,2025,15,8,48,53,3,2,44,1,2,1,1,40,5125.0582,2310,1,1,1,0,still teacher
095202061513601,11,2024,16,3,18011,53,25,6,1,43,1,3,2,1,1,40,4690.2679,2330,1,1,2025,16,7,53,26,6,1,43,1,2,1,1,40,4701.4034,2310,1,1,1,0,still teacher
095202061513601,11,2024,16,3,18011,53,21,6,2,40,1,4,2,1,1,40,5438.0368,2310,1,1,2025,16,7,53,22,6,2,40,1,2,1,1,40,4643.7336,2300,1,1,1,0,still teacher
953040107972532,11,2024,15,4,18011,55,30,1,2,44,1,1,2,1,2,32,4991.1137,2310,1,1,2025,15,8,55,31,1,2,44,1,2,1,1,32,5299.85,2320,1,1,1,0,still teacher
776571695020018,11,2024,10,1,18011,56,44,1,1,44,1,2,2,1,1,45,484.5891,2310,1,1,2025,16,5,56,45,1,1,44,1,2,1,1,40,362.6945,2320,1,1,1,0,still teacher
066755941030015,11,2024,16,2,18111,16,43,1,2,43,1,2,2,1,1,35,812.347,2310,1,1,2025,16,6,16,44,1,2,43,1,2,1,1,40,1138.0656,2310,1,1,1,0,still teacher
180811031307802,11,2024,15,3,18111,31,64,1,2,43,1,2,2,1,1,50,1156.3464,2330,1,1,2025,15,7,31,65,1,2,43,1,2,1,1,50,964.022,2330,1,1,1,0,still teacher
910003215091081,11,2024,16,4,18111,38,55,1,2,43,1,2,2,1,1,45,421.9013,2310,1,1,2025,15,8,38,56,1,2,43,1,2,1,1,40,569.4583,2310,1,1,1,0,still teacher
002110078696622,11,2024,14,2,18011,1,32,1,1,43,1,2,2,1,1,40,2626.9384,2320,1,1,2025,14,6,1,33,1,1,43,1,2,1,1,40,4137.4803,2320,1,1,1,0,still teacher
092217520300191,11,2024,16,2,18011,1,43,1,2,42,1,2,2,1,1,40,2032.3337,2320,1,1,2025,16,6,1,44,1,2,42,1,2,1,1,40,3029.1991,2320,1,1,1,0,still teacher
122656000058791,11,2024,11,2,18011,10,58,5,2,40,1,1,2,1,1,-4,831.791,2310,1,1,2025,11,6,10,59,5,2,40,1,2,1,1,35,923.4497,2310,1,1,1,0,still teacher
132824621060011,11,2024,16,3,18011,12,46,1,2,43,1,2,2,1,1,40,4670.6054,2310,1,1,2025,16,7,12,47,1,2,43,1,2,1,1,40,5133.4104,2310,1,1,1,0,still teacher
301100546446219,11,2024,13,3,18011,12,28,6,1,44,1,1,1,1,1,40,5703.2685,2310,1,1,2025,12,7,12,29,6,1,44,1,1,1,1,40,6777.3682,2310,1,1,1,0,still teacher
600183021101670,11,2024,15,1,18011,13,68,1,2,44,1,1,2,1,1,20,5087.9183,2330,1,1,2025,15,5,13,69,1,2,44,1,2,1,1,40,4816.1659,2300,1,1,1,0,still teacher
600183021101670,11,2024,15,1,18011,13,64,1,1,44,1,2,2,1,1,40,4455.3966,2310,1,1,2025,15,5,13,65,1,1,44,1,2,1,1,40,5613.2144,2310,1,1,1,0,still teacher
861900202041127,11,2024,15,1,18011,21,51,1,2,40,1,1,2,1,1,30,3553.9283,2300,1,1,2025,15,5,21,52,1,2,44,1,2,1,1,30,5307.8061,2545,1,0,0,1,other occupation
831500904352223,11,2024,12,4,18011,22,59,1,2,44,2,1,2,1,1,40,2089.1616,2310,1,1,2025,15,8,22,60,1,2,44,2,2,1,1,40,2088.7523,2330,1,1,1,0,still teacher
062038047313251,11,2024,15,4,18011,23,47,1,1,43,1,2,2,1,1,40,1541.7123,2310,1,1,2025,15,8,23,48,1,1,43,1,2,1,1,40,2057.0821,2320,1,1,1,0,still teacher
831011103221214,11,2024,15,3,18011,23,40,1,2,43,1,2,2,1,1,40,2094.2481,2310,1,1,2025,15,7,23,41,1,2,43,1,2,1,1,40,3158.9135,2320,1,1,1,0,still teacher
564555452050010,11,2024,16,4,18011,24,48,1,2,44,4,1,2,4,1,24,5300.1604,2310,1,1,2025,16,8,24,49,1,2,44,4,2,4,1,30,5474.7311,2205,1,0,0,1,other occupation
211200112083520,11,2024,15,2,18011,25,60,1,2,44,1,1,2,1,1,28,3132.2591,2320,1,1,2025,15,6,25,61,1,2,44,1,2,1,1,28,4616.9756,2320,1,1,1,0,still teacher
555050102488213,11,2024,16,3,18011,25,43,1,2,44,1,2,2,1,1,40,2773.8594,2330,1,1,2025,15,7,25,44,1,2,44,1,2,1,1,40,3216.8693,2310,1,1,1,0,still teacher
084285890730156,11,2024,8,2,18011,36,44,1,2,42,2,2,2,1,1,40,5010.6403,2310,1,1,2025,8,6,36,45,1,2,42,2,2,1,1,35,7296.348,2310,1,1,1,0,still teacher
083318530230147,11,2024,16,3,18011,37,51,1,1,44,1,1,2,1,1,40,3371.2271,2310,1,1,2025,16,7,37,52,1,1,44,1,2,1,1,-4,7027.4158,2320,1,1,1,0,still teacher
682862714070016,11,2024,15,1,18011,42,23,6,2,42,1,3,2,1,1,40,5530.5844,2300,1,1,2025,16,5,42,24,6,2,43,1,2,1,1,40,6847.0188,2310,1,1,1,0,still teacher
057943810940152,11,2024,16,1,18011,42,53,6,1,43,1,2,2,1,1,44,4871.6063,2320,1,1,2025,16,5,42,54,6,1,43,1,2,1,1,40,4736.0982,2310,1,1,1,0,still teacher
057943810940152,11,2024,16,1,18011,42,50,6,2,44,1,3,2,1,1,44,4395.7622,2320,1,1,2025,16,5,42,51,6,2,44,1,2,1,1,40,5129.7859,2310,1,1,1,0,still teacher
731900809029546,11,2024,16,2,18011,45,22,6,2,43,1,3,2,1,1,40,4260.5426,2310,1,1,2025,16,6,45,23,6,2,43,1,2,1,1,38,4694.9808,2310,1,1,1,0,still teacher
030147071406070,11,2024,15,3,18011,47,36,1,1,43,1,1,2,1,1,45,3261.3045,2310,1,1,2025,15,7,47,37,1,1,43,1,2,1,1,40,5299.3661,2310,1,1,1,0,still teacher
117328394090017,11,2024,16,2,18011,47,42,1,2,43,1,2,2,1,1,8,4321.2065,2310,1,1,2025,16,6,47,43,1,2,43,1,2,1,1,8,5025.9841,2310,1,1,1,0,still teacher
109110508097615,11,2024,15,1,18011,51,45,1,2,43,1,2,2,1,1,40,4198.6476,2300,1,1,2025,15,5,51,46,1,2,43,1,2,1,1,40,3624.9866,2310,1,1,1,0,still teacher
095096063614154,11,2024,12,1,18011,54,50,1,2,43,1,1,2,1,1,40,841.308,2310,1,1,2025,15,5,54,51,1,2,43,1,2,1,1,40,795.1669,2310,1,1,1,0,still teacher
117002515954130,11,2024,16,3,18111,11,48,6,1,44,1,1,2,1,1,50,473.9398,2320,1,1,2025,16,7,11,49,6,1,44,1,2,1,1,55,387.2767,110,1,0,0,1,other occupation
170519600263752,11,2024,16,4,18111,22,42,1,2,44,1,2,2,1,1,40,1530.972,2310,1,1,2025,16,8,22,43,1,2,44,1,2,1,1,40,1448.665,2310,1,1,1,0,still teacher
002120258641240,11,2024,14,4,18111,22,34,1,2,42,1,1,2,1,1,36,1885.0239,2310,1,1,2025,14,8,22,35,1,2,42,1,2,1,1,40,2088.109,2545,1,0,0,1,other occupation
053003048213327,11,2024,16,1,18111,33,46,1,1,43,1,2,2,1,1,45,1326.4851,2320,1,1,2025,16,5,33,46,1,1,43,1,2,1,1,40,1653.9744,2310,1,1,1,0,still teacher
591100800840339,11,2024,16,3,18111,33,31,1,2,44,1,2,2,1,1,40,957.4585,2310,1,1,2025,16,7,33,32,1,2,44,1,2,1,2,40,1006.7304,2310,1,1,1,0,still teacher
549304015032380,11,2024,16,1,18111,45,41,1,2,44,1,2,2,1,1,40,3510.6554,2310,1,1,2025,16,5,45,41,1,2,44,1,2,1,1,-4,3060.2488,2310,1,1,1,0,still teacher
544701015113800,11,2024,15,4,18111,45,58,1,1,44,1,1,2,1,1,40,3116.2123,2310,1,1,2025,16,8,45,59,1,1,44,1,2,1,1,40,2695.0383,2310,1,1,1,0,still teacher
544701015113800,11,2024,15,4,18111,45,44,1,2,44,1,2,2,1,1,40,3488.1856,2310,1,1,2025,16,8,45,45,1,2,44,1,2,1,1,40,2819.7795,2310,1,1,1,0,still teacher
109140514458454,11,2024,16,3,18111,54,34,4,2,43,1,3,2,1,1,-4,665.1444,2320,1,1,2025,14,7,54,35,4,2,43,1,2,1,1,40,892.5882,2600,1,0,0,1,other occupation
248091101746570,11,2024,13,1,18111,54,62,1,2,43,1,2,2,1,1,40,738.4196,2300,1,1,2025,13,5,54,63,1,2,43,1,2,1,1,40,800.2255,4600,1,0,0,1,other occupation
486483350020012,11,2024,14,3,18011,6,29,1,2,44,1,2,1,1,1,40,4143.7735,2320,1,1,2025,14,7,6,29,1,2,44,1,1,1,1,45,4974.0741,2320,1,1,1,0,still teacher
020018093216646,11,2024,16,4,18011,6,39,1,2,44,4,2,2,5,1,18,4222.547,2310,1,1,2025,2,8,6,40,1,2,44,4,2,5,1,4,6858.1064,2360,1,0,0,1,other occupation
930630781001361,11,2024,16,1,18011,6,26,1,2,44,1,2,2,1,2,40,5299.9743,2300,1,1,2025,15,5,6,27,1,2,44,1,2,1,1,15,4712.8913,2310,1,1,1,0,still teacher
040003027016231,11,2024,11,3,18011,6,43,6,2,43,1,1,1,5,1,40,4004.9266,2310,1,1,2025,12,7,6,44,6,2,43,1,1,5,1,10,4775.7402,2310,1,1,1,0,still teacher
604170180378604,11,2024,16,2,18011,17,73,6,2,44,1,1,2,1,1,12,4093.3279,2310,1,1,2025,16,6,17,74,6,2,44,1,2,1,1,30,4331.2972,2310,1,1,1,0,still teacher
500901676091776,11,2024,11,2,18011,17,23,6,2,40,1,4,2,4,1,40,4979.3957,2300,1,1,2025,11,6,17,24,6,2,40,1,2,4,1,20,5186.4796,4350,1,0,0,1,other occupation
731200205110715,11,2024,15,1,18011,17,30,1,2,43,1,1,2,1,1,50,4239.7744,2320,1,1,2025,16,5,17,31,1,2,43,1,2,1,1,38,5372.0709,2320,1,1,1,0,still teacher
430641762090011,11,2024,12,3,18011,20,28,1,2,43,1,2,2,1,1,40,2906.8129,2310,1,1,2025,13,7,20,29,1,2,43,1,2,1,1,40,3166.8292,2310,1,1,1,0,still teacher
011242890221120,11,2024,16,2,18011,20,35,1,2,44,1,2,2,1,1,40,2668.2366,2310,1,1,2025,16,6,20,36,1,2,44,1,2,1,1,40,2667.8023,2310,1,1,1,0,still teacher
886932602080114,11,2024,15,1,18011,26,45,1,2,44,1,2,2,1,1,35,5138.2079,2320,1,1,2025,15,5,26,46,1,2,44,1,2,1,1,40,4540.8071,2320,1,1,1,0,still teacher
725302014126740,11,2024,14,3,18011,27,38,6,1,43,1,1,2,1,1,40,5395.8364,2320,1,1,2025,14,7,27,39,6,1,44,1,2,1,1,40,6297.4643,2320,1,1,1,0,still teacher
140840500778382,11,2024,15,3,18011,27,37,1,2,44,1,1,2,1,1,40,4075.0773,2320,1,1,2025,15,7,27,38,1,2,44,1,2,1,1,40,6601.5193,2320,1,1,1,0,still teacher
000100311832620,11,2024,15,1,18011,30,53,1,2,43,1,1,2,1,1,40,674.8087,2320,1,1,2025,16,5,30,54,1,2,43,1,2,1,1,40,722.9038,2310,1,1,1,0,still teacher
660092011363914,11,2024,15,3,18011,32,24,6,2,43,1,3,2,1,1,40,2953.0482,2310,1,1,2025,15,7,32,25,6,2,43,1,2,1,1,40,2308.7858,2310,1,1,1,0,still teacher
131400160494236,11,2024,16,2,18012,32,30,6,2,43,1,1,2,1,1,38,3103.2722,2310,1,1,2025,16,6,32,31,6,2,43,1,2,1,1,40,2134.3131,2310,1,1,1,0,still teacher
131400160494236,11,2024,16,2,18012,32,55,4,1,44,1,3,2,1,1,38,2393.1933,2310,1,1,2025,16,6,32,56,4,1,44,1,2,1,1,40,2926.0254,2310,1,1,1,0,still teacher
631100044557532,11,2024,14,3,18011,35,48,1,2,46,1,1,2,1,1,35,1296.3456,2310,1,1,2025,15,7,35,49,1,2,46,1,2,1,1,40,1303.5482,2320,1,1,1,0,still teacher
053457035715799,11,2024,13,4,18011,35,33,1,2,43,1,1,2,1,1,40,1556.2278,2310,1,1,2025,14,8,35,34,1,2,43,1,2,1,1,40,1608.9558,2310,1,1,1,0,still teacher
055761020540166,11,2024,13,2,18011,46,26,1,1,43,1,1,2,1,1,45,723.7381,2310,1,1,2025,13,6,46,27,1,1,43,1,2,1,1,40,1018.5145,2310,1,1,1,0,still teacher
849506014094310,11,2024,16,3,18011,48,29,1,1,43,1,1,2,3,1,40,7291.0246,2320,1,1,2025,16,7,48,30,1,1,43,1,2,3,1,40,5556.6071,2310,1,1,1,0,still teacher
044895810641108,11,2024,16,4,18011,48,45,1,1,43,1,2,2,1,1,55,4971.4664,2320,1,1,2025,16,8,48,46,1,1,43,1,2,1,1,50,5188.6272,2320,1,1,1,0,still teacher
034026026019353,11,2024,16,2,18011,49,44,1,2,43,1,2,2,1,1,40,2463.2538,2310,1,1,2025,16,6,49,45,1,2,43,1,2,1,1,40,1706.7052,5710,1,0,0,1,other occupation
901800703114941,11,2024,16,3,18011,49,54,1,2,43,1,1,2,1,1,40,2182.7275,2310,1,1,2025,16,7,49,56,1,2,43,1,2,1,1,40,1842.8568,2310,1,1,1,0,still teacher
470429081412142,11,2024,15,4,18011,49,56,1,2,44,1,3,2,1,1,40,1856.4989,2310,1,1,2025,16,8,49,56,1,2,44,1,2,1,1,40,1991.4895,2310,1,1,1,0,still teacher
512430850070019,11,2024,15,4,18111,2,35,1,1,43,1,2,2,1,1,40,656.383,2310,1,1,2025,14,8,2,36,1,1,43,1,2,1,7,-1,674.435,2310,0,0,0,1,out of labor force
040083027115531,11,2024,15,3,18111,5,53,1,2,41,1,2,2,1,1,40,1535.3853,2300,1,1,2025,14,7,5,54,1,2,41,1,2,1,1,40,1423.409,8950,1,0,0,1,other occupation
065278900511145,11,2024,15,2,18111,15,53,4,2,44,2,1,2,1,1,40,962.7231,2310,1,1,2025,15,6,15,54,4,2,44,2,2,1,1,40,496.2153,3010,1,0,0,1,other occupation
156061109908125,11,2024,9,1,18111,15,58,2,2,43,1,1,2,1,1,40,829.0131,2310,1,1,2025,15,5,15,58,2,2,43,1,2,1,1,40,787.8099,230,1,0,0,1,other occupation
660053368091881,11,2024,15,3,18111,38,33,1,2,44,1,2,2,1,1,55,689.7364,2310,1,1,2025,15,7,38,34,1,2,44,1,2,1,1,45,770.4981,2310,1,1,1,0,still teacher
160239500184504,11,2024,15,1,18111,41,40,1,1,44,1,1,2,1,1,40,3239.0613,2310,1,1,2025,15,5,41,41,1,1,44,1,2,1,1,40,2676.9398,2310,1,1,1,0,still teacher
219600419702480,11,2024,12,2,18011,12,55,1,2,43,2,1,2,4,1,40,5504.0005,2310,1,1,2025,12,6,12,56,1,2,43,2,2,4,1,40,5820.7978,2310,1,1,1,0,still teacher
250952061114184,11,2024,13,1,18011,12,58,4,2,43,1,2,2,1,1,40,4954.3884,2300,1,1,2025,14,5,12,59,4,2,43,1,2,1,1,40,4882.2144,2310,1,1,1,0,still teacher
086651440111163,11,2024,13,1,18011,13,53,1,2,42,1,2,2,1,1,-4,4846.4543,2310,1,1,2025,13,5,13,55,1,2,42,1,2,1,3,-1,4046.8273,2310,0,0,0,1,unemployed
070321161011130,11,2024,15,4,18011,13,62,1,2,44,1,1,2,1,1,40,3175.5911,2310,1,1,2025,14,8,13,64,1,2,44,1,2,1,5,-1,3551.7853,-1,0,0,0,1,out of labor force
056834400220121,11,2024,7,2,18011,21,57,6,1,45,1,1,2,1,1,40,4424.4651,2310,1,1,2025,7,6,21,58,6,1,45,1,2,1,1,-4,5557.802,2310,1,1,1,0,still teacher
151319900387302,11,2024,10,1,18011,23,31,6,2,43,7,1,2,1,1,40,1861.8156,2330,1,1,2025,10,5,23,32,6,2,43,7,2,1,1,42,3250.1013,2330,1,1,1,0,still teacher
106130385169682,11,2024,16,3,18011,33,54,1,2,44,1,2,2,1,1,40,998.1225,2310,1,1,2025,16,7,33,55,1,2,44,1,2,1,1,40,1280.7845,2320,1,1,1,0,still teacher
106130385169682,11,2024,16,3,18011,33,25,6,1,43,1,3,2,1,1,40,1456.7611,2320,1,1,2025,16,7,33,26,6,1,43,1,2,1,1,40,1275.8034,2320,1,1,1,0,still teacher
191616300637733,11,2024,13,4,18011,36,49,1,2,44,1,2,2,1,1,40,5073.8685,2310,1,1,2025,13,8,36,50,1,2,44,1,2,1,1,40,4159.1129,2310,1,1,1,0,still teacher
007160382499352,11,2024,16,4,18011,36,39,1,2,44,1,1,2,1,1,40,5619.4055,2330,1,1,2025,16,8,36,40,1,2,44,1,2,1,1,40,5741.3204,2330,1,1,1,0,still teacher
007160382499352,11,2024,16,4,18011,36,48,1,1,44,1,2,2,1,1,40,4056.7548,2320,1,1,2025,16,8,36,49,1,1,44,1,2,1,1,40,5403.8605,2320,1,1,1,0,still teacher
073157011216754,11,2024,16,3,18011,36,51,1,2,44,1,1,2,1,1,40,4888.1238,2310,1,1,2025,16,7,36,52,1,2,44,1,2,1,1,50,5029.7147,2330,1,1,1,0,still teacher
005170352223237,11,2024,13,3,18011,37,51,1,2,43,1,2,2,1,1,40,3396.8623,2310,1,1,2025,15,7,37,52,1,2,43,1,2,1,1,40,5389.1189,2310,1,1,1,0,still teacher
729621023000117,11,2024,16,2,18011,39,45,1,2,44,1,2,2,1,1,40,4973.6902,2320,1,1,2025,16,6,39,46,1,2,44,1,2,1,1,-4,5988.6065,2320,1,1,1,0,still teacher
170205900914323,11,2024,15,3,18011,39,34,1,2,44,1,1,2,1,1,-4,5873.9683,2310,1,1,2025,16,7,39,35,1,2,44,1,2,1,1,45,6770.3417,2310,1,1,1,0,still teacher
180830800961993,11,2024,15,3,18011,39,31,1,2,43,1,2,2,1,1,40,5985.927,2310,1,1,2025,15,7,39,32,1,2,43,1,2,1,1,40,6186.8393,2310,1,1,1,0,still teacher
003969800940132,11,2024,14,4,18011,42,48,1,2,44,1,1,2,1,1,40,4179.2006,2310,1,1,2025,6,8,42,49,1,2,44,1,2,1,1,40,5631.4051,2310,1,1,1,0,still teacher
320652041410158,11,2024,16,4,18011,42,20,6,2,40,1,5,2,1,1,12,5338.981,2300,1,1,2025,16,8,42,21,6,2,40,1,2,1,1,12,6063.844,2545,1,0,0,1,other occupation
120374035061120,11,2024,13,1,18011,42,29,1,2,42,1,1,2,1,1,40,4331.0587,2300,1,1,2025,14,5,42,30,1,2,42,1,2,1,1,40,5000.783,2300,1,1,1,0,still teacher
180572051429880,11,2024,11,3,18011,42,45,6,2,44,2,1,2,1,1,35,6783.9643,2310,1,1,2025,11,7,42,46,6,2,44,2,2,1,1,32,5911.8965,2360,1,0,0,1,other occupation
394854234070016,11,2024,16,1,18011,44,55,1,2,43,1,4,2,1,1,24,1069.4395,2310,1,1,2025,16,5,44,57,1,2,44,1,2,1,1,25,970.5933,2310,1,1,1,0,still teacher
848040104244466,11,2024,16,1,18011,44,40,1,1,44,1,1,2,1,1,40,1050.8685,2330,1,1,2025,16,5,44,42,1,1,44,1,2,1,1,40,2102.2517,2310,1,1,1,0,still teacher
008110527327227,11,2024,13,3,18011,51,29,6,2,43,1,1,2,1,1,40,4686.5986,2310,1,1,2025,13,7,51,30,6,2,43,1,2,1,1,40,3255.7477,2310,1,1,1,0,still teacher
146315700175471,11,2024,14,2,18111,11,44,1,1,44,1,1,2,1,1,40,292.9054,2310,1,1,2025,14,6,11,45,1,1,44,1,2,1,1,40,429.2529,2310,1,1,1,0,still teacher
515096107579137,11,2024,15,1,18111,11,55,6,2,44,2,1,2,1,1,55,496.3571,2310,1,1,2025,14,5,11,56,6,2,44,2,2,1,1,40,610.2745,2310,1,1,1,0,still teacher
240363001201119,11,2024,16,1,18111,23,44,1,2,43,4,2,2,1,1,35,1591.7262,2310,1,1,2025,14,5,23,45,1,2,43,4,2,1,1,40,3995.798,5120,1,0,0,1,other occupation
006150277820737,11,2024,16,3,18111,25,60,1,1,43,1,1,2,1,1,35,3244.6773,2320,1,1,2025,16,7,25,61,1,1,43,1,2,1,1,40,3349.3391,2320,1,1,1,0,still teacher
014848940440107,11,2024,15,1,18111,47,37,1,2,40,1,2,2,1,1,18,5009.014,2310,1,1,2025,15,5,47,38,1,2,43,1,2,1,1,40,5339.4319,2310,1,1,1,0,still teacher
240755596001440,11,2024,15,4,18111,54,29,1,2,44,1,2,2,1,1,40,786.0521,2310,1,1,2025,16,8,54,30,1,2,44,1,2,1,1,40,890.9775,2310,1,1,1,0,still teacher
080132012314411,11,2024,13,2,18011,4,54,3,2,43,1,1,2,1,1,45,6521.4579,2310,1,1,2025,13,6,4,55,3,2,43,1,2,1,1,40,4236.6233,2310,1,1,1,0,still teacher
290735061004257,11,2024,15,1,18011,5,48,1,2,44,1,1,2,1,1,40,1817.5722,2310,1,1,2025,15,5,5,50,1,2,44,1,2,1,1,45,2025.999,2310,1,1,1,0,still teacher
270615051001862,11,2024,13,4,18011,5,28,1,2,43,2,1,2,1,1,40,2464.4378,2320,1,1,2025,13,8,5,29,1,2,43,2,2,1,1,40,4020.9604,2360,1,0,0,1,other occupation
226558930082119,11,2024,9,4,18011,6,24,6,1,43,2,3,1,1,1,40,8451.183,2310,1,1,2025,12,8,6,25,6,1,43,2,1,1,1,40,4574.3562,2360,1,0,0,1,other occupation
411900021010609,11,2024,16,1,18011,6,50,1,2,44,1,1,1,1,1,45,4280.5409,2310,1,1,2025,16,5,6,51,1,2,44,1,2,1,1,40,4730.8328,2310,1,1,1,0,still teacher
066072105417030,11,2024,14,4,18011,6,30,6,1,43,1,1,1,1,1,40,3839.6528,2310,1,1,2025,14,8,6,31,6,1,43,1,1,1,1,40,6065.9343,2320,1,1,1,0,still teacher
058544770010111,11,2024,9,3,18011,8,36,6,2,40,1,1,2,1,1,38,6984.4456,2310,1,1,2025,11,7,8,37,6,2,40,1,2,1,1,38,5308.4103,4700,1,0,0,1,other occupation
151100905940715,11,2024,15,2,18011,17,37,1,2,44,1,1,2,5,1,40,3253.4507,2320,1,1,2025,15,6,17,38,1,2,44,1,2,5,1,40,3448.4971,2320,1,1,1,0,still teacher
003190182226867,11,2024,16,3,18011,19,37,1,2,44,1,2,2,1,1,50,2073.1915,2310,1,1,2025,14,7,19,38,1,2,44,1,2,1,1,50,2953.9766,2310,1,1,1,0,still teacher
006170298922073,11,2024,16,3,18011,27,46,1,1,44,1,1,2,1,1,50,4676.3316,2310,1,1,2025,16,7,27,48,1,1,44,1,2,1,1,40,4474.0778,2310,1,1,1,0,still teacher
108170236121646,11,2024,15,2,18011,27,31,1,2,44,1,2,2,1,1,45,3388.6026,2310,1,1,2025,15,6,27,32,1,2,44,1,2,1,1,40,4301.1934,2310,1,1,1,0,still teacher
708040101642381,11,2024,15,4,18011,30,38,1,1,43,1,2,2,1,1,40,684.5185,2310,1,1,2025,15,8,30,39,1,1,43,1,2,1,1,40,649.4788,2310,1,1,1,0,still teacher
460280021319270,11,2024,13,4,18011,30,44,6,2,44,1,1,2,1,1,60,665.0665,2310,1,1,2025,13,8,30,45,6,2,44,1,2,1,1,50,612.1798,2310,1,1,1,0,still teacher
730653298051880,11,2024,15,3,18011,38,43,1,1,46,1,2,2,1,1,40,638.22,2310,1,1,2025,16,7,38,44,1,1,46,1,2,1,1,40,836.8775,2310,1,1,1,0,still teacher
310413207021582,11,2024,16,1,18011,38,45,1,1,44,1,1,2,1,1,40,595.8215,2320,1,1,2025,16,5,38,46,1,1,44,1,2,1,1,40,548.2022,2310,1,1,1,0,still teacher
391874134070016,11,2024,15,1,18011,41,42,1,2,44,4,2,2,5,1,40,3392.2689,2310,1,1,2025,14,5,41,43,1,2,44,4,2,5,1,45,3065.5606,2300,1,1,1,0,still teacher
012018210940161,11,2024,11,2,18011,41,71,1,1,41,1,2,2,1,1,36,2157.0252,2310,1,1,2025,11,6,41,72,1,1,41,1,2,1,5,-1,1474.8153,-1,0,0,0,1,out of labor force
410180467019846,11,2024,14,2,18011,48,59,4,2,44,4,3,2,4,1,20,5694.2633,2320,1,1,2025,14,6,48,60,4,2,44,4,2,4,1,20,5102.9566,2320,1,1,1,0,still teacher
004180413560254,11,2024,16,1,18011,48,39,4,2,44,1,1,2,1,1,35,5071.1322,2310,1,1,2025,12,5,48,39,4,2,44,1,2,1,1,35,8192.8995,2310,1,1,1,0,still teacher
601000922659847,11,2024,14,3,18011,48,46,1,2,44,1,1,2,1,1,45,4798.8017,2320,1,1,2025,13,7,48,47,1,2,44,1,2,1,1,50,4520.2802,2320,1,1,1,0,still teacher
008190451881417,11,2024,14,1,18011,49,56,1,2,43,1,1,2,1,1,15,2227.8426,2300,1,1,2025,13,5,49,57,1,2,43,1,2,1,1,20,2486.3811,2300,1,1,1,0,still teacher
065378820110146,11,2024,15,3,18111,16,57,1,2,43,1,2,2,1,1,40,842.5681,2310,1,1,2025,15,7,16,57,1,2,43,1,2,1,1,40,953.1178,2310,1,1,1,0,still teacher
270173383051000,11,2024,15,4,18111,30,33,1,2,44,1,1,2,1,1,40,718.329,2320,1,1,2025,16,8,30,34,1,2,44,1,2,1,1,40,731.2098,2310,1,1,1,0,still teacher
010951090231108,11,2024,15,4,18111,38,45,1,2,42,1,7,2,1,1,37,463.964,2300,1,1,2025,15,8,38,46,1,2,43,1,2,1,1,40,570.5454,3422,1,0,0,1,other occupation
220730463021910,11,2024,14,2,18011,1,55,1,2,40,2,2,2,1,1,40,2886.1137,2300,1,1,2025,14,6,1,56,1,2,40,2,2,1,1,40,3966.412,2300,1,1,1,0,still teacher
050232091712422,11,2024,16,1,18011,2,61,1,2,44,1,2,2,1,1,30,414.1063,2310,1,1,2025,16,5,2,62,1,2,44,1,2,1,2,28,468.4812,2360,1,0,0,1,other occupation
406201511672930,11,2024,15,3,18011,4,35,1,2,44,1,2,2,1,1,24,4880.9276,2320,1,1,2025,15,7,4,36,1,2,44,1,2,1,7,-1,4810.5074,-1,0,0,0,1,out of labor force
841786061095503,11,2024,9,3,18011,6,21,6,2,42,1,11,1,1,1,20,5614.9428,2320,1,1,2025,4,7,6,22,6,2,42,1,1,1,1,4,6114.2625,4600,1,0,0,1,other occupation
012292000402136,11,2024,10,2,18011,6,42,4,2,42,1,1,1,4,1,40,5236.7469,2300,1,1,2025,10,6,6,43,4,2,42,1,1,4,1,40,5036.4209,2310,1,1,1,0,still teacher
007180099597595,11,2024,16,2,18011,8,59,1,2,44,1,1,2,1,1,24,4150.2428,2310,1,1,2025,16,6,8,60,1,2,44,1,2,1,1,10,6418.4021,2330,1,1,1,0,still teacher
032577340000139,11,2024,15,4,18011,9,52,4,2,44,1,1,2,1,1,40,2804.4955,2320,1,1,2025,16,8,9,53,4,2,44,1,2,1,1,40,3267.457,2320,1,1,1,0,still teacher
057446770115191,11,2024,16,2,18011,11,25,6,2,43,4,2,2,1,1,40,490.2553,2300,1,1,2025,16,6,11,26,6,2,43,4,2,1,1,40,544.3288,725,1,0,0,1,other occupation
724070105464117,11,2024,15,4,18011,12,40,1,2,44,1,2,2,1,1,40,5154.804,2310,1,1,2025,15,8,12,41,1,2,44,1,2,1,7,-1,7348.8238,2320,0,0,0,1,out of labor force
086239420510182,11,2024,13,2,18011,12,54,1,2,43,1,2,2,1,1,40,4801.5174,2320,1,1,2025,13,6,12,55,1,2,43,1,2,1,1,8,4878.3682,2350,1,0,0,1,other occupation
063035860010163,11,2024,14,3,18011,13,74,3,2,43,1,1,2,1,1,8,5105.2195,2310,1,1,2025,14,7,13,74,3,2,43,1,2,1,5,-1,4418.8758,-1,0,0,0,1,out of labor force
250044102355190,11,2024,15,3,18011,15,29,1,2,44,1,2,2,1,1,40,875.4575,2310,1,1,2025,15,7,15,30,1,2,44,1,2,1,1,40,838.3221,2310,1,1,1,0,still teacher
716113161070119,11,2024,15,2,18011,16,50,1,2,44,1,1,2,1,1,50,955.172,2310,1,1,2025,15,6,16,51,1,2,44,1,2,1,1,45,1247.7351,2310,1,1,1,0,still teacher
666080105037179,11,2024,15,2,18011,16,51,1,2,42,1,2,2,1,1,42,1015.6799,2310,1,1,2025,15,6,16,52,1,2,42,1,2,1,1,40,1374.0418,2310,1,1,1,0,still teacher
580337021151319,11,2024,16,4,18011,17,44,6,2,43,1,2,1,1,1,40,4904.8027,2310,1,1,2025,15,8,17,45,6,2,43,1,1,1,1,40,4668.0209,2310,1,1,1,0,still teacher
022317010022125,11,2024,15,4,18011,25,44,1,1,44,1,2,1,1,1,40,4494.0114,2310,1,1,2025,16,8,25,45,1,1,44,1,1,1,1,40,3848.3677,2310,1,1,1,0,still teacher
300511071303234,11,2024,16,2,18011,31,41,6,2,43,1,2,2,1,1,50,1066.1337,2320,1,1,2025,16,6,31,42,6,2,43,1,2,1,1,50,1698.4105,2320,1,1,1,0,still teacher
731071109443384,11,2024,16,3,18011,33,46,1,2,44,1,2,2,1,1,50,891.9464,2310,1,1,2025,16,7,33,47,1,2,44,1,2,1,1,40,1278.5218,2310,1,1,1,0,still teacher
109160313418294,11,2024,7,1,18011,36,68,4,2,43,1,1,2,1,2,-4,3797.3622,2320,1,1,2025,15,5,36,69,4,2,43,1,2,1,2,-4,4412.3676,2320,1,1,1,0,still teacher
305160301358741,11,2024,16,4,18011,36,56,1,1,44,2,3,2,1,1,40,5791.1241,2310,1,1,2025,16,8,36,57,1,1,44,2,2,1,1,40,7479.5111,2310,1,1,1,0,still teacher
100453900694753,11,2024,16,3,18011,36,50,1,2,44,1,2,2,1,1,40,4888.1238,2310,1,1,2025,16,7,36,51,1,2,44,1,2,1,1,40,5029.7147,2310,1,1,1,0,still teacher
838809114185920,11,2024,14,4,18011,38,55,1,1,43,1,1,2,1,1,40,483.7102,2330,1,1,2025,14,8,38,56,1,1,43,1,2,1,1,40,298.8235,2310,1,1,1,0,still teacher
934106012440430,11,2024,13,3,18011,39,58,1,2,44,2,2,2,1,1,8,9862.3684,2310,1,1,2025,11,7,39,59,1,2,44,2,2,1,7,-1,5559.3154,-1,0,0,0,1,out of labor force
054067073910344,11,2024,16,1,18011,40,43,1,2,40,1,2,2,1,1,26,2674.9636,2300,1,1,2025,16,5,40,45,1,2,40,1,2,1,1,-4,2942.4121,4600,1,0,0,1,other occupation
415180467419846,11,2024,14,4,18011,48,27,6,1,43,1,1,1,1,1,40,4992.3877,2310,1,1,2025,14,8,48,29,6,1,43,1,1,1,1,40,6995.1998,2310,1,1,1,0,still teacher
014102075418902,11,2024,12,1,18011,48,67,4,2,44,1,1,2,1,1,30,4921.3894,2310,1,1,2025,12,5,48,68,4,2,44,1,2,1,4,-1,4623.3782,1530,0,0,0,1,unemployed
170344900399915,11,2024,13,3,18011,53,26,1,2,43,1,2,1,1,1,27,4613.1409,2320,1,1,2025,15,7,53,27,1,2,43,1,1,1,1,25,4496.3412,2310,1,1,1,0,still teacher
270315021501936,11,2024,15,3,18011,55,59,1,2,44,1,2,2,1,1,40,4578.9978,2320,1,1,2025,15,7,55,60,1,2,44,1,2,1,1,40,5394.2017,2310,1,1,1,0,still teacher
675818875040019,11,2024,15,4,18011,55,29,1,2,44,1,1,2,1,1,40,5222.9554,2310,1,1,2025,15,8,55,30,1,2,44,1,2,1,1,40,5299.85,2310,1,1,1,0,still teacher
511096107539137,11,2024,15,2,18111,11,53,6,2,41,2,4,2,1,1,40,473.61,2300,1,1,2025,15,6,11,54,6,2,41,2,2,1,1,40,521.5257,2300,1,1,1,0,still teacher
292294642010010,11,2024,15,2,18111,22,38,6,2,44,1,1,2,1,1,40,2355.277,2310,1,1,2025,15,6,22,40,6,2,44,1,2,1,1,40,3634.978,2310,1,1,1,0,still teacher
431100004527522,11,2024,16,2,18111,25,49,6,2,44,1,2,2,1,1,40,3351.2192,2320,1,1,2025,16,6,25,50,6,2,44,1,2,1,1,40,4044.1731,2310,1,1,1,0,still teacher
460375091201127,11,2024,16,4,18111,25,33,1,2,44,1,3,2,1,1,35,3532.131,2310,1,1,2025,16,8,25,34,1,2,44,1,2,1,1,35,2988.8458,2310,1,1,1,0,still teacher
920164011517901,11,2024,13,3,18111,54,31,1,2,43,1,1,2,1,1,40,686.9817,2300,1,1,2025,15,7,54,32,1,2,43,1,2,1,1,40,756.0554,2310,1,1,1,0,still teacher
101522601260930,11,2024,16,2,18011,2,41,1,1,44,1,1,2,1,1,40,576.663,2310,1,1,2025,16,6,2,42,1,1,44,1,2,1,2,40,556.467,2310,1,1,1,0,still teacher
101522601260930,11,2024,16,2,18011,2,42,1,2,44,1,2,2,1,1,40,478.9863,2310,1,1,2025,16,6,2,43,1,2,44,1,2,1,1,40,546.9955,2310,1,1,1,0,still teacher
309160052056245,11,2024,16,3,18011,6,42,6,1,44,1,1,1,1,1,40,4625.2736,2310,1,1,2025,16,7,6,43,6,1,44,1,1,1,1,40,5563.9537,2310,1,1,1,0,still teacher
589123090010113,11,2024,16,1,18011,9,54,1,2,43,1,2,2,1,1,30,3491.3804,2300,1,1,2025,16,5,9,55,1,2,43,1,2,1,1,35,3419.1607,2360,1,0,0,1,other occupation
721700619623906,11,2024,16,3,18011,9,42,1,1,44,1,1,2,1,1,40,2741.8047,2310,1,1,2025,16,7,9,43,1,1,44,1,2,1,1,40,3094.5676,2320,1,1,1,0,still teacher
721700619623906,11,2024,16,3,18011,9,42,1,2,44,1,2,2,1,1,40,3244.7055,2310,1,1,2025,16,7,9,43,1,2,44,1,2,1,1,40,3958.0192,2320,1,1,1,0,still teacher
696050103701042,11,2024,13,1,18011,9,45,4,2,44,1,1,2,1,1,40,3322.2727,2320,1,1,2025,13,5,9,46,4,2,44,1,2,1,1,40,3514.5445,2320,1,1,1,0,still teacher
120771572071502,11,2024,14,3,18011,10,51,1,2,44,1,1,2,1,1,40,813.5022,2320,1,1,2025,16,7,10,52,1,2,44,1,2,1,1,35,858.5052,2310,1,1,1,0,still teacher
990512061114218,11,2024,14,1,18011,12,51,1,2,44,1,2,1,4,1,40,5042.0027,2310,1,1,2025,15,5,12,52,1,2,44,1,1,4,1,40,4749.8781,2310,1,1,1,0,still teacher
571400018046218,11,2024,11,4,18011,12,25,6,2,43,1,1,1,1,1,40,6542.5447,2300,1,1,2025,12,8,12,26,6,2,44,1,1,1,1,40,7902.4167,2310,1,1,1,0,still teacher
408120142742914,11,2024,15,2,18011,12,59,4,1,44,2,2,2,4,1,40,4921.9947,2310,1,1,2025,15,6,12,60,4,1,44,2,2,4,1,40,4409.5406,2310,1,1,1,0,still teacher
111400901469216,11,2024,15,3,18011,12,56,1,2,44,1,1,2,1,1,40,4609.2633,2310,1,1,2025,15,7,12,57,1,2,44,1,2,1,1,40,5149.2193,2310,1,1,1,0,still teacher
111400901469216,11,2024,15,3,18011,12,60,1,1,43,1,2,2,1,1,40,4759.6249,2310,1,1,2025,15,7,12,61,1,1,43,1,2,1,1,40,5202.4716,2310,1,1,1,0,still teacher
951500006329318,11,2024,13,3,18011,13,52,4,2,44,1,1,2,1,1,40,5540.3796,2310,1,1,2025,14,7,13,53,4,2,43,1,2,1,1,40,5205.0951,2310,1,1,1,0,still teacher
330107051109506,11,2024,12,4,18012,17,54,3,2,44,1,1,2,1,1,45,3811.5519,2310,1,1,2025,13,8,17,55,3,2,44,1,2,1,1,40,3890.2853,2320,1,1,1,0,still teacher
604170133777424,11,2024,12,2,18011,17,70,6,2,44,2,1,2,1,1,40,6676.4044,2300,1,1,2025,12,6,17,71,2,2,44,2,2,1,5,-1,5440.8732,-1,0,0,0,1,out of labor force
003180136304532,11,2024,13,1,18011,18,65,1,1,43,1,1,2,4,1,40,4115.2089,2310,1,1,2025,14,5,18,66,1,1,43,1,2,4,1,40,4593.1109,2320,1,1,1,0,still teacher
109962731050017,11,2024,15,3,18011,19,39,1,1,44,1,1,2,1,1,40,2716.2495,2320,1,1,2025,15,7,19,40,1,1,44,1,2,1,1,40,3137.2847,2310,1,1,1,0,still teacher
789834011030010,11,2024,11,2,18011,19,27,6,2,43,1,1,2,1,1,45,2582.911,2310,1,1,2025,11,6,19,28,6,2,43,1,2,1,1,40,2756.4959,2310,1,1,1,0,still teacher
062083063212000,11,2024,4,3,18011,22,65,6,2,44,2,1,2,1,1,40,1662.639,2310,1,1,2025,12,7,22,66,6,2,43,2,2,1,2,-4,1469.8187,2545,1,0,0,1,other occupation
012244031816659,11,2024,16,1,18011,26,42,1,1,44,1,1,2,1,1,35,5046.0752,2310,1,1,2025,16,5,26,43,1,1,44,1,2,1,1,35,7507.2416,2310,1,1,1,0,still teacher
350597001211753,11,2024,14,2,18011,27,40,1,2,43,1,1,2,1,1,40,2924.6832,2310,1,1,2025,14,6,27,41,1,2,43,1,2,1,1,40,2722.9187,2310,1,1,1,0,still teacher
009180206464430,11,2024,15,1,18011,28,27,1,2,43,1,1,2,1,1,40,1882.2709,2310,1,1,2025,15,5,28,28,1,2,43,1,2,1,1,40,1539.0469,2310,1,1,1,0,still teacher
350313043021526,11,2024,16,2,18011,32,28,1,1,43,4,2,2,1,1,40,2168.3772,2320,1,1,2025,16,6,32,29,1,1,43,4,2,1,1,40,1458.8947,2320,1,1,1,0,still teacher
053037039613688,11,2024,12,1,18011,33,40,1,2,43,1,1,2,1,1,40,2161.922,2310,1,1,2025,13,5,33,42,1,2,43,1,2,1,1,40,1302.853,2310,1,1,1,0,still teacher
013424067215440,11,2024,15,1,18011,35,54,1,2,39,1,2,1,5,1,40,1091.1618,2300,1,1,2025,15,5,35,55,1,2,35,1,1,5,1,40,1273.6568,4600,1,0,0,1,other occupation
276116823080316,11,2024,12,1,18011,36,28,6,1,43,1,1,2,1,1,49,6782.5205,2310,1,1,2025,12,5,36,29,6,1,43,1,2,1,1,40,5538.627,2545,1,0,0,1,other occupation
073090100799341,11,2024,14,3,18011,37,38,6,2,44,1,1,2,1,1,50,4130.6813,2310,1,1,2025,13,7,37,38,6,2,44,1,2,1,1,50,5741.2185,2310,1,1,1,0,still teacher
961900209811738,11,2024,16,1,18011,37,42,1,1,44,1,1,2,1,1,40,3728.8121,2310,1,1,2025,14,5,37,43,1,1,44,1,2,1,1,40,4524.4212,2320,1,1,1,0,still teacher
931907111776360,11,2024,15,4,18011,39,45,1,1,44,1,2,2,1,1,40,5565.0097,2310,1,1,2025,15,8,39,46,1,1,44,1,2,1,1,40,4887.5847,2310,1,1,1,0,still teacher
047602017415090,11,2024,15,3,18011,40,24,1,2,43,1,1,2,1,1,40,2949.4242,2320,1,1,2025,14,7,40,26,1,2,43,1,2,1,1,42,4463.2902,800,1,0,0,1,other occupation
120529300268204,11,2024,11,2,18011,42,37,6,2,43,1,1,2,1,1,45,3860.2151,2310,1,1,2025,11,6,42,38,6,2,43,1,2,1,1,40,5407.946,2310,1,1,1,0,still teacher
546802013911340,11,2024,15,1,18011,45,30,1,2,44,1,2,2,1,1,40,3708.6231,2310,1,1,2025,16,5,45,31,1,2,44,1,2,1,1,40,3360.6986,2310,1,1,1,0,still teacher
778000107843462,11,2024,16,1,18011,47,53,1,2,44,1,1,2,1,1,47,3858.5332,2320,1,1,2025,16,5,47,54,1,2,44,1,2,1,1,50,3863.1123,2320,1,1,1,0,still teacher
930688041404804,11,2024,16,1,18011,48,56,1,2,44,1,2,2,1,1,40,4985.0649,2310,1,1,2025,16,5,48,57,1,2,44,1,2,1,1,40,4847.5888,2310,1,1,1,0,still teacher
410180481641629,11,2024,13,1,18011,48,53,4,2,44,1,1,2,1,1,40,4961.3084,2310,1,1,2025,14,5,48,54,4,2,44,1,2,1,1,50,5020.4635,2310,1,1,1,0,still teacher
761639195050013,11,2024,15,4,18011,51,73,1,2,45,1,2,1,1,1,40,4403.1107,2320,1,1,2025,15,8,51,74,1,2,45,1,1,1,1,40,4466.4706,2320,1,1,1,0,still teacher
358300216635600,11,2024,15,2,18011,53,28,1,2,43,1,2,2,1,1,40,4256.528,2300,1,1,2025,15,6,53,29,1,2,43,1,2,1,1,40,6162.1045,2300,1,1,1,0,still teacher
705472125030016,11,2024,13,1,18011,55,24,1,1,43,1,1,2,1,1,40,4515.0968,2320,1,1,2025,14,5,55,25,1,1,43,1,2,1,1,50,4614.1192,2320,1,1,1,0,still teacher
467030107693598,11,2024,16,2,18011,56,52,1,1,43,1,2,2,1,1,55,359.8977,2310,1,1,2025,16,6,56,53,1,1,43,1,2,1,1,40,435.486,5940,1,0,0,1,other occupation
001150097305579,11,2024,13,4,18111,5,53,1,2,43,1,1,2,1,1,40,1580.2268,2310,1,1,2025,13,8,5,54,1,2,43,1,2,1,1,40,1599.1147,2205,1,0,0,1,other occupation
060231975021816,11,2024,14,4,18111,11,75,4,2,42,2,1,2,1,1,40,561.8395,2310,1,1,2025,14,8,11,76,4,2,42,2,2,1,2,40,468.6034,2300,1,1,1,0,still teacher
171050700553441,11,2024,15,2,18111,15,43,1,2,43,1,2,2,1,1,40,663.7169,2310,1,1,2025,15,6,15,44,1,2,43,1,2,1,1,40,1013.8295,2310,1,1,1,0,still teacher
612635572090017,11,2024,15,4,18111,22,35,1,2,44,1,1,2,1,1,40,1546.6988,2310,1,1,2025,16,8,22,36,1,2,44,1,2,1,1,40,1709.169,2310,1,1,1,0,still teacher
033100015502210,11,2024,11,3,18111,30,62,1,2,39,1,2,2,1,1,10,471.1643,2330,1,1,2025,11,7,30,63,1,2,40,1,2,1,5,-1,532.9681,-1,0,0,0,1,out of labor force
983090109941339,11,2024,15,2,18111,38,72,1,1,43,1,2,2,1,1,40,387.6479,2320,1,1,2025,15,6,38,73,1,1,43,1,2,1,1,40,270.5355,2320,1,1,1,0,still teacher
055183035310417,11,2024,14,3,18111,50,38,1,2,44,1,1,2,1,1,40,640.0735,2310,1,1,2025,15,7,50,39,1,2,44,1,2,1,1,40,856.7249,2310,1,1,1,0,still teacher
015018002414353,11,2024,16,4,18111,54,29,6,1,43,1,3,2,1,1,40,859.3377,2310,1,1,2025,15,8,54,30,6,1,43,1,2,1,1,40,986.1117,2310,1,1,1,0,still teacher
141984500414545,11,2024,16,3,18111,54,53,1,1,44,1,2,2,1,1,40,747.6554,2320,1,1,2025,15,7,54,54,1,1,44,1,2,1,1,40,1025.3888,2320,1,1,1,0,still teacher
380050210071491,11,2024,14,2,18011,9,39,1,2,44,1,2,2,1,1,40,2863.1976,2320,1,1,2025,14,6,9,40,1,2,44,1,2,1,1,40,4241.1887,2320,1,1,1,0,still teacher
690311031151805,11,2024,15,1,18011,11,57,3,1,44,1,1,2,1,1,80,388.2991,2330,1,1,2025,16,5,11,58,3,1,44,1,2,1,1,40,454.6528,2310,1,1,1,0,still teacher
731500904332213,11,2024,13,1,18011,12,63,1,1,44,2,1,2,1,1,60,6721.2933,2310,1,1,2025,12,5,12,64,1,1,43,2,2,1,1,35,5548.8708,4760,1,0,0,1,other occupation
008130254975740,11,2024,15,4,18011,23,36,1,2,43,1,2,2,1,1,40,1590.2333,2330,1,1,2025,16,8,23,37,1,2,43,1,2,1,1,35,2822.3534,2330,1,1,1,0,still teacher
065373820120154,11,2024,16,1,18011,24,55,1,2,43,1,2,2,1,1,35,4715.9868,2300,1,1,2025,16,5,24,56,1,2,43,1,2,1,1,15,6697.0143,2300,1,1,1,0,still teacher
980443068041130,11,2024,13,4,18011,33,36,1,2,43,1,2,2,1,1,25,1512.332,2320,1,1,2025,13,8,33,37,1,2,43,1,2,1,1,50,1568.9264,2320,1,1,1,0,still teacher
302160354462902,11,2024,14,1,18011,36,46,6,2,44,2,1,2,4,1,40,8209.9145,2310,1,1,2025,14,5,36,47,6,2,44,2,2,4,1,-4,7456.5838,2310,1,1,1,0,still teacher
249700015874990,11,2024,16,4,18011,42,58,1,2,44,1,1,2,1,1,50,4412.1729,2330,1,1,2025,16,8,42,59,1,2,44,1,2,1,1,50,6388.8144,2330,1,1,1,0,still teacher
160626400553884,11,2024,7,2,18011,45,19,6,2,40,1,3,1,1,1,15,3680.723,2310,1,1,2025,7,6,45,20,6,2,40,1,1,1,7,-1,5139.2912,-1,0,0,0,1,out of labor force
100835500132375,11,2024,16,1,18011,51,46,1,2,44,1,1,2,1,1,40,4183.4905,2330,1,1,2025,16,5,51,48,1,2,44,1,2,1,1,40,2650.7802,2330,1,1,1,0,still teacher
231611005000017,11,2024,16,1,18011,51,39,1,2,43,6,2,2,1,1,40,8784.5683,2310,1,1,2025,16,5,51,40,1,2,43,6,2,1,1,35,6850.4122,2310,1,1,1,0,still teacher
450384021510943,11,2024,15,4,18111,54,73,1,1,43,1,1,2,1,1,40,770.3616,2320,1,1,2025,15,8,54,73,1,1,43,1,2,1,1,40,788.4104,2310,1,1,1,0,still teacher
768040109977009,11,2024,9,3,18011,6,34,6,1,43,1,2,1,1,1,40,5800.3566,2310,1,1,2025,8,7,6,35,6,1,43,1,1,1,1,40,5496.4844,2360,1,0,0,1,other occupation
547907722030017,11,2024,12,1,18011,27,23,6,1,43,1,1,2,1,1,40,4487.0488,2320,1,1,2025,13,5,27,24,6,1,43,1,2,1,1,40,5053.4952,2310,1,1,1,0,still teacher
740679001200250,11,2024,16,1,18011,29,54,1,2,44,1,2,2,1,1,40,4213.6281,2310,1,1,2025,16,5,29,55,1,2,44,1,2,1,1,40,3841.2797,2310,1,1,1,0,still teacher
402150341446702,11,2024,14,1,18011,35,26,1,2,39,1,1,1,5,2,40,1413.9687,2300,1,1,2025,14,5,35,27,1,2,39,1,1,5,1,40,1673.3549,5740,1,0,0,1,other occupation
667080103871479,11,2024,14,3,18011,46,38,1,2,44,1,2,2,1,1,45,734.763,2310,1,1,2025,15,7,46,39,1,2,44,1,2,1,1,-4,793.9401,2330,1,1,1,0,still teacher
150843500811194,11,2024,7,4,18011,48,63,1,1,43,1,2,2,4,1,40,5096.5844,2310,1,1,2025,7,8,48,64,1,1,39,1,2,4,1,40,5150.0798,2545,1,0,0,1,other occupation
921200402796848,11,2024,15,4,18011,48,47,1,2,43,4,1,2,5,1,40,4235.4793,2310,1,1,2025,16,8,48,48,1,2,43,4,2,5,1,40,4818.8107,2310,1,1,1,0,still teacher
921200402796848,11,2024,15,4,18011,48,20,6,2,40,4,4,2,5,1,20,6927.6345,2320,1,1,2025,16,8,48,21,6,2,40,4,2,5,1,30,7655.3108,3649,1,0,0,1,other occupation
100505015013250,11,2024,15,3,18011,1,39,1,2,44,1,1,2,1,1,50,2237.2578,2310,1,1,2025,16,7,1,40,1,2,44,1,2,1,1,40,2291.2185,2310,1,1,1,0,still teacher
561400414842906,11,2024,16,1,18011,9,50,1,1,44,1,1,2,1,1,50,3194.4579,2310,1,1,2025,15,5,9,51,1,1,44,1,2,1,1,70,2998.9358,2722,1,0,0,1,other occupation
057442770111130,11,2024,15,3,18011,10,38,1,2,43,1,2,2,1,1,40,1034.8922,2310,1,1,2025,16,7,10,39,1,2,43,1,2,1,1,40,1187.4855,2310,1,1,1,0,still teacher
710087101620195,11,2024,11,3,18011,11,64,6,2,44,1,1,2,1,1,-4,376.4538,2310,1,1,2025,10,7,11,65,6,2,44,1,2,1,1,16,363.6396,2360,1,0,0,1,other occupation
002791301010013,11,2024,15,1,18011,12,36,1,2,44,1,1,2,1,1,40,5285.4325,2310,1,1,2025,16,5,12,38,1,2,44,1,2,1,1,50,4277.6848,2310,1,1,1,0,still teacher
760421743081824,11,2024,14,4,18011,12,61,1,1,43,1,1,2,1,1,40,4325.1632,2310,1,1,2025,12,8,12,62,1,1,43,1,2,1,5,-1,5538.222,-1,0,0,0,1,out of labor force
203120158247741,11,2024,13,4,18011,12,51,1,2,43,1,2,2,1,1,50,5273.2303,2320,1,1,2025,15,8,12,52,1,2,44,1,2,1,1,40,6732.5962,2320,1,1,1,0,still teacher
332060105990185,11,2024,15,3,18011,13,50,6,2,44,1,1,2,1,1,40,5540.3796,2310,1,1,2025,16,7,13,51,4,2,44,1,2,1,1,40,5205.0951,2310,1,1,1,0,still teacher
318608013269180,11,2024,16,4,18011,13,52,1,2,44,1,1,2,1,1,40,4674.7762,2310,1,1,2025,15,8,13,53,1,2,43,1,2,1,1,40,4754.2043,2310,1,1,1,0,still teacher
073252370620132,11,2024,10,1,18011,22,61,1,2,43,1,2,2,1,1,7,1719.2914,2320,1,1,2025,12,5,22,62,1,2,43,1,2,1,1,20,1526.47,205,1,0,0,1,other occupation
041296310820142,11,2024,14,3,18011,22,29,1,1,43,1,2,2,1,1,40,1973.1653,2320,1,1,2025,14,7,22,30,1,1,43,1,2,1,1,40,1704.5755,2310,1,1,1,0,still teacher
052062059214737,11,2024,16,1,18011,24,43,1,2,44,1,1,2,1,1,40,4416.461,2320,1,1,2025,16,5,24,44,1,2,44,1,2,1,1,45,9427.0503,2320,1,1,1,0,still teacher
171807200577372,11,2024,16,1,18011,25,53,1,2,44,1,1,2,1,1,20,3522.2387,2320,1,1,2025,16,5,25,54,1,2,44,1,2,1,1,20,4265.7622,2320,1,1,1,0,still teacher
770973124011561,11,2024,16,2,18011,36,47,1,2,44,1,1,2,1,1,45,4496.7216,2310,1,1,2025,16,6,36,48,1,2,44,1,2,1,1,40,5145.882,10,1,0,0,1,other occupation
260053391021290,11,2024,15,1,18011,39,33,1,1,44,1,1,2,1,1,40,6560.6271,2320,1,1,2025,15,5,39,33,1,1,44,1,2,1,1,35,6933.1512,2320,1,1,1,0,still teacher
829229073070015,11,2024,16,1,18011,39,55,1,2,44,1,2,2,1,1,55,5122.5953,2310,1,1,2025,15,5,39,56,1,2,44,1,2,1,2,55,5076.2887,2310,1,1,1,0,still teacher
440722071404620,11,2024,16,2,18011,42,38,1,2,43,1,2,2,1,1,32,3779.1661,2310,1,1,2025,16,6,42,39,1,2,43,1,2,1,1,35,4964.8919,2310,1,1,1,0,still teacher
782416532060011,11,2024,11,3,18111,22,40,6,2,43,2,1,2,1,1,40,1958.6978,2310,1,1,2025,12,7,22,41,6,2,43,2,2,1,1,40,2511.3827,2310,1,1,1,0,still teacher
090574051307399,11,2024,16,2,18111,34,54,1,2,43,1,2,2,1,1,35,4181.5846,2300,1,1,2025,16,6,34,55,1,2,43,1,2,1,1,35,4470.2872,2722,1,0,0,1,other occupation
092628730104154,11,2024,14,2,18011,4,67,4,2,43,1,1,2,1,1,45,5501.2831,2320,1,1,2025,14,6,4,68,4,2,43,1,2,1,1,30,4359.6522,2360,1,0,0,1,other occupation
941856091081907,11,2024,16,2,18011,6,54,1,2,43,1,2,1,1,1,40,3153.0764,2310,1,1,2025,16,6,6,55,1,2,43,1,1,1,1,40,3972.1706,2310,1,1,1,0,still teacher
003160009346641,11,2024,9,3,18012,6,62,4,2,44,1,1,2,5,1,40,3995.6226,2320,1,1,2025,14,7,6,63,4,2,44,1,2,5,1,40,4102.5956,2320,1,1,1,0,still teacher
080076035818878,11,2024,14,4,18011,8,34,6,1,44,1,1,2,1,1,50,4771.9596,2320,1,1,2025,14,8,8,35,6,1,43,1,2,1,1,50,5223.7842,2320,1,1,1,0,still teacher
080095050818594,11,2024,16,3,18011,8,47,1,2,44,1,2,2,1,1,40,4848.7087,2310,1,1,2025,16,7,8,47,1,2,44,1,2,1,1,40,4499.7335,2330,1,1,1,0,still teacher
070891567021553,11,2024,11,2,18011,15,36,4,2,42,5,1,2,1,1,40,919.4654,2310,1,1,2025,11,6,15,37,4,2,42,5,2,1,1,40,1226.119,2310,1,1,1,0,still teacher
186183391040012,11,2024,12,2,18011,16,63,4,2,43,1,1,2,1,1,40,878.9503,2310,1,1,2025,12,6,16,64,4,2,43,1,2,1,1,40,1234.6544,2310,1,1,1,0,still teacher
397956601000511,11,2024,14,3,18011,17,77,4,2,43,1,1,2,1,1,36,3762.5011,2320,1,1,2025,13,7,17,78,4,2,43,1,2,1,1,30,3816.1921,2320,1,1,1,0,still teacher
011052036417672,11,2024,12,1,18011,17,54,1,2,42,2,1,2,1,1,40,8619.4468,2300,1,1,2025,11,5,17,56,1,2,42,2,2,1,1,38,6926.8326,4600,1,0,0,1,other occupation
071400704248929,11,2024,14,2,18011,29,43,1,2,44,1,2,2,1,1,36,4092.8537,2300,1,1,2025,14,6,29,44,1,2,44,1,2,1,1,36,4827.4419,2300,1,1,1,0,still teacher
540329081209291,11,2024,14,3,18011,29,62,1,2,44,2,1,2,1,1,40,4884.0411,2310,1,1,2025,16,7,29,63,1,2,44,2,2,1,5,-1,6370.0453,-1,0,0,0,1,out of labor force
001110434789637,11,2024,13,1,18011,41,69,1,2,44,1,2,2,1,1,30,2166.3919,2310,1,1,2025,16,5,41,70,1,2,44,1,2,1,1,40,2429.9323,2320,1,1,1,0,still teacher
008180401971091,11,2024,15,1,18011,48,28,1,2,42,1,2,1,1,1,40,5261.8005,2310,1,1,2025,16,5,48,29,1,2,44,1,1,1,1,40,6375.8133,2310,1,1,1,0,still teacher
844506014315110,11,2024,15,4,18011,48,48,1,2,43,1,2,2,1,1,50,5556.5467,2310,1,1,2025,15,8,48,48,1,2,43,1,2,1,1,40,5479.6468,2310,1,1,1,0,still teacher
023255785000118,11,2024,1,3,18011,53,55,4,2,42,1,1,2,1,1,40,3762.1086,2310,1,1,2025,13,7,53,55,4,2,43,1,2,1,1,40,4166.9295,2310,1,1,1,0,still teacher
001150572740623,11,2024,14,1,18011,55,38,1,2,43,4,1,2,4,1,40,4111.3078,2300,1,1,2025,11,5,55,39,1,2,43,4,2,4,1,40,7228.8744,2360,1,0,0,1,other occupation
180820200602851,11,2024,16,1,18111,16,70,1,2,43,1,2,2,1,1,20,989.4484,2310,1,1,2025,3,5,16,71,1,2,43,1,2,1,5,-1,918.4193,-1,0,0,0,1,out of labor force
132202013206930,11,2024,13,4,18111,31,53,1,2,43,1,1,2,1,1,40,1391.2997,2310,1,1,2025,14,8,31,54,1,2,43,1,2,1,1,40,1409.007,2310,1,1,1,0,still teacher
074094073610754,11,2024,15,1,18111,40,68,1,2,43,1,1,2,1,1,40,2059.4982,2310,1,1,2025,14,5,40,69,1,2,43,1,2,1,1,40,2261.7539,2310,1,1,1,0,still teacher
067834842010011,11,2024,16,4,18011,27,24,4,2,40,1,2,2,1,1,33,5613.5503,2320,1,1,2025,15,8,27,25,4,2,40,1,2,1,1,33,6335.9428,2330,1,1,1,0,still teacher
067834842010011,11,2024,16,4,18011,27,24,1,2,40,1,4,2,1,1,34,5613.5503,2330,1,1,2025,15,8,27,25,1,2,40,1,2,1,1,33,6335.9428,2545,1,0,0,1,other occupation
031045083112159,11,2024,9,4,18011,12,23,6,1,43,1,2,1,1,1,40,4931.0816,2310,1,1,2025,14,8,12,24,6,1,43,1,1,1,1,40,8513.9325,2360,1,0,0,1,other occupation
041500463373715,11,2024,16,1,18011,17,23,6,2,42,1,1,1,1,1,27,5850.4784,2300,1,1,2025,8,5,17,24,6,2,40,1,1,1,1,40,8838.3102,2545,1,0,0,1,other occupation
710271061408806,11,2024,12,3,18011,41,30,6,1,40,1,2,2,1,1,40,3519.4811,2310,1,1,2025,12,7,41,30,6,1,39,1,2,1,1,40,1401.8827,4760,1,0,0,1,other occupation
980484214021121,11,2024,16,3,18011,42,23,6,2,43,1,4,2,1,1,40,5322.9819,2310,1,1,2025,16,7,42,25,6,2,43,1,2,1,1,40,6711.9126,2310,1,1,1,0,still teacher
000012057511256,9,2024,13,3,17011,1,25,1,2,43,1,2,2,1,1,40,3299.3161,2310,1,1,2025,13,7,1,26,1,2,43,1,2,1,1,-4,2643.2801,2330,1,1,1,0,still teacher
230602041106410,9,2024,15,1,18011,12,46,1,2,43,1,1,1,4,1,40,4093.3914,2300,1,1,2025,16,5,12,47,1,2,43,1,1,4,7,-1,5685.2259,-1,0,0,0,1,out of labor force
725080107705185,9,2024,13,1,18011,12,40,6,2,43,1,1,2,1,1,40,6085.1235,2310,1,1,2025,14,5,12,41,6,2,43,1,2,1,1,40,7403.635,2310,1,1,1,0,still teacher
063035860010163,9,2024,14,1,18011,13,73,3,2,43,1,1,2,1,1,8,5316.4826,2310,1,1,2025,14,5,13,74,3,2,43,1,2,1,5,-1,4676.0476,-1,0,0,0,1,out of labor force
190608900313841,9,2024,13,4,17011,13,61,1,2,43,2,1,2,1,1,35,4697.6891,2330,1,1,2025,12,8,13,62,1,2,43,2,2,1,1,40,5145.8694,2006,1,0,0,1,other occupation
075414180120124,9,2024,16,1,18011,24,36,1,2,43,1,1,2,1,1,40,4275.5618,2320,1,1,2025,16,5,24,37,1,2,43,1,2,1,1,40,4982.3662,2310,1,1,1,0,still teacher
815950232090015,9,2024,5,2,18011,25,61,4,2,43,1,1,2,1,1,33,2927.7489,2330,1,1,2025,16,6,25,62,4,2,43,1,2,1,1,32,2759.5515,2330,1,1,1,0,still teacher
231000506133829,9,2024,16,3,17011,28,70,1,2,43,1,1,2,1,1,-4,1035.6531,2320,1,1,2025,13,7,28,71,1,2,43,1,2,1,1,40,952.7936,2310,1,1,1,0,still teacher
731071109443384,9,2024,16,1,18011,33,46,1,2,44,1,2,2,1,1,50,1050.6045,2310,1,1,2025,16,5,33,47,1,2,44,1,2,1,1,50,1270.8654,2310,1,1,1,0,still teacher
050512220531113,9,2024,14,1,18011,33,58,6,2,44,1,1,2,1,1,50,985.5023,2310,1,1,2025,16,5,33,59,6,2,44,1,2,1,1,55,1160.5955,2310,1,1,1,0,still teacher
000140353894588,9,2024,16,3,17011,34,42,1,2,44,1,1,2,1,1,40,5541.2867,2310,1,1,2025,15,7,34,43,1,2,44,1,2,1,1,40,6530.7601,725,1,0,0,1,other occupation
637807111746050,9,2024,16,2,18011,36,43,1,2,44,1,2,2,1,1,40,5907.498,2310,1,1,2025,16,6,36,43,1,2,44,1,2,1,1,40,4998.9753,2310,1,1,1,0,still teacher
077842770230136,9,2024,15,1,18011,36,24,6,1,44,1,1,2,4,1,40,8158.8023,2310,1,1,2025,15,5,36,26,1,1,44,1,2,4,1,35,6585.044,2310,1,1,1,0,still teacher
082078110732156,9,2024,16,4,17011,36,31,4,2,43,3,2,2,1,2,35,8031.6602,2310,1,1,2025,16,8,36,32,4,2,43,3,2,1,1,35,7285.694,2360,1,0,0,1,other occupation
101178100629713,9,2024,15,1,18011,36,56,1,2,43,1,2,2,1,1,40,5544.8352,2310,1,1,2025,15,5,36,57,1,2,44,1,2,1,1,40,4615.2994,2310,1,1,1,0,still teacher
023059016217010,9,2024,9,3,17011,37,33,6,2,43,1,1,2,1,1,40,4787.1299,2310,1,1,2025,9,7,37,34,6,2,43,1,2,1,1,40,4180.5505,2310,1,1,1,0,still teacher
005170352223237,9,2024,12,1,18011,37,51,1,2,43,1,2,2,1,1,40,4038.1084,2310,1,1,2025,15,5,37,52,1,2,43,1,2,1,1,40,4836.4336,2310,1,1,1,0,still teacher
911500608528939,9,2024,10,3,17011,39,53,4,2,43,1,1,2,1,1,38,3833.4356,2310,1,1,2025,11,7,39,54,4,2,43,1,2,1,1,40,4357.3721,2545,1,0,0,1,other occupation
669622043090019,9,2024,12,4,17011,39,39,6,1,44,1,1,2,1,1,-4,3900.1251,2320,1,1,2025,13,8,39,39,6,1,44,1,2,1,1,40,4149.0399,2320,1,1,1,0,still teacher
931203014662480,9,2024,13,3,17011,39,38,1,2,44,1,1,2,1,1,40,3958.9278,2310,1,1,2025,14,7,39,39,1,2,44,1,2,1,1,40,5017.1226,2310,1,1,1,0,still teacher
540383390071790,9,2024,16,2,18011,39,39,1,2,40,1,2,2,1,1,20,3606.64,2310,1,1,2025,16,6,39,40,1,2,40,1,2,1,1,16,3389.9572,2360,1,0,0,1,other occupation
150212200945243,9,2024,13,4,17011,39,25,6,2,43,1,2,2,1,1,40,4644.596,2320,1,1,2025,14,8,39,27,6,2,43,1,2,1,1,40,6663.2166,2320,1,1,1,0,still teacher
170205900914323,9,2024,15,1,18011,39,34,1,2,44,1,1,2,1,1,60,6295.579,2310,1,1,2025,16,5,39,35,1,2,44,1,2,1,1,50,6614.576,2310,1,1,1,0,still teacher
249700015874990,9,2024,16,2,18011,42,58,1,2,44,1,1,2,1,1,50,4855.614,2330,1,1,2025,16,6,42,59,1,2,44,1,2,1,1,50,5765.4893,2330,1,1,1,0,still teacher
160654612001820,9,2024,15,4,17011,42,39,1,2,44,1,1,2,1,1,38,6516.2963,2320,1,1,2025,15,8,42,39,1,2,44,1,2,1,1,40,5263.4486,2310,1,1,1,0,still teacher
770402031406708,9,2024,15,3,17011,42,47,1,2,44,1,1,2,1,1,50,5024.3375,2310,1,1,2025,16,7,42,48,1,2,44,1,2,1,1,40,5056.2068,2310,1,1,1,0,still teacher
095568690843144,9,2024,14,4,17011,44,52,4,2,44,1,1,2,1,1,40,911.1838,2310,1,1,2025,14,8,44,53,4,2,44,1,2,1,1,40,940.6808,2310,1,1,1,0,still teacher
005089003210121,9,2024,15,4,17011,50,53,4,2,43,1,1,2,1,1,43,377.064,2310,1,1,2025,15,8,50,54,4,2,43,1,2,1,1,50,393.7721,2310,1,1,1,0,still teacher
005089003210121,9,2024,15,4,17011,50,49,4,2,43,1,2,2,1,1,43,349.9418,2310,1,1,2025,15,8,50,50,4,2,43,1,2,1,1,50,393.7721,2310,1,1,1,0,still teacher
001110051730234,9,2024,16,2,18111,1,50,1,2,44,3,1,2,1,1,25,2455.224,2320,1,1,2025,14,6,1,51,1,2,44,3,2,1,1,30,1800.9614,2320,1,1,1,0,still teacher
406060108213152,9,2024,16,1,18111,10,45,1,1,44,1,2,2,1,1,45,1131.9525,2310,1,1,2025,16,5,10,46,1,1,44,1,2,1,1,40,881.1495,2330,1,1,1,0,still teacher
000562620031020,9,2024,12,3,17111,22,45,4,2,43,1,1,2,1,1,50,1779.7309,2310,1,1,2025,13,7,22,46,4,2,43,1,2,1,1,40,1786.5941,2310,1,1,1,0,still teacher
092002077618542,9,2024,13,3,17111,28,38,6,1,43,1,2,2,1,1,40,1996.1901,2310,1,1,2025,14,7,28,39,6,1,43,1,2,1,1,40,2280.9736,2310,1,1,1,0,still teacher
606202017911030,9,2024,13,4,17011,6,29,1,2,44,1,1,2,1,1,40,5009.8281,2310,1,1,2025,16,8,6,30,1,2,44,1,2,1,1,40,5049.7533,2310,1,1,1,0,still teacher
081226040412585,9,2024,15,3,17011,12,68,1,1,43,2,2,2,1,1,40,4212.3166,2310,1,1,2025,14,7,12,69,1,1,43,2,2,1,1,50,3682.543,2310,1,1,1,0,still teacher
701600101231311,9,2024,16,2,18011,13,77,1,2,44,2,2,2,1,1,40,4400.8181,2310,1,1,2025,14,6,13,78,1,2,44,2,2,1,1,40,4059.5316,2310,1,1,1,0,still teacher
895175561050418,9,2024,14,3,17011,15,54,1,1,44,1,1,2,1,1,47,799.2213,2310,1,1,2025,15,7,15,55,1,1,44,1,2,1,1,40,809.9797,2310,1,1,1,0,still teacher
616503018908950,9,2024,14,4,17011,16,50,1,2,43,1,1,2,1,1,40,1161.8933,2310,1,1,2025,15,8,16,51,1,2,43,1,2,1,1,36,1226.3063,2310,1,1,1,0,still teacher
001122210210119,9,2024,16,2,18011,19,46,1,2,44,1,1,2,1,1,42,2917.4002,2310,1,1,2025,16,6,19,47,1,2,44,1,2,1,1,42,2227.8355,2350,1,0,0,1,other occupation
601081105492210,9,2024,13,2,18011,20,49,4,2,44,1,1,2,1,1,40,2105.7239,2310,1,1,2025,14,6,20,50,4,2,44,1,2,1,1,40,1794.9482,2330,1,1,1,0,still teacher
076396420521100,9,2024,15,2,18011,20,56,1,2,44,1,2,2,1,1,40,1934.5917,2320,1,1,2025,14,6,20,57,1,2,44,1,2,1,1,-4,1840.2434,2320,1,1,1,0,still teacher
371800927154623,9,2024,16,2,18011,26,45,1,1,44,1,1,2,1,1,40,3672.4971,2310,1,1,2025,16,6,26,47,1,1,44,1,2,1,1,40,4241.8643,2310,1,1,1,0,still teacher
521600226559921,9,2024,16,3,17011,29,56,1,2,44,1,2,2,1,1,40,4951.0678,2310,1,1,2025,16,7,29,57,1,2,44,1,2,1,1,40,3593.7203,2310,1,1,1,0,still teacher
063975330133142,9,2024,15,4,17011,32,35,1,2,43,1,2,2,1,2,36,2420.5282,2310,1,1,2025,16,8,32,36,1,2,43,1,2,1,1,36,1495.4081,2330,1,1,1,0,still teacher
460633271011171,9,2024,15,4,17011,37,66,1,2,44,1,2,2,1,2,8,3674.9213,2320,1,1,2025,15,8,37,67,1,2,44,1,2,1,1,24,4622.23,410,1,0,0,1,other occupation
556040101465427,9,2024,15,4,17011,45,52,1,2,43,1,2,2,1,1,-4,2833.9333,2310,1,1,2025,15,8,45,53,1,2,43,1,2,1,5,-1,2824.1597,-1,0,0,0,1,out of labor force
527650784000111,9,2024,13,4,17011,47,51,1,2,44,1,2,2,4,1,45,4179.7397,2310,1,1,2025,13,8,47,52,1,2,44,1,2,4,1,40,4161.2688,2320,1,1,1,0,still teacher
960191011506384,9,2024,16,4,17011,51,29,1,2,44,1,2,2,1,1,40,5110.3178,2320,1,1,2025,16,8,51,30,1,2,44,1,2,1,1,40,5654.2295,2310,1,1,1,0,still teacher
190674500191795,9,2024,14,2,18011,51,61,1,2,43,1,3,2,1,1,40,4054.7311,2310,1,1,2025,15,6,51,62,6,2,43,1,2,1,1,40,4132.8569,2722,1,0,0,1,other occupation
120895031502781,9,2024,16,2,18011,55,47,1,2,44,1,1,2,1,1,45,4355.2323,2320,1,1,2025,15,6,55,48,1,2,43,1,2,1,1,45,5261.0386,2310,1,1,1,0,still teacher
815659900080015,9,2024,15,4,17111,5,32,1,2,43,1,1,2,1,1,40,1665.1257,2300,1,1,2025,14,8,5,33,1,2,43,1,2,1,1,40,2358.0645,2310,1,1,1,0,still teacher
200150126190796,9,2024,13,3,17111,15,25,6,2,44,1,2,2,1,1,40,1063.6583,2310,1,1,2025,15,7,15,26,6,2,44,1,2,1,1,40,1043.284,2310,1,1,1,0,still teacher
041007057016754,9,2024,16,3,17111,16,62,1,2,44,1,2,2,1,1,45,1127.2176,2310,1,1,2025,11,7,16,63,1,2,44,1,2,1,5,-1,1110.7743,-1,0,0,0,1,out of labor force
220707016512810,9,2024,16,4,17111,22,55,2,2,44,1,1,2,1,1,40,2088.3737,2310,1,1,2025,16,8,22,56,2,2,43,1,2,1,1,40,2129.7723,2310,1,1,1,0,still teacher
055406016050370,9,2024,14,3,17111,50,44,1,2,44,1,1,2,1,1,60,445.8684,2320,1,1,2025,16,7,50,46,1,2,44,1,2,1,1,60,541.8016,2310,1,1,1,0,still teacher
135049600490420,9,2024,16,1,18011,4,38,1,1,44,2,2,2,1,1,40,11550.3365,2310,1,1,2025,16,5,4,39,1,1,44,2,2,1,1,40,11633.445,230,1,0,0,1,other occupation
486483350020012,9,2024,14,1,18011,6,28,1,2,44,1,2,1,1,1,50,4367.1281,2320,1,1,2025,14,5,6,29,1,2,44,1,1,1,1,40,4972.8774,2320,1,1,1,0,still teacher
262067127563024,9,2024,16,4,17011,6,41,1,2,44,1,1,1,5,1,40,5250.5041,2310,1,1,2025,16,8,6,42,1,2,45,1,1,5,1,40,4842.3567,2205,1,0,0,1,other occupation
660098124242053,9,2024,14,3,17011,6,36,1,2,43,1,2,1,1,1,38,4684.9733,2300,1,1,2025,13,7,6,37,1,2,43,1,1,1,3,-1,5144.3275,2300,0,0,0,1,unemployed
676584080000217,9,2024,16,4,17011,6,35,1,2,44,1,2,2,1,1,50,4562.8975,2320,1,1,2025,16,8,6,36,1,2,44,1,2,1,1,40,4531.6896,2320,1,1,1,0,still teacher
316915520060211,9,2024,16,2,18011,6,46,1,2,44,1,2,2,1,1,45,4464.0711,2310,1,1,2025,16,6,6,48,1,2,44,1,2,1,1,40,4818.1622,2310,1,1,1,0,still teacher
316915520060211,9,2024,16,2,18011,6,22,6,2,43,1,3,2,1,1,32,5318.1644,2310,1,1,2025,16,6,6,23,6,2,43,1,2,1,1,40,5534.7238,1430,1,0,0,1,other occupation
206160010319009,9,2024,16,1,18011,6,48,1,2,44,1,2,1,1,1,40,4046.9953,2310,1,1,2025,16,5,6,48,1,2,43,1,1,1,1,40,4677.9047,2310,1,1,1,0,still teacher
066072105417030,9,2024,14,2,18011,6,30,6,1,43,1,1,1,1,1,40,4498.2273,2310,1,1,2025,14,6,6,31,6,1,43,1,1,1,1,40,5414.2047,2320,1,1,1,0,still teacher
060144070516987,9,2024,16,3,17011,6,50,1,2,44,2,1,2,1,1,40,6596.9068,2330,1,1,2025,15,7,6,52,1,2,44,2,2,1,1,40,5617.0775,2310,1,1,1,0,still teacher
101375900683760,9,2024,14,1,18011,6,31,6,2,43,1,1,2,1,1,40,4507.0823,2310,1,1,2025,14,5,6,32,6,2,44,1,2,1,1,40,4508.4804,2310,1,1,1,0,still teacher
416842910070211,9,2024,15,4,17011,6,24,6,2,43,1,1,1,1,2,25,5622.0812,2310,1,1,2025,13,8,6,25,6,2,43,1,1,1,4,-1,5370.5799,2310,0,0,0,1,unemployed
040275073016687,9,2024,15,4,17011,6,49,4,2,44,1,1,2,1,1,50,3647.196,2310,1,1,2025,15,8,6,51,4,2,44,1,2,1,1,50,4505.0393,2310,1,1,1,0,still teacher
711000825977608,9,2024,15,1,18011,6,54,1,2,44,1,2,2,1,1,40,4261.6889,2310,1,1,2025,15,5,6,55,1,2,44,1,2,1,1,40,4143.9803,2310,1,1,1,0,still teacher
020018093216646,9,2024,16,2,18011,6,39,1,2,44,4,2,2,5,1,15,4042.206,2310,1,1,2025,2,6,6,40,1,2,44,4,2,5,1,16,7130.038,2360,1,0,0,1,other occupation
040003027016231,9,2024,11,1,18011,6,43,6,2,43,1,1,1,5,1,40,4460.6737,2310,1,1,2025,12,5,6,44,6,2,43,1,1,5,1,40,4151.5283,2310,1,1,1,0,still teacher
001160151751013,9,2024,16,4,17011,16,44,1,2,43,1,1,2,1,1,40,959.1418,2310,1,1,2025,16,8,16,45,1,2,43,1,2,1,1,40,1153.226,2310,1,1,1,0,still teacher
162090104729149,9,2024,14,2,18011,16,42,1,2,43,1,1,2,1,1,40,1006.1672,2310,1,1,2025,13,6,16,43,1,2,43,1,2,1,1,40,791.5855,2310,1,1,1,0,still teacher
293080107846162,9,2024,15,3,17011,19,48,4,2,44,1,1,2,1,1,50,3058.0384,2310,1,1,2025,16,7,19,50,4,2,44,1,2,1,1,45,3906.4744,2310,1,1,1,0,still teacher
725302014126740,9,2024,14,1,18011,27,38,6,1,44,1,1,2,1,1,40,4963.2826,2320,1,1,2025,14,5,27,39,6,1,44,1,2,1,1,40,5668.6955,2320,1,1,1,0,still teacher
520282941051290,9,2024,16,2,18011,29,24,6,1,43,1,4,2,1,2,40,3971.8768,2310,1,1,2025,16,6,29,24,6,1,44,1,2,1,1,45,5211.7884,2310,1,1,1,0,still teacher
008779560720179,9,2024,13,2,18011,29,72,3,1,44,1,1,2,1,1,-4,3518.2434,2310,1,1,2025,13,6,29,73,3,1,44,1,2,1,1,40,4307.646,4700,1,0,0,1,other occupation
072895260420159,9,2024,16,1,18011,29,27,6,2,44,1,5,2,1,1,40,5133.3133,2310,1,1,2025,16,5,29,28,6,2,44,1,2,1,1,40,4814.5074,2310,1,1,1,0,still teacher
001190283179854,9,2024,14,3,17011,29,41,1,2,44,1,2,2,1,1,40,6117.2458,2310,1,1,2025,15,7,29,42,1,2,44,1,2,1,1,40,5058.1986,2310,1,1,1,0,still teacher
698071104292285,9,2024,15,2,18011,29,28,1,2,44,1,2,2,1,1,40,4408.0647,2310,1,1,2025,15,6,29,28,1,2,44,1,2,1,1,40,3529.2708,2310,1,1,1,0,still teacher
161184393040019,9,2024,12,4,17011,31,52,1,2,43,1,1,2,1,1,40,1441.9315,2300,1,1,2025,11,8,31,53,1,2,43,1,2,1,1,40,1465.2139,2300,1,1,1,0,still teacher
660092011363914,9,2024,15,1,18011,32,24,6,2,43,1,3,2,1,1,40,2743.5048,2310,1,1,2025,15,5,32,25,6,2,43,1,2,1,1,40,2346.0799,2310,1,1,1,0,still teacher
001150348766244,9,2024,16,3,17011,35,56,1,2,44,1,2,2,1,1,60,1594.444,2310,1,1,2025,16,7,35,57,1,2,44,1,2,1,1,65,1222.2304,2300,1,1,1,0,still teacher
055272113050015,9,2024,15,3,17011,35,35,1,2,44,1,2,2,1,1,40,1445.1045,2310,1,1,2025,16,7,35,36,1,2,44,1,2,1,1,40,1300.4227,2310,1,1,1,0,still teacher
053332039618688,9,2024,16,3,17011,38,48,1,2,44,1,1,2,1,1,50,568.7585,2300,1,1,2025,16,7,38,49,1,2,44,1,2,1,1,55,556.0118,2310,1,1,1,0,still teacher
950624559051210,9,2024,14,3,17011,41,27,1,2,44,1,1,2,1,1,40,3448.8214,2300,1,1,2025,14,7,41,28,1,2,44,1,2,1,1,40,3086.4131,2300,1,1,1,0,still teacher
110817800141124,9,2024,15,4,17011,41,47,1,1,45,1,1,2,1,1,50,2445.4122,2320,1,1,2025,16,8,41,48,1,1,44,1,2,1,1,50,2329.0261,2310,1,1,1,0,still teacher
110817800141124,9,2024,15,4,17011,41,43,1,2,45,1,4,2,1,1,45,2441.3712,2310,1,1,2025,16,8,41,44,1,2,44,1,2,1,1,40,2308.9536,2310,1,1,1,0,still teacher
006160430328548,9,2024,15,3,17011,46,36,1,1,44,1,1,2,1,1,-4,563.6007,2310,1,1,2025,15,7,46,38,1,1,44,1,2,1,1,-4,840.3072,2310,1,1,1,0,still teacher
667080103871479,9,2024,14,1,18011,46,38,1,2,44,1,2,2,1,1,40,808.4724,2310,1,1,2025,15,5,46,39,1,2,44,1,2,1,1,-4,725.6142,2330,1,1,1,0,still teacher
006180440848153,9,2024,15,4,17011,48,31,1,2,43,1,2,2,1,1,40,5239.8647,2310,1,1,2025,15,8,48,32,1,2,43,1,2,1,1,40,4765.8569,2310,1,1,1,0,still teacher
921200402796848,9,2024,15,2,18011,48,47,1,2,42,4,1,2,5,1,42,4154.3815,2310,1,1,2025,16,6,48,48,1,2,43,4,2,5,1,40,4850.3139,2310,1,1,1,0,still teacher
921200402796848,9,2024,15,2,18011,48,20,6,2,40,4,4,2,5,1,24,6535.713,2320,1,1,2025,16,6,48,21,6,2,40,4,2,5,1,40,7024.7278,3649,1,0,0,1,other occupation
840302417947840,9,2024,12,3,17011,48,40,1,2,43,4,1,2,4,1,14,4292.9447,2300,1,1,2025,16,7,48,41,1,2,43,4,2,4,1,15,3317.4371,2300,1,1,1,0,still teacher
195713970943178,9,2024,12,2,18011,48,46,4,1,44,1,1,2,4,1,38,4433.4166,2310,1,1,2025,11,6,48,48,4,1,44,1,2,4,1,37,4841.1261,2330,1,1,1,0,still teacher
845207117426070,9,2024,16,2,18011,48,51,1,2,44,1,1,2,1,1,40,4654.6371,2320,1,1,2025,16,6,48,52,2,2,44,1,2,1,1,40,5108.9267,2310,1,1,1,0,still teacher
121300825950846,9,2024,15,2,18011,48,52,3,2,44,1,1,2,1,1,50,4149.3477,2310,1,1,2025,15,6,48,53,3,2,44,1,2,1,1,40,5048.1085,2310,1,1,1,0,still teacher
820998041427430,9,2024,13,2,18011,48,27,6,2,43,1,1,2,1,1,80,5598.0983,2320,1,1,2025,13,6,48,28,6,2,43,1,2,1,1,60,5145.4043,2310,1,1,1,0,still teacher
103180444204892,9,2024,12,4,17011,48,30,1,2,44,1,1,2,1,1,30,5239.8647,2310,1,1,2025,14,8,48,31,1,2,44,1,2,1,1,40,4765.8569,2205,1,0,0,1,other occupation
103180444204892,9,2024,12,4,17011,48,33,1,1,44,1,2,2,1,1,40,5250.5747,2310,1,1,2025,14,8,48,34,1,1,44,1,2,1,1,40,4182.1335,2310,1,1,1,0,still teacher
490219061435947,9,2024,12,4,17011,49,45,1,2,40,1,2,2,1,1,29,1816.7299,2310,1,1,2025,13,8,49,46,1,2,40,1,2,1,1,29,1605.3581,2545,1,0,0,1,other occupation
536040101405527,9,2024,15,4,17011,53,54,1,1,44,1,1,2,1,1,45,3544.8257,2320,1,1,2025,15,8,53,56,1,1,44,1,2,1,1,40,3122.9594,2310,1,1,1,0,still teacher
536040101405527,9,2024,15,4,17011,53,55,1,2,44,1,2,2,1,1,20,3148.3118,2310,1,1,2025,15,8,53,56,1,2,44,1,2,1,2,30,3473.6334,2310,1,1,1,0,still teacher
203130543248252,9,2024,15,2,18011,53,34,1,2,44,1,2,2,1,1,20,4295.6865,2300,1,1,2025,16,6,53,35,1,2,44,1,2,1,1,20,5039.5353,2300,1,1,1,0,still teacher
916978025030214,9,2024,16,3,17011,56,45,1,2,41,1,2,2,1,1,40,448.171,2300,1,1,2025,15,7,56,45,1,2,41,1,2,1,1,40,375.4878,9005,1,0,0,1,other occupation
085207014316992,9,2024,14,3,17011,56,35,1,2,44,1,1,2,1,1,40,339.5352,2320,1,1,2025,15,7,56,36,1,2,44,1,2,1,1,40,372.3373,2320,1,1,1,0,still teacher
900516061506065,9,2024,15,2,18011,56,55,1,1,44,1,1,2,1,1,40,403.7827,2320,1,1,2025,16,6,56,56,1,1,44,1,2,1,1,40,493.0179,2310,1,1,1,0,still teacher
011062050500122,9,2024,10,3,17111,2,34,6,2,43,7,1,2,1,1,45,739.6256,2300,1,1,2025,14,7,2,34,6,2,43,7,2,1,2,40,591.6821,4600,1,0,0,1,other occupation
065378820110146,9,2024,15,1,18111,16,57,1,2,43,1,2,2,1,1,40,932.7044,2310,1,1,2025,15,5,16,57,1,2,43,1,2,1,1,40,934.6065,2310,1,1,1,0,still teacher
151838800071883,9,2024,15,4,17111,30,54,4,2,44,1,1,2,1,1,50,579.6548,2310,1,1,2025,15,8,30,55,4,2,44,1,2,1,1,40,544.4574,2310,1,1,1,0,still teacher
151838800071883,9,2024,15,4,17111,30,28,6,1,43,1,2,2,1,1,60,659.6086,2310,1,1,2025,15,8,30,29,6,1,43,1,2,1,1,40,874.5679,2310,1,1,1,0,still teacher
191701423060011,9,2024,15,2,18111,31,57,1,2,43,1,1,2,1,1,50,1264.5658,2310,1,1,2025,15,6,31,59,1,2,44,1,2,1,1,55,1523.7798,2320,1,1,1,0,still teacher
260092011313954,9,2024,15,2,18111,32,39,1,2,44,1,2,2,1,1,40,2745.6311,2300,1,1,2025,16,6,32,40,1,2,44,1,2,1,1,40,2679.9298,2300,1,1,1,0,still teacher
406060108283452,9,2024,12,4,17111,40,63,2,2,43,1,1,2,1,1,40,2147.0185,2310,1,1,2025,12,8,40,64,2,2,43,1,2,1,1,40,2445.6945,2310,1,1,1,0,still teacher
140666400172444,9,2024,14,2,18111,41,66,6,1,44,1,1,2,1,1,4,2361.9262,2320,1,1,2025,14,6,41,67,6,1,44,1,2,1,1,20,1957.9164,2320,1,1,1,0,still teacher
101160535917059,9,2024,14,4,17111,56,37,1,1,43,1,1,2,1,1,40,407.1587,2310,1,1,2025,14,8,56,38,1,1,43,1,2,1,1,50,355.3306,2001,1,0,0,1,other occupation
082935850250156,9,2024,15,4,17111,56,61,1,2,43,1,1,2,1,1,40,381.4355,2320,1,1,2025,15,8,56,62,1,2,43,1,2,1,1,40,426.9491,2310,1,1,1,0,still teacher
700602011119913,9,2024,14,3,17011,12,32,6,2,43,1,3,2,1,1,35,6728.7636,2310,1,1,2025,13,7,12,33,6,2,43,1,2,1,1,35,6875.0738,2310,1,1,1,0,still teacher
810591368031824,9,2024,15,1,18011,12,49,1,2,43,1,1,1,1,1,40,4048.9974,2320,1,1,2025,14,5,12,50,1,2,43,1,1,1,1,40,4640.6534,2752,1,0,0,1,other occupation
660062051149928,9,2024,10,2,18011,12,25,6,2,43,1,2,1,5,1,40,5873.7616,2320,1,1,2025,8,6,12,26,6,2,39,1,1,5,4,-1,5921.7883,9620,0,0,0,1,unemployed
951800416797217,9,2024,15,1,18011,12,52,1,2,43,1,1,2,1,1,40,4386.1847,2320,1,1,2025,14,5,12,53,1,2,43,1,2,1,1,40,5031.3051,2310,1,1,1,0,still teacher
060185940810143,9,2024,13,4,17011,13,46,6,2,44,1,1,2,1,1,40,6914.3836,2320,1,1,2025,13,8,13,47,6,2,44,1,2,1,1,40,5691.6892,2310,1,1,1,0,still teacher
001130128378270,9,2024,16,3,17011,13,46,5,1,45,2,1,2,1,1,40,7645.2359,2310,1,1,2025,16,7,13,47,5,1,44,2,2,1,1,50,6927.5083,2310,1,1,1,0,still teacher
923542701060010,9,2024,16,4,17011,13,37,1,2,43,1,2,2,1,1,45,5530.8751,2310,1,1,2025,16,8,13,38,1,2,43,1,2,1,1,45,5023.8596,2310,1,1,1,0,still teacher
673732021000015,9,2024,16,2,18011,13,37,1,2,43,1,2,2,1,1,0,5126.5471,2310,1,1,2025,15,6,13,37,1,2,43,1,2,1,1,10,4248.9861,410,1,0,0,1,other occupation
062038047313251,9,2024,15,2,18011,23,47,1,1,43,1,2,2,1,1,40,1608.6882,2310,1,1,2025,15,6,23,48,1,1,43,1,2,1,1,40,1864.6999,2320,1,1,1,0,still teacher
800633061205983,9,2024,14,1,18011,23,61,1,2,44,1,2,2,3,2,40,1239.3581,2310,1,1,2025,14,5,23,62,1,2,43,1,2,3,1,40,1248.1387,2320,1,1,1,0,still teacher
424807017292190,9,2024,16,3,17011,24,37,1,1,44,1,1,2,1,1,40,4418.3515,2320,1,1,2025,16,7,24,38,1,1,44,1,2,1,1,40,5423.4689,2310,1,1,1,0,still teacher
290712687041751,9,2024,16,2,18011,25,26,6,2,42,1,2,2,1,1,40,3135.8818,2310,1,1,2025,16,6,25,27,6,2,44,1,2,1,1,40,2876.239,2310,1,1,1,0,still teacher
024435500431153,9,2024,16,4,17011,33,64,1,2,44,1,2,2,1,1,18,1159.9737,2310,1,1,2025,15,8,33,65,1,2,44,1,2,1,1,15,1147.7321,9640,1,0,0,1,other occupation
006140383316441,9,2024,14,2,18011,34,46,4,1,43,1,1,2,1,1,40,4272.5753,2310,1,1,2025,14,6,34,47,4,1,43,1,2,1,1,40,4188.7637,8555,1,0,0,1,other occupation
073217063416058,9,2024,9,2,18011,36,29,1,2,39,1,1,2,1,1,20,6374.6045,2300,1,1,2025,11,6,36,30,1,2,39,1,2,1,1,20,4926.8067,2300,1,1,1,0,still teacher
450226031309978,9,2024,16,2,18011,36,54,1,2,44,1,1,2,1,1,40,3958.5326,2330,1,1,2025,16,6,36,55,1,2,44,1,2,1,1,37,4725.0621,2310,1,1,1,0,still teacher
043067057017754,9,2024,13,3,17011,37,65,1,2,40,1,1,2,1,1,25,3703.6816,2310,1,1,2025,12,7,37,66,1,2,41,1,2,1,1,28,3783.8886,2360,1,0,0,1,other occupation
053087065317704,9,2024,15,4,17011,37,45,1,1,44,8,1,2,1,1,40,4341.3538,2320,1,1,2025,15,8,37,46,1,1,44,8,2,1,1,40,4269.3387,2320,1,1,1,0,still teacher
120153956081870,9,2024,15,4,17011,37,30,1,2,43,1,2,2,1,1,40,6009.1534,2310,1,1,2025,13,8,37,31,1,2,43,1,2,1,1,40,6523.3927,2310,1,1,1,0,still teacher
093053025717287,9,2024,13,3,17011,37,51,6,2,46,2,1,2,1,1,40,6457.0784,2300,1,1,2025,14,7,37,52,6,2,46,2,2,1,1,40,5717.6008,2310,1,1,1,0,still teacher
872002101326366,9,2024,15,3,17011,37,39,1,2,44,1,2,2,1,1,40,4179.939,2310,1,1,2025,14,7,37,40,1,2,44,1,2,1,1,40,4246.4966,2330,1,1,1,0,still teacher
026874250031119,9,2024,16,1,18011,39,45,1,2,44,1,2,2,1,1,40,6122.8196,2310,1,1,2025,16,5,39,46,1,2,44,1,2,1,1,50,5163.9838,2320,1,1,1,0,still teacher
890149071309419,9,2024,16,1,18011,39,58,1,1,44,1,1,2,1,1,21,6252.2562,2310,1,1,2025,16,5,39,59,1,1,44,1,2,1,1,22,6195.6511,2310,1,1,1,0,still teacher
180830800961993,9,2024,15,1,18011,39,31,1,2,43,1,2,2,1,1,40,6375.5873,2310,1,1,2025,15,5,39,32,1,2,43,1,2,1,1,40,6090.7413,2310,1,1,1,0,still teacher
034324005314427,9,2024,15,3,17011,44,38,1,2,44,1,1,2,1,1,40,1307.0809,2300,1,1,2025,16,7,44,39,1,2,44,1,2,1,1,40,1440.7792,2300,1,1,1,0,still teacher
074089039415296,9,2024,15,1,18011,45,31,1,2,44,1,2,2,1,1,40,3867.9126,2310,1,1,2025,15,5,45,32,1,2,44,1,2,1,1,40,3342.5526,2320,1,1,1,0,still teacher
120655031400256,9,2024,16,3,17011,45,46,1,2,44,1,1,2,1,1,40,3850.1445,2310,1,1,2025,16,7,45,47,1,2,44,1,2,1,1,40,3159.1325,2310,1,1,1,0,still teacher
065031027511133,9,2024,16,1,18011,51,55,1,1,44,1,1,2,1,1,40,3734.4324,2320,1,1,2025,15,5,51,56,1,1,44,1,2,1,1,40,5107.4025,2320,1,1,1,0,still teacher
065031027511133,9,2024,16,1,18011,51,50,1,2,44,1,4,2,1,1,40,4733.2951,2320,1,1,2025,15,5,51,51,1,2,44,1,2,1,1,40,5248.5168,2555,1,0,0,1,other occupation
008110527327227,9,2024,13,1,18011,51,29,6,2,43,1,1,2,1,1,40,4882.3866,2310,1,1,2025,13,5,51,30,6,2,43,1,2,1,1,40,3651.4657,2310,1,1,1,0,still teacher
108202019950420,9,2024,8,3,17111,1,62,1,2,43,2,2,2,1,1,40,2836.2185,2300,1,1,2025,8,7,1,63,1,2,43,2,2,1,1,40,2583.2949,4600,1,0,0,1,other occupation
350251021165744,9,2024,15,2,18111,11,58,4,1,44,1,1,2,1,1,40,526.71,2320,1,1,2025,15,6,11,59,4,1,44,1,2,1,1,60,460.9613,2320,1,1,1,0,still teacher
395824832070016,9,2024,16,3,17111,25,38,1,2,44,1,1,2,1,1,40,2803.2684,2330,1,1,2025,15,7,25,39,1,2,45,1,2,1,1,40,4049.2929,1010,1,0,0,1,other occupation
006150277820737,9,2024,16,1,18111,25,60,1,1,43,1,1,2,1,1,40,3540.9427,2320,1,1,2025,16,5,25,61,1,1,43,1,2,1,1,40,3043.8053,2320,1,1,1,0,still teacher
447021108078525,9,2024,15,2,18111,54,48,1,1,43,1,2,2,1,1,40,806.0628,2310,1,1,2025,16,6,54,49,1,1,43,1,2,1,1,80,911.0597,2310,1,1,1,0,still teacher
211300817698600,9,2024,11,3,17011,6,35,1,2,43,1,2,2,1,1,24,3984.833,2310,1,1,2025,14,7,6,37,1,2,43,1,2,1,1,24,5024.5859,2310,1,1,1,0,still teacher
601803218478570,9,2024,16,4,17011,6,50,1,2,43,1,2,2,1,1,27,4005.2772,2300,1,1,2025,16,8,6,51,1,2,43,1,2,1,1,28,4684.5039,2300,1,1,1,0,still teacher
000361090916110,9,2024,15,4,17011,6,36,1,2,44,1,2,2,1,2,40,4651.9651,2300,1,1,2025,16,8,6,38,1,2,44,1,2,1,1,40,4576.6083,2300,1,1,1,0,still teacher
890316061028138,9,2024,11,3,17011,6,72,6,1,43,2,1,2,1,1,9,4129.6465,2300,1,1,2025,8,7,6,73,6,1,43,2,2,1,1,9,4449.8053,2300,1,1,1,0,still teacher
060038061618255,9,2024,15,4,17011,8,41,1,2,43,1,2,2,1,1,40,4893.0034,2310,1,1,2025,15,8,8,42,1,2,43,1,2,1,1,40,3858.6005,2310,1,1,1,0,still teacher
131265600270991,9,2024,15,4,17011,12,45,1,1,43,1,2,2,1,1,50,4922.8277,2310,1,1,2025,16,8,12,46,1,1,43,1,2,1,1,40,6030.9863,2320,1,1,1,0,still teacher
070321161011130,9,2024,15,2,18011,13,62,1,2,44,1,1,2,1,1,30,3187.3765,2310,1,1,2025,14,6,13,64,1,2,44,1,2,1,5,-1,3793.1412,-1,0,0,0,1,out of labor force
714401014189620,9,2024,13,3,17011,17,32,1,2,44,1,2,2,1,1,40,5069.6576,2310,1,1,2025,13,7,17,33,1,2,44,1,2,1,1,47,5315.317,2310,1,1,1,0,still teacher
040360620110148,9,2024,12,2,18011,18,40,6,2,43,1,1,2,1,1,40,4109.7968,2310,1,1,2025,12,6,18,41,6,2,43,1,2,1,1,40,3756.4631,2310,1,1,1,0,still teacher
960633488051561,9,2024,15,2,18011,36,23,6,2,43,1,2,2,1,1,40,5870.1272,2310,1,1,2025,15,6,36,24,6,2,43,1,2,1,1,40,6290.2132,2310,1,1,1,0,still teacher
008020103770420,9,2024,13,2,18011,40,25,6,1,40,1,3,2,1,1,40,2865.605,2300,1,1,2025,14,6,40,27,6,1,42,1,2,1,1,40,2471.8725,4600,1,0,0,1,other occupation
670342051409844,9,2024,16,4,17011,42,41,1,1,44,1,1,2,1,1,40,7062.1029,2310,1,1,2025,16,8,42,42,1,1,44,1,2,1,1,40,7642.9575,2320,1,1,1,0,still teacher
051078720641108,9,2024,13,3,17011,48,30,6,2,43,1,1,2,1,1,40,5607.0809,2310,1,1,2025,13,7,48,31,6,2,43,1,2,1,1,40,4614.872,2310,1,1,1,0,still teacher
028897304000019,9,2024,14,3,17011,48,60,1,2,43,1,2,2,1,1,50,4163.6096,2310,1,1,2025,14,7,48,61,1,2,43,1,2,1,1,50,3442.9269,2310,1,1,1,0,still teacher
311087107285190,9,2024,13,3,17111,11,27,6,2,43,2,1,2,1,2,42,941.9368,2310,1,1,2025,14,7,11,28,6,2,43,2,2,1,1,42,685.6854,2360,1,0,0,1,other occupation
680812514070016,9,2024,16,3,17111,40,31,1,2,43,1,2,2,1,1,25,3320.7191,2310,1,1,2025,16,7,40,32,1,2,43,1,2,1,1,30,3181.3949,2310,1,1,1,0,still teacher
209501212205740,9,2024,14,3,17011,2,54,6,2,44,1,1,2,1,1,37,532.2174,2320,1,1,2025,14,7,2,54,6,2,44,1,2,1,1,37,603.5858,2722,1,0,0,1,other occupation
010600031914646,9,2024,13,3,17011,4,43,4,2,44,1,1,2,1,1,40,3947.6692,2310,1,1,2025,13,7,4,44,4,2,44,1,2,1,1,40,3317.9854,2310,1,1,1,0,still teacher
350460757041650,9,2024,12,2,18011,5,27,6,2,43,1,1,2,1,1,40,2014.1719,2310,1,1,2025,12,6,5,28,6,2,43,1,2,1,1,40,2272.4726,2310,1,1,1,0,still teacher
841786061095503,9,2024,9,1,18011,6,20,6,2,40,1,11,1,1,1,20,5983.6692,2320,1,1,2025,4,5,6,22,6,2,42,1,1,1,1,20,5450.8653,4600,1,0,0,1,other occupation
342856091011957,9,2024,16,2,18011,6,32,6,2,43,7,2,2,1,1,40,4560.5679,2310,1,1,2025,13,6,6,33,6,2,43,7,2,1,1,40,5818.742,2310,1,1,1,0,still teacher
397956601000511,9,2024,14,1,18011,17,77,4,2,43,1,1,2,1,1,30,3833.4081,2320,1,1,2025,13,5,17,78,4,2,43,1,2,1,1,36,3677.7139,2320,1,1,1,0,still teacher
911100408314716,9,2024,13,2,18011,17,35,6,2,44,1,1,2,1,1,45,4210.0588,2310,1,1,2025,13,6,17,36,6,2,44,1,2,1,1,40,4111.9587,2300,1,1,1,0,still teacher
290317031109864,9,2024,15,1,18011,17,40,1,2,44,1,2,2,1,1,40,4496.3881,2310,1,1,2025,15,5,17,40,1,2,44,1,2,1,1,40,4327.1408,2310,1,1,1,0,still teacher
001170167319846,9,2024,14,3,17011,17,52,6,2,44,1,1,2,1,1,40,4467.6001,2310,1,1,2025,13,7,17,52,6,2,44,1,2,1,1,40,4710.4543,2310,1,1,1,0,still teacher
083728470110108,9,2024,15,3,17011,18,39,1,2,44,1,1,2,1,1,45,3581.8913,2310,1,1,2025,14,7,18,40,1,2,44,1,2,1,1,45,4045.6188,2310,1,1,1,0,still teacher
120085100842151,9,2024,13,2,18011,18,30,6,2,43,1,2,1,1,1,40,5496.754,2330,1,1,2025,14,6,18,31,6,2,43,1,1,1,1,45,6478.1619,2310,1,1,1,0,still teacher
813000111947610,9,2024,7,1,18011,18,24,6,2,39,1,1,1,5,1,30,7237.3631,2300,1,1,2025,1,5,18,25,6,2,39,1,1,5,1,30,6763.6685,5400,1,0,0,1,other occupation
328556991090014,9,2024,16,3,17011,18,39,1,2,44,1,1,2,1,1,40,3361.1648,2310,1,1,2025,16,7,18,40,1,2,44,1,2,1,1,40,3701.8511,2310,1,1,1,0,still teacher
109962731050017,9,2024,15,1,18011,19,39,1,1,44,1,1,2,1,1,-4,3165.1266,2320,1,1,2025,15,5,19,40,1,1,44,1,2,1,1,40,3246.9905,2310,1,1,1,0,still teacher
610620051214847,9,2024,11,3,17011,20,21,6,2,40,1,1,2,1,1,40,2250.9817,2300,1,1,2025,9,7,20,22,6,2,42,1,2,1,1,40,2382.6957,4600,1,0,0,1,other occupation
011247890220136,9,2024,16,3,17011,26,51,1,2,43,1,2,2,1,1,40,4249.1217,2310,1,1,2025,16,7,26,52,1,2,43,1,2,1,1,40,4326.6659,2310,1,1,1,0,still teacher
240136011202557,9,2024,16,2,18011,26,61,1,2,46,1,2,2,1,1,50,4228.8806,2330,1,1,2025,16,6,26,61,1,2,46,1,2,1,1,55,4198.7862,2310,1,1,1,0,still teacher
140840500778382,9,2024,15,1,18011,27,37,1,2,44,1,1,2,1,1,40,4804.7499,2320,1,1,2025,15,5,27,38,1,2,44,1,2,1,1,40,5673.9074,2320,1,1,1,0,still teacher
001190276248136,9,2024,15,2,18011,29,36,1,2,40,1,2,2,1,1,40,3952.4843,2300,1,1,2025,14,6,29,37,1,2,40,1,2,1,1,40,4804.486,3422,1,0,0,1,other occupation
083151044211856,9,2024,15,2,18011,31,55,1,2,44,1,1,2,1,1,40,1428.3381,2320,1,1,2025,16,6,31,56,1,2,44,1,2,1,1,40,1481.7336,2310,1,1,1,0,still teacher
033240053515434,9,2024,16,3,17011,35,33,1,1,43,1,2,1,1,1,40,2079.5599,2320,1,1,2025,16,7,35,33,1,1,43,1,1,1,1,37,1473.7869,2320,1,1,1,0,still teacher
843513913987620,9,2024,14,4,17011,48,34,1,2,43,2,2,2,1,1,40,6026.7527,2310,1,1,2025,14,8,48,35,1,2,43,2,2,1,1,40,5999.2693,2310,1,1,1,0,still teacher
311100505144846,9,2024,14,2,18011,48,61,1,2,43,1,1,2,1,1,-4,4868.148,2310,1,1,2025,13,6,48,62,1,2,43,1,2,1,1,-4,4458.8647,2360,1,0,0,1,other occupation
641000601155844,9,2024,15,4,17011,48,51,1,2,43,1,2,2,1,1,40,4187.1408,2310,1,1,2025,15,8,48,52,1,2,43,1,2,1,1,40,4144.2352,2310,1,1,1,0,still teacher
120168600851474,9,2024,7,4,17011,48,62,3,2,43,1,1,2,1,1,16,4710.8138,2310,1,1,2025,8,8,48,63,3,2,43,1,2,1,1,-4,4631.2141,2360,1,0,0,1,other occupation
961300706299843,9,2024,16,2,18011,48,40,1,2,43,1,2,2,1,1,40,5345.9704,2310,1,1,2025,16,6,48,41,1,2,43,1,2,1,1,45,4462.9314,2310,1,1,1,0,still teacher
470429081412142,9,2024,15,2,18011,49,56,1,2,44,1,3,2,1,1,40,1748.1359,2310,1,1,2025,16,6,49,56,1,2,44,1,2,1,1,40,2087.6982,2310,1,1,1,0,still teacher
095202061513601,9,2024,16,1,18011,53,25,6,1,44,1,3,2,1,1,40,4410.9086,2330,1,1,2025,16,5,53,26,6,1,43,1,2,1,1,40,4362.0273,2310,1,1,1,0,still teacher
095202061513601,9,2024,16,1,18011,53,21,6,2,40,1,4,2,1,1,40,6042.802,2310,1,1,2025,16,5,53,22,6,2,40,1,2,1,1,40,5134.0502,2300,1,1,1,0,still teacher
018147470250175,9,2024,16,4,17011,55,61,1,2,44,1,2,2,1,1,40,4280.313,2330,1,1,2025,14,8,55,62,1,2,43,1,2,1,1,40,3718.9182,2310,1,1,1,0,still teacher
953040107972532,9,2024,15,2,18011,55,29,1,2,44,1,1,2,1,1,30,4621.7984,2310,1,1,2025,15,6,55,30,1,2,44,1,2,1,1,30,4938.2679,2320,1,1,1,0,still teacher
004100346536107,9,2024,12,1,18111,30,47,4,2,44,1,1,2,1,1,40,538.9284,2310,1,1,2025,11,5,30,48,4,2,44,1,2,1,1,40,470.8994,2310,1,1,1,0,still teacher
534401312277570,9,2024,15,4,17111,35,33,6,2,44,4,3,2,5,1,20,1095.4635,2310,1,1,2025,14,8,35,34,1,2,44,4,2,5,7,-1,1765.6079,-1,0,0,0,1,out of labor force
024075012510043,9,2024,12,2,18111,40,56,4,2,43,1,1,2,1,1,35,2939.1931,2310,1,1,2025,12,6,40,57,4,2,43,1,2,1,1,35,2747.4219,2320,1,1,1,0,still teacher
106202019211030,9,2024,15,3,17011,1,50,1,2,43,1,1,2,1,1,40,1973.1688,2310,1,1,2025,16,7,1,51,1,2,43,1,2,1,1,40,2143.4686,2310,1,1,1,0,still teacher
141264300904140,9,2024,16,3,17011,9,48,1,2,44,1,1,2,1,1,40,3401.2693,2310,1,1,2025,16,7,9,49,1,2,44,1,2,1,1,40,3715.3715,2330,1,1,1,0,still teacher
141264300904140,9,2024,16,3,17011,9,47,1,1,44,1,2,2,1,1,40,3110.7544,2310,1,1,2025,16,7,9,48,1,1,44,1,2,1,1,40,3885.5251,2310,1,1,1,0,still teacher
721700619623906,9,2024,16,1,18011,9,42,1,1,44,1,1,2,1,1,40,2778.8023,2310,1,1,2025,16,5,9,43,1,1,44,1,2,1,1,45,2408.1611,2320,1,1,1,0,still teacher
721700619623906,9,2024,16,1,18011,9,41,1,2,44,1,2,2,1,1,40,3239.0246,2310,1,1,2025,16,5,9,43,1,2,44,1,2,1,1,40,3508.8613,2320,1,1,1,0,still teacher
024999570511172,9,2024,14,4,17011,12,34,1,2,39,1,1,2,1,1,40,4832.2318,2300,1,1,2025,14,8,12,35,1,2,39,1,2,1,1,40,5120.5706,2300,1,1,1,0,still teacher
480551219061822,9,2024,16,4,17011,12,55,1,2,43,1,1,2,1,1,40,5012.2182,2320,1,1,2025,16,8,12,56,1,2,43,1,2,1,1,40,4071.2227,2310,1,1,1,0,still teacher
142499400255301,9,2024,16,4,17011,12,41,1,2,43,1,2,2,1,1,40,4071.3756,2330,1,1,2025,15,8,12,42,1,2,43,1,2,1,1,40,5331.0198,2310,1,1,1,0,still teacher
402120180699566,9,2024,14,2,18012,12,35,1,2,43,1,2,1,4,1,40,5113.7046,2320,1,1,2025,12,6,12,36,1,2,43,1,1,4,7,-1,5976.5284,-1,0,0,0,1,out of labor force
531900206062222,9,2024,14,3,17011,22,51,6,2,44,2,2,2,1,1,40,1906.0831,2330,1,1,2025,15,7,22,52,6,2,44,2,2,1,1,40,1634.4551,2330,1,1,1,0,still teacher
322206116671270,9,2024,14,2,18011,23,71,1,2,44,1,1,2,1,1,10,1552.383,2310,1,1,2025,11,6,23,72,1,2,43,1,2,1,5,-1,1639.0006,-1,0,0,0,1,out of labor force
200425021217157,9,2024,11,4,17011,25,63,2,2,44,1,1,2,1,1,37,3198.3906,2310,1,1,2025,12,8,25,63,2,2,44,1,2,1,5,-1,3772.5383,2205,0,0,0,1,out of labor force
291700308080829,9,2024,16,3,17011,28,46,1,2,44,1,1,2,1,1,40,1620.7918,2330,1,1,2025,16,7,28,47,1,2,44,1,2,1,1,40,1410.3088,2330,1,1,1,0,still teacher
401200501831433,9,2024,16,2,18011,34,47,1,2,44,2,2,2,1,1,40,7405.7584,2300,1,1,2025,16,6,34,48,1,2,44,2,2,1,1,40,4484.1484,2300,1,1,1,0,still teacher
105140351132270,9,2024,16,3,17011,34,41,1,2,44,1,1,2,1,1,40,5541.2867,2310,1,1,2025,16,7,34,42,1,2,44,1,2,1,1,35,6530.7601,2310,1,1,1,0,still teacher
093131015816680,9,2024,15,3,17011,36,44,1,1,44,1,1,2,1,1,60,5129.2126,2310,1,1,2025,15,7,36,45,1,1,44,1,2,1,1,40,5202.8564,2320,1,1,1,0,still teacher
191616300637733,9,2024,13,2,18011,36,49,1,2,44,1,2,2,1,1,40,4124.4449,2310,1,1,2025,13,6,36,50,1,2,44,1,2,1,1,40,3754.487,2310,1,1,1,0,still teacher
082453090730146,9,2024,14,1,18011,36,36,1,2,44,1,2,2,1,1,40,5291.3533,2310,1,1,2025,14,5,36,37,1,2,44,1,2,1,1,40,5401.2802,2310,1,1,1,0,still teacher
391800502044637,9,2024,16,1,18011,36,26,6,2,44,1,3,2,1,1,40,5756.5659,2310,1,1,2025,14,5,36,27,6,2,44,1,2,1,1,40,6844.8771,2310,1,1,1,0,still teacher
003160376930464,9,2024,16,1,18011,36,51,1,2,44,1,1,2,1,1,40,5166.6395,2310,1,1,2025,16,5,36,52,1,2,44,1,2,1,1,40,4655.4878,2310,1,1,1,0,still teacher
063018070517987,9,2024,15,3,17011,37,53,1,1,44,1,1,2,1,1,50,5008.6603,2310,1,1,2025,15,7,37,54,1,1,44,1,2,1,1,0,4674.623,3321,1,0,0,1,other occupation
063018070517987,9,2024,15,3,17011,37,53,1,2,46,1,2,2,1,1,30,4718.5232,2310,1,1,2025,15,7,37,54,1,2,46,1,2,1,1,40,5068.3448,2205,1,0,0,1,other occupation
934106012440430,9,2024,13,1,18011,39,58,1,2,44,2,2,2,1,1,40,7764.6862,2310,1,1,2025,11,5,39,59,1,2,44,2,2,1,7,-1,7532.6071,-1,0,0,0,1,out of labor force
959558743080110,9,2024,14,3,17011,39,52,1,2,43,1,1,2,1,1,20,4224.7109,2300,1,1,2025,13,7,39,53,1,2,43,1,2,1,1,25,4981.086,2300,1,1,1,0,still teacher
043062095219995,9,2024,16,4,17011,39,50,1,2,44,1,2,2,1,1,50,5420.0176,2320,1,1,2025,16,8,39,51,1,2,44,1,2,1,1,50,4932.5702,2320,1,1,1,0,still teacher
240405013923110,9,2024,15,4,17011,42,32,1,1,44,1,1,2,1,1,50,5891.4416,2320,1,1,2025,15,8,42,32,1,1,44,1,2,1,1,50,5206.9293,2320,1,1,1,0,still teacher
240405013923110,9,2024,15,4,17011,42,30,1,2,44,1,2,2,1,1,50,5076.6955,2310,1,1,2025,15,8,42,31,1,2,44,1,2,1,1,50,4563.2526,2310,1,1,1,0,still teacher
064153014512082,9,2024,16,2,18011,42,46,1,2,44,1,2,2,1,1,40,5285.1371,2330,1,1,2025,16,6,42,47,1,2,44,1,2,1,1,40,5719.9177,2330,1,1,1,0,still teacher
900777041406381,9,2024,15,1,18011,47,43,1,1,44,1,1,2,1,1,52,3015.4882,2320,1,1,2025,16,5,47,44,1,1,45,1,2,1,1,60,3148.8762,230,1,0,0,1,other occupation
900777041406381,9,2024,15,1,18011,47,41,1,2,44,1,2,2,1,1,45,3919.9706,2310,1,1,2025,16,5,47,42,1,2,44,1,2,1,1,55,4371.3069,2310,1,1,1,0,still teacher
411200812416749,9,2024,15,2,18011,47,49,1,1,44,1,2,1,1,1,40,4782.1378,2320,1,1,2025,15,6,47,50,1,1,44,1,1,1,1,40,4817.9382,2320,1,1,1,0,still teacher
005746470550150,9,2024,12,1,18011,50,38,1,2,44,1,2,2,1,1,38,683.5327,2310,1,1,2025,14,5,50,39,1,2,44,1,2,1,1,50,612.4146,2310,1,1,1,0,still teacher
151201116553690,9,2024,16,3,17011,51,53,1,2,43,1,1,2,1,1,50,3920.0216,2310,1,1,2025,16,7,51,54,1,2,43,1,2,1,1,40,4800.0125,2310,1,1,1,0,still teacher
950655162011311,9,2024,16,3,17011,51,48,1,2,43,1,2,2,1,2,40,4860.6099,2310,1,1,2025,16,7,51,48,1,2,43,1,2,1,2,-4,5040.6352,2360,1,0,0,1,other occupation
990155162011311,9,2024,16,2,18011,51,52,4,2,44,1,2,2,1,1,45,4320.5408,2300,1,1,2025,16,6,51,53,4,2,44,1,2,1,1,40,4656.5337,2310,1,1,1,0,still teacher
100318200112045,9,2024,15,4,17011,51,47,1,2,43,1,1,2,1,1,40,4730.2296,2320,1,1,2025,16,8,51,48,1,2,43,1,2,1,1,40,5727.1776,2320,1,1,1,0,still teacher
450405013423110,9,2024,12,3,17011,54,40,6,2,44,1,3,2,1,1,40,1019.0587,2310,1,1,2025,13,7,54,41,6,2,44,1,2,1,1,40,1006.6315,2310,1,1,1,0,still teacher
000110006374083,9,2024,13,2,18111,1,65,1,2,43,1,2,2,1,1,15,2217.2585,2300,1,1,2025,13,6,1,66,1,2,43,1,2,1,5,-1,2460.2559,-1,0,0,0,1,out of labor force
170519600263752,9,2024,16,2,18111,22,42,1,2,44,1,2,2,1,1,40,1535.5861,2310,1,1,2025,16,6,22,43,1,2,44,1,2,1,1,40,1532.1263,2310,1,1,1,0,still teacher
042052027115531,9,2024,16,1,18111,25,49,4,2,44,1,2,2,1,1,35,3366.5191,2310,1,1,2025,16,5,25,50,4,2,44,1,2,1,1,35,3676.6944,3230,1,0,0,1,other occupation
455745492020019,9,2024,16,4,17111,25,45,1,2,44,1,1,2,1,1,45,2825.984,2310,1,1,2025,16,8,25,46,1,2,44,1,2,1,1,50,3197.6151,2310,1,1,1,0,still teacher
741010102242367,9,2024,16,4,17111,34,48,1,2,43,1,2,2,1,1,40,3708.3155,2310,1,1,2025,16,8,34,49,1,2,43,1,2,1,1,40,3743.5568,2310,1,1,1,0,still teacher
155030108417410,9,2024,16,2,18111,45,54,1,2,44,1,2,2,1,1,40,2858.5072,2330,1,1,2025,16,6,45,55,1,2,45,1,2,1,1,40,2777.1688,2320,1,1,1,0,still teacher
544701015113800,9,2024,15,2,18111,45,58,1,1,44,1,1,2,1,1,45,3176.6688,2310,1,1,2025,16,6,45,59,1,1,44,1,2,1,1,45,2534.9076,2310,1,1,1,0,still teacher
544701015113800,9,2024,15,2,18111,45,44,1,2,44,1,2,2,1,1,50,3116.1633,2310,1,1,2025,16,6,45,45,1,2,44,1,2,1,1,45,2755.2175,2310,1,1,1,0,still teacher
015018002414353,9,2024,16,2,18111,54,29,6,1,43,1,3,2,1,1,40,824.2657,2310,1,1,2025,15,6,54,30,6,1,43,1,2,1,1,40,948.3493,2310,1,1,1,0,still teacher
180114300278171,9,2024,11,3,17011,12,78,1,1,43,1,2,2,1,1,35,4351.6478,2310,1,1,2025,14,7,12,79,1,1,40,1,2,1,1,35,4816.4387,2310,1,1,1,0,still teacher
990525091207504,9,2024,16,3,17011,25,41,1,2,44,1,1,2,1,1,40,2872.3901,2320,1,1,2025,16,7,25,43,1,2,44,1,2,1,1,40,3338.1812,2310,1,1,1,0,still teacher
850692085091150,9,2024,16,4,17011,25,55,1,1,43,1,1,2,1,1,40,2990.6064,2310,1,1,2025,16,8,25,56,1,1,44,1,2,1,1,40,2979.6798,2310,1,1,1,0,still teacher
074716440940105,9,2024,15,4,17111,45,33,1,2,44,1,2,2,1,1,40,2661.3114,2330,1,1,2025,15,8,45,34,1,2,44,1,2,1,1,40,2671.8157,2330,1,1,1,0,still teacher
030670160512170,9,2024,15,3,17011,2,80,1,2,43,1,2,2,1,1,40,477.758,2310,1,1,2025,14,7,2,80,1,2,43,1,2,1,1,40,500.8521,2310,1,1,1,0,still teacher
406201511672930,9,2024,15,1,18011,4,35,1,2,44,1,2,2,1,1,28,5359.046,2320,1,1,2025,15,5,4,36,1,2,44,1,2,1,1,40,5021.5048,2310,1,1,1,0,still teacher
370760670011460,9,2024,14,1,18011,6,68,1,1,43,1,1,2,1,1,40,4035.8035,2310,1,1,2025,15,5,6,69,1,1,43,1,2,1,1,30,3791.3943,2310,1,1,1,0,still teacher
580480283191269,9,2024,15,1,18011,6,38,1,2,43,1,2,2,1,1,40,4938.437,2310,1,1,2025,15,5,6,39,1,2,43,1,2,1,1,40,4916.7581,2310,1,1,1,0,still teacher
169158501639470,9,2024,16,2,18011,6,32,1,2,44,1,2,2,1,1,40,3747.11,2330,1,1,2025,14,6,6,33,1,2,44,1,2,1,1,40,4093.7592,2310,1,1,1,0,still teacher
201160018946596,9,2024,16,3,17011,6,46,1,2,44,1,1,2,1,1,35,5428.8486,2330,1,1,2025,16,7,6,47,1,2,44,1,2,1,1,35,4859.9135,2330,1,1,1,0,still teacher
162592400619080,9,2024,16,3,17011,6,25,6,2,44,1,2,2,1,1,45,4437.0047,2310,1,1,2025,16,7,6,26,6,2,44,1,2,1,1,45,4539.9196,2310,1,1,1,0,still teacher
065964860201126,9,2024,16,2,18011,6,59,1,2,41,1,2,2,4,1,40,4509.8801,2310,1,1,2025,14,6,6,60,1,2,41,1,2,4,1,40,4023.3113,2300,1,1,1,0,still teacher
987001101674064,9,2024,14,4,17011,8,60,1,1,44,1,2,2,1,1,16,5411.1366,2310,1,1,2025,15,8,8,61,1,1,44,1,2,1,1,24,5600.8503,2320,1,1,1,0,still teacher
071337057715152,9,2024,16,1,18011,15,47,1,2,43,4,2,2,1,1,40,646.1733,2320,1,1,2025,15,5,15,48,1,2,43,4,2,1,1,40,868.5018,2320,1,1,1,0,still teacher
100106600639381,9,2024,12,3,17011,16,24,6,2,43,1,1,2,1,1,40,1408.4525,2320,1,1,2025,12,7,16,25,6,2,43,1,2,1,1,40,1184.5674,2310,1,1,1,0,still teacher
971700902411817,9,2024,13,4,17011,18,56,6,1,43,1,1,2,1,1,45,4323.6851,2320,1,1,2025,13,8,18,57,6,1,43,1,2,1,1,50,3581.3985,2320,1,1,1,0,still teacher
565080107635229,9,2024,14,4,17011,26,42,1,1,43,1,1,2,1,1,50,4063.0492,2310,1,1,2025,15,8,26,43,1,1,43,1,2,1,1,60,6270.2549,2310,1,1,1,0,still teacher
565080107635229,9,2024,14,4,17011,26,43,1,2,44,1,2,2,1,1,55,3180.7243,2310,1,1,2025,15,8,26,44,1,2,44,1,2,1,1,50,5077.0876,2310,1,1,1,0,still teacher
863010101274229,9,2024,10,3,17011,26,25,6,2,39,1,2,1,1,1,15,7460.0048,2300,1,1,2025,7,7,26,26,6,2,39,1,1,1,1,12,6982.3374,2300,1,1,1,0,still teacher
003160249157726,9,2024,15,4,17011,26,20,6,2,40,1,4,2,1,1,30,4081.9801,2300,1,1,2025,15,8,26,21,6,2,40,1,2,1,1,16,6927.4277,2545,1,0,0,1,other occupation
037016480823166,9,2024,12,4,17011,26,68,4,2,42,2,1,2,1,1,40,5442.0909,2310,1,1,2025,11,8,26,69,4,2,42,2,2,1,5,-1,5032.3015,-1,0,0,0,1,out of labor force
761200604233929,9,2024,15,2,18011,29,47,1,2,44,1,1,2,1,1,45,4219.9027,2310,1,1,2025,15,6,29,48,1,2,44,1,2,1,1,40,4169.0334,2310,1,1,1,0,still teacher
005190285149443,9,2024,16,2,18011,29,53,1,2,44,1,1,2,1,1,50,3661.78,2310,1,1,2025,15,6,29,54,1,2,44,1,2,1,1,60,3703.3445,2310,1,1,1,0,still teacher
022068075519385,9,2024,15,2,18011,29,46,1,2,44,1,2,2,1,1,50,4157.3004,2310,1,1,2025,15,6,29,47,1,2,44,1,2,1,1,50,4515.9026,2310,1,1,1,0,still teacher
210041105308394,9,2024,15,3,17011,31,56,1,2,43,1,2,2,1,1,25,1481.9829,2310,1,1,2025,14,7,31,57,1,2,43,1,2,1,1,20,1465.3181,2545,1,0,0,1,other occupation
053457035715799,9,2024,13,2,18011,35,33,1,2,43,1,1,2,1,1,40,1642.4656,2310,1,1,2025,14,6,35,34,1,2,43,1,2,1,1,45,1319.8389,2310,1,1,1,0,still teacher
105180359155498,9,2024,12,4,17011,38,48,4,2,43,1,1,2,1,1,40,484.0171,2310,1,1,2025,13,8,38,49,4,2,43,1,2,1,1,40,550.8804,2310,1,1,1,0,still teacher
838809114185920,9,2024,14,2,18011,38,55,1,1,43,1,1,2,1,1,40,464.4709,2330,1,1,2025,14,6,38,56,1,1,43,1,2,1,1,40,270.7672,2310,1,1,1,0,still teacher
340934275061060,9,2024,15,3,17011,46,59,1,2,40,1,1,2,1,1,45,820.9825,2330,1,1,2025,15,7,46,60,1,2,40,1,2,1,1,-4,603.4498,4920,1,0,0,1,other occupation
150843500811194,9,2024,7,2,18011,48,63,1,1,43,1,2,2,4,1,40,5259.7994,2310,1,1,2025,7,6,48,64,1,1,39,1,2,4,1,38,4694.8551,2545,1,0,0,1,other occupation
001180435830713,9,2024,16,1,18011,48,58,1,1,43,1,2,2,4,1,40,4632.2571,2310,1,1,2025,16,5,48,59,6,1,43,1,2,4,1,40,4129.8068,10,1,0,0,1,other occupation
108533134001918,9,2024,14,4,17011,48,47,1,2,44,1,2,2,1,1,75,4160.7832,2310,1,1,2025,14,8,48,48,1,2,44,1,2,1,1,50,4670.6115,2320,1,1,1,0,still teacher
415180435049644,9,2024,12,2,18011,48,57,4,2,43,1,1,2,1,1,40,4327.9964,2310,1,1,2025,12,6,48,58,4,2,43,1,2,1,1,40,5175.4966,2310,1,1,1,0,still teacher
044895810641108,9,2024,16,2,18011,48,45,1,1,43,1,2,2,1,1,65,4973.8247,2320,1,1,2025,16,6,48,46,1,1,43,1,2,1,1,50,4659.8438,2320,1,1,1,0,still teacher
861300936701947,9,2024,15,2,18011,49,43,6,2,44,1,1,2,1,1,40,2046.9183,2310,1,1,2025,15,6,49,44,6,2,44,1,2,1,1,40,1712.4889,2555,1,0,0,1,other occupation
297021109693409,9,2024,1,4,17011,49,31,4,2,44,1,1,1,5,1,40,1694.0696,2310,1,1,2025,14,8,49,32,4,2,44,1,1,5,1,40,1603.4119,2320,1,1,1,0,still teacher
004130557584030,9,2024,15,3,17011,53,54,4,1,44,1,1,2,1,1,40,4973.7071,2310,1,1,2025,16,7,53,54,4,1,44,1,2,1,1,40,4198.9638,2310,1,1,1,0,still teacher
675818875040019,9,2024,15,2,18011,55,29,1,2,44,1,1,2,1,1,40,4621.7984,2310,1,1,2025,15,6,55,30,1,2,44,1,2,1,1,40,4938.2679,2310,1,1,1,0,still teacher
030542570610176,9,2024,16,4,17111,16,44,1,1,44,1,1,2,1,1,40,1086.8691,2310,1,1,2025,16,8,16,45,1,1,44,1,2,1,1,40,1092.4219,2310,1,1,1,0,still teacher
023182027310215,9,2024,16,1,18111,30,57,1,2,43,1,2,2,1,1,40,502.5882,2310,1,1,2025,16,5,30,58,1,2,43,1,2,1,1,40,432.7547,2310,1,1,1,0,still teacher
251200503170035,9,2024,16,4,17111,30,34,1,2,44,1,2,2,1,1,40,712.785,2310,1,1,2025,16,8,30,35,1,2,44,1,2,1,1,40,612.9861,2310,1,1,1,0,still teacher
013361067215440,9,2024,11,3,17111,35,72,1,2,44,1,1,2,1,1,40,1384.4517,2310,1,1,2025,16,7,35,73,1,2,44,1,2,1,1,40,1174.6571,2310,1,1,1,0,still teacher
910003215091081,9,2024,16,2,18111,38,55,1,2,44,1,2,2,1,1,50,450.9253,2310,1,1,2025,15,6,38,56,1,2,43,1,2,1,1,40,525.0872,2310,1,1,1,0,still teacher
120771572071502,9,2024,15,1,18011,10,51,1,2,44,1,1,2,1,1,35,807.2239,2310,1,1,2025,16,5,10,52,1,2,44,1,2,1,1,38,770.2473,2310,1,1,1,0,still teacher
120771572071502,9,2024,15,1,18011,10,48,1,1,42,1,2,2,1,1,40,1131.9525,2320,1,1,2025,16,5,10,49,1,1,40,1,2,1,1,38,881.1495,3422,1,0,0,1,other occupation
213003215865940,9,2024,16,3,17011,12,34,1,2,43,1,1,2,1,1,12,6329.8373,2310,1,1,2025,16,7,12,35,1,2,43,1,2,1,1,20,5982.906,2310,1,1,1,0,still teacher
003130185767770,9,2024,15,1,18011,13,52,1,2,43,1,2,2,1,1,50,5928.3603,2310,1,1,2025,15,5,13,53,1,2,43,1,2,1,1,40,5152.9647,2310,1,1,1,0,still teacher
437011108020112,9,2024,12,1,18011,13,54,1,2,44,4,2,2,4,1,40,6067.9457,2300,1,1,2025,15,5,13,55,1,2,44,4,2,4,1,40,5296.5439,2300,1,1,1,0,still teacher
007110290481690,9,2024,16,3,17011,21,42,1,1,44,1,1,2,1,1,40,4043.8868,2320,1,1,2025,16,7,21,43,1,1,44,1,2,1,1,40,4631.9139,2320,1,1,1,0,still teacher
555050102488213,9,2024,16,1,18011,25,43,1,2,44,1,2,2,1,1,40,3311.7393,2330,1,1,2025,15,5,25,44,1,2,44,1,2,1,1,40,2961.466,2310,1,1,1,0,still teacher
092019074115928,9,2024,14,1,18011,25,23,6,2,39,1,2,2,1,1,40,3687.4119,2300,1,1,2025,11,5,25,24,6,2,39,1,2,1,1,40,3644.2339,9640,1,0,0,1,other occupation
093918583010110,9,2024,16,2,18011,33,65,1,2,44,1,1,2,1,1,45,977.5895,2320,1,1,2025,16,6,33,65,1,2,44,1,2,1,1,40,879.5599,2310,1,1,1,0,still teacher
436008019208470,9,2024,13,4,17011,34,40,6,2,43,2,1,2,1,1,40,7692.7216,2300,1,1,2025,2,8,34,41,6,2,43,2,2,1,7,-1,4490.5697,2300,0,0,0,1,out of labor force
568020104376316,9,2024,14,3,17011,36,53,1,1,43,1,1,2,1,1,40,4522.9621,2310,1,1,2025,15,7,36,54,1,1,43,1,2,1,1,40,4969.8766,2310,1,1,1,0,still teacher
638106017973730,9,2024,15,4,17011,36,49,6,2,44,1,1,2,1,1,40,4378.2601,2310,1,1,2025,15,8,36,50,6,2,44,1,2,1,1,40,4886.441,2310,1,1,1,0,still teacher
153194500628183,9,2024,14,3,17011,36,40,1,2,44,4,2,2,1,1,40,4358.8116,2310,1,1,2025,13,7,36,41,1,2,44,4,2,1,1,40,3385.8633,2310,1,1,1,0,still teacher
530593162071760,9,2024,16,4,17012,36,43,1,2,43,1,2,2,1,1,40,5161.8173,2310,1,1,2025,16,8,36,44,1,2,44,1,2,1,1,40,5646.3614,2310,1,1,1,0,still teacher
007160382499352,9,2024,16,2,18011,36,39,1,2,44,1,1,2,1,1,40,5621.6273,2330,1,1,2025,16,6,36,40,1,2,44,1,2,1,1,40,4998.9753,2330,1,1,1,0,still teacher
007160382499352,9,2024,16,2,18011,36,48,1,1,44,1,2,2,1,1,40,4201.2273,2320,1,1,2025,16,6,36,49,1,1,44,1,2,1,1,40,4819.163,2320,1,1,1,0,still teacher
036432503080217,9,2024,15,1,18011,36,20,6,1,43,1,2,2,1,1,40,6141.1237,2310,1,1,2025,15,5,36,21,6,1,43,1,2,1,1,40,6253.1288,2310,1,1,1,0,still teacher
638601014875870,9,2024,16,4,17011,36,52,1,1,44,1,2,2,1,1,40,4945.4781,2310,1,1,2025,16,8,36,53,1,1,44,1,2,1,1,40,5464.6859,2310,1,1,1,0,still teacher
937607117429100,9,2024,16,3,17011,39,43,1,2,44,1,1,2,1,1,40,4865.7464,2320,1,1,2025,16,7,39,44,1,2,44,1,2,1,1,40,5254.5596,2310,1,1,1,0,still teacher
630102051409526,9,2024,14,3,17011,42,65,4,2,44,1,1,2,1,2,50,4636.0019,2320,1,1,2025,14,7,42,66,4,2,44,1,2,1,1,43,4789.5449,2320,1,1,1,0,still teacher
320652041410158,9,2024,16,2,18011,42,19,6,2,40,1,5,2,1,1,6,6130.4148,2300,1,1,2025,16,6,42,21,6,2,40,1,2,1,1,-4,6021.0405,2545,1,0,0,1,other occupation
610627091405022,9,2024,16,2,18011,47,51,1,2,44,1,2,2,1,1,40,4429.6415,2310,1,1,2025,15,6,47,53,1,2,44,1,2,1,1,40,4990.0539,2330,1,1,1,0,still teacher
307335014030117,9,2024,8,2,18011,47,29,6,1,44,2,1,2,1,1,40,4644.74,2310,1,1,2025,12,6,47,30,6,1,44,2,2,1,1,40,5050.54,2330,1,1,1,0,still teacher
015196016811535,9,2024,16,3,17011,51,46,1,2,44,1,2,2,1,1,-4,4860.6099,2310,1,1,2025,16,7,51,47,1,2,44,1,2,1,1,-4,5040.6352,2310,1,1,1,0,still teacher
009140553600836,9,2024,15,3,17011,54,68,1,2,44,1,2,2,1,1,8,611.6151,2320,1,1,2025,13,7,54,69,1,2,44,1,2,1,5,-1,720.7356,-1,0,0,0,1,out of labor force
156663700106451,9,2024,5,2,18111,11,39,6,2,44,2,1,2,1,1,28,924.1902,2310,1,1,2025,4,6,11,40,6,2,44,2,2,1,4,-1,481.244,2320,0,0,0,1,unemployed
002120258641240,9,2024,14,2,18111,22,33,1,2,42,1,1,2,1,1,36,1900.8284,2310,1,1,2025,14,6,22,34,1,2,42,1,2,1,1,40,1861.1635,2545,1,0,0,1,other occupation
280042914001221,9,2024,12,3,17111,22,48,1,2,44,2,1,2,1,1,40,2274.8522,2320,1,1,2025,12,7,22,49,1,2,44,2,2,1,1,40,2382.2566,2320,1,1,1,0,still teacher
180781600875662,9,2024,13,4,17111,28,45,1,2,43,1,1,2,1,1,40,1257.2781,2310,1,1,2025,14,8,28,46,1,2,43,1,2,1,1,40,1244.5357,2310,1,1,1,0,still teacher
000180272359691,9,2024,15,1,18111,28,31,1,2,43,1,2,2,1,1,40,2069.2911,2310,1,1,2025,14,5,28,32,1,2,43,1,2,1,2,40,1827.6344,2310,1,1,1,0,still teacher
109140514458454,9,2024,16,1,18111,54,34,4,2,43,1,3,2,1,1,-4,655.1421,2320,1,1,2025,14,5,54,35,4,2,43,1,2,1,1,40,724.0369,2600,1,0,0,1,other occupation
440076107745005,9,2024,14,3,17011,4,50,1,1,43,1,1,2,1,1,-4,5162.8375,2310,1,1,2025,15,7,4,51,1,1,43,1,2,1,1,45,4952.5805,2310,1,1,1,0,still teacher
440076107745005,9,2024,14,3,17011,4,47,1,2,43,1,2,2,1,1,-4,5175.7256,2320,1,1,2025,15,7,4,48,1,2,43,1,2,1,1,50,5073.3982,2310,1,1,1,0,still teacher
269046122168039,9,2024,16,3,17012,6,43,1,2,44,4,2,2,1,1,40,4409.5244,2310,1,1,2025,16,7,6,44,1,2,44,4,2,1,1,40,4409.949,2310,1,1,1,0,still teacher
222646021003589,9,2024,16,1,18011,6,49,4,2,44,1,1,1,1,1,69,3709.575,2310,1,1,2025,16,5,6,50,4,2,44,1,1,1,1,40,4545.1824,2310,1,1,1,0,still teacher
070269940302186,9,2024,15,3,17011,6,42,2,2,43,1,1,1,1,1,40,3686.5711,2310,1,1,2025,15,7,6,43,1,2,43,1,1,1,7,-1,4909.3818,-1,0,0,0,1,out of labor force
203160012928046,9,2024,14,3,17011,6,27,6,2,44,4,2,2,1,1,50,3296.7105,2310,1,1,2025,16,7,6,28,6,2,44,4,2,1,1,50,4756.2462,2310,1,1,1,0,still teacher
840416001012912,9,2024,6,1,18011,6,49,1,2,44,1,2,2,1,1,40,4675.002,2310,1,1,2025,16,5,6,49,1,2,44,1,2,1,1,40,4243.5437,2310,1,1,1,0,still teacher
876533800050016,9,2024,16,4,17011,6,52,1,2,43,4,1,2,1,1,40,6368.4378,2310,1,1,2025,16,8,6,53,1,2,43,4,2,1,1,40,4070.0974,2310,1,1,1,0,still teacher
487030101771025,9,2024,14,3,17011,8,31,1,1,46,1,1,2,1,1,40,5400.8377,2310,1,1,2025,12,7,8,32,1,1,46,1,2,1,1,40,6623.1193,2320,1,1,1,0,still teacher
941900403825806,9,2024,16,2,18011,8,55,1,2,44,1,1,2,1,1,40,5048.1623,2330,1,1,2025,16,6,8,56,1,2,44,1,2,1,1,40,4135.8047,2330,1,1,1,0,still teacher
518609419758510,9,2024,14,4,17011,15,60,3,2,43,1,1,2,1,1,40,688.5405,2320,1,1,2025,16,8,15,62,3,2,43,1,2,1,1,40,764.1002,2320,1,1,1,0,still teacher
300047061177878,9,2024,15,3,17011,17,30,6,2,42,1,2,1,5,1,40,4933.233,2310,1,1,2025,12,7,17,31,6,2,40,1,1,5,1,40,5970.4365,2545,1,0,0,1,other occupation
891900109959813,9,2024,14,3,17011,18,44,1,2,44,1,1,1,2,1,40,3576.9116,2320,1,1,2025,13,7,18,45,1,2,44,1,1,2,1,40,4606.4949,2360,1,0,0,1,other occupation
881050108571121,9,2024,12,3,17011,18,22,6,2,39,1,2,2,1,1,38,4689.7419,2300,1,1,2025,12,7,18,23,6,2,39,1,2,1,1,38,4439.4114,2545,1,0,0,1,other occupation
047693000120146,9,2024,9,4,17011,26,63,6,2,43,1,1,2,1,1,12,4289.948,2320,1,1,2025,11,8,26,64,6,2,44,1,2,1,5,-1,4645.2834,2205,0,0,0,1,out of labor force
003163086410780,9,2024,14,3,17011,30,23,6,2,40,1,4,2,1,1,35,902.206,2310,1,1,2025,16,7,30,25,6,2,40,1,2,1,1,30,749.2953,2300,1,1,1,0,still teacher
708040101642381,9,2024,15,2,18011,30,38,1,1,43,1,2,2,1,1,40,643.6595,2310,1,1,2025,15,6,30,39,1,1,43,1,2,1,1,40,607.4685,2310,1,1,1,0,still teacher
791100904323138,9,2024,15,2,18011,31,54,1,2,44,1,2,2,1,1,45,1379.8122,2310,1,1,2025,14,6,31,55,1,2,44,1,2,1,1,60,911.6046,2310,1,1,1,0,still teacher
623029106739309,9,2024,10,3,17011,32,64,1,1,44,1,1,2,1,1,35,1956.1176,2310,1,1,2025,15,7,32,66,1,1,44,1,2,1,1,3,2029.6665,2751,1,0,0,1,other occupation
623029106739309,9,2024,10,3,17011,32,63,1,2,44,1,2,2,1,1,35,1911.559,2310,1,1,2025,15,7,32,64,1,2,44,1,2,1,1,40,2048.2776,2320,1,1,1,0,still teacher
047602017415090,9,2024,15,1,18011,40,24,1,2,43,1,1,2,1,1,70,3395.4873,2320,1,1,2025,14,5,40,25,1,2,43,1,2,1,1,40,4346.5196,800,1,0,0,1,other occupation
045903430640166,9,2024,15,1,18011,46,33,1,2,43,1,2,2,1,1,40,668.7734,2310,1,1,2025,16,5,46,34,1,2,43,1,2,1,1,-4,639.4124,2310,1,1,1,0,still teacher
440118071415870,9,2024,8,2,18011,48,37,4,2,43,1,2,1,1,1,50,6202.9265,2310,1,1,2025,15,6,48,38,4,2,43,1,1,1,1,40,6074.9575,2310,1,1,1,0,still teacher
094052098518097,9,2024,15,3,17011,48,34,1,1,43,1,1,2,1,1,70,5597.9033,2310,1,1,2025,15,7,48,35,1,1,43,1,2,1,1,70,4904.409,2310,1,1,1,0,still teacher
941800347470842,9,2024,7,3,17011,48,36,2,2,42,1,1,1,1,1,37,4650.1439,2310,1,1,2025,14,7,48,37,1,2,43,1,1,1,1,40,3908.2409,2310,1,1,1,0,still teacher
163003200897234,9,2024,7,3,17011,48,41,6,2,43,1,1,1,1,1,50,4570.579,2330,1,1,2025,7,7,48,42,6,2,43,1,1,1,1,40,5094.9371,2545,1,0,0,1,other occupation
071176096115580,9,2024,12,3,17111,15,66,4,2,46,7,1,2,1,1,50,571.0987,2330,1,1,2025,12,7,15,68,4,2,46,7,2,1,1,50,684.48,2330,1,1,1,0,still teacher
270173383051000,9,2024,15,2,18111,30,33,1,2,44,1,1,2,1,1,40,716.479,2320,1,1,2025,16,6,30,34,1,2,44,1,2,1,1,45,631.9348,2310,1,1,1,0,still teacher
001110361314000,9,2024,16,4,17111,31,49,1,2,44,1,2,2,1,1,40,1338.2134,2310,1,1,2025,15,8,31,50,1,2,44,1,2,1,1,40,1465.2139,2310,1,1,1,0,still teacher
094968430930105,9,2024,16,1,18111,35,45,1,1,43,1,1,2,1,1,40,1094.6376,2320,1,1,2025,16,5,35,46,1,1,43,1,2,1,1,55,1376.5472,2320,1,1,1,0,still teacher
010951090231108,9,2024,15,2,18111,38,44,1,2,42,1,7,2,1,1,35,566.8825,2300,1,1,2025,15,6,38,45,1,2,43,1,2,1,1,40,520.9368,3422,1,0,0,1,other occupation
044800016641690,9,2024,12,3,17111,40,76,1,2,42,1,2,2,1,1,37,1789.8571,2310,1,1,2025,11,7,40,77,1,2,41,1,2,1,1,37,1651.528,2310,1,1,1,0,still teacher
401050102925479,9,2024,16,1,18111,40,45,1,2,39,1,2,2,1,1,15,2497.465,2300,1,1,2025,16,5,40,46,1,2,39,1,2,1,1,20,2017.4271,2300,1,1,1,0,still teacher
794051103732049,9,2024,15,1,18011,9,54,4,2,46,1,1,2,1,1,55,3719.1622,2320,1,1,2025,16,5,9,55,4,2,46,1,2,1,1,48,2904.8039,2310,1,1,1,0,still teacher
041333064410301,9,2024,15,4,17011,10,79,1,1,46,1,1,2,1,1,48,575.2635,2320,1,1,2025,15,8,10,80,1,1,46,1,2,1,1,50,712.0425,2320,1,1,1,0,still teacher
013717450214120,9,2024,14,3,17011,10,59,1,2,44,1,2,2,1,1,37,879.3647,2330,1,1,2025,15,7,10,60,1,2,44,1,2,1,1,40,937.2859,2360,1,0,0,1,other occupation
031045083112159,9,2024,9,2,18011,12,23,6,1,43,1,2,1,1,1,40,5137.6781,2310,1,1,2025,14,6,12,24,6,1,43,1,1,1,1,40,8057.9733,2360,1,0,0,1,other occupation
132824621060011,9,2024,16,1,18011,12,46,1,2,43,1,2,2,1,1,40,5010.5419,2310,1,1,2025,14,5,12,47,1,2,43,1,2,1,1,40,5612.2123,2310,1,1,1,0,still teacher
832380641060013,9,2024,13,4,17011,12,41,1,2,43,1,2,2,1,1,37,4162.4737,2320,1,1,2025,14,8,12,43,1,2,43,1,2,1,1,17,5293.2805,2310,1,1,1,0,still teacher
791000219112315,9,2024,15,4,17011,13,38,1,2,44,6,1,2,1,1,45,5979.3153,2310,1,1,2025,15,8,13,39,1,2,44,6,2,1,1,45,5444.4186,2310,1,1,1,0,still teacher
951500006329318,9,2024,13,1,18011,13,52,4,2,44,1,1,2,1,1,40,5928.3603,2310,1,1,2025,14,5,13,53,4,2,43,1,2,1,1,40,5152.9647,2310,1,1,1,0,still teacher
318608013269180,9,2024,16,2,18011,13,52,1,2,44,1,1,2,1,1,55,3996.2626,2310,1,1,2025,15,6,13,53,1,2,43,1,2,1,1,40,4717.6775,2310,1,1,1,0,still teacher
007130149504366,9,2024,15,3,17011,13,55,1,1,44,1,1,2,1,1,60,3720.1139,2310,1,1,2025,15,7,13,56,1,1,40,1,2,1,1,40,4054.9522,7200,1,0,0,1,other occupation
007130149504366,9,2024,15,3,17011,13,58,1,2,43,1,2,2,1,1,50,4637.8146,2310,1,1,2025,15,7,13,59,1,2,40,1,2,1,7,-1,4180.3941,-1,0,0,0,1,out of labor force
671200211702426,9,2024,15,1,18011,24,34,1,2,44,1,2,2,1,1,33,4371.5525,2310,1,1,2025,15,5,24,35,1,2,44,1,2,1,1,34,4982.3662,2310,1,1,1,0,still teacher
022317010022125,9,2024,15,2,18011,25,44,1,1,44,1,2,1,1,1,40,4252.5362,2310,1,1,2025,16,6,25,45,1,1,44,1,1,1,1,40,3618.0043,2310,1,1,1,0,still teacher
585030106182219,9,2024,13,4,17011,28,48,6,2,44,2,1,2,1,1,40,1769.6329,2310,1,1,2025,13,8,28,49,6,2,46,2,2,1,1,40,2090.354,2310,1,1,1,0,still teacher
335105111220520,9,2024,15,1,18011,33,27,1,2,44,1,2,2,1,1,40,1053.6052,2320,1,1,2025,16,5,33,28,1,2,44,1,2,1,1,30,1201.3788,2320,1,1,1,0,still teacher
941090104029372,9,2024,15,4,17011,34,42,1,2,43,1,1,2,1,1,35,4189.1278,2310,1,1,2025,15,8,34,43,1,2,44,1,2,1,1,35,4175.5619,2310,1,1,1,0,still teacher
931907111776360,9,2024,15,2,18011,39,45,1,1,44,1,2,2,1,1,40,4949.4785,2310,1,1,2025,15,6,39,46,1,1,44,1,2,1,1,40,4606.8156,2310,1,1,1,0,still teacher
043120084519723,9,2024,12,3,17011,39,23,6,2,43,2,1,2,1,1,40,7141.7105,2320,1,1,2025,12,7,39,25,6,2,43,2,2,1,1,40,7542.5097,2310,1,1,1,0,still teacher
495080108710392,9,2024,16,4,17011,39,41,1,2,44,1,2,2,1,1,50,3480.298,2310,1,1,2025,16,8,39,43,1,2,44,1,2,1,1,50,5301.076,2310,1,1,1,0,still teacher
713060108879585,9,2024,14,3,17011,51,59,1,2,44,1,2,2,1,1,55,3572.7954,2310,1,1,2025,14,7,51,60,1,2,44,1,2,1,1,50,3457.7519,2310,1,1,1,0,still teacher
153608014301300,9,2024,16,4,17011,51,54,1,2,44,4,2,2,4,1,40,8084.5022,2300,1,1,2025,16,8,51,55,1,2,44,4,2,4,1,40,5665.7821,2300,1,1,1,0,still teacher
072026029912800,9,2024,8,2,18111,22,32,6,2,42,2,1,2,1,1,40,2607.608,2300,1,1,2025,8,6,22,33,6,2,42,2,2,1,1,40,2286.4347,2300,1,1,1,0,still teacher
782416532060011,9,2024,14,1,18111,22,40,6,2,43,2,1,2,1,1,40,2206.6664,2310,1,1,2025,12,5,22,41,6,2,43,2,2,1,1,40,2346.1918,2310,1,1,1,0,still teacher
081959980020115,9,2024,5,1,18111,25,47,1,2,44,5,2,2,1,1,40,3562.2653,2320,1,1,2025,7,5,25,48,1,2,44,5,2,1,1,-4,4174.6405,2320,1,1,1,0,still teacher
460375091201127,9,2024,16,2,18111,25,33,1,2,44,1,3,2,1,1,35,3302.1194,2310,1,1,2025,16,6,25,34,1,2,44,1,2,1,1,35,2948.7453,2310,1,1,1,0,still teacher
021224770630114,9,2024,11,4,17111,34,72,1,1,46,1,1,2,1,1,60,3551.2301,2310,1,1,2025,12,8,34,73,1,1,46,1,2,1,5,-1,3197.7334,2040,0,0,0,1,out of labor force
370075671081346,9,2024,15,3,17111,54,44,1,2,44,1,1,2,1,1,40,1014.8623,2330,1,1,2025,15,7,54,45,1,2,44,1,2,1,1,35,903.9551,2310,1,1,1,0,still teacher
147090104799549,9,2024,9,1,18111,54,48,6,2,43,1,1,2,1,1,40,813.3507,2300,1,1,2025,14,5,54,49,6,2,43,1,2,1,1,40,769.8624,2300,1,1,1,0,still teacher
021442091065897,9,2024,13,4,17011,2,38,6,2,44,1,1,2,1,1,40,611.614,2320,1,1,2025,13,8,2,39,6,2,44,1,2,1,1,45,524.575,2320,1,1,1,0,still teacher
101300404347501,9,2024,14,4,17011,5,58,1,2,44,1,1,2,1,1,40,1542.4297,2310,1,1,2025,16,8,5,60,1,2,44,1,2,1,1,50,1381.5969,2320,1,1,1,0,still teacher
040044036215715,9,2024,13,2,18011,5,36,1,2,40,1,1,2,1,1,12,2021.6325,2310,1,1,2025,12,6,5,37,1,2,39,1,2,1,1,16,2146.8153,2545,1,0,0,1,other occupation
768040109977009,9,2024,9,1,18011,6,34,6,1,43,1,2,1,1,1,40,6042.5322,2310,1,1,2025,8,5,6,35,6,1,43,1,1,1,1,40,5372.5,2360,1,0,0,1,other occupation
930020339041563,9,2024,14,4,17011,6,39,6,2,44,1,1,2,1,1,40,4476.9938,2310,1,1,2025,14,8,6,40,6,2,44,1,2,1,1,40,4505.0715,2310,1,1,1,0,still teacher
851100636045603,9,2024,14,3,17011,6,56,4,2,44,1,1,2,1,1,40,4446.0202,2310,1,1,2025,14,7,6,57,4,2,44,1,2,1,1,40,4394.5057,2310,1,1,1,0,still teacher
580337021151319,9,2024,16,2,18011,17,44,6,2,43,1,2,1,1,1,40,4378.7992,2310,1,1,2025,15,6,17,45,6,2,43,1,1,1,1,40,4679.1921,2310,1,1,1,0,still teacher
380377051102089,9,2024,15,2,18011,17,46,1,2,43,1,2,2,1,1,40,4684.3358,2320,1,1,2025,1,6,17,47,1,2,43,1,2,1,1,40,3520.6674,2310,1,1,1,0,still teacher
951800502324716,9,2024,14,2,18011,17,52,5,2,44,1,1,2,1,1,40,4681.0529,2310,1,1,2025,14,6,17,53,5,2,44,1,2,1,1,40,4014.8265,2310,1,1,1,0,still teacher
021018028817196,9,2024,15,4,17011,17,42,1,2,44,1,1,2,1,1,40,3932.273,2310,1,1,2025,16,8,17,43,1,2,44,1,2,1,1,40,4838.1327,2310,1,1,1,0,still teacher
529128611080015,9,2024,15,4,17011,19,29,1,2,43,1,1,2,1,1,45,2252.0859,2310,1,1,2025,15,8,19,30,1,2,43,1,2,1,1,40,2821.938,2310,1,1,1,0,still teacher
081062025819151,9,2024,16,4,17011,19,58,1,2,43,1,2,2,1,1,40,2626.1287,2300,1,1,2025,15,8,19,59,1,2,43,1,2,1,1,40,3510.7958,2310,1,1,1,0,still teacher
430641762090011,9,2024,12,1,18011,20,28,1,2,43,1,2,2,1,1,40,2397.2861,2310,1,1,2025,13,5,20,28,1,2,43,1,2,1,1,40,2605.4147,2310,1,1,1,0,still teacher
190545700753982,9,2024,13,1,18011,27,55,2,2,44,1,1,2,1,1,40,4220.3397,2310,1,1,2025,16,5,27,56,1,2,44,1,2,1,1,40,3988.9531,2330,1,1,1,0,still teacher
013058094011016,9,2024,12,4,17011,31,27,4,1,44,1,1,2,3,1,40,2163.1994,2310,1,1,2025,12,8,31,28,4,1,44,1,2,3,1,40,1481.4536,2310,1,1,1,0,still teacher
160012000112023,9,2024,16,4,17011,31,48,1,2,43,1,2,2,1,1,40,1338.2134,2310,1,1,2025,16,8,31,49,1,2,43,1,2,1,1,40,1377.8962,2310,1,1,1,0,still teacher
004150366539989,9,2024,9,1,18011,35,50,1,2,42,1,1,1,1,1,35,1147.0515,2310,1,1,2025,8,5,35,51,1,2,43,1,1,1,1,30,1260.1832,2310,1,1,1,0,still teacher
101615100823604,9,2024,3,4,17011,48,61,1,2,40,1,1,1,1,1,20,5347.2744,2310,1,1,2025,3,8,48,61,1,2,40,1,1,1,1,25,5052.5022,2310,1,1,1,0,still teacher
064466120718133,9,2024,14,1,18011,48,29,6,1,43,1,3,1,1,1,40,6122.614,2310,1,1,2025,12,5,48,30,6,1,43,1,1,1,7,-1,5939.5952,-1,0,0,0,1,out of labor force
844506014315110,9,2024,15,2,18011,48,47,1,2,43,1,2,2,1,1,50,5478.6186,2310,1,1,2025,15,6,48,48,1,2,43,1,2,1,1,50,5072.4363,2310,1,1,1,0,still teacher
120813200812234,9,2024,16,4,17011,48,49,1,2,43,4,2,2,4,1,40,6137.8183,2310,1,1,2025,16,8,48,50,1,2,43,4,2,4,1,50,4542.6046,2310,1,1,1,0,still teacher
680468071433741,9,2024,16,4,17011,48,56,1,2,44,1,2,2,1,1,40,4397.0702,2310,1,1,2025,15,8,48,57,1,2,44,1,2,1,1,40,4871.6893,2310,1,1,1,0,still teacher
054270090118824,9,2024,15,1,18011,48,60,6,1,43,2,2,2,1,1,40,6324.3437,2320,1,1,2025,15,5,48,61,6,1,40,2,2,1,2,40,6683.7746,2722,1,0,0,1,other occupation
161900416209356,9,2024,15,3,17011,53,64,1,2,44,1,1,2,1,1,40,3846.8576,2310,1,1,2025,12,7,53,65,1,2,44,1,2,1,1,40,2695.8222,2205,1,0,0,1,other occupation
190526600558685,9,2024,15,3,17011,55,27,1,2,43,1,2,2,1,1,40,3764.7363,2310,1,1,2025,15,7,55,28,1,2,43,1,2,1,1,40,3857.7241,2320,1,1,1,0,still teacher
318206241060016,9,2024,16,4,17111,18,46,1,2,43,1,2,2,1,1,40,3405.3459,2310,1,1,2025,16,8,18,48,1,2,43,1,2,1,1,45,3393.1148,2310,1,1,1,0,still teacher
660053368091881,9,2024,15,1,18111,38,33,1,2,44,1,2,2,1,1,50,677.813,2310,1,1,2025,15,5,38,34,1,2,44,1,2,1,1,45,784.4561,2310,1,1,1,0,still teacher
078691710340160,9,2024,15,4,17111,40,30,6,2,43,1,2,2,1,1,40,2898.9059,2310,1,1,2025,11,8,40,31,6,2,43,1,2,1,1,40,2991.1883,2310,1,1,1,0,still teacher
024007073810586,9,2024,11,4,17111,40,28,6,2,40,1,1,2,1,1,40,3312.9152,2300,1,1,2025,14,8,40,29,6,2,40,1,2,1,1,40,3866.9588,2300,1,1,1,0,still teacher
035113037016164,9,2024,16,3,17111,56,42,1,2,44,1,2,2,1,1,40,370.4166,2310,1,1,2025,15,7,56,43,1,2,44,1,2,1,1,40,394.5665,2310,1,1,1,0,still teacher
451100927216659,9,2024,14,3,17111,56,38,1,2,44,1,2,2,1,1,40,365.8605,2310,1,1,2025,13,7,56,39,1,2,44,1,2,1,1,40,477.3472,2310,1,1,1,0,still teacher
004671620010111,9,2024,15,4,17011,4,65,4,2,43,1,1,2,1,1,37,4670.9577,2310,1,1,2025,10,8,4,66,4,2,43,1,2,1,1,40,3493.8315,2310,1,1,1,0,still teacher
080076035818878,9,2024,14,2,18011,8,33,6,1,44,1,1,2,1,1,50,6116.3067,2320,1,1,2025,14,6,8,34,6,1,43,1,2,1,1,50,4554.7214,2320,1,1,1,0,still teacher
103190042109352,9,2024,15,1,18011,9,40,1,2,44,1,2,2,1,1,45,3239.0246,2300,1,1,2025,15,5,9,41,1,2,44,1,2,1,1,40,3508.8613,230,1,0,0,1,other occupation
050168059219749,9,2024,14,4,17011,9,32,6,2,40,1,2,2,1,2,40,3588.323,2300,1,1,2025,15,8,9,33,6,2,40,1,2,1,1,40,3289.2216,2300,1,1,1,0,still teacher
110567300942060,9,2024,16,1,18011,9,46,1,2,44,1,1,2,1,1,38,3652.9064,2310,1,1,2025,16,5,9,47,1,2,44,1,2,1,1,38,2731.7134,2310,1,1,1,0,still teacher
110567300942060,9,2024,16,1,18011,9,46,1,1,44,1,2,2,1,1,38,3460.2348,2320,1,1,2025,16,5,9,47,1,1,44,1,2,1,1,38,3246.9348,2320,1,1,1,0,still teacher
112509711838700,9,2024,14,4,17011,11,46,5,2,43,2,1,2,1,1,40,549.453,2310,1,1,2025,13,8,11,48,5,2,43,2,2,1,1,45,636.8998,2330,1,1,1,0,still teacher
780741504071517,9,2024,15,4,17011,11,57,4,2,44,2,1,2,1,1,50,477.7559,2310,1,1,2025,16,8,11,57,4,2,44,2,2,1,1,45,464.3766,2310,1,1,1,0,still teacher
780741504071517,9,2024,15,4,17011,11,25,6,2,43,2,2,2,1,1,40,1035.9471,2310,1,1,2025,16,8,11,26,6,2,43,2,2,1,1,40,1180.5538,2310,1,1,1,0,still teacher
009120155697006,9,2024,16,3,17011,12,36,1,2,39,1,2,1,1,1,30,5249.5505,2300,1,1,2025,16,7,12,37,1,2,40,1,1,1,1,40,4938.3094,2360,1,0,0,1,other occupation
760621350061821,9,2024,16,3,17011,12,50,4,2,43,1,1,1,1,1,40,4627.6069,2310,1,1,2025,15,7,12,51,4,2,43,1,1,1,1,40,4510.0451,2320,1,1,1,0,still teacher
519802415516950,9,2024,16,3,17011,15,30,1,2,44,4,2,2,5,1,40,909.7169,2300,1,1,2025,16,7,15,32,1,2,44,4,2,5,1,40,1037.3953,2300,1,1,1,0,still teacher
060920660121100,9,2024,16,4,17011,20,53,4,2,43,1,1,2,1,1,40,1771.2466,2310,1,1,2025,16,8,20,54,4,2,43,1,2,1,1,40,2867.1316,2310,1,1,1,0,still teacher
005190294155293,9,2024,16,4,17011,29,36,1,2,44,1,2,2,1,1,40,3998.7811,2310,1,1,2025,16,8,29,37,1,2,43,1,2,1,1,40,6347.0442,2310,1,1,1,0,still teacher
460280021319270,9,2024,13,2,18011,30,44,6,2,44,1,1,2,1,1,60,672.3425,2310,1,1,2025,13,6,30,45,6,2,44,1,2,1,1,50,549.9188,2310,1,1,1,0,still teacher
109110344056785,9,2024,13,3,17011,31,22,6,2,43,1,1,2,1,1,40,1830.9744,2310,1,1,2025,14,7,31,23,6,2,43,1,2,1,1,40,1951.7603,2310,1,1,1,0,still teacher
236501013446840,9,2024,14,3,17011,32,27,1,2,43,1,1,2,1,1,40,2456.7272,2310,1,1,2025,13,7,32,28,1,2,43,1,2,1,2,40,3842.946,2320,1,1,1,0,still teacher
106130385169682,9,2024,16,1,18011,33,54,1,2,44,1,2,2,1,1,8,1056.3319,2310,1,1,2025,16,5,33,55,1,2,44,1,2,1,1,40,1355.1585,2320,1,1,1,0,still teacher
106130385169682,9,2024,16,1,18011,33,24,6,1,43,1,3,2,1,1,40,1787.0629,2320,1,1,2025,16,5,33,26,6,1,43,1,2,1,1,40,1491.9229,2320,1,1,1,0,still teacher
111973600565973,9,2024,14,4,17011,35,45,4,2,43,1,1,2,1,1,40,1327.5051,2310,1,1,2025,14,8,35,46,4,2,43,1,2,1,1,40,1168.6835,2310,1,1,1,0,still teacher
305160301358741,9,2024,16,2,18011,36,56,1,1,44,2,3,2,1,1,40,5277.2229,2310,1,1,2025,16,6,36,57,1,1,44,2,2,1,1,40,6430.9817,2310,1,1,1,0,still teacher
000190362266949,9,2024,15,4,17011,39,33,1,2,43,1,1,2,1,1,-4,4479.3825,2310,1,1,2025,15,8,39,34,1,2,43,1,2,1,1,40,5745.3419,2310,1,1,1,0,still teacher
024140073810586,9,2024,15,4,17011,40,56,1,2,43,1,1,1,4,1,40,3110.0372,2300,1,1,2025,16,8,40,57,1,2,43,1,1,4,1,40,3347.8992,2861,1,0,0,1,other occupation
121242454030017,9,2024,16,4,17011,41,50,1,1,44,1,1,2,1,1,40,2741.4444,2320,1,1,2025,16,8,41,51,4,1,44,1,2,1,1,8,2517.4674,2310,1,1,1,0,still teacher
003969800940132,9,2024,14,2,18011,42,48,1,2,44,1,1,2,1,1,40,4009.0861,2310,1,1,2025,6,6,42,49,1,2,44,1,2,1,1,40,5558.021,2310,1,1,1,0,still teacher
105120486301425,9,2024,16,2,18011,42,46,1,1,44,1,2,2,1,1,40,4976.6488,2300,1,1,2025,16,6,42,47,1,1,44,1,2,1,1,45,5305.5941,2300,1,1,1,0,still teacher
296413604050118,9,2024,11,3,17011,46,22,6,2,43,1,1,2,1,1,40,790.1481,2310,1,1,2025,11,7,46,23,6,2,43,1,2,1,1,40,967.4626,2320,1,1,1,0,still teacher
920038061405254,9,2024,16,3,17011,48,50,1,2,43,1,2,2,1,1,40,4529.0436,2320,1,1,2025,16,7,48,51,1,2,43,1,2,1,1,40,4621.6534,230,1,0,0,1,other occupation
028687560940189,9,2024,14,3,17011,49,40,1,2,43,1,2,1,1,1,29,1828.732,2310,1,1,2025,15,7,49,41,1,2,43,1,1,1,1,29,2615.5726,2545,1,0,0,1,other occupation
459701114533630,9,2024,13,4,17011,54,45,1,2,43,1,1,2,1,1,40,813.0986,2310,1,1,2025,7,8,54,47,1,2,43,1,2,1,1,40,784.1587,5260,1,0,0,1,other occupation
080087006911759,9,2024,15,3,17111,1,43,1,2,43,1,2,2,1,1,40,2749.1137,2310,1,1,2025,13,7,1,44,1,2,44,1,2,1,7,-1,2220.1978,-1,0,0,0,1,out of labor force
612635572090017,9,2024,15,2,18111,22,35,1,2,44,1,1,2,1,1,40,1461.2773,2310,1,1,2025,16,6,22,36,1,2,44,1,2,1,1,40,1871.7166,2310,1,1,1,0,still teacher
002277870820172,9,2024,15,4,17111,22,55,1,2,44,1,1,2,1,1,45,1891.8841,2320,1,1,2025,15,8,22,56,1,2,44,1,2,1,1,45,1980.4686,2320,1,1,1,0,still teacher
005180376870336,9,2024,16,4,17111,38,42,1,2,43,3,1,2,1,1,40,828.1669,2310,1,1,2025,16,8,38,43,1,2,43,3,2,1,1,40,645.3927,5320,1,0,0,1,other occupation
245092101331565,9,2024,13,4,17111,54,58,1,2,43,1,3,2,1,1,40,828.9177,2320,1,1,2025,14,8,54,59,1,2,44,1,2,1,1,40,796.9366,2310,1,1,1,0,still teacher
120372001024909,9,2024,15,1,18011,2,59,1,2,43,1,1,2,1,1,10,852.7684,2310,1,1,2025,12,5,2,60,1,2,43,1,2,1,1,12,488.1036,2310,1,1,1,0,still teacher
010425031914646,9,2024,16,1,18011,4,52,6,2,43,1,1,1,1,1,20,4428.9617,2300,1,1,2025,9,5,4,53,6,2,43,1,1,1,1,40,4131.578,2300,1,1,1,0,still teacher
941500451751408,9,2024,14,2,18011,4,47,6,1,44,1,1,2,1,1,50,4165.7957,2310,1,1,2025,14,6,4,49,6,1,44,1,2,1,1,60,4348.0999,2310,1,1,1,0,still teacher
040180423051351,9,2024,13,3,17011,5,33,6,1,44,2,1,2,1,1,40,3878.6997,2310,1,1,2025,12,7,5,34,6,1,44,2,2,1,7,-1,3910.0811,-1,0,0,0,1,out of labor force
058544770010111,9,2024,9,1,18011,8,36,6,2,40,1,1,2,1,1,40,5174.1284,2310,1,1,2025,11,5,8,37,6,2,40,1,2,1,1,40,4593.222,4720,1,0,0,1,other occupation
710087101620195,9,2024,11,1,18011,11,64,6,2,44,1,1,2,1,1,24,415.444,2310,1,1,2025,10,5,11,65,6,2,44,1,2,1,1,-4,394.2809,2310,1,1,1,0,still teacher
590831285061621,9,2024,16,1,18011,12,44,1,1,43,1,1,2,1,1,40,5507.0893,2310,1,1,2025,16,5,12,45,1,1,43,1,2,1,1,40,6303.4768,2320,1,1,1,0,still teacher
184074700287321,9,2024,15,2,18011,12,27,6,2,43,1,1,1,1,1,40,5873.7616,2320,1,1,2025,9,6,12,29,1,2,40,1,1,1,1,40,5921.7883,5400,1,0,0,1,other occupation
030241915061625,9,2024,13,1,18011,12,24,6,2,44,2,2,2,1,1,40,8000.0697,2320,1,1,2025,13,5,12,25,6,2,44,2,2,1,1,40,10370.8575,2310,1,1,1,0,still teacher
081188077112454,9,2024,14,1,18011,12,52,6,2,40,1,2,2,1,1,12,4567.5641,2330,1,1,2025,14,5,12,53,6,2,40,1,2,1,1,40,5528.2593,2545,1,0,0,1,other occupation
014732220910192,9,2024,15,3,17011,12,38,1,2,43,1,1,2,1,1,45,4961.7332,2310,1,1,2025,15,7,12,39,1,2,43,1,2,1,1,40,5445.082,2310,1,1,1,0,still teacher
785447431090114,9,2024,15,1,18011,15,54,1,2,44,1,1,2,1,1,65,730.8914,2310,1,1,2025,14,5,15,55,1,2,44,1,2,1,1,-4,777.1234,2310,1,1,1,0,still teacher
002160136521646,9,2024,15,1,18011,16,36,1,1,43,1,1,1,1,1,55,1141.7525,2310,1,1,2025,15,5,16,37,1,1,43,1,1,1,1,40,1388.548,2310,1,1,1,0,still teacher
166984700787001,9,2024,15,2,18011,17,58,1,1,44,1,1,2,1,1,40,4913.1721,2310,1,1,2025,16,6,17,59,1,1,44,1,2,1,1,40,5221.9376,2320,1,1,1,0,still teacher
490001061208179,9,2024,16,3,17011,21,60,1,2,41,1,2,2,1,1,8,3085.8164,2310,1,1,2025,16,7,21,60,1,2,44,1,2,1,1,8,3704.2209,2360,1,0,0,1,other occupation
008130254975740,9,2024,15,2,18011,23,36,1,2,43,1,2,2,1,1,40,1646.7431,2330,1,1,2025,16,6,23,37,1,2,43,1,2,1,1,40,1735.4775,2330,1,1,1,0,still teacher
032044028018591,9,2024,15,3,17011,28,43,1,1,44,2,2,2,1,1,40,2601.4211,2320,1,1,2025,15,7,28,44,1,1,44,2,2,1,1,40,2794.5664,2320,1,1,1,0,still teacher
230669011204817,9,2024,16,2,18011,29,43,1,2,40,1,2,2,1,1,-4,4153.4759,2310,1,1,2025,16,6,29,44,1,2,40,1,2,1,1,40,3932.7958,1240,1,0,0,1,other occupation
980443068041130,9,2024,13,2,18011,33,36,1,2,43,1,2,2,1,1,20,1492.8145,2320,1,1,2025,13,6,33,37,1,2,43,1,2,1,1,38,1189.867,2320,1,1,1,0,still teacher
730653298051880,9,2024,15,1,18011,38,42,1,1,46,1,2,2,1,1,40,656.7737,2310,1,1,2025,16,5,38,43,1,1,46,1,2,1,1,40,688.4538,2310,1,1,1,0,still teacher
110814000961403,9,2024,15,1,18011,39,58,1,2,44,1,1,2,1,1,60,5990.07,2310,1,1,2025,15,5,39,60,1,2,44,1,2,1,1,60,4587.9346,2310,1,1,1,0,still teacher
086968990040160,9,2024,15,1,18011,40,34,1,2,41,1,1,2,1,1,40,2780.6527,2300,1,1,2025,15,5,40,35,1,2,42,1,2,1,1,40,2713.4629,4600,1,0,0,1,other occupation
584956764090215,9,2024,16,2,18011,44,63,1,2,44,1,2,2,1,1,40,1128.7048,2310,1,1,2025,14,6,44,64,1,2,43,1,2,1,5,-1,957.2903,-1,0,0,0,1,out of labor force
009160477605222,9,2024,15,1,18011,46,64,1,2,43,1,2,2,1,1,-4,770.4646,2310,1,1,2025,14,5,46,65,1,2,43,1,2,1,1,20,986.6502,2360,1,0,0,1,other occupation
647609012479190,9,2024,16,2,18011,46,61,1,1,44,1,2,2,1,1,-4,742.0165,2320,1,1,2025,16,6,46,62,1,1,44,1,2,1,1,-4,587.6187,2320,1,1,1,0,still teacher
030147071406070,9,2024,15,1,18011,47,36,1,1,43,1,1,2,1,1,45,3899.7433,2310,1,1,2025,15,5,47,37,1,1,43,1,2,1,1,40,4308.3507,2310,1,1,1,0,still teacher
180659600742184,9,2024,16,3,17011,47,51,1,2,44,1,2,2,1,1,40,3513.5371,2310,1,1,2025,16,7,47,52,1,2,43,1,2,1,1,40,4757.4124,2310,1,1,1,0,still teacher
845305214116090,9,2024,9,4,17011,48,24,6,2,39,1,1,1,1,1,40,6254.2374,2300,1,1,2025,10,8,48,26,6,2,39,1,1,1,1,40,5613.4795,2300,1,1,1,0,still teacher
841409011495780,9,2024,16,2,18011,48,55,4,2,43,1,2,2,1,1,50,4327.9964,2310,1,1,2025,15,6,48,56,4,2,43,1,2,1,1,50,5175.4966,230,1,0,0,1,other occupation
601000922659847,9,2024,14,1,18011,48,46,1,2,44,1,1,2,1,1,50,4983.0316,2320,1,1,2025,13,5,48,47,1,2,44,1,2,1,1,50,4828.8594,2320,1,1,1,0,still teacher
061429845010016,9,2024,16,1,18011,51,46,1,2,44,1,1,2,1,1,50,5192.3461,2310,1,1,2025,16,5,51,48,1,2,44,1,2,1,1,45,5328.2217,2310,1,1,1,0,still teacher
239040108325555,9,2024,16,3,17011,53,53,1,2,44,1,3,2,1,1,37,3690.5529,2310,1,1,2025,16,7,53,54,1,2,44,1,2,1,1,37,3544.6666,2310,1,1,1,0,still teacher
120165900337385,9,2024,11,2,18011,53,39,1,2,40,1,1,2,1,1,40,3404.4859,2310,1,1,2025,16,6,53,40,1,2,40,1,2,1,1,38,4126.1545,2545,1,0,0,1,other occupation
075125034714640,9,2024,12,1,18011,54,53,6,2,44,1,1,2,1,1,45,731.8642,2310,1,1,2025,13,5,54,54,6,2,44,1,2,1,1,45,778.5147,2320,1,1,1,0,still teacher
557010103597534,9,2024,12,3,17011,55,46,3,2,43,1,1,2,1,1,50,5243.6041,2310,1,1,2025,13,7,55,47,3,2,43,1,2,1,1,50,4194.0485,2310,1,1,1,0,still teacher
060231975021816,9,2024,14,2,18111,11,75,4,2,42,2,1,2,1,1,40,611.9516,2310,1,1,2025,14,6,11,76,4,2,42,2,2,1,2,40,442.2213,2300,1,1,1,0,still teacher
055183035310417,9,2024,14,1,18111,50,37,1,2,44,1,1,2,1,1,40,683.5327,2310,1,1,2025,15,5,50,38,1,2,44,1,2,1,1,40,612.4146,2310,1,1,1,0,still teacher
920164011517901,9,2024,13,1,18111,54,31,1,2,43,1,1,2,1,1,40,646.6782,2300,1,1,2025,15,5,54,32,1,2,43,1,2,1,1,40,696.1091,2300,1,1,1,0,still teacher
405100164125238,9,2024,15,3,17011,10,36,1,2,39,1,1,1,2,1,38,964.2597,2300,1,1,2025,6,7,10,38,1,2,39,1,1,2,4,-1,1034.4136,4220,0,0,0,1,unemployed
527042105241181,9,2024,15,3,17011,12,32,1,2,43,1,2,2,1,1,50,6728.7636,2310,1,1,2025,15,7,12,33,1,2,43,1,2,1,1,40,6875.0738,2310,1,1,1,0,still teacher
111400901469216,9,2024,15,1,18011,12,56,1,2,44,1,1,2,1,1,50,4901.9078,2320,1,1,2025,15,5,12,56,1,2,44,1,2,1,1,40,5480.5367,2310,1,1,1,0,still teacher
111400901469216,9,2024,15,1,18011,12,60,1,1,43,1,2,2,1,1,50,5051.6381,2310,1,1,2025,15,5,12,61,1,1,43,1,2,1,1,40,5695.8385,2310,1,1,1,0,still teacher
101130143220826,9,2024,13,3,17011,13,56,1,2,41,1,1,2,1,1,40,5466.6682,2300,1,1,2025,13,7,13,57,1,2,41,1,2,1,1,-4,5027.6164,2300,1,1,1,0,still teacher
062083063212000,9,2024,4,1,18011,22,65,6,2,44,2,1,2,1,1,40,1422.096,2310,1,1,2025,12,5,22,66,6,2,43,2,2,1,1,35,1250.9494,2545,1,0,0,1,other occupation
041296310820142,9,2024,14,1,18011,22,29,1,1,44,1,2,2,1,1,40,1927.0459,2320,1,1,2025,14,5,22,30,1,1,43,1,2,1,1,40,2068.1873,2310,1,1,1,0,still teacher
052112060515555,9,2024,15,4,17011,25,48,1,1,43,1,1,2,1,1,40,2539.7081,2310,1,1,2025,16,8,25,48,1,1,43,1,2,1,1,50,3281.17,2310,1,1,1,0,still teacher
054274893080010,9,2024,16,4,17011,34,25,1,2,43,1,3,2,1,1,40,5106.6276,2320,1,1,2025,16,8,34,26,1,2,43,1,2,1,1,40,4412.3741,2310,1,1,1,0,still teacher
000880520233106,9,2024,12,1,18011,36,32,6,2,41,2,2,2,1,1,40,7643.8286,2310,1,1,2025,9,5,36,33,6,2,41,2,2,1,1,35,7150.1251,2310,1,1,1,0,still teacher
073090100799341,9,2024,14,1,18011,37,37,6,2,44,1,1,2,1,1,60,4404.3862,2310,1,1,2025,13,5,37,38,6,2,44,1,2,1,1,60,4544.9882,2310,1,1,1,0,still teacher
609021102149505,9,2024,15,1,18011,50,55,1,2,43,1,2,2,1,1,32,512.1143,2330,1,1,2025,15,5,50,56,1,2,43,1,2,1,1,35,428.0591,2545,1,0,0,1,other occupation
080055620250141,9,2024,15,4,17011,51,25,1,2,43,1,2,2,1,1,40,4754.0089,2330,1,1,2025,15,8,51,26,1,2,43,1,2,1,1,40,5740.5487,2330,1,1,1,0,still teacher
432030101791325,9,2024,15,4,17111,33,45,1,2,44,1,1,2,1,1,40,1155.8649,2310,1,1,2025,15,8,33,46,1,2,44,1,2,1,1,40,1208.8311,2310,1,1,1,0,still teacher
141984500414545,9,2024,16,1,18111,54,53,1,1,44,1,2,2,1,1,40,836.4613,2320,1,1,2025,15,5,54,54,1,1,44,1,2,1,1,40,881.9387,2320,1,1,1,0,still teacher
092626730105114,9,2024,14,1,18011,4,39,1,1,44,1,1,2,1,1,40,6842.2641,2310,1,1,2025,16,5,4,40,1,1,44,1,2,1,7,-1,4419.9058,-1,0,0,0,1,out of labor force
092626730105114,9,2024,14,1,18011,4,40,1,2,44,1,2,2,1,1,20,5449.898,2320,1,1,2025,16,5,4,41,1,2,44,1,2,1,1,-4,5098.8097,2310,1,1,1,0,still teacher
060239012916707,9,2024,15,4,17011,6,26,6,2,43,4,1,2,1,1,40,4922.3274,2310,1,1,2025,16,8,6,27,6,2,43,4,2,1,1,40,6029.8355,2320,1,1,1,0,still teacher
604304116160060,9,2024,16,1,18011,6,42,1,2,44,4,1,2,4,1,40,4676.1742,2310,1,1,2025,16,5,6,43,1,2,44,4,2,4,1,40,5174.0514,2320,1,1,1,0,still teacher
709178561040011,9,2024,12,1,18011,19,32,6,2,44,1,1,1,1,1,40,2374.9598,2310,1,1,2025,12,5,19,33,6,2,44,1,1,1,1,40,4064.5409,2310,1,1,1,0,still teacher
210497522020012,9,2024,14,1,18011,20,47,4,2,43,1,1,2,1,1,40,2245.9116,2310,1,1,2025,13,5,20,48,4,2,43,1,2,1,1,50,2111.8016,2310,1,1,1,0,still teacher
631100044557532,9,2024,14,1,18011,35,48,1,2,46,1,1,2,1,1,35,1421.7564,2310,1,1,2025,15,5,35,49,1,2,46,1,2,1,1,30,1226.6701,2310,1,1,1,0,still teacher
006180442793182,9,2024,14,1,18011,48,46,1,2,44,1,2,2,1,1,40,4220.7875,2310,1,1,2025,16,5,48,47,1,2,44,1,2,1,1,40,3648.6559,2006,1,0,0,1,other occupation
584010105838479,9,2024,16,4,17011,48,38,1,2,42,1,2,2,1,1,40,5263.7931,2330,1,1,2025,16,8,48,39,1,2,42,1,2,1,1,45,4462.2515,2310,1,1,1,0,still teacher
198316354010110,9,2024,15,2,18011,48,52,1,2,43,7,2,2,4,1,50,5527.4945,2320,1,1,2025,15,6,48,53,1,2,43,7,2,4,1,40,5330.6609,2310,1,1,1,0,still teacher
121947600364775,9,2024,15,1,18011,53,35,6,2,44,1,1,1,1,1,40,4425.783,2310,1,1,2025,10,5,53,36,6,2,43,1,1,1,1,36,4668.8784,2545,1,0,0,1,other occupation
020037031015391,9,2024,16,4,17111,5,37,1,2,42,1,2,2,1,1,36,1709.8254,2320,1,1,2025,16,8,5,38,1,2,44,1,2,1,7,-1,2146.5364,-1,0,0,0,1,out of labor force
161739200016383,9,2024,10,4,17111,30,24,1,2,43,1,1,2,1,1,40,847.9629,2320,1,1,2025,13,8,30,25,1,2,43,1,2,1,1,40,630.5329,2040,1,0,0,1,other occupation
003110379366395,9,2024,15,4,17111,31,53,1,2,46,1,1,2,1,1,60,1641.0819,2310,1,1,2025,15,8,31,54,1,2,46,1,2,1,1,-4,1350.6646,2310,1,1,1,0,still teacher
132202013206930,9,2024,13,2,18111,31,53,1,2,43,1,1,2,1,1,40,1212.3677,2310,1,1,2025,14,6,31,54,1,2,43,1,2,1,1,40,1486.2739,2310,1,1,1,0,still teacher
270615051001862,9,2024,13,2,18011,5,28,1,2,43,2,1,2,1,1,40,2357.7502,2320,1,1,2025,13,6,5,29,1,2,43,2,2,1,1,20,3827.1645,2360,1,0,0,1,other occupation
594001103564067,9,2024,15,3,17011,9,32,1,2,44,1,2,2,1,1,40,4190.7527,2310,1,1,2025,15,7,9,33,1,2,44,1,2,1,2,40,3777.3234,2310,1,1,1,0,still teacher
057442770111130,9,2024,15,1,18011,10,37,1,2,43,1,2,2,1,1,40,1199.3936,2310,1,1,2025,16,5,10,39,1,2,43,1,2,1,1,40,731.1771,2310,1,1,1,0,still teacher
471300460555116,9,2024,16,1,18011,11,27,6,2,44,1,2,2,1,1,45,441.4264,2300,1,1,2025,15,5,11,28,6,2,44,1,2,1,1,40,651.4083,2300,1,1,1,0,still teacher
724070105464117,9,2024,15,2,18011,12,40,1,2,44,1,2,2,1,1,40,5447.5392,2310,1,1,2025,15,6,12,41,1,2,44,1,2,1,7,-1,7111.5163,-1,0,0,0,1,out of labor force
571400018046218,9,2024,11,2,18011,12,25,6,2,43,1,1,1,1,1,38,6562.8567,2300,1,1,2025,12,6,12,26,6,2,44,1,1,1,1,40,8528.011,2310,1,1,1,0,still teacher
031176016112889,9,2024,14,3,17011,12,58,1,2,43,1,2,2,1,1,40,5066.4897,2310,1,1,2025,14,7,12,59,1,2,43,1,2,1,1,40,5079.8059,2310,1,1,1,0,still teacher
871400368228217,9,2024,15,4,17011,12,43,1,2,43,1,2,1,1,1,40,4720.8804,2320,1,1,2025,15,8,12,44,6,2,44,1,1,1,1,40,4951.4032,2310,1,1,1,0,still teacher
039286310315197,9,2024,15,1,18011,17,62,1,1,44,4,2,2,4,1,40,4444.0917,2320,1,1,2025,15,5,17,64,1,1,44,4,2,4,1,40,6497.4381,2310,1,1,1,0,still teacher
002110206674083,9,2024,16,3,17011,21,50,1,2,43,1,1,2,1,1,-4,3118.7329,2310,1,1,2025,14,7,21,51,1,2,40,1,2,1,1,40,4063.1229,2360,1,0,0,1,other occupation
831011103221214,9,2024,15,1,18011,23,40,1,2,43,1,2,2,1,1,40,2029.9465,2310,1,1,2025,15,5,23,41,1,2,43,1,2,1,1,40,2271.2684,2320,1,1,1,0,still teacher
627607015529100,9,2024,15,1,18011,26,29,6,1,43,1,2,2,1,1,40,4558.7653,2310,1,1,2025,15,5,26,31,1,1,43,1,2,1,1,40,5361.3706,2310,1,1,1,0,still teacher
190990000834682,9,2024,11,1,18011,28,48,4,2,44,2,1,2,1,1,40,2302.1333,2310,1,1,2025,12,5,28,49,4,2,44,2,2,1,1,40,2654.0039,2310,1,1,1,0,still teacher
344794163050018,9,2024,14,3,17011,34,40,6,2,43,1,1,2,1,1,60,5541.2867,2330,1,1,2025,14,7,34,41,6,2,43,1,2,1,1,50,6530.7601,2310,1,1,1,0,still teacher
720853379051970,9,2024,2,4,17011,37,34,6,2,40,2,1,2,1,2,6,5380.4936,2300,1,1,2025,4,8,37,35,6,2,40,2,2,1,7,-1,5737.1286,2545,0,0,0,1,out of labor force
083318530230147,9,2024,16,1,18011,37,51,1,1,44,1,1,2,1,1,40,3777.8522,2310,1,1,2025,16,5,37,52,1,1,44,1,2,1,1,40,6380.8569,2320,1,1,1,0,still teacher
047265943070016,9,2024,14,1,18011,37,42,5,2,43,3,1,2,1,1,40,6263.9027,2330,1,1,2025,16,5,37,43,5,2,43,3,2,1,1,40,3450.2018,2320,1,1,1,0,still teacher
694020104162338,9,2024,16,3,17011,39,37,1,2,44,1,1,2,1,1,40,3958.9278,2310,1,1,2025,16,7,39,39,1,2,44,1,2,1,1,40,5017.1226,2310,1,1,1,0,still teacher
140144928061271,9,2024,16,2,18011,47,44,1,2,44,1,2,2,1,1,40,4028.0543,2310,1,1,2025,15,6,47,45,1,2,44,1,2,1,1,40,5075.5393,2310,1,1,1,0,still teacher
157002012702300,9,2024,15,2,18011,51,54,4,2,44,1,1,2,1,1,40,3686.7894,2310,1,1,2025,16,6,51,55,4,2,44,1,2,1,1,40,3674.3208,2310,1,1,1,0,still teacher
023255785000118,9,2024,1,1,18011,53,55,4,2,40,1,1,2,1,1,40,3671.529,2310,1,1,2025,13,5,53,55,4,2,43,1,2,1,1,40,4413.1285,2310,1,1,1,0,still teacher
806030100986390,9,2024,13,1,18111,30,53,6,2,44,1,1,2,1,1,50,468.6269,2310,1,1,2025,13,5,30,54,6,2,44,1,2,1,1,50,483.4591,2320,1,1,1,0,still teacher
591100800840339,9,2024,16,1,18111,33,31,1,2,44,1,2,2,1,1,42,990.2018,2310,1,1,2025,16,5,33,32,1,2,44,1,2,1,2,40,989.8519,2310,1,1,1,0,still teacher
355301010808990,9,2024,9,4,17111,53,63,3,2,40,7,1,2,1,2,20,4110.7426,2320,1,1,2025,7,8,53,64,3,2,40,7,2,1,1,25,4768.3637,2722,1,0,0,1,other occupation
450384021510943,9,2024,15,2,18111,54,72,1,1,44,1,1,2,1,1,40,763.7828,2320,1,1,2025,15,6,54,73,1,1,43,1,2,1,5,-1,813.0426,-1,0,0,0,1,out of labor force
240755596001440,9,2024,15,2,18111,54,29,1,2,44,1,2,2,1,1,40,803.2754,2310,1,1,2025,16,6,54,30,1,2,44,1,2,1,1,40,840.894,2310,1,1,1,0,still teacher
206120004214660,9,2024,12,1,18011,2,34,4,2,40,1,1,1,1,1,40,542.7112,2300,1,1,2025,9,5,2,35,6,2,39,1,1,1,1,35,564.2638,4600,1,0,0,1,other occupation
605900314692860,9,2024,15,4,17011,6,59,1,2,44,1,1,1,1,1,50,4201.182,2320,1,1,2025,15,8,6,60,1,2,44,1,1,1,1,55,4528.4109,2360,1,0,0,1,other occupation
151900836149512,9,2024,10,1,18011,15,44,6,2,40,1,1,1,1,1,40,798.8646,2300,1,1,2025,11,5,15,45,6,2,39,1,1,1,1,40,843.6429,2300,1,1,1,0,still teacher
250044102355190,9,2024,15,1,18011,15,29,6,2,44,1,2,2,1,1,40,861.8712,2310,1,1,2025,15,5,15,30,1,2,44,1,2,1,1,40,958.3947,2310,1,1,1,0,still teacher
508170133477424,9,2024,16,1,18011,17,44,1,2,44,1,1,2,1,1,40,4309.2048,2310,1,1,2025,16,5,17,45,1,2,44,1,2,1,1,40,4517.4841,2310,1,1,1,0,still teacher
150899300792481,9,2024,15,4,17011,17,18,6,2,43,1,2,2,1,1,40,4449.1832,2310,1,1,2025,15,8,17,18,6,2,43,1,2,1,1,40,5301.8785,2310,1,1,1,0,still teacher
001011008319014,9,2024,13,3,17011,19,35,6,2,44,1,1,2,1,1,40,3305.2,2310,1,1,2025,13,7,19,36,6,2,43,1,2,1,1,40,2273.0181,2310,1,1,1,0,still teacher
540329081209291,9,2024,14,1,18011,29,62,1,2,44,2,1,2,1,1,40,4020.4608,2310,1,1,2025,16,5,29,63,1,2,44,2,2,1,5,-1,5413.1715,-1,0,0,0,1,out of labor force
728494134080410,9,2024,13,3,17011,48,39,4,2,43,2,1,2,1,1,50,6091.3001,2310,1,1,2025,15,7,48,41,4,2,43,2,2,1,1,55,4939.5823,2330,1,1,1,0,still teacher
849506014094310,9,2024,16,1,18011,48,29,1,1,43,1,1,2,3,2,40,7348.5766,2320,1,1,2025,16,5,48,30,1,1,43,1,2,3,1,40,5646.5305,2310,1,1,1,0,still teacher
869123044010314,9,2024,16,4,17011,49,49,1,1,45,1,1,2,1,1,35,2028.3826,2310,1,1,2025,15,8,49,50,1,1,45,1,2,1,1,40,2254.6177,2310,1,1,1,0,still teacher
390679061434007,9,2024,16,3,17011,49,42,1,2,44,1,1,2,1,1,50,1852.0956,2310,1,1,2025,16,7,49,42,1,2,44,1,2,1,1,50,2139.1596,2310,1,1,1,0,still teacher
901800703114941,9,2024,16,1,18011,49,54,1,2,43,1,1,2,1,1,46,2240.9199,2310,1,1,2025,16,5,49,56,1,2,43,1,2,1,1,45,1995.1314,2350,1,0,0,1,other occupation
170344900399915,9,2024,13,1,18011,53,26,1,2,43,1,2,1,1,1,28,5239.6456,2320,1,1,2025,15,5,53,27,1,2,43,1,1,1,1,7,4413.4032,2310,1,1,1,0,still teacher
660002028071990,9,2024,13,4,17111,29,23,6,2,43,1,1,2,1,1,40,4493.1675,2310,1,1,2025,12,8,29,24,1,2,43,1,2,1,1,40,7721.7728,2310,1,1,1,0,still teacher
180811031307802,9,2024,15,1,18111,31,64,1,2,43,1,2,2,1,1,50,1369.2489,2330,1,1,2025,15,5,31,65,1,2,43,1,2,1,1,50,834.7916,2330,1,1,1,0,still teacher
770865697021561,9,2024,13,4,17111,56,47,1,2,44,1,1,2,1,1,40,344.2817,2320,1,1,2025,13,8,56,48,1,2,43,1,2,1,7,-1,331.9562,-1,0,0,0,1,out of labor force
088921810900155,9,2024,14,4,17011,5,77,1,2,40,1,2,2,1,1,6,1178.222,2310,1,1,2025,14,8,5,77,1,2,40,1,2,1,5,-1,1020.0421,4600,0,0,0,1,out of labor force
082111022110914,9,2024,15,2,18011,20,43,1,2,43,1,2,2,1,1,40,2044.8556,2300,1,1,2025,15,6,20,45,1,2,43,1,2,1,1,40,1825.6977,2300,1,1,1,0,still teacher
980484214021121,9,2024,16,1,18011,42,23,6,2,43,1,4,2,1,1,40,5720.3888,2310,1,1,2025,16,5,42,24,6,2,43,1,2,1,1,40,5875.8729,2310,1,1,1,0,still teacher
