group,dlog
stayer,-0.0
stayer,-3.73
stayer,-0.2
stayer,-5.13
stayer,5.13
stayer,-2.2
stayer,11.33
stayer,3.47
stayer,0.0
stayer,91.53
stayer,38.08
stayer,69.31
stayer,0.0
stayer,-78.02
stayer,7.85
stayer,13.35
stayer,0.0
stayer,8.22
stayer,11.55
stayer,15.01
stayer,22.32
stayer,281.34
stayer,22.31
stayer,8.84
stayer,-16.99
stayer,3.77
stayer,7.23
stayer,-18.23
stayer,28.26
stayer,4.08
stayer,-7.79
stayer,-1.55
stayer,15.54
stayer,15.42
stayer,3.13
stayer,1.6
stayer,4.35
stayer,0.0
stayer,-1.34
stayer,6.45
stayer,-63.95
stayer,25.13
stayer,-142.14
stayer,-12.68
stayer,13.35
stayer,77.7
stayer,-6.97
stayer,48.55
stayer,-26.59
stayer,2.37
stayer,-2.6
stayer,8.83
stayer,-1.9
stayer,104.71
stayer,-6.45
stayer,26.57
stayer,38.3
stayer,-10.71
stayer,25.78
stayer,44.47
stayer,16.35
stayer,16.71
stayer,30.32
stayer,-60.61
stayer,-105.94
stayer,-9.53
stayer,28.77
stayer,3.03
stayer,4.26
stayer,2.82
stayer,1.71
stayer,37.76
stayer,20.97
stayer,51.88
stayer,16.13
stayer,12.05
stayer,-45.68
stayer,-167.4
stayer,37.16
stayer,-52.05
stayer,73.85
stayer,11.78
stayer,20.59
stayer,-132.18
stayer,-3.39
stayer,25.59
stayer,5.48
stayer,-64.44
stayer,-6.45
stayer,0.0
stayer,-142.71
stayer,2.82
stayer,-6.45
stayer,14.95
stayer,-52.04
stayer,-22.31
stayer,-28.77
stayer,-49.58
stayer,0.85
stayer,-2.6
stayer,-3.92
stayer,-54.47
stayer,-20.07
stayer,-20.29
stayer,-49.43
stayer,9.28
stayer,-56.48
stayer,-111.47
stayer,-6.45
stayer,-1.14
stayer,2.96
stayer,0.0
stayer,18.23
stayer,6.9
stayer,-446.21
stayer,4.88
stayer,3.64
stayer,340.12
stayer,100.99
stayer,-6.02
stayer,4.55
stayer,19.32
stayer,76.21
stayer,0.0
stayer,24.12
stayer,0.0
stayer,32.25
stayer,47.0
stayer,-2.44
stayer,36.77
stayer,-18.23
stayer,472.3
stayer,17.77
stayer,2.47
stayer,13.35
stayer,-2.47
stayer,-3.92
stayer,-28.77
stayer,2.53
stayer,0.0
stayer,22.01
stayer,-105.21
stayer,47.0
stayer,23.11
stayer,0.0
stayer,-74.19
stayer,0.0
stayer,-100.55
stayer,-8.7
stayer,278.81
stayer,57.89
stayer,-456.14
stayer,-6.9
stayer,148.43
stayer,1.16
stayer,-2.71
stayer,-1.32
stayer,5.2
stayer,-28.77
stayer,-20.29
stayer,-8.0
stayer,22.31
stayer,0.0
stayer,0.0
stayer,33.65
stayer,-4.08
stayer,0.0
stayer,11.78
stayer,-26.24
stayer,6.9
stayer,-6.06
stayer,12.52
stayer,58.28
stayer,62.08
stayer,-41.49
stayer,42.74
stayer,80.3
stayer,-55.96
stayer,7.9
stayer,40.54
stayer,189.71
stayer,10.54
stayer,8.34
stayer,55.63
stayer,84.4
stayer,42.74
stayer,65.39
stayer,-20.97
stayer,7.7
stayer,32.85
stayer,0.0
stayer,-128.09
stayer,-147.44
stayer,0.11
stayer,0.0
stayer,0.0
stayer,-12.52
stayer,-44.9
stayer,-179.18
stayer,94.74
stayer,62.42
stayer,75.93
stayer,18.88
stayer,18.23
stayer,0.0
stayer,-24.69
stayer,109.86
stayer,-15.71
stayer,24.24
stayer,-7.46
stayer,2.06
stayer,6.9
stayer,2.2
stayer,8.39
stayer,-73.97
stayer,7.41
stayer,7.41
stayer,0.0
stayer,5.18
stayer,-65.59
stayer,3.45
stayer,0.0
stayer,41.62
stayer,-6.54
stayer,14.17
stayer,1.26
stayer,4.71
stayer,-9.53
stayer,83.62
stayer,2.02
stayer,212.03
stayer,-174.3
stayer,0.0
stayer,0.0
stayer,-20.17
stayer,14.31
stayer,69.31
stayer,26.83
stayer,47.0
stayer,64.77
stayer,-2.25
stayer,3.13
stayer,0.0
stayer,5.49
stayer,-191.09
stayer,11.78
stayer,9.96
stayer,6.45
stayer,-11.53
stayer,24.12
stayer,-100.98
stayer,9.53
stayer,15.72
stayer,33.05
stayer,102.45
stayer,38.78
stayer,-6.06
stayer,21.36
stayer,-31.89
stayer,14.84
stayer,152.35
stayer,60.24
stayer,2.25
stayer,13.35
stayer,66.78
stayer,-22.31
stayer,23.64
stayer,5.61
stayer,35.2
stayer,-37.73
stayer,11.78
stayer,39.77
stayer,-36.0
stayer,210.84
stayer,-15.63
stayer,124.48
stayer,-2.35
stayer,8.25
stayer,-42.74
stayer,-4.65
stayer,-28.83
stayer,10.82
stayer,17.59
stayer,20.76
stayer,-5.04
stayer,-2.6
stayer,11.78
stayer,-3.51
stayer,-9.13
stayer,-47.0
stayer,-31.47
stayer,28.77
stayer,-118.38
stayer,-101.76
stayer,-18.23
stayer,-18.23
stayer,17.03
stayer,-699.29
stayer,0.0
stayer,-100.33
stayer,-13.95
stayer,12.78
stayer,26.24
stayer,-33.65
stayer,-33.65
stayer,-6.06
stayer,2.93
stayer,-14.39
stayer,-6.45
stayer,-9.13
stayer,11.33
stayer,189.71
stayer,4.5
stayer,19.04
stayer,30.01
stayer,13.1
stayer,-31.02
stayer,3.39
stayer,66.5
stayer,3.92
stayer,-14.55
stayer,-306.81
stayer,125.28
stayer,179.18
stayer,-6.06
stayer,18.23
stayer,-10.54
stayer,13.72
stayer,8.0
stayer,5.43
stayer,-4.88
stayer,31.85
stayer,22.31
stayer,-3.05
stayer,20.07
stayer,-6.45
stayer,7.8
stayer,-32.54
stayer,-58.78
stayer,2.74
stayer,-20.76
stayer,0.0
stayer,-91.63
stayer,-8.0
stayer,77.63
stayer,-1.94
stayer,1.31
stayer,18.23
stayer,16.13
stayer,43.29
stayer,0.0
stayer,70.32
stayer,-130.93
stayer,28.77
stayer,80.35
stayer,69.31
stayer,91.63
stayer,18.23
stayer,3.77
stayer,0.0
stayer,1.44
stayer,6.06
stayer,-1.47
stayer,3.39
stayer,-6.45
stayer,-1.71
stayer,75.52
stayer,-158.59
stayer,0.0
stayer,-43.08
stayer,-3.13
stayer,5.72
stayer,79.85
stayer,118.96
stayer,-4.26
stayer,0.0
stayer,49.1
stayer,-38.57
stayer,-19.32
stayer,85.57
stayer,-4.55
stayer,1.19
stayer,13.61
stayer,6.67
stayer,-6.25
stayer,17.77
stayer,127.3
stayer,-229.94
stayer,7.8
stayer,-8.7
stayer,-64.19
stayer,-40.55
stayer,12.52
stayer,-49.63
stayer,9.84
stayer,3.03
stayer,6.9
stayer,-69.31
stayer,-6.06
stayer,4.88
stayer,10.54
stayer,7.33
stayer,13.35
stayer,7.12
stayer,11.78
stayer,-100.68
stayer,12.52
stayer,-340.12
stayer,-13.72
stayer,3.59
stayer,7.15
stayer,2.6
stayer,-5.56
stayer,-10.61
stayer,35.94
stayer,-16.13
stayer,2.61
stayer,27.76
stayer,7.7
stayer,13.05
stayer,-8.0
stayer,73.38
stayer,-19.42
stayer,12.78
stayer,53.9
stayer,-187.18
stayer,15.42
stayer,-3.69
stayer,4.45
stayer,-6.9
stayer,-65.82
stayer,6.9
stayer,7.23
stayer,-65.39
stayer,5.13
stayer,-1.36
stayer,-22.31
stayer,11.62
stayer,4.88
stayer,10.92
stayer,-10.27
stayer,6.71
stayer,28.77
stayer,2.53
stayer,4.08
stayer,0.0
stayer,6.45
stayer,7.91
stayer,4.73
stayer,-27.33
stayer,3.03
stayer,17.47
stayer,-22.31
stayer,9.53
stayer,-26.97
stayer,0.0
stayer,14.84
stayer,24.12
stayer,-64.93
stayer,-9.13
stayer,-15.08
stayer,40.55
stayer,-7.5
stayer,-48.24
stayer,-34.36
stayer,-4.65
stayer,-69.31
stayer,13.35
stayer,2.07
stayer,0.0
stayer,-7.6
stayer,-46.26
stayer,-159.6
stayer,7.8
stayer,4.73
stayer,-27.38
stayer,-55.96
stayer,0.5
stayer,1.4
stayer,-51.08
stayer,-43.83
stayer,-8.96
stayer,-11.78
stayer,9.91
stayer,39.3
stayer,47.8
stayer,-346.57
stayer,-1.29
stayer,26.24
stayer,-98.53
stayer,10.54
stayer,20.43
stayer,35.85
stayer,-184.82
stayer,31.02
stayer,22.31
stayer,-8.34
stayer,-26.57
stayer,0.0
stayer,20.59
stayer,-177.5
stayer,35.48
stayer,0.0
stayer,-8.7
stayer,117.41
stayer,-62.86
stayer,-37.04
stayer,57.33
stayer,-25.34
stayer,0.0
stayer,13.49
stayer,21.91
stayer,5.31
stayer,182.92
stayer,1.26
stayer,-3.51
stayer,10.54
stayer,-11.39
stayer,30.11
stayer,-27.03
stayer,-18.23
stayer,28.77
stayer,160.94
stayer,2.53
stayer,-5.83
stayer,8.49
stayer,409.43
stayer,-221.56
stayer,21.51
stayer,69.31
stayer,0.0
stayer,-259.53
stayer,-132.18
stayer,-6.6
stayer,-74.72
stayer,59.78
stayer,-0.01
stayer,-26.73
stayer,27.44
stayer,-81.09
stayer,4.03
stayer,0.0
stayer,99.52
stayer,11.0
stayer,-26.29
stayer,116.32
stayer,5.41
stayer,102.96
stayer,-98.08
stayer,-45.2
stayer,-67.37
stayer,-9.53
stayer,47.0
stayer,0.0
stayer,36.77
stayer,14.46
stayer,116.32
stayer,69.31
stayer,6.45
stayer,31.85
stayer,66.5
stayer,0.0
stayer,13.35
stayer,8.7
stayer,5.13
stayer,2.18
stayer,33.27
stayer,23.89
stayer,-17.44
stayer,4.08
stayer,7.7
stayer,0.0
stayer,0.0
stayer,10.54
stayer,2.02
stayer,32.85
stayer,147.33
stayer,22.31
stayer,-18.23
stayer,-20.76
stayer,14.31
stayer,-8.0
stayer,-2.35
stayer,-49.06
stayer,-3.39
stayer,13.14
stayer,-11.78
stayer,-5.94
stayer,333.22
stayer,109.86
stayer,0.0
stayer,13.35
stayer,13.06
stayer,8.96
stayer,17.19
stayer,0.0
stayer,-6.45
stayer,-40.55
stayer,53.49
stayer,18.23
stayer,-51.08
stayer,205.41
stayer,-27.09
stayer,16.91
stayer,-72.21
stayer,35.67
stayer,57.54
stayer,0.0
stayer,9.68
stayer,-59.16
stayer,-36.62
stayer,0.0
stayer,-20.07
stayer,-150.41
stayer,0.0
stayer,-34.48
stayer,0.0
stayer,98.45
stayer,67.29
stayer,18.54
stayer,-168.18
stayer,79.85
stayer,22.31
stayer,73.24
stayer,73.24
stayer,0.0
stayer,158.31
stayer,55.05
stayer,-16.71
stayer,0.0
stayer,-2.02
stayer,0.0
stayer,36.46
stayer,-2.35
stayer,113.5
stayer,0.0
stayer,0.0
stayer,7.15
stayer,-28.18
stayer,7.41
stayer,28.77
stayer,51.08
stayer,19.61
stayer,-15.85
stayer,-18.23
stayer,0.0
stayer,53.9
stayer,40.54
stayer,-43.83
stayer,-17.52
stayer,-37.95
stayer,-93.43
stayer,49.9
stayer,9.35
stayer,-1.08
stayer,138.63
stayer,260.8
stayer,-13.35
stayer,-16.25
stayer,136.1
stayer,-12.52
stayer,19.37
stayer,12.86
stayer,18.23
stayer,18.23
stayer,107.04
stayer,9.72
stayer,-17.44
stayer,194.59
stayer,129.93
stayer,82.45
stayer,82.45
stayer,-36.46
stayer,40.55
stayer,-69.31
stayer,-3.92
stayer,18.23
stayer,3.92
stayer,0.0
stayer,-80.65
stayer,28.77
stayer,10.54
stayer,10.54
stayer,5.61
stayer,0.0
stayer,-13.35
stayer,-2.25
stayer,11.33
stayer,-6.45
stayer,77.65
stayer,-4.08
stayer,4.35
stayer,23.48
stayer,0.0
stayer,-78.85
stayer,-6.9
stayer,-58.78
stayer,22.31
stayer,2.6
stayer,-17.44
stayer,-40.55
stayer,-142.71
stayer,8.22
stayer,-4.45
stayer,-96.14
stayer,0.0
stayer,0.0
stayer,-31.67
stayer,0.0
stayer,-17.69
stayer,8.84
stayer,-25.13
stayer,-136.43
stayer,-20.96
stayer,11.0
stayer,-2.23
stayer,6.73
stayer,-40.55
stayer,-2.74
stayer,0.0
stayer,1.31
stayer,41.55
stayer,-5.56
stayer,4.22
stayer,-11.78
stayer,22.31
stayer,10.54
stayer,47.96
stayer,0.0
stayer,56.26
stayer,-40.55
stayer,7.86
stayer,-3.77
stayer,24.12
stayer,0.0
stayer,-20.07
stayer,6.9
stayer,8.52
stayer,-19.0
stayer,23.36
stayer,-40.55
stayer,13.35
stayer,3.64
stayer,8.7
stayer,11.33
stayer,40.55
stayer,-4.88
stayer,-39.26
stayer,2.02
stayer,94.45
stayer,8.96
stayer,34.09
stayer,7.41
stayer,-30.37
stayer,-20.59
stayer,-77.01
stayer,8.41
stayer,9.31
stayer,0.0
stayer,-3.12
stayer,-36.08
stayer,114.21
stayer,-13.01
stayer,8.0
stayer,4.0
stayer,37.27
stayer,0.0
stayer,3.39
stayer,6.9
stayer,-3.92
stayer,12.78
stayer,27.54
stayer,-12.41
stayer,0.0
stayer,7.06
stayer,276.17
stayer,-17.44
stayer,6.06
stayer,-2.2
stayer,51.08
stayer,-1.94
stayer,69.31
stayer,-26.97
stayer,0.0
stayer,-18.23
stayer,-34.17
stayer,17.44
stayer,-17.18
stayer,4.22
stayer,-3.85
stayer,4.88
stayer,-28.77
stayer,0.0
stayer,193.49
stayer,-40.55
stayer,-47.45
stayer,81.09
stayer,9.53
stayer,0.0
stayer,0.0
stayer,-29.55
stayer,0.0
stayer,12.52
stayer,28.77
stayer,-5.13
stayer,-191.62
stayer,-59.78
stayer,28.1
stayer,94.84
stayer,144.95
stayer,-18.23
stayer,9.53
stayer,-40.55
stayer,0.0
stayer,-51.08
stayer,0.0
stayer,-5.13
stayer,-5.01
stayer,3.98
stayer,9.97
stayer,2.36
stayer,-21.36
stayer,17.59
stayer,-6.06
stayer,130.41
stayer,-8.7
stayer,-9.01
stayer,112.06
stayer,-0.01
stayer,0.0
stayer,0.0
stayer,-69.31
stayer,25.13
stayer,125.28
stayer,4.65
stayer,-0.48
stayer,10.54
stayer,23.36
stayer,7.64
stayer,156.56
stayer,0.0
stayer,8.22
stayer,13.35
stayer,-207.94
stayer,79.66
stayer,27.4
stayer,-30.01
stayer,-27.76
stayer,33.65
stayer,15.86
stayer,-7.08
stayer,-69.31
stayer,-38.57
stayer,-37.47
stayer,0.0
stayer,-0.0
stayer,59.09
stayer,4.08
stayer,0.0
stayer,2.2
stayer,13.35
stayer,-10.54
stayer,-36.73
stayer,0.0
stayer,-2.99
stayer,-3.92
stayer,3.77
stayer,7.28
stayer,10.54
stayer,-4.26
stayer,0.0
stayer,0.0
stayer,-45.2
stayer,-42.29
stayer,-438.2
stayer,29.48
stayer,13.35
stayer,0.0
stayer,14.15
stayer,-53.9
stayer,133.5
stayer,-109.86
stayer,9.24
stayer,8.7
stayer,-6.45
stayer,6.24
stayer,52.13
stayer,-7.75
stayer,-51.08
stayer,62.42
stayer,145.34
stayer,115.27
stayer,6.9
stayer,-116.32
stayer,36.77
stayer,0.0
stayer,23.15
stayer,14.9
stayer,-7.7
stayer,-47.0
stayer,-42.29
stayer,28.77
stayer,53.9
stayer,-8.34
stayer,14.46
stayer,230.26
stayer,15.08
stayer,-1.6
stayer,0.0
stayer,-133.68
stayer,-29.42
stayer,42.23
stayer,4.32
stayer,2.9
stayer,73.4
stayer,7.41
stayer,6.06
stayer,5.39
stayer,91.63
stayer,-36.59
stayer,-1.34
stayer,20.76
stayer,10.54
stayer,-30.48
stayer,4.08
stayer,28.77
stayer,-39.39
stayer,-9.53
stayer,89.38
stayer,0.0
stayer,0.62
stayer,0.0
stayer,1.83
stayer,-5.97
stayer,4.88
stayer,48.73
stayer,-8.34
stayer,53.06
stayer,9.1
stayer,8.34
stayer,3.39
stayer,-16.3
stayer,16.25
stayer,0.0
stayer,-75.38
stayer,0.0
stayer,1.48
stayer,13.35
stayer,-22.88
stayer,-43.83
stayer,28.77
stayer,-2.35
stayer,0.0
stayer,28.77
stayer,-1.44
stayer,-69.31
stayer,-62.17
stayer,6.9
stayer,22.31
stayer,8.63
stayer,-8.7
stayer,0.0
stayer,-8.57
stayer,108.62
stayer,-15.42
stayer,-28.77
stayer,9.53
stayer,13.67
stayer,0.0
stayer,3.68
stayer,89.38
stayer,18.23
stayer,-83.77
stayer,9.84
stayer,81.09
stayer,-5.56
stayer,7.41
stayer,14.17
stayer,0.0
stayer,24.85
stayer,-20.97
stayer,0.0
stayer,-1.2
stayer,15.42
stayer,28.0
stayer,3.39
stayer,57.54
stayer,44.47
stayer,88.12
stayer,-86.5
stayer,7.06
stayer,0.0
stayer,96.76
stayer,-22.31
stayer,-31.02
stayer,-31.85
stayer,35.5
stayer,0.0
stayer,-10.05
stayer,-35.09
stayer,58.47
stayer,-140.88
stayer,-42.74
stayer,-2.41
stayer,-15.42
stayer,-26.83
stayer,32.28
stayer,-6.45
stayer,41.55
stayer,0.0
stayer,-11.98
stayer,8.7
stayer,76.21
stayer,80.54
stayer,-30.15
stayer,6.9
stayer,1.94
stayer,0.0
stayer,-5.96
stayer,-15.7
stayer,-7.8
stayer,245.67
stayer,0.0
stayer,0.0
stayer,-15.42
stayer,55.0
stayer,22.31
stayer,12.52
stayer,2.53
stayer,0.0
stayer,7.15
stayer,96.94
stayer,26.24
stayer,22.31
stayer,35.67
stayer,-44.05
stayer,-87.55
stayer,8.7
stayer,0.0
stayer,10.54
stayer,6.09
stayer,-4.51
stayer,-185.36
stayer,20.07
stayer,98.08
stayer,0.0
stayer,69.31
stayer,-9.53
stayer,-36.3
stayer,3.59
stayer,-17.82
stayer,-40.55
stayer,37.24
stayer,32.54
stayer,0.0
stayer,0.0
stayer,102.59
stayer,-14.52
stayer,3.68
stayer,-51.99
stayer,120.4
stayer,-335.24
stayer,-48.55
stayer,114.51
stayer,-40.55
stayer,2.35
stayer,-5.72
stayer,-18.23
stayer,-18.23
stayer,2.02
stayer,43.83
stayer,-40.55
stayer,-207.94
stayer,25.13
stayer,-47.0
stayer,8.9
stayer,35.22
stayer,105.3
stayer,18.23
stayer,3.7
stayer,11.39
stayer,0.0
stayer,-8.52
stayer,0.0
stayer,47.45
stayer,22.31
stayer,41.55
stayer,22.31
stayer,-58.78
stayer,31.59
stayer,21.48
stayer,10.54
stayer,8.96
stayer,-4.48
stayer,110.49
stayer,-8.83
stayer,-18.23
stayer,-27.76
stayer,22.01
stayer,6.9
stayer,-9.1
stayer,-26.03
stayer,-11.51
stayer,16.13
stayer,0.0
stayer,12.41
stayer,64.66
stayer,17.19
stayer,-11.51
stayer,2.78
stayer,0.0
stayer,0.0
stayer,-36.78
stayer,8.96
stayer,-91.63
stayer,104.98
stayer,-27.51
stayer,10.92
stayer,-1.77
stayer,-102.45
stayer,20.48
stayer,-0.37
stayer,-35.67
stayer,25.78
stayer,-26.24
stayer,0.0
stayer,8.1
stayer,24.0
stayer,-53.71
stayer,30.54
stayer,-9.53
stayer,133.4
stayer,40.55
stayer,-1.68
stayer,0.58
stayer,-40.55
stayer,0.0
stayer,-1.0
stayer,3.44
stayer,4.45
stayer,14.11
stayer,-87.47
stayer,-24.9
stayer,40.55
stayer,10.7
stayer,0.0
stayer,39.83
stayer,9.59
stayer,-0.75
stayer,3.04
stayer,4.99
stayer,22.31
stayer,55.96
stayer,-8.0
stayer,26.24
stayer,-11.78
stayer,6.45
stayer,18.61
stayer,51.08
stayer,66.85
stayer,47.0
stayer,115.27
stayer,39.3
stayer,-6.54
stayer,2.53
stayer,-11.05
stayer,14.66
stayer,10.54
stayer,55.96
stayer,-55.96
stayer,-13.35
stayer,22.65
stayer,-12.1
stayer,0.0
stayer,-4.51
stayer,0.0
stayer,-47.0
stayer,-170.79
stayer,48.48
stayer,-14.31
stayer,-15.42
stayer,-15.42
stayer,-79.5
stayer,11.62
stayer,-25.7
stayer,-183.26
stayer,77.32
stayer,350.66
stayer,3.46
stayer,0.66
stayer,-31.85
stayer,6.9
stayer,-299.57
stayer,-8.0
stayer,45.2
stayer,57.54
stayer,-44.37
stayer,102.17
stayer,4.08
stayer,69.31
stayer,-205.96
stayer,-45.68
stayer,-284.3
stayer,-58.78
stayer,-2.77
stayer,92.95
stayer,-62.86
stayer,-18.13
stayer,6.58
stayer,0.0
stayer,1.26
stayer,1.38
stayer,-220.73
stayer,15.08
stayer,-69.31
stayer,-9.53
stayer,6.9
stayer,72.59
stayer,0.0
stayer,-205.84
stayer,6.99
stayer,6.45
stayer,0.22
stayer,-160.94
stayer,8.27
stayer,-0.2
stayer,7.6
stayer,-5.41
stayer,6.77
stayer,-37.65
stayer,-38.4
stayer,26.24
stayer,79.85
stayer,-5.13
stayer,47.0
stayer,-22.31
stayer,-198.79
stayer,-40.9
stayer,1.04
stayer,50.64
stayer,-8.34
stayer,64.48
stayer,-6.45
stayer,8.22
stayer,9.27
stayer,-8.22
stayer,45.37
stayer,-6.9
stayer,3.92
stayer,-47.0
stayer,0.0
stayer,29.76
stayer,42.67
stayer,62.86
stayer,-22.31
stayer,3.73
stayer,-51.08
stayer,-97.69
stayer,36.77
stayer,18.23
stayer,5.66
stayer,138.63
stayer,-6.67
stayer,12.22
stayer,5.31
stayer,-47.0
stayer,5.41
stayer,-30.45
stayer,0.0
stayer,57.86
stayer,-12.78
stayer,3.92
stayer,270.81
stayer,6.9
stayer,-3.92
stayer,-28.26
stayer,18.23
stayer,-0.57
stayer,6.9
stayer,1.77
stayer,-66.65
stayer,8.46
stayer,0.0
stayer,34.83
stayer,-40.55
stayer,-150.41
stayer,19.78
stayer,-60.03
stayer,15.42
stayer,3.92
stayer,6.9
stayer,-3.08
stayer,0.0
stayer,-32.54
stayer,24.37
stayer,6.46
stayer,32.85
stayer,8.7
stayer,4.26
stayer,2.35
stayer,10.54
stayer,0.0
stayer,51.08
stayer,14.95
stayer,176.77
stayer,28.31
stayer,12.36
stayer,0.0
stayer,1.94
stayer,31.02
stayer,-11.51
stayer,-22.31
stayer,-272.13
stayer,-102.45
stayer,1.08
stayer,5.56
stayer,0.0
stayer,160.94
stayer,5.74
stayer,109.86
stayer,90.83
stayer,-12.78
stayer,-353.47
stayer,-37.33
stayer,7.83
stayer,10.54
stayer,-40.55
stayer,-6.9
stayer,0.0
stayer,0.0
stayer,0.0
stayer,12.01
stayer,2.32
stayer,2.82
stayer,1.53
stayer,17.33
stayer,42.05
stayer,8.19
stayer,22.31
stayer,-0.18
stayer,-15.42
stayer,-31.36
stayer,8.96
stayer,74.77
stayer,-142.71
stayer,101.66
stayer,-6.06
stayer,0.0
stayer,-0.2
stayer,-1.48
stayer,-12.78
stayer,9.53
stayer,69.31
stayer,2.35
stayer,-41.32
stayer,-103.32
stayer,-31.67
stayer,-144.82
stayer,-27.44
stayer,29.43
stayer,-33.65
stayer,-18.61
stayer,-9.53
stayer,0.0
stayer,-6.67
stayer,-4.08
stayer,-140.88
stayer,-7.7
stayer,5.56
stayer,51.08
stayer,-18.23
stayer,0.0
stayer,17.59
stayer,15.68
stayer,-8.7
stayer,44.18
stayer,54.52
stayer,7.92
stayer,109.86
stayer,16.13
stayer,58.78
stayer,-4.88
stayer,144.82
stayer,39.59
stayer,10.54
stayer,-706.19
stayer,129.93
stayer,8.7
stayer,-6.45
stayer,8.7
stayer,18.23
stayer,35.67
stayer,-17.18
stayer,33.65
stayer,28.77
stayer,65.61
stayer,5.72
stayer,0.0
stayer,-18.23
stayer,-2.41
stayer,-12.14
stayer,2.47
stayer,-5.83
stayer,1.9
stayer,0.0
stayer,-0.37
stayer,2.82
stayer,-56.91
stayer,-1.98
stayer,279.73
stayer,-53.6
stayer,40.08
stayer,4.65
stayer,-4.88
stayer,96.32
stayer,0.0
stayer,1.16
stayer,-79.85
stayer,0.0
stayer,-2.06
stayer,4.88
stayer,28.03
stayer,13.35
stayer,-27.21
stayer,42.74
stayer,47.0
stayer,0.0
stayer,2.02
stayer,-12.41
stayer,3.92
stayer,-28.77
stayer,-31.55
stayer,1.8
stayer,9.53
stayer,64.87
stayer,9.53
stayer,0.0
stayer,4.73
stayer,2.82
stayer,90.41
stayer,-91.63
stayer,-13.35
stayer,0.0
stayer,69.31
stayer,-138.67
stayer,0.0
stayer,18.23
stayer,11.78
stayer,-2.02
stayer,-10.79
stayer,0.0
stayer,230.26
stayer,-8.7
stayer,6.16
stayer,0.0
stayer,2.82
stayer,4.73
stayer,74.19
stayer,1.89
stayer,-3.45
stayer,18.23
stayer,-13.58
stayer,-14.31
stayer,2.02
stayer,24.41
stayer,54.16
stayer,-38.99
stayer,-672.54
stayer,-16.4
stayer,4.88
stayer,94.0
stayer,25.56
stayer,65.06
stayer,-22.31
stayer,10.01
stayer,201.49
stayer,-222.25
stayer,1.47
stayer,-29.38
stayer,5.0
stayer,27.19
stayer,1.31
stayer,-61.09
stayer,47.0
stayer,-17.44
stayer,25.13
stayer,288.34
stayer,0.0
stayer,4.7
stayer,-5.56
stayer,18.23
stayer,35.67
stayer,2.25
stayer,0.0
stayer,-317.81
stayer,-255.47
stayer,8.46
stayer,5.54
stayer,17.44
stayer,17.77
stayer,10.01
stayer,-18.23
stayer,-4.45
stayer,-1.01
stayer,17.68
stayer,15.42
stayer,53.9
stayer,-14.66
stayer,33.65
stayer,-46.99
stayer,3.28
stayer,-1.9
stayer,3.56
stayer,53.41
stayer,-3.28
stayer,-43.67
stayer,-2.82
stayer,12.78
stayer,-2.99
stayer,-13.35
stayer,-108.74
stayer,120.4
stayer,13.35
stayer,0.0
stayer,2.2
stayer,26.57
stayer,42.2
stayer,-66.14
stayer,307.58
stayer,-33.65
stayer,70.56
stayer,-8.7
stayer,-14.31
stayer,0.0
stayer,10.92
stayer,18.23
stayer,-22.31
stayer,-37.22
stayer,3.63
stayer,-84.72
stayer,0.0
stayer,6.45
stayer,-93.43
stayer,7.76
stayer,10.54
stayer,2.82
stayer,149.29
stayer,32.05
stayer,-49.99
stayer,14.31
stayer,99.54
stayer,-37.89
stayer,-49.64
stayer,-8.96
stayer,-1.31
stayer,-138.63
stayer,25.13
stayer,8.16
stayer,-4.08
stayer,-4.55
stayer,11.78
stayer,-21.91
stayer,-168.14
stayer,122.3
stayer,-0.6
stayer,13.61
stayer,18.23
stayer,83.62
stayer,54.16
stayer,207.94
stayer,61.31
stayer,-45.44
stayer,11.44
stayer,-1.5
stayer,0.0
stayer,-1.73
stayer,-57.33
stayer,2.74
stayer,-31.96
stayer,-28.77
stayer,0.89
stayer,-24.51
stayer,12.52
stayer,-0.91
stayer,5.94
stayer,275.68
stayer,-17.17
stayer,0.0
stayer,-30.01
stayer,37.47
stayer,11.78
stayer,12.78
stayer,-5.13
stayer,-2.11
stayer,2.11
stayer,0.0
stayer,2.53
stayer,37.27
stayer,-8.22
stayer,1.72
stayer,13.35
stayer,0.0
stayer,-30.23
stayer,-0.29
stayer,24.12
stayer,4.35
stayer,-22.31
stayer,-6.5
stayer,14.76
stayer,-31.1
stayer,-0.6
stayer,-43.53
stayer,40.55
stayer,59.49
stayer,4.88
stayer,1.44
stayer,17.44
stayer,-31.59
stayer,104.98
stayer,-22.31
stayer,32.54
stayer,11.78
stayer,0.0
stayer,69.31
stayer,-22.31
stayer,0.0
stayer,1.6
stayer,55.96
stayer,-4.67
stayer,0.0
stayer,122.64
stayer,15.08
stayer,6.45
stayer,28.77
stayer,6.06
stayer,-81.09
stayer,-9.53
stayer,-40.55
stayer,-11.13
stayer,179.18
stayer,4.9
stayer,43.08
stayer,-11.33
stayer,-4.0
stayer,30.16
stayer,105.08
stayer,-201.49
stayer,0.0
stayer,-3.92
stayer,-35.67
stayer,10.86
stayer,49.25
stayer,15.6
stayer,-1.98
stayer,112.79
stayer,18.98
stayer,39.88
stayer,-8.7
stayer,-28.77
stayer,-6.35
stayer,2.74
stayer,2.53
stayer,-50.44
stayer,3.51
stayer,-1.05
stayer,27.72
stayer,-105.61
stayer,2.41
stayer,-133.5
stayer,-42.7
stayer,-69.31
stayer,0.0
stayer,12.5
stayer,5.74
stayer,4.22
stayer,65.39
stayer,-9.91
stayer,10.54
stayer,4.65
stayer,26.24
stayer,-55.4
stayer,14.31
stayer,2.3
stayer,325.81
stayer,-37.61
stayer,3.42
stayer,3.77
stayer,-57.15
stayer,-2.53
stayer,4.08
stayer,-60.61
stayer,-18.23
stayer,27.82
stayer,75.38
stayer,6.45
stayer,-19.11
stayer,-236.2
stayer,22.32
stayer,-8.24
stayer,18.23
stayer,20.43
stayer,-18.23
stayer,-12.68
stayer,16.91
stayer,0.0
stayer,62.86
stayer,4.88
stayer,0.0
stayer,6.25
stayer,-62.86
stayer,5.51
stayer,-15.42
stayer,-84.73
stayer,47.45
stayer,69.31
stayer,-5.56
stayer,10.48
stayer,-20.48
stayer,63.6
stayer,-4.88
stayer,123.22
stayer,-7.41
stayer,2.76
stayer,-99.77
stayer,5.26
stayer,0.0
stayer,23.64
stayer,-58.78
stayer,19.24
stayer,6.45
stayer,-12.26
stayer,133.5
stayer,-105.94
stayer,-14.31
stayer,-218.75
stayer,-1.98
stayer,33.1
stayer,-9.53
stayer,221.92
stayer,-8.34
stayer,13.35
stayer,111.92
stayer,6.71
stayer,41.49
stayer,-23.45
stayer,-4.08
stayer,-32.05
stayer,-178.38
stayer,-5.61
stayer,78.85
stayer,102.96
stayer,-71.67
stayer,-4.08
stayer,0.0
stayer,-22.31
stayer,13.59
stayer,-77.32
stayer,18.23
stayer,113.94
stayer,-8.7
stayer,2.82
stayer,-8.22
stayer,14.31
stayer,-26.24
stayer,0.0
stayer,2.2
stayer,6.9
stayer,55.34
stayer,2.41
stayer,22.49
stayer,-55.34
stayer,-3.33
stayer,15.42
stayer,-4.08
stayer,-43.08
stayer,10.54
stayer,0.0
stayer,-60.61
stayer,-11.89
stayer,0.0
stayer,2.2
stayer,38.14
stayer,-186.08
stayer,69.31
stayer,230.26
stayer,0.0
stayer,7.7
stayer,4.55
stayer,13.35
stayer,-9.53
stayer,-2.9
stayer,-75.38
stayer,-22.31
stayer,60.61
stayer,-28.77
stayer,-8.41
stayer,-10.54
stayer,6.9
stayer,0.0
stayer,-12.51
stayer,1.55
stayer,17.19
stayer,6.9
stayer,32.9
stayer,-77.57
stayer,4.88
stayer,-1.83
stayer,-199.24
stayer,-6.9
stayer,-47.0
stayer,-41.94
stayer,124.32
stayer,-8.0
stayer,-2.41
stayer,13.35
stayer,-20.91
stayer,0.0
stayer,12.26
stayer,9.31
stayer,-5.31
stayer,18.23
stayer,0.0
stayer,10.54
stayer,0.01
stayer,6.9
stayer,-0.01
stayer,14.95
stayer,-2.82
stayer,18.23
stayer,9.81
stayer,-3.08
stayer,17.44
stayer,1.51
stayer,9.53
stayer,25.22
stayer,0.0
stayer,9.84
stayer,16.25
stayer,-10.32
stayer,6.9
stayer,-54.52
stayer,0.0
stayer,-2.25
stayer,0.0
stayer,-5.83
stayer,98.08
stayer,-33.65
stayer,11.33
stayer,-6.45
stayer,-10.26
stayer,-3.28
stayer,6.06
stayer,5.88
stayer,40.55
stayer,13.35
stayer,45.2
stayer,1.24
stayer,69.31
stayer,-27.44
stayer,1.5
stayer,-2.82
stayer,11.78
stayer,-8.7
stayer,10.01
stayer,18.23
stayer,158.41
stayer,11.78
stayer,9.53
stayer,-28.77
stayer,-1.29
stayer,-48.18
stayer,22.31
stayer,3.92
stayer,-1.04
stayer,-4.16
stayer,74.44
stayer,-26.96
stayer,35.67
stayer,13.98
stayer,8.0
stayer,26.24
stayer,79.85
stayer,1.74
stayer,-3.7
stayer,-16.99
stayer,33.19
stayer,16.51
stayer,0.0
stayer,16.03
stayer,-1.9
stayer,-6.45
stayer,6.45
stayer,-14.46
stayer,16.25
stayer,6.45
stayer,-0.8
stayer,13.82
stayer,-49.06
stayer,2.09
stayer,31.85
stayer,-30.42
stayer,-106.09
stayer,-4.26
stayer,0.0
stayer,11.55
stayer,26.24
stayer,22.58
stayer,3.08
stayer,1.16
stayer,29.3
stayer,-31.61
stayer,31.67
stayer,2.35
stayer,3.92
stayer,-28.77
stayer,126.37
stayer,-8.34
stayer,-17.44
stayer,-14.84
stayer,-44.63
stayer,38.6
stayer,107.04
stayer,24.85
stayer,0.0
stayer,40.55
stayer,7.19
stayer,8.0
stayer,2.06
stayer,9.53
stayer,-27.63
stayer,1.47
stayer,8.0
stayer,-11.78
stayer,1.53
stayer,-89.38
stayer,4.51
stayer,-83.7
stayer,3.28
stayer,2.41
stayer,2.82
stayer,109.86
stayer,-26.18
stayer,-20.29
stayer,-54.52
stayer,20.59
stayer,-15.82
stayer,-53.9
stayer,87.55
stayer,56.91
stayer,-212.03
stayer,46.87
stayer,2.35
stayer,2.05
stayer,3.64
stayer,76.73
stayer,6.45
stayer,0.0
stayer,3.19
stayer,40.55
stayer,-27.96
stayer,2.02
stayer,-13.35
stayer,4.08
stayer,0.0
stayer,3.68
stayer,-3.51
stayer,8.7
stayer,2.02
stayer,-7.15
stayer,-10.54
stayer,240.02
stayer,-16.36
stayer,0.0
stayer,-45.68
stayer,31.85
stayer,-31.59
stayer,8.52
stayer,18.23
stayer,41.28
stayer,13.9
stayer,-283.07
stayer,11.39
stayer,70.5
stayer,7.23
stayer,20.76
stayer,-41.2
stayer,-73.4
stayer,-142.71
stayer,4.65
stayer,0.0
stayer,18.4
stayer,0.39
stayer,0.0
stayer,31.24
stayer,-1.34
stayer,-17.44
stayer,35.1
stayer,-6.45
stayer,109.86
stayer,70.97
stayer,31.85
stayer,11.12
stayer,-10.54
stayer,0.0
stayer,-230.26
stayer,-116.32
stayer,-18.23
stayer,-10.01
stayer,-0.33
stayer,-0.9
stayer,-3.7
stayer,6.45
stayer,-23.97
stayer,0.0
stayer,0.0
stayer,142.71
stayer,-17.59
stayer,-9.94
stayer,40.55
stayer,-27.54
stayer,4.35
stayer,-26.24
stayer,-87.55
stayer,-33.65
stayer,-61.09
stayer,-11.78
stayer,37.16
stayer,-26.24
stayer,0.0
stayer,-12.78
stayer,-6.45
stayer,11.93
stayer,40.55
stayer,24.12
stayer,14.95
stayer,1.53
stayer,9.1
stayer,110.34
stayer,18.24
stayer,-32.16
stayer,0.0
stayer,0.0
stayer,0.0
stayer,11.44
stayer,-3.92
stayer,73.4
stayer,10.31
stayer,40.55
stayer,16.25
stayer,-1.02
stayer,31.85
stayer,0.0
stayer,22.31
stayer,12.78
stayer,16.66
stayer,135.81
stayer,47.0
stayer,-116.15
stayer,16.55
stayer,6.45
stayer,0.0
stayer,-207.94
stayer,0.0
stayer,15.15
stayer,8.22
stayer,-26.24
stayer,-58.78
stayer,-1.57
stayer,-184.58
stayer,0.17
stayer,8.91
stayer,0.0
stayer,-36.46
stayer,6.9
stayer,-49.02
stayer,-15.42
stayer,-34.83
stayer,-33.65
stayer,2.2
stayer,-44.63
stayer,0.0
stayer,-404.84
stayer,-26.24
stayer,183.26
stayer,15.42
stayer,-675.36
stayer,18.23
stayer,-2.33
stayer,3.7
stayer,-145.86
stayer,120.4
stayer,6.45
stayer,14.46
stayer,-40.55
stayer,-11.55
stayer,21.22
stayer,-15.42
stayer,-23.64
stayer,35.53
stayer,61.38
stayer,173.84
stayer,0.59
stayer,58.78
stayer,20.61
stayer,12.78
stayer,2.44
stayer,0.0
stayer,74.19
stayer,-175.34
stayer,-4.2
stayer,-65.49
stayer,-3.39
stayer,28.77
stayer,-375.34
stayer,-19.57
stayer,6.45
stayer,1.4
stayer,79.85
stayer,1.12
stayer,104.98
stayer,3.92
stayer,-9.53
stayer,82.67
stayer,-40.55
stayer,-25.38
stayer,-75.77
stayer,-22.31
stayer,0.0
stayer,74.66
stayer,3.79
stayer,-6.9
stayer,0.0
stayer,131.22
stayer,0.0
stayer,31.85
stayer,-2.15
stayer,13.58
stayer,0.0
stayer,26.97
stayer,-117.87
stayer,-11.33
stayer,-10.54
stayer,-238.37
stayer,-234.8
stayer,-11.78
stayer,62.86
stayer,35.67
stayer,6.45
stayer,-216.91
stayer,7.98
stayer,6.13
stayer,-9.53
stayer,5.13
stayer,25.13
stayer,0.0
stayer,5.61
stayer,-127.3
stayer,9.53
stayer,-15.42
stayer,-48.77
stayer,1.83
stayer,-4.88
stayer,0.0
stayer,4.35
stayer,-4.45
stayer,17.44
stayer,-62.42
stayer,-111.16
stayer,52.13
stayer,-28.77
stayer,-69.31
stayer,7.6
stayer,-147.59
stayer,23.11
stayer,33.65
stayer,48.55
stayer,0.0
stayer,11.56
stayer,-6.11
stayer,8.0
stayer,-3.13
stayer,-0.5
stayer,16.91
stayer,72.21
stayer,2.07
stayer,7.64
stayer,-55.96
stayer,2.66
stayer,228.24
stayer,4.08
stayer,16.36
stayer,85.02
stayer,-15.42
stayer,2.15
stayer,-3.17
stayer,4.88
stayer,26.24
stayer,10.32
stayer,-10.35
stayer,5.48
stayer,117.87
stayer,-38.57
stayer,1.44
stayer,-3.92
stayer,88.55
stayer,13.35
stayer,15.42
stayer,-103.89
stayer,3.39
stayer,58.46
stayer,-2.15
stayer,1.63
stayer,166.75
stayer,0.0
stayer,1.23
stayer,27.3
stayer,6.45
stayer,-120.4
stayer,-29.41
stayer,8.0
stayer,-120.4
stayer,62.86
stayer,4.2
stayer,10.92
stayer,40.55
stayer,-42.85
stayer,-32.16
stayer,-20.07
stayer,40.55
stayer,0.87
stayer,-5.41
stayer,4.7
stayer,-5.41
stayer,179.19
stayer,-11.03
stayer,33.65
stayer,-19.04
stayer,3.05
stayer,-36.77
stayer,18.92
stayer,-2.67
stayer,67.48
stayer,28.77
stayer,-51.08
stayer,84.73
stayer,-27.82
stayer,-2.38
stayer,49.25
stayer,-338.88
stayer,-5.72
stayer,1.65
stayer,15.42
stayer,33.65
stayer,7.41
stayer,69.31
stayer,20.07
stayer,5.35
stayer,7.02
stayer,13.58
stayer,-1.98
stayer,2.2
stayer,8.0
stayer,-3.92
stayer,-1.32
stayer,-10.54
stayer,21.51
stayer,43.45
stayer,-74.72
stayer,69.31
stayer,6.9
stayer,0.0
stayer,-41.38
stayer,24.12
stayer,0.0
stayer,-55.96
stayer,18.23
stayer,-29.4
stayer,49.47
stayer,22.31
stayer,19.42
stayer,-8.03
stayer,1.33
stayer,-19.23
stayer,6.64
stayer,34.83
stayer,-84.73
stayer,-117.01
stayer,16.55
stayer,6.35
stayer,6.9
stayer,-10.54
stayer,0.0
stayer,4.38
stayer,0.0
stayer,26.4
stayer,10.54
stayer,177.5
stayer,40.55
stayer,-20.25
stayer,-47.63
stayer,35.94
stayer,14.46
stayer,12.51
stayer,2.35
stayer,5.11
stayer,7.02
stayer,109.06
stayer,5.77
stayer,-109.86
stayer,69.31
stayer,-52.81
stayer,-44.99
stayer,-40.55
stayer,154.88
stayer,-82.67
stayer,-69.31
stayer,12.78
stayer,1.38
stayer,-39.3
stayer,-6.67
stayer,-4.08
stayer,11.78
stayer,12.36
stayer,-11.98
stayer,6.45
stayer,-15.42
stayer,2.67
stayer,-40.55
stayer,-3.57
stayer,1.65
stayer,34.83
stayer,9.53
stayer,4.38
stayer,-57.98
stayer,117.01
stayer,6.9
stayer,373.77
stayer,51.08
stayer,-54.91
stayer,-6.9
stayer,-51.08
stayer,99.04
stayer,-108.91
stayer,-78.85
stayer,4.55
stayer,5.72
stayer,0.0
stayer,116.32
stayer,-47.69
stayer,-51.08
stayer,11.33
stayer,26.24
stayer,20.25
stayer,0.0
stayer,14.31
stayer,-26.42
stayer,6.06
stayer,98.08
stayer,-1.06
stayer,-78.85
stayer,-69.31
stayer,47.0
stayer,-237.16
stayer,-249.18
stayer,-27.26
stayer,144.24
stayer,-66.04
stayer,18.23
stayer,0.0
stayer,7.41
stayer,6.22
stayer,57.54
stayer,-40.55
stayer,-95.55
stayer,0.0
stayer,11.33
stayer,-43.08
stayer,64.54
stayer,-9.18
stayer,67.63
stayer,41.17
stayer,55.62
stayer,-6.45
stayer,-32.45
stayer,-4.58
stayer,0.0
stayer,64.66
stayer,-6.45
stayer,0.0
stayer,18.23
stayer,13.58
stayer,69.31
stayer,-6.45
stayer,-9.53
stayer,37.19
stayer,11.77
stayer,82.1
stayer,55.96
stayer,27.39
stayer,-18.23
stayer,43.08
stayer,0.0
stayer,2.82
stayer,-14.46
stayer,29.38
stayer,14.46
stayer,0.2
stayer,-162.14
stayer,11.78
stayer,6.9
stayer,-5.13
stayer,27.29
stayer,15.76
stayer,-15.82
stayer,8.7
stayer,-61.31
stayer,-18.92
stayer,-6.67
stayer,-225.13
stayer,25.13
stayer,-10.23
stayer,-4.88
stayer,7.12
stayer,21.62
stayer,3.77
stayer,-45.68
stayer,6.45
stayer,17.64
stayer,72.75
stayer,40.72
stayer,2.13
stayer,4.08
stayer,-126.11
stayer,-16.36
stayer,-95.55
stayer,6.9
stayer,11.51
stayer,66.42
stayer,-49.64
stayer,-5.0
stayer,25.13
stayer,7.7
stayer,1.48
stayer,-2.74
stayer,6.45
stayer,7.41
stayer,4.17
stayer,0.0
stayer,259.03
stayer,47.54
stayer,-5.04
stayer,0.0
stayer,0.0
stayer,18.23
stayer,17.24
stayer,27.76
stayer,-77.3
stayer,1.79
stayer,-6.64
stayer,-5.61
stayer,0.0
stayer,-18.23
stayer,-3.44
stayer,21.57
stayer,40.55
stayer,104.98
stayer,-60.61
stayer,9.53
stayer,6.37
stayer,0.0
stayer,9.31
stayer,-11.78
stayer,23.77
stayer,11.78
stayer,-33.65
stayer,-18.23
stayer,-4.3
stayer,86.5
stayer,133.75
stayer,5.13
stayer,38.24
stayer,0.0
stayer,51.08
stayer,12.41
stayer,-58.42
stayer,4.2
stayer,-87.55
stayer,299.57
stayer,8.0
stayer,18.23
stayer,11.61
stayer,-107.51
stayer,-87.55
stayer,47.0
stayer,7.41
stayer,2.25
stayer,38.57
stayer,-82.81
stayer,-8.81
stayer,-8.41
stayer,201.49
stayer,-3.39
stayer,27.91
stayer,-10.11
stayer,-2.84
stayer,28.77
stayer,1.9
stayer,368.89
stayer,6.9
stayer,-40.55
stayer,-9.53
stayer,-387.12
stayer,102.17
stayer,33.65
stayer,-12.06
stayer,0.0
stayer,115.2
stayer,7.2
stayer,-1.49
stayer,-42.49
stayer,10.11
stayer,-23.64
stayer,18.23
stayer,186.32
stayer,1.32
stayer,5.97
stayer,0.98
stayer,1.46
stayer,1.44
stayer,21.06
stayer,113.78
stayer,0.0
stayer,-48.21
stayer,31.02
stayer,-6.45
stayer,4.65
stayer,-3.92
stayer,13.72
stayer,-4.08
stayer,-1.52
stayer,22.96
stayer,4.55
stayer,-41.65
stayer,-1.26
stayer,-45.43
stayer,4.65
stayer,0.0
stayer,335.86
stayer,1.8
stayer,-11.78
stayer,0.0
stayer,40.55
stayer,0.0
stayer,63.91
stayer,1.82
stayer,8.12
stayer,-12.52
stayer,-5.13
stayer,0.0
stayer,4.16
stayer,-7.55
stayer,1.14
stayer,30.99
stayer,-233.55
stayer,-16.36
stayer,0.0
stayer,21.51
stayer,22.31
stayer,0.0
stayer,7.7
stayer,-10.01
stayer,-24.12
stayer,-119.21
stayer,-4.88
stayer,6.45
stayer,53.77
stayer,-3.17
stayer,11.78
stayer,-36.01
stayer,2.41
stayer,9.76
stayer,31.85
stayer,-8.46
stayer,22.32
stayer,3.92
stayer,-26.97
stayer,0.0
stayer,11.78
stayer,18.23
stayer,0.0
stayer,189.71
stayer,24.81
stayer,102.68
stayer,2.47
stayer,306.57
stayer,13.61
stayer,0.0
stayer,10.01
stayer,216.91
stayer,-109.86
stayer,4.38
stayer,1.86
stayer,4.88
stayer,4.55
stayer,11.08
stayer,14.55
stayer,-219.72
stayer,-69.31
stayer,-5.61
stayer,4.18
stayer,6.9
stayer,-18.23
stayer,-21.2
stayer,6.45
stayer,0.0
stayer,15.42
stayer,0.0
stayer,11.78
stayer,53.06
stayer,-91.63
stayer,40.55
stayer,39.59
stayer,-18.4
stayer,-11.78
stayer,17.03
stayer,-102.63
stayer,38.44
stayer,28.31
stayer,62.86
stayer,-223.8
stayer,36.98
stayer,0.0
stayer,-7.41
stayer,-28.22
stayer,-30.4
stayer,-44.47
stayer,41.87
stayer,-8.96
stayer,-62.86
stayer,6.67
stayer,-36.77
stayer,299.57
stayer,0.0
stayer,-48.34
stayer,10.54
stayer,13.13
stayer,3.39
stayer,6.9
stayer,-170.83
stayer,-22.31
stayer,5.59
stayer,-10.54
stayer,-11.78
stayer,72.21
stayer,51.08
stayer,0.0
stayer,-60.7
stayer,15.55
stayer,10.76
stayer,2.82
stayer,-24.61
stayer,-95.43
stayer,0.0
stayer,4.88
stayer,12.71
stayer,-58.78
stayer,3.75
stayer,9.53
stayer,64.77
stayer,51.08
stayer,1.74
stayer,8.0
stayer,-19.08
stayer,-142.71
stayer,-108.76
stayer,4.08
stayer,0.0
stayer,24.12
stayer,-37.57
stayer,47.54
stayer,3.11
stayer,-9.53
stayer,6.19
stayer,-33.66
stayer,212.03
stayer,0.0
stayer,6.45
stayer,13.72
stayer,17.44
stayer,37.76
stayer,66.5
stayer,-1.9
stayer,4.76
stayer,3.47
stayer,230.26
stayer,-1.94
stayer,2.25
stayer,382.5
stayer,6.45
stayer,-6.67
stayer,17.52
stayer,133.12
stayer,18.23
stayer,-51.08
stayer,40.55
stayer,-431.75
stayer,54.11
stayer,17.03
stayer,-41.17
stayer,18.23
stayer,0.0
stayer,-17.59
stayer,35.67
stayer,18.93
stayer,-34.69
stayer,109.86
stayer,0.0
stayer,10.01
stayer,-4.88
stayer,-5.13
stayer,0.0
stayer,-20.08
stayer,36.77
stayer,28.77
stayer,31.85
stayer,39.3
stayer,4.55
stayer,-7.41
stayer,-29.58
stayer,-1.55
stayer,14.31
stayer,8.96
stayer,32.85
stayer,-58.31
stayer,6.9
stayer,-2.28
stayer,0.51
stayer,8.89
stayer,11.78
stayer,-25.38
stayer,-47.0
stayer,-69.31
stayer,0.0
stayer,-9.53
stayer,-12.63
stayer,0.41
stayer,5.41
stayer,-4.88
stayer,11.33
stayer,4.88
stayer,-1.57
stayer,-8.22
stayer,-1.98
stayer,32.05
stayer,-25.42
stayer,-7.41
stayer,51.08
stayer,18.23
stayer,285.26
stayer,-1.79
stayer,62.86
stayer,-12.14
stayer,3.7
stayer,-75.59
stayer,44.18
stayer,18.23
stayer,101.86
stayer,3.51
stayer,-23.36
stayer,13.13
stayer,-15.42
stayer,-62.87
stayer,-15.42
stayer,0.0
stayer,-1.46
stayer,212.03
stayer,21.96
stayer,33.9
stayer,51.08
stayer,4.45
stayer,-4.08
stayer,314.99
stayer,-7.23
stayer,-8.96
stayer,23.84
stayer,-13.35
stayer,-464.44
stayer,10.54
stayer,0.0
stayer,-18.23
stayer,-15.08
stayer,10.54
stayer,13.35
stayer,-14.2
stayer,0.0
stayer,12.26
stayer,11.39
stayer,-4.08
stayer,4.88
stayer,11.33
stayer,21.68
stayer,17.7
stayer,5.48
stayer,335.24
stayer,15.51
stayer,6.45
stayer,3.68
stayer,-4.88
stayer,-4.88
stayer,152.92
stayer,-19.28
stayer,0.0
stayer,0.0
stayer,4.26
stayer,-2.82
stayer,62.76
stayer,100.33
stayer,-54.16
stayer,40.55
stayer,-48.07
stayer,88.73
stayer,4.73
stayer,7.41
stayer,0.0
stayer,33.65
stayer,2.87
stayer,-27.76
stayer,-5.13
stayer,8.7
stayer,-36.36
stayer,-5.61
stayer,0.0
stayer,446.21
stayer,7.0
stayer,-2.86
stayer,5.97
stayer,0.0
stayer,-27.44
stayer,-3.23
stayer,-44.63
stayer,-16.25
stayer,-31.02
stayer,6.9
stayer,136.89
stayer,-64.44
stayer,-5.56
stayer,16.25
stayer,35.67
stayer,54.54
stayer,9.53
stayer,43.94
stayer,419.97
stayer,20.25
stayer,-28.77
stayer,29.38
stayer,-5.87
stayer,7.15
stayer,-25.13
stayer,-1.65
stayer,22.31
stayer,100.33
stayer,3.92
stayer,12.52
stayer,28.77
stayer,17.19
stayer,20.07
stayer,17.69
stayer,-0.72
stayer,-2.47
stayer,40.55
stayer,34.09
stayer,-20.43
stayer,70.82
stayer,-109.86
stayer,-16.89
stayer,7.7
stayer,-2.41
stayer,27.19
stayer,-15.82
stayer,-4.2
stayer,-20.76
stayer,13.31
stayer,28.77
stayer,66.5
stayer,8.0
stayer,8.18
stayer,9.8
stayer,31.24
stayer,55.96
stayer,165.29
stayer,15.96
stayer,-26.57
stayer,5.88
stayer,2.82
stayer,25.93
stayer,-8.7
stayer,117.34
stayer,0.0
stayer,-63.94
stayer,42.2
stayer,12.68
stayer,4.88
stayer,-90.29
stayer,192.26
stayer,113.68
stayer,3.92
stayer,-2.31
stayer,-17.34
stayer,-4.18
stayer,15.42
stayer,33.21
stayer,12.63
stayer,6.06
stayer,-8.7
stayer,18.23
stayer,-666.66
stayer,9.53
stayer,5.72
stayer,-1.21
stayer,10.82
stayer,5.65
stayer,-37.47
stayer,34.68
stayer,44.63
stayer,0.82
stayer,69.21
stayer,-230.26
stayer,127.3
stayer,6.9
stayer,-13.98
stayer,124.51
stayer,44.8
stayer,-78.85
stayer,-33.65
stayer,-69.31
stayer,-113.94
stayer,0.0
stayer,1.16
stayer,35.81
stayer,-40.55
stayer,29.73
stayer,-31.02
stayer,-118.38
stayer,-22.31
stayer,-94.26
stayer,3.68
stayer,14.14
stayer,-28.77
stayer,0.55
stayer,-6.77
stayer,-15.22
stayer,0.0
stayer,-5.83
stayer,6.45
stayer,-113.94
stayer,7.23
stayer,-11.78
stayer,-3.17
stayer,1.71
stayer,-62.25
stayer,1.48
stayer,125.28
stayer,17.19
stayer,24.78
stayer,13.35
stayer,-22.31
stayer,109.86
stayer,57.12
stayer,-26.02
stayer,2.3
stayer,0.0
stayer,34.61
stayer,35.67
stayer,11.78
stayer,-5.41
stayer,97.83
stayer,9.68
stayer,91.63
stayer,-628.36
stayer,0.0
stayer,-128.09
stayer,4.4
stayer,0.0
stayer,-20.97
stayer,169.64
stayer,-130.41
stayer,67.95
stayer,-48.77
stayer,-83.62
stayer,-83.29
stayer,2.53
stayer,-3.92
stayer,146.63
stayer,8.0
stayer,95.55
stayer,60.61
stayer,8.0
stayer,6.45
stayer,-17.03
stayer,49.43
stayer,8.0
stayer,106.09
stayer,23.23
stayer,-26.24
stayer,0.0
stayer,-290.14
stayer,-153.15
stayer,-4.26
stayer,-61.52
stayer,10.54
stayer,87.55
stayer,-15.08
stayer,-31.02
stayer,12.41
stayer,-10.54
stayer,-192.79
stayer,2.02
stayer,23.92
stayer,81.09
stayer,25.64
stayer,-8.22
stayer,85.97
stayer,-3.39
stayer,74.19
stayer,0.0
stayer,11.78
stayer,6.06
stayer,-26.93
stayer,6.9
stayer,-85.18
stayer,-20.43
stayer,6.45
stayer,53.9
stayer,43.61
stayer,69.31
stayer,10.82
stayer,4.69
stayer,48.73
stayer,14.11
stayer,2.2
stayer,2.2
stayer,26.57
stayer,51.08
stayer,123.79
stayer,107.04
stayer,0.0
stayer,-49.25
stayer,17.74
stayer,-48.55
stayer,7.41
stayer,17.88
stayer,26.83
stayer,19.42
stayer,2.53
stayer,-35.67
stayer,30.74
stayer,-16.99
stayer,11.61
stayer,3.77
stayer,-62.12
stayer,-18.23
stayer,-29.55
stayer,44.63
stayer,5.72
stayer,32.42
stayer,46.7
stayer,5.72
stayer,9.53
stayer,32.54
stayer,5.61
stayer,2.25
stayer,-7.8
stayer,-65.23
stayer,-18.23
stayer,0.0
stayer,11.78
stayer,24.42
stayer,-130.85
stayer,6.74
stayer,-1.74
stayer,-79.11
stayer,32.02
stayer,11.55
stayer,11.78
stayer,0.96
stayer,4.88
stayer,51.08
stayer,34.44
stayer,5.13
stayer,7.15
stayer,5.41
stayer,26.81
stayer,-83.62
stayer,10.33
stayer,18.81
stayer,-7.8
stayer,-3.13
stayer,7.15
stayer,-4.88
stayer,-49.25
stayer,-3.46
stayer,0.0
stayer,0.0
stayer,-60.51
stayer,0.0
stayer,2.14
stayer,3.7
stayer,136.15
stayer,9.02
stayer,0.0
stayer,-48.18
stayer,106.09
stayer,25.19
stayer,20.76
stayer,-6.06
stayer,-61.44
stayer,18.54
stayer,-14.84
stayer,91.2
stayer,69.31
stayer,5.88
stayer,-8.7
stayer,11.78
stayer,-17.33
stayer,-4.2
stayer,9.24
stayer,6.9
stayer,14.11
stayer,-24.61
stayer,37.81
stayer,14.51
stayer,36.77
stayer,-53.9
stayer,-22.31
stayer,5.72
stayer,114.65
stayer,67.54
stayer,350.66
stayer,8.0
stayer,-125.28
stayer,4.88
stayer,18.84
stayer,-83.62
stayer,100.33
stayer,360.88
stayer,4.35
stayer,-11.12
stayer,3.82
stayer,-0.39
stayer,-15.26
stayer,-91.63
stayer,6.06
stayer,-9.31
stayer,-33.65
stayer,42.29
stayer,-16.13
stayer,-26.24
stayer,-179.18
stayer,-270.81
stayer,-2.35
stayer,47.69
stayer,-0.0
stayer,6.9
stayer,28.77
stayer,135.33
stayer,4.65
stayer,22.31
stayer,-11.03
stayer,9.53
stayer,76.27
stayer,-6.45
stayer,-4.28
stayer,42.49
stayer,51.08
stayer,26.24
stayer,9.03
stayer,91.62
stayer,7.6
stayer,0.0
stayer,4.6
stayer,-36.0
stayer,0.0
stayer,49.9
stayer,-5.13
stayer,46.1
stayer,11.78
stayer,34.07
stayer,42.45
stayer,11.33
stayer,11.77
stayer,2.33
stayer,24.92
stayer,91.63
stayer,0.0
stayer,55.96
stayer,4.26
stayer,41.49
stayer,-77.32
stayer,-14.31
stayer,40.55
stayer,-58.49
stayer,10.25
stayer,-179.18
stayer,2.9
stayer,5.56
stayer,0.0
stayer,2.15
stayer,-120.4
stayer,43.08
stayer,22.31
stayer,46.97
stayer,125.28
stayer,7.41
stayer,-0.9
stayer,3.85
stayer,3.57
stayer,-4.08
stayer,122.08
stayer,0.0
stayer,129.1
stayer,-20.2
stayer,-10.54
stayer,-7.23
stayer,36.62
stayer,-54.23
stayer,-4.05
stayer,65.39
stayer,-9.53
stayer,-72.59
stayer,53.06
stayer,-28.77
stayer,-12.06
stayer,6.45
stayer,-1.68
stayer,-59.25
stayer,24.26
stayer,-41.99
stayer,-49.86
stayer,7.93
stayer,7.76
stayer,3.51
stayer,10.01
stayer,-10.01
stayer,-18.23
stayer,49.25
stayer,-131.22
stayer,0.0
stayer,54.86
stayer,-18.23
stayer,-87.81
stayer,-91.63
stayer,-69.31
stayer,44.9
stayer,0.0
stayer,25.45
stayer,-16.13
stayer,113.94
stayer,48.02
stayer,-54.94
stayer,44.63
stayer,-75.14
stayer,147.59
stayer,2.2
stayer,-9.73
stayer,12.14
stayer,0.0
stayer,-2.2
stayer,-14.66
stayer,-28.77
stayer,-5.61
stayer,-1.62
stayer,-52.41
stayer,76.21
stayer,0.0
stayer,224.2
stayer,0.0
stayer,0.0
stayer,1.63
stayer,0.0
stayer,24.04
stayer,0.0
stayer,2.7
stayer,9.53
stayer,73.0
stayer,0.0
stayer,-107.72
stayer,-9.53
stayer,0.0
stayer,-11.78
stayer,63.76
stayer,25.95
stayer,-27.33
stayer,-3.39
stayer,-248.49
stayer,-28.77
stayer,22.31
stayer,0.0
stayer,181.12
stayer,13.57
stayer,0.0
stayer,55.63
stayer,4.55
stayer,-33.65
stayer,313.19
stayer,347.67
stayer,0.12
stayer,13.61
stayer,40.55
stayer,-19.72
stayer,-99.99
stayer,-7.8
stayer,2.83
stayer,-0.96
stayer,-31.67
stayer,18.23
stayer,17.44
stayer,2.35
stayer,9.53
stayer,-2.46
stayer,-413.52
stayer,-181.92
stayer,5.72
stayer,5.26
stayer,-13.98
stayer,15.42
stayer,-45.2
stayer,51.08
stayer,25.13
stayer,-21.26
stayer,-4.08
stayer,-36.77
stayer,-181.01
stayer,-10.54
stayer,20.97
stayer,207.94
stayer,3.77
stayer,198.1
stayer,-18.23
stayer,-8.7
stayer,-150.94
stayer,26.24
stayer,75.5
stayer,8.22
stayer,42.36
stayer,-14.39
stayer,26.24
stayer,73.0
stayer,18.23
stayer,-55.96
stayer,63.87
stayer,51.7
stayer,-48.34
stayer,-31.02
stayer,5.72
stayer,-3.28
stayer,102.17
stayer,-55.34
stayer,118.34
stayer,8.86
stayer,37.47
stayer,-26.91
stayer,9.76
stayer,-122.38
stayer,-51.08
stayer,34.48
stayer,51.08
stayer,-4.08
stayer,-62.67
stayer,-36.89
stayer,-150.41
stayer,109.58
stayer,78.85
stayer,-6.19
stayer,94.45
stayer,-42.2
stayer,-11.39
stayer,-83.29
stayer,-97.46
stayer,-5.94
stayer,-5.94
stayer,-21.03
stayer,0.0
stayer,-61.52
stayer,46.73
stayer,13.61
stayer,0.0
stayer,39.54
stayer,104.98
stayer,5.13
stayer,47.54
stayer,13.35
stayer,33.31
stayer,1.32
stayer,-19.74
stayer,20.07
stayer,-6.14
stayer,-10.11
stayer,-1.23
stayer,-1.53
stayer,17.08
stayer,-21.16
stayer,0.0
stayer,244.23
stayer,42.74
stayer,-4.33
stayer,18.23
stayer,-15.42
stayer,-13.88
stayer,-8.79
stayer,11.43
stayer,8.0
stayer,-22.31
stayer,0.0
stayer,19.42
stayer,-0.0
stayer,-128.09
stayer,48.08
stayer,36.77
stayer,10.54
stayer,-98.08
stayer,0.0
stayer,6.06
stayer,119.87
stayer,-9.82
stayer,-44.63
stayer,16.02
stayer,72.7
stayer,4.65
stayer,-7.8
stayer,-38.3
stayer,-9.93
stayer,0.0
stayer,39.64
stayer,160.94
stayer,94.1
stayer,47.0
stayer,6.45
stayer,62.22
stayer,52.61
stayer,-1.95
stayer,-13.35
stayer,-55.0
stayer,-31.02
stayer,3.24
stayer,-9.53
stayer,19.85
stayer,193.49
stayer,-12.52
stayer,18.23
stayer,-4.08
stayer,60.07
stayer,12.94
stayer,-8.0
stayer,0.0
stayer,-17.59
stayer,13.35
stayer,-1.21
stayer,-84.01
stayer,30.47
stayer,1.53
stayer,-52.22
stayer,0.0
stayer,-22.31
stayer,6.45
stayer,0.0
stayer,27.44
stayer,12.52
stayer,0.0
stayer,18.23
stayer,9.02
stayer,53.68
stayer,1.44
stayer,1.44
stayer,3.92
stayer,3.97
stayer,15.21
stayer,4.51
stayer,7.41
stayer,0.0
stayer,187.18
stayer,-9.8
stayer,69.31
stayer,-20.76
stayer,-112.39
stayer,-0.71
stayer,38.57
stayer,-69.31
stayer,20.18
stayer,-66.27
stayer,22.31
stayer,-28.16
stayer,12.17
stayer,10.14
stayer,69.31
stayer,-63.49
stayer,22.31
stayer,-13.35
stayer,21.51
stayer,-43.67
stayer,33.64
stayer,18.24
stayer,15.63
stayer,9.91
stayer,-28.77
stayer,0.0
stayer,-21.22
stayer,4.96
stayer,0.0
stayer,-51.51
stayer,-35.67
stayer,61.9
stayer,-22.31
stayer,16.86
stayer,62.86
stayer,-112.06
stayer,0.0
stayer,-5.13
stayer,24.69
stayer,-18.23
stayer,10.27
stayer,18.23
stayer,100.06
stayer,7.7
stayer,-54.42
stayer,22.31
stayer,160.03
stayer,3.92
stayer,-9.1
stayer,0.0
stayer,22.31
stayer,8.22
stayer,51.58
stayer,0.0
stayer,8.59
stayer,-19.61
stayer,8.0
stayer,-18.93
stayer,38.82
stayer,-3.82
stayer,-122.87
stayer,-438.2
stayer,11.33
stayer,51.08
stayer,-394.59
stayer,-3.57
stayer,-20.07
stayer,23.56
stayer,40.52
stayer,19.24
stayer,-54.65
stayer,-9.1
stayer,93.33
stayer,-1.03
stayer,-95.27
stayer,-3.39
stayer,-3.39
stayer,4.08
stayer,22.31
stayer,3.35
stayer,87.08
stayer,5.34
stayer,51.08
stayer,-69.31
stayer,-82.1
stayer,114.86
stayer,81.09
stayer,-36.77
stayer,8.0
stayer,353.81
stayer,-17.19
stayer,-33.25
stayer,0.0
stayer,73.76
stayer,5.13
stayer,-4.08
stayer,-37.16
stayer,0.0
stayer,-26.24
stayer,3.08
stayer,6.06
stayer,-97.24
stayer,-31.24
stayer,75.63
stayer,14.97
stayer,37.73
stayer,37.47
stayer,-87.55
stayer,-82.67
stayer,-90.08
stayer,160.94
stayer,78.85
stayer,5.78
stayer,219.72
stayer,-264.64
stayer,-24.69
stayer,88.73
stayer,69.31
stayer,37.16
stayer,-271.43
stayer,49.88
stayer,8.89
stayer,-64.19
stayer,4.73
stayer,95.55
stayer,1.57
stayer,-3.03
stayer,23.64
stayer,0.0
stayer,-1.9
stayer,2.82
stayer,5.33
stayer,-9.53
stayer,-91.63
stayer,-9.68
stayer,87.71
stayer,14.66
stayer,-26.24
stayer,78.85
stayer,7.52
stayer,0.0
stayer,104.98
stayer,4.08
stayer,-25.4
stayer,4.18
stayer,15.42
stayer,0.0
stayer,7.04
stayer,7.84
stayer,6.45
stayer,4.45
stayer,-109.86
stayer,-1.9
stayer,141.71
stayer,0.84
stayer,-17.44
stayer,7.76
stayer,18.23
stayer,610.13
stayer,3.92
stayer,-19.17
stayer,-41.99
stayer,15.08
stayer,0.0
stayer,-33.65
stayer,12.03
stayer,6.06
stayer,-270.81
stayer,138.63
stayer,18.23
stayer,55.0
stayer,0.0
stayer,197.23
stayer,0.0
stayer,19.19
stayer,-2.06
stayer,150.66
stayer,69.31
stayer,0.0
stayer,17.87
stayer,-0.99
stayer,69.94
stayer,35.42
stayer,-113.94
stayer,8.84
stayer,11.49
stayer,22.31
stayer,43.08
stayer,-179.15
stayer,103.89
stayer,20.76
stayer,-1.07
stayer,-16.86
stayer,-68.87
stayer,-2.11
stayer,-26.83
stayer,164.22
stayer,91.63
stayer,114.51
stayer,-82.1
stayer,14.31
stayer,137.37
stayer,17.37
stayer,-4.09
stayer,0.0
stayer,42.61
stayer,-0.89
stayer,-49.44
stayer,-49.06
stayer,-1.06
stayer,7.41
stayer,1.27
stayer,-8.34
stayer,22.31
stayer,2.25
stayer,44.63
stayer,137.37
stayer,-66.5
stayer,13.98
stayer,8.7
stayer,102.72
stayer,-26.24
stayer,0.0
stayer,193.79
stayer,-10.54
stayer,-65.06
stayer,2.2
stayer,-0.81
stayer,18.92
stayer,-93.83
stayer,146.63
stayer,-2.96
stayer,-1.83
stayer,5.13
stayer,40.55
stayer,29.4
stayer,75.38
stayer,-69.31
stayer,-3.51
stayer,-28.77
stayer,0.0
stayer,28.77
stayer,-17.03
stayer,-4.51
stayer,4.73
stayer,-48.1
stayer,104.98
stayer,-2.9
stayer,0.0
stayer,-39.83
stayer,1.27
stayer,-0.12
stayer,-55.96
stayer,4.08
stayer,-123.97
stayer,14.33
stayer,112.03
stayer,196.17
stayer,188.39
stayer,19.5
stayer,6.28
stayer,67.74
stayer,146.63
stayer,3.39
stayer,0.0
stayer,-3.92
stayer,-78.02
stayer,7.35
stayer,-51.08
stayer,-8.0
stayer,9.31
stayer,53.06
stayer,0.0
stayer,69.31
stayer,8.0
stayer,15.42
stayer,67.35
stayer,-8.96
stayer,9.91
stayer,6.9
stayer,78.85
stayer,-46.16
stayer,38.04
stayer,0.0
stayer,21.36
stayer,6.9
stayer,15.42
stayer,11.78
stayer,0.0
stayer,-4.55
stayer,10.54
stayer,-35.67
stayer,11.78
stayer,-2.82
stayer,34.25
stayer,-47.0
stayer,-73.0
stayer,11.33
stayer,-2.11
stayer,452.51
stayer,-73.46
stayer,23.77
stayer,-33.21
stayer,-60.61
stayer,9.13
stayer,-4.55
stayer,11.12
stayer,-8.52
stayer,-4.45
stayer,-4.26
stayer,87.55
stayer,0.0
stayer,8.9
stayer,0.0
stayer,6.06
stayer,-2.93
stayer,0.0
stayer,9.53
stayer,-5.83
stayer,-9.53
stayer,35.67
stayer,0.0
stayer,0.0
stayer,152.35
stayer,68.18
stayer,-116.32
stayer,5.31
stayer,-133.5
stayer,10.8
stayer,20.76
stayer,22.87
stayer,-19.24
stayer,93.28
stayer,9.53
stayer,-13.35
stayer,4.08
stayer,141.37
stayer,6.9
stayer,0.0
stayer,53.9
stayer,44.63
stayer,-24.85
stayer,-28.77
stayer,69.31
stayer,-207.94
stayer,0.0
stayer,-15.42
stayer,43.84
stayer,63.6
stayer,8.7
stayer,102.96
stayer,2.56
stayer,-11.33
stayer,0.0
stayer,28.77
stayer,-10.23
stayer,3.92
stayer,22.31
stayer,2.2
stayer,-61.62
stayer,-160.94
stayer,-57.54
stayer,7.76
stayer,5.41
stayer,2.35
stayer,5.14
stayer,-9.91
stayer,5.31
stayer,0.0
stayer,-1.55
stayer,-39.3
stayer,-27.33
stayer,20.59
stayer,20.29
stayer,0.0
stayer,-91.63
stayer,0.0
stayer,18.96
stayer,4.65
stayer,0.0
stayer,1.44
stayer,-10.92
stayer,17.59
stayer,-2.9
stayer,0.0
stayer,-120.4
stayer,8.69
stayer,0.0
stayer,8.34
stayer,14.76
stayer,6.45
stayer,0.0
stayer,2.11
stayer,13.88
stayer,2.53
stayer,237.16
stayer,24.01
stayer,13.98
stayer,18.23
stayer,93.13
stayer,0.0
stayer,20.29
stayer,-27.44
stayer,49.51
stayer,-32.36
stayer,17.87
stayer,13.1
stayer,0.0
stayer,15.7
stayer,36.46
stayer,11.0
stayer,26.97
stayer,-2.53
stayer,3.87
stayer,4.08
stayer,-7.7
stayer,18.23
stayer,81.57
stayer,2.6
stayer,-19.24
stayer,5.13
stayer,16.71
stayer,30.75
stayer,22.31
stayer,-150.83
stayer,-184.37
stayer,19.53
stayer,142.96
stayer,-63.21
stayer,45.2
stayer,-22.31
stayer,-51.08
stayer,22.31
stayer,0.0
stayer,-4.26
stayer,20.97
stayer,6.45
stayer,-34.83
stayer,28.77
stayer,3.08
stayer,22.68
stayer,-18.23
stayer,7.55
stayer,5.41
stayer,6.9
stayer,-7.41
stayer,-27.85
stayer,0.0
stayer,20.07
stayer,61.52
stayer,11.78
stayer,39.83
stayer,32.85
stayer,1.54
stayer,22.31
stayer,-34.83
stayer,-6.9
stayer,-5.23
stayer,13.01
stayer,17.1
stayer,-3.94
stayer,14.31
stayer,0.0
stayer,106.78
stayer,9.1
stayer,37.11
stayer,0.0
stayer,35.48
stayer,-4.28
stayer,-109.86
stayer,12.52
stayer,28.77
stayer,29.1
stayer,-20.83
stayer,79.63
stayer,-38.93
stayer,65.06
stayer,0.0
stayer,-75.14
stayer,69.31
stayer,4.96
stayer,19.54
stayer,-28.68
stayer,0.0
stayer,-48.55
stayer,58.78
stayer,40.55
stayer,-38.57
stayer,-3.92
stayer,2.63
stayer,4.88
stayer,95.98
stayer,-6.45
stayer,290.87
stayer,21.87
stayer,23.36
stayer,-156.86
stayer,15.86
stayer,0.0
stayer,5.26
stayer,-24.69
stayer,4.08
stayer,0.0
stayer,-31.59
stayer,34.57
stayer,-50.51
stayer,0.0
stayer,-11.78
stayer,-13.88
stayer,4.35
stayer,-34.22
stayer,-35.67
stayer,52.2
stayer,15.15
stayer,-51.08
stayer,0.0
stayer,17.87
stayer,9.31
stayer,-3.92
stayer,26.24
stayer,10.54
stayer,20.07
stayer,-126.23
stayer,5.56
stayer,33.65
stayer,-17.44
stayer,-28.77
stayer,2.11
stayer,9.89
stayer,19.87
stayer,0.0
stayer,2.79
stayer,552.15
stayer,21.36
stayer,50.55
stayer,-109.86
stayer,1.68
stayer,1.68
stayer,-31.24
stayer,0.0
stayer,58.78
stayer,13.52
stayer,-2.9
stayer,23.94
stayer,23.43
stayer,5.13
stayer,15.42
stayer,2.74
stayer,0.0
stayer,-29.47
stayer,5.72
stayer,433.07
stayer,22.31
stayer,0.0
stayer,2.99
stayer,6.9
stayer,29.28
stayer,-20.76
stayer,-44.7
stayer,-19.23
stayer,-29.73
stayer,12.26
stayer,124.13
stayer,-16.91
stayer,33.35
stayer,-40.55
stayer,8.0
stayer,9.83
stayer,0.0
stayer,2.15
stayer,-107.45
stayer,36.77
stayer,51.59
stayer,-4.0
stayer,4.08
stayer,9.31
stayer,91.63
stayer,15.42
stayer,-116.32
stayer,-58.78
stayer,-122.38
stayer,4.45
stayer,3.85
stayer,0.0
stayer,2.67
stayer,-14.3
stayer,10.18
stayer,40.55
stayer,5.31
stayer,-1.6
stayer,47.45
stayer,15.42
stayer,0.0
stayer,0.0
stayer,-32.54
stayer,0.0
stayer,44.18
stayer,54.16
stayer,-3.92
stayer,19.92
stayer,105.21
stayer,8.96
stayer,4.08
stayer,7.15
stayer,-26.24
stayer,-53.88
stayer,55.0
stayer,8.34
stayer,5.93
stayer,26.97
stayer,-58.78
stayer,-37.16
stayer,-16.13
stayer,8.01
stayer,40.55
stayer,-33.65
stayer,-2.3
stayer,87.05
stayer,4.45
stayer,25.13
stayer,-31.29
stayer,-33.35
stayer,21.03
stayer,-79.49
stayer,14.46
stayer,6.64
stayer,22.31
stayer,31.85
stayer,62.86
stayer,-12.52
stayer,-4.35
stayer,42.2
stayer,-67.27
stayer,-16.71
stayer,9.21
stayer,22.31
stayer,35.67
stayer,-58.31
stayer,-9.53
stayer,-90.45
stayer,6.9
stayer,145.63
stayer,0.0
stayer,37.25
stayer,-17.44
stayer,62.86
stayer,27.33
stayer,-6.32
stayer,-55.0
stayer,12.78
stayer,-26.24
stayer,8.96
stayer,25.97
stayer,-33.65
stayer,-48.55
stayer,33.65
stayer,0.0
stayer,1.63
stayer,-55.96
stayer,0.0
stayer,16.25
stayer,0.0
stayer,0.0
stayer,10.54
stayer,-57.98
stayer,0.0
stayer,31.72
stayer,37.73
stayer,0.0
stayer,1.01
stayer,-6.9
stayer,22.31
stayer,27.44
stayer,-8.4
stayer,3.08
stayer,18.23
stayer,24.12
stayer,14.31
stayer,41.17
stayer,70.35
stayer,190.95
stayer,-85.57
stayer,10.27
stayer,71.38
stayer,25.13
stayer,129.93
stayer,-4.2
stayer,4.08
stayer,-4.08
stayer,55.34
stayer,-42.81
stayer,48.86
stayer,-8.7
stayer,201.49
stayer,-188.71
stayer,102.17
stayer,150.41
stayer,-105.31
stayer,82.1
stayer,38.44
stayer,23.11
stayer,-49.64
stayer,8.26
stayer,5.41
stayer,-24.42
stayer,8.52
stayer,25.59
stayer,13.98
stayer,47.0
stayer,66.78
stayer,221.92
stayer,31.3
stayer,0.3
stayer,28.77
stayer,-4.88
stayer,18.23
stayer,0.0
stayer,8.7
stayer,-51.08
stayer,-114.52
stayer,-13.35
stayer,-8.34
stayer,32.54
stayer,38.87
stayer,-65.39
stayer,-14.46
stayer,-38.51
stayer,-8.0
stayer,-15.91
stayer,7.8
stayer,1.26
stayer,6.36
stayer,-29.73
stayer,29.53
stayer,0.0
stayer,-4.88
stayer,-11.25
stayer,-16.63
stayer,12.86
stayer,95.02
stayer,8.7
stayer,0.0
stayer,10.54
stayer,0.0
stayer,10.54
stayer,4.73
stayer,100.33
stayer,-270.81
stayer,20.63
stayer,-5.56
stayer,0.0
stayer,-5.13
stayer,3.39
stayer,263.91
stayer,4.0
stayer,151.63
stayer,-32.72
stayer,7.7
stayer,4.14
stayer,-31.85
stayer,6.45
stayer,0.0
stayer,-109.86
stayer,2.53
stayer,-40.54
stayer,5.94
stayer,4.35
stayer,-40.55
stayer,0.0
stayer,-13.61
stayer,18.23
stayer,-3.92
stayer,193.39
stayer,18.23
stayer,-22.31
stayer,-16.84
stayer,-34.69
stayer,9.53
stayer,-28.03
stayer,60.61
stayer,0.0
stayer,40.55
stayer,-2.2
stayer,28.26
stayer,289.39
stayer,-74.33
stayer,-6.9
stayer,180.18
stayer,-69.31
stayer,13.98
stayer,-7.41
stayer,11.78
stayer,10.54
stayer,15.42
stayer,66.9
stayer,4.88
stayer,1.86
stayer,90.62
stayer,-127.3
stayer,0.0
stayer,152.24
stayer,11.33
stayer,-35.67
stayer,10.54
stayer,36.46
stayer,55.0
stayer,6.45
stayer,0.0
stayer,-9.53
stayer,34.09
stayer,49.25
stayer,-2.11
stayer,0.0
stayer,10.92
stayer,9.16
stayer,-31.24
stayer,1.98
stayer,0.0
stayer,50.08
stayer,49.25
stayer,-98.67
stayer,20.15
stayer,31.24
stayer,-55.96
stayer,214.01
stayer,11.78
stayer,4.08
stayer,21.22
stayer,0.0
stayer,-5.92
stayer,51.08
stayer,-4.8
stayer,-22.31
stayer,19.89
stayer,-10.54
stayer,-8.7
stayer,28.77
stayer,-77.31
stayer,-27.44
stayer,-23.36
stayer,120.4
stayer,-58.78
stayer,-31.85
stayer,-54.23
stayer,8.05
stayer,-7.23
stayer,-7.02
stayer,3.28
stayer,13.98
stayer,-9.53
stayer,0.7
stayer,26.24
stayer,4.88
stayer,31.85
stayer,0.0
stayer,289.04
stayer,-139.24
stayer,33.55
stayer,74.72
stayer,25.21
stayer,-50.41
stayer,-37.74
stayer,2.25
stayer,0.0
stayer,96.43
stayer,-42.9
stayer,-58.78
stayer,-47.0
stayer,58.78
stayer,19.42
stayer,12.41
stayer,-15.12
stayer,-1.83
stayer,34.29
stayer,-4.88
stayer,1.89
stayer,-87.55
stayer,5.13
stayer,-53.68
stayer,-10.54
stayer,38.87
stayer,25.13
stayer,-31.85
stayer,112.7
stayer,-24.69
stayer,4.2
stayer,2.41
stayer,-9.53
stayer,97.34
stayer,-13.35
stayer,-3.39
stayer,-21.4
stayer,3.57
stayer,-26.24
stayer,35.45
stayer,36.69
stayer,9.94
stayer,-64.0
stayer,16.13
stayer,-10.39
stayer,81.09
stayer,22.31
stayer,-55.0
stayer,0.0
stayer,52.13
stayer,40.55
stayer,-69.31
stayer,112.01
stayer,18.23
stayer,58.78
stayer,67.37
stayer,129.1
stayer,23.64
stayer,7.23
stayer,29.38
stayer,-9.02
stayer,-39.86
stayer,3.17
stayer,3.82
stayer,8.7
stayer,-0.64
stayer,57.54
stayer,-31.95
stayer,22.31
stayer,-4.88
stayer,-30.42
stayer,-5.13
stayer,10.53
stayer,-69.31
stayer,-16.33
stayer,-67.63
stayer,189.71
stayer,-75.77
stayer,50.21
stayer,19.72
stayer,-73.15
stayer,-1.07
stayer,21.36
stayer,35.67
stayer,33.47
stayer,-114.26
stayer,-11.12
stayer,10.54
stayer,-131.73
stayer,-18.23
stayer,35.67
stayer,3.13
stayer,-22.31
stayer,-20.27
stayer,0.0
stayer,536.29
stayer,22.31
stayer,10.54
stayer,-11.78
stayer,-15.42
stayer,-12.52
stayer,138.63
stayer,-8.09
stayer,-11.78
stayer,2.02
stayer,1.53
stayer,15.62
stayer,9.13
stayer,4.53
stayer,7.88
stayer,5.56
stayer,47.96
stayer,-22.31
stayer,-1.66
stayer,0.0
stayer,-27.44
stayer,0.0
stayer,-18.87
stayer,1.55
stayer,-51.08
stayer,7.41
stayer,-24.61
stayer,-32.89
stayer,55.96
stayer,120.4
stayer,-3.57
stayer,-33.65
stayer,12.14
stayer,0.0
stayer,91.63
stayer,18.23
stayer,-0.8
stayer,14.31
stayer,-25.34
stayer,-22.88
stayer,18.23
stayer,10.82
stayer,-214.01
stayer,44.03
stayer,160.94
stayer,16.09
stayer,29.63
stayer,-111.04
stayer,48.19
stayer,35.67
stayer,-5.31
stayer,-18.23
stayer,0.0
stayer,-51.79
stayer,138.63
stayer,22.31
stayer,8.7
stayer,4.17
stayer,33.65
stayer,1.57
stayer,14.31
stayer,-12.29
stayer,30.54
stayer,1.6
stayer,-10.97
stayer,0.0
stayer,24.12
stayer,5.97
stayer,70.62
stayer,-29.73
stayer,-28.77
stayer,11.65
stayer,234.18
stayer,-6.45
stayer,89.87
stayer,14.31
stayer,1.68
stayer,55.96
stayer,-41.07
stayer,42.17
stayer,1.12
stayer,-19.67
stayer,9.16
stayer,-133.5
stayer,-36.77
stayer,16.13
stayer,-41.28
stayer,-30.36
stayer,-0.92
stayer,0.0
stayer,4.24
stayer,-22.31
stayer,7.6
stayer,22.31
stayer,-59.14
stayer,24.12
stayer,195.77
stayer,-77.65
stayer,4.65
stayer,-14.71
stayer,28.77
stayer,32.21
stayer,4.26
stayer,-87.55
stayer,87.55
stayer,187.18
stayer,2.13
stayer,-77.65
stayer,0.0
stayer,-38.3
stayer,68.06
stayer,5.11
stayer,7.02
stayer,-18.23
stayer,249.29
stayer,38.89
stayer,-55.96
stayer,-47.0
stayer,-90.97
stayer,-1.44
stayer,-2.61
stayer,-4.88
stayer,-138.63
stayer,-36.77
stayer,-84.16
stayer,25.13
stayer,334.64
stayer,66.78
stayer,18.23
stayer,47.27
stayer,-40.55
stayer,-69.31
stayer,66.68
stayer,10.66
stayer,51.08
stayer,8.7
stayer,28.77
stayer,51.08
stayer,-58.39
stayer,145.32
stayer,-14.94
stayer,201.49
stayer,-82.93
stayer,-31.02
stayer,-31.52
stayer,2.61
stayer,9.84
stayer,-62.84
stayer,-15.42
stayer,2.47
stayer,-11.78
stayer,-0.66
stayer,-3.28
stayer,-108.33
stayer,42.99
stayer,6.45
stayer,-35.67
stayer,10.54
stayer,22.31
stayer,-0.25
stayer,-31.85
stayer,15.96
stayer,54.85
stayer,-160.94
stayer,11.51
stayer,-13.98
stayer,38.08
stayer,-0.37
stayer,-39.67
stayer,95.55
stayer,28.77
stayer,21.82
stayer,22.96
stayer,-1.46
stayer,-38.08
stayer,248.49
stayer,-18.23
stayer,2.82
stayer,2.9
stayer,21.67
stayer,62.42
stayer,75.38
stayer,-22.8
stayer,-18.23
stayer,47.16
stayer,-7.55
stayer,325.81
stayer,66.78
stayer,237.49
stayer,-23.64
stayer,5.41
stayer,-35.93
stayer,30.23
stayer,-29.9
stayer,10.54
stayer,223.8
stayer,22.31
stayer,-24.56
stayer,-57.05
stayer,5.22
stayer,-376.89
stayer,3.61
stayer,10.54
stayer,13.35
stayer,51.08
stayer,5.05
stayer,-12.09
stayer,14.52
stayer,-1.32
stayer,25.13
stayer,-18.23
stayer,-27.33
stayer,32.85
stayer,47.33
stayer,-57.98
stayer,3.92
stayer,-13.08
stayer,20.76
stayer,173.35
stayer,-201.68
stayer,33.31
stayer,-17.87
stayer,55.78
stayer,24.92
stayer,129.93
stayer,1.31
stayer,10.82
stayer,5.7
stayer,45.47
stayer,-4.08
stayer,6.62
stayer,0.0
stayer,6.51
stayer,-28.77
stayer,20.41
stayer,85.31
stayer,69.31
stayer,19.04
stayer,109.86
stayer,20.07
stayer,24.29
stayer,9.11
stayer,31.02
stayer,46.2
stayer,-0.74
stayer,76.21
stayer,9.53
stayer,18.23
stayer,0.0
stayer,-138.47
stayer,-15.42
stayer,127.81
stayer,59.7
stayer,14.58
stayer,0.0
stayer,14.31
stayer,7.49
stayer,4.4
stayer,65.61
stayer,-41.87
stayer,-21.11
stayer,5.72
stayer,0.0
stayer,0.0
stayer,-8.7
stayer,73.4
stayer,43.36
stayer,1.65
stayer,56.28
stayer,138.63
stayer,23.8
stayer,20.88
stayer,13.15
stayer,87.55
stayer,-65.24
stayer,16.36
stayer,0.0
stayer,47.29
stayer,3.92
stayer,81.09
stayer,4.08
stayer,-6.45
stayer,41.87
stayer,28.77
stayer,9.16
stayer,-55.41
stayer,37.59
stayer,174.92
stayer,14.9
stayer,35.67
stayer,-22.31
stayer,38.3
stayer,-76.21
stayer,-2.53
stayer,-3.64
stayer,-3.92
stayer,0.0
stayer,-14.46
stayer,-127.3
stayer,-10.54
stayer,-2.06
stayer,-49.02
stayer,-11.78
stayer,-3.28
stayer,-160.93
stayer,8.0
stayer,-65.18
stayer,-5.94
stayer,-71.51
stayer,156.06
stayer,107.88
stayer,-117.87
stayer,16.51
stayer,-8.0
stayer,3.39
stayer,3.28
stayer,0.0
stayer,8.42
stayer,-3.64
stayer,66.85
stayer,105.94
stayer,28.77
stayer,-15.42
stayer,-31.85
stayer,0.19
stayer,-10.7
stayer,-3.92
stayer,-7.55
stayer,18.23
stayer,-6.45
stayer,26.24
stayer,-1.36
stayer,0.0
stayer,2.41
stayer,-7.41
stayer,0.0
stayer,9.53
stayer,1.9
stayer,-10.78
stayer,-9.53
stayer,14.11
stayer,51.08
stayer,6.19
stayer,17.83
stayer,22.31
stayer,1.26
stayer,13.1
stayer,-43.83
stayer,-104.15
stayer,-54.65
stayer,0.0
stayer,11.0
stayer,4.08
stayer,102.17
stayer,7.6
stayer,9.04
stayer,0.0
stayer,13.98
stayer,1.98
stayer,0.0
stayer,2.74
stayer,-15.42
stayer,90.29
stayer,-158.92
stayer,9.82
stayer,11.78
stayer,15.22
stayer,11.78
stayer,2.41
stayer,-117.27
stayer,-36.29
stayer,-18.23
stayer,66.14
stayer,8.7
stayer,33.65
stayer,-40.55
stayer,-16.91
stayer,40.55
stayer,2.3
stayer,39.47
stayer,-15.42
stayer,8.92
stayer,-33.65
stayer,1.77
stayer,-9.02
stayer,9.65
stayer,-91.63
stayer,-40.55
stayer,63.91
stayer,1.53
stayer,18.23
stayer,-5.91
stayer,-25.95
stayer,0.0
stayer,-88.55
stayer,-27.44
stayer,-50.08
stayer,53.06
stayer,2.02
stayer,-138.63
stayer,11.55
stayer,0.0
stayer,0.0
stayer,1.85
stayer,-93.39
stayer,-40.55
stayer,55.96
stayer,13.35
stayer,-5.56
stayer,-59.88
stayer,-5.26
stayer,8.7
stayer,-14.31
stayer,4.88
stayer,-22.31
stayer,6.9
stayer,-22.31
stayer,22.31
stayer,18.23
stayer,0.0
stayer,40.55
stayer,13.35
stayer,22.31
stayer,15.98
stayer,47.0
stayer,80.44
stayer,-31.45
stayer,0.0
stayer,51.08
stayer,24.97
stayer,5.13
stayer,-33.65
stayer,-60.69
stayer,-201.49
stayer,22.31
stayer,45.68
stayer,133.83
stayer,7.41
stayer,55.96
stayer,13.35
stayer,11.65
stayer,-36.77
stayer,20.07
stayer,44.46
stayer,0.0
stayer,-6.9
stayer,122.26
stayer,0.0
stayer,3.08
stayer,-27.7
stayer,-36.77
stayer,3.7
stayer,91.63
stayer,40.55
stayer,-8.0
stayer,28.77
stayer,7.41
stayer,26.51
stayer,0.0
stayer,33.14
stayer,0.0
stayer,22.31
stayer,17.44
stayer,26.14
stayer,-21.22
stayer,-11.39
stayer,-6.3
stayer,57.98
stayer,-104.98
stayer,15.08
stayer,-6.27
stayer,47.0
stayer,10.39
stayer,17.44
stayer,36.77
stayer,0.0
stayer,28.19
stayer,90.83
stayer,5.31
stayer,31.85
stayer,19.0
stayer,8.7
stayer,43.36
stayer,-12.36
stayer,-0.16
stayer,14.73
stayer,15.42
stayer,0.0
stayer,-6.77
stayer,-57.64
stayer,18.23
stayer,21.36
stayer,-28.77
stayer,69.31
stayer,-69.31
stayer,107.04
stayer,10.54
stayer,7.66
stayer,8.7
stayer,0.0
stayer,5.35
stayer,2.98
stayer,33.65
stayer,-57.43
stayer,-158.92
stayer,6.45
stayer,83.62
stayer,0.0
stayer,13.61
stayer,0.0
stayer,16.91
stayer,3.28
stayer,-6.45
stayer,129.93
stayer,160.94
stayer,-19.61
stayer,-8.34
stayer,7.62
stayer,34.81
stayer,-10.23
stayer,16.36
stayer,58.78
stayer,4.08
stayer,-106.47
stayer,11.98
stayer,-15.42
stayer,4.08
stayer,-5.31
stayer,29.51
stayer,-2.53
stayer,22.34
stayer,-12.14
stayer,15.15
stayer,30.85
stayer,4.08
stayer,-15.42
stayer,-18.23
stayer,-38.62
stayer,0.01
stayer,16.55
stayer,21.65
stayer,9.53
stayer,-211.22
stayer,18.23
stayer,-1.17
stayer,-3.51
stayer,-18.23
stayer,-3.45
stayer,8.19
stayer,-28.16
stayer,-24.87
stayer,6.45
stayer,4.08
stayer,57.05
stayer,17.19
stayer,10.01
stayer,-4.6
stayer,0.0
stayer,-12.41
stayer,0.0
stayer,-2.19
stayer,12.41
stayer,-11.55
stayer,-219.72
stayer,48.34
stayer,-84.73
stayer,23.51
stayer,0.0
stayer,-43.29
stayer,-9.31
stayer,-67.58
stayer,0.0
stayer,84.73
stayer,-64.51
stayer,114.51
stayer,8.7
stayer,-219.72
stayer,-4.08
stayer,0.0
stayer,-1.9
stayer,-2.79
stayer,0.0
stayer,1.98
stayer,26.83
stayer,-73.4
stayer,-24.26
stayer,138.63
stayer,-170.14
stayer,55.96
stayer,79.32
stayer,-25.13
stayer,18.23
stayer,2.41
stayer,216.28
stayer,-5.41
stayer,-1.18
stayer,214.72
stayer,-3.28
stayer,-10.54
stayer,14.2
stayer,2.2
stayer,3.39
stayer,-28.77
stayer,-38.19
stayer,-13.98
stayer,95.05
stayer,-16.01
stayer,-179.63
stayer,5.13
stayer,4.73
stayer,-70.95
stayer,-7.0
stayer,157.35
stayer,18.23
stayer,-77.11
stayer,23.63
stayer,-69.31
stayer,15.42
stayer,-129.93
stayer,104.98
stayer,9.3
stayer,4.13
stayer,48.55
stayer,63.6
stayer,-19.61
stayer,-53.06
stayer,-48.55
stayer,25.13
stayer,84.73
stayer,-28.77
stayer,11.51
stayer,-25.13
stayer,230.26
stayer,234.34
stayer,0.0
stayer,-40.55
stayer,-6.32
stayer,12.52
stayer,22.31
stayer,8.0
stayer,5.94
stayer,-22.31
stayer,-36.77
stayer,2.63
stayer,34.55
stayer,-5.61
stayer,-55.63
stayer,49.14
stayer,-11.78
stayer,19.19
stayer,-69.31
stayer,14.52
stayer,3.7
stayer,148.16
stayer,-20.41
stayer,37.73
stayer,20.25
stayer,0.0
stayer,-3.77
stayer,5.41
stayer,-69.31
stayer,-73.4
stayer,6.17
stayer,-17.11
stayer,22.31
stayer,-86.85
stayer,104.98
stayer,-26.24
stayer,26.57
stayer,-38.57
stayer,-35.67
stayer,-62.86
stayer,138.63
stayer,65.39
stayer,-47.0
stayer,38.06
stayer,0.0
stayer,0.0
stayer,40.55
stayer,81.09
stayer,138.63
stayer,0.0
stayer,86.02
stayer,-109.86
stayer,-12.36
stayer,0.0
stayer,22.88
stayer,-77.65
stayer,17.44
stayer,-299.57
stayer,-55.0
stayer,-22.99
stayer,18.23
stayer,73.19
stayer,-172.72
stayer,45.68
stayer,38.3
stayer,7.23
stayer,-72.52
stayer,53.06
stayer,-264.91
stayer,-244.24
stayer,2.25
stayer,96.51
stayer,-8.7
stayer,11.78
stayer,8.0
stayer,0.0
stayer,0.0
stayer,34.29
stayer,-15.42
stayer,10.01
stayer,0.0
stayer,33.65
stayer,69.31
stayer,10.18
stayer,263.11
stayer,19.57
stayer,21.36
stayer,-0.09
stayer,0.0
stayer,11.78
stayer,21.22
stayer,-7.23
stayer,-3.92
stayer,104.41
stayer,-19.42
stayer,8.15
stayer,5.83
stayer,22.88
stayer,11.78
stayer,13.98
stayer,51.12
stayer,63.37
stayer,125.28
stayer,6.19
stayer,-152.61
stayer,-18.65
stayer,-51.88
stayer,3.64
stayer,40.55
stayer,-21.31
stayer,37.16
stayer,17.73
stayer,-97.46
stayer,-44.03
stayer,30.61
stayer,-20.07
stayer,26.24
stayer,-10.54
stayer,18.23
stayer,299.57
stayer,63.13
stayer,83.29
stayer,-1.08
stayer,25.49
stayer,236.71
stayer,5.61
stayer,10.11
stayer,19.24
stayer,53.9
stayer,-40.54
stayer,0.0
stayer,9.34
stayer,8.52
stayer,58.2
stayer,37.47
stayer,-13.35
stayer,22.31
stayer,5.88
stayer,-31.24
stayer,-6.26
stayer,-41.58
stayer,-21.51
stayer,58.31
stayer,2.69
stayer,-38.57
stayer,19.42
stayer,36.77
stayer,43.18
stayer,-18.23
stayer,6.9
stayer,-26.83
stayer,0.72
stayer,165.82
stayer,3.28
stayer,0.01
stayer,4.88
stayer,11.78
stayer,0.0
stayer,71.47
stayer,3.92
stayer,18.19
stayer,23.26
stayer,-49.25
stayer,31.02
stayer,-25.13
stayer,-74.19
stayer,17.1
stayer,120.4
stayer,-81.09
stayer,53.9
stayer,14.31
stayer,-39.64
stayer,6.45
stayer,51.08
stayer,35.67
stayer,6.54
stayer,7.39
stayer,28.77
stayer,31.37
stayer,0.0
stayer,-2.47
stayer,43.24
stayer,-31.18
stayer,8.7
stayer,31.02
stayer,368.89
stayer,-10.54
stayer,-6.45
stayer,0.5
stayer,-43.29
stayer,0.0
stayer,-6.19
stayer,-4.55
stayer,0.0
stayer,2.02
stayer,17.1
stayer,129.93
stayer,135.45
stayer,188.24
stayer,20.59
stayer,-160.94
stayer,21.36
stayer,-5.94
stayer,91.63
stayer,19.03
stayer,15.72
stayer,6.9
stayer,-9.31
stayer,0.0
stayer,0.0
stayer,23.36
stayer,-6.19
stayer,17.87
stayer,33.31
stayer,26.24
stayer,8.0
stayer,109.86
stayer,-1.89
stayer,-105.94
stayer,-21.31
stayer,235.83
stayer,-3.92
stayer,3.7
stayer,40.55
stayer,14.31
stayer,20.63
stayer,78.28
stayer,77.29
stayer,0.0
stayer,138.63
stayer,13.35
stayer,10.54
stayer,78.85
stayer,10.54
stayer,53.19
stayer,-2.9
stayer,-61.31
stayer,4.08
stayer,1.8
stayer,0.0
stayer,22.31
stayer,18.35
stayer,1.44
stayer,-46.87
stayer,-11.78
stayer,-170.47
stayer,34.17
stayer,53.9
stayer,33.65
stayer,40.1
stayer,-31.62
stayer,-14.11
stayer,-9.69
stayer,24.54
stayer,-39.59
stayer,61.62
stayer,19.05
stayer,160.94
stayer,-2.47
stayer,-7.1
stayer,1.65
stayer,-10.54
stayer,-76.21
stayer,7.7
stayer,-9.53
stayer,-42.74
stayer,26.42
stayer,45.68
stayer,40.55
stayer,5.61
stayer,2.25
stayer,-69.31
stayer,4.2
stayer,4.46
stayer,-198.59
stayer,11.63
stayer,14.52
stayer,-21.51
stayer,16.71
stayer,0.0
stayer,1.19
stayer,-2.31
stayer,3.49
stayer,1.04
stayer,-3.15
stayer,16.13
stayer,-11.33
stayer,7.55
stayer,10.11
stayer,-570.38
stayer,84.73
stayer,10.54
stayer,12.12
stayer,17.62
stayer,4.26
stayer,-49.4
stayer,-13.41
stayer,17.66
stayer,-20.07
stayer,5.88
stayer,61.62
stayer,126.46
stayer,26.71
stayer,88.12
stayer,-76.21
stayer,11.98
stayer,-18.92
stayer,8.96
stayer,0.0
stayer,-1.98
stayer,0.0
stayer,-11.55
stayer,69.31
stayer,-19.42
stayer,-33.65
stayer,-10.35
stayer,-16.67
stayer,-12.52
stayer,-7.8
stayer,-49.25
stayer,6.74
stayer,0.0
stayer,0.0
stayer,-2.67
stayer,-6.9
stayer,0.0
stayer,-3.26
stayer,-26.57
stayer,37.64
stayer,0.0
stayer,20.97
stayer,15.42
stayer,11.78
stayer,-144.92
stayer,16.71
stayer,85.68
stayer,-93.61
stayer,2.3
stayer,5.63
stayer,21.51
stayer,-14.22
stayer,19.61
stayer,62.86
stayer,11.33
stayer,-10.39
stayer,-28.77
stayer,-2.86
stayer,155.81
stayer,-14.9
stayer,0.0
stayer,-1.31
stayer,-22.31
stayer,9.53
stayer,90.08
stayer,81.44
stayer,14.79
stayer,-11.03
stayer,-4.94
stayer,5.13
stayer,4.51
stayer,1.55
stayer,-138.63
stayer,144.69
stayer,10.53
stayer,77.32
stayer,40.55
stayer,-4.04
stayer,-2.12
stayer,-66.14
stayer,-8.1
stayer,0.0
stayer,5.41
stayer,0.0
stayer,18.23
stayer,-20.07
stayer,9.31
stayer,64.66
stayer,-8.0
stayer,-8.0
stayer,48.55
stayer,91.63
stayer,18.23
stayer,8.7
stayer,196.58
stayer,1.68
stayer,41.17
stayer,57.14
stayer,67.45
stayer,13.93
stayer,13.98
stayer,0.0
stayer,-18.23
stayer,11.57
stayer,6.45
stayer,5.41
stayer,0.0
stayer,0.0
stayer,0.0
stayer,19.42
stayer,38.87
stayer,-40.55
stayer,-16.13
stayer,0.0
stayer,29.51
stayer,3.92
stayer,-13.35
stayer,-0.4
stayer,0.0
stayer,-34.83
stayer,6.22
stayer,9.53
stayer,20.59
stayer,-130.41
stayer,0.0
stayer,22.31
stayer,10.18
stayer,7.41
stayer,-1.13
stayer,4.08
stayer,-38.3
stayer,-6.06
stayer,87.55
stayer,-69.31
stayer,28.77
stayer,0.0
stayer,43.96
stayer,-196.61
stayer,5.41
stayer,25.13
stayer,-4.42
stayer,57.18
stayer,139.55
stayer,-14.95
stayer,0.0
stayer,-44.8
stayer,48.64
stayer,-0.0
stayer,-8.0
stayer,10.54
stayer,10.54
stayer,230.26
stayer,0.0
stayer,-129.39
stayer,-2.06
stayer,-14.66
stayer,13.98
stayer,18.23
stayer,9.8
stayer,0.0
stayer,17.11
stayer,-34.83
stayer,-99.96
stayer,-43.45
stayer,17.94
stayer,64.18
stayer,0.0
stayer,-1.77
stayer,67.66
stayer,-8.92
stayer,32.85
stayer,-2.47
stayer,-30.54
stayer,-11.78
stayer,18.84
stayer,27.44
stayer,79.85
stayer,139.81
stayer,-25.13
stayer,-19.85
stayer,-31.59
stayer,15.54
stayer,19.04
stayer,-1.8
stayer,2.99
stayer,-1.8
stayer,1.98
stayer,-15.06
stayer,-114.99
stayer,-34.82
stayer,69.31
stayer,37.73
stayer,76.08
stayer,-10.54
stayer,-5.2
stayer,-323.21
stayer,0.0
stayer,91.63
stayer,1.98
stayer,-48.55
stayer,11.48
stayer,28.77
stayer,-20.25
stayer,20.07
stayer,6.06
stayer,299.57
stayer,2.06
stayer,-1.65
stayer,0.0
stayer,25.46
stayer,6.61
stayer,0.84
stayer,-9.1
stayer,10.32
stayer,27.76
stayer,5.48
stayer,-5.31
stayer,57.18
stayer,-23.64
stayer,-183.26
stayer,-34.29
stayer,0.0
stayer,-172.28
stayer,6.67
stayer,0.0
stayer,0.73
stayer,75.38
stayer,0.52
stayer,-5.72
stayer,-26.24
stayer,67.52
stayer,3.28
stayer,3.51
stayer,-63.6
stayer,-13.35
stayer,91.63
stayer,0.0
stayer,36.87
stayer,13.98
stayer,-3.51
stayer,-179.18
stayer,-4.88
stayer,-22.31
stayer,-8.0
stayer,18.81
stayer,8.47
stayer,5.48
stayer,8.34
stayer,-28.77
stayer,15.42
stayer,6.52
stayer,2.02
stayer,0.0
stayer,-51.08
stayer,9.11
stayer,0.0
stayer,-76.21
stayer,12.52
stayer,5.72
stayer,47.0
stayer,-31.85
stayer,5.2
stayer,16.81
stayer,-77.32
stayer,-20.07
stayer,8.89
stayer,43.53
stayer,-138.29
stayer,-104.73
stayer,20.76
stayer,-16.55
stayer,0.0
stayer,34.09
stayer,7.7
stayer,138.63
stayer,129.58
stayer,-8.96
stayer,-45.78
stayer,-3.28
stayer,69.31
stayer,-250.33
stayer,6.45
stayer,12.52
stayer,36.03
stayer,8.7
stayer,-11.44
stayer,51.09
stayer,-48.55
stayer,-41.32
stayer,57.71
stayer,-73.0
stayer,-14.31
stayer,3.43
stayer,4.08
stayer,74.83
stayer,0.0
stayer,123.09
stayer,-34.23
stayer,8.17
stayer,9.43
stayer,-256.49
stayer,51.39
stayer,1.06
stayer,-1.89
stayer,46.56
stayer,-40.55
stayer,-2.25
stayer,-60.98
stayer,12.52
stayer,8.7
stayer,-4.45
stayer,20.29
stayer,-79.32
stayer,54.16
stayer,398.9
stayer,-52.61
stayer,-19.42
stayer,32.05
stayer,218.48
stayer,-6.9
stayer,-20.07
stayer,2.25
stayer,-68.06
stayer,34.06
stayer,8.92
stayer,-8.92
stayer,59.09
stayer,22.31
stayer,129.1
stayer,0.0
stayer,56.43
stayer,-176.36
stayer,-4.36
stayer,-2.35
stayer,9.38
stayer,8.7
stayer,21.74
stayer,-43.08
stayer,37.95
stayer,-39.47
stayer,17.19
stayer,-84.73
stayer,73.57
stayer,91.63
stayer,8.7
stayer,-36.11
stayer,-19.19
stayer,-24.51
stayer,6.32
stayer,0.0
stayer,-2.9
stayer,-9.53
stayer,0.0
stayer,4.45
stayer,5.72
stayer,-32.54
stayer,38.12
stayer,-26.83
stayer,18.23
stayer,2.47
stayer,58.78
stayer,-0.91
stayer,-44.63
stayer,-42.73
stayer,-6.45
stayer,-66.85
stayer,-19.44
stayer,8.0
stayer,-28.77
stayer,0.0
stayer,40.7
stayer,25.13
stayer,20.96
stayer,-66.5
stayer,-113.14
stayer,-25.38
stayer,12.01
stayer,-17.87
stayer,-63.76
stayer,-22.31
stayer,0.0
stayer,-22.31
stayer,3.28
stayer,-12.83
stayer,74.19
stayer,-10.54
stayer,20.76
stayer,17.53
stayer,114.51
stayer,6.19
stayer,-9.31
stayer,12.78
stayer,64.44
stayer,-35.07
stayer,-63.13
stayer,6.45
stayer,1.74
stayer,5.13
stayer,5.99
stayer,-6.45
stayer,-23.11
stayer,61.87
stayer,-13.35
stayer,39.59
stayer,3.51
stayer,0.0
stayer,12.43
stayer,-2.35
stayer,7.88
stayer,-6.45
stayer,-49.25
stayer,-9.31
stayer,-128.09
stayer,0.0
stayer,-2.6
stayer,-24.12
stayer,0.0
stayer,-56.37
stayer,25.13
stayer,230.26
stayer,-3.17
stayer,4.08
stayer,-8.52
stayer,0.0
stayer,0.0
stayer,188.57
stayer,102.17
stayer,-4.57
stayer,65.23
stayer,6.9
stayer,-5.65
stayer,-12.1
stayer,29.42
stayer,-10.92
stayer,24.12
stayer,121.95
stayer,42.57
stayer,33.65
stayer,-75.2
stayer,91.63
stayer,207.94
stayer,11.66
stayer,-8.7
stayer,27.76
stayer,-4.88
stayer,21.9
stayer,2.25
stayer,-3.39
stayer,8.96
stayer,2.9
stayer,-84.73
stayer,0.0
stayer,12.14
stayer,-13.35
stayer,-9.99
stayer,-45.82
stayer,16.94
stayer,16.13
stayer,-4.8
stayer,-28.77
stayer,17.44
stayer,-38.57
stayer,0.0
stayer,28.77
stayer,15.42
stayer,145.86
stayer,-116.32
stayer,138.63
stayer,11.78
stayer,11.78
stayer,219.09
stayer,-17.59
stayer,-28.77
stayer,11.33
stayer,17.69
stayer,-74.44
stayer,51.08
stayer,346.57
stayer,-3.28
stayer,29.55
stayer,76.46
stayer,16.83
stayer,23.23
stayer,-16.91
stayer,-100.33
stayer,17.44
stayer,1.87
stayer,2.02
stayer,10.54
stayer,6.9
stayer,-2.37
stayer,8.0
stayer,0.0
stayer,15.42
stayer,69.31
stayer,2.6
stayer,-18.23
stayer,-18.23
stayer,13.61
stayer,-4.55
stayer,-18.23
stayer,16.36
stayer,-5.31
stayer,54.23
stayer,-16.24
stayer,-2.9
stayer,-57.54
stayer,-22.31
stayer,-18.23
stayer,-3.28
stayer,30.75
stayer,-145.76
stayer,-1.8
stayer,4.08
stayer,120.4
stayer,2.33
stayer,-43.83
stayer,74.72
stayer,-13.35
stayer,165.29
stayer,-30.29
stayer,0.36
stayer,-7.49
stayer,22.88
stayer,8.7
stayer,-233.39
stayer,6.06
stayer,-14.31
stayer,0.0
stayer,0.0
stayer,-62.86
stayer,-60.98
stayer,-74.19
stayer,7.41
stayer,18.23
stayer,101.16
stayer,35.67
stayer,-105.94
stayer,11.78
stayer,-51.08
stayer,111.8
stayer,63.6
stayer,-57.54
stayer,11.02
stayer,0.0
stayer,14.2
stayer,53.44
stayer,0.0
stayer,-1.55
stayer,136.95
stayer,72.39
stayer,-13.24
stayer,-69.31
stayer,112.95
stayer,-40.55
stayer,-123.64
stayer,31.02
stayer,0.0
stayer,-4.6
stayer,276.0
stayer,0.0
stayer,68.17
stayer,5.41
stayer,14.72
stayer,4.35
stayer,102.17
stayer,74.72
stayer,10.01
stayer,121.64
stayer,-10.14
stayer,33.65
stayer,31.85
stayer,21.36
stayer,-27.14
stayer,0.0
stayer,-20.41
stayer,68.36
stayer,3.08
stayer,2.53
stayer,-6.59
stayer,-19.0
stayer,40.55
stayer,17.59
stayer,42.9
stayer,-47.31
stayer,-13.35
stayer,-8.7
stayer,1.74
stayer,29.66
stayer,64.66
stayer,-3.64
stayer,-4.6
stayer,263.91
stayer,-53.59
stayer,28.77
stayer,-47.16
stayer,-7.15
stayer,42.41
stayer,45.2
stayer,34.97
stayer,59.78
stayer,-451.56
stayer,4.35
stayer,0.0
stayer,27.63
stayer,2.2
stayer,23.97
stayer,47.4
stayer,0.0
stayer,-22.31
stayer,2.3
stayer,0.0
stayer,-23.64
stayer,160.93
stayer,155.79
stayer,-401.97
stayer,9.3
stayer,0.0
stayer,1.9
stayer,7.41
stayer,51.08
stayer,43.83
stayer,70.66
stayer,8.0
stayer,-41.87
stayer,-91.63
stayer,7.7
stayer,-57.54
stayer,-0.0
stayer,-33.27
stayer,40.55
stayer,17.19
stayer,0.0
stayer,0.0
stayer,-91.63
stayer,-2.2
stayer,55.0
stayer,192.31
stayer,-3.03
stayer,-15.91
stayer,-17.59
stayer,-67.25
stayer,0.0
stayer,0.0
stayer,-97.34
stayer,2.25
stayer,-28.77
stayer,-8.0
stayer,-20.76
stayer,-6.9
stayer,-31.37
stayer,-15.49
stayer,33.31
stayer,-26.97
stayer,67.07
stayer,-3.51
stayer,-3.39
stayer,-12.68
stayer,-18.23
stayer,-61.9
stayer,-65.39
stayer,-19.04
stayer,-74.87
stayer,22.31
stayer,3.28
stayer,6.9
stayer,62.68
stayer,181.71
stayer,21.51
stayer,4.17
stayer,4.65
stayer,7.15
stayer,1.9
stayer,-16.25
stayer,60.22
stayer,-39.59
stayer,45.2
stayer,18.23
stayer,-6.45
stayer,0.0
stayer,-4.45
stayer,0.0
stayer,-69.31
stayer,-4.55
stayer,-26.97
stayer,0.0
stayer,18.23
stayer,35.42
stayer,66.42
stayer,-14.31
stayer,78.85
stayer,0.0
stayer,-6.9
stayer,-23.92
stayer,22.31
stayer,5.13
stayer,69.25
stayer,-154.04
stayer,-19.11
stayer,134.71
stayer,-14.46
stayer,11.12
stayer,140.98
stayer,2.87
stayer,0.0
stayer,0.0
stayer,-5.83
stayer,0.0
stayer,11.78
stayer,23.64
stayer,-4.51
stayer,31.8
stayer,16.91
stayer,2.62
stayer,-70.17
stayer,8.96
stayer,35.67
stayer,-2.47
stayer,30.75
stayer,179.18
stayer,289.04
stayer,38.19
stayer,69.31
stayer,-2.47
stayer,-23.64
stayer,-2.2
stayer,-18.94
stayer,3.28
stayer,133.5
stayer,4.81
stayer,2.82
stayer,-11.78
stayer,-40.55
stayer,16.03
stayer,-53.13
stayer,3.28
stayer,6.45
stayer,-77.32
stayer,-9.53
stayer,11.87
stayer,139.97
stayer,26.24
stayer,73.4
stayer,-49.24
stayer,-29.48
stayer,-3.28
stayer,160.94
stayer,4.26
stayer,-14.46
stayer,-6.9
stayer,0.0
stayer,83.42
stayer,154.09
stayer,69.31
stayer,35.67
stayer,35.67
stayer,-126.01
stayer,-81.09
stayer,-57.18
stayer,0.0
stayer,0.0
stayer,51.08
stayer,-258.84
stayer,65.39
stayer,-15.42
stayer,127.3
stayer,15.49
stayer,22.31
stayer,-8.52
stayer,18.23
stayer,-62.86
stayer,-59.09
stayer,4.08
stayer,-4.88
stayer,4.88
stayer,-60.01
stayer,-281.34
stayer,-40.55
stayer,248.49
stayer,0.0
stayer,36.0
stayer,-10.53
stayer,18.23
stayer,3.97
stayer,11.78
stayer,-40.55
stayer,62.86
stayer,8.24
stayer,-81.41
stayer,-48.55
stayer,7.65
stayer,0.0
stayer,6.42
stayer,143.51
stayer,-40.55
stayer,7.7
stayer,-48.55
stayer,17.19
stayer,154.49
stayer,10.54
stayer,-13.35
stayer,-53.9
stayer,51.08
stayer,-3.92
stayer,-62.08
stayer,0.0
stayer,-5.13
stayer,3.59
stayer,7.23
stayer,23.64
stayer,7.6
stayer,2.73
stayer,-6.06
stayer,-209.5
stayer,8.27
stayer,-22.31
stayer,-2.99
stayer,-6.6
stayer,-4.55
stayer,22.31
stayer,66.5
stayer,22.31
stayer,4.88
stayer,-25.59
stayer,0.0
stayer,-87.55
stayer,-24.51
stayer,-303.5
stayer,4.88
stayer,1.4
stayer,-17.52
stayer,-46.66
stayer,-18.0
stayer,36.77
stayer,-91.63
stayer,8.0
stayer,8.0
stayer,18.23
stayer,89.79
stayer,48.34
stayer,116.3
stayer,13.61
stayer,0.0
stayer,6.6
stayer,-67.02
stayer,8.22
stayer,-2.02
stayer,10.54
stayer,29.85
stayer,-114.79
stayer,-15.72
stayer,12.41
stayer,-10.54
stayer,53.9
stayer,22.31
stayer,-10.54
stayer,2.2
stayer,23.95
stayer,0.0
stayer,-35.67
stayer,69.31
stayer,-11.33
stayer,-0.0
stayer,33.65
stayer,-91.63
stayer,-9.91
stayer,48.55
stayer,-6.9
stayer,126.01
stayer,-7.7
stayer,-67.79
stayer,375.93
stayer,-232.28
stayer,31.02
stayer,85.35
stayer,-40.55
stayer,11.78
stayer,18.23
stayer,6.19
stayer,26.24
stayer,10.17
stayer,205.81
stayer,39.59
stayer,1.98
stayer,0.0
stayer,13.35
stayer,73.4
stayer,9.91
stayer,306.81
stayer,16.03
stayer,3.51
stayer,55.34
stayer,-65.92
stayer,-71.91
stayer,0.0
stayer,0.0
stayer,23.23
stayer,12.26
stayer,-28.77
stayer,3.22
stayer,28.77
stayer,-99.81
stayer,-7.15
stayer,7.7
stayer,-3.13
stayer,-7.17
stayer,-8.24
stayer,-37.73
stayer,2.02
stayer,-33.65
stayer,-11.78
stayer,11.33
stayer,11.55
stayer,8.96
stayer,17.59
stayer,3.39
stayer,3.57
stayer,17.24
stayer,-82.1
stayer,11.78
stayer,7.41
stayer,28.77
stayer,21.31
stayer,-8.22
stayer,0.0
stayer,-44.63
stayer,-10.54
stayer,2.82
stayer,-8.7
stayer,0.39
stayer,-28.77
stayer,8.89
stayer,9.1
stayer,-313.55
stayer,-108.18
stayer,3.39
stayer,-21.74
stayer,-17.28
stayer,69.31
stayer,0.0
stayer,-3.39
stayer,8.0
stayer,-10.54
stayer,-28.77
stayer,-4.88
stayer,-28.77
stayer,-39.59
stayer,25.95
stayer,0.0
stayer,-41.32
stayer,3.28
stayer,-71.87
stayer,0.0
stayer,-24.51
stayer,-159.33
stayer,-5.51
stayer,-8.96
stayer,5.72
stayer,0.0
stayer,18.23
stayer,-19.04
stayer,-13.98
stayer,91.63
stayer,4.35
stayer,31.59
stayer,-4.88
stayer,15.91
stayer,-10.85
stayer,-4.88
stayer,4.08
stayer,-22.31
stayer,-4.88
stayer,5.72
stayer,-57.38
stayer,0.0
stayer,0.0
stayer,2.06
stayer,0.0
stayer,18.23
stayer,463.79
stayer,22.61
stayer,4.65
stayer,-159.76
stayer,5.72
stayer,45.95
stayer,-40.55
stayer,44.18
stayer,-6.22
stayer,134.71
stayer,-13.35
stayer,-67.83
stayer,-0.59
stayer,18.23
stayer,-18.23
stayer,-79.85
stayer,-66.76
stayer,6.35
stayer,-42.38
stayer,22.31
stayer,-22.31
stayer,7.7
stayer,1.89
stayer,-31.67
stayer,20.32
stayer,20.76
stayer,-30.75
stayer,-1.31
stayer,32.85
stayer,81.78
stayer,27.44
stayer,12.26
stayer,-140.18
stayer,143.81
stayer,6.45
stayer,5.72
stayer,-11.78
stayer,-40.55
stayer,-91.63
stayer,2.47
stayer,-3.61
stayer,-91.63
stayer,-59.78
stayer,-32.16
stayer,66.5
stayer,11.03
stayer,18.23
stayer,10.18
stayer,6.45
stayer,-47.45
stayer,-14.84
stayer,-65.06
stayer,73.4
stayer,0.0
stayer,0.0
stayer,-4.35
stayer,47.0
stayer,18.26
stayer,55.96
stayer,132.05
stayer,-57.15
stayer,-16.25
stayer,51.13
stayer,3.82
stayer,-21.05
stayer,-2.27
stayer,5.04
stayer,83.62
stayer,22.31
stayer,12.68
stayer,-5.56
stayer,-189.71
stayer,-16.25
stayer,-25.49
stayer,21.87
stayer,-155.23
stayer,22.31
stayer,2.2
stayer,0.0
stayer,0.0
stayer,38.02
stayer,-60.88
stayer,0.0
stayer,28.26
stayer,84.73
stayer,-1.42
stayer,38.3
stayer,8.0
stayer,-4.93
stayer,-14.03
stayer,-14.95
stayer,9.53
stayer,51.08
stayer,7.41
stayer,75.5
stayer,-39.59
stayer,0.0
stayer,212.03
stayer,189.71
stayer,0.0
stayer,16.25
stayer,-12.41
stayer,40.55
stayer,-15.42
stayer,0.75
stayer,87.55
stayer,-14.31
stayer,-92.83
stayer,17.3
stayer,3.28
stayer,-19.42
stayer,0.0
stayer,-27.76
stayer,77.32
stayer,4.28
stayer,1.68
stayer,0.0
stayer,-31.02
stayer,22.31
stayer,21.66
stayer,-85.31
stayer,29.21
stayer,15.42
stayer,1.24
stayer,-55.16
stayer,0.0
stayer,-58.78
stayer,8.13
stayer,17.18
stayer,-40.55
stayer,4.51
stayer,-8.0
stayer,-16.89
stayer,281.92
stayer,96.76
stayer,29.73
stayer,30.34
stayer,-20.76
stayer,40.55
stayer,-31.02
stayer,50.08
stayer,0.0
stayer,0.0
stayer,102.96
stayer,-111.2
stayer,3.39
stayer,0.0
stayer,-23.26
stayer,18.23
stayer,2.2
stayer,132.18
stayer,-30.11
stayer,10.77
stayer,0.0
stayer,4.08
stayer,4.24
stayer,10.18
stayer,-169.83
stayer,-6.67
stayer,-345.12
stayer,86.15
stayer,-3.18
stayer,310.11
stayer,-7.41
stayer,-71.95
stayer,14.31
stayer,13.15
stayer,64.19
stayer,187.18
stayer,26.24
stayer,16.91
stayer,-59.05
stayer,15.91
stayer,9.53
stayer,0.0
stayer,-24.29
stayer,9.31
stayer,-8.49
stayer,53.77
stayer,3.51
stayer,-4.65
stayer,165.63
stayer,0.0
stayer,6.45
stayer,37.16
stayer,-20.97
stayer,25.38
stayer,-28.67
stayer,13.35
stayer,160.94
stayer,-18.97
stayer,12.41
stayer,-10.01
stayer,8.83
stayer,16.25
stayer,44.63
stayer,9.53
stayer,-46.64
stayer,-32.62
stayer,0.0
stayer,-14.31
stayer,-40.55
stayer,-185.06
stayer,76.21
stayer,111.3
stayer,5.83
stayer,8.14
stayer,132.18
stayer,33.9
stayer,59.78
stayer,-23.71
stayer,-12.26
stayer,-134.01
stayer,9.53
stayer,-31.37
stayer,-2.35
stayer,15.84
stayer,0.0
stayer,-4.88
stayer,299.57
stayer,2.6
stayer,-22.31
stayer,-35.67
stayer,-5.41
stayer,-183.26
stayer,12.52
stayer,1.5
stayer,1.42
stayer,14.31
stayer,-55.0
stayer,10.54
stayer,-4.88
stayer,-63.79
stayer,11.39
stayer,-216.91
stayer,179.18
stayer,12.97
stayer,0.0
stayer,2.6
stayer,-0.45
stayer,-57.81
stayer,-43.53
stayer,-10.35
stayer,0.0
stayer,6.9
stayer,12.8
stayer,-69.31
stayer,-59.78
stayer,-18.23
stayer,-47.0
stayer,34.09
stayer,70.31
stayer,10.21
stayer,38.3
stayer,-28.0
stayer,36.77
stayer,198.41
stayer,73.24
stayer,19.24
stayer,91.63
stayer,-1.68
stayer,24.61
stayer,10.54
stayer,39.64
stayer,9.53
stayer,3.05
stayer,-145.53
stayer,-32.85
stayer,51.08
stayer,0.0
stayer,1.89
stayer,10.82
stayer,1.59
stayer,3.77
stayer,63.6
stayer,-27.93
stayer,24.27
stayer,-53.06
stayer,0.0
stayer,0.0
stayer,5.13
stayer,10.54
stayer,2.2
stayer,0.0
stayer,102.54
stayer,-8.34
stayer,21.11
stayer,30.29
stayer,0.0
stayer,-7.49
stayer,11.61
stayer,-72.21
stayer,26.38
stayer,-33.65
stayer,14.52
stayer,-32.16
stayer,-28.77
stayer,-50.63
stayer,-5.13
stayer,61.9
stayer,-121.71
stayer,38.05
stayer,22.31
stayer,9.12
stayer,24.12
stayer,9.53
stayer,3.92
stayer,14.52
stayer,13.61
stayer,0.0
stayer,24.12
stayer,-1.68
stayer,94.67
stayer,6.06
stayer,-22.31
stayer,2.38
stayer,-7.87
stayer,14.52
stayer,-57.98
stayer,-8.22
stayer,-183.93
stayer,1.28
stayer,13.35
stayer,-49.9
stayer,-14.9
stayer,-144.04
stayer,-11.78
stayer,-38.14
stayer,-5.83
stayer,9.16
stayer,-25.7
stayer,10.54
stayer,10.95
stayer,33.65
stayer,-77.32
stayer,0.0
stayer,-13.58
stayer,12.52
stayer,-178.13
stayer,9.38
stayer,13.35
stayer,40.55
stayer,54.86
stayer,31.85
stayer,-44.09
stayer,14.84
stayer,-17.1
stayer,-57.98
stayer,44.85
stayer,4.08
stayer,22.31
stayer,32.54
stayer,147.73
stayer,10.54
stayer,2.6
stayer,109.38
stayer,148.86
stayer,-104.45
stayer,10.54
stayer,2.9
stayer,10.54
stayer,-35.67
stayer,5.41
stayer,-169.64
stayer,-4.51
stayer,1.83
stayer,-53.06
stayer,60.61
stayer,-12.52
stayer,-9.91
stayer,-1.06
stayer,11.27
stayer,-27.44
stayer,35.67
stayer,-1.34
stayer,28.77
stayer,0.0
stayer,6.9
stayer,10.54
stayer,-4.08
stayer,-0.0
stayer,-91.63
stayer,3.05
stayer,-32.09
stayer,-2.17
stayer,73.76
stayer,-10.54
stayer,-22.31
stayer,5.56
stayer,46.03
stayer,53.9
stayer,28.31
stayer,-60.61
stayer,-23.23
stayer,-87.81
stayer,47.75
stayer,-18.59
stayer,-6.45
stayer,20.17
stayer,14.9
stayer,-277.26
stayer,-4.35
stayer,-5.88
stayer,31.02
stayer,-92.75
stayer,26.93
stayer,23.11
stayer,15.06
stayer,13.98
stayer,13.89
stayer,4.08
stayer,8.87
stayer,0.0
stayer,12.33
stayer,17.14
stayer,19.42
stayer,16.6
stayer,50.08
stayer,5.24
stayer,-6.06
stayer,-33.02
stayer,18.23
stayer,67.45
stayer,24.12
stayer,-13.98
stayer,77.7
stayer,9.54
stayer,-239.79
stayer,32.95
stayer,-33.65
stayer,47.8
stayer,-160.94
stayer,-309.1
stayer,55.96
stayer,42.25
stayer,-3.67
stayer,10.76
stayer,-7.41
stayer,23.05
stayer,18.23
stayer,-128.09
stayer,0.0
stayer,70.31
stayer,-9.24
stayer,83.29
stayer,118.96
stayer,-2.9
stayer,1.6
stayer,3.92
stayer,2.77
stayer,17.65
stayer,0.0
stayer,-11.78
stayer,-18.24
stayer,-53.74
stayer,15.42
stayer,120.33
stayer,-12.03
stayer,23.36
stayer,16.27
stayer,8.0
stayer,22.88
stayer,60.49
stayer,16.55
stayer,15.15
stayer,41.99
stayer,4.08
stayer,0.0
stayer,-15.42
stayer,13.0
stayer,-32.85
stayer,37.73
stayer,26.91
stayer,-47.8
stayer,-0.01
stayer,-69.31
stayer,-6.45
stayer,-1.38
stayer,-8.19
stayer,-60.61
stayer,-26.24
stayer,20.49
stayer,0.54
stayer,7.32
stayer,0.0
stayer,0.0
stayer,10.54
stayer,-43.53
stayer,30.4
stayer,0.0
stayer,6.9
stayer,0.0
stayer,28.77
stayer,16.43
stayer,11.78
stayer,22.31
stayer,6.45
stayer,8.52
stayer,-5.83
stayer,10.54
stayer,33.65
stayer,0.0
stayer,0.0
stayer,10.54
stayer,1.16
stayer,159.16
stayer,5.61
stayer,33.65
stayer,-13.35
stayer,0.0
stayer,0.0
stayer,5.13
stayer,-25.95
stayer,40.44
stayer,28.71
stayer,0.0
stayer,88.35
stayer,-13.35
stayer,4.17
stayer,41.11
stayer,1.18
stayer,1.16
stayer,1.16
stayer,9.1
stayer,21.22
stayer,6.62
stayer,3.82
stayer,4.88
stayer,-8.96
stayer,-8.48
stayer,73.6
stayer,114.86
stayer,-186.08
stayer,27.7
stayer,54.36
stayer,0.0
stayer,26.75
stayer,-2.67
stayer,0.0
stayer,10.54
stayer,31.59
stayer,120.4
stayer,14.37
stayer,18.23
stayer,-10.54
stayer,-24.72
stayer,0.0
stayer,13.35
stayer,4.65
stayer,8.22
stayer,2.89
stayer,-3.28
stayer,10.54
stayer,18.23
stayer,-142.71
stayer,-18.81
stayer,0.0
stayer,6.9
stayer,33.65
stayer,40.55
stayer,20.07
stayer,40.55
stayer,-46.43
stayer,25.78
stayer,38.3
stayer,-9.53
stayer,6.45
stayer,8.17
stayer,9.16
stayer,29.5
stayer,18.23
stayer,73.66
stayer,0.0
stayer,1.18
stayer,-81.09
stayer,10.54
stayer,-690.78
stayer,1.55
stayer,75.53
stayer,62.86
stayer,0.0
stayer,-160.94
stayer,-2.99
stayer,-121.19
stayer,31.02
stayer,-19.42
stayer,-11.78
stayer,-106.66
stayer,45.83
stayer,-27.63
stayer,-265.47
stayer,19.42
stayer,17.06
stayer,10.97
stayer,6.45
stayer,19.24
stayer,-41.87
stayer,-193.49
stayer,-73.48
stayer,-20.48
stayer,22.31
stayer,10.54
stayer,16.71
stayer,-276.21
stayer,-8.0
stayer,5.26
stayer,51.08
stayer,100.33
stayer,0.0
stayer,-40.55
stayer,-67.07
stayer,25.27
stayer,2.88
stayer,-69.31
stayer,13.82
stayer,15.91
stayer,4.12
stayer,-10.54
stayer,17.19
stayer,18.23
stayer,44.63
stayer,0.0
stayer,47.0
stayer,-12.52
stayer,35.67
stayer,-48.55
stayer,1.94
stayer,-42.2
stayer,4.42
stayer,9.53
stayer,-88.23
stayer,-16.94
stayer,-116.48
stayer,-18.23
stayer,37.47
stayer,125.28
stayer,0.0
stayer,-28.77
stayer,18.23
stayer,42.38
stayer,0.0
stayer,-66.57
stayer,-31.85
stayer,0.0
stayer,-38.3
stayer,43.08
stayer,31.59
stayer,34.09
stayer,-11.73
stayer,273.0
stayer,0.0
stayer,1.87
stayer,0.0
stayer,3.97
stayer,-14.66
stayer,26.24
stayer,-48.55
stayer,0.0
stayer,-54.65
stayer,-8.7
stayer,11.33
stayer,-125.28
stayer,-39.64
stayer,-3.43
stayer,-18.23
stayer,0.0
stayer,40.55
stayer,47.0
stayer,-47.8
stayer,1.51
stayer,0.0
stayer,-14.6
stayer,-35.03
stayer,-99.33
stayer,0.0
stayer,33.65
stayer,50.9
stayer,-27.63
stayer,0.0
stayer,-37.95
stayer,67.51
stayer,-6.9
stayer,-6.6
stayer,-7.84
stayer,18.23
stayer,69.31
stayer,-24.69
stayer,-20.07
stayer,0.0
stayer,19.84
stayer,10.52
stayer,5.31
stayer,170.47
stayer,10.54
stayer,-2.25
stayer,30.01
stayer,-30.01
stayer,73.4
stayer,-7.17
stayer,-87.33
stayer,-4.73
stayer,-36.46
stayer,-27.19
stayer,28.38
stayer,18.23
stayer,5.83
stayer,-23.36
stayer,-5.83
stayer,-29.27
stayer,12.52
stayer,-109.86
stayer,-9.53
stayer,8.8
stayer,15.42
stayer,15.42
stayer,14.46
stayer,27.44
stayer,12.52
stayer,83.62
stayer,35.22
stayer,7.23
stayer,1.94
stayer,-58.78
stayer,-66.04
stayer,-47.45
stayer,-13.35
stayer,17.59
stayer,-28.77
stayer,-96.76
stayer,-13.35
stayer,-10.32
stayer,-61.31
stayer,-31.37
stayer,409.43
stayer,-62.42
stayer,0.0
stayer,17.33
stayer,31.59
stayer,12.79
stayer,-30.37
stayer,-54.65
stayer,-7.23
stayer,74.44
stayer,-91.63
stayer,51.08
stayer,-28.77
stayer,43.29
stayer,151.23
stayer,43.67
stayer,17.19
stayer,14.31
stayer,-138.59
stayer,-13.35
stayer,18.23
stayer,1.83
stayer,4.26
stayer,-27.19
stayer,14.46
stayer,54.16
stayer,-18.81
stayer,29.03
stayer,38.57
stayer,0.0
stayer,16.71
stayer,0.0
stayer,21.26
stayer,18.23
stayer,-2.53
stayer,0.0
stayer,9.31
stayer,2.47
stayer,53.06
stayer,221.56
stayer,-36.58
stayer,24.29
stayer,22.31
stayer,7.8
stayer,-14.31
stayer,-0.18
stayer,0.0
stayer,8.0
stayer,-25.13
stayer,-22.31
stayer,-1.98
stayer,-7.55
stayer,43.83
stayer,9.53
stayer,-35.67
stayer,-7.7
stayer,8.52
stayer,-211.96
stayer,11.78
stayer,30.92
stayer,-13.95
stayer,-4.73
stayer,13.35
stayer,49.02
stayer,96.76
stayer,-290.87
stayer,-4.08
stayer,32.72
stayer,109.86
stayer,-4.32
stayer,57.98
stayer,-47.0
stayer,-5.97
stayer,0.0
stayer,22.05
stayer,13.13
stayer,39.47
stayer,2.82
stayer,76.21
stayer,11.78
stayer,219.72
stayer,-10.54
stayer,26.03
stayer,23.53
stayer,15.76
stayer,9.53
stayer,11.25
stayer,-18.23
stayer,57.18
stayer,32.16
stayer,0.0
stayer,-5.61
stayer,43.36
stayer,14.46
stayer,6.9
stayer,26.24
stayer,6.45
stayer,16.55
stayer,1.77
stayer,-4.76
stayer,-15.72
stayer,2.55
stayer,13.72
stayer,21.03
stayer,-102.17
stayer,69.32
stayer,-29.73
stayer,118.12
stayer,2.74
stayer,66.5
stayer,0.36
stayer,0.0
stayer,3.7
stayer,-47.0
stayer,21.44
stayer,-54.95
stayer,-1.74
stayer,-5.3
stayer,37.73
stayer,-39.8
stayer,11.33
stayer,1.6
stayer,-13.35
stayer,-316.0
stayer,-20.07
stayer,0.0
stayer,-26.42
stayer,-45.06
stayer,60.46
stayer,-158.7
stayer,0.0
stayer,-101.16
stayer,-43.08
stayer,-4.08
stayer,0.0
stayer,-194.59
stayer,-3.8
stayer,4.35
stayer,-10.31
stayer,20.48
stayer,7.52
stayer,-1.22
stayer,-21.26
stayer,15.42
stayer,8.7
stayer,-0.0
stayer,109.86
stayer,7.61
stayer,5.13
stayer,-2.3
stayer,-29.42
stayer,-5.61
stayer,25.53
stayer,4.08
stayer,-8.22
stayer,0.0
stayer,5.13
stayer,-0.96
stayer,-157.49
stayer,15.42
stayer,24.69
stayer,-6.9
stayer,5.38
stayer,23.26
stayer,-19.74
stayer,18.23
stayer,11.0
stayer,71.27
stayer,18.23
stayer,3.64
stayer,18.23
stayer,56.53
stayer,-91.63
stayer,-36.29
stayer,-32.05
stayer,-33.65
stayer,-45.43
stayer,0.0
stayer,0.0
stayer,1.65
stayer,84.37
stayer,66.78
stayer,10.23
stayer,0.0
stayer,-19.25
stayer,79.85
stayer,-101.16
stayer,-2.47
stayer,2.11
stayer,0.0
stayer,3.51
stayer,-29.08
stayer,-48.55
stayer,13.66
stayer,56.91
stayer,0.0
stayer,-109.86
stayer,-12.19
stayer,8.0
stayer,22.31
stayer,15.42
stayer,13.61
stayer,-67.3
stayer,28.03
stayer,5.79
stayer,13.98
stayer,-99.2
stayer,0.0
stayer,28.77
stayer,-9.24
stayer,2.35
stayer,16.36
stayer,0.27
stayer,45.95
stayer,-16.91
stayer,64.19
stayer,2.06
stayer,28.77
stayer,53.06
stayer,-28.02
stayer,185.06
stayer,18.23
stayer,-20.25
stayer,11.61
stayer,6.67
stayer,27.24
stayer,28.03
stayer,105.31
stayer,14.46
stayer,2.02
stayer,22.88
stayer,28.77
stayer,2.82
stayer,9.1
stayer,111.7
stayer,-195.54
stayer,-9.8
stayer,-15.14
stayer,38.3
stayer,-6.9
stayer,12.52
stayer,4.08
stayer,0.0
stayer,222.28
stayer,11.55
stayer,-14.84
stayer,34.74
stayer,191.69
stayer,-246.39
stayer,-8.27
stayer,-9.24
stayer,53.9
stayer,5.13
stayer,14.66
stayer,-459.26
stayer,33.65
stayer,0.0
stayer,24.53
stayer,58.78
stayer,-2.38
stayer,10.01
stayer,23.64
stayer,28.77
stayer,33.65
stayer,18.46
stayer,-2.6
stayer,-45.74
stayer,0.0
stayer,8.1
stayer,73.9
stayer,69.31
stayer,9.18
stayer,-10.06
stayer,1.18
stayer,18.72
stayer,15.82
stayer,-16.61
stayer,82.93
stayer,-124.17
stayer,-67.02
stayer,106.42
stayer,85.91
stayer,120.24
stayer,16.55
stayer,-3.03
stayer,-270.81
stayer,2.53
stayer,-9.53
stayer,-8.29
stayer,84.73
stayer,2.82
stayer,-0.44
stayer,8.0
stayer,6.74
stayer,1.09
stayer,0.0
stayer,-15.42
stayer,6.12
stayer,-49.14
stayer,33.65
stayer,0.0
stayer,82.15
stayer,-9.66
stayer,-18.92
stayer,36.46
stayer,-11.33
stayer,216.33
stayer,-35.67
stayer,160.94
stayer,-179.18
stayer,8.7
stayer,11.12
stayer,-27.19
stayer,-43.83
stayer,-84.73
stayer,1.65
stayer,32.85
stayer,30.01
stayer,-80.81
stayer,-120.4
stayer,4.08
stayer,25.78
stayer,0.0
stayer,28.77
stayer,8.17
stayer,-64.66
stayer,34.83
stayer,0.0
stayer,-0.51
stayer,-3.43
stayer,88.42
stayer,-101.16
stayer,61.31
stayer,8.7
stayer,0.0
stayer,69.31
stayer,4.08
stayer,15.42
stayer,26.66
stayer,9.53
stayer,-12.52
stayer,10.31
stayer,7.26
stayer,2.53
stayer,1.12
stayer,113.94
stayer,-76.68
stayer,-120.33
stayer,1.24
stayer,39.83
stayer,6.39
stayer,1.18
stayer,-41.28
stayer,35.09
stayer,-28.77
stayer,9.53
stayer,24.65
stayer,-6.45
stayer,25.13
stayer,-165.29
stayer,2.38
stayer,-65.39
stayer,0.0
stayer,124.16
stayer,93.6
stayer,-7.63
stayer,67.38
stayer,33.9
stayer,-16.91
stayer,15.41
stayer,-46.43
stayer,0.0
stayer,27.44
stayer,60.97
stayer,342.85
stayer,46.2
stayer,-4.08
stayer,0.78
stayer,-48.55
stayer,66.24
stayer,88.65
stayer,4.38
stayer,-19.2
stayer,16.71
stayer,1.98
stayer,3.28
stayer,0.0
stayer,18.51
stayer,22.31
stayer,39.8
stayer,-37.47
stayer,-4.75
stayer,-45.2
stayer,47.0
stayer,22.31
stayer,-30.01
stayer,2.7
stayer,49.81
stayer,19.42
stayer,-101.16
stayer,-69.31
stayer,-22.31
stayer,91.26
stayer,-23.53
stayer,-3.51
stayer,-11.78
stayer,-3.92
stayer,-5.83
stayer,52.13
stayer,-7.7
stayer,4.24
stayer,9.24
stayer,9.24
stayer,59.78
stayer,13.54
stayer,-41.19
stayer,49.21
stayer,-22.31
stayer,-7.72
stayer,-3.47
stayer,48.13
stayer,8.0
stayer,-4.08
stayer,32.17
stayer,49.9
stayer,-51.08
stayer,0.0
stayer,2.63
stayer,15.34
stayer,0.0
stayer,59.78
stayer,-281.34
stayer,-58.78
stayer,6.9
stayer,0.0
stayer,57.66
stayer,-17.19
stayer,15.42
stayer,-36.94
stayer,57.71
stayer,17.59
stayer,57.71
stayer,3.28
stayer,4.84
stayer,40.55
stayer,1.61
stayer,56.8
stayer,-10.95
stayer,125.28
stayer,0.0
stayer,10.92
stayer,-3.28
stayer,-9.91
stayer,3.7
stayer,19.24
stayer,214.6
stayer,13.35
stayer,10.54
stayer,9.26
stayer,1.29
stayer,-89.61
stayer,25.2
stayer,-91.63
stayer,4.4
stayer,8.39
stayer,9.08
stayer,2.11
stayer,230.26
stayer,3.82
stayer,-89.79
stayer,1.94
stayer,0.0
stayer,58.88
stayer,-12.26
stayer,3.51
stayer,4.12
stayer,129.87
stayer,2.2
stayer,-29.89
stayer,3.28
stayer,-28.77
stayer,103.43
stayer,-22.31
stayer,-15.42
stayer,5.29
stayer,-5.13
stayer,-63.43
stayer,5.72
stayer,-17.4
stayer,7.41
stayer,-225.13
stayer,-35.1
stayer,-2.82
stayer,-5.13
stayer,109.86
stayer,-43.83
stayer,12.24
stayer,53.6
stayer,6.45
stayer,-18.72
stayer,36.77
stayer,-7.8
stayer,-7.8
stayer,27.51
stayer,-37.16
stayer,194.59
stayer,-34.4
stayer,-54.65
stayer,6.06
stayer,30.11
stayer,21.62
stayer,11.78
stayer,-18.23
stayer,-28.77
stayer,69.31
stayer,-57.66
stayer,35.82
stayer,-39.8
stayer,-0.75
stayer,-121.3
stayer,-5.72
stayer,235.82
stayer,-81.13
stayer,47.69
stayer,-22.31
stayer,76.97
stayer,0.0
stayer,4.88
stayer,26.24
stayer,-26.97
stayer,0.0
stayer,42.23
stayer,0.0
stayer,0.0
stayer,6.52
stayer,-12.14
stayer,0.0
stayer,0.0
stayer,8.7
stayer,11.03
stayer,137.15
stayer,0.0
stayer,0.0
stayer,10.06
stayer,9.81
stayer,8.7
stayer,29.63
stayer,3.51
stayer,-2.94
stayer,0.0
stayer,-57.98
stayer,3.27
stayer,12.52
stayer,6.67
stayer,83.13
stayer,-49.25
stayer,2.72
stayer,20.93
stayer,74.19
stayer,6.9
stayer,119.39
stayer,0.0
stayer,6.45
stayer,69.31
stayer,121.49
stayer,-8.21
stayer,4.03
stayer,15.2
stayer,4.73
stayer,0.0
stayer,24.51
stayer,0.0
stayer,-1.29
stayer,0.0
stayer,27.44
stayer,22.31
stayer,-62.58
stayer,11.28
stayer,-19.85
stayer,16.71
stayer,80.35
stayer,10.92
stayer,-43.35
stayer,94.89
stayer,-129.1
stayer,25.13
stayer,6.45
stayer,6.06
stayer,-22.31
stayer,-69.31
stayer,-1.38
stayer,-73.09
stayer,-3.03
stayer,0.0
stayer,120.4
stayer,6.9
stayer,0.0
stayer,4.38
stayer,-7.41
stayer,0.0
stayer,-15.08
stayer,39.3
stayer,4.08
stayer,3.99
stayer,2.56
stayer,11.33
stayer,28.77
stayer,-6.45
stayer,1.83
stayer,3.55
stayer,2.37
stayer,-10.54
stayer,6.06
stayer,0.0
stayer,8.41
stayer,83.29
stayer,7.7
stayer,138.63
stayer,-2.9
stayer,2.82
stayer,-27.44
stayer,-326.24
stayer,53.25
stayer,10.54
stayer,148.16
stayer,0.0
stayer,-1.26
stayer,6.67
stayer,23.36
stayer,34.83
stayer,-18.23
stayer,-73.04
stayer,143.51
stayer,0.0
stayer,-3.22
stayer,-252.57
stayer,-1.18
stayer,8.0
stayer,7.41
stayer,58.78
stayer,-55.21
stayer,24.89
stayer,-11.12
stayer,-53.06
stayer,-18.23
stayer,24.78
stayer,9.72
stayer,25.13
stayer,-21.89
stayer,2.25
stayer,28.77
stayer,9.53
stayer,26.83
stayer,32.34
stayer,-4.55
stayer,2.2
stayer,109.86
stayer,18.23
stayer,-13.35
stayer,55.16
stayer,156.86
stayer,38.04
stayer,16.99
stayer,22.31
stayer,12.12
stayer,31.53
stayer,-28.22
stayer,123.4
stayer,57.66
stayer,0.0
stayer,-1.0
stayer,16.99
stayer,33.65
stayer,-13.1
stayer,42.23
stayer,39.15
stayer,0.0
stayer,0.0
stayer,-14.31
stayer,0.0
stayer,-12.52
stayer,9.07
stayer,-51.79
stayer,-1.8
stayer,33.02
stayer,344.77
stayer,5.26
stayer,-82.67
stayer,8.7
stayer,11.78
stayer,-13.35
stayer,-8.22
stayer,-195.43
stayer,-53.68
stayer,278.99
stayer,28.77
stayer,-58.78
stayer,-15.25
stayer,0.0
stayer,6.76
stayer,6.45
stayer,7.6
stayer,17.44
stayer,71.47
stayer,4.99
stayer,27.44
stayer,34.57
stayer,0.48
stayer,-4.08
stayer,18.23
stayer,-132.57
stayer,-7.26
stayer,-65.39
stayer,-3.59
stayer,-31.43
stayer,24.12
stayer,-5.37
stayer,0.0
stayer,69.31
stayer,-6.9
stayer,-26.24
stayer,8.34
stayer,31.77
stayer,19.06
stayer,-46.17
stayer,-31.92
stayer,8.22
stayer,8.34
stayer,-290.87
stayer,-3.39
stayer,50.21
stayer,19.29
stayer,22.12
stayer,44.06
stayer,-12.22
stayer,13.61
stayer,-7.41
stayer,-14.84
stayer,11.36
stayer,-33.65
stayer,5.41
stayer,53.68
stayer,51.55
stayer,10.94
stayer,15.22
stayer,-24.12
stayer,-10.85
stayer,230.26
stayer,18.23
stayer,-4.88
stayer,12.41
stayer,11.78
stayer,96.98
stayer,13.98
stayer,-32.85
stayer,8.7
stayer,10.66
stayer,-5.51
stayer,12.52
stayer,-15.42
stayer,79.98
stayer,47.45
stayer,-11.78
stayer,-18.92
stayer,33.65
stayer,-18.23
stayer,-37.59
stayer,-207.94
stayer,-46.08
stayer,7.11
stayer,225.13
stayer,75.77
stayer,-80.14
stayer,-53.06
stayer,-83.62
stayer,6.9
stayer,-22.31
stayer,6.57
stayer,5.0
stayer,-23.11
stayer,15.63
stayer,-5.61
stayer,13.35
stayer,91.63
stayer,32.54
stayer,-53.9
stayer,0.0
stayer,11.53
stayer,9.01
stayer,32.05
stayer,32.05
stayer,83.62
stayer,4.65
stayer,29.15
stayer,87.55
stayer,4.65
stayer,28.77
stayer,-4.08
stayer,-13.76
stayer,0.0
stayer,26.24
stayer,8.89
stayer,-9.84
stayer,0.0
stayer,11.86
stayer,0.0
stayer,-20.76
stayer,-55.54
stayer,-3.77
stayer,4.65
stayer,1.98
stayer,-46.04
stayer,25.78
stayer,13.35
stayer,-2.22
stayer,40.55
stayer,-69.32
stayer,-11.78
stayer,-4.88
stayer,18.23
stayer,91.63
stayer,100.06
stayer,36.97
stayer,9.53
stayer,-7.7
stayer,0.0
stayer,-62.86
stayer,1.94
stayer,-4.31
stayer,6.9
stayer,-116.0
stayer,-15.42
stayer,37.89
stayer,100.02
stayer,6.45
stayer,2.2
stayer,4.86
stayer,40.55
stayer,14.14
stayer,-169.17
stayer,12.68
stayer,50.11
stayer,64.19
stayer,-51.08
stayer,-7.6
stayer,-27.44
stayer,-18.23
stayer,3.64
stayer,8.0
stayer,38.08
stayer,-719.54
stayer,1.05
stayer,-40.55
stayer,-9.68
stayer,71.29
stayer,18.23
stayer,4.03
stayer,0.0
stayer,8.7
stayer,104.35
stayer,6.45
stayer,33.65
stayer,-10.11
stayer,-32.16
stayer,-27.44
stayer,-73.57
stayer,86.22
stayer,35.67
stayer,-27.82
stayer,-17.44
stayer,18.23
stayer,-2.02
stayer,6.45
stayer,-3.17
stayer,-4.58
stayer,8.83
stayer,-124.91
stayer,5.13
stayer,8.52
stayer,13.98
stayer,19.57
stayer,3.7
stayer,63.25
stayer,116.32
stayer,-16.25
stayer,8.22
stayer,-26.24
stayer,4.35
stayer,33.65
stayer,-37.73
stayer,134.71
stayer,-142.12
stayer,60.61
stayer,31.85
stayer,-28.77
stayer,105.94
stayer,-15.42
stayer,-133.48
stayer,-9.05
stayer,-62.86
stayer,29.89
stayer,-183.26
stayer,-29.32
stayer,1.78
stayer,11.0
stayer,17.87
stayer,17.44
stayer,0.0
stayer,0.0
stayer,1.51
stayer,-267.73
stayer,6.9
stayer,-12.52
stayer,4.55
stayer,-14.46
stayer,-22.31
stayer,-16.71
stayer,-6.9
stayer,-144.46
stayer,47.33
stayer,29.38
stayer,1.26
stayer,91.63
stayer,-2.9
stayer,-8.7
stayer,-22.31
stayer,32.54
stayer,-38.57
stayer,8.7
stayer,-23.64
stayer,0.0
stayer,-59.96
stayer,9.31
stayer,11.25
stayer,-51.08
stayer,4.08
stayer,-41.15
stayer,-24.61
stayer,-11.0
stayer,-3.28
stayer,12.52
stayer,41.55
stayer,19.24
stayer,9.53
stayer,0.0
stayer,8.93
stayer,-286.22
stayer,-11.78
stayer,55.96
stayer,22.31
stayer,-17.82
stayer,26.57
stayer,16.25
stayer,0.0
stayer,87.18
stayer,8.06
stayer,2.05
stayer,19.49
stayer,0.0
stayer,-2.36
stayer,2.39
stayer,-9.53
stayer,69.29
stayer,58.19
stayer,13.35
stayer,-2.2
stayer,7.7
stayer,0.0
stayer,2.66
stayer,-79.85
stayer,16.31
stayer,-18.23
stayer,-6.9
stayer,-11.03
stayer,0.88
stayer,24.23
stayer,4.03
stayer,6.56
stayer,32.42
stayer,13.35
stayer,-167.4
stayer,-6.67
stayer,12.52
stayer,-15.72
stayer,4.35
stayer,285.26
stayer,6.9
stayer,18.23
stayer,-237.95
stayer,-41.38
stayer,-7.55
stayer,-7.55
stayer,3.17
stayer,-20.07
stayer,70.97
stayer,-7.89
stayer,164.83
stayer,10.54
stayer,21.49
stayer,4.39
stayer,3.92
stayer,-12.68
stayer,48.55
stayer,9.53
stayer,98.86
stayer,0.0
stayer,152.56
stayer,0.59
stayer,84.73
stayer,-107.88
stayer,-86.02
stayer,-18.23
stayer,9.1
stayer,8.62
stayer,-5.61
stayer,-6.45
stayer,21.87
stayer,33.65
stayer,175.16
stayer,-125.28
stayer,19.15
stayer,4.65
stayer,-2.82
stayer,12.29
stayer,-46.43
stayer,-20.76
stayer,3.74
stayer,20.76
stayer,-24.52
stayer,376.12
stayer,10.54
stayer,-28.77
stayer,3.47
stayer,7.23
stayer,-237.16
stayer,-2.62
stayer,-7.15
stayer,-35.67
stayer,18.23
stayer,7.23
stayer,-10.01
stayer,-23.59
stayer,19.89
stayer,-51.08
stayer,0.0
stayer,91.63
stayer,26.24
stayer,122.47
stayer,81.18
stayer,-14.9
stayer,21.48
stayer,0.0
stayer,-112.6
stayer,-37.47
stayer,-324.7
stayer,37.47
stayer,-6.06
stayer,152.38
stayer,-91.63
stayer,0.0
stayer,45.02
stayer,12.81
stayer,20.29
stayer,38.3
stayer,-10.54
stayer,14.46
stayer,-16.75
stayer,8.0
stayer,-51.99
stayer,-28.77
stayer,-2.02
stayer,36.97
stayer,2.47
stayer,0.0
stayer,-15.42
stayer,-85.91
stayer,-54.16
stayer,0.0
stayer,-1.46
stayer,0.0
stayer,-53.06
stayer,5.13
stayer,12.2
stayer,0.0
stayer,0.82
stayer,2.35
stayer,-58.28
stayer,13.7
stayer,-36.46
stayer,6.9
stayer,-40.97
stayer,-82.39
stayer,-40.55
stayer,5.0
stayer,-88.5
stayer,-2.53
stayer,29.55
stayer,55.96
stayer,-111.7
stayer,-5.41
stayer,14.31
stayer,-8.52
stayer,22.31
stayer,72.39
stayer,35.41
stayer,69.31
stayer,-3.03
stayer,5.13
stayer,18.23
stayer,3.64
stayer,-5.89
stayer,22.31
stayer,3.98
stayer,14.46
stayer,0.0
stayer,-18.23
stayer,-80.23
stayer,0.0
stayer,10.54
stayer,-9.18
stayer,8.7
stayer,11.78
stayer,0.0
stayer,-23.64
stayer,212.03
stayer,5.64
stayer,-4.49
stayer,0.0
stayer,16.83
stayer,31.37
stayer,-13.82
stayer,137.58
stayer,-44.63
stayer,12.68
stayer,2.38
stayer,335.86
stayer,126.65
stayer,16.3
stayer,22.31
stayer,-9.53
stayer,9.93
stayer,91.63
stayer,18.23
stayer,-8.96
stayer,23.84
stayer,-13.35
stayer,22.31
stayer,49.14
stayer,11.08
stayer,11.98
stayer,0.0
stayer,5.61
stayer,30.01
stayer,50.59
stayer,-125.27
stayer,-273.79
stayer,33.59
stayer,0.0
stayer,18.23
stayer,11.33
stayer,-17.34
stayer,18.23
stayer,-14.31
stayer,-13.35
stayer,31.37
stayer,0.0
stayer,46.4
stayer,-2.11
stayer,15.42
stayer,-16.25
stayer,-17.44
stayer,-40.55
stayer,-40.55
stayer,-18.23
stayer,25.38
stayer,-5.13
stayer,15.68
stayer,15.42
stayer,12.68
stayer,7.7
stayer,38.3
stayer,-3.92
stayer,11.55
stayer,6.45
stayer,-29.73
stayer,-30.5
stayer,6.06
stayer,-9.22
stayer,66.61
stayer,9.88
stayer,39.5
stayer,6.25
stayer,174.3
stayer,0.0
stayer,12.07
stayer,21.67
stayer,-40.55
stayer,18.23
stayer,0.0
stayer,6.45
stayer,13.35
stayer,26.24
stayer,4.45
stayer,14.62
stayer,-144.69
stayer,12.41
stayer,2.06
stayer,18.23
stayer,-142.55
stayer,29.67
stayer,-105.76
stayer,17.87
stayer,100.29
stayer,-78.85
stayer,0.0
stayer,8.7
stayer,78.02
stayer,-13.35
stayer,12.63
stayer,4.88
stayer,-22.31
stayer,2.5
stayer,4.94
stayer,16.13
stayer,-2.08
stayer,-81.81
stayer,46.59
stayer,0.0
stayer,241.13
stayer,6.22
stayer,16.25
stayer,15.42
stayer,10.54
stayer,69.31
stayer,177.5
stayer,-7.06
stayer,93.43
stayer,2.35
stayer,15.7
stayer,18.23
stayer,9.53
stayer,9.53
stayer,33.65
stayer,-18.23
stayer,-12.52
stayer,55.96
stayer,12.52
stayer,18.23
stayer,20.66
stayer,-8.39
stayer,-22.31
stayer,22.31
stayer,-172.72
stayer,35.67
stayer,-6.9
stayer,3.08
stayer,-56.53
stayer,335.24
stayer,52.68
stayer,21.22
stayer,139.97
stayer,289.04
stayer,-31.67
stayer,-62.86
stayer,-45.68
stayer,62.29
stayer,-60.85
stayer,1.84
stayer,1.8
stayer,-52.61
stayer,-11.78
stayer,4.88
stayer,-22.31
stayer,-6.9
stayer,6.9
stayer,0.0
stayer,21.91
stayer,48.34
stayer,-1.68
stayer,0.0
stayer,14.3
stayer,-6.89
stayer,0.0
stayer,0.0
stayer,0.0
stayer,8.17
stayer,-60.61
stayer,4.58
stayer,89.95
stayer,18.23
stayer,34.48
stayer,18.23
stayer,-23.36
stayer,-32.85
stayer,-25.34
stayer,-54.27
stayer,12.14
stayer,2.2
stayer,-15.42
stayer,-15.42
stayer,-9.27
stayer,39.3
stayer,-15.74
stayer,-3.92
stayer,-71.85
stayer,44.95
stayer,7.23
stayer,-36.51
stayer,127.3
stayer,6.45
stayer,29.89
stayer,154.04
stayer,-6.06
stayer,28.77
stayer,-69.31
stayer,-95.27
stayer,-25.95
stayer,35.14
stayer,-5.77
stayer,4.51
stayer,-32.85
stayer,47.0
stayer,8.73
stayer,83.42
stayer,-30.4
stayer,-49.53
stayer,-6.9
stayer,99.19
stayer,10.54
stayer,-35.0
stayer,-13.99
stayer,-72.21
stayer,0.0
stayer,14.61
stayer,55.96
stayer,-58.78
stayer,-17.73
stayer,32.54
stayer,-37.73
stayer,0.0
stayer,-47.31
stayer,-1.55
stayer,0.0
stayer,-18.23
stayer,-230.26
stayer,10.54
stayer,13.35
stayer,-11.78
stayer,160.94
stayer,8.17
stayer,-6.35
stayer,0.0
stayer,-34.99
stayer,4.21
stayer,-42.74
stayer,-3.28
stayer,11.58
stayer,-26.14
stayer,38.57
stayer,-19.85
stayer,43.74
stayer,101.89
stayer,91.63
stayer,2.82
stayer,49.14
stayer,1.13
stayer,-23.05
stayer,18.23
stayer,1.09
stayer,8.0
stayer,-76.21
stayer,3.92
stayer,-0.89
stayer,-3.57
stayer,15.06
stayer,21.58
stayer,13.66
stayer,4.44
stayer,24.69
stayer,25.13
stayer,-4.55
stayer,13.82
stayer,-11.61
stayer,16.25
stayer,3.47
stayer,-42.61
stayer,179.34
stayer,20.76
stayer,-33.65
stayer,-89.03
stayer,7.8
stayer,24.12
stayer,33.65
stayer,-3.92
stayer,-1.17
stayer,-9.88
stayer,43.08
stayer,-117.56
stayer,10.54
stayer,8.0
stayer,-66.5
stayer,18.23
stayer,-6.34
stayer,19.74
stayer,5.83
stayer,8.89
stayer,26.89
stayer,-4.6
stayer,-289.52
stayer,14.95
stayer,0.0
stayer,-128.09
stayer,0.0
stayer,-59.09
stayer,-10.54
stayer,8.61
stayer,34.48
stayer,18.24
stayer,-21.17
stayer,16.83
stayer,-22.31
stayer,-22.49
stayer,5.64
stayer,14.31
stayer,5.13
stayer,0.0
stayer,33.65
stayer,53.9
stayer,0.0
stayer,-9.53
stayer,-117.17
stayer,3.97
stayer,5.13
stayer,-2.2
stayer,0.0
stayer,4.51
stayer,18.23
stayer,20.76
stayer,-340.12
stayer,5.31
stayer,13.67
stayer,2.49
stayer,-67.63
stayer,-24.0
stayer,1.42
stayer,56.39
stayer,0.92
stayer,-89.73
stayer,111.93
stayer,0.0
stayer,-37.11
stayer,10.23
stayer,-8.7
stayer,-14.31
stayer,-2.61
stayer,10.82
stayer,13.13
stayer,25.13
stayer,91.63
stayer,3.77
stayer,6.69
stayer,-23.11
stayer,-284.16
stayer,230.26
stayer,0.0
stayer,0.0
stayer,22.31
stayer,15.82
stayer,6.67
stayer,-12.63
stayer,18.23
stayer,-156.86
stayer,0.0
stayer,-40.55
stayer,8.7
stayer,0.0
stayer,14.95
stayer,60.98
stayer,-65.39
stayer,5.72
stayer,8.34
stayer,0.0
stayer,-6.45
stayer,-22.65
stayer,-87.72
stayer,-23.01
stayer,5.74
stayer,10.54
stayer,9.53
stayer,-50.08
stayer,2.11
stayer,-32.42
stayer,-53.19
stayer,100.66
stayer,-150.41
stayer,-10.01
stayer,-1.4
stayer,29.38
stayer,-270.81
stayer,-28.77
stayer,-4.18
stayer,-22.31
stayer,43.08
stayer,33.31
stayer,6.25
stayer,-2.3
stayer,44.47
stayer,-294.44
stayer,-53.51
stayer,0.0
stayer,-192.79
stayer,28.77
stayer,29.29
stayer,-139.5
stayer,-144.11
stayer,25.75
stayer,-32.85
stayer,0.0
stayer,22.31
stayer,4.88
stayer,0.0
stayer,7.02
stayer,11.03
stayer,21.51
stayer,-16.25
stayer,0.0
stayer,0.0
stayer,29.48
stayer,-10.54
stayer,-2.63
stayer,37.81
stayer,42.67
stayer,8.96
stayer,2.74
stayer,31.24
stayer,-38.95
stayer,-409.43
stayer,-29.21
stayer,4.08
stayer,-3.28
stayer,-104.54
stayer,-125.34
stayer,0.0
stayer,-8.7
stayer,102.17
stayer,23.31
stayer,16.13
stayer,10.54
stayer,5.13
stayer,105.94
stayer,55.96
stayer,44.35
stayer,0.0
stayer,22.31
stayer,-17.45
stayer,7.1
stayer,-100.92
stayer,4.88
stayer,6.06
stayer,15.08
stayer,-8.52
stayer,-13.35
stayer,48.51
stayer,25.13
stayer,0.0
stayer,14.72
stayer,-62.32
stayer,-8.01
stayer,11.03
stayer,36.77
stayer,3.28
stayer,-11.78
stayer,14.31
stayer,-16.25
stayer,-45.17
stayer,-11.33
stayer,109.86
stayer,12.86
stayer,5.61
stayer,-72.82
stayer,0.0
stayer,0.0
stayer,98.08
stayer,3.51
stayer,35.67
stayer,-10.54
stayer,-4.08
stayer,6.19
stayer,7.99
stayer,-13.21
stayer,-20.07
stayer,133.5
stayer,11.51
stayer,17.28
stayer,-11.03
stayer,-23.97
stayer,0.0
stayer,5.13
stayer,-47.1
stayer,-51.08
stayer,27.72
stayer,-115.53
stayer,-4.73
stayer,4.45
stayer,10.58
stayer,0.0
stayer,-34.25
stayer,13.25
stayer,-3.76
stayer,33.92
stayer,49.58
stayer,-8.03
stayer,7.4
stayer,0.0
stayer,0.0
stayer,109.86
stayer,-26.24
stayer,9.1
stayer,22.31
stayer,1.63
stayer,4.98
stayer,23.46
stayer,24.78
stayer,-9.36
stayer,-6.45
stayer,4.51
stayer,-189.71
stayer,-13.22
stayer,17.11
stayer,3.92
stayer,126.46
stayer,75.93
stayer,22.71
stayer,21.26
stayer,923.5
stayer,79.11
stayer,-18.23
stayer,-147.78
stayer,-2.2
stayer,7.41
stayer,-35.85
stayer,-37.47
stayer,21.54
stayer,0.0
stayer,-229.25
stayer,0.0
stayer,-42.38
stayer,-46.7
stayer,4.35
stayer,5.0
stayer,4.55
stayer,2.47
stayer,-29.28
stayer,2.3
stayer,4.45
stayer,14.46
stayer,-10.54
stayer,0.0
stayer,-20.59
stayer,-73.0
stayer,-40.55
stayer,5.13
stayer,0.0
stayer,18.72
stayer,-5.41
stayer,-51.08
stayer,4.65
stayer,-259.03
stayer,67.58
stayer,-71.78
stayer,-41.0
stayer,82.67
stayer,-38.57
stayer,-281.34
stayer,28.77
stayer,19.57
stayer,7.41
stayer,46.5
stayer,40.55
stayer,55.96
stayer,58.78
stayer,-41.73
stayer,15.42
stayer,40.55
stayer,-192.04
stayer,18.23
stayer,8.7
stayer,31.67
stayer,230.26
stayer,-13.1
stayer,28.77
stayer,43.29
stayer,58.78
stayer,15.42
stayer,28.77
stayer,87.55
stayer,-101.16
stayer,13.58
stayer,42.35
stayer,-27.76
stayer,142.71
stayer,62.86
stayer,0.0
stayer,69.31
stayer,-79.85
stayer,-6.06
stayer,177.2
stayer,-15.9
stayer,6.9
stayer,69.31
stayer,160.94
stayer,9.53
stayer,82.1
stayer,-43.36
stayer,-5.09
stayer,-37.64
stayer,55.96
stayer,-34.74
stayer,81.09
stayer,-34.09
stayer,-10.18
stayer,-20.76
stayer,20.91
stayer,1.24
stayer,-2.56
stayer,32.54
stayer,-9.53
stayer,-36.78
stayer,96.51
stayer,-51.08
stayer,22.88
stayer,81.09
stayer,4.08
stayer,42.82
stayer,-22.31
stayer,-347.67
stayer,-131.22
stayer,135.81
stayer,-43.08
stayer,0.0
stayer,16.71
stayer,69.31
stayer,-27.44
stayer,-20.59
stayer,-14.31
stayer,138.63
stayer,43.83
stayer,0.0
stayer,28.77
stayer,-3.39
stayer,0.0
stayer,31.59
stayer,-3.77
stayer,-55.35
stayer,-42.74
stayer,-11.87
stayer,0.0
stayer,-78.85
stayer,1.01
stayer,-4.52
stayer,0.0
stayer,58.78
stayer,0.0
stayer,-69.31
stayer,-123.21
stayer,42.63
stayer,13.61
stayer,-10.54
stayer,183.52
stayer,0.0
stayer,-70.84
stayer,-39.59
stayer,-41.99
stayer,-6.45
stayer,-36.46
stayer,-81.09
stayer,26.24
stayer,0.0
stayer,18.23
stayer,-11.78
stayer,-72.3
stayer,2.06
stayer,-2.82
stayer,-5.78
stayer,-5.83
stayer,43.67
stayer,22.31
stayer,7.33
stayer,-13.21
stayer,-26.57
stayer,-0.5
stayer,13.88
stayer,-25.78
stayer,2.41
stayer,-35.67
stayer,2.94
stayer,0.0
stayer,-11.28
stayer,-17.59
stayer,823.62
stayer,-41.87
stayer,-6.45
stayer,-23.81
stayer,-38.08
stayer,-20.07
stayer,66.04
stayer,20.07
stayer,-96.76
stayer,20.63
stayer,-86.5
stayer,6.9
stayer,4.08
stayer,-39.53
stayer,-2.28
stayer,-77.11
stayer,40.55
stayer,-28.77
stayer,0.0
stayer,31.24
stayer,22.31
stayer,-117.41
stayer,-0.2
stayer,4.2
stayer,-7.54
stayer,-38.78
stayer,0.0
stayer,91.63
stayer,47.0
stayer,2.41
stayer,10.54
stayer,62.12
stayer,39.8
stayer,9.53
stayer,6.45
stayer,-9.1
stayer,-37.16
stayer,179.18
stayer,-103.41
stayer,38.78
stayer,4.08
stayer,-226.98
stayer,3.57
stayer,-5.12
stayer,-6.9
stayer,61.74
stayer,-12.14
stayer,51.73
stayer,-62.86
stayer,-78.85
stayer,-40.55
stayer,11.25
stayer,9.95
stayer,-1.8
stayer,355.53
stayer,-26.83
stayer,-5.56
stayer,13.61
stayer,51.08
stayer,13.61
stayer,11.39
stayer,-293.12
stayer,14.17
stayer,-13.9
stayer,4.51
stayer,-59.78
stayer,1.83
stayer,91.63
stayer,-39.2
stayer,0.0
stayer,22.31
stayer,55.0
stayer,25.38
stayer,5.35
stayer,-51.08
stayer,-53.9
stayer,-1.8
stayer,0.0
stayer,124.32
stayer,126.11
stayer,-11.33
stayer,0.0
stayer,23.0
stayer,0.0
stayer,0.0
stayer,5.61
stayer,20.46
stayer,6.81
stayer,13.88
stayer,-24.69
stayer,-194.59
stayer,-182.16
stayer,81.09
stayer,19.11
stayer,30.9
stayer,-10.4
stayer,5.51
stayer,24.78
stayer,4.26
stayer,1.8
stayer,-32.09
stayer,-159.26
stayer,3.39
stayer,0.0
stayer,-4.26
stayer,10.54
stayer,12.52
stayer,49.99
stayer,-111.6
stayer,51.77
stayer,12.57
stayer,32.85
stayer,-31.59
stayer,-39.2
stayer,-1.18
stayer,-1.36
stayer,-63.6
stayer,27.44
stayer,-100.92
stayer,0.0
stayer,0.0
stayer,28.14
stayer,-100.68
stayer,121.64
stayer,-32.16
stayer,8.7
stayer,48.55
stayer,-18.23
stayer,-39.2
stayer,-67.92
stayer,-43.08
stayer,32.85
stayer,-74.72
stayer,76.55
stayer,18.23
stayer,-27.76
stayer,16.31
stayer,-37.06
stayer,1.57
stayer,35.42
stayer,-64.19
stayer,-34.48
stayer,-7.2
stayer,18.23
stayer,19.04
stayer,90.83
stayer,-6.06
stayer,0.0
stayer,20.07
stayer,3.85
stayer,7.49
stayer,-6.45
stayer,22.88
stayer,18.23
stayer,-9.53
stayer,-27.44
stayer,1.74
stayer,-31.24
stayer,-23.64
stayer,26.83
stayer,-18.23
stayer,88.24
stayer,40.55
stayer,-224.52
stayer,-34.83
stayer,142.71
stayer,2.53
stayer,98.08
stayer,-5.48
stayer,29.27
stayer,10.01
stayer,-15.42
stayer,33.65
stayer,6.45
stayer,18.23
stayer,13.35
stayer,11.19
stayer,8.0
stayer,-4.55
stayer,-34.61
stayer,15.82
stayer,-18.23
stayer,0.0
stayer,7.84
stayer,13.35
stayer,17.44
stayer,17.44
stayer,14.11
stayer,0.0
stayer,69.31
stayer,-4.26
stayer,5.86
stayer,9.37
stayer,-3.51
stayer,-4.71
stayer,19.74
stayer,-5.13
stayer,0.0
stayer,15.91
stayer,0.0
stayer,-28.77
stayer,55.63
stayer,0.0
stayer,91.63
stayer,52.22
stayer,-67.88
stayer,12.52
stayer,69.31
stayer,-54.86
stayer,-20.69
stayer,22.31
stayer,0.0
stayer,-51.08
stayer,0.0
stayer,10.82
stayer,-3.82
stayer,179.18
stayer,-10.15
stayer,-16.62
stayer,26.24
stayer,-1.68
stayer,-15.91
stayer,0.0
stayer,-111.16
stayer,15.42
stayer,0.0
stayer,0.0
stayer,-6.08
stayer,-6.9
stayer,-30.75
stayer,-7.7
stayer,8.39
stayer,-69.31
stayer,3.28
stayer,61.62
stayer,5.41
stayer,-32.85
stayer,3.11
stayer,-7.41
stayer,11.78
stayer,-8.7
stayer,-19.67
stayer,183.26
stayer,5.88
stayer,1.83
stayer,16.43
stayer,57.33
stayer,-6.72
stayer,-1.0
stayer,237.16
stayer,3.92
stayer,-5.41
stayer,38.89
stayer,31.02
stayer,0.0
stayer,23.64
stayer,162.97
stayer,0.07
stayer,33.31
stayer,35.37
stayer,116.76
stayer,-138.63
stayer,-1.46
stayer,0.0
stayer,-6.72
stayer,2.9
stayer,0.0
stayer,24.11
stayer,8.88
stayer,0.0
stayer,10.54
stayer,-2.7
stayer,2.7
stayer,-15.42
stayer,0.0
stayer,1.4
stayer,-1.51
stayer,8.0
stayer,-16.09
stayer,4.45
stayer,6.06
stayer,15.42
stayer,-60.61
stayer,-27.76
stayer,10.38
stayer,-22.31
stayer,16.41
stayer,-34.83
stayer,60.61
stayer,-9.67
stayer,4.51
stayer,-46.81
stayer,20.38
stayer,-20.3
stayer,0.0
stayer,84.73
stayer,9.18
stayer,69.31
stayer,-13.76
stayer,-50.48
stayer,-2.77
stayer,17.87
stayer,14.31
stayer,-78.85
stayer,0.67
stayer,-14.46
stayer,25.38
stayer,11.93
stayer,-1.01
stayer,21.44
stayer,-45.2
stayer,-19.39
stayer,-72.7
stayer,12.65
stayer,-22.55
stayer,26.24
stayer,-46.73
stayer,2.32
stayer,1.6
stayer,2.82
stayer,0.0
stayer,0.0
stayer,7.26
stayer,-10.23
stayer,84.73
stayer,146.45
stayer,0.0
stayer,93.05
stayer,286.79
stayer,-38.03
stayer,160.94
stayer,-28.77
stayer,61.76
stayer,23.64
stayer,-34.66
stayer,-78.85
stayer,51.52
stayer,-27.33
stayer,8.34
stayer,-22.31
stayer,5.72
stayer,1.42
stayer,4.08
stayer,17.03
stayer,-16.71
stayer,-9.32
stayer,0.0
stayer,-42.53
stayer,31.76
stayer,-4.73
stayer,-12.52
stayer,68.84
stayer,-19.27
stayer,60.16
stayer,62.86
stayer,25.34
stayer,189.71
stayer,-69.31
stayer,37.87
stayer,-20.76
stayer,95.4
stayer,17.12
stayer,39.16
stayer,0.01
stayer,6.06
stayer,3.77
stayer,-39.0
stayer,47.0
stayer,-28.77
stayer,7.1
stayer,-15.15
stayer,18.23
stayer,28.74
stayer,59.25
stayer,-7.74
stayer,7.1
stayer,-6.45
stayer,51.08
stayer,42.49
stayer,-7.86
stayer,9.53
stayer,-10.54
stayer,19.64
stayer,-9.37
stayer,-57.75
stayer,10.54
stayer,321.58
stayer,11.19
stayer,2.02
stayer,-72.44
stayer,48.55
stayer,-28.22
stayer,-27.26
stayer,47.0
stayer,-11.33
stayer,2.33
stayer,53.9
stayer,40.1
stayer,-47.24
stayer,-26.83
stayer,-12.41
stayer,-65.54
stayer,13.35
stayer,87.99
stayer,-21.81
stayer,12.72
stayer,30.29
stayer,16.71
stayer,45.86
stayer,-31.55
stayer,-31.85
stayer,1.71
stayer,-26.83
stayer,54.47
stayer,-22.31
stayer,-10.38
stayer,-0.97
stayer,-88.38
stayer,-3.39
stayer,13.01
stayer,83.46
stayer,2.43
stayer,33.92
stayer,-27.51
stayer,-33.83
stayer,18.23
stayer,82.67
stayer,120.4
stayer,11.12
stayer,6.35
stayer,-3.77
stayer,2.55
stayer,-41.95
stayer,-4.73
stayer,3.47
stayer,12.36
stayer,20.76
stayer,3.39
stayer,0.69
stayer,-26.83
stayer,30.34
stayer,-15.84
stayer,18.23
stayer,5.04
stayer,-41.2
stayer,10.74
stayer,-2.75
stayer,256.49
stayer,8.34
stayer,16.36
stayer,11.78
stayer,5.54
stayer,12.63
stayer,-1.5
stayer,23.11
stayer,8.0
stayer,20.76
stayer,6.9
stayer,0.0
stayer,62.57
stayer,-35.67
stayer,-4.17
stayer,44.18
stayer,79.23
stayer,-5.41
stayer,-8.27
stayer,-53.9
stayer,0.0
stayer,23.64
stayer,-4.73
stayer,14.95
stayer,134.71
stayer,-19.66
stayer,-18.23
stayer,13.35
stayer,15.42
stayer,24.82
stayer,-1.9
stayer,0.0
stayer,23.05
stayer,3.43
stayer,8.89
stayer,18.23
stayer,-10.29
stayer,-8.0
stayer,6.9
stayer,19.0
stayer,8.83
stayer,9.88
stayer,-1.17
stayer,-49.47
stayer,12.63
stayer,1.46
stayer,17.06
stayer,6.9
stayer,-26.24
stayer,-26.83
stayer,65.39
stayer,2.15
stayer,-2.25
stayer,11.03
stayer,9.04
stayer,2.74
stayer,29.27
stayer,98.72
stayer,-6.45
stayer,17.19
stayer,8.34
stayer,22.31
stayer,6.45
stayer,16.25
stayer,-39.59
stayer,-64.19
stayer,-4.08
stayer,-6.45
stayer,16.71
stayer,-2.53
stayer,12.1
stayer,0.0
stayer,0.55
stayer,-57.25
stayer,26.75
stayer,-23.32
stayer,18.72
stayer,4.51
stayer,37.73
stayer,0.0
stayer,-7.02
stayer,-1.36
stayer,-27.33
stayer,6.9
stayer,0.0
stayer,-22.31
stayer,15.42
stayer,3.51
stayer,7.23
stayer,-71.56
stayer,1.83
stayer,-16.71
stayer,-2.3
stayer,4.88
stayer,0.0
stayer,-18.06
stayer,-24.69
stayer,0.0
stayer,-12.78
stayer,-134.71
stayer,-5.31
stayer,2.9
stayer,-14.2
stayer,25.42
stayer,6.9
stayer,0.0
stayer,-47.0
stayer,0.0
stayer,-133.5
stayer,13.98
stayer,57.54
stayer,259.03
stayer,-20.07
stayer,-10.54
stayer,4.88
stayer,7.8
stayer,16.99
stayer,10.54
stayer,8.38
stayer,-14.31
stayer,-9.08
stayer,55.96
stayer,18.23
stayer,-34.48
stayer,3.92
stayer,-55.55
stayer,22.31
stayer,3.45
stayer,4.88
stayer,87.55
stayer,20.14
stayer,12.78
stayer,-51.08
stayer,4.0
stayer,2.92
stayer,191.26
stayer,14.9
stayer,-43.36
stayer,-18.23
stayer,6.45
stayer,57.05
stayer,-29.74
stayer,-23.27
stayer,-62.51
stayer,51.08
stayer,234.34
stayer,8.7
stayer,8.92
stayer,40.14
stayer,-37.11
stayer,0.0
stayer,0.0
stayer,-1.01
stayer,-18.23
stayer,20.56
stayer,0.0
stayer,1.13
stayer,3.92
stayer,0.0
stayer,205.13
stayer,4.73
stayer,17.9
stayer,277.26
stayer,-311.35
stayer,33.95
stayer,1.55
stayer,1.06
stayer,431.75
stayer,1.98
stayer,-14.31
stayer,0.0
stayer,0.0
stayer,-24.12
stayer,84.73
stayer,-51.08
stayer,-2.7
stayer,3.75
stayer,23.11
stayer,-3.39
stayer,-10.82
stayer,41.75
stayer,1.3
stayer,6.45
stayer,-3.64
stayer,7.23
stayer,62.86
stayer,46.43
stayer,135.81
stayer,-16.36
stayer,14.31
stayer,69.31
stayer,-32.85
stayer,-28.14
stayer,0.0
stayer,20.32
stayer,-19.96
stayer,38.0
stayer,65.92
stayer,138.63
stayer,9.31
stayer,16.13
stayer,-15.76
stayer,194.59
stayer,-33.65
stayer,0.0
stayer,-138.63
stayer,-14.66
stayer,82.1
stayer,138.63
stayer,-3.92
stayer,18.23
stayer,1.74
stayer,-31.67
stayer,0.0
stayer,-26.23
stayer,-9.53
stayer,-47.85
stayer,-19.85
stayer,15.42
stayer,-8.89
stayer,-9.53
stayer,-9.53
stayer,-27.04
stayer,12.41
stayer,36.97
stayer,159.43
stayer,47.99
stayer,64.19
stayer,-39.45
stayer,0.0
stayer,48.95
stayer,-3.39
stayer,256.49
stayer,32.21
stayer,-122.38
stayer,33.65
stayer,-22.31
stayer,19.57
stayer,65.06
stayer,3.77
stayer,18.23
stayer,78.85
stayer,109.86
stayer,-67.29
stayer,-116.89
stayer,55.96
stayer,1.9
stayer,-7.41
stayer,-11.78
stayer,-14.31
stayer,-76.87
stayer,40.55
stayer,14.9
stayer,9.53
stayer,0.0
stayer,4.87
stayer,-34.66
stayer,0.0
stayer,-19.42
stayer,-2.47
stayer,-8.7
stayer,24.51
stayer,-53.06
stayer,18.23
stayer,17.33
stayer,27.43
stayer,-12.44
stayer,36.46
stayer,0.0
stayer,36.97
stayer,-62.42
stayer,-36.97
stayer,-61.9
stayer,21.44
stayer,7.15
stayer,8.7
stayer,-34.83
stayer,15.76
stayer,-20.63
stayer,-40.8
stayer,116.32
stayer,22.31
stayer,31.29
stayer,5.31
stayer,-78.85
stayer,74.56
stayer,-32.98
stayer,4.45
stayer,-50.28
stayer,132.02
stayer,-35.67
stayer,-2.86
stayer,-30.32
stayer,20.25
stayer,207.94
stayer,22.31
stayer,-125.28
stayer,18.23
stayer,53.06
stayer,-6.06
stayer,-14.95
stayer,25.49
stayer,6.45
stayer,-31.24
stayer,20.07
stayer,-33.65
stayer,-78.46
stayer,12.59
stayer,-3.7
stayer,-1.53
stayer,360.19
stayer,0.0
stayer,19.78
stayer,12.88
stayer,4.88
stayer,-32.28
stayer,69.31
stayer,42.63
stayer,22.31
stayer,16.83
stayer,-16.91
stayer,11.12
stayer,16.91
stayer,-40.55
stayer,-57.32
stayer,37.73
stayer,48.62
stayer,676.32
stayer,10.27
stayer,16.25
stayer,3.92
stayer,-11.78
stayer,-32.42
stayer,-34.09
stayer,-2.2
stayer,68.43
stayer,0.0
stayer,-122.87
stayer,7.7
stayer,7.7
stayer,15.08
stayer,-169.91
stayer,-13.35
stayer,5.61
stayer,5.66
stayer,15.42
stayer,62.86
stayer,-18.23
stayer,-31.02
stayer,14.84
stayer,15.08
stayer,-37.11
stayer,-75.23
stayer,24.42
stayer,-149.8
stayer,-136.66
stayer,16.48
stayer,10.72
stayer,5.41
stayer,-1.8
stayer,35.67
stayer,-22.31
stayer,5.61
stayer,16.71
stayer,37.16
stayer,-11.89
stayer,2.22
stayer,37.84
stayer,19.88
stayer,0.0
stayer,8.01
stayer,-48.84
stayer,14.62
stayer,0.0
stayer,-44.18
stayer,33.65
stayer,4.88
stayer,-3.87
stayer,14.31
stayer,7.15
stayer,0.0
stayer,22.31
stayer,-15.72
stayer,-58.78
stayer,38.3
stayer,-98.58
stayer,27.66
stayer,132.18
stayer,91.63
stayer,32.28
stayer,5.31
stayer,12.41
stayer,12.72
stayer,7.84
stayer,3.28
stayer,6.98
stayer,-5.72
stayer,5.72
stayer,-9.76
stayer,3.64
stayer,22.31
stayer,-0.03
stayer,16.55
stayer,25.13
stayer,42.74
stayer,5.72
stayer,71.09
stayer,79.85
stayer,7.7
stayer,2.35
stayer,-14.46
stayer,38.08
stayer,28.77
stayer,0.24
stayer,7.86
stayer,4.88
stayer,8.0
stayer,0.0
stayer,6.9
stayer,93.43
stayer,79.85
stayer,-123.36
stayer,0.0
stayer,48.46
stayer,53.49
stayer,11.61
stayer,-2.82
stayer,33.65
stayer,-198.34
stayer,45.47
stayer,4.51
stayer,24.61
stayer,-9.21
stayer,22.31
stayer,3.35
stayer,5.22
stayer,126.94
stayer,8.83
stayer,215.58
stayer,-40.55
stayer,71.78
stayer,7.91
stayer,18.23
stayer,21.36
stayer,-93.05
stayer,13.35
stayer,12.52
stayer,-44.19
stayer,-1.32
stayer,-19.85
stayer,2.53
stayer,77.31
stayer,0.0
stayer,2.02
stayer,9.53
stayer,-82.93
stayer,16.71
stayer,0.0
stayer,0.0
stayer,-2.84
stayer,-26.24
stayer,30.45
stayer,83.29
stayer,42.6
stayer,442.78
stayer,294.28
stayer,14.46
stayer,40.55
stayer,-59.78
stayer,-102.17
stayer,5.13
stayer,-6.14
stayer,6.94
stayer,0.0
stayer,-8.96
stayer,60.88
stayer,5.41
stayer,8.22
stayer,-55.96
stayer,10.98
stayer,-14.09
stayer,-32.54
stayer,6.45
stayer,8.41
stayer,24.46
stayer,4.88
stayer,5.72
stayer,-20.97
stayer,-2.82
stayer,-31.02
stayer,0.0
stayer,7.7
stayer,76.21
stayer,10.54
stayer,2.82
stayer,-21.41
stayer,-19.24
stayer,53.9
stayer,41.07
stayer,-134.71
stayer,-44.0
stayer,84.73
stayer,7.41
stayer,8.0
stayer,91.63
stayer,1.86
stayer,-8.0
stayer,57.98
stayer,25.95
stayer,12.41
stayer,2.63
stayer,-1.7
stayer,261.84
stayer,10.41
stayer,16.26
stayer,10.74
stayer,31.67
stayer,15.42
stayer,1.13
stayer,-12.52
stayer,-4.08
stayer,-25.13
stayer,9.53
stayer,20.76
stayer,-2.82
stayer,13.69
stayer,-65.55
stayer,58.78
stayer,24.01
stayer,-2.94
stayer,0.0
stayer,0.0
stayer,15.82
stayer,25.63
stayer,9.53
stayer,44.18
stayer,112.39
stayer,3.92
stayer,4.08
stayer,24.69
stayer,-33.65
stayer,-25.64
stayer,22.31
stayer,-12.52
stayer,-94.45
stayer,-69.31
stayer,-59.42
stayer,22.31
stayer,0.0
stayer,14.84
stayer,-0.0
stayer,-3.7
stayer,53.06
stayer,35.67
stayer,47.0
stayer,-14.31
stayer,206.14
stayer,-20.27
stayer,1.83
stayer,-12.15
stayer,-8.7
stayer,-7.41
stayer,0.0
stayer,-19.04
stayer,20.54
stayer,-3.05
stayer,-54.23
stayer,0.0
stayer,-28.77
stayer,15.42
stayer,42.61
stayer,25.13
stayer,6.77
stayer,-69.31
stayer,0.0
stayer,55.96
stayer,310.36
stayer,18.23
stayer,4.88
stayer,-30.72
stayer,40.55
stayer,6.9
stayer,-8.7
stayer,31.85
stayer,10.54
stayer,1.09
stayer,0.0
stayer,-48.29
stayer,-28.0
stayer,16.03
stayer,1.87
stayer,14.9
stayer,18.23
stayer,-9.98
stayer,-5.31
stayer,0.0
stayer,4.38
stayer,499.86
stayer,37.73
stayer,-7.1
stayer,25.13
stayer,2.02
stayer,0.0
stayer,15.22
stayer,8.0
stayer,58.78
stayer,-119.0
stayer,-13.16
stayer,40.55
stayer,73.86
stayer,13.35
stayer,11.78
stayer,0.0
stayer,3.32
stayer,1.12
stayer,6.9
stayer,19.04
stayer,-62.86
stayer,168.64
stayer,28.77
stayer,-106.47
stayer,25.49
stayer,0.0
stayer,19.04
stayer,6.19
stayer,8.22
stayer,5.13
stayer,-17.11
stayer,-36.35
stayer,-4.08
stayer,-18.23
stayer,-14.23
stayer,23.84
stayer,43.08
stayer,69.31
stayer,-52.81
stayer,9.98
stayer,-13.54
stayer,47.0
stayer,-45.03
stayer,47.0
stayer,-23.64
stayer,40.1
stayer,-91.63
stayer,0.73
stayer,-55.0
stayer,0.0
stayer,2.33
stayer,-54.65
stayer,6.06
stayer,-87.37
stayer,18.23
stayer,-107.88
stayer,-85.12
stayer,12.06
stayer,0.0
stayer,17.59
stayer,4.45
stayer,11.03
stayer,4.94
stayer,-10.1
stayer,62.86
stayer,0.0
stayer,0.0
stayer,-60.98
stayer,32.85
stayer,11.33
stayer,-23.36
stayer,40.55
stayer,24.39
stayer,1.14
stayer,-0.52
stayer,-2.82
stayer,2.06
stayer,0.0
stayer,0.0
stayer,-38.3
stayer,-23.64
stayer,-15.42
stayer,-12.6
stayer,-5.13
stayer,8.64
stayer,-58.81
stayer,-38.48
stayer,15.22
stayer,16.25
stayer,5.13
stayer,51.08
stayer,5.13
stayer,-47.3
stayer,-3.92
stayer,-14.61
stayer,7.41
stayer,35.5
stayer,54.86
stayer,36.77
stayer,14.05
stayer,55.24
stayer,26.93
stayer,-4.18
stayer,0.0
stayer,-11.78
stayer,-52.43
stayer,45.68
stayer,10.54
stayer,-2.21
stayer,6.74
stayer,-34.03
stayer,69.31
stayer,3.77
stayer,0.0
stayer,1.8
stayer,8.7
stayer,-10.54
stayer,-36.0
stayer,35.22
stayer,0.94
stayer,51.08
stayer,8.7
stayer,0.0
stayer,7.7
stayer,2.6
stayer,39.02
stayer,-1.98
stayer,91.63
stayer,53.37
stayer,3.28
stayer,-14.84
stayer,111.3
stayer,8.0
stayer,7.7
stayer,18.1
stayer,20.97
stayer,-8.0
stayer,32.85
stayer,-108.46
stayer,-2.36
stayer,-150.98
stayer,54.16
stayer,-2.9
stayer,-6.06
stayer,-2.67
stayer,17.28
stayer,65.23
stayer,4.82
stayer,20.76
stayer,0.0
stayer,0.0
stayer,2.9
stayer,-9.84
stayer,-7.64
stayer,4.08
stayer,8.34
stayer,18.72
stayer,-47.24
stayer,46.26
stayer,26.24
stayer,1.94
stayer,-0.01
stayer,-1.4
stayer,13.98
stayer,0.0
stayer,0.0
stayer,-8.22
stayer,15.08
stayer,38.08
stayer,10.54
stayer,0.0
stayer,58.78
stayer,55.96
stayer,81.09
stayer,5.13
stayer,-14.31
stayer,1.6
stayer,73.09
stayer,23.23
stayer,28.77
stayer,-40.55
stayer,-6.32
stayer,-48.84
stayer,176.36
stayer,59.75
stayer,102.96
stayer,-167.4
stayer,-42.33
stayer,1.0
stayer,-18.23
stayer,0.0
stayer,2.06
stayer,5.12
stayer,221.56
stayer,-8.0
stayer,20.94
stayer,-10.23
stayer,2.33
stayer,1.71
stayer,51.27
stayer,9.53
stayer,6.9
stayer,148.16
stayer,104.98
stayer,18.23
stayer,-8.0
stayer,22.31
stayer,-12.41
stayer,-5.22
stayer,-28.77
stayer,14.84
stayer,-8.59
stayer,13.98
stayer,0.0
stayer,47.45
stayer,-33.65
stayer,9.12
stayer,-81.49
stayer,4.53
stayer,9.1
stayer,32.72
stayer,11.29
stayer,3.7
stayer,27.3
stayer,155.81
stayer,2.47
stayer,55.16
stayer,1.98
stayer,3.13
stayer,-5.13
stayer,0.0
stayer,55.96
stayer,-128.09
stayer,-7.8
stayer,26.24
stayer,11.33
stayer,0.0
stayer,0.0
stayer,29.08
stayer,-58.49
stayer,43.08
stayer,16.03
stayer,324.65
stayer,-38.8
stayer,-8.22
stayer,17.43
stayer,36.78
stayer,22.31
stayer,51.08
stayer,18.23
stayer,39.35
stayer,-34.41
stayer,0.0
stayer,146.1
stayer,0.0
stayer,2.11
stayer,7.64
stayer,36.77
stayer,3.28
stayer,-2.22
stayer,13.35
stayer,-239.79
stayer,11.78
stayer,5.72
stayer,13.1
stayer,35.47
stayer,15.42
stayer,22.31
stayer,-11.33
stayer,-5.56
stayer,9.31
stayer,-51.08
stayer,-157.55
stayer,15.42
stayer,18.23
stayer,12.36
stayer,-25.38
stayer,0.0
stayer,0.0
stayer,0.0
stayer,-69.31
stayer,1.6
stayer,-64.05
stayer,-6.18
stayer,3.92
stayer,100.33
stayer,-42.9
stayer,55.96
stayer,-20.41
stayer,0.0
stayer,58.78
stayer,-3.92
stayer,0.0
stayer,-93.65
stayer,91.63
stayer,-67.99
stayer,87.55
stayer,-3.03
stayer,-76.22
stayer,-102.96
stayer,-12.72
stayer,-58.78
stayer,11.29
stayer,-17.44
stayer,23.57
stayer,-27.72
stayer,48.1
stayer,-9.02
stayer,-193.22
stayer,-82.67
stayer,29.48
stayer,-17.19
stayer,-55.0
stayer,49.43
stayer,-17.87
stayer,58.28
stayer,14.84
stayer,-38.44
stayer,-18.03
stayer,3.28
stayer,15.85
stayer,-238.77
stayer,-40.92
stayer,-87.55
stayer,-22.08
stayer,-20.66
stayer,304.45
stayer,7.03
stayer,1.78
stayer,37.0
stayer,-109.86
stayer,0.0
stayer,13.75
stayer,13.35
stayer,-36.29
stayer,-5.83
stayer,34.17
stayer,44.67
stayer,-1.94
stayer,30.03
stayer,6.9
stayer,66.19
stayer,-33.65
stayer,-38.31
stayer,-10.54
stayer,16.71
stayer,-344.63
stayer,0.0
stayer,1.55
stayer,-18.23
stayer,7.32
stayer,156.86
stayer,0.0
stayer,3.39
stayer,0.0
stayer,48.36
stayer,56.8
stayer,-45.6
stayer,5.83
stayer,79.27
stayer,61.52
stayer,14.31
stayer,35.67
stayer,-72.62
stayer,482.83
stayer,23.81
stayer,24.42
stayer,-8.89
stayer,8.59
stayer,-47.34
stayer,72.91
stayer,0.0
stayer,42.8
stayer,-5.61
stayer,-40.55
stayer,13.08
stayer,-98.08
stayer,-1.68
stayer,0.0
stayer,20.63
stayer,28.35
stayer,-1.74
stayer,-3.13
stayer,18.78
stayer,87.55
stayer,2.32
stayer,-12.53
stayer,30.75
stayer,36.77
stayer,-11.25
stayer,-51.08
stayer,-60.8
stayer,18.23
stayer,58.78
stayer,51.08
stayer,-101.17
stayer,0.0
stayer,22.91
stayer,11.28
stayer,6.9
stayer,138.63
stayer,-11.03
stayer,-1.94
stayer,51.08
stayer,0.0
stayer,5.13
stayer,-9.53
stayer,87.55
stayer,-10.54
stayer,-55.0
stayer,0.0
stayer,-29.73
stayer,10.07
stayer,13.35
stayer,-5.13
stayer,305.52
stayer,13.88
stayer,1.83
stayer,8.7
stayer,76.22
stayer,-2.15
stayer,0.0
stayer,-6.9
stayer,-9.53
stayer,-50.08
stayer,0.0
stayer,-18.23
stayer,4.51
stayer,4.08
stayer,0.0
stayer,34.09
stayer,-47.0
stayer,3.56
stayer,-16.3
stayer,7.95
stayer,19.85
stayer,4.7
stayer,-1.71
stayer,10.54
stayer,2.3
stayer,24.74
stayer,-37.26
stayer,22.31
stayer,62.86
stayer,-65.88
stayer,-21.74
stayer,64.0
stayer,115.89
stayer,85.69
stayer,24.12
stayer,87.96
stayer,60.61
stayer,7.41
stayer,18.23
stayer,71.38
stayer,-22.31
stayer,313.19
stayer,230.26
stayer,4.55
stayer,-25.67
stayer,25.95
stayer,271.26
stayer,18.23
stayer,-5.56
stayer,-319.46
stayer,48.77
stayer,0.0
stayer,-17.87
stayer,-23.26
stayer,68.32
stayer,48.1
stayer,36.46
stayer,32.85
stayer,7.55
stayer,-24.69
stayer,4.45
stayer,24.69
stayer,22.8
stayer,-47.45
stayer,-16.36
stayer,-8.52
stayer,-102.96
stayer,22.31
stayer,0.0
stayer,1.98
stayer,34.9
stayer,28.14
stayer,5.41
stayer,3.4
stayer,179.18
stayer,-13.35
stayer,-148.81
stayer,0.0
stayer,-2.11
stayer,-14.9
stayer,16.91
stayer,6.9
stayer,217.03
stayer,-3.92
stayer,53.06
stayer,-11.33
stayer,-18.23
stayer,20.48
stayer,24.85
stayer,18.86
stayer,47.0
stayer,51.08
stayer,-17.59
stayer,-19.53
stayer,-7.55
stayer,-4.08
stayer,3.7
stayer,-8.7
stayer,-29.51
stayer,76.55
stayer,0.0
stayer,0.0
stayer,16.13
stayer,117.35
stayer,-43.83
stayer,-113.5
stayer,-4.35
stayer,37.16
stayer,-44.95
stayer,6.45
stayer,-28.77
stayer,-1.8
stayer,0.5
stayer,-2.24
stayer,63.31
stayer,1.73
stayer,2.62
stayer,-2.15
stayer,24.42
stayer,69.31
stayer,214.01
stayer,-11.95
stayer,4.76
stayer,-120.94
stayer,179.18
stayer,8.7
stayer,-10.82
stayer,6.45
stayer,134.74
stayer,3.03
stayer,3.05
stayer,4.73
stayer,11.98
stayer,81.09
stayer,8.7
stayer,0.0
stayer,0.0
stayer,-17.59
stayer,0.0
stayer,0.0
stayer,24.42
stayer,5.04
stayer,7.12
stayer,38.41
stayer,53.06
stayer,6.9
stayer,6.9
stayer,8.0
stayer,18.54
stayer,-11.98
stayer,71.85
stayer,-4.08
stayer,-18.54
stayer,42.12
stayer,14.84
stayer,12.27
stayer,1.65
stayer,0.0
stayer,8.7
stayer,16.16
stayer,-35.42
stayer,8.19
stayer,-16.09
stayer,-32.11
stayer,321.89
stayer,-1.1
stayer,1.68
stayer,27.03
stayer,23.26
stayer,1.04
stayer,5.65
stayer,-21.36
stayer,-0.74
stayer,1.8
stayer,84.22
stayer,0.0
stayer,36.0
stayer,132.18
stayer,-103.28
stayer,30.01
stayer,8.59
stayer,-2.47
stayer,18.23
stayer,-4.26
stayer,-87.41
stayer,22.31
stayer,20.76
stayer,0.0
stayer,13.16
stayer,2.9
stayer,2.9
stayer,2.53
stayer,-1.55
stayer,30.54
stayer,0.0
stayer,5.72
stayer,12.57
stayer,17.59
stayer,-1.8
stayer,11.0
stayer,-54.86
stayer,82.1
stayer,-224.2
stayer,15.42
stayer,3.92
stayer,-16.71
stayer,-13.35
stayer,10.3
stayer,8.0
stayer,9.53
stayer,-4.78
stayer,0.0
stayer,28.19
stayer,33.65
stayer,79.67
stayer,40.55
stayer,4.08
stayer,10.54
stayer,-62.86
stayer,-102.96
stayer,0.0
stayer,-56.18
stayer,31.55
stayer,9.53
stayer,0.0
stayer,39.94
stayer,3.39
stayer,30.32
stayer,31.12
stayer,28.77
stayer,-8.41
stayer,-3.28
stayer,-109.86
stayer,-31.85
stayer,-6.92
stayer,7.08
stayer,24.12
stayer,44.76
stayer,0.0
stayer,56.21
stayer,105.78
stayer,7.41
stayer,73.4
stayer,0.0
stayer,29.8
stayer,-10.21
stayer,2.47
stayer,8.34
stayer,8.34
stayer,401.74
stayer,31.85
stayer,0.0
stayer,138.63
stayer,12.26
stayer,8.52
stayer,5.27
stayer,53.9
stayer,-4.88
stayer,109.86
stayer,6.67
stayer,-24.69
stayer,41.28
stayer,246.81
stayer,10.54
stayer,3.28
stayer,-1.98
stayer,15.82
stayer,2.64
stayer,1.83
stayer,37.47
stayer,16.16
stayer,921.03
stayer,-56.74
stayer,-36.77
stayer,28.31
stayer,-4.55
stayer,-9.53
stayer,30.54
stayer,28.01
stayer,-163.76
stayer,6.9
stayer,13.13
stayer,99.37
stayer,168.35
stayer,21.36
stayer,-44.32
stayer,1.62
stayer,81.64
stayer,3.56
stayer,17.43
stayer,-34.83
stayer,27.72
stayer,-27.12
stayer,98.08
stayer,-18.23
stayer,20.48
stayer,18.09
stayer,152.24
stayer,8.0
stayer,12.78
stayer,5.83
stayer,-103.85
stayer,-42.38
stayer,83.91
stayer,11.78
stayer,19.42
stayer,20.97
stayer,6.12
stayer,12.1
stayer,-7.64
stayer,-33.65
stayer,53.68
stayer,60.35
stayer,128.4
stayer,45.2
stayer,44.18
stayer,-27.58
stayer,3.74
stayer,53.9
stayer,-69.31
stayer,-19.42
stayer,12.52
stayer,42.23
stayer,14.31
stayer,-22.31
stayer,-46.08
stayer,-20.7
stayer,13.35
stayer,-66.27
stayer,34.74
stayer,-0.2
stayer,171.48
stayer,39.43
stayer,21.51
stayer,-19.85
stayer,-28.77
stayer,14.47
stayer,50.58
stayer,185.11
stayer,4.38
stayer,-58.75
stayer,0.0
stayer,11.78
stayer,23.62
stayer,10.01
stayer,-6.71
stayer,14.22
stayer,33.64
stayer,55.0
stayer,2.13
stayer,2.17
stayer,-51.08
stayer,-75.91
stayer,0.0
stayer,25.13
stayer,-60.98
stayer,-83.62
stayer,1.2
stayer,5.72
stayer,33.64
stayer,6.67
stayer,0.0
stayer,65.47
stayer,-34.09
stayer,0.0
stayer,-5.13
stayer,8.63
stayer,22.31
stayer,0.0
stayer,-3.28
stayer,-42.13
stayer,-3.28
stayer,-5.98
stayer,1.83
stayer,0.0
stayer,7.41
stayer,-44.9
stayer,4.82
stayer,7.41
stayer,5.61
stayer,35.42
stayer,-73.4
stayer,0.0
stayer,-2.87
stayer,-67.52
stayer,14.31
stayer,52.28
stayer,-91.63
stayer,51.88
stayer,69.31
stayer,-1.09
stayer,-35.22
stayer,-34.55
stayer,0.0
stayer,15.42
stayer,16.25
stayer,-1.55
stayer,5.07
stayer,14.31
stayer,10.54
stayer,-71.33
stayer,-7.41
stayer,-44.0
stayer,-20.76
stayer,0.79
stayer,2.17
stayer,0.0
stayer,10.54
stayer,5.72
stayer,7.0
stayer,8.8
stayer,113.44
stayer,-79.85
stayer,0.0
stayer,34.83
stayer,0.0
stayer,85.62
stayer,10.54
stayer,-95.55
stayer,-22.31
stayer,11.78
stayer,20.61
stayer,6.62
stayer,-49.93
stayer,8.59
stayer,4.61
stayer,181.71
stayer,18.23
stayer,0.0
stayer,4.88
stayer,8.39
stayer,-130.93
stayer,-18.23
stayer,183.26
stayer,11.78
stayer,7.78
stayer,8.47
stayer,2.33
stayer,18.23
stayer,7.41
stayer,0.0
stayer,-52.34
stayer,13.71
stayer,14.2
stayer,12.14
stayer,17.93
stayer,-21.41
stayer,-45.68
stayer,-4.88
stayer,-20.76
stayer,13.82
stayer,-31.96
stayer,-252.57
stayer,-12.52
stayer,-934.14
stayer,8.66
stayer,183.26
stayer,-98.08
stayer,-6.45
stayer,3.89
stayer,6.9
stayer,-4.12
stayer,16.89
stayer,-187.24
stayer,216.33
stayer,5.51
stayer,-8.39
stayer,64.97
stayer,218.44
stayer,24.69
stayer,176.36
stayer,-40.55
stayer,3.92
stayer,-127.3
stayer,9.05
stayer,71.29
stayer,88.62
stayer,4.45
stayer,25.95
stayer,0.0
stayer,77.81
stayer,-8.39
stayer,-102.17
stayer,38.14
stayer,-26.57
stayer,16.99
stayer,34.83
stayer,-2.79
stayer,91.63
stayer,11.78
stayer,7.7
stayer,-47.0
stayer,-20.76
stayer,43.08
stayer,4.2
stayer,67.29
stayer,31.96
stayer,7.11
stayer,-30.23
stayer,-19.42
stayer,201.49
stayer,-406.62
stayer,-1.8
stayer,-112.06
stayer,-9.53
stayer,-74.55
stayer,3.05
stayer,3.04
stayer,8.62
stayer,-22.71
stayer,21.36
stayer,22.31
stayer,-66.5
stayer,-18.49
stayer,6.16
stayer,0.0
stayer,117.25
stayer,53.01
stayer,-90.83
stayer,-6.45
stayer,4.82
stayer,0.0
stayer,234.34
stayer,-9.72
stayer,5.13
stayer,12.92
stayer,26.24
stayer,14.31
stayer,-25.53
stayer,-5.13
stayer,-6.9
stayer,78.5
stayer,18.17
stayer,5.98
stayer,-12.26
stayer,-37.47
stayer,41.15
stayer,-84.86
stayer,1.44
stayer,-0.52
stayer,40.25
stayer,292.67
stayer,-48.38
stayer,3.48
stayer,13.35
stayer,13.35
stayer,-9.8
stayer,0.0
stayer,-3.68
stayer,-6.06
stayer,4.65
stayer,9.53
stayer,-31.02
stayer,3.77
stayer,15.06
stayer,-25.49
stayer,6.9
stayer,-1.27
stayer,11.03
stayer,-72.82
stayer,10.54
stayer,9.88
stayer,-44.71
stayer,-15.79
stayer,0.0
stayer,-51.47
stayer,5.98
stayer,0.0
stayer,17.44
stayer,-26.0
stayer,-4.96
stayer,10.26
stayer,-8.62
stayer,-5.56
stayer,6.54
stayer,-91.63
stayer,22.31
stayer,48.64
stayer,18.23
stayer,11.78
stayer,87.77
stayer,17.68
stayer,-45.2
stayer,4.61
stayer,40.55
stayer,17.59
stayer,6.09
stayer,-55.34
stayer,-6.45
stayer,-12.21
stayer,12.72
stayer,299.57
stayer,54.36
stayer,9.61
stayer,6.45
stayer,5.41
stayer,-16.16
stayer,-17.65
stayer,-2.6
stayer,-1.77
stayer,-2.58
stayer,26.83
stayer,17.1
stayer,23.45
stayer,40.55
stayer,-21.51
stayer,6.9
stayer,-15.72
stayer,0.0
stayer,-17.44
stayer,10.54
stayer,0.0
stayer,-1.94
stayer,16.71
stayer,-18.46
stayer,-17.44
stayer,51.08
stayer,4.88
stayer,-45.68
stayer,-1.44
stayer,5.48
stayer,15.91
stayer,45.19
stayer,-54.86
stayer,82.23
stayer,70.77
stayer,0.0
stayer,-7.29
stayer,23.64
stayer,-127.63
stayer,-9.53
stayer,14.31
stayer,-176.36
stayer,45.11
stayer,8.7
stayer,-55.16
stayer,-40.55
stayer,9.53
stayer,0.0
stayer,1.36
stayer,-37.56
stayer,27.66
stayer,-1.12
stayer,4.78
stayer,-3.92
stayer,-32.85
stayer,5.61
stayer,10.05
stayer,21.51
stayer,8.16
stayer,3.03
stayer,-3.39
stayer,-31.85
stayer,5.83
stayer,11.06
stayer,29.78
stayer,-30.54
stayer,7.23
stayer,0.0
stayer,20.07
stayer,-21.51
stayer,53.08
stayer,-11.19
stayer,116.76
stayer,14.31
stayer,-7.7
stayer,-12.52
stayer,29.21
stayer,69.31
stayer,-28.77
stayer,84.68
stayer,-99.63
stayer,46.43
stayer,7.15
stayer,-26.46
stayer,51.08
stayer,-37.95
stayer,0.0
stayer,-3.92
stayer,2.82
stayer,2.13
stayer,136.61
stayer,11.28
stayer,75.38
stayer,201.49
stayer,69.32
stayer,-37.47
stayer,-40.55
stayer,35.67
stayer,4.01
stayer,24.36
stayer,17.44
stayer,28.77
stayer,0.0
stayer,11.98
stayer,16.55
stayer,-41.8
stayer,13.35
stayer,15.98
stayer,-18.23
stayer,81.09
stayer,120.4
stayer,0.0
stayer,122.64
stayer,56.69
stayer,40.55
stayer,8.52
stayer,-45.37
stayer,0.0
stayer,6.45
stayer,-20.5
stayer,0.21
stayer,-18.23
stayer,24.0
stayer,91.63
stayer,-17.04
stayer,-21.51
stayer,20.43
stayer,-20.76
stayer,-44.09
stayer,-45.85
stayer,-0.09
stayer,45.32
stayer,40.55
stayer,40.55
stayer,-17.49
stayer,102.21
stayer,-31.85
stayer,22.31
stayer,17.44
stayer,19.74
stayer,-12.41
stayer,-28.77
stayer,0.0
stayer,-6.68
stayer,-4.42
stayer,34.32
stayer,-2.11
stayer,40.55
stayer,12.41
stayer,18.54
stayer,-14.76
stayer,54.36
stayer,44.9
stayer,83.29
stayer,-14.31
stayer,-1.71
stayer,12.43
stayer,-6.41
stayer,55.0
stayer,-48.01
stayer,77.12
stayer,0.0
stayer,115.53
stayer,17.44
stayer,13.35
stayer,18.72
stayer,-8.7
stayer,537.84
stayer,-14.58
stayer,4.08
stayer,8.7
stayer,-43.53
stayer,-180.79
stayer,-4.73
stayer,5.26
stayer,26.57
stayer,61.4
stayer,37.73
stayer,-56.91
stayer,15.72
stayer,69.31
stayer,-18.23
stayer,12.52
stayer,3.7
stayer,10.92
stayer,6.06
stayer,-51.88
stayer,12.14
stayer,11.93
stayer,22.31
stayer,11.33
stayer,15.42
stayer,0.0
stayer,0.0
stayer,5.83
stayer,51.08
stayer,0.0
stayer,-13.66
stayer,12.26
stayer,5.13
stayer,30.01
stayer,133.5
stayer,-33.65
stayer,3.7
stayer,0.0
stayer,-300.76
stayer,-29.94
stayer,17.52
stayer,332.42
stayer,-58.78
stayer,24.9
stayer,15.82
stayer,5.72
stayer,27.44
stayer,109.86
stayer,10.54
stayer,15.42
stayer,18.23
stayer,1.51
stayer,45.2
stayer,-18.23
stayer,55.96
stayer,-22.31
stayer,9.61
stayer,17.59
stayer,120.4
stayer,16.86
stayer,5.88
stayer,-8.7
stayer,129.93
stayer,0.0
stayer,-136.1
stayer,32.85
stayer,-10.54
stayer,30.31
stayer,-15.84
stayer,-72.13
stayer,9.94
stayer,-121.19
stayer,9.02
stayer,31.02
stayer,31.02
stayer,-18.23
stayer,12.52
stayer,53.9
stayer,-81.62
stayer,-25.04
stayer,-8.13
stayer,18.54
stayer,-5.81
stayer,-51.08
stayer,-47.0
stayer,-25.13
stayer,137.43
stayer,-40.55
stayer,120.4
stayer,0.0
stayer,-24.29
stayer,-24.69
stayer,26.97
stayer,-27.96
stayer,-193.28
stayer,35.67
stayer,-85.18
stayer,117.25
stayer,-9.84
stayer,5.31
stayer,35.67
stayer,1.68
stayer,4.08
stayer,16.25
stayer,6.9
stayer,19.89
stayer,9.53
stayer,67.29
stayer,9.78
stayer,0.69
stayer,0.0
stayer,-27.82
stayer,26.83
stayer,0.0
stayer,-18.23
stayer,19.04
stayer,-2.53
stayer,-14.31
stayer,-3.77
stayer,23.11
stayer,-14.46
stayer,25.7
stayer,-23.26
stayer,-65.92
stayer,-31.51
stayer,0.0
stayer,21.32
stayer,-51.08
stayer,18.23
stayer,16.9
stayer,6.56
stayer,23.64
stayer,-4.55
stayer,-8.13
stayer,13.98
stayer,48.84
stayer,230.26
stayer,4.08
stayer,-8.46
stayer,20.07
stayer,22.31
stayer,-33.56
stayer,18.23
stayer,-22.31
stayer,18.81
stayer,-175.79
stayer,-12.31
stayer,-69.31
stayer,51.08
stayer,65.68
stayer,0.0
stayer,-160.94
stayer,12.52
stayer,53.68
stayer,-2.9
stayer,29.15
stayer,14.14
stayer,-5.41
stayer,1.87
stayer,93.84
stayer,-8.83
stayer,8.0
stayer,6.9
stayer,34.93
stayer,-39.47
stayer,30.32
stayer,0.0
stayer,-3.51
stayer,-31.02
stayer,3.28
stayer,43.08
stayer,14.95
stayer,8.0
stayer,18.23
stayer,7.64
stayer,-8.0
stayer,-4.73
stayer,-1.53
stayer,23.33
stayer,0.0
stayer,44.18
stayer,5.61
stayer,0.0
stayer,0.0
stayer,18.23
stayer,10.54
stayer,-20.76
stayer,-8.7
stayer,-9.53
stayer,-13.98
stayer,-10.44
stayer,129.93
stayer,0.0
stayer,-29.42
stayer,41.73
stayer,-2.53
stayer,-31.85
stayer,-7.41
stayer,41.0
stayer,117.87
stayer,-8.22
stayer,3.92
stayer,15.42
stayer,147.74
stayer,12.46
stayer,-278.81
stayer,-65.23
stayer,0.0
stayer,6.06
stayer,-11.78
stayer,0.0
stayer,-28.03
stayer,6.45
stayer,-64.19
stayer,-75.2
stayer,36.89
stayer,0.0
stayer,22.31
stayer,34.83
stayer,-53.06
stayer,1.71
stayer,12.64
stayer,-67.63
stayer,37.65
stayer,0.0
stayer,23.97
stayer,13.97
stayer,-8.96
stayer,28.77
stayer,-16.25
stayer,11.78
stayer,314.16
stayer,-51.08
stayer,132.44
stayer,-69.31
stayer,18.23
stayer,53.68
stayer,0.0
stayer,8.7
stayer,4.73
stayer,8.0
stayer,0.0
stayer,3.77
stayer,18.23
stayer,13.98
stayer,28.77
stayer,-72.05
stayer,8.46
stayer,5.31
stayer,30.75
stayer,-69.31
stayer,3.31
stayer,-6.06
stayer,-9.8
stayer,-31.85
stayer,22.56
stayer,37.76
stayer,3.13
stayer,-30.01
stayer,-65.92
stayer,1.21
stayer,9.18
stayer,26.24
stayer,41.28
stayer,-13.35
stayer,8.0
stayer,7.41
stayer,11.78
stayer,16.71
stayer,8.7
stayer,6.67
stayer,-18.23
stayer,13.88
stayer,-2.02
stayer,36.62
stayer,-13.35
stayer,4.63
stayer,-22.88
stayer,6.06
stayer,5.24
stayer,36.77
stayer,10.54
stayer,8.26
stayer,-0.8
stayer,-0.3
stayer,-44.18
stayer,0.0
stayer,46.65
stayer,44.63
stayer,255.39
stayer,12.19
stayer,18.23
stayer,5.13
stayer,-8.22
stayer,18.23
stayer,17.19
stayer,-31.85
stayer,81.09
stayer,0.0
stayer,-0.9
stayer,-9.53
stayer,3.39
stayer,15.26
stayer,-11.35
stayer,12.78
stayer,0.0
stayer,-16.71
stayer,6.32
stayer,0.0
stayer,0.0
stayer,47.0
stayer,37.16
stayer,5.88
stayer,-4.73
stayer,-41.55
stayer,3.68
stayer,56.8
stayer,0.83
stayer,10.54
stayer,51.08
stayer,-18.94
stayer,0.0
stayer,-20.76
stayer,4.6
stayer,28.77
stayer,-4.88
stayer,44.67
stayer,-4.73
stayer,-22.31
stayer,32.54
stayer,-12.52
stayer,0.01
stayer,11.78
stayer,34.83
stayer,34.83
stayer,6.06
stayer,-234.18
stayer,-43.08
stayer,55.0
stayer,-32.21
stayer,-8.92
stayer,22.08
stayer,5.56
stayer,3.11
stayer,-40.55
stayer,-1.56
stayer,18.23
stayer,-167.01
stayer,1.01
stayer,-30.64
stayer,22.31
stayer,29.08
stayer,2.2
stayer,14.9
stayer,-24.26
stayer,15.21
stayer,55.39
stayer,-7.47
stayer,33.27
stayer,-23.23
stayer,38.57
stayer,-45.68
stayer,-13.22
stayer,-3.92
stayer,19.53
stayer,33.11
stayer,-45.83
stayer,59.78
stayer,64.66
stayer,-53.9
stayer,0.9
stayer,-10.54
stayer,0.0
stayer,12.04
stayer,154.04
stayer,11.78
stayer,40.55
stayer,0.0
stayer,-7.41
stayer,-24.92
stayer,731.32
stayer,5.89
stayer,72.39
stayer,24.85
stayer,-51.08
stayer,0.0
stayer,8.0
stayer,19.61
stayer,-37.04
stayer,-21.95
stayer,-1.1
stayer,-6.9
stayer,47.71
stayer,-151.15
stayer,-26.97
stayer,-5.3
stayer,-81.37
stayer,141.32
stayer,148.54
stayer,-30.54
stayer,-187.77
stayer,6.06
stayer,-29.21
stayer,-3.97
stayer,8.0
stayer,5.48
stayer,-51.37
stayer,5.56
stayer,-15.52
stayer,90.13
stayer,9.18
stayer,3.7
stayer,8.59
stayer,-11.55
stayer,38.62
stayer,-12.26
stayer,-15.91
stayer,0.0
stayer,-26.83
stayer,-1.55
stayer,3.39
stayer,18.23
stayer,47.0
stayer,39.71
stayer,8.22
stayer,168.35
stayer,26.01
stayer,63.71
stayer,93.83
stayer,245.1
stayer,2.2
stayer,-5.72
stayer,-39.43
stayer,3.39
stayer,2.15
stayer,-25.13
stayer,54.65
stayer,6.13
stayer,0.0
stayer,-45.86
stayer,-126.68
stayer,3.24
stayer,10.57
stayer,-38.08
stayer,173.0
stayer,-12.0
stayer,1.64
stayer,0.0
stayer,59.78
stayer,-1.37
stayer,-14.31
stayer,111.54
stayer,-165.82
stayer,41.32
stayer,85.91
stayer,91.15
stayer,-1.44
stayer,-0.8
stayer,2.13
stayer,7.2
stayer,1.65
stayer,0.0
stayer,7.41
stayer,-48.73
stayer,82.1
stayer,11.28
stayer,-6.06
stayer,254.15
stayer,-16.71
stayer,-25.13
stayer,-12.78
stayer,6.9
stayer,-28.77
stayer,93.98
stayer,-43.67
stayer,40.55
stayer,5.72
stayer,-25.39
stayer,-69.31
stayer,-6.45
stayer,29.38
stayer,-6.45
stayer,-8.0
stayer,59.3
stayer,0.0
stayer,16.25
stayer,3.57
stayer,-2.87
stayer,-4.0
stayer,32.85
stayer,-1.01
stayer,-19.04
stayer,0.0
stayer,69.31
stayer,45.2
stayer,0.77
stayer,4.0
stayer,8.51
stayer,-16.09
stayer,-30.15
stayer,-22.31
stayer,-7.41
stayer,-40.55
stayer,50.39
stayer,-72.62
stayer,140.87
stayer,2.99
stayer,-12.52
stayer,17.19
stayer,1.58
stayer,0.0
stayer,16.94
stayer,112.31
stayer,7.85
stayer,-0.91
stayer,12.39
stayer,0.0
stayer,8.09
stayer,-4.26
stayer,238.6
stayer,-96.94
stayer,6.9
stayer,13.35
stayer,56.35
stayer,-1.9
stayer,45.04
stayer,-18.23
stayer,-94.0
stayer,18.52
stayer,10.54
stayer,-4.51
stayer,-72.06
stayer,-1.94
stayer,10.54
stayer,-142.71
stayer,-13.35
stayer,-690.78
stayer,-13.35
stayer,51.08
stayer,18.23
stayer,-74.46
stayer,13.1
stayer,8.7
stayer,-19.11
stayer,26.07
stayer,-11.78
stayer,-4.5
stayer,-63.77
stayer,26.57
stayer,0.0
stayer,14.99
stayer,3.77
stayer,19.63
stayer,38.57
stayer,20.59
stayer,6.55
stayer,-138.63
stayer,16.25
stayer,64.25
stayer,11.78
stayer,7.8
stayer,5.31
stayer,77.41
stayer,7.55
stayer,13.26
stayer,5.83
stayer,58.78
stayer,-12.01
stayer,3.01
stayer,28.77
stayer,-49.0
stayer,-7.41
stayer,10.54
stayer,19.7
stayer,6.45
stayer,8.08
stayer,-6.9
stayer,0.0
stayer,-3.51
stayer,0.0
stayer,-77.32
stayer,0.0
stayer,22.31
stayer,43.08
stayer,6.45
stayer,1.65
stayer,19.17
stayer,11.28
stayer,5.91
stayer,10.54
stayer,43.36
stayer,70.14
stayer,-1.02
stayer,96.51
stayer,-61.31
stayer,-25.38
stayer,-43.18
stayer,11.12
stayer,252.57
stayer,-7.55
stayer,26.24
stayer,33.65
stayer,4.08
stayer,-91.63
stayer,-22.25
stayer,91.63
stayer,22.78
stayer,24.85
stayer,1.77
stayer,27.33
stayer,23.42
stayer,15.82
stayer,22.83
stayer,9.02
stayer,4.2
stayer,18.57
stayer,32.54
stayer,99.04
stayer,-18.23
stayer,54.43
stayer,37.73
stayer,53.9
stayer,6.06
stayer,16.13
stayer,0.28
stayer,33.0
stayer,0.0
stayer,10.54
stayer,-5.72
stayer,24.42
stayer,36.77
stayer,21.62
stayer,51.08
stayer,8.0
stayer,28.77
stayer,11.39
stayer,18.23
stayer,-1.87
stayer,21.22
stayer,-3.39
stayer,-15.42
stayer,-19.42
stayer,28.97
stayer,-35.93
stayer,43.36
stayer,-48.73
stayer,-49.14
stayer,9.53
stayer,31.24
stayer,87.55
stayer,-25.13
stayer,166.07
stayer,-14.31
stayer,-91.63
stayer,-105.19
stayer,11.5
stayer,8.7
stayer,29.85
stayer,0.0
stayer,28.77
stayer,-39.83
stayer,-80.35
stayer,8.0
stayer,-6.98
stayer,2.02
stayer,-15.42
stayer,533.11
stayer,0.0
stayer,15.42
stayer,-16.25
stayer,174.3
stayer,39.02
stayer,2.95
stayer,-16.71
stayer,25.13
stayer,8.7
stayer,48.04
stayer,65.92
stayer,-6.53
stayer,-1.87
stayer,10.54
stayer,-40.55
stayer,120.4
stayer,2.02
stayer,26.24
stayer,40.55
stayer,-3.92
stayer,-140.78
stayer,329.8
stayer,10.54
stayer,13.63
stayer,-546.32
stayer,-14.06
stayer,2.9
stayer,33.65
stayer,34.6
stayer,2.79
stayer,12.54
stayer,10.01
stayer,8.0
stayer,4.26
stayer,16.25
stayer,5.26
stayer,77.81
stayer,0.0
stayer,-23.64
stayer,2.24
stayer,-36.29
stayer,-55.82
stayer,-78.28
stayer,-58.78
stayer,6.9
stayer,51.08
stayer,2.13
stayer,-30.54
stayer,248.49
stayer,-17.19
stayer,0.0
stayer,-38.57
stayer,-51.08
stayer,-19.04
stayer,-1.71
stayer,11.98
stayer,56.8
stayer,-3.39
stayer,72.7
stayer,33.31
stayer,9.53
stayer,20.59
stayer,11.78
stayer,22.31
stayer,-18.23
stayer,-43.36
stayer,-1.54
stayer,8.7
stayer,12.31
stayer,95.55
stayer,-5.13
stayer,17.77
stayer,0.0
stayer,9.53
stayer,-16.25
stayer,50.08
stayer,15.42
stayer,-8.41
stayer,23.18
stayer,54.47
stayer,-18.23
stayer,-290.87
stayer,42.74
stayer,-20.07
stayer,-15.42
stayer,4.96
stayer,83.15
stayer,4.88
stayer,6.9
stayer,-1.19
stayer,-99.51
stayer,-10.54
stayer,26.24
stayer,-8.0
stayer,16.71
stayer,17.44
stayer,7.65
stayer,15.42
stayer,-8.0
stayer,-21.62
stayer,1.08
stayer,-96.28
stayer,35.42
stayer,-4.08
stayer,13.84
stayer,-19.24
stayer,-34.57
stayer,125.28
stayer,29.78
stayer,161.53
stayer,22.31
stayer,-0.87
stayer,-4.08
stayer,7.26
stayer,30.75
stayer,-51.08
stayer,13.35
stayer,-44.63
stayer,194.59
stayer,-39.08
stayer,28.5
stayer,-15.42
stayer,-18.23
stayer,26.24
stayer,0.0
stayer,0.97
stayer,53.49
stayer,-15.42
stayer,12.52
stayer,8.11
stayer,-1.12
stayer,7.23
stayer,51.08
stayer,4.55
stayer,64.55
stayer,20.07
stayer,1.13
stayer,-12.72
stayer,25.13
stayer,12.26
stayer,-30.75
stayer,3.7
stayer,2.25
stayer,-64.3
stayer,290.87
stayer,6.9
stayer,13.1
stayer,0.0
stayer,-13.1
stayer,0.0
stayer,56.71
stayer,-40.55
stayer,-38.78
stayer,37.95
stayer,-24.23
stayer,0.0
stayer,-46.81
stayer,-34.09
stayer,-98.53
stayer,38.14
stayer,6.9
stayer,61.78
stayer,7.26
stayer,10.54
stayer,1.68
stayer,-87.18
stayer,0.0
stayer,13.61
stayer,11.78
stayer,6.74
stayer,35.67
stayer,15.42
stayer,-16.71
stayer,59.57
stayer,15.42
stayer,5.41
stayer,6.45
stayer,-11.03
stayer,22.23
stayer,8.0
stayer,6.9
stayer,3.08
stayer,-24.77
stayer,18.17
stayer,349.22
stayer,1.57
stayer,-26.24
stayer,20.54
stayer,-8.7
stayer,2.82
stayer,-3.77
stayer,11.78
stayer,59.7
stayer,3.39
stayer,-14.31
stayer,7.85
stayer,26.24
stayer,64.08
stayer,32.04
stayer,0.0
stayer,26.97
stayer,54.47
stayer,19.02
stayer,-26.24
stayer,5.13
stayer,-8.22
stayer,-51.08
stayer,290.87
stayer,9.53
stayer,51.27
stayer,-48.34
stayer,8.0
stayer,3.14
stayer,7.7
stayer,-245.67
stayer,12.52
stayer,2.53
stayer,-26.24
stayer,57.44
stayer,-34.48
stayer,16.25
stayer,15.42
stayer,14.31
stayer,6.9
stayer,-9.53
stayer,62.86
stayer,116.44
stayer,-17.28
stayer,18.92
stayer,132.18
stayer,6.9
stayer,-12.52
stayer,-15.42
stayer,21.51
stayer,0.0
stayer,206.62
stayer,-21.22
stayer,-36.46
stayer,11.55
stayer,-154.04
stayer,51.08
stayer,38.57
stayer,11.12
stayer,-4.51
stayer,-8.7
stayer,25.38
stayer,7.15
stayer,-72.82
stayer,18.23
stayer,-281.34
stayer,9.53
stayer,0.0
stayer,-35.33
stayer,0.0
stayer,29.04
stayer,2.2
stayer,4.88
stayer,3.39
stayer,25.95
stayer,46.7
stayer,53.55
stayer,-6.67
stayer,28.77
stayer,-26.24
stayer,16.71
stayer,1.53
stayer,51.08
stayer,-18.23
stayer,-98.08
stayer,-19.19
stayer,17.54
stayer,299.57
stayer,-23.28
stayer,-7.41
stayer,385.01
stayer,29.58
stayer,16.09
stayer,0.0
stayer,14.75
stayer,8.7
stayer,178.68
stayer,-5.15
stayer,-2.7
stayer,-68.07
stayer,-160.94
stayer,20.54
stayer,-8.7
stayer,-14.31
stayer,1.0
stayer,12.26
stayer,-25.7
stayer,8.45
stayer,25.13
stayer,-49.08
stayer,0.0
stayer,4.51
stayer,146.63
stayer,-15.72
stayer,132.18
stayer,7.0
stayer,76.57
stayer,10.23
stayer,-17.77
stayer,27.51
stayer,-18.23
stayer,28.77
stayer,74.19
stayer,-91.63
stayer,56.73
stayer,22.31
stayer,69.31
stayer,160.94
stayer,22.31
stayer,22.31
stayer,6.45
stayer,2.64
stayer,0.0
stayer,4.58
stayer,-17.59
stayer,5.31
stayer,-112.6
stayer,-9.53
stayer,6.06
stayer,15.42
stayer,-103.41
stayer,-230.26
stayer,0.0
stayer,-218.53
stayer,-4.65
stayer,9.1
stayer,0.0
stayer,-4.08
stayer,-33.65
stayer,69.31
stayer,0.0
stayer,29.56
stayer,9.16
stayer,39.47
stayer,-23.5
stayer,7.41
stayer,0.0
stayer,8.0
stayer,-138.63
stayer,-47.0
stayer,-28.77
stayer,-48.11
stayer,-33.65
stayer,21.14
stayer,37.24
stayer,120.9
stayer,120.4
stayer,2.53
stayer,0.0
stayer,1.26
stayer,10.54
stayer,19.67
stayer,9.53
stayer,-29.73
stayer,6.92
stayer,-8.7
stayer,57.22
stayer,-61.52
stayer,-45.68
stayer,55.0
stayer,26.24
stayer,-45.21
stayer,47.0
stayer,-6.06
stayer,6.6
stayer,11.08
stayer,-51.08
stayer,-18.23
stayer,20.22
stayer,12.52
stayer,-4.18
stayer,6.12
stayer,8.7
stayer,-82.38
stayer,37.89
stayer,-15.42
stayer,120.4
stayer,34.48
stayer,-20.16
stayer,-36.56
stayer,-5.13
stayer,-334.4
stayer,31.37
stayer,13.35
stayer,11.78
stayer,-73.4
stayer,94.8
stayer,24.69
stayer,45.33
stayer,113.94
stayer,61.62
stayer,10.01
stayer,55.96
stayer,14.31
stayer,7.77
stayer,27.44
stayer,57.54
stayer,16.94
stayer,37.39
stayer,-8.0
stayer,0.0
stayer,114.68
stayer,-47.0
stayer,11.12
stayer,-9.53
stayer,18.23
stayer,21.54
stayer,-1.86
stayer,0.0
stayer,1.34
stayer,-10.92
stayer,-8.96
stayer,8.92
stayer,13.35
stayer,9.1
stayer,93.05
stayer,-47.0
stayer,-89.61
stayer,-64.66
stayer,-0.65
stayer,-47.0
stayer,9.53
stayer,16.6
stayer,8.0
stayer,40.55
stayer,72.7
stayer,8.0
stayer,12.97
stayer,15.42
stayer,8.7
stayer,4.14
stayer,-69.31
stayer,160.94
stayer,-18.92
stayer,0.91
stayer,-3.92
stayer,-61.9
stayer,-22.15
stayer,31.24
stayer,17.24
stayer,36.66
stayer,-25.33
stayer,-24.69
stayer,9.62
stayer,-7.1
stayer,377.66
leaver_employed,-146.28
leaver_employed,-10.54
leaver_employed,132.57
leaver_employed,-83.04
leaver_employed,27.12
leaver_employed,288.24
leaver_employed,7.1
leaver_employed,84.46
leaver_employed,98.08
leaver_employed,305.82
leaver_employed,140.88
leaver_employed,168.64
leaver_employed,30.61
leaver_employed,29.74
leaver_employed,-7.23
leaver_employed,37.6
leaver_employed,-157.02
leaver_employed,3.77
leaver_employed,75.77
leaver_employed,50.53
leaver_employed,10.66
leaver_employed,-30.75
leaver_employed,-14.9
leaver_employed,-12.68
leaver_employed,4.08
leaver_employed,42.57
leaver_employed,-18.31
leaver_employed,-11.78
leaver_employed,0.0
leaver_employed,4.08
leaver_employed,190.51
leaver_employed,53.9
leaver_employed,20.25
leaver_employed,33.14
leaver_employed,-96.94
leaver_employed,460.52
leaver_employed,22.31
leaver_employed,131.37
leaver_employed,-54.36
leaver_employed,49.11
leaver_employed,-32.69
leaver_employed,263.91
leaver_employed,-96.14
leaver_employed,79.85
leaver_employed,62.31
leaver_employed,219.22
leaver_employed,288.94
leaver_employed,176.36
leaver_employed,-51.08
leaver_employed,-162.53
leaver_employed,13.19
leaver_employed,9.53
leaver_employed,131.34
leaver_employed,-69.31
leaver_employed,-69.31
leaver_employed,-4.0
leaver_employed,121.95
leaver_employed,129.71
leaver_employed,769.62
leaver_employed,71.02
leaver_employed,0.17
leaver_employed,-264.09
leaver_employed,-33.65
leaver_employed,-14.31
leaver_employed,10.54
leaver_employed,91.63
leaver_employed,-3.92
leaver_employed,33.23
leaver_employed,73.69
leaver_employed,-24.36
leaver_employed,61.63
leaver_employed,-41.99
leaver_employed,62.6
leaver_employed,74.04
leaver_employed,12.14
leaver_employed,-203.6
leaver_employed,37.77
leaver_employed,-42.67
leaver_employed,0.0
leaver_employed,349.31
leaver_employed,156.69
leaver_employed,34.83
leaver_employed,55.0
leaver_employed,-40.6
leaver_employed,-2.47
leaver_employed,38.58
leaver_employed,-28.95
leaver_employed,-18.23
leaver_employed,99.04
leaver_employed,-12.06
leaver_employed,108.62
leaver_employed,-9.53
leaver_employed,-5.72
leaver_employed,-82.1
leaver_employed,204.02
leaver_employed,46.13
leaver_employed,183.26
leaver_employed,63.13
leaver_employed,318.81
leaver_employed,-85.44
leaver_employed,71.33
leaver_employed,3.82
leaver_employed,-122.64
leaver_employed,111.3
leaver_employed,119.63
leaver_employed,28.77
leaver_employed,98.53
leaver_employed,86.56
leaver_employed,-125.7
leaver_employed,8.46
leaver_employed,188.1
leaver_employed,-40.55
leaver_employed,-11.3
leaver_employed,-101.86
leaver_employed,110.11
leaver_employed,28.77
leaver_employed,-331.42
leaver_employed,22.41
leaver_employed,-1.59
leaver_employed,-69.31
leaver_employed,25.36
leaver_employed,26.24
leaver_employed,-4.88
leaver_employed,-26.24
leaver_employed,0.0
leaver_employed,238.65
leaver_employed,109.86
leaver_employed,73.4
leaver_employed,84.73
leaver_employed,10.54
leaver_employed,13.35
leaver_employed,265.93
leaver_employed,-101.94
leaver_employed,93.22
leaver_employed,79.85
leaver_employed,61.9
leaver_employed,-42.49
leaver_employed,-84.73
leaver_employed,-96.76
leaver_employed,72.21
leaver_employed,0.0
leaver_employed,23.36
leaver_employed,10.32
leaver_employed,4.29
leaver_employed,52.98
leaver_employed,92.58
leaver_employed,11.08
leaver_employed,594.02
leaver_employed,373.93
leaver_employed,243.61
leaver_employed,-79.32
leaver_employed,12.17
leaver_employed,11.02
leaver_employed,4.55
leaver_employed,-258.83
leaver_employed,-77.34
leaver_employed,0.0
leaver_employed,84.01
leaver_employed,68.29
leaver_employed,269.56
leaver_employed,30.6
leaver_employed,-216.91
leaver_employed,-40.39
leaver_employed,3.25
leaver_employed,299.57
leaver_employed,-104.09
leaver_employed,75.5
leaver_employed,-1.8
leaver_employed,4.84
leaver_employed,106.09
leaver_employed,47.0
leaver_employed,-47.54
leaver_employed,-87.71
leaver_employed,-134.71
leaver_employed,-82.93
leaver_employed,350.66
leaver_employed,9.02
leaver_employed,8.34
leaver_employed,-186.24
leaver_employed,-20.11
leaver_employed,-109.86
leaver_employed,124.48
leaver_employed,71.87
leaver_employed,-62.12
leaver_employed,76.73
leaver_employed,34.94
leaver_employed,-9.53
leaver_employed,291.32
leaver_employed,-23.36
leaver_employed,-8.7
leaver_employed,-18.23
leaver_employed,-2.53
leaver_employed,248.08
leaver_employed,54.52
leaver_employed,233.83
leaver_employed,15.42
leaver_employed,43.22
leaver_employed,55.96
leaver_employed,39.21
leaver_employed,-179.18
leaver_employed,-54.36
leaver_employed,73.24
leaver_employed,85.53
leaver_employed,129.93
leaver_employed,-8.54
leaver_employed,-42.38
leaver_employed,34.48
leaver_employed,86.18
leaver_employed,-34.83
leaver_employed,38.08
leaver_employed,88.97
leaver_employed,-37.73
leaver_employed,-109.77
leaver_employed,-39.8
leaver_employed,81.09
leaver_employed,337.24
leaver_employed,5.03
leaver_employed,-47.41
leaver_employed,48.87
leaver_employed,-34.48
leaver_employed,-24.72
leaver_employed,-51.08
leaver_employed,62.86
leaver_employed,51.08
leaver_employed,147.59
