PERIDNUM,cohort,MARZO,leaver,OCCUP,PEIOOCC,leaver_MARCH
0000047951107190811104,2018,0,0.0,2310.0,2310.0,
0000104150015370801101,2018,1,,,,
0000787913039410801101,2018,1,0.0,2310.0,2310.0,0.0
0001111776562870801101,2018,1,,2300.0,2300.0,0.0
0001607180145460801101,2018,1,,,,
0002105049085750811102,2018,0,0.0,,,
0002207160336500801102,2018,1,1.0,10.0,10.0,-1.0
0004117917719020901101,2018,0,,,,
0004164946316510801102,2018,0,0.0,,,
0005102878358880811101,2018,0,,,,
0005105880156990811101,2018,0,0.0,2310.0,2310.0,
0006102800621610801102,2018,1,1.0,2340.0,2340.0,-1.0
0006108403150510801101,2018,1,0.0,2300.0,2300.0,0.0
0008103574147370801102,2018,1,,2310.0,2310.0,0.0
0008103878358380801102,2018,1,1.0,230.0,230.0,-1.0
0008106182601750901101,2018,0,0.0,,,
0008107998693100801101,2018,1,0.0,2320.0,2320.0,0.0
0008107998693100801102,2018,1,1.0,2340.0,2340.0,-1.0
0010914594010210811101,2018,1,1.0,2200.0,2200.0,-1.0
0015074511108740801102,2018,0,1.0,,,
0018770091208940801102,2018,0,0.0,,,
0022507110841950801101,2018,1,0.0,2310.0,2310.0,0.0
0023206306102620801101,2018,0,1.0,,,
0025218190586380801103,2018,1,0.0,2310.0,2310.0,0.0
0029008150691960811101,2018,0,0.0,,,
0031008117105530801101,2018,1,0.0,2310.0,2310.0,0.0
0031008117105530801102,2018,1,0.0,2310.0,2310.0,0.0
0033704140735200901102,2018,0,0.0,,,
0033731900099100801102,2018,0,0.0,,,
0037006100686300801101,2018,1,0.0,2310.0,2310.0,0.0
0037902150151310811101,2018,0,0.0,,,
0039403140304160801101,2018,0,0.0,,,
0040072702034110901102,2018,0,0.0,,,
0040099701034110801101,2018,0,0.0,,,
0047904017915090801102,2018,0,1.0,,,
0053403170978210801102,2018,1,0.0,2310.0,2310.0,0.0
0054606110265540901101,2018,0,0.0,,,
0057706100951030811101,2018,0,0.0,,,
0060674492018610801102,2018,1,,,,
0061300170139450801102,2018,1,0.0,2310.0,2310.0,0.0
0061305120045950811102,2018,1,0.0,2310.0,2310.0,0.0
0067500190825460801101,2018,0,0.0,,,
0068600140448410801101,2018,1,0.0,2310.0,2310.0,0.0
0072308150885880811102,2018,0,1.0,,,
0074117209104930801101,2018,0,0.0,2310.0,2310.0,
0074117209104930801102,2018,0,0.0,2310.0,2310.0,
0074507160276670801102,2018,1,1.0,2340.0,2340.0,-1.0
0080078722103450811103,2018,0,0.0,,,
0089902130926560801102,2018,1,0.0,2310.0,2310.0,0.0
0090264100026110801101,2018,1,0.0,2310.0,2310.0,0.0
0092088215106610811102,2018,1,0.0,2320.0,2320.0,0.0
0093188263109610801101,2018,0,0.0,,,
0094129206102880801102,2018,0,0.0,,,
0094300110325190801101,2018,1,0.0,2310.0,2310.0,0.0
0094607150906140801102,2018,1,0.0,2310.0,2310.0,0.0
0100002756103210801101,2018,1,0.0,2310.0,2310.0,0.0
0100007905957260801101,2018,1,1.0,0.0,-1.0,-1.0
0100046635396870801102,2018,1,0.0,2310.0,2310.0,0.0
0100065121260850811101,2018,1,0.0,2310.0,2310.0,0.0
0100065945361750801101,2018,0,1.0,,,
0100081529668420801101,2018,0,0.0,,,
0100086945339920801101,2018,0,0.0,2320.0,2320.0,
0100099000386560801102,2018,1,,,,
0100394573029310801102,2018,1,,,,
0101008611974820801101,2018,0,0.0,2310.0,2310.0,
0101090344032120801101,2018,0,0.0,2310.0,2310.0,
0101129159831630801101,2018,1,0.0,2300.0,2300.0,0.0
0101165180965570911101,2018,0,0.0,,,
0101167545725920911102,2018,0,0.0,,,
0101521806046040801101,2018,0,1.0,,,
0102106574147970801102,2018,0,1.0,2310.0,2340.0,
0102107432747130801101,2018,1,0.0,2310.0,2310.0,0.0
0102110012655220801103,2018,1,0.0,2300.0,2300.0,0.0
0102127233450660801102,2018,0,1.0,,,
0103008619574870801101,2018,1,,,,
0103101692562860801101,2018,1,,,,
0103101848539610801101,2018,1,0.0,2310.0,2310.0,0.0
0103101925840550801102,2018,1,0.0,2320.0,2320.0,0.0
0103103582036140801102,2018,1,0.0,2310.0,2310.0,0.0
0103104587709760801101,2018,1,,2320.0,2320.0,0.0
0103106709238970801101,2018,1,0.0,2320.0,2320.0,0.0
0103107501769580801102,2018,0,0.0,,,
0105109453023310811101,2018,1,,,,
0105117586981850801103,2018,1,0.0,2340.0,2310.0,-1.0
0106101706324590811102,2018,0,0.0,,,
0107009710022520801102,2018,0,0.0,,,
0107101430189670801102,2018,1,0.0,2310.0,2310.0,0.0
0107101913169600801102,2018,1,0.0,2300.0,2300.0,0.0
0107103091313320801101,2018,0,0.0,,,
0107103239815310801101,2018,1,0.0,2310.0,2310.0,0.0
0107103333457640801102,2018,0,0.0,,,
0107104799357950801102,2018,0,0.0,,,
0107104944677710801102,2018,0,,,,
0107105488845900801101,2018,0,0.0,,,
0107105488845900801102,2018,0,1.0,,,
0108100440162990901101,2018,0,0.0,,,
0108103913169600901102,2018,0,,,,
0108105546202740801101,2018,0,0.0,,,
0108105546202740801102,2018,0,0.0,,,
0108106615175950801102,2018,1,0.0,2310.0,2310.0,0.0
0108309267210020811101,2018,1,0.0,2310.0,2310.0,0.0
0109101619757550801101,2018,1,0.0,2310.0,2310.0,0.0
0109103787252390801102,2018,1,0.0,2310.0,2310.0,0.0
0109105949323270801101,2018,0,0.0,,,
0134801204029060801102,2018,1,0.0,2310.0,2310.0,0.0
0139011909060010801101,2018,0,,,,
0139011909060010801102,2018,0,,,,
0140674261017310801101,2018,1,0.0,2310.0,2310.0,0.0
0141307140676080801102,2018,1,0.0,2310.0,2310.0,0.0
0145201170359040801102,2018,0,0.0,,,
0145804167410020801101,2018,0,,,,
0150303140926990801101,2018,1,0.0,2310.0,2310.0,0.0
0150809170242290801101,2018,1,0.0,2310.0,-1.0,1.0
0154607190669090801101,2018,0,0.0,,,
0160508150251020901102,2018,0,,2320.0,2320.0,
0160536951006410801102,2018,1,0.0,2310.0,2310.0,0.0
0160540950046410811101,2018,1,0.0,2320.0,2320.0,0.0
0163400011520000801102,2018,0,0.0,,,
0170493184045110801101,2018,1,0.0,2310.0,2310.0,0.0
0173406180046710901102,2018,0,0.0,,,
0180095983065910801101,2018,0,0.0,,,
0182206140496710801101,2018,1,0.0,2310.0,2310.0,0.0
0182905180159650901101,2018,0,,,,
0200101831233150911101,2018,0,0.0,,,
0201107604783330801102,2018,1,0.0,2310.0,2310.0,0.0
0202101381789160811101,2018,1,1.0,2310.0,2340.0,1.0
0202106344170930801102,2018,0,0.0,,,
0203111053408670801102,2018,0,0.0,,,
0204106818462950801101,2018,1,0.0,2310.0,2310.0,0.0
0205100318264710811101,2018,0,0.0,2320.0,2320.0,
0205100750696760811102,2018,1,0.0,2310.0,2310.0,0.0
0205102776191030811101,2018,1,1.0,3255.0,3255.0,-1.0
0205103957627360801102,2018,1,0.0,2310.0,2310.0,0.0
0205104796632260811101,2018,0,0.0,2310.0,2310.0,
0205109431458330801102,2018,1,0.0,2310.0,2310.0,0.0
0205110249597250801101,2018,0,0.0,,,
0206104576581930801102,2018,0,0.0,,,
0206104729518440801101,2018,1,,,,
0206107665895510901101,2018,0,1.0,,,
0208101694142580911101,2018,0,1.0,,,
0208101958982680811101,2018,1,0.0,2320.0,2320.0,0.0
0208102845535620801101,2018,1,0.0,2320.0,2300.0,0.0
0208107523847140811101,2018,0,,,,
0209100251436720801101,2018,1,0.0,2310.0,2310.0,0.0
0209106060401910901101,2018,0,0.0,,,
0209107769532340801102,2018,0,0.0,,,
0214350043303170811102,2018,0,0.0,,,
0214950043403120801102,2018,0,0.0,,,
0217711808011120801101,2018,0,,,,
0220126894054310901101,2018,0,0.0,,,
0220811900049070801102,2018,1,0.0,2310.0,2310.0,0.0
0225951108069050811101,2018,0,,,,
0226541107063080811102,2018,0,0.0,,,
0230465991005310811102,2018,1,0.0,2310.0,2310.0,0.0
0230642242037010801102,2018,0,1.0,,,
0234207851812030801101,2018,0,0.0,,,
0240668751047110901102,2018,0,0.0,,,
0245991307087080801101,2018,0,0.0,,,
0247107110826130801101,2018,0,0.0,,,
0250793393051010901101,2018,0,0.0,,,
0250793393051010901102,2018,0,0.0,,,
0259500170746480801101,2018,0,0.0,2310.0,2310.0,
0280872611099210801102,2018,0,0.0,,,
0290145793001710811102,2018,1,,,,
0290768290067710801103,2018,0,0.0,3510.0,3535.0,
0290928462046610801102,2018,0,,,,
0292048016703010801102,2018,1,,,,
0298409130624430801101,2018,1,,,,
0300103671899670811101,2018,1,,,,
0301102091313320801102,2018,1,0.0,2320.0,2320.0,0.0
0302118629079160811101,2018,0,0.0,,,
0302118629079160811102,2018,0,0.0,,,
0303104574147270811101,2018,0,0.0,2310.0,2310.0,
0303115608814790801101,2018,0,,,,
0303116160001730801102,2018,0,0.0,,,
0304103809502340801102,2018,1,0.0,2310.0,2310.0,0.0
0304104877642410801103,2018,1,1.0,2200.0,2200.0,-1.0
0304105745292260801102,2018,0,0.0,,,
0304109947099070801101,2018,0,,,,
0305103831233150801101,2018,1,1.0,5860.0,5860.0,-1.0
0305108205859890911101,2018,0,,,,
0306102114229580801102,2018,1,,,,
0306102166355600801101,2018,0,0.0,,,
0306106588317470801101,2018,1,0.0,2310.0,2310.0,0.0
0306106677480940801102,2018,0,0.0,,,
0306106677480940801103,2018,0,0.0,,,
0306108100037110801102,2018,1,,,,
0306112373849080801101,2018,0,1.0,,,
0306125138885990801101,2018,0,0.0,,,
0306132729518840801102,2018,0,,,,
0307101912732680801101,2018,1,1.0,4600.0,4600.0,-1.0
0307103404567630801101,2018,0,0.0,,,
0307104838427440801102,2018,0,1.0,,,
0307124430189270801102,2018,0,0.0,,,
0308101648246680811102,2018,1,1.0,5120.0,5120.0,-1.0
0308102745292060811102,2018,1,,,,
0309101705263030801101,2018,1,0.0,2320.0,2320.0,0.0
0309102030919560801102,2018,1,,,,
0309104546202240801102,2018,0,0.0,,,
0309106388456440801102,2018,0,,,,
0309110499479410801102,2018,0,0.0,,,
0309125541821450801101,2018,1,0.0,2320.0,2320.0,0.0
0310019544018610811101,2018,1,0.0,2310.0,2310.0,0.0
0310377991034810801102,2018,0,0.0,,,
0313841100074160801101,2018,1,0.0,2310.0,2310.0,0.0
0320167590021110801101,2018,1,0.0,2320.0,2320.0,0.0
0320280212049210801101,2018,1,0.0,2310.0,2310.0,0.0
0320280212049210801102,2018,1,0.0,2310.0,2310.0,0.0
0336944011103060801102,2018,1,0.0,2320.0,2320.0,0.0
0340443272053710801101,2018,1,,,,
0340810573048910801104,2018,0,,,,
0350849045032910801101,2018,1,0.0,2320.0,2310.0,0.0
0350858610007510801101,2018,1,0.0,2310.0,2310.0,0.0
0350858610007510801102,2018,1,0.0,2310.0,2310.0,0.0
0357704233410020801101,2018,1,0.0,2310.0,2310.0,0.0
0360047414029110801101,2018,1,,,,
0360789444022310801101,2018,1,0.0,2310.0,2310.0,0.0
0360945732043110801102,2018,1,0.0,2310.0,-1.0,1.0
0381305110776880801101,2018,0,,,,
0400100404593980801101,2018,1,0.0,2320.0,2320.0,0.0
0400100404593980801102,2018,1,0.0,2310.0,2310.0,0.0
0400101763254120801101,2018,1,,2540.0,-1.0,-1.0
0400737473095510801102,2018,0,,4600.0,-1.0,
0401101618049840811102,2018,1,,,,
0401105835920930801102,2018,0,0.0,,,
0402106127851460801102,2018,0,0.0,,,
0402107397509650801102,2018,0,,,,
0402107875465590801103,2018,1,0.0,2300.0,2300.0,0.0
0402113419821630801101,2018,0,,,,
0402113419821630801102,2018,0,,,,
0404113301843890801102,2018,1,0.0,2310.0,2310.0,0.0
0405109232510360801102,2018,0,0.0,,,
0406100270800990811101,2018,1,,2330.0,2330.0,0.0
0406101143972120801101,2018,1,,,,
0407100134501420811101,2018,0,,,,
0407101703682670811102,2018,1,,,,
0407104517602270911101,2018,0,0.0,,,
0407104577340700801101,2018,1,1.0,2630.0,2720.0,-1.0
0407105711961770801101,2018,1,0.0,2310.0,2310.0,0.0
0408102987718620801101,2018,1,0.0,2310.0,2310.0,0.0
0408107305625340801101,2018,1,0.0,2310.0,2310.0,0.0
0408110843844260801102,2018,0,0.0,,,
0408116723580700801101,2018,1,,,,
0408124124908250801101,2018,0,,,,
0409106196770920801101,2018,1,,,,
0410115754040510801102,2018,1,0.0,2320.0,2320.0,0.0
0410670043306660801101,2018,1,0.0,2310.0,2310.0,0.0
0412630236205910801101,2018,0,0.0,2310.0,2310.0,
0414610069508480811101,2018,0,0.0,,,
0420662965071410801102,2018,0,,,,
0434651015301040801101,2018,0,0.0,2310.0,2310.0,
0434903562210020801102,2018,0,0.0,,,
0434909012313060801102,2018,0,0.0,,,
0440015335067610801102,2018,1,0.0,2320.0,2320.0,0.0
0450933415053010801101,2018,1,0.0,2320.0,2320.0,0.0
0450933415053010801102,2018,1,0.0,2320.0,2320.0,0.0
0460463891041010801102,2018,0,0.0,,,
0460467810304110801102,2018,0,,,,
0470707143074910811102,2018,0,0.0,2310.0,2310.0,
0480065024041110801102,2018,1,0.0,2310.0,2310.0,0.0
0480225321056510801101,2018,1,,,,
0480254322026510801103,2018,1,1.0,2320.0,520.0,1.0
0480294324026510801101,2018,1,0.0,2310.0,2310.0,0.0
0500103121901520801101,2018,1,,,,
0500109311124180811101,2018,0,0.0,,,
0501100915550760801101,2018,1,0.0,2310.0,2310.0,0.0
0501101529559820801101,2018,1,0.0,2310.0,2300.0,0.0
0503105189264750801102,2018,0,1.0,2016.0,2016.0,
0503123344170530901102,2018,0,0.0,,,
0504111388456040901101,2018,0,0.0,,,
0504111632119350811102,2018,1,,2310.0,2310.0,0.0
0505101588317870801103,2018,1,,,,
0505110548934920801101,2018,0,,,,
0506105545725720811102,2018,0,,,,
0506105946316210811101,2018,1,,,,
0506109683281370801102,2018,1,0.0,2310.0,2310.0,0.0
0510634945028210801101,2018,1,,,,
0510634945028210801102,2018,1,,,,
0510694063025010801101,2018,0,0.0,,,
0520523312043910801101,2018,1,0.0,2320.0,2320.0,0.0
0530062793029510801101,2018,1,0.0,2320.0,2320.0,0.0
0530062793029510801102,2018,1,0.0,2320.0,2320.0,0.0
0550829614078910801103,2018,1,0.0,2320.0,2320.0,0.0
0560537551034110801101,2018,1,1.0,2430.0,2430.0,-1.0
0570348016212050801101,2018,0,1.0,,,
0580353132043210811102,2018,0,,,,
0580532001019410801101,2018,0,0.0,,,
0580583021006510801102,2018,1,0.0,2310.0,2310.0,0.0
0608361200093350801101,2018,0,0.0,,,
0608421602032110801101,2018,1,0.0,2310.0,2310.0,0.0
0610294233022210801102,2018,1,,,,
0620568301043410801102,2018,0,0.0,,,
0630645053003910811102,2018,0,0.0,,,
0639011906020010801102,2018,1,0.0,2320.0,2320.0,0.0
0640266230179510801101,2018,1,0.0,2320.0,2320.0,0.0
0649406311610030801102,2018,1,0.0,2310.0,2310.0,0.0
0650235123052410801101,2018,1,0.0,2320.0,2320.0,0.0
0650235123052410801103,2018,1,1.0,8965.0,8965.0,-1.0
0652148015000010801102,2018,0,1.0,,,
0656709016312020801102,2018,0,,,,
0660329374017010801102,2018,1,0.0,2310.0,2310.0,0.0
0660678422043110801101,2018,1,0.0,2310.0,2310.0,0.0
0660772992032010901101,2018,0,0.0,,,
0670183031004610801102,2018,1,0.0,2300.0,2310.0,0.0
0671155017404040801101,2018,1,0.0,2310.0,2310.0,0.0
0690755016910060801101,2018,0,0.0,,,
0690932835096910901102,2018,0,0.0,,,
0700099383015410801102,2018,0,,,,
0710540892045310801102,2018,1,0.0,2310.0,2310.0,0.0
0717420069409630801101,2018,1,,,,
0718520269109600811102,2018,0,,,,
0719830066402520801101,2018,0,0.0,,,
0730622514031010901101,2018,0,0.0,,,
0730622514031010901102,2018,0,1.0,,,
0733391004049070901101,2018,0,0.0,,,
0750113875068310801101,2018,1,0.0,2310.0,2310.0,0.0
0761457015010090801101,2018,1,1.0,2320.0,-1.0,1.0
0761457015010090801102,2018,1,0.0,2310.0,2310.0,0.0
0770625624067510801104,2018,0,0.0,,,
0800929604033910901102,2018,0,,,,
0810693873057910801102,2018,1,,2300.0,2300.0,0.0
0814220092404230801102,2018,0,0.0,,,
0830789114088310801102,2018,1,0.0,2310.0,2310.0,0.0
0835231203051050811102,2018,1,0.0,2310.0,2310.0,0.0
0840114612017010911101,2018,0,,,,
0840976781006710801101,2018,0,1.0,,,
0842311726046030801102,2018,0,0.0,,,
0860361721065110801102,2018,1,0.0,2310.0,2310.0,0.0
0860422862034210911102,2018,0,0.0,,,
0880783204040110801102,2018,1,0.0,2300.0,2310.0,0.0
0890647325091310801102,2018,0,0.0,,,
0920229324021610801102,2018,1,0.0,2310.0,2310.0,0.0
0920704515090510811101,2018,0,0.0,,,
0930501152051410901101,2018,0,0.0,,,
0930504333082910811102,2018,0,0.0,,,
0940637691038310801101,2018,1,,2300.0,2300.0,0.0
0945244012304000801102,2018,1,,,,
0950470501043310801101,2018,1,0.0,2300.0,2300.0,0.0
0960189112017110801102,2018,1,0.0,2330.0,2330.0,0.0
0960236961047710801101,2018,1,0.0,2310.0,2310.0,0.0
0960792442025210801101,2018,1,0.0,2320.0,2320.0,0.0
0960792442025210801102,2018,1,0.0,2320.0,2320.0,0.0
0980982664019510801102,2018,1,0.0,2310.0,2310.0,0.0
0996109044810040801101,2018,0,,,,
1001029022106950801101,2018,1,0.0,2310.0,2310.0,0.0
1003504160738460901102,2018,0,0.0,,,
1006105823295880801102,2018,1,0.0,2310.0,2310.0,0.0
1010131401104100811101,2018,0,0.0,,,
1011309160288330801101,2018,1,0.0,2310.0,2310.0,0.0
1011805110479410801102,2018,1,0.0,2310.0,2310.0,0.0
1012010016105790801102,2018,1,0.0,2330.0,2330.0,0.0
1013548019803020811102,2018,0,,,,
1014705180953870801101,2018,1,,,,
1019390061304310911101,2018,0,1.0,,,
1020300190073670801101,2018,0,0.0,,,
1020708140909540801101,2018,1,0.0,2310.0,2310.0,0.0
1020708140909540801102,2018,1,0.0,2310.0,2310.0,0.0
1022050100986180801101,2018,1,,,,
1023077950107060801101,2018,1,,,,
1024603130397670801101,2018,1,1.0,2340.0,2340.0,-1.0
1026310300181460801102,2018,0,0.0,,,
1030140011305070801102,2018,0,0.0,,,
1030506512059510801101,2018,0,0.0,,,
1031083570101190801103,2018,1,,,,
1034060867102450801102,2018,0,1.0,,,
1035454017325080901101,2018,0,0.0,,,
1042227323105510801102,2018,0,,2540.0,2540.0,
1043027376108510801101,2018,1,,,,
1043108100267560801101,2018,1,0.0,2310.0,2310.0,0.0
1043902130623610801102,2018,0,0.0,,,
1048102150249280801102,2018,0,0.0,,,
1055126806107490811101,2018,0,0.0,,,
1059001100493430801101,2018,0,1.0,4600.0,4600.0,
1060088744107660801101,2018,1,0.0,2320.0,2320.0,0.0
1062106190253210801102,2018,1,1.0,2540.0,2540.0,-1.0
1063730700445140801101,2018,1,0.0,2310.0,2310.0,0.0
1063904130219380801102,2018,1,0.0,2310.0,2310.0,0.0
1072501190608610801104,2018,0,,,,
1072800600979770801102,2018,0,0.0,,,
1073030600078690801101,2018,0,0.0,,,
1074800140133070901101,2018,0,0.0,2310.0,2310.0,
1080096766104780801101,2018,0,0.0,,,
1081507150218910801101,2018,1,0.0,2310.0,2310.0,0.0
1083183217100780801101,2018,1,,,,
1083300100747960801102,2018,0,0.0,,,
1083410300497160801102,2018,0,0.0,,,
1091710900457150801101,2018,1,0.0,2320.0,2320.0,0.0
1096650000421860811101,2018,1,,,,
1099350100989840801101,2018,0,0.0,,,
1100006708342480801101,2018,1,0.0,2310.0,2310.0,0.0
1100023546127600801101,2018,1,0.0,2310.0,2310.0,0.0
1100063101869460901102,2018,0,0.0,,,
1100068446175270801103,2018,1,,,,
1100071423108380801102,2018,1,1.0,230.0,230.0,-1.0
1100072243830520801101,2018,0,,,,
1100082634443140801102,2018,0,0.0,,,
1100504393016510801101,2018,1,,,,
1100621231001210801102,2018,0,0.0,,,
1101062740190500801102,2018,0,,,,
1101082911759650801102,2018,1,0.0,2310.0,2310.0,0.0
1103051609058360801101,2018,0,0.0,,,
1104548016702040801102,2018,0,0.0,,,
1114140078001230801101,2018,1,0.0,2310.0,2310.0,0.0
1114840200423360801101,2018,0,0.0,,,
1114840200423360801102,2018,0,0.0,,,
1117610029005320801102,2018,1,0.0,2320.0,2310.0,0.0
1120100170972320801102,2018,1,0.0,2310.0,2310.0,0.0
1121430701302030801101,2018,1,1.0,4600.0,4600.0,-1.0
1138561002000070801102,2018,1,0.0,2320.0,2320.0,0.0
1144205985110020801101,2018,0,0.0,,,
1147640701403370801101,2018,0,0.0,,,
1152221505029160801102,2018,0,0.0,,,
1161450000382630811101,2018,0,0.0,,,
1164602608394820801101,2018,0,0.0,,,
1180060713002710801102,2018,1,1.0,2310.0,-1.0,1.0
1183540807830200801102,2018,1,0.0,2300.0,2300.0,0.0
1188907120036510801101,2018,0,0.0,,,
1194110200296740901101,2018,0,0.0,,,
1195050500930360801102,2018,1,0.0,2320.0,2320.0,0.0
1201110200677680801102,2018,1,0.0,2310.0,2310.0,0.0
1210470027200460901103,2018,0,0.0,,,
1215310134201840801102,2018,0,0.0,,,
1222440801190010801102,2018,1,,,,
1226209067910040811101,2018,0,,,,
1226450101906110801102,2018,0,0.0,,,
1228841601039000811101,2018,1,0.0,2310.0,2310.0,0.0
1230806757711040801101,2018,0,,,,
1230806757711040801102,2018,0,,,,
1241909110305610801102,2018,1,,,,
1248201140752530801101,2018,0,1.0,,,
1250265180056010801101,2018,1,0.0,2310.0,2310.0,0.0
1257005011212030801101,2018,1,0.0,2310.0,2310.0,0.0
1258320900375420801101,2018,1,0.0,2310.0,2310.0,0.0
1269130400948320801102,2018,1,0.0,2310.0,2310.0,0.0
1281320800954870801101,2018,0,0.0,,,
1281320800954870801102,2018,0,0.0,,,
1282450300253850801101,2018,0,,,,
1283810300059490801102,2018,0,1.0,,,
1290955300050910801102,2018,0,0.0,,,
1301500100055520901102,2018,0,0.0,,,
1305500500464170811101,2018,1,0.0,2310.0,2310.0,0.0
1305500603964170801101,2018,0,0.0,,,
1305500603964170801102,2018,0,0.0,,,
1307550100733150801102,2018,1,,2310.0,2310.0,0.0
1316891702061040901101,2018,0,0.0,,,
1316920400009500801102,2018,1,0.0,2310.0,2310.0,0.0
1319800142406630801101,2018,0,,2320.0,2320.0,
1330244812019310801102,2018,0,0.0,,,
1331340015715060801102,2018,0,0.0,,,
1331700205894810801102,2018,1,0.0,2310.0,2310.0,0.0
1343720401227140801102,2018,0,,,,
1350220900348480801103,2018,0,0.0,,,
1354321806047020801102,2018,1,0.0,2310.0,2310.0,0.0
1358030601934120901102,2018,0,,,,
1361500601051480801102,2018,1,0.0,2310.0,2310.0,0.0
1364101832911030801101,2018,0,1.0,,,
1364820300439370811101,2018,0,0.0,,,
1367501600445480801102,2018,1,1.0,2310.0,-1.0,1.0
1374520400312610801101,2018,1,,2310.0,2310.0,0.0
1383400100709130801101,2018,1,,,,
1387310900716970801102,2018,0,0.0,,,
1387520100886640801102,2018,0,0.0,,,
1401345016705020801101,2018,1,,,,
1404240000966340801101,2018,1,,,,
1406230800251380911101,2018,0,0.0,,,
1410330209069890801102,2018,0,0.0,2310.0,2310.0,
1414650078501190801102,2018,1,0.0,2310.0,2310.0,0.0
1416320100841090801102,2018,1,0.0,2310.0,2310.0,0.0
1428620500846440801102,2018,1,,,,
1431820501485890901102,2018,0,,,,
1431830300485790901101,2018,0,0.0,,,
1431830300485790901102,2018,0,0.0,,,
1432010504359620801102,2018,0,0.0,,,
1432620800769120801102,2018,1,,,,
1434420600233250801102,2018,1,0.0,2310.0,2310.0,0.0
1437909605110000801101,2018,0,0.0,,,
1440007812016210801101,2018,0,0.0,,,
1440951208006320801102,2018,0,,,,
1445750400652510801102,2018,0,0.0,,,
1449710300408120801102,2018,0,0.0,,,
1454250100621420801102,2018,0,0.0,2300.0,2300.0,
1467130901928910801101,2018,0,,,,
1471400900006620801101,2018,1,0.0,2320.0,2320.0,0.0
1471400900006620801102,2018,1,0.0,2320.0,2320.0,0.0
1475300900302610801102,2018,1,0.0,2310.0,2310.0,0.0
1482709686210000801101,2018,0,0.0,,,
1488300601748100801101,2018,1,1.0,2340.0,2340.0,-1.0
1489440700244310801101,2018,0,0.0,,,
1489440700244310801102,2018,0,0.0,,,
1493100100657570901102,2018,0,0.0,,,
1495720500295220811102,2018,1,0.0,2310.0,2310.0,0.0
1495740700395020811102,2018,1,0.0,2310.0,2310.0,0.0
1500890622008210801102,2018,0,0.0,,,
1510761031064210901102,2018,0,0.0,,,
1517966011700070911102,2018,0,0.0,,,
1528430100341600801102,2018,1,0.0,2310.0,2310.0,0.0
1531620100449870801102,2018,0,0.0,,,
1536420800803490801102,2018,0,0.0,,,
1539091008006030911102,2018,0,,,,
1543501203008010811102,2018,0,0.0,,,
1570200600565650901101,2018,0,0.0,2320.0,2320.0,
1570210206609720801101,2018,0,0.0,,,
1570664591028210801101,2018,0,,,,
1572540600408160811101,2018,0,0.0,,,
1577100101025070811102,2018,0,,,,
1577110003125570801101,2018,0,0.0,,,
1577120700425170801101,2018,1,0.0,2310.0,2310.0,0.0
1577910500224830811102,2018,0,0.0,,,
1577940401724130801101,2018,0,0.0,,,
1579740807219590801101,2018,1,,,,
1582950500030580801101,2018,0,0.0,,,
1583050400230960811101,2018,0,0.0,,,
1596630209806370801102,2018,0,0.0,,,
1598720700694450801101,2018,0,,,,
1600261104071100901101,2018,0,0.0,,,
1604130700459220801101,2018,0,0.0,,,
1605430300445240801102,2018,1,0.0,2310.0,2310.0,0.0
1606031701036140801103,2018,0,0.0,,,
1606041503061080901102,2018,0,0.0,2320.0,2320.0,
1606405155510020801103,2018,1,0.0,2000.0,2000.0,-1.0
1609091003056030801101,2018,0,,,,
1619460084305420801102,2018,1,0.0,2310.0,2310.0,0.0
1624250600135480801102,2018,1,1.0,230.0,230.0,-1.0
1630285584052410801102,2018,0,,,,
1631291605045130801102,2018,0,0.0,2310.0,2310.0,
1643661904021040801102,2018,1,,,,
1648204875510050801101,2018,0,1.0,,,
1648341609036070901101,2018,0,0.0,,,
1651530001394060801101,2018,0,0.0,,,
1651530001394060801102,2018,0,0.0,,,
1652403600632170801101,2018,0,1.0,,,
1655220200705180801101,2018,1,,,,
1660630701733940901101,2018,0,0.0,,,
1662820501918170801102,2018,1,1.0,2200.0,2200.0,-1.0
1663303035410000801101,2018,0,0.0,,,
1663540900952980801101,2018,0,0.0,,,
1670990060055610801102,2018,0,1.0,,,
1672730700781860801102,2018,1,,,,
1673130300843400811102,2018,0,,,,
1677510202247180901101,2018,0,,,,
1678420600025630801101,2018,1,0.0,2320.0,2320.0,0.0
1682530800670420801102,2018,1,0.0,2330.0,2330.0,0.0
1684943018500040801102,2018,0,1.0,,,
1692620200846490801102,2018,0,0.0,,,
1693510300108450801101,2018,0,0.0,,,
1696350300689490801101,2018,1,0.0,2310.0,2310.0,0.0
1709000100708220801102,2018,1,0.0,2310.0,2310.0,0.0
1710160096007540901101,2018,0,,,,
1710524891095310801101,2018,0,,,,
1710620700158500801102,2018,1,0.0,2320.0,2320.0,0.0
1711190058309450801101,2018,1,,2310.0,2310.0,0.0
1712050061508990811101,2018,0,,,,
1712710093409810801101,2018,1,0.0,2300.0,2300.0,0.0
1712801042310050801101,2018,0,1.0,,,
1713600980022880801101,2018,0,1.0,,,
1718130100460240911101,2018,0,1.0,,,
1719690058009410801102,2018,1,0.0,2310.0,2310.0,0.0
1720310800268230801101,2018,0,0.0,,,
1726207311910050801102,2018,1,0.0,2310.0,2310.0,0.0
1728708385810000801102,2018,1,,2310.0,2310.0,0.0
1729610300803080801102,2018,1,0.0,2310.0,2310.0,0.0
1734101649910030801102,2018,1,0.0,2320.0,2320.0,0.0
1740643522064010801103,2018,0,,,,
1741240000676080811102,2018,1,0.0,2310.0,2310.0,0.0
1744440500046560801102,2018,1,0.0,2310.0,2310.0,0.0
1746330600860540801102,2018,1,,,,
1747440400138490801102,2018,1,0.0,2310.0,2310.0,0.0
1750165873058310801102,2018,0,,,,
1750480044043710801102,2018,1,1.0,2540.0,-1.0,-1.0
1751700601798750801101,2018,0,0.0,,,
1756430600518520801101,2018,0,1.0,,,
1758810707683780801103,2018,0,,,,
1762420502220130801101,2018,0,,,,
1768910202626020801101,2018,0,0.0,,,
1779500601321060801101,2018,1,0.0,2310.0,2310.0,0.0
1779500602321660801102,2018,0,0.0,2310.0,2310.0,
1786650500468810801101,2018,0,0.0,,,
1798102602849450901101,2018,0,0.0,,,
1800940100739170811101,2018,0,1.0,,,
1801360019425030801102,2018,0,1.0,,,
1809091004026030801102,2018,1,,2310.0,2310.0,0.0
1810150087506760901102,2018,0,,,,
1810355870002810901101,2018,0,0.0,,,
1816541401089070801102,2018,1,0.0,2310.0,2310.0,0.0
1817700603983250801102,2018,0,0.0,,,
1817720000642050811102,2018,1,0.0,2310.0,2310.0,0.0
1822941803012070811101,2018,0,1.0,2540.0,2540.0,
1823000602459870801102,2018,0,0.0,,,
1834642800920850801101,2018,0,0.0,,,
1843357018434090801102,2018,0,1.0,,,
1850900800231890801102,2018,0,1.0,,,
1852310800557550801101,2018,0,0.0,,,
1854610201784930801102,2018,0,1.0,,,
1854610703284230801101,2018,1,0.0,2310.0,2310.0,0.0
1856705820410000811101,2018,0,0.0,,,
1856965016504090801101,2018,0,0.0,,,
1857208541910000811101,2018,0,1.0,,,
1861442801721390801101,2018,0,0.0,,,
1876130900022400801101,2018,1,1.0,2340.0,2340.0,-1.0
1884950500755920801102,2018,0,0.0,,,
1889230602230150801102,2018,0,0.0,2310.0,2310.0,
1895620502483760801101,2018,0,0.0,,,
1895620502483760801102,2018,0,0.0,,,
1903110001641660801101,2018,1,0.0,2310.0,2310.0,0.0
1903110001641660801102,2018,1,0.0,2310.0,2310.0,0.0
1905910200975730801102,2018,1,0.0,2320.0,2320.0,0.0
1906610800392080811101,2018,0,,,,
1910047952015510801101,2018,0,,2320.0,2310.0,
1914400166402630801102,2018,1,0.0,2310.0,2310.0,0.0
1917009855810000811101,2018,1,0.0,2310.0,2310.0,0.0
1918300351710030801101,2018,1,,7750.0,7750.0,-1.0
1919500066102610811101,2018,1,0.0,2310.0,2310.0,0.0
1919500066102610811102,2018,1,0.0,2310.0,2310.0,0.0
1926302608525940801102,2018,0,0.0,,,
1930808579610020801101,2018,0,1.0,,,
1931004696410050901101,2018,0,0.0,,,
1936220501066070801101,2018,0,0.0,,,
1936220501066070801102,2018,0,0.0,,,
1940430500027410811101,2018,1,0.0,2300.0,2300.0,0.0
1950137165010610801102,2018,1,0.0,2330.0,2330.0,0.0
1950920900416270801101,2018,1,0.0,2300.0,2300.0,0.0
1958330000349490801101,2018,0,0.0,,,
1974800800291750801101,2018,1,0.0,2320.0,2320.0,0.0
1974800800291750801102,2018,1,0.0,2320.0,2320.0,0.0
1975140000715240811102,2018,0,,,,
1986820200268210801102,2018,1,0.0,2300.0,2300.0,0.0
1991640700194420911101,2018,0,0.0,,,
2002001597513010801101,2018,0,,,,
2002308150275380801101,2018,1,0.0,2320.0,2320.0,0.0
2002906120305450811101,2018,1,0.0,2310.0,2310.0,0.0
2003608120118010801102,2018,0,0.0,,,
2005606150285840901101,2018,0,0.0,,,
2006112802170880901101,2018,0,0.0,2310.0,2310.0,
2006190802170380801101,2018,0,,,,
2015081321101590801101,2018,1,,,,
2015378713103590801102,2018,0,0.0,,,
2020905180438090801102,2018,1,0.0,2310.0,2310.0,0.0
2021005170041130801102,2018,0,,,,
2022100170972310811101,2018,1,0.0,2310.0,2310.0,0.0
2022491105028010811102,2018,0,0.0,2310.0,2310.0,
2023093478103660801103,2018,1,,,,
2023800180695180801101,2018,1,0.0,2310.0,-1.0,1.0
2023800180695180801103,2018,1,0.0,2310.0,2310.0,0.0
2024031497100980901101,2018,0,,,,
2024708180109990801102,2018,1,0.0,2310.0,2310.0,0.0
2024912012804020801102,2018,1,1.0,2310.0,-1.0,1.0
2025502150389740801101,2018,1,0.0,2310.0,2310.0,0.0
2030106190332740811102,2018,1,0.0,2300.0,2300.0,0.0
2032604180571830801101,2018,1,0.0,2310.0,2310.0,0.0
2035604180572840811101,2018,0,,,,
2035808150205420811102,2018,0,0.0,,,
2040012721103700811102,2018,0,1.0,,,
2040158876101950901102,2018,0,,2310.0,2310.0,
2041071205044070801101,2018,0,0.0,,,
2043705120525500801101,2018,1,0.0,2310.0,2310.0,0.0
2044107508104520801101,2018,0,,,,
2044158848109950801101,2018,0,0.0,,,
2045108160246820901101,2018,0,0.0,,,
2046105120028340901102,2018,0,,,,
2047709867912040801101,2018,0,0.0,,,
2050163546102300801101,2018,1,0.0,2320.0,2320.0,0.0
2051037927101000801101,2018,1,0.0,2310.0,2310.0,0.0
2054048226101370811102,2018,0,0.0,,,
2054095335103130801101,2018,0,0.0,,,
2054121502066020811101,2018,1,0.0,2310.0,2310.0,0.0
2054502100318270801101,2018,0,0.0,,,
2054503012313030801102,2018,1,1.0,4600.0,4600.0,-1.0
2057708140448030801101,2018,0,1.0,,,
2057708140448030801103,2018,0,0.0,,,
2062005120828130801101,2018,1,0.0,2310.0,2310.0,0.0
2062805190532000801102,2018,1,0.0,2310.0,2310.0,0.0
2063020010533030801101,2018,0,0.0,,,
2072011522106740811102,2018,1,0.0,2310.0,2310.0,0.0
2073162196101720801102,2018,0,0.0,,,
2074050508107010801101,2018,1,0.0,2320.0,2320.0,0.0
2082623015701060801101,2018,0,0.0,,,
2082623015701060801102,2018,0,0.0,,,
2082623015701060801103,2018,0,0.0,,,
2085031123103050801102,2018,1,0.0,2310.0,2310.0,0.0
2094085069107950801101,2018,1,0.0,2310.0,2310.0,0.0
2094509150072770811101,2018,0,0.0,2320.0,2320.0,
2094705150998940801101,2018,0,1.0,5700.0,5700.0,
2100003738748000811101,2018,0,0.0,,,
2100008700356560801102,2018,1,0.0,2310.0,2310.0,0.0
2100008742656550811101,2018,0,1.0,4430.0,4600.0,
2100016108112350811102,2018,1,1.0,2310.0,2310.0,0.0
2100055320958450811102,2018,0,,,,
2100062251898030801101,2018,0,,,,
2100067749601990801101,2018,1,0.0,2330.0,2330.0,0.0
2100067759601940801102,2018,1,1.0,2540.0,2540.0,-1.0
2100077146289880801102,2018,1,1.0,4600.0,4600.0,-1.0
2100079716287090801101,2018,1,0.0,2310.0,2310.0,0.0
2100081750176610801101,2018,0,0.0,,,
2100083144492470801102,2018,1,,,,
2100089328145420801102,2018,1,0.0,2310.0,2310.0,0.0
2100099635351750811102,2018,1,0.0,2310.0,2310.0,0.0
2101057210855450811101,2018,0,,,,
2101099635751790801101,2018,0,0.0,2320.0,2320.0,
2101502170193550801101,2018,0,0.0,,,
2102057201855460801101,2018,0,1.0,,,
2104603150753470801101,2018,0,0.0,2330.0,2330.0,
2120031476102980801101,2018,1,,,,
2120031476102980801102,2018,1,,,,
2130270043041210801102,2018,0,0.0,,,
2132902120730410801103,2018,0,0.0,,,
2149501805093030801101,2018,0,0.0,,,
2152103100517150801102,2018,0,,,,
2172207130430430801101,2018,0,0.0,,,
2213160093302040811101,2018,0,0.0,,,
2213710134300100801102,2018,1,,,,
2217820013202620801101,2018,1,0.0,2310.0,2310.0,0.0
2240946146100690801102,2018,0,,,,
2243800180962930811102,2018,0,0.0,,,
2270124181014110801102,2018,0,0.0,,,
2276007170275390801103,2018,0,,,,
2332731009031050801101,2018,0,,,,
2350868613007510801101,2018,0,0.0,2300.0,2300.0,
2360174011110010801101,2018,1,0.0,2320.0,2320.0,0.0
2368254112110090801101,2018,1,,2310.0,-1.0,1.0
2369375012403090801102,2018,0,,,,
2377308140716980801101,2018,0,1.0,,,
2408113434964050801102,2018,0,,,,
2410734152013210801101,2018,0,0.0,,,
2415040066408840811102,2018,0,0.0,,,
2434522018211040801101,2018,0,0.0,,,
2434522018211040801102,2018,0,0.0,,,
2436391509038030801102,2018,0,0.0,2310.0,2310.0,
2443284015405000811102,2018,0,,,,
2450331403051050811102,2018,1,0.0,2310.0,2310.0,0.0
2503901501054060811102,2018,1,1.0,2540.0,2540.0,-1.0
2517379015000090811101,2018,0,0.0,,,
2517900173309780801102,2018,0,0.0,,,
2567329015003090801102,2018,1,,2310.0,2310.0,0.0
2597625019204000801101,2018,0,1.0,,,
2603121905045120801104,2018,1,,,,
2610275015315030801102,2018,0,0.0,,,
2610854662017810801101,2018,0,1.0,,,
2612980079305510801101,2018,0,0.0,2320.0,2320.0,
2613641701059000801102,2018,1,0.0,2340.0,2320.0,-1.0
2632021012512050801101,2018,0,1.0,,,
2640230231009510801102,2018,0,0.0,,,
2690508695005810811101,2018,0,,,,
2704533015004030901102,2018,0,1.0,,,
2710130002501460801101,2018,1,,2310.0,2310.0,0.0
2711520018615090901101,2018,0,,,,
2712610432305220801101,2018,0,0.0,,,
2713970206402140901102,2018,0,0.0,,,
2716321202019010801102,2018,1,0.0,2330.0,2330.0,0.0
2716670279207400801101,2018,0,,,,
2724816017721050901101,2018,0,0.0,,,
2800181507012060801102,2018,0,0.0,,,
2811241201007020801102,2018,1,0.0,2320.0,2320.0,0.0
2823977017401040801101,2018,1,0.0,2310.0,2310.0,0.0
2886327010201030801101,2018,0,0.0,,,
2889527011502070811102,2018,1,0.0,2320.0,2320.0,0.0
2910037955095510801102,2018,0,0.0,,,
2913720085403840801102,2018,1,0.0,2200.0,2200.0,-1.0
2914200019405030801101,2018,1,0.0,2310.0,2310.0,0.0
2916650066006860801102,2018,1,0.0,2320.0,2320.0,0.0
2917960195008110901101,2018,0,0.0,,,
2924172014004020801101,2018,0,,,,
2959117012604050801102,2018,1,,2310.0,2310.0,0.0
2962838018920010901101,2018,0,0.0,,,
2965798013211000801101,2018,0,0.0,,,
2978037013004090801103,2018,1,,4700.0,4700.0,-1.0
2985026011301030801101,2018,1,0.0,2310.0,2310.0,0.0
3000090325105970801101,2018,1,0.0,2310.0,2310.0,0.0
3005201190908540811103,2018,1,1.0,2550.0,2550.0,-1.0
3006806019914090801101,2018,0,0.0,,,
3012606150486950801104,2018,0,1.0,,,
3015360214108450801101,2018,0,0.0,2310.0,2310.0,
3015860014408440801102,2018,1,,0.0,-1.0,-1.0
3019501204042140801101,2018,1,0.0,2310.0,2310.0,0.0
3023006744102420801101,2018,1,,2310.0,2310.0,0.0
3025921703004160801102,2018,0,0.0,,,
3027003150434700801102,2018,0,,,,
3031332927103180801101,2018,1,0.0,2310.0,2310.0,0.0
3033505130434460801102,2018,1,0.0,2310.0,2310.0,0.0
3043007655412010801101,2018,0,0.0,,,
3048661014412090801101,2018,0,,,,
3053094817108440801101,2018,1,,,,
3055235150102470801101,2018,0,1.0,,,
3061296352102500901101,2018,0,,2310.0,2300.0,
3062001597511030801102,2018,0,0.0,,,
3063152807104500801101,2018,1,0.0,2310.0,2310.0,0.0
3064047589108210801101,2018,0,1.0,230.0,230.0,
3067404190957410901101,2018,0,0.0,,,
3068704170947900901101,2018,0,0.0,,,
3070147589108920801101,2018,0,,,,
3071203160479930801102,2018,1,0.0,2310.0,2310.0,0.0
3074105546102770801102,2018,0,0.0,2310.0,2310.0,
3075408160596540801101,2018,0,0.0,,,
3081252010323010901101,2018,0,0.0,,,
3084014989101920901101,2018,0,0.0,,,
3094506160264270801101,2018,0,0.0,,,
3100013343874280901101,2018,0,0.0,,,
3100013343874280901102,2018,0,0.0,,,
3100014523984350801101,2018,1,,,,
3100014523984350801103,2018,1,,,,
3100041042616940901102,2018,0,0.0,,,
3100042542584780801101,2018,1,,2310.0,2330.0,0.0
3100042822692140801102,2018,1,0.0,2310.0,2310.0,0.0
3100046439611890801101,2018,1,,,,
3100046518305130801104,2018,0,0.0,,,
3100059252607860901102,2018,0,0.0,,,
3100061937617740801101,2018,0,,,,
3100083213713920801101,2018,1,0.0,2310.0,2310.0,0.0
3100093225235420801101,2018,1,0.0,2300.0,2300.0,0.0
3100098302611590801101,2018,1,,,,
3100098318711560801101,2018,1,1.0,2340.0,-1.0,-1.0
3101014603179280801101,2018,0,,,,
3101029008147920801101,2018,1,0.0,2310.0,-1.0,1.0
3101032616930520901102,2018,0,0.0,,,
3101084539698500801101,2018,0,0.0,,,
3102059203707860801102,2018,0,0.0,,,
3102089049690780801102,2018,0,0.0,2310.0,2310.0,
3102097936728360801101,2018,0,0.0,,,
3113640311000150801101,2018,0,1.0,,,
3133003150336410801103,2018,1,0.0,2310.0,2310.0,0.0
3140241332005010801101,2018,0,,,,
3140361660040110901102,2018,0,0.0,,,
3146003162810010801101,2018,0,0.0,,,
3146003162810010801102,2018,0,0.0,,,
3149105160496550901101,2018,0,0.0,,,
3161209120301230901101,2018,0,0.0,,,
3163006357110050801102,2018,1,,,,
3167705609610020801102,2018,1,,,,
3205900100427870801102,2018,0,0.0,,,
3210840493409740901101,2018,0,0.0,,,
3234803140536920801101,2018,0,0.0,2320.0,2320.0,
3250408150038240801101,2018,0,,,,
3277507160270660801101,2018,0,0.0,,,
3292047011724060901102,2018,0,,,,
3305502012813040801102,2018,1,0.0,2310.0,2310.0,0.0
3308604140342130801101,2018,1,,,,
3318601302010010801102,2018,1,0.0,2320.0,2320.0,0.0
3345909110302620801102,2018,1,0.0,2310.0,2310.0,0.0
3355551800042140801102,2018,0,,,,
3411305247112020801101,2018,0,0.0,,,
3411305247112020801102,2018,0,0.0,,,
3417930078300420801101,2018,0,,,,
3418840076100700901102,2018,0,0.0,,,
3448911103053050801101,2018,0,0.0,,,
3479059010701010901101,2018,0,0.0,,,
3501504090411010801101,2018,0,0.0,2310.0,2310.0,
3517770388108880801102,2018,1,,,,
3610510092403850801102,2018,0,0.0,,,
3615680049006960801101,2018,1,0.0,2310.0,2310.0,0.0
3615680049006960801102,2018,1,0.0,2310.0,2310.0,0.0
3670691944047010801101,2018,0,,,,
3713680021406850901101,2018,0,0.0,,,
3717600384300230801101,2018,0,0.0,,,
3721505590911050801102,2018,1,0.0,2310.0,2310.0,0.0
3799346017134060801101,2018,0,0.0,2310.0,2310.0,
3819461013213010801102,2018,0,,,,
3821504015211010801101,2018,1,0.0,2310.0,2310.0,0.0
3821504015211010801102,2018,1,0.0,2310.0,2310.0,0.0
3827431907015040811101,2018,0,0.0,,,
3827431907015040811102,2018,0,0.0,,,
3830440394047810801101,2018,0,0.0,2310.0,2330.0,
3830440394047810801102,2018,0,0.0,2310.0,2330.0,
3830441394057810801101,2018,0,0.0,,,
3861009980810030811103,2018,0,,,,
3869105013310010801101,2018,1,0.0,2320.0,2320.0,0.0
3869105013310010801102,2018,1,0.0,2320.0,2320.0,0.0
3906621707006090801101,2018,1,0.0,2300.0,2300.0,0.0
3906758014525010801101,2018,0,0.0,2320.0,2320.0,
3908911106023050801101,2018,1,0.0,2310.0,2320.0,0.0
3911880066308560811101,2018,1,0.0,300.0,430.0,-1.0
3914408073513050801101,2018,0,,,,
3936411604079050801101,2018,0,0.0,,,
3944461908002390801101,2018,0,0.0,,,
4001104130617650801101,2018,0,0.0,,,
4004001130719090801102,2018,0,0.0,,,
4005207150372940801101,2018,0,0.0,,,
4011706150757960801101,2018,1,,,,
4012400150418630801101,2018,1,1.0,0.0,-1.0,-1.0
4012400150418630801102,2018,1,1.0,0.0,-1.0,-1.0
4013048039108510801102,2018,0,0.0,,,
4013811018603020801101,2018,1,0.0,2550.0,2330.0,-1.0
4015907160177170801102,2018,1,0.0,5940.0,5700.0,-1.0
4019621140398580801105,2018,0,0.0,,,
4019650074207710801101,2018,1,0.0,2310.0,2310.0,0.0
4020391106077090801101,2018,1,0.0,2310.0,2310.0,0.0
4020391106077090801102,2018,1,0.0,2330.0,2330.0,0.0
4021060208107490801102,2018,1,0.0,2300.0,2300.0,0.0
4022807190180050811101,2018,1,0.0,2310.0,2310.0,0.0
4023701140998860801102,2018,1,0.0,2300.0,2300.0,0.0
4025708190202440801101,2018,0,0.0,2310.0,2310.0,
4031098817106750801102,2018,1,0.0,2310.0,2310.0,0.0
4032704140737210811101,2018,0,0.0,,,
4034074327101720811101,2018,0,0.0,,,
4041001110627930901101,2018,0,0.0,,,
4041364040104310801102,2018,0,,,,
4042402140056310811101,2018,0,0.0,,,
4043077687100990901101,2018,0,0.0,,,
4048104160298060801101,2018,1,0.0,2310.0,2320.0,0.0
4051407100477750811101,2018,1,0.0,2310.0,2310.0,0.0
4054796358100440801101,2018,1,0.0,2310.0,2310.0,0.0
4057507170174260901102,2018,0,0.0,,,
4058391308058070811101,2018,1,0.0,2320.0,2320.0,0.0
4065373019402060801102,2018,1,0.0,2310.0,2310.0,0.0
4067120160808300801102,2018,0,0.0,,,
4067206130452760801102,2018,0,0.0,,,
4069001100139030801102,2018,0,,,,
4071018732105310801102,2018,1,1.0,4020.0,4020.0,-1.0
4072404150778650801101,2018,1,,,,
4074561148108470801102,2018,0,,,,
4075905190187420801102,2018,1,0.0,2310.0,2310.0,0.0
4083206180172360801102,2018,0,0.0,,,
4085700130642770901101,2018,0,0.0,,,
4087503100972980801102,2018,0,0.0,2320.0,2320.0,
4087700130642700801102,2018,0,0.0,,,
4089906130898600801101,2018,0,1.0,2340.0,2340.0,
4090199091108380911101,2018,0,0.0,,,
4092100160800950811101,2018,1,0.0,2310.0,2310.0,0.0
4092105170842950901102,2018,0,0.0,,,
4094036861102960811101,2018,0,0.0,,,
4095061725101450801101,2018,1,1.0,2540.0,2540.0,-1.0
4095061725101450801102,2018,1,0.0,2320.0,2320.0,0.0
4100000320316720801101,2018,1,0.0,2310.0,2310.0,0.0
4100015033394470801102,2018,1,,,,
4100033720202610801101,2018,0,1.0,,,
4100042121871850801101,2018,1,1.0,2200.0,2200.0,-1.0
4100046400746740801103,2018,1,,,,
4100046409646740801101,2018,1,0.0,2310.0,2310.0,0.0
4100064855875350801102,2018,0,0.0,,,
4100066732419870801101,2018,0,0.0,2330.0,2330.0,
4100072747697760801101,2018,1,0.0,2320.0,2320.0,0.0
4100077345360820801101,2018,1,0.0,2310.0,2310.0,0.0
4100095013828030801102,2018,1,0.0,2310.0,2310.0,0.0
4100097726194610801101,2018,1,0.0,2320.0,2320.0,0.0
4101081440116480801102,2018,0,0.0,2310.0,2310.0,
4105039602972920801101,2018,1,0.0,2330.0,2330.0,0.0
4107020346565880801101,2018,1,0.0,2310.0,2310.0,0.0
4111734012100080801101,2018,1,0.0,2310.0,2310.0,0.0
4122003150434760801101,2018,1,0.0,2320.0,2320.0,0.0
4128009160929300801101,2018,0,0.0,,,
4131003170358160801102,2018,0,0.0,,,
4157471001081050801101,2018,0,1.0,,,
4159900575710050811101,2018,1,,2310.0,2310.0,0.0
4160152956106320801102,2018,1,0.0,2310.0,2310.0,0.0
4161321018201040811102,2018,0,0.0,2310.0,2310.0,
4173104180372150801102,2018,0,0.0,,,
4186507190687070801102,2018,0,0.0,2310.0,2310.0,
4212620154404820801101,2018,0,0.0,2330.0,2330.0,
4229601006021010801102,2018,0,0.0,,,
4244541509034030801101,2018,1,0.0,2320.0,2320.0,0.0
4261424012900040801101,2018,1,0.0,2310.0,2310.0,0.0
4319330165109410801102,2018,0,,,,
4347506669010040801102,2018,1,0.0,2310.0,2310.0,0.0
4348319013212010801101,2018,0,0.0,,,
4368264112110090801101,2018,1,0.0,2320.0,2320.0,0.0
4381212014804040801102,2018,1,0.0,2310.0,2310.0,0.0
4395099011301070801101,2018,0,1.0,,,
4438391306078070801102,2018,0,0.0,,,
4512880036008490801102,2018,0,1.0,,,
4519990080200520801101,2018,0,0.0,,,
4603991302062350801102,2018,0,0.0,2340.0,-1.0,
4608602542311030801101,2018,0,0.0,,,
4713790001109050901102,2018,0,0.0,,,
4723143110110090901101,2018,0,0.0,2310.0,2310.0,
4728205289310050811102,2018,1,0.0,2310.0,2310.0,0.0
4775505650510020801102,2018,0,0.0,,,
4775505650510020801104,2018,0,0.0,,,
4780625015011090901102,2018,0,0.0,,,
4791201865712050801101,2018,0,,,,
4791201865712050801102,2018,0,,,,
4812430057306410811101,2018,0,1.0,,,
4812530057206430811102,2018,1,,,,
4813620023507550811101,2018,1,0.0,2320.0,2320.0,0.0
4817891102089020801101,2018,1,0.0,0.0,2320.0,-1.0
4817891102089020801102,2018,1,1.0,2750.0,2630.0,-1.0
4828025019701010801101,2018,1,0.0,2310.0,2310.0,0.0
4923007655410030801101,2018,1,,,,
4926588015813010811103,2018,0,0.0,,,
4946598015822010801102,2018,0,0.0,,,
5004901557111000811102,2018,0,,2310.0,2310.0,
5010890039307540801101,2018,1,0.0,2310.0,2310.0,0.0
5015061865107400801102,2018,0,,,,
5017800066204710801101,2018,0,0.0,2310.0,2310.0,
5021012492101030801101,2018,0,0.0,,,
5021062522103540801102,2018,1,0.0,2310.0,2310.0,0.0
5027941708067090901101,2018,0,,,,
5029662016704090801102,2018,1,0.0,2310.0,-1.0,1.0
5031353337108440801101,2018,1,1.0,2430.0,2540.0,-1.0
5033053396108440801102,2018,1,1.0,420.0,-1.0,-1.0
5036191704040090811101,2018,1,,2310.0,2310.0,0.0
5036191704040090811102,2018,1,,2310.0,2310.0,0.0
5038907160846300811102,2018,0,0.0,,,
5039709100156580801103,2018,1,0.0,2310.0,2310.0,0.0
5050152715101820801102,2018,0,0.0,,,
5050198829105160901101,2018,0,0.0,,,
5051061806029280801102,2018,0,0.0,2300.0,2300.0,
5052075731105110801101,2018,0,0.0,2310.0,2310.0,
5052075731105110801102,2018,0,0.0,2310.0,2310.0,
5053098844102160801103,2018,1,0.0,2320.0,2320.0,0.0
5054004120310340811101,2018,1,0.0,2310.0,2310.0,0.0
5055198850102160801101,2018,0,0.0,,,
5066004891810040801101,2018,0,0.0,,,
5069108160440530801101,2018,1,0.0,2310.0,2310.0,0.0
5069108160440530801102,2018,1,0.0,2310.0,2310.0,0.0
5069606157710040811101,2018,0,,,,
5070400140583340811101,2018,1,0.0,2320.0,2320.0,0.0
5070400140583340811102,2018,1,0.0,2320.0,2320.0,0.0
5071030332101530801101,2018,1,,,,
5071030332101530801102,2018,1,,,,
5073016849107680801101,2018,1,0.0,2320.0,2320.0,0.0
5075014756104740901101,2018,0,0.0,2300.0,2300.0,
5100000633361550801102,2018,1,0.0,2310.0,2310.0,0.0
5100013206829210901101,2018,0,0.0,,,
5100013206829210901102,2018,0,0.0,,,
5100057058919360801103,2018,1,0.0,2310.0,2310.0,0.0
5100061248309320801101,2018,0,0.0,,,
5100065032529490801101,2018,1,0.0,2300.0,2300.0,0.0
5100089643162870801102,2018,1,0.0,2310.0,2310.0,0.0
5100091900291510811102,2018,0,0.0,,,
5100093558277900801101,2018,1,,2330.0,2330.0,0.0
5101002704531490801101,2018,0,0.0,,,
5101046538173050811103,2018,1,1.0,2000.0,2000.0,-1.0
5101051712656180801101,2018,0,0.0,,,
5102039514012320801101,2018,0,0.0,,,
5102093503977960801101,2018,0,0.0,,,
5105003749302980801102,2018,0,,,,
5107049640544380801102,2018,1,1.0,4600.0,4600.0,-1.0
5119820101406090901104,2018,0,0.0,2310.0,2310.0,
5119906110710280811101,2018,0,0.0,,,
5138141303089090801101,2018,0,,,,
5143103170033430801101,2018,1,0.0,2300.0,2300.0,0.0
5152000663010040801101,2018,1,,,,
5211660082503440801101,2018,1,,,,
5212250960307950801101,2018,0,0.0,2310.0,2310.0,
5214560082203420801102,2018,1,0.0,2310.0,2310.0,0.0
5214800094402820801102,2018,0,0.0,,,
5216660082303460801102,2018,1,,,,
5217580035000670811102,2018,0,0.0,,,
5218702614711020801101,2018,1,,,,
5219550460107970801101,2018,0,0.0,,,
5219691607080280801102,2018,1,,,,
5220409868910000801101,2018,1,0.0,2320.0,2320.0,0.0
5256609120766770801102,2018,0,0.0,,,
5289943016404050801102,2018,1,0.0,2310.0,2310.0,0.0
5318060072209440801102,2018,1,,2310.0,2310.0,0.0
5404151303079610801101,2018,0,0.0,,,
5425209525911040801101,2018,0,1.0,,,
5436471303005000801101,2018,1,,,,
5453253018500000801101,2018,1,,,,
5477902035810040801101,2018,0,0.0,,,
5477902035810040801102,2018,0,0.0,,,
5484406682410010811101,2018,0,0.0,2320.0,2320.0,
5489408513811020901102,2018,0,0.0,,,
5494909012302060901101,2018,0,0.0,,,
5509701090810040801102,2018,1,0.0,2310.0,2310.0,0.0
5510290268105460801102,2018,1,0.0,2300.0,2300.0,0.0
5526821605048000901102,2018,0,,,,
5533971703055290801101,2018,1,,,,
5536471305035600801101,2018,0,0.0,,,
5559007162710000801102,2018,0,,2310.0,2310.0,
5565659014500080801101,2018,0,1.0,,,
5567369015020090801105,2018,0,0.0,,,
5601201920111020811102,2018,0,0.0,,,
5603651103030160801101,2018,1,0.0,2320.0,2320.0,0.0
5618711102036020801102,2018,0,0.0,,,
5644608789710000811101,2018,0,,,,
5655405722512030801101,2018,1,1.0,4400.0,4400.0,-1.0
5674347019101080801101,2018,0,0.0,,,
5712690041201570801101,2018,1,0.0,2310.0,2310.0,0.0
5713891107057350801101,2018,1,0.0,2310.0,2310.0,0.0
5717160097007130801101,2018,1,0.0,2540.0,2310.0,-1.0
5724806556310050801101,2018,1,,,,
5758740016505010801101,2018,1,0.0,2330.0,2330.0,0.0
5801201920112020901101,2018,0,0.0,,,
5804951605021060801102,2018,0,1.0,,,
5806100059311050801102,2018,0,,,,
5818670251306300801102,2018,0,0.0,2320.0,2320.0,
5827991504049090801102,2018,0,0.0,,,
5841761402037030801101,2018,1,0.0,2300.0,2300.0,0.0
5855666011903050811102,2018,0,0.0,,,
5911580008206740801102,2018,1,0.0,2310.0,2310.0,0.0
5917170116306020801102,2018,0,0.0,,,
5927902663610030801102,2018,1,0.0,2310.0,2310.0,0.0
5937451303052020801102,2018,1,0.0,2310.0,2310.0,0.0
5938091007086450901101,2018,0,0.0,,,
5948141303009090801102,2018,1,0.0,2310.0,2310.0,0.0
5998946016903030801101,2018,1,,2540.0,2540.0,-1.0
6010580011002540801102,2018,0,0.0,,,
6021011199101010801101,2018,0,,,,
6021391905040010811101,2018,0,0.0,,,
6024903562210100801101,2018,1,0.0,2320.0,2320.0,0.0
6030010938103140801101,2018,1,,,,
6032008544109030801101,2018,1,,2330.0,2330.0,0.0
6044277198105380901101,2018,0,,,,
6052039842102680801101,2018,0,1.0,,,
6052300485310030801101,2018,1,0.0,2310.0,2310.0,0.0
6052300485310030801102,2018,1,0.0,2310.0,2310.0,0.0
6064003732101730901102,2018,0,0.0,,,
6069402550614030801102,2018,0,0.0,,,
6069402550614030801103,2018,0,0.0,,,
6082013545109270801101,2018,1,0.0,2310.0,2310.0,0.0
6082114981101240801102,2018,0,0.0,,,
6084145019001040901101,2018,0,0.0,,,
6100005240153880801102,2018,1,0.0,2320.0,2320.0,0.0
6100021942666050801102,2018,0,1.0,,,
6100032916173980801103,2018,1,1.0,2340.0,2340.0,-1.0
6100048841278710811102,2018,0,1.0,,,
6100051016328470801101,2018,1,1.0,2310.0,2200.0,1.0
6100068838761740901102,2018,0,0.0,,,
6100089941839680801102,2018,1,,2330.0,2330.0,0.0
6100098755297750901102,2018,0,0.0,,,
6100098813914020901102,2018,0,0.0,,,
6100609515312030801101,2018,0,,,,
6101017826293860801101,2018,0,0.0,,,
6101022736310870801102,2018,1,0.0,2310.0,2310.0,0.0
6101047641199110801101,2018,0,0.0,,,
6101060428334770801102,2018,0,0.0,,,
6101090712496200801102,2018,1,0.0,5860.0,-1.0,-1.0
6101090716896250801102,2018,1,0.0,2310.0,2310.0,0.0
6106038117746720801101,2018,0,,,,
6111710044107740801101,2018,0,,,,
6120750043074610801101,2018,0,0.0,2310.0,2310.0,
6127311017751010901102,2018,0,0.0,2310.0,2310.0,
6162100381510050801102,2018,1,,,,
6225605839010010811101,2018,0,0.0,,,
6234001868913030801102,2018,0,0.0,,,
6271401311011000801101,2018,1,0.0,2330.0,2330.0,0.0
6284645019702040801102,2018,0,0.0,,,
6311969019900090801102,2018,0,,,,
6318590015201250911102,2018,0,0.0,,,
6332331006093150801101,2018,0,0.0,,,
6332841307001010801101,2018,1,0.0,2310.0,2310.0,0.0
6347809900311030801103,2018,1,0.0,2330.0,2330.0,0.0
6359101900011030801102,2018,0,0.0,,,
6368224112100090801101,2018,1,1.0,2550.0,2550.0,-1.0
6410200959410020801101,2018,1,,,,
6414810713405950801102,2018,1,1.0,2550.0,2550.0,-1.0
6423342013904080901102,2018,0,0.0,2310.0,2300.0,
6431541803004060801102,2018,1,,,,
6439606011501050801101,2018,1,0.0,2310.0,2310.0,0.0
6452345017702090801101,2018,1,,,,
6461305016715020811101,2018,0,1.0,,,
6476108341210000801101,2018,1,0.0,2310.0,2310.0,0.0
6489903071310020801102,2018,1,0.0,2310.0,2310.0,0.0
6490003005310020801101,2018,0,0.0,2310.0,2310.0,
6490056011003010801102,2018,0,1.0,,,
6513590079401050801102,2018,0,0.0,,,
6542841603068050901102,2018,0,0.0,,,
6548201710710000901102,2018,0,0.0,2310.0,2310.0,
6548602542310010801101,2018,0,0.0,2310.0,2310.0,
6549051301036030811101,2018,1,0.0,2310.0,2320.0,0.0
6594903562218200801101,2018,0,0.0,2310.0,2310.0,
6605451827077930801102,2018,0,,,,
6611500019105060801101,2018,0,1.0,,,
6621901402010070801101,2018,1,,,,
6624555012201050801102,2018,0,1.0,,,
6631541506049240801101,2018,0,0.0,,,
6633071506072280801101,2018,0,0.0,,,
6637191504028000801102,2018,0,1.0,,,
6643691408069180801101,2018,0,0.0,2320.0,2320.0,
6654002258211000801101,2018,1,0.0,0.0,2300.0,-1.0
6668209704510030801101,2018,0,1.0,8965.0,8950.0,
6727862011001010801101,2018,1,0.0,2310.0,2310.0,0.0
6768864018204090801102,2018,1,,,,
6794901557111020801101,2018,0,0.0,,,
6799366017134060801101,2018,0,,,,
6806965016525090801102,2018,0,1.0,,,
6832841603018050811101,2018,1,0.0,2310.0,2310.0,0.0
6838660019103040801102,2018,1,1.0,0.0,-1.0,-1.0
6841381027000060801102,2018,0,,,,
6842251303080040801102,2018,1,0.0,2300.0,2300.0,0.0
6849611401012060801102,2018,1,,,,
6900023101077510801101,2018,0,1.0,,,
6900023101077510801102,2018,0,1.0,,,
6912370075206070801101,2018,1,0.0,2330.0,2330.0,0.0
6912370075206070801102,2018,1,0.0,2310.0,2310.0,0.0
6916302166410000801102,2018,1,0.0,2300.0,2300.0,0.0
6924003999811000801102,2018,0,0.0,,,
6933104182111000901102,2018,0,0.0,,,
6936908545510040801101,2018,1,,4700.0,4700.0,-1.0
6967604225311100801102,2018,1,,,,
6991305898810030801101,2018,1,1.0,2340.0,2340.0,-1.0
7011509375818010801101,2018,0,0.0,,,
7013005979108620801101,2018,1,0.0,2310.0,2310.0,0.0
7014035610106220801102,2018,1,0.0,2310.0,2310.0,0.0
7019690142509920801101,2018,0,,,,
7021097029106870801102,2018,1,0.0,2310.0,2310.0,0.0
7022186675106810901102,2018,0,,,,
7022385019700040801102,2018,1,0.0,2330.0,2330.0,0.0
7023032519100230801102,2018,0,0.0,,,
7023386638108810801101,2018,0,,,,
7034075428105760801102,2018,1,,,,
7035092866102050901101,2018,0,0.0,,,
7040507754108550901101,2018,0,0.0,,,
7040507754108550901102,2018,0,0.0,,,
7041097418105410901102,2018,0,0.0,,,
7045034331103800801101,2018,1,,2310.0,2310.0,0.0
7050340306107560801102,2018,0,0.0,,,
7051035917106790801101,2018,1,0.0,2320.0,2320.0,0.0
7054040837100870901101,2018,0,0.0,,,
7054040837100870901102,2018,0,0.0,,,
7054185012106980801101,2018,1,0.0,2300.0,2300.0,0.0
7061069548107600801101,2018,0,0.0,,,
7063063936108260801101,2018,1,,2310.0,2310.0,0.0
7070056746107260801101,2018,1,0.0,2310.0,2310.0,0.0
7070240566102470901101,2018,0,,,,
7073957592104120801102,2018,0,0.0,,,
7081021632100050801102,2018,1,0.0,0.0,-1.0,-1.0
7084059848109600801101,2018,1,0.0,2310.0,2310.0,0.0
7084059898105600901102,2018,0,0.0,,,
7100002936389070901102,2018,0,0.0,,,
7100009656251800801102,2018,1,1.0,2310.0,2000.0,1.0
7100025746717540901102,2018,0,1.0,,,
7100026229572140801102,2018,1,0.0,2310.0,2310.0,0.0
7100030427691900801102,2018,1,0.0,2310.0,2310.0,0.0
7100031712490230801102,2018,0,0.0,,,
7100045655758360801101,2018,0,0.0,,,
7100065928380860801102,2018,0,0.0,2310.0,2310.0,
7100070858706750901101,2018,0,0.0,,,
7100070858706750901102,2018,0,0.0,,,
7100080950154350801101,2018,1,0.0,2310.0,2310.0,0.0
7100083506191550911102,2018,0,,,,
7101011832634710801101,2018,0,0.0,2310.0,2310.0,
7101011832634710801102,2018,0,0.0,2310.0,2310.0,
7101024708893590801102,2018,0,0.0,,,
7101030122439960901102,2018,0,,,,
7101065958380860911101,2018,0,0.0,,,
7101065958380860911102,2018,0,0.0,,,
7102833014703070811102,2018,1,0.0,2310.0,2310.0,0.0
7103074008147560801102,2018,0,0.0,2310.0,2310.0,
7103097144563690801101,2018,0,0.0,,,
7106071717913120801103,2018,0,0.0,,,
7111230519003090801102,2018,1,0.0,2310.0,2310.0,0.0
7112031103095640901102,2018,0,1.0,,,
7120716041094610811102,2018,0,,,,
7123301202004060801102,2018,0,0.0,,,
7149606327310030801101,2018,0,0.0,,,
7149606327310030801102,2018,0,0.0,,,
7153361902002060801101,2018,1,0.0,2310.0,2310.0,0.0
7157851003084160901101,2018,0,,,,
7180494019604020801102,2018,1,0.0,2310.0,2310.0,0.0
7182938211614040801101,2018,0,0.0,,,
7185813011603050801102,2018,1,0.0,2300.0,2300.0,0.0
7210760043300340801102,2018,1,,,,
7213640189008860801102,2018,0,0.0,,,
7215540155105240801101,2018,1,,4040.0,4040.0,-1.0
7216640089408860801102,2018,1,0.0,2330.0,2330.0,0.0
7219321106092040901102,2018,0,0.0,,,
7219951608080020801102,2018,0,0.0,,,
7279712010304040901101,2018,0,0.0,,,
7279712010304040901102,2018,0,0.0,,,
7310316911075810801101,2018,0,0.0,,,
7351401304043140801101,2018,1,0.0,2310.0,2320.0,0.0
7361004696410020801102,2018,0,,,,
7389339013503040801101,2018,1,1.0,2430.0,2540.0,-1.0
7432201695610030801101,2018,1,0.0,2310.0,2310.0,0.0
7439419011715090801102,2018,0,,,,
7510840077406360801101,2018,0,,,,
7510991608036020811102,2018,1,1.0,0.0,-1.0,-1.0
7513610098407740801102,2018,1,0.0,2310.0,2310.0,0.0
7528081700092140801102,2018,0,0.0,,,
7540689444043910801101,2018,1,,,,
7564700106911040801103,2018,0,0.0,,,
7601551606045010801102,2018,1,1.0,0.0,-1.0,-1.0
7614810099004670801102,2018,1,,,,
7614820081402680801102,2018,1,0.0,2310.0,2310.0,0.0
7615621506040050801101,2018,0,0.0,,,
7645301049410020801102,2018,1,0.0,2310.0,2310.0,0.0
7645621508030050801102,2018,0,0.0,,,
7656474014000020801101,2018,0,,,,
7670214011701040801102,2018,1,0.0,2310.0,2310.0,0.0
7681831013904040801101,2018,1,0.0,2330.0,2330.0,0.0
7691713017802030801102,2018,1,0.0,2310.0,2320.0,0.0
7708132019425090811101,2018,0,0.0,,,
7719507086910010801101,2018,1,0.0,2310.0,2310.0,0.0
7719507086910010801102,2018,1,0.0,2330.0,2330.0,0.0
7719705922610020801103,2018,1,0.0,2310.0,2310.0,0.0
7730105038310010801102,2018,0,0.0,,,
7737506669010020801102,2018,0,1.0,,,
7740131305095030801102,2018,1,0.0,2300.0,2300.0,0.0
7741411101010000811101,2018,0,0.0,,,
7760883414036910801102,2018,1,,,,
7822521307052010811102,2018,0,0.0,,,
7840091553018410801101,2018,0,0.0,,,
7843441606043020801101,2018,0,0.0,,,
7848991505045050801102,2018,0,0.0,2310.0,2310.0,
7857705609613010801101,2018,1,1.0,0.0,-1.0,-1.0
7876512011403070801102,2018,1,,2310.0,2310.0,0.0
7889135013303010811102,2018,0,0.0,,,
7894586010901070801102,2018,0,,,,
7904213013202070811102,2018,1,0.0,2310.0,2310.0,0.0
7939781703052000901102,2018,0,,,,
7979000837710030901101,2018,0,0.0,,,
7987519019801000801102,2018,1,0.0,2310.0,2310.0,0.0
7989508933611030901101,2018,0,0.0,,,
8002053238100410801102,2018,1,,2310.0,2540.0,1.0
8005204938011040801102,2018,1,0.0,2310.0,2310.0,0.0
8011070219105170801101,2018,1,0.0,2300.0,2300.0,0.0
8012034789106790801101,2018,0,1.0,,,
8012080910100060801101,2018,1,,2310.0,2310.0,0.0
8021022026101960801101,2018,1,0.0,2310.0,2310.0,0.0
8022021710106490801102,2018,1,0.0,2300.0,2300.0,0.0
8022184896103900801101,2018,0,0.0,,,
8023053477103550801101,2018,0,0.0,,,
8031226682101550801102,2018,0,,,,
8033129187100380801102,2018,0,0.0,,,
8034070368102910801102,2018,1,0.0,2310.0,2310.0,0.0
8040052638101230801102,2018,1,0.0,2320.0,2320.0,0.0
8046131703067030811102,2018,0,0.0,,,
8050201702080160801101,2018,0,0.0,,,
8052611003014020811102,2018,1,,,,
8054046190108280801101,2018,0,0.0,,,
8054046190108280801102,2018,0,0.0,,,
8066103747811040801101,2018,1,0.0,2320.0,2320.0,0.0
8066702383510240801102,2018,0,,,,
8067407735610040801101,2018,0,,,,
8070064821105080801102,2018,0,0.0,,,
8083150959107540801101,2018,0,0.0,,,
8089747016602040801102,2018,0,,,,
8095109110100850801101,2018,0,0.0,,,
8095302010203060801101,2018,1,0.0,2320.0,2320.0,0.0
8100005513772870801101,2018,0,0.0,2330.0,2330.0,
8100005949467880801101,2018,1,0.0,2310.0,2310.0,0.0
8100033613129180801102,2018,1,0.0,2310.0,2310.0,0.0
8100036231295310801101,2018,0,,2330.0,2330.0,
8100036231295310801102,2018,0,,2300.0,2300.0,
8100048831130460801101,2018,1,0.0,2320.0,2310.0,0.0
8100060720161520801102,2018,0,,,,
8100071329426550801102,2018,1,0.0,2300.0,2300.0,0.0
8100075524532290801101,2018,1,,,,
8100075524532290801102,2018,1,,,,
8100080000235410801102,2018,0,0.0,,,
8100082438366480801102,2018,1,0.0,2310.0,2310.0,0.0
8100094946175500811101,2018,0,0.0,,,
8101034645366980901102,2018,0,0.0,,,
8101045037658950801102,2018,0,0.0,,,
8107083517888770801102,2018,0,0.0,2310.0,2310.0,
8110049908615760801102,2018,1,0.0,2320.0,2320.0,0.0
8113940034105050901102,2018,0,0.0,,,
8116300064308960801102,2018,1,0.0,2310.0,2310.0,0.0
8117500063500920801102,2018,1,0.0,2300.0,2300.0,0.0
8120161607089140801102,2018,0,0.0,2300.0,2300.0,
8128049905615760801102,2018,0,,,,
8129049905515760801103,2018,0,0.0,2310.0,2310.0,
8130021700008060801101,2018,0,,,,
8154108010202000911101,2018,0,,,,
8164105844510040801102,2018,0,1.0,2550.0,2550.0,
8214805804810020811102,2018,1,0.0,2310.0,2310.0,0.0
8226708396910020801101,2018,1,1.0,0.0,5860.0,-1.0
8228900810610040801105,2018,1,,,,
8239611508085380801101,2018,1,,2320.0,2320.0,0.0
8263786112500040801103,2018,1,1.0,3255.0,3255.0,-1.0
8298956011900050801102,2018,1,0.0,2310.0,2310.0,0.0
8310820029007960901102,2018,0,0.0,,,
8319550611309350801101,2018,0,0.0,,,
8325440016404070801101,2018,0,0.0,2310.0,2310.0,
8338161006099120801101,2018,0,,,,
8363502690812040901102,2018,0,0.0,,,
8380269015734000901102,2018,0,0.0,,,
8404731204075220801102,2018,1,0.0,2310.0,2300.0,0.0
8434671509014030801102,2018,0,0.0,,,
8535250019713010801101,2018,0,0.0,,,
8605102019214040801102,2018,0,0.0,,,
8613860078301250811101,2018,1,0.0,2320.0,2320.0,0.0
8641540019102060801101,2018,1,0.0,2310.0,2310.0,0.0
8646504297410020801102,2018,0,,,,
8657951203011070811101,2018,1,0.0,2320.0,2320.0,0.0
8666509750010010801101,2018,1,0.0,2310.0,2310.0,0.0
8716807752010040901101,2018,0,0.0,,,
8731009209512030901102,2018,0,0.0,,,
8818710045104140801102,2018,1,0.0,2310.0,2310.0,0.0
8869600605810040801103,2018,0,,,,
8895240019513090901101,2018,0,0.0,,,
8910421001088000801101,2018,0,0.0,,,
8911060165305100901102,2018,0,0.0,,,
8913460265505100901101,2018,0,0.0,,,
8935304774011040801101,2018,1,,2320.0,2320.0,0.0
8941721206044020801102,2018,1,0.0,2330.0,2330.0,0.0
9003090166102100801103,2018,1,,2310.0,2310.0,0.0
9003090191106100801101,2018,0,0.0,,,
9012220012404470801102,2018,0,,,,
9012410191500010811101,2018,1,0.0,2320.0,2320.0,0.0
9013057637101770801101,2018,1,0.0,2310.0,2310.0,0.0
9018300019308860811101,2018,0,1.0,,,
9018520211201200901102,2018,0,0.0,,,
9019460021305490801102,2018,0,0.0,,,
9051032222106210801102,2018,1,1.0,4020.0,4020.0,-1.0
9053621015904000801102,2018,1,0.0,2310.0,2310.0,0.0
9054017627101670801102,2018,0,0.0,,,
9061020827101210901101,2018,0,0.0,,,
9061185573103960901102,2018,0,0.0,,,
9063020816100210801101,2018,1,,6260.0,6260.0,-1.0
9070216244102320801102,2018,1,0.0,2330.0,2330.0,0.0
9080185015610060801102,2018,0,0.0,,,
9083036149102230801101,2018,0,0.0,,,
9083036149102230801102,2018,0,0.0,,,
9100001548168820801101,2018,0,0.0,,,
9100008049002760811101,2018,1,0.0,2300.0,2300.0,0.0
9100018540343990801101,2018,1,1.0,2340.0,2340.0,-1.0
9100019718379570801102,2018,0,0.0,,,
9100021752056730811102,2018,1,0.0,2310.0,2310.0,0.0
9100036221222120811101,2018,1,,2310.0,2310.0,0.0
9100036243322150811102,2018,0,0.0,,,
9100046655941060811101,2018,0,0.0,,,
9100050906788160801102,2018,1,0.0,2310.0,2310.0,0.0
9100056151244750801101,2018,1,0.0,2310.0,2310.0,0.0
9100084027502690901102,2018,0,0.0,,,
9100088711110530801102,2018,1,0.0,2310.0,2310.0,0.0
9100089935834040801102,2018,0,,,,
9100414019613020801102,2018,1,,2320.0,2320.0,0.0
9101022152525610801101,2018,0,0.0,,,
9101027725856410801102,2018,0,0.0,,,
9101035902063620801104,2018,1,,,,
9101088136746000801102,2018,0,0.0,2310.0,2310.0,
9101089944587580801102,2018,0,0.0,,,
9103018444533040801101,2018,0,0.0,,,
9103024446979080801103,2018,0,1.0,2540.0,2540.0,
9153928010502090801101,2018,1,0.0,2310.0,2310.0,0.0
9165833011610050801101,2018,1,,,,
9210880070005340801101,2018,1,,,,
9215280070105360801102,2018,0,0.0,2310.0,2310.0,
9216461909082160901101,2018,0,0.0,2320.0,2320.0,
9217802628610010801102,2018,1,0.0,2320.0,2320.0,0.0
9295896013604050801102,2018,0,0.0,,,
9310140020005240801103,2018,1,,,,
9322522011101080801101,2018,1,0.0,2310.0,2310.0,0.0
9415850094103040801101,2018,0,,,,
9459626011533050801101,2018,0,,,,
9462575011232060801101,2018,0,0.0,,,
9501731601013030811103,2018,1,1.0,2540.0,2540.0,-1.0
9509711402014070801102,2018,1,0.0,2310.0,2310.0,0.0
9512851909001460801102,2018,0,,,,
9519690093204820801101,2018,0,0.0,2310.0,2310.0,
9542201003110030801102,2018,0,0.0,,,
9542725017705010801101,2018,1,0.0,2330.0,2330.0,0.0
9542725017705010801102,2018,1,0.0,2310.0,2310.0,0.0
9555405647810030801101,2018,0,0.0,,,
9558011702038020801102,2018,0,,,,
9577233015903070801102,2018,1,0.0,2300.0,2300.0,0.0
9609411525058970801101,2018,0,1.0,2540.0,2540.0,
9641203262210030801102,2018,0,0.0,,,
9660794016100030801103,2018,0,0.0,,,
9711731609003230801102,2018,1,1.0,2310.0,-1.0,1.0
9713040074301440801101,2018,1,0.0,2310.0,2310.0,0.0
9713809570910030801101,2018,1,,,,
9719600078407220801102,2018,1,0.0,2310.0,2310.0,0.0
9720301600045010801102,2018,1,0.0,2330.0,2330.0,0.0
9727107252410010801101,2018,0,0.0,2310.0,2310.0,
9728604865710030801101,2018,0,0.0,,,
9732081904077000801101,2018,0,0.0,,,
9732831802033110901102,2018,0,0.0,,,
9875027010101060901102,2018,0,0.0,,,
9919600143008920801102,2018,0,0.0,,,
9925675010604000801103,2018,0,0.0,,,
9926578015804010801101,2018,1,1.0,0.0,-1.0,-1.0
9934400100710010801101,2018,0,,,,
9934400100710010801102,2018,0,,,,
9966436012602010801101,2018,0,0.0,,,
9980383016600050801102,2018,1,0.0,2310.0,2310.0,0.0
9987329018704090801101,2018,0,0.0,,,
9998605236510040801104,2018,0,,,,
0000787912029411001101,2019,0,1.0,,,
0001104398321231011101,2019,0,0.0,,,
0001105012263710911102,2019,1,0.0,2310.0,2310.0,0.0
0002081797106651001101,2019,0,0.0,,,
0004094878105381001102,2019,0,1.0,,,
0005102584217071011102,2019,0,1.0,,,
0005104679368290901102,2019,1,0.0,0.0,-1.0,-1.0
0005105184217941001101,2019,0,0.0,,,
0005106231611421001101,2019,0,0.0,,,
0006105526274900901102,2019,1,0.0,2300.0,2300.0,0.0
0006108447859131001102,2019,0,0.0,,,
0006109063559011001101,2019,0,0.0,,,
0006109520984631001101,2019,0,,,,
0006109791659001001102,2019,0,,,,
0006109922163871001102,2019,0,0.0,,,
0006109958982180901101,2019,1,0.0,2320.0,2320.0,0.0
0006114265901441001101,2019,0,0.0,,,
0006118272669681001102,2019,0,,,,
0006118672175391001101,2019,0,0.0,,,
0006120859545291001102,2019,0,,2310.0,2310.0,
0006122672175891001101,2019,0,0.0,,,
0006122672175891001102,2019,0,0.0,,,
0008106643006401001101,2019,0,,,,
0008108158359870901101,2019,1,0.0,2320.0,2320.0,0.0
0008112345814601001102,2019,0,0.0,,,
0008508150676311001101,2019,0,1.0,4600.0,4600.0,
0009110054577940901102,2019,1,0.0,2310.0,2310.0,0.0
0009113304657551001102,2019,0,0.0,,,
0014670091028990901102,2019,1,0.0,2310.0,2310.0,0.0
0015602120778221001101,2019,0,1.0,,,
0020146013021011001101,2019,0,0.0,,,
0021084819103330901101,2019,1,0.0,2310.0,2310.0,0.0
0021265102104521001102,2019,0,0.0,,,
0022811403064060911102,2019,1,,,,
0026002110565921001102,2019,0,0.0,,,
0028008150691951011101,2019,0,0.0,,,
0034106110958290901101,2019,1,,2310.0,2310.0,0.0
0035137636101140901101,2019,1,0.0,2320.0,2320.0,0.0
0035231208081050911102,2019,1,0.0,2310.0,2310.0,0.0
0035991302007180911101,2019,1,0.0,2320.0,2320.0,0.0
0040173896100671001101,2019,0,,,,
0040478851048810901101,2019,1,,,,
0040680901047111001102,2019,0,0.0,,,
0041157530101741001101,2019,0,0.0,,,
0041157530101741001103,2019,0,,,,
0042004130875530911101,2019,1,1.0,4600.0,4600.0,-1.0
0045108100261520901102,2019,1,,,,
0055747014702050901101,2019,1,0.0,2310.0,2310.0,0.0
0056706100951021001101,2019,0,0.0,,,
0060127858109121001101,2019,0,0.0,,,
0069500150916301001102,2019,0,0.0,,,
0070701964059010911101,2019,1,0.0,2310.0,2310.0,0.0
0070701964059010911102,2019,1,0.0,2310.0,2310.0,0.0
0072029100196860901101,2019,1,0.0,2310.0,2310.0,0.0
0072029100196860901102,2019,1,0.0,2310.0,2310.0,0.0
0075017283103930901101,2019,1,0.0,2310.0,2310.0,0.0
0077607190508631001101,2019,0,0.0,,,
0077704100951111011102,2019,0,0.0,2310.0,2310.0,
0082050751107380901102,2019,1,0.0,2310.0,2310.0,0.0
0083601100435560911101,2019,1,0.0,2320.0,2320.0,0.0
0086902130921541001101,2019,0,1.0,,,
0089201110741430911101,2019,1,0.0,2310.0,2310.0,0.0
0095015811103031001101,2019,0,1.0,2310.0,2310.0,
0100007920757221001102,2019,0,,,,
0100020823707651001102,2019,0,0.0,,,
0100088418354821001101,2019,0,,,,
0100089445730881001102,2019,0,0.0,,,
0100129946913100901102,2019,1,0.0,2310.0,2310.0,0.0
0101031522699830901101,2019,1,0.0,2320.0,2320.0,0.0
0101033635764670901101,2019,1,0.0,0.0,-1.0,-1.0
0101047738834461001101,2019,0,,,,
0101053605159861001104,2019,0,1.0,,,
0101169799357251001102,2019,0,0.0,,,
0102102397202081001101,2019,0,0.0,,,
0102102397202081001102,2019,0,0.0,,,
0102107548003380901101,2019,1,0.0,2320.0,-1.0,1.0
0102107856187371001101,2019,0,1.0,,,
0102114831233450901101,2019,1,0.0,2310.0,2310.0,0.0
0103039035297861001101,2019,0,0.0,,,
0103101126697581001102,2019,0,0.0,,,
0103103740346371001102,2019,0,0.0,,,
0103113648141640901102,2019,1,1.0,2545.0,2545.0,-1.0
0103603150759451001101,2019,0,0.0,,,
0106107421955580901101,2019,1,,2310.0,2310.0,0.0
0106107421955580901104,2019,1,,5740.0,2545.0,-1.0
0107103460723131001101,2019,0,0.0,,,
0107105896281721001102,2019,0,0.0,,,
0107106028111471001102,2019,0,0.0,,,
0107107088262620901101,2019,1,0.0,2310.0,2310.0,0.0
0107156878358081001101,2019,0,1.0,,,
0107160534534130901101,2019,1,,2300.0,2300.0,0.0
0109102619757651001101,2019,0,0.0,,,
0109102619757651001102,2019,0,0.0,,,
0109102729717841001102,2019,0,0.0,,,
0109103873204540901102,2019,1,0.0,2310.0,2310.0,0.0
0110087974080111001102,2019,0,0.0,,,
0110740016309261001101,2019,0,,,,
0110740016309261001104,2019,0,,,,
0110759453020810911102,2019,1,,,,
0120767045034610911102,2019,1,0.0,2320.0,2320.0,0.0
0120825951047711001102,2019,0,1.0,,,
0124708140906590901102,2019,1,,,,
0130183423057511001101,2019,0,0.0,,,
0141205140852650901101,2019,1,,,,
0142660016924060901102,2019,1,,,,
0143108150606810901101,2019,1,,,,
0160508150251021001101,2019,0,0.0,,,
0172105140779431001101,2019,0,,,,
0174814190542231001101,2019,0,,,,
0180082983025911011102,2019,0,0.0,,,
0196508120972420901102,2019,1,,2555.0,2555.0,-1.0
0200101613090150901102,2019,1,0.0,2330.0,2330.0,0.0
0200101848162141011101,2019,0,0.0,,,
0200102384944550901101,2019,1,0.0,2310.0,2310.0,0.0
0200103667214530911102,2019,1,,,,
0200109837310151001103,2019,0,0.0,2310.0,2310.0,
0200113271854061001102,2019,0,0.0,,,
0201100168353710901102,2019,1,,,,
0201105484121770901101,2019,1,0.0,2310.0,2310.0,0.0
0202101580614111011101,2019,0,0.0,,,
0202102521422561001101,2019,0,,,,
0202603140452431001101,2019,0,0.0,,,
0204101648246680901101,2019,1,0.0,2310.0,2310.0,0.0
0204102767426570901102,2019,1,0.0,2330.0,2330.0,0.0
0204109159505391001102,2019,0,,,,
0205102331443301011102,2019,0,0.0,,,
0205102629079560901101,2019,1,0.0,2310.0,2310.0,0.0
0205104776191230911101,2019,1,0.0,2310.0,2310.0,0.0
0205108948538110911101,2019,1,1.0,2205.0,2205.0,-1.0
0205109426136151001101,2019,0,,5810.0,-1.0,
0205118688396351001102,2019,0,0.0,,,
0206103618049141001102,2019,0,0.0,,,
0206104612917910901101,2019,1,0.0,2310.0,2310.0,0.0
0207103248319520901101,2019,1,0.0,2330.0,2330.0,0.0
0207103248319520901103,2019,1,0.0,2310.0,2310.0,0.0
0208101480867501011102,2019,0,0.0,,,
0208102950334661011101,2019,0,0.0,,,
0208103486369590911102,2019,1,0.0,2310.0,2310.0,0.0
0208103486369590911103,2019,1,,,,
0209102783909301001102,2019,0,0.0,,,
0209108026390371001102,2019,0,0.0,,,
0209109572696001001102,2019,0,0.0,,,
0210114015771031011102,2019,0,0.0,,,
0214860058201231011101,2019,0,0.0,,,
0224003589410041001103,2019,0,0.0,2040.0,2555.0,
0230668245067011011102,2019,0,0.0,,,
0240127572022710901101,2019,1,0.0,2310.0,2310.0,0.0
0242800180386400901101,2019,1,,,,
0250219303074110901101,2019,1,,,,
0250572533028710901101,2019,1,,,,
0250590533048710901101,2019,1,0.0,2310.0,2310.0,0.0
0267757014712091001101,2019,0,,,,
0267757014712091001102,2019,0,,,,
0280183941047211001101,2019,0,0.0,,,
0280397653038710901102,2019,1,0.0,2310.0,2310.0,0.0
0299109721710051001101,2019,0,0.0,,,
0301101840192671001101,2019,0,,,,
0301103785269150911102,2019,1,1.0,4760.0,-1.0,-1.0
0301106944733451001102,2019,0,0.0,,,
0301107611414630901102,2019,1,0.0,2310.0,2310.0,0.0
0301109579636091001102,2019,0,0.0,,,
0301113583082391001101,2019,0,,,,
0302112245930621011101,2019,0,0.0,,,
0302165750696360901102,2019,1,1.0,2545.0,2545.0,-1.0
0303101102016510911102,2019,1,,2330.0,2330.0,0.0
0303114288966950901102,2019,1,,,,
0304107534534131001104,2019,0,,,,
0304107733968641001102,2019,0,0.0,,,
0305102608814690911102,2019,1,,,,
0305108205859891011101,2019,0,,,,
0305116671899271001102,2019,0,0.0,,,
0305123799357551011101,2019,0,1.0,,,
0305149180965571001101,2019,0,0.0,,,
0306103018559650901101,2019,1,0.0,2320.0,2320.0,0.0
0306103018559650901102,2019,1,0.0,2300.0,2300.0,0.0
0306104859545990901102,2019,1,,,,
0306105677480741001103,2019,0,0.0,,,
0306111588317170901101,2019,1,0.0,2310.0,2310.0,0.0
0306120915639421001102,2019,0,,,,
0308104488845400901102,2019,1,1.0,205.0,205.0,-1.0
0308108124902140901101,2019,1,,,,
0308109179965621001101,2019,0,0.0,,,
0308110121901921011101,2019,0,,,,
0309101483566050901104,2019,1,0.0,2310.0,2310.0,0.0
0309104878358980901102,2019,1,,2310.0,2310.0,0.0
0311240048205751001103,2019,0,0.0,,,
0312400117200111001101,2019,0,0.0,,,
0317791507016081001102,2019,0,1.0,,,
0339111103012021011101,2019,0,0.0,,,
0380248503003910911101,2019,1,,2310.0,2310.0,0.0
0380639555076211001101,2019,0,0.0,,,
0400108886735121001101,2019,0,0.0,,,
0401104809502940901101,2019,1,,,,
0401105102016211001101,2019,0,0.0,,,
0401108092529311001102,2019,0,,2300.0,2634.0,
0402102200630561001102,2019,0,0.0,,,
0402109562230161001102,2019,0,,,,
0402115401643441001102,2019,0,1.0,,,
0405103657132681011101,2019,0,,,,
0406113486369090901101,2019,1,0.0,2300.0,2300.0,0.0
0407100692562461001102,2019,0,0.0,,,
0407101529559621001102,2019,0,0.0,,,
0407103648141141011101,2019,0,0.0,,,
0408100705263930901101,2019,1,,2310.0,2310.0,0.0
0408102114229081001101,2019,0,0.0,,,
0408102114229081001102,2019,0,0.0,,,
0408109479160301001101,2019,0,0.0,,,
0408109479160301001102,2019,0,0.0,,,
0408109947018620901101,2019,1,0.0,2310.0,2310.0,0.0
0408112762082160901101,2019,1,,,,
0408117346692851001101,2019,0,0.0,,,
0408119346692051001102,2019,0,1.0,,,
0408127392062831001102,2019,0,0.0,,,
0408132902447890901101,2019,1,0.0,2320.0,2320.0,0.0
0408142290370650901101,2019,1,,,,
0409105391854291001101,2019,0,0.0,,,
0409105391854291001102,2019,0,0.0,,,
0410115754040510911102,2019,1,0.0,2300.0,2300.0,0.0
0410612705012211001102,2019,0,0.0,,,
0413607098010040911102,2019,1,0.0,2310.0,2310.0,0.0
0420626891044810901102,2019,1,0.0,2310.0,2310.0,0.0
0421411600093191001101,2019,0,0.0,,,
0440001624054610911102,2019,1,,,,
0440052335037610901101,2019,1,0.0,2300.0,2300.0,0.0
0440753992066710901104,2019,1,0.0,2300.0,2300.0,0.0
0440921911061611001101,2019,0,,,,
0460377953033410901101,2019,1,0.0,2310.0,2310.0,0.0
0460460441047611001101,2019,0,0.0,,,
0501102200630660901102,2019,1,0.0,2310.0,2310.0,0.0
0501112250633650901102,2019,1,0.0,2330.0,2330.0,0.0
0503106176886760901102,2019,1,0.0,2310.0,2310.0,0.0
0503108178967880901102,2019,1,0.0,2310.0,2310.0,0.0
0503123967176551001101,2019,0,0.0,,,
0504601240811021001101,2019,0,0.0,,,
0505102288525041001101,2019,0,0.0,,,
0505104331443201001102,2019,0,0.0,,,
0506106579636491011101,2019,0,0.0,,,
0506109669455611011102,2019,0,,,,
0510990023203260901101,2019,1,0.0,2360.0,2360.0,-1.0
0510990023203260901102,2019,1,0.0,2320.0,2320.0,0.0
0517090076302170901102,2019,1,0.0,2310.0,2310.0,0.0
0529891101088000901101,2019,1,0.0,2310.0,2310.0,0.0
0540022192037711011101,2019,0,0.0,2310.0,2310.0,
0540036443046511001101,2019,0,0.0,,,
0540359662072110901101,2019,1,,2310.0,2310.0,0.0
0548800674810041001101,2019,0,0.0,,,
0548800674810041001102,2019,0,0.0,,,
0550002432013711011102,2019,0,,,,
0590437501032811001102,2019,0,0.0,2310.0,2310.0,
0605461601087200901101,2019,1,0.0,2310.0,2310.0,0.0
0605461601087200901102,2019,1,0.0,2310.0,2310.0,0.0
0605551205091030901101,2019,1,0.0,2330.0,2330.0,0.0
0608421602052211001101,2019,0,1.0,,,
0611880030402241001101,2019,0,0.0,,,
0640421572050310901101,2019,1,,,,
0640456570050310901101,2019,1,0.0,2310.0,2310.0,0.0
0640456570050310901102,2019,1,0.0,2330.0,2330.0,0.0
0647791502086181001102,2019,0,,,,
0650414255011610901102,2019,1,0.0,2310.0,2310.0,0.0
0680092183025010901102,2019,1,0.0,2320.0,2320.0,0.0
0680801016314001001101,2019,0,0.0,,,
0680881472057811001102,2019,0,1.0,,,
0690004123028210901101,2019,1,1.0,2310.0,-1.0,1.0
0690062122028210901102,2019,1,0.0,2310.0,2310.0,0.0
0700082383025410911102,2019,1,0.0,2310.0,2310.0,0.0
0700932685038511001101,2019,0,0.0,2310.0,2310.0,
0710610210044811011102,2019,0,0.0,,,
0712311702086031001101,2019,0,,,,
0712420069409670901102,2019,1,,,,
0715411107062030901101,2019,1,0.0,2300.0,2300.0,0.0
0730059990028510911101,2019,1,,,,
0730361606048031001101,2019,0,,,,
0750077442020510901102,2019,1,,,,
0750126474058210901101,2019,1,0.0,2310.0,2310.0,0.0
0750126474058210901103,2019,1,0.0,2310.0,2310.0,0.0
0750126474058210901104,2019,1,,,,
0760859705087011001101,2019,0,0.0,2310.0,2310.0,
0760917190037811011101,2019,0,0.0,,,
0770738323067011001101,2019,0,0.0,,,
0778602542312011001101,2019,0,,,,
0780502325070311001101,2019,0,1.0,230.0,230.0,
0790953084060211011102,2019,0,,,,
0800219443035111011101,2019,0,0.0,,,
0800877423070011001102,2019,0,1.0,,,
0810158423047510911101,2019,1,0.0,2310.0,2310.0,0.0
0810270031208640901102,2019,1,0.0,2310.0,2300.0,0.0
0810350870062811011101,2019,0,,,,
0814920039206971001102,2019,0,0.0,,,
0820592303033410901101,2019,1,0.0,2310.0,2310.0,0.0
0820639295037611001101,2019,0,0.0,2310.0,2310.0,
0835231203081151001101,2019,0,0.0,,,
0844641608089291001102,2019,0,1.0,,,
0845921804044001001101,2019,0,1.0,4600.0,4600.0,
0848001208059071001104,2019,0,,,,
0878102018323070901102,2019,1,,,,
0910220548106011001101,2019,0,,,,
0910895441064411001101,2019,0,0.0,,,
0912703091910040901101,2019,1,0.0,1108.0,1006.0,-1.0
0917809900310041011101,2019,0,0.0,,,
0925411100022031011101,2019,0,0.0,,,
0930527141029811001102,2019,0,0.0,,,
0930539152081411001102,2019,0,,,,
0960112410031911011101,2019,0,0.0,,,
0960479744088210901102,2019,1,0.0,2330.0,2330.0,0.0
0970267641030310901101,2019,1,0.0,2310.0,2310.0,0.0
0970958225044311001101,2019,0,1.0,,,
0997444012802071001101,2019,0,0.0,,,
1007420700745250901101,2019,1,0.0,2320.0,2320.0,0.0
1007608120113081001102,2019,0,,,,
1011008160287330901102,2019,1,,,,
1016290061204351011102,2019,0,0.0,,,
1019620400216751001101,2019,0,0.0,,,
1022402180359780901101,2019,1,0.0,2320.0,2320.0,0.0
1025201202016131001101,2019,0,,,,
1025296726105590901101,2019,1,0.0,2320.0,2320.0,0.0
1025800120787740901101,2019,1,0.0,2310.0,2310.0,0.0
1030060811103451001101,2019,0,,,,
1030060811103451001102,2019,0,,,,
1031183526105191001102,2019,0,0.0,,,
1033164819106141001102,2019,0,0.0,,,
1033504140127710901102,2019,1,0.0,2300.0,2300.0,0.0
1040624071038811001101,2019,0,,,,
1041191100073090911102,2019,1,1.0,4540.0,4600.0,-1.0
1045021876105740911101,2019,1,0.0,2310.0,2310.0,0.0
1046640200734101001101,2019,0,,,,
1046640801734100901102,2019,1,,,,
1046700500453341011101,2019,0,1.0,,,
1046720200353641011101,2019,0,,,,
1050402140887691001101,2019,0,0.0,,,
1052604190346010911101,2019,1,0.0,2320.0,2320.0,0.0
1053004120318300901101,2019,1,0.0,2310.0,2310.0,0.0
1057202190646011001101,2019,0,0.0,,,
1062007180639531001102,2019,0,1.0,,,
1062706130089051001101,2019,0,0.0,,,
1063310204352671001101,2019,0,0.0,,,
1070862205086011001101,2019,0,0.0,,,
1072909120529650901102,2019,1,0.0,2310.0,2310.0,0.0
1073104180376161011102,2019,0,1.0,,,
1083190023106981001101,2019,0,,,,
1084200130273841001101,2019,0,,2310.0,2310.0,
1085051766107241011102,2019,0,0.0,,,
1085051796100241001101,2019,0,0.0,,,
1090066036103441001102,2019,0,1.0,,,
1090930801152011011102,2019,0,0.0,,,
1096600900421361001101,2019,0,0.0,0.0,2310.0,
1096650001521661011101,2019,0,0.0,,,
1099340802289141001101,2019,0,0.0,,,
1100006230318080911102,2019,1,,,,
1100006235718081001101,2019,0,,,,
1100020120361021001101,2019,0,,,,
1100029151876160911101,2019,1,0.0,2310.0,2310.0,0.0
1100048750951030901101,2019,1,0.0,2320.0,2320.0,0.0
1100085321889450911101,2019,1,0.0,2310.0,2310.0,0.0
1100086116297431001101,2019,0,1.0,,,
1101035537690660901101,2019,1,1.0,0.0,9620.0,-1.0
1105006715442411001101,2019,0,0.0,,,
1105006719742410911104,2019,1,,,,
1109091004076030911101,2019,1,0.0,2300.0,2320.0,0.0
1112020100111461001101,2019,0,0.0,,,
1112020100111461001102,2019,0,0.0,,,
1113410800712170901102,2019,1,0.0,2310.0,2310.0,0.0
1113910060301240901103,2019,1,1.0,2545.0,2545.0,-1.0
1117250027204731001101,2019,0,,,,
1117310060101231001101,2019,0,0.0,,,
1117630269002531001101,2019,0,0.0,,,
1119190075501411001101,2019,0,0.0,,,
1120765041044611001101,2019,0,,,,
1131291606045031001101,2019,0,0.0,,,
1134900110962070901101,2019,1,0.0,565.0,2320.0,-1.0
1140783994069410901102,2019,1,0.0,2310.0,2310.0,0.0
1140910300747100901102,2019,1,,,,
1141705691310021001101,2019,0,1.0,,,
1142705120526511001102,2019,0,1.0,,,
1143007460810001001101,2019,0,,,,
1146406098110021011101,2019,0,,,,
1153940800295230901102,2019,1,0.0,2310.0,2310.0,0.0
1155605190353740901102,2019,1,,,,
1155910600085501001102,2019,0,,,,
1159520300914831001101,2019,0,,,,
1159530400714930901102,2019,1,,,,
1164640700294821001101,2019,0,0.0,,,
1172230602452830901102,2019,1,0.0,2310.0,2310.0,0.0
1177602160982230901102,2019,1,,,,
1180614555023110901104,2019,1,0.0,2310.0,2310.0,0.0
1210610300427391001101,2019,0,,,,
1212546016313000901101,2019,1,0.0,2300.0,2300.0,0.0
1212720200757240901101,2019,1,,,,
1212730001557441001103,2019,0,0.0,,,
1214020024202781001102,2019,0,1.0,,,
1215080110504050911102,2019,1,0.0,2320.0,2320.0,0.0
1217230090406521001101,2019,0,0.0,,,
1217240900034581001101,2019,0,0.0,,,
1217240900034581001102,2019,0,0.0,,,
1218240050103260901103,2019,1,1.0,0.0,-1.0,-1.0
1220394500024911001102,2019,0,,,,
1221431903006040911101,2019,1,0.0,2310.0,-1.0,1.0
1225421301031071011102,2019,0,,,,
1226230800614651001101,2019,0,0.0,,,
1226230800614651001102,2019,0,0.0,,,
1226257015620020911101,2019,1,0.0,2310.0,2310.0,0.0
1226406098111020901101,2019,1,0.0,2310.0,2310.0,0.0
1244730702638650901101,2019,1,0.0,2310.0,2310.0,0.0
1253450001570431011101,2019,0,0.0,2310.0,2310.0,
1267350100221790901101,2019,1,,,,
1270797080034811001101,2019,0,1.0,,,
1282250600840691011101,2019,0,0.0,,,
1284120500262200911101,2019,1,1.0,230.0,230.0,-1.0
1303900601117580901101,2019,1,0.0,2310.0,2310.0,0.0
1307330100340650901101,2019,1,0.0,2310.0,2310.0,0.0
1311920046106561001102,2019,0,0.0,,,
1314141602083010901101,2019,1,0.0,2310.0,2310.0,0.0
1315900602721360901101,2019,1,,,,
1317281103058060901101,2019,1,0.0,2320.0,2320.0,0.0
1319789015561070911101,2019,1,,,,
1323030400859080911101,2019,1,0.0,2310.0,2310.0,0.0
1338940200226390901102,2019,1,0.0,2310.0,2310.0,0.0
1342000663010001001101,2019,0,0.0,,,
1342000663010001001102,2019,0,0.0,,,
1342909110300651001101,2019,0,,,,
1342909110300651001102,2019,0,,,,
1350889044072911001102,2019,0,0.0,,,
1353330100740130901101,2019,1,0.0,2320.0,2320.0,0.0
1353607190660001001101,2019,0,1.0,,,
1355100500444371011102,2019,0,0.0,,,
1356161503019200901102,2019,1,0.0,2300.0,2300.0,0.0
1364830601139570901101,2019,1,1.0,2545.0,-1.0,-1.0
1367205709010000901102,2019,1,0.0,2310.0,2310.0,0.0
1367502602445180901103,2019,1,0.0,2300.0,2300.0,0.0
1371100500377470901102,2019,1,0.0,2310.0,2310.0,0.0
1393300800271761001101,2019,0,0.0,,,
1394120700240950901102,2019,1,1.0,2435.0,2435.0,-1.0
1395700401675620901101,2019,1,0.0,2310.0,2310.0,0.0
1398040901869401001101,2019,0,0.0,,,
1400459444026610901101,2019,1,,,,
1412640961018480901103,2019,1,1.0,310.0,410.0,-1.0
1412670257004731001101,2019,0,0.0,,,
1413669013200021011101,2019,0,0.0,,,
1420849725082111011101,2019,0,0.0,,,
1428305116511051001101,2019,0,0.0,,,
1428640700946141001101,2019,0,0.0,,,
1428900601787180901101,2019,1,1.0,2545.0,2545.0,-1.0
1432030207259421001101,2019,0,,,,
1432550001855681001101,2019,0,0.0,,,
1432610300969120901101,2019,1,,,,
1436810700892641001102,2019,0,,,,
1438901228610051001101,2019,0,0.0,2310.0,2310.0,
1444102601281861001101,2019,0,0.0,,,
1447600602303470901101,2019,1,1.0,2555.0,2555.0,-1.0
1471410106606321001101,2019,0,0.0,,,
1480235322056511001101,2019,0,0.0,,,
1484410900282241001102,2019,0,0.0,,,
1488140801596040901101,2019,1,0.0,2310.0,2310.0,0.0
1495710500695521011101,2019,0,1.0,,,
1506840200810480901101,2019,1,,2310.0,2310.0,0.0
1507840500034501001101,2019,0,0.0,,,
1509550302695011001101,2019,0,0.0,,,
1512280075207410911102,2019,1,,2310.0,2310.0,0.0
1513480099403051001101,2019,0,0.0,2310.0,2310.0,
1513480286400951001101,2019,0,,,,
1520625620137211001101,2019,0,0.0,,,
1520999970024511001101,2019,0,0.0,,,
1522471106024181001101,2019,0,0.0,2300.0,2300.0,
1529000901975261001101,2019,0,0.0,,,
1530989624084610901103,2019,1,,2300.0,2300.0,0.0
1545320500081620901101,2019,1,0.0,2320.0,2320.0,0.0
1548002260510050901101,2019,1,,,,
1555101748210000911101,2019,1,0.0,2320.0,2320.0,0.0
1557910705783511001101,2019,0,0.0,,,
1558841601039001001101,2019,0,0.0,,,
1560030100259760901102,2019,1,0.0,2310.0,2310.0,0.0
1563330301432201001101,2019,0,0.0,,,
1568430000482861011101,2019,0,,,,
1571120800993350911101,2019,1,0.0,2310.0,2310.0,0.0
1574720301045001001102,2019,0,0.0,,,
1576210202114031001101,2019,0,,,,
1578620200860011011101,2019,0,0.0,,,
1580466990055911001102,2019,0,,,,
1583020400430861001101,2019,0,0.0,,,
1595307150751950901102,2019,1,,2310.0,2310.0,0.0
1599040600484801001101,2019,0,0.0,,,
1599244015910071001101,2019,0,0.0,2320.0,2320.0,
1604440800983710901101,2019,1,,2310.0,2310.0,0.0
1618020200952371011101,2019,0,0.0,2320.0,2320.0,
1618760084205460901101,2019,1,1.0,440.0,440.0,-1.0
1620331907067190901101,2019,1,1.0,2722.0,2722.0,-1.0
1622820800410351011102,2019,0,0.0,,,
1622830601910250901101,2019,1,1.0,2545.0,2545.0,-1.0
1628341609056071001101,2019,0,0.0,,,
1628341609056071001102,2019,0,0.0,,,
1632750100914350901102,2019,1,0.0,2310.0,2310.0,0.0
1636704140737231001104,2019,0,,0.0,4600.0,
1638341605026170901102,2019,1,0.0,2310.0,2310.0,0.0
1651540902394661001102,2019,0,,,,
1651550601294361001102,2019,0,0.0,,,
1663447014020031001106,2019,0,,,,
1670929064035611001101,2019,0,0.0,,,
1675630200671591001102,2019,0,1.0,,,
1677550500747280901102,2019,1,,2310.0,2310.0,0.0
1705900100217841001102,2019,0,0.0,,,
1710505893005310901101,2019,1,0.0,2310.0,2310.0,0.0
1711210065205560911102,2019,1,,,,
1720310202968131001102,2019,0,1.0,,,
1722230501406381001102,2019,0,0.0,2310.0,2310.0,
1741230802976380901101,2019,1,1.0,3255.0,3255.0,-1.0
1743120700408100901102,2019,1,,,,
1746330601760140901101,2019,1,,,,
1756440201518421001101,2019,0,0.0,,,
1756830800375601001101,2019,0,0.0,,,
1756830800375601001102,2019,0,0.0,,,
1762420800520531001101,2019,0,0.0,,,
1768950300026420901101,2019,1,,,,
1771630400922300901101,2019,1,0.0,2320.0,2320.0,0.0
1784030900774160901102,2019,1,0.0,2310.0,2310.0,0.0
1785550500188570901102,2019,1,0.0,2320.0,2320.0,0.0
1790905793044011011101,2019,0,0.0,,,
1797940901018461001101,2019,0,,,,
1797950401018461001103,2019,0,,,,
1798102600249351001101,2019,0,0.0,,,
1814750001242810901101,2019,1,,2310.0,2310.0,0.0
1840294460034611001102,2019,0,1.0,,,
1840744012705081001102,2019,0,1.0,,,
1847030400886481001101,2019,0,0.0,2310.0,2310.0,
1847030400886481001102,2019,0,0.0,2320.0,2320.0,
1849350500880451001101,2019,0,,,,
1854620401184031001102,2019,0,0.0,,,
1854620401184031001103,2019,0,0.0,,,
1859600900901380901102,2019,1,0.0,2320.0,2320.0,0.0
1862740600203750901101,2019,1,0.0,2310.0,2310.0,0.0
1862740600203750901102,2019,1,0.0,2320.0,2320.0,0.0
1866902184410001001102,2019,0,0.0,,,
1870972064028510901101,2019,1,0.0,2310.0,2300.0,0.0
1876120800622601001102,2019,0,0.0,,,
1903120200641561011102,2019,0,0.0,,,
1903130601141660901102,2019,1,0.0,2310.0,2310.0,0.0
1908240900572531001103,2019,0,,,,
1917905141110051001101,2019,0,0.0,,,
1926320700925340901101,2019,1,1.0,2300.0,9121.0,1.0
1929930700161561001101,2019,0,0.0,,,
1933408753710020901101,2019,1,0.0,2310.0,2310.0,0.0
1936200901766270901101,2019,1,1.0,2545.0,2545.0,-1.0
1939091004076031001101,2019,0,,,,
1939091004076031001102,2019,0,,,,
1950120001255130901102,2019,1,1.0,2555.0,2555.0,-1.0
1950900600916870901102,2019,1,0.0,2310.0,2310.0,0.0
1954810301655660901101,2019,1,0.0,2310.0,2310.0,0.0
1960258701045510911104,2019,1,,,,
1971930702894640901101,2019,1,0.0,2310.0,2310.0,0.0
1971930702894640901102,2019,1,0.0,2310.0,2310.0,0.0
1990310900586590901101,2019,1,0.0,2310.0,2310.0,0.0
1994740200962791001102,2019,0,0.0,,,
2002003275108111011101,2019,0,,,,
2002201110911910911101,2019,1,1.0,2320.0,-1.0,1.0
2002203205104111001104,2019,0,0.0,,,
2013108100246061001102,2019,0,,,,
2013250326108551001102,2019,0,,,,
2013502150396630901101,2019,1,0.0,2310.0,2310.0,0.0
2018900140014601001101,2019,0,1.0,,,
2020505150921991001101,2019,0,,,,
2021008612108571001101,2019,0,0.0,2310.0,2310.0,
2022186546104490901101,2019,1,0.0,2320.0,2320.0,0.0
2023016177103001001101,2019,0,0.0,2320.0,2320.0,
2025108666104571011101,2019,0,0.0,,,
2026808393815010901102,2019,1,0.0,2300.0,2300.0,0.0
2028003120600580901103,2019,1,,,,
2030040211105171001101,2019,0,0.0,,,
2031040282100171001102,2019,0,0.0,,,
2032092390106741001103,2019,0,0.0,,,
2036502100516591001101,2019,0,1.0,,,
2041200190666650901102,2019,1,1.0,440.0,2205.0,-1.0
2041604120687411001101,2019,0,0.0,,,
2042029534100601001103,2019,0,,,,
2043027809109921001101,2019,0,0.0,,,
2043305120338930901101,2019,1,,2320.0,2320.0,0.0
2043305120338930901102,2019,1,,2310.0,2310.0,0.0
2048201140753550901101,2019,1,0.0,2310.0,2310.0,0.0
2048205100249680901103,2019,1,,0.0,-1.0,-1.0
2065263033108000901102,2019,1,0.0,2310.0,2310.0,0.0
2070003150307890901102,2019,1,0.0,2310.0,2310.0,0.0
2071074013100460901101,2019,1,0.0,2310.0,2310.0,0.0
2078702180514950901102,2019,1,0.0,2310.0,2310.0,0.0
2085304160991621001101,2019,0,,,,
2085304160991621001102,2019,0,,,,
2085307160179921001101,2019,0,,,,
2091083217105971001102,2019,0,0.0,,,
2091099327103311001101,2019,0,0.0,,,
2092155132105361001102,2019,0,,,,
2093056768102481001102,2019,0,,,,
2095057080103150901102,2019,1,0.0,2310.0,2310.0,0.0
2095283216108971001102,2019,0,,,,
2095609180689740901101,2019,1,0.0,2310.0,2310.0,0.0
2099203100287760901101,2019,1,,2300.0,2300.0,0.0
2100003707648060901102,2019,1,,,,
2100020651943761001101,2019,0,1.0,,,
2100026540750191001102,2019,0,0.0,,,
2100027728399780901102,2019,1,1.0,4600.0,4600.0,-1.0
2100048012556781001101,2019,0,,2310.0,2310.0,
2100055330758441001102,2019,0,,,,
2100059336802441001101,2019,0,,,,
2100059359402440901102,2019,1,0.0,2310.0,2310.0,0.0
2100062220398021001101,2019,0,,,,
2100067308358850911102,2019,1,0.0,2310.0,2310.0,0.0
2100074132614140901101,2019,1,0.0,2310.0,2310.0,0.0
2100083125392470901102,2019,1,0.0,2300.0,2300.0,0.0
2100088448143260911101,2019,1,0.0,2330.0,2330.0,0.0
2100090140361401001101,2019,0,1.0,,,
2100793264047211001101,2019,0,,,,
2101008426398860901102,2019,1,0.0,2310.0,2310.0,0.0
2101015553125061001101,2019,0,0.0,,,
2102010203185661001102,2019,0,0.0,,,
2102026512650120901101,2019,1,,,,
2122083100392460901102,2019,1,,2310.0,2310.0,0.0
2132505130433411001101,2019,0,0.0,,,
2158107140813161001102,2019,0,,,,
2160462742099410901101,2019,1,0.0,2310.0,2310.0,0.0
2179007170275300901102,2019,1,0.0,2310.0,2310.0,0.0
2180483723067610901102,2019,1,0.0,2330.0,2330.0,0.0
2197106100133400901101,2019,1,0.0,2320.0,2320.0,0.0
2197106100133400901102,2019,1,,,,
2208486014002010901102,2019,1,0.0,2310.0,2310.0,0.0
2217112014605001001103,2019,0,0.0,,,
2219711107003060901101,2019,1,0.0,2310.0,2310.0,0.0
2223006357110011001101,2019,0,0.0,,,
2223533016721011001102,2019,0,0.0,,,
2237902663611010901101,2019,1,0.0,2310.0,2310.0,0.0
2240146196108690901102,2019,1,0.0,2300.0,2300.0,0.0
2256809905615010901101,2019,1,0.0,2310.0,2310.0,0.0
2261928016002020901102,2019,1,1.0,2310.0,-1.0,1.0
2275803100846120901102,2019,1,,,,
2309778017604010901101,2019,1,0.0,2310.0,2310.0,0.0
2313430083501541001102,2019,0,0.0,,,
2316701008086001001101,2019,0,,,,
2319660150302630901101,2019,1,0.0,2330.0,2330.0,0.0
2346303139711011001101,2019,0,,,,
2352004677410040901101,2019,1,1.0,2545.0,2545.0,-1.0
2374436016601091001102,2019,0,,,,
2412240109000610901101,2019,1,0.0,2320.0,2320.0,0.0
2416040017505560911102,2019,1,,2320.0,2320.0,0.0
2436271207017011001101,2019,0,,,,
2460784834081711001101,2019,0,0.0,2310.0,2310.0,
2469221214620060901101,2019,1,0.0,2310.0,2310.0,0.0
2510331406071351001101,2019,0,0.0,,,
2511190048402441011101,2019,0,,,,
2519900073109721001101,2019,0,0.0,,,
2524035014703071001102,2019,0,0.0,,,
2544500036811010901101,2019,1,0.0,2310.0,2310.0,0.0
2552508484610021001102,2019,0,0.0,6355.0,2310.0,
2557807632310021011102,2019,0,0.0,,,
2562419216220031001101,2019,0,0.0,,,
2612120010507411001101,2019,0,0.0,,,
2612120010507411001102,2019,0,0.0,,,
2614950003403380901103,2019,1,0.0,2310.0,2310.0,0.0
2630721121005411001101,2019,0,0.0,,,
2637031404023061001101,2019,0,0.0,,,
2654130019603040911101,2019,1,,,,
2655321807054061001101,2019,0,0.0,2310.0,2310.0,
2655321807054061001102,2019,0,0.0,2310.0,2310.0,
2663908652010010901102,2019,1,,,,
2668485017323000901102,2019,1,0.0,2310.0,2310.0,0.0
2714930089302621001101,2019,0,,,,
2715030087200041011101,2019,0,1.0,,,
2716030315101440901101,2019,1,0.0,2310.0,2310.0,0.0
2716701006076001001103,2019,0,0.0,,,
2736704644410021001101,2019,0,0.0,,,
2737906007910021011102,2019,0,0.0,,,
2749419019003021001101,2019,0,0.0,,,
2776828012301050901101,2019,1,0.0,2310.0,2310.0,0.0
2795301267311011001102,2019,0,1.0,,,
2801687017903091001102,2019,0,0.0,,,
2823987017402041011102,2019,0,0.0,,,
2832400923516031001102,2019,0,0.0,,,
2832400923516031001103,2019,0,1.0,,,
2840681409055051001101,2019,0,,,,
2870670019102030901101,2019,1,0.0,2330.0,2330.0,0.0
2887022018211070901102,2019,1,,,,
2911800119305000911101,2019,1,0.0,2310.0,2310.0,0.0
2914620985013890901103,2019,1,0.0,2320.0,2320.0,0.0
2917460095508170911101,2019,1,0.0,2310.0,2310.0,0.0
2933773014612080901102,2019,1,,,,
2934403707410021001102,2019,0,0.0,,,
2955685010605000901101,2019,1,0.0,2310.0,2310.0,0.0
2990068810207011001102,2019,0,0.0,2310.0,2310.0,
3004081432103451001102,2019,0,0.0,,,
3019008190894500901101,2019,1,1.0,2360.0,2360.0,-1.0
3022403190839300901101,2019,1,,,,
3024084216108480911102,2019,1,,2310.0,2310.0,0.0
3032508160579450901101,2019,1,0.0,2320.0,2320.0,0.0
3033205376108340901101,2019,1,0.0,2320.0,2320.0,0.0
3036006100687340901102,2019,1,,,,
3051165040104740901102,2019,1,,,,
3051165056102741001101,2019,0,1.0,,,
3065096380101501001101,2019,0,0.0,,,
3069703110678951001101,2019,0,,,,
3073150820100990911101,2019,1,1.0,0.0,-1.0,-1.0
3084384328101461001101,2019,0,0.0,,,
3085184780108931001101,2019,0,0.0,,,
3088403150640851011102,2019,0,0.0,2310.0,2310.0,
3100007232434661001102,2019,0,0.0,,,
3100009805845261001101,2019,0,1.0,,,
3100016943848180901102,2019,1,,,,
3100027408374360901101,2019,1,,2310.0,2310.0,0.0
3100043706210691001102,2019,0,1.0,,,
3100056241277310911101,2019,1,0.0,2310.0,2310.0,0.0
3100083230113941011102,2019,0,0.0,,,
3101098301311591001102,2019,0,0.0,,,
3104059238807850901102,2019,1,,,,
3110169010014311001104,2019,0,0.0,2300.0,2300.0,
3111600150523201001102,2019,0,0.0,,,
3118911101093751011101,2019,0,,,,
3132131801085031011101,2019,0,,,,
3141109110363480901101,2019,1,0.0,2004.0,2004.0,-1.0
3142902130022560911102,2019,1,,,,
3148603581510011001102,2019,0,0.0,,,
3148603581510011001103,2019,0,0.0,,,
3151400100873350901102,2019,1,0.0,2310.0,2310.0,0.0
3159909130837601001101,2019,0,1.0,,,
3161804256910031011101,2019,0,,,,
3163001100133030901101,2019,1,1.0,2300.0,-1.0,1.0
3169106170727810901101,2019,1,0.0,2310.0,2310.0,0.0
3180454019603021001102,2019,0,0.0,,,
3215301049411050901101,2019,1,0.0,2310.0,2310.0,0.0
3220011606044071011101,2019,0,,,,
3220897754016010901104,2019,1,1.0,2545.0,2545.0,-1.0
3239501201092741001101,2019,0,0.0,,,
3240931207000011001102,2019,0,,,,
3244602170415071011102,2019,0,0.0,,,
3280305160726090901103,2019,1,0.0,2310.0,-1.0,1.0
3305207844311051001101,2019,0,0.0,,,
3307803015112001001101,2019,0,,,,
3314951609054031001102,2019,0,0.0,,,
3316870462415810901101,2019,1,0.0,2320.0,2320.0,0.0
3319321404021061001102,2019,0,0.0,,,
3325708160166220901101,2019,1,1.0,0.0,-1.0,-1.0
3325708160166220901103,2019,1,1.0,0.0,-1.0,-1.0
3350071103001000901101,2019,1,0.0,2310.0,2310.0,0.0
3350071103001000901102,2019,1,0.0,2310.0,2310.0,0.0
3352202190646000901103,2019,1,0.0,2310.0,2310.0,0.0
3352741600045060911102,2019,1,0.0,2320.0,2320.0,0.0
3354406682410030911101,2019,1,0.0,2310.0,2310.0,0.0
3356001203086200901102,2019,1,1.0,1108.0,1108.0,-1.0
3417640276000770901103,2019,1,0.0,2310.0,2310.0,0.0
3489469011714090901102,2019,1,,,,
3511770788108831001101,2019,0,,,,
3520111207080021011101,2019,0,1.0,,,
3541721607018050901101,2019,1,0.0,2310.0,2310.0,0.0
3550854611098910901102,2019,1,,,,
3610180071309761001102,2019,0,0.0,,,
3610294011761040901103,2019,1,,,,
3636801400047351001102,2019,0,0.0,,,
3651305247111021001101,2019,0,0.0,,,
3660254011701040911102,2019,1,0.0,2310.0,2310.0,0.0
3671159012303051001101,2019,0,0.0,,,
3676737010961050901101,2019,1,0.0,2320.0,2320.0,0.0
3676737010961050901102,2019,1,0.0,2300.0,2300.0,0.0
3684905180152601001103,2019,0,0.0,,,
3699451014902010901102,2019,1,0.0,2320.0,2320.0,0.0
3727600281510011001101,2019,0,0.0,,,
3733831707014170901102,2019,1,0.0,2320.0,2320.0,0.0
3786306080310011001102,2019,0,0.0,,,
3801300019425031001101,2019,0,0.0,,,
3803505110111051001102,2019,0,,,,
3913590042406750911101,2019,1,,,,
3930108017612051001102,2019,0,,,,
3930442134030811001101,2019,0,1.0,,,
3935921701054060901102,2019,1,0.0,2320.0,2320.0,0.0
3937431901015040901102,2019,1,0.0,2310.0,2310.0,0.0
4000604140347141011101,2019,0,,,,
4002601110840401001102,2019,0,0.0,,,
4005707150165871001102,2019,0,,,,
4007504160739461001102,2019,0,,,,
4013347966102990901101,2019,1,0.0,4710.0,4710.0,-1.0
4018402160648900901101,2019,1,0.0,2310.0,-1.0,1.0
4021201500076181001102,2019,0,0.0,,,
4026251500076010901102,2019,1,0.0,2310.0,2310.0,0.0
4030074335100721001101,2019,0,0.0,,,
4030085486101971001102,2019,0,0.0,,,
4032045332103810901101,2019,1,1.0,2861.0,-1.0,-1.0
4033182146109190901102,2019,1,1.0,2435.0,2545.0,-1.0
4033501508089031001102,2019,0,,,,
4037271409053031011101,2019,0,0.0,,,
4040125926105821001101,2019,0,0.0,2310.0,2310.0,
4043001110620901001101,2019,0,0.0,,,
4044064017106311001101,2019,0,,,,
4044064017106311001102,2019,0,,,,
4045160721103331001102,2019,0,0.0,2310.0,2310.0,
4049604120684450901101,2019,1,,,,
4051800150966060911102,2019,1,0.0,2300.0,2300.0,0.0
4052013295101660901101,2019,1,0.0,2320.0,2320.0,0.0
4059205170130500901102,2019,1,0.0,2320.0,2320.0,0.0
4059403170974230901105,2019,1,0.0,2320.0,2310.0,0.0
4061103190606060911101,2019,1,,,,
4061708170577430901101,2019,1,0.0,2300.0,2300.0,0.0
4065052936108321011103,2019,0,0.0,,,
4065109120002121001102,2019,0,1.0,,,
4066700078710050911101,2019,1,0.0,2310.0,2310.0,0.0
4069209120302261001102,2019,0,,,,
4072063568102081001102,2019,0,0.0,,,
4072800140138011001102,2019,0,0.0,,,
4077806110466311001102,2019,0,0.0,,,
4078802100098050901102,2019,1,,2310.0,2310.0,0.0
4079104160008931001101,2019,0,1.0,2310.0,2310.0,
4081095236100511011101,2019,0,1.0,,,
4082073012614061001101,2019,0,0.0,2310.0,2310.0,
4082502120548851001101,2019,0,0.0,,,
4083404100582501001102,2019,0,0.0,2310.0,2310.0,
4084095230100510901101,2019,1,0.0,2300.0,2300.0,0.0
4093621015901000901101,2019,1,,5730.0,5860.0,-1.0
4094116498100200901101,2019,1,0.0,2320.0,2320.0,0.0
4100021736378350911101,2019,1,0.0,2310.0,2310.0,0.0
4100039600787380901102,2019,1,0.0,2300.0,2300.0,0.0
4100057648187781001101,2019,0,,,,
4100066045824401001102,2019,0,1.0,,,
4100074824506780901101,2019,1,,2320.0,2320.0,0.0
4100081621128401011102,2019,0,0.0,2300.0,2300.0,
4100081623328400901101,2019,1,0.0,2310.0,2310.0,0.0
4100096945914101001101,2019,0,,,,
4101001207072740901101,2019,1,0.0,2310.0,2310.0,0.0
4101074806706761001101,2019,0,0.0,,,
4101083331737770901102,2019,1,0.0,2310.0,2310.0,0.0
4101094317056330901102,2019,1,0.0,2310.0,2310.0,0.0
4103016418834050901101,2019,1,,,,
4120801150165721001102,2019,0,0.0,,,
4129905180438011001101,2019,0,0.0,,,
4146721806021070901102,2019,1,0.0,2310.0,2310.0,0.0
4150908140958921001101,2019,0,0.0,2310.0,2310.0,
4150908140958921001102,2019,0,0.0,2310.0,2310.0,
4152922017623031001102,2019,0,0.0,,,
4153001100492480901101,2019,1,0.0,2330.0,2330.0,0.0
4156777013904011001102,2019,0,0.0,,,
4204106190664271001101,2019,0,0.0,,,
4204106190664271001102,2019,0,0.0,,,
4214890162103331001101,2019,0,0.0,,,
4216820052301661001102,2019,0,0.0,,,
4217120045206930901101,2019,1,1.0,2545.0,2545.0,-1.0
4217641202037000901101,2019,1,,,,
4221873015302030911101,2019,1,0.0,2310.0,2310.0,0.0
4236131400034701001102,2019,0,,,,
4252400190098880901101,2019,1,0.0,2310.0,2310.0,0.0
4273709884312041001101,2019,0,,,,
4278025010114060901102,2019,1,0.0,2310.0,2310.0,0.0
4282279013202010901102,2019,1,0.0,2350.0,2350.0,-1.0
4283303404110031001101,2019,0,,,,
4283509477210041001101,2019,0,0.0,2320.0,2320.0,
4284503012310040901101,2019,1,,,,
4288635018613041001102,2019,0,0.0,,,
4300740410056310901102,2019,1,0.0,2310.0,2310.0,0.0
4313071902030061001101,2019,0,,,,
4332803140488611001102,2019,0,0.0,2320.0,2320.0,
4368404190958460901101,2019,1,0.0,2330.0,2330.0,0.0
4368708385810030901101,2019,1,,2310.0,2310.0,0.0
4368708385810031001102,2019,0,1.0,,,
4383573017000051001101,2019,0,,,,
4383921018601020901102,2019,1,,,,
4401181706041150901101,2019,1,0.0,2320.0,2320.0,0.0
4401181706041150901102,2019,1,0.0,2310.0,2310.0,0.0
4404809170038721001102,2019,0,,,,
4406441603084171001101,2019,0,0.0,,,
4418800006303641001101,2019,0,,,,
4438851401000080901101,2019,1,,,,
4448391308038271001103,2019,0,,,,
4464999012300061001101,2019,0,0.0,2320.0,2320.0,
4480601337414000901101,2019,1,,,,
4504807806011021001101,2019,0,0.0,,,
4505213011004051001101,2019,0,,,,
4513960265409161001102,2019,0,0.0,,,
4519430071504590911102,2019,1,0.0,2300.0,2300.0,0.0
4521530012502020911101,2019,1,0.0,2310.0,2310.0,0.0
4605951802059250901101,2019,1,0.0,2310.0,2310.0,0.0
4612511016405050901101,2019,1,0.0,2310.0,2310.0,0.0
4613610926019451001101,2019,0,0.0,,,
4613610926019451001102,2019,0,0.0,,,
4615610926019461001101,2019,0,0.0,,,
4618200201006441001101,2019,0,0.0,,,
4623971809081270901103,2019,1,,2310.0,2320.0,0.0
4633991305092050901102,2019,1,1.0,0.0,-1.0,-1.0
4639131303089011001101,2019,0,0.0,,,
4648841301082020911101,2019,1,,2320.0,2320.0,0.0
4651291304048190911103,2019,1,1.0,5240.0,5240.0,-1.0
4676747010961051001101,2019,0,0.0,,,
4678729015401001001102,2019,0,0.0,,,
4714614011905061001101,2019,0,0.0,,,
4814351002008071001101,2019,0,,,,
4820438010611071001102,2019,0,,,,
4844271905099200901101,2019,1,,,,
4847041500097331001103,2019,0,,,,
4858602542310041001102,2019,0,0.0,,,
4910484534141610901101,2019,1,0.0,2310.0,2310.0,0.0
4918331001032080901102,2019,1,1.0,2205.0,2205.0,-1.0
4933709884313041001102,2019,0,,,,
4935226018601071001101,2019,0,1.0,,,
4943723014612080901102,2019,1,0.0,2300.0,2300.0,0.0
4948470019903031001101,2019,0,,,,
4948470019903031001102,2019,0,,,,
4970500499810030901101,2019,1,0.0,2310.0,2310.0,0.0
5010270103208861011104,2019,0,0.0,,,
5011031262104820901104,2019,1,,2300.0,2300.0,0.0
5013037517108191001101,2019,0,,,,
5013840049201440901103,2019,1,,2310.0,2310.0,0.0
5018340049101460901102,2019,1,0.0,2320.0,2320.0,0.0
5019650015009981001102,2019,0,0.0,,,
5021061807019081001102,2019,0,,,,
5021272495103551001101,2019,0,0.0,,,
5024012480101031001102,2019,0,0.0,,,
5031906180231410901101,2019,1,,,,
5040078161107120911101,2019,1,0.0,2320.0,2320.0,0.0
5040078161107120911102,2019,1,0.0,2320.0,2320.0,0.0
5042109317106140901101,2019,1,,,,
5047103170036480901101,2019,1,0.0,2310.0,2310.0,0.0
5047103170036480901102,2019,1,0.0,2310.0,2310.0,0.0
5049509100253680901101,2019,1,0.0,2310.0,2310.0,0.0
5053069574100371001101,2019,0,0.0,,,
5054152722105821001102,2019,0,0.0,,,
5054408150031270901101,2019,1,1.0,2310.0,-1.0,1.0
5056006180034391011101,2019,0,0.0,,,
5063142210100210901102,2019,1,0.0,2310.0,2310.0,0.0
5063704026210050901102,2019,1,0.0,2310.0,2310.0,0.0
5064003644110000901101,2019,1,0.0,2310.0,2310.0,0.0
5071503110215430901101,2019,1,0.0,2320.0,2320.0,0.0
5072081115108441011101,2019,0,0.0,,,
5072081115108441011102,2019,0,0.0,,,
5073014731105740901102,2019,1,0.0,2320.0,2320.0,0.0
5073131836103781001102,2019,0,0.0,2310.0,2310.0,
5074274378106401001101,2019,0,0.0,,,
5084000426105381001102,2019,0,0.0,,,
5085306190650841011102,2019,0,0.0,,,
5092106100133480901102,2019,1,0.0,2310.0,2310.0,0.0
5093504120366281011101,2019,0,,,,
5094224912100341001102,2019,0,0.0,,,
5100005500928610901102,2019,1,,,,
5100006319032581001101,2019,0,0.0,,,
5100044630227090901101,2019,1,0.0,2330.0,2330.0,0.0
5100061230909300901101,2019,1,0.0,2310.0,2310.0,0.0
5100061248109310911102,2019,1,0.0,2320.0,2320.0,0.0
5100062828920890901101,2019,1,0.0,2320.0,2320.0,0.0
5101046522073030901103,2019,1,0.0,2310.0,2310.0,0.0
5101061330264230901101,2019,1,0.0,2320.0,2320.0,0.0
5102018218215420901102,2019,1,,,,
5103044945794681001103,2019,0,1.0,,,
5104093534677951001103,2019,0,0.0,,,
5114904150570091011102,2019,0,0.0,,,
5117620278309431001102,2019,0,,,,
5136607180370121011101,2019,0,1.0,,,
5151221203054041001101,2019,0,1.0,,,
5151221203054041001102,2019,0,1.0,,,
5164503012310001001101,2019,0,,,,
5214003644110021011102,2019,0,0.0,,,
5221153014702051011101,2019,0,,,,
5281804140503850901101,2019,1,0.0,2310.0,2310.0,0.0
5313730654104310901102,2019,1,,2310.0,2310.0,0.0
5336251005042111001101,2019,0,,,,
5336251005042111001102,2019,0,,,,
5380754017400061001101,2019,0,0.0,2310.0,2310.0,
5429203176212030901101,2019,1,0.0,2310.0,2310.0,0.0
5429203176212030901102,2019,1,0.0,2310.0,2310.0,0.0
5474105975010000901102,2019,1,0.0,2310.0,2310.0,0.0
5481341019500050901102,2019,1,,0.0,-1.0,-1.0
5484003644111010911101,2019,1,,2310.0,2310.0,0.0
5504861302004080911101,2019,1,0.0,2310.0,2310.0,0.0
5508108099510041011102,2019,0,0.0,,,
5515690168305451001101,2019,0,0.0,,,
5517710053408790901102,2019,1,,,,
5519880127100831001101,2019,0,0.0,,,
5521027019051001001101,2019,0,0.0,2300.0,2300.0,
5531500012505020911103,2019,1,,,,
5540741302003021011102,2019,0,0.0,,,
5552300485310000911101,2019,1,0.0,2320.0,2320.0,0.0
5610390062202641001101,2019,0,0.0,,,
5610580046503550901101,2019,1,0.0,2320.0,2320.0,0.0
5610580046503550901102,2019,1,0.0,2320.0,2320.0,0.0
5612030085404711011102,2019,0,0.0,2310.0,2310.0,
5676160018313061001101,2019,0,,,,
5787902663610020901103,2019,1,,,,
5829611705044081001101,2019,0,,,,
5845391009051161001101,2019,0,0.0,,,
5848551905049161001105,2019,0,,,,
5869155013301010911102,2019,1,,,,
5916860137408640901101,2019,1,0.0,2300.0,-1.0,1.0
5918009222610040911101,2019,1,,,,
5918940027109550901102,2019,1,0.0,2310.0,2310.0,0.0
5922203458712031001101,2019,0,0.0,,,
5922203458712031001103,2019,0,,,,
5929342015704071001103,2019,0,0.0,,,
5931403257012031011102,2019,0,0.0,,,
5938202709410001001101,2019,0,0.0,,,
5938202709410001001102,2019,0,0.0,,,
5974206153610020901101,2019,1,0.0,2310.0,2310.0,0.0
6003066857107941001101,2019,0,,,,
6017580011002511011102,2019,0,0.0,,,
6022080712100540911101,2019,1,0.0,2310.0,2310.0,0.0
6030019336101371001101,2019,0,,,,
6042004136101980901101,2019,1,,,,
6061307210103991001101,2019,0,0.0,2310.0,2300.0,
6063056958109220901102,2019,1,0.0,2310.0,2310.0,0.0
6064067940107640911102,2019,1,0.0,2320.0,2320.0,0.0
6070064811106510901102,2019,1,0.0,2320.0,2320.0,0.0
6074073567107741001101,2019,0,,,,
6083065084100280901103,2019,1,0.0,2310.0,2310.0,0.0
6085124406109681001101,2019,0,0.0,,,
6091433882105881001101,2019,0,,,,
6093012919103960901103,2019,1,0.0,2320.0,2320.0,0.0
6094027522105440901102,2019,1,0.0,2300.0,2300.0,0.0
6094036741107890911101,2019,1,0.0,2320.0,2320.0,0.0
6100006928767591001101,2019,0,0.0,,,
6100014723823530901101,2019,1,0.0,2320.0,2320.0,0.0
6100014754523540911102,2019,1,,,,
6100022756810830901102,2019,1,0.0,2310.0,2310.0,0.0
6100025644026971001102,2019,0,,,,
6100051019628431001101,2019,0,0.0,,,
6100076220300080901102,2019,1,0.0,2300.0,2300.0,0.0
6100092433359391001101,2019,0,1.0,,,
6100098828290461001101,2019,0,0.0,,,
6101020841227680901103,2019,1,,,,
6101076252479560911102,2019,1,,,,
6102003316349520901102,2019,1,1.0,630.0,-1.0,-1.0
6102090645947791001101,2019,0,,2310.0,2310.0,
6102503653013000901102,2019,1,0.0,2300.0,2300.0,0.0
6111650062105641001102,2019,0,0.0,,,
6125544019602041001102,2019,0,,,,
6126845017804071001101,2019,0,1.0,,,
6144703640312001001101,2019,0,,,,
6146704861310001001101,2019,0,0.0,2310.0,2310.0,
6146704861310001001102,2019,0,1.0,2310.0,2310.0,
6151501833910051001102,2019,0,0.0,,,
6154503649010040901102,2019,1,0.0,0.0,350.0,-1.0
6168102456810051011102,2019,0,0.0,,,
6174398688107141001102,2019,0,0.0,,,
6211805976012001001102,2019,0,0.0,,,
6216804294712001001101,2019,0,0.0,2310.0,2310.0,
6216804294712001001102,2019,0,0.0,2310.0,2310.0,
6217650255004281001102,2019,0,1.0,,,
6227203418513030901101,2019,1,0.0,2320.0,2320.0,0.0
6231200402912000901101,2019,1,0.0,2310.0,2310.0,0.0
6231200402912000901102,2019,1,0.0,2310.0,2310.0,0.0
6240114406102180901103,2019,1,0.0,2310.0,-1.0,1.0
6243551902010181001101,2019,0,0.0,,,
6243551902010181001102,2019,0,0.0,,,
6282068016702010901102,2019,1,1.0,2545.0,2545.0,-1.0
6285754016900020901101,2019,1,0.0,2310.0,2310.0,0.0
6286544014001020901102,2019,1,0.0,2300.0,2300.0,0.0
6311401806042091001101,2019,0,0.0,2320.0,2320.0,
6315630299302801001102,2019,0,0.0,,,
6370213501088910901102,2019,1,0.0,2310.0,2310.0,0.0
6389768017602010901102,2019,1,0.0,2310.0,2310.0,0.0
6416401144811200901101,2019,1,0.0,2310.0,2310.0,0.0
6417270082207120901101,2019,1,0.0,2320.0,2320.0,0.0
6418850014301741001101,2019,0,0.0,,,
6419720085105321001101,2019,0,0.0,,,
6419870282307131001103,2019,0,0.0,,,
6423509324912000901103,2019,1,,,,
6424821801065110901101,2019,1,1.0,440.0,440.0,-1.0
6430941703056070901102,2019,1,,2310.0,2310.0,0.0
6484743015503011001102,2019,0,0.0,,,
6491403588710040901101,2019,1,1.0,4600.0,4600.0,-1.0
6501009980810011011101,2019,0,,,,
6510000037504560901101,2019,1,1.0,1006.0,1050.0,-1.0
6519690079001080901102,2019,1,0.0,2330.0,2330.0,0.0
6544809396611001001101,2019,0,,,,
6547307632510010901101,2019,1,,2310.0,2310.0,0.0
6557907355911010901102,2019,1,0.0,2310.0,2310.0,0.0
6569605895513031001101,2019,0,,,,
6652251017202071001101,2019,0,0.0,,,
6658848017402000911101,2019,1,1.0,2320.0,-1.0,1.0
6664903562219101001102,2019,0,0.0,,,
6715909795912050901101,2019,1,0.0,2320.0,2320.0,0.0
6716406000312000901101,2019,1,0.0,2310.0,2310.0,0.0
6716406000312000901104,2019,1,0.0,2310.0,2310.0,0.0
6717002678312001001101,2019,0,,,,
6717140624100141011102,2019,0,0.0,,,
6721509159910020901103,2019,1,,2310.0,2310.0,0.0
6730208299810000901102,2019,1,0.0,2320.0,2320.0,0.0
6814760009203430901101,2019,1,,,,
6817840141409811001102,2019,0,0.0,,,
6841021407089141001101,2019,0,0.0,2320.0,2320.0,
6841241911061581001101,2019,0,0.0,,,
6849441417045431001103,2019,0,1.0,,,
6856102820412001001102,2019,0,0.0,,,
6904601019104011001102,2019,0,,,,
6907549019802001011102,2019,0,,,,
6910309961010041011101,2019,0,0.0,,,
6913450076500650901101,2019,1,1.0,2310.0,7010.0,1.0
6913450076500650901102,2019,1,0.0,2320.0,2320.0,0.0
6916043018900000901102,2019,1,0.0,2310.0,2310.0,0.0
6923981607069071001103,2019,0,,,,
6924703640312001001103,2019,0,0.0,,,
6933104182111001001101,2019,0,0.0,2320.0,2320.0,
6960227703065510901101,2019,1,0.0,2320.0,2320.0,0.0
6960227703065510901102,2019,1,0.0,2320.0,2320.0,0.0
6973105495110041001102,2019,0,1.0,,,
7002069784101560901102,2019,1,,,,
7003179247107501001101,2019,0,0.0,2300.0,2300.0,
7009212016125050901101,2019,1,,2205.0,2205.0,-1.0
7013105939106620901101,2019,1,0.0,2310.0,2310.0,0.0
7013248296108350901102,2019,1,0.0,2310.0,2310.0,0.0
7015105934105620901101,2019,1,,,,
7016750069100551001101,2019,0,0.0,2320.0,2320.0,
7017230053404520901104,2019,1,0.0,2310.0,2310.0,0.0
7020111496103810901102,2019,1,0.0,2310.0,2310.0,0.0
7031692861101050901101,2019,1,0.0,2310.0,2310.0,0.0
7034062321101750911102,2019,1,,,,
7044034352104800901102,2019,1,0.0,2330.0,2330.0,0.0
7044096370103830901101,2019,1,,,,
7044168015105141001103,2019,0,0.0,,,
7051135946104791001101,2019,0,,,,
7051222010322011001103,2019,0,0.0,2310.0,2320.0,
7053126821103951001101,2019,0,0.0,,,
7063614010020060901101,2019,1,1.0,2545.0,2545.0,-1.0
7068402160510011001102,2019,0,0.0,,,
7068402160510011001103,2019,0,0.0,,,
7071357565102121001102,2019,0,0.0,,,
7071457505107121001101,2019,0,0.0,,,
7072257514106121001101,2019,0,1.0,,,
7078937019002011001101,2019,0,0.0,,,
7091025869107270901101,2019,1,0.0,2310.0,2310.0,0.0
7100003459067110901101,2019,1,0.0,2310.0,2310.0,0.0
7100018918296791001102,2019,0,0.0,,,
7100021608939261001102,2019,0,0.0,,,
7100021630739231001101,2019,0,0.0,,,
7100021630739231001103,2019,0,,,,
7100021639639231001102,2019,0,0.0,,,
7100030747527721001101,2019,0,0.0,,,
7100040029635381001101,2019,0,,,,
7100041406175711001101,2019,0,0.0,,,
7100048106345181001102,2019,0,0.0,,,
7100074043847570901101,2019,1,0.0,2310.0,2310.0,0.0
7100074043847570901102,2019,1,0.0,2310.0,2310.0,0.0
7100075510709930901101,2019,1,0.0,2310.0,2310.0,0.0
7100075510709930901102,2019,1,0.0,2310.0,2310.0,0.0
7100075526309921011102,2019,0,0.0,,,
7100079529076600911101,2019,1,0.0,2310.0,2310.0,0.0
7100079529076600911102,2019,1,0.0,2310.0,2310.0,0.0
7100085730700570901102,2019,1,0.0,2310.0,2310.0,0.0
7100086806354310911103,2019,1,,,,
7101025705117590901102,2019,1,0.0,2310.0,2310.0,0.0
7101030426391900901101,2019,1,0.0,2310.0,2310.0,0.0
7101050624513191001102,2019,0,0.0,,,
7112031106015540901102,2019,1,,,,
7124235017102071001101,2019,0,1.0,,,
7131795011412081001101,2019,0,0.0,,,
7160306725110041001102,2019,0,0.0,,,
7162404617010030901101,2019,1,,,,
7218991705096071001101,2019,0,0.0,,,
7224600101410041001102,2019,0,1.0,,,
7228805723610010901101,2019,1,0.0,2310.0,2310.0,0.0
7238321011613041001101,2019,0,0.0,,,
7265724016925020901101,2019,1,0.0,2330.0,2330.0,0.0
7292077011724061001101,2019,0,0.0,,,
7324121308036050901101,2019,1,0.0,2330.0,2330.0,0.0
7329534013201031001102,2019,0,0.0,,,
7351905623110031001101,2019,0,0.0,,,
7403411009053461001101,2019,0,0.0,,,
7410701834010020901102,2019,1,0.0,2330.0,2330.0,0.0
7515211702007450901102,2019,1,,2310.0,2310.0,0.0
7524291303057050911101,2019,1,0.0,2310.0,2310.0,0.0
7536984015005021001101,2019,0,0.0,,,
7553007655410031001101,2019,0,1.0,,,
7629141706044040901101,2019,1,0.0,2310.0,2310.0,0.0
7629141706044040901102,2019,1,0.0,2310.0,2310.0,0.0
7635198013001040901101,2019,1,1.0,5100.0,4940.0,-1.0
7639971303065020901102,2019,1,1.0,136.0,136.0,-1.0
7650485014904030901102,2019,1,0.0,2330.0,2330.0,0.0
7713303404110031001102,2019,0,0.0,,,
7765822010410090901102,2019,1,1.0,0.0,-1.0,-1.0
7768016014713051001101,2019,0,0.0,,,
7780706801511031001102,2019,0,0.0,,,
7822441603059050901101,2019,1,0.0,2320.0,2320.0,0.0
7824991406021091001102,2019,0,0.0,,,
7851786012612081001102,2019,0,1.0,2205.0,2205.0,
7901115014904011001102,2019,0,0.0,2310.0,2310.0,
7912620275000021001102,2019,0,0.0,2310.0,2310.0,
7916902432310031001102,2019,0,,,,
7928205634510011001102,2019,0,0.0,,,
7964132014020020901101,2019,1,0.0,2310.0,2310.0,0.0
7978010012004040901102,2019,1,1.0,2310.0,4350.0,1.0
8003016978105570901101,2019,1,0.0,2310.0,2310.0,0.0
8011920059105751001101,2019,0,0.0,,,
8014065072103430901102,2019,1,,,,
8019152012205040901102,2019,1,,,,
8043055319106871001101,2019,0,0.0,,,
8070041236108231001102,2019,0,1.0,,,
8072045830105261011101,2019,0,0.0,,,
8072056320105541001101,2019,0,,,,
8081135742109881001101,2019,0,,,,
8100025759443640911102,2019,1,,,,
8100039545264981001101,2019,0,1.0,,,
8100045025358981001102,2019,0,0.0,,,
8100075852631451001101,2019,0,0.0,,,
8100094937649970901101,2019,1,1.0,0.0,-1.0,-1.0
8101005503272861001101,2019,0,,,,
8101041232440561001101,2019,0,0.0,2310.0,2310.0,
8101064435182510901102,2019,1,0.0,2310.0,2310.0,0.0
8120021706308061001104,2019,0,0.0,2300.0,2300.0,
8121049900715760901101,2019,1,1.0,2555.0,2555.0,-1.0
8130421902062020911101,2019,1,0.0,2310.0,2310.0,0.0
8135611503013171001102,2019,0,0.0,,,
8140503212712030901103,2019,1,,,,
8175958010403021001102,2019,0,0.0,2310.0,2310.0,
8211603034210040901102,2019,1,,2310.0,2310.0,0.0
8214970433306071001101,2019,0,0.0,2310.0,2310.0,
8215700807610010901102,2019,1,1.0,7700.0,7700.0,-1.0
8217110141309311001102,2019,0,0.0,2310.0,2310.0,
8229158015621040901101,2019,1,0.0,2300.0,2310.0,0.0
8270056326100540901103,2019,1,0.0,2310.0,2310.0,0.0
8280217026100020901101,2019,1,0.0,2320.0,2320.0,0.0
8280217026100020901102,2019,1,0.0,2320.0,2320.0,0.0
8287704066910030901101,2019,1,0.0,2310.0,2310.0,0.0
8287704066910030901102,2019,1,0.0,2310.0,2310.0,0.0
8313110030506040901102,2019,1,0.0,2320.0,2320.0,0.0
8345803725510021001101,2019,0,,,,
8354402196010031001102,2019,0,0.0,,,
8380608106314141001101,2019,0,,,,
8416601978415141001101,2019,0,0.0,,,
8418400333401901001102,2019,0,0.0,,,
8476401144810041001102,2019,0,0.0,,,
8512720084305711001101,2019,0,0.0,,,
8512720084305711001102,2019,0,0.0,,,
8514220084405731001101,2019,0,0.0,,,
8515270124401641001101,2019,0,1.0,,,
8544306175710041001101,2019,0,0.0,,,
8564456015005041011101,2019,0,0.0,,,
8565304774012041001102,2019,0,,,,
8602471703057071001102,2019,0,0.0,2310.0,2310.0,
8604350015505070901101,2019,1,0.0,2310.0,2310.0,0.0
8618620022304740901101,2019,1,0.0,2310.0,2310.0,0.0
8619820022404791001102,2019,0,0.0,,,
8624056014402041011102,2019,0,0.0,,,
8638851108019130901103,2019,1,0.0,2300.0,2300.0,0.0
8648848017403000901101,2019,1,0.0,2300.0,2300.0,0.0
8711601703410011001101,2019,0,0.0,,,
8714150001008981011101,2019,0,0.0,,,
8717900015304170901102,2019,1,0.0,2310.0,2310.0,0.0
8734001887911041001102,2019,0,0.0,,,
8748152019403090901101,2019,1,,2320.0,2320.0,0.0
8748152019403090901103,2019,1,0.0,2320.0,2320.0,0.0
8771509011501021001101,2019,0,0.0,,,
8816770087104661001102,2019,0,,,,
8841401003013031001101,2019,0,0.0,2310.0,2310.0,
8851350019400031001101,2019,0,,,,
8854242019602010901101,2019,1,,,,
8883542014414071001101,2019,0,0.0,,,
8885806043213141001101,2019,0,0.0,,,
8912506830310011001101,2019,0,0.0,,,
8923405206210020911101,2019,1,,,,
8925908147911001001101,2019,0,0.0,,,
8933243015505010901102,2019,1,0.0,2330.0,2330.0,0.0
9005392010202061001104,2019,0,1.0,,,
9011057682100771001101,2019,0,0.0,,,
9015131436103660901101,2019,1,0.0,2310.0,2310.0,0.0
9024043996100641001101,2019,0,,,,
9032078479100321001101,2019,0,0.0,,,
9035777014702051001102,2019,0,0.0,,,
9043861601015080911103,2019,1,,,,
9047591202034051001102,2019,0,0.0,,,
9050232296101211001101,2019,0,0.0,,,
9055070380100150901101,2019,1,0.0,2310.0,2310.0,0.0
9055070380100150901102,2019,1,0.0,2310.0,2310.0,0.0
9058202471310040901102,2019,1,0.0,2320.0,2320.0,0.0
9062062536101770901101,2019,1,0.0,2310.0,2310.0,0.0
9062903025310020901101,2019,1,0.0,2310.0,2310.0,0.0
9063111413108341001102,2019,0,1.0,,,
9070055935101071011102,2019,0,0.0,,,
9083633018002060901102,2019,1,0.0,2310.0,2310.0,0.0
9094096627101700901102,2019,1,0.0,2310.0,2310.0,0.0
9100010043133781001102,2019,0,0.0,,,
9100011141916711001102,2019,0,0.0,,,
9100027418134830901101,2019,1,0.0,2310.0,2310.0,0.0
9100075221106550911101,2019,1,1.0,4600.0,4600.0,-1.0
9100095026251581001102,2019,0,0.0,2310.0,2320.0,
9101001648724481001104,2019,0,,2555.0,2555.0,
9101018528243971001102,2019,0,0.0,,,
9101035903963620901102,2019,1,0.0,2320.0,2320.0,0.0
9102018442533040901102,2019,1,,,,
9102064044546981001101,2019,0,,,,
9103090505368260901101,2019,1,1.0,440.0,440.0,-1.0
9116240193406041001105,2019,0,,,,
9117321014305090901101,2019,1,0.0,2320.0,2320.0,0.0
9126420011302061001101,2019,0,0.0,2300.0,2300.0,
9163305966010041001101,2019,0,1.0,,,
9163305966010041001102,2019,0,1.0,,,
9202071011603030911101,2019,1,0.0,2310.0,2310.0,0.0
9264635019702041001102,2019,0,1.0,,,
9282324010602050911101,2019,1,,,,
9284003644110021001101,2019,0,0.0,,,
9298938015501071001102,2019,0,0.0,,,
9302209893713040901101,2019,1,,2320.0,2320.0,0.0
9316671101058021001102,2019,0,1.0,,,
9351705926912041001101,2019,0,,,,
9366605415912040901101,2019,1,0.0,2310.0,2310.0,0.0
9373534013704080911101,2019,1,,,,
9393027019002091001101,2019,0,,2300.0,2300.0,
9416580034504561001101,2019,0,,,,
9419680034404511011101,2019,0,0.0,,,
9430581807089011001101,2019,0,,,,
9453621407037291011101,2019,0,0.0,,,
9459411504078071011102,2019,0,0.0,2320.0,2320.0,
9497222015800031001102,2019,0,1.0,5940.0,5940.0,
9502404617011000901102,2019,1,0.0,2320.0,2320.0,0.0
9506651702030071011102,2019,0,,,,
9549705387010030901101,2019,1,,,,
9549705387010030901102,2019,1,,,,
9553902280710041001102,2019,0,0.0,,,
9564819018025050901102,2019,1,0.0,2320.0,2320.0,0.0
9589130017914080901102,2019,1,0.0,2330.0,2330.0,0.0
9589130017914081001101,2019,0,0.0,,,
9601261607056000901101,2019,1,,,,
9609831904046061001102,2019,0,0.0,,,
9612680215000711001101,2019,0,0.0,,,
9613970215409250901102,2019,1,0.0,2310.0,2310.0,0.0
9614980115000711001103,2019,0,0.0,,,
9618680015300751001101,2019,0,0.0,,,
9618680015300751001102,2019,0,0.0,,,
9637921808053130901101,2019,1,0.0,2310.0,2310.0,0.0
9637921808053130901102,2019,1,0.0,2310.0,2310.0,0.0
9637921809063131001103,2019,0,,,,
9710850497411920901101,2019,1,,,,
9715640274301441001104,2019,0,0.0,,,
9819620154300331001102,2019,0,0.0,,,
9864606306310020901102,2019,1,,,,
9873225013004061011101,2019,0,0.0,2320.0,2320.0,
9894536010903071001101,2019,0,0.0,,,
9906061701066151001102,2019,0,0.0,,,
9911980081102841001101,2019,0,0.0,,,
9914700190303211001101,2019,0,1.0,,,
9914700190303211001102,2019,0,0.0,,,
9915758013261000911101,2019,1,0.0,2310.0,2310.0,0.0
9916031404074051001101,2019,0,0.0,,,
9917050011401411001101,2019,0,0.0,2320.0,2320.0,
9923601008037021001101,2019,0,0.0,,,
9930691803069061001101,2019,0,,,,
9966788014505011001101,2019,0,,,,
0003001130715001101101,2020,1,0.0,2310.0,2310.0,0.0
0004160227483151101102,2020,0,0.0,,,
0006103641086191101101,2020,1,0.0,2310.0,2310.0,0.0
0006107441509341101102,2020,1,0.0,2310.0,2310.0,0.0
0006111068775041101101,2020,1,0.0,2310.0,2310.0,0.0
0006804180166921201102,2020,0,0.0,2310.0,2310.0,
0008107405347361101102,2020,1,0.0,2310.0,2310.0,0.0
0008500435211021101101,2020,0,0.0,,,
0008500435211021101102,2020,0,0.0,,,
0009113586981651101102,2020,0,,,,
0011093693101351101101,2020,0,0.0,0.0,2310.0,
0012309160285311101101,2020,1,0.0,2330.0,2330.0,0.0
0012309160285311101102,2020,1,0.0,2320.0,2320.0,0.0
0013093638101351211102,2020,0,0.0,,,
0013260111100301101101,2020,1,0.0,2310.0,2310.0,0.0
0013260111100301101102,2020,1,0.0,2310.0,2310.0,0.0
0022811404074061101102,2020,1,1.0,2300.0,7750.0,1.0
0030184714021111101102,2020,1,0.0,2310.0,2310.0,0.0
0034084718100101101101,2020,1,,2310.0,2310.0,0.0
0034141068107801201102,2020,0,,,,
0035037646109141111102,2020,1,0.0,2310.0,2310.0,0.0
0035921802034101111101,2020,0,0.0,,,
0038518160576491101101,2020,1,0.0,2310.0,2310.0,0.0
0040452850038811201101,2020,0,,,,
0050729621035511101101,2020,1,0.0,2310.0,2310.0,0.0
0061191322105901201101,2020,0,1.0,,,
0064085512105901101101,2020,1,0.0,2310.0,2310.0,0.0
0070915190186401101101,2020,1,0.0,2555.0,2555.0,-1.0
0072006180076751101101,2020,1,0.0,2310.0,2310.0,0.0
0091304190275631101101,2020,1,0.0,2310.0,2310.0,0.0
0094012238105651101102,2020,1,1.0,2310.0,4720.0,1.0
0096342019802091101101,2020,1,0.0,2310.0,2310.0,0.0
0096342019802091101102,2020,1,0.0,2320.0,2320.0,0.0
0100069108339411101101,2020,1,1.0,440.0,2555.0,-1.0
0100069143739441201102,2020,0,,,,
0101047714434421201101,2020,0,0.0,,,
0102118534534131101101,2020,0,0.0,,,
0102122642652641101102,2020,1,,2310.0,2310.0,0.0
0102146380067771201102,2020,0,0.0,2310.0,2310.0,
0103109314080301101102,2020,1,0.0,2310.0,2310.0,0.0
0103121746757331101101,2020,0,0.0,,,
0105118657520391101101,2020,1,,,,
0105148750696861101101,2020,0,0.0,2320.0,2320.0,
0106111270127341201102,2020,0,0.0,,,
0106117054577341101101,2020,0,0.0,,,
0107109535340691101102,2020,0,0.0,,,
0107129158359571101102,2020,1,,,,
0108101053263131201101,2020,0,0.0,,,
0109101655960001101101,2020,1,0.0,2310.0,2310.0,0.0
0109107176596501101101,2020,0,0.0,,,
0118103120484101101101,2020,0,0.0,,,
0120708041064611101103,2020,1,,2545.0,2545.0,-1.0
0130603843051211101102,2020,1,,,,
0145921806024001101101,2020,0,,,,
0150276262045411101102,2020,0,1.0,,,
0157206190686601101102,2020,0,1.0,,,
0160503190692321101101,2020,1,0.0,2320.0,2320.0,0.0
0160503190692321101102,2020,1,0.0,2310.0,2310.0,0.0
0161500150911351101102,2020,1,0.0,2310.0,2310.0,0.0
0170453182045111101101,2020,1,0.0,2310.0,2310.0,0.0
0172809140479351201101,2020,0,0.0,2320.0,2320.0,
0180414724087611101101,2020,0,0.0,2320.0,2320.0,
0180414724087611101102,2020,0,0.0,2310.0,2310.0,
0181907120039581201102,2020,0,0.0,,,
0190524540023011101101,2020,1,0.0,2330.0,2330.0,0.0
0197105170848951101102,2020,0,0.0,,,
0200115913169701101101,2020,0,0.0,2310.0,2330.0,
0200677821088211101101,2020,0,0.0,,,
0201100783909701111101,2020,1,0.0,2310.0,2310.0,0.0
0201103304347131101101,2020,1,0.0,2310.0,2310.0,0.0
0203105735627231101101,2020,1,0.0,2310.0,2310.0,0.0
0203111145247051101101,2020,0,0.0,,,
0204101998693101101101,2020,1,0.0,2330.0,2330.0,0.0
0206114371808941101102,2020,1,0.0,2310.0,2310.0,0.0
0207101466961521101101,2020,0,0.0,,,
0207101763254821101101,2020,1,,2300.0,2300.0,0.0
0207103237478181101102,2020,0,1.0,,,
0207103943450621101101,2020,1,0.0,2310.0,2310.0,0.0
0207103943450621101102,2020,1,0.0,2320.0,2320.0,0.0
0208102270800091101102,2020,1,,2320.0,2320.0,0.0
0208103865265631101102,2020,0,0.0,,,
0213709884312051111102,2020,0,,,,
0214403150594191101101,2020,1,0.0,2310.0,2310.0,0.0
0215250043303161111102,2020,1,0.0,2310.0,2310.0,0.0
0230554450012711111101,2020,1,0.0,2310.0,2310.0,0.0
0249800180386481101101,2020,0,0.0,,,
0280130945047211101101,2020,1,0.0,2310.0,2310.0,0.0
0280130945047211101102,2020,1,0.0,2310.0,2310.0,0.0
0300109205859091111102,2020,0,,,,
0300794411016311101104,2020,1,,2330.0,2330.0,0.0
0300923850047211101101,2020,1,0.0,2310.0,2310.0,0.0
0300973174006411111104,2020,1,1.0,2545.0,2435.0,-1.0
0301103140273351201101,2020,0,0.0,,,
0301103548934121111101,2020,0,,,,
0301104463932411101101,2020,1,0.0,2310.0,2310.0,0.0
0301115562230261101102,2020,0,0.0,,,
0301506100676401101101,2020,0,0.0,2310.0,2310.0,
0302172946913901201101,2020,0,,,,
0302195629079561101102,2020,0,,,,
0303114692562261101102,2020,0,,,,
0303114692562261101103,2020,0,,,,
0303115053263731101102,2020,0,0.0,2310.0,2310.0,
0304112922163571101101,2020,0,0.0,,,
0305101608814591111101,2020,1,0.0,2310.0,2310.0,0.0
0307101506260691101101,2020,1,0.0,2310.0,2310.0,0.0
0307103563280141101101,2020,1,0.0,2300.0,2300.0,0.0
0307105913362781101102,2020,0,1.0,,,
0307109233450381101101,2020,1,,,,
0308106859908711101102,2020,0,,2310.0,2310.0,
0308107447987521101101,2020,1,0.0,2310.0,2310.0,0.0
0308123761868621201102,2020,0,0.0,,,
0308133773072071101102,2020,0,,,,
0309100143972421101102,2020,1,0.0,2310.0,2310.0,0.0
0309101476043861101101,2020,1,0.0,5710.0,5710.0,-1.0
0309101656296181101102,2020,1,0.0,2320.0,2320.0,0.0
0309104594622481101101,2020,0,0.0,,,
0309104913362281101102,2020,0,0.0,,,
0309167315061771101102,2020,0,0.0,,,
0317890018003431101102,2020,0,,,,
0340544185013411101102,2020,0,,,,
0350779511015211101101,2020,1,0.0,2310.0,2310.0,0.0
0355621904025041101102,2020,1,0.0,2310.0,2310.0,0.0
0370384441027211101101,2020,0,0.0,,,
0380487551022611201101,2020,0,1.0,,,
0380683551006211211102,2020,0,0.0,,,
0401108087776551201102,2020,0,0.0,,,
0401108761868121101102,2020,0,0.0,,,
0401111284348361101101,2020,0,0.0,2310.0,2310.0,
0402102205571391101102,2020,1,0.0,2310.0,2310.0,0.0
0402102339495621101102,2020,1,0.0,2320.0,2320.0,0.0
0402107431458631101102,2020,0,0.0,,,
0404133327054131101102,2020,0,0.0,2310.0,2310.0,
0405102673037361111103,2020,0,,,,
0405103731683571101101,2020,1,1.0,230.0,230.0,-1.0
0405106582140961201102,2020,0,0.0,2310.0,2310.0,
0405107174512181111101,2020,0,0.0,2310.0,2310.0,
0405109271854161101101,2020,0,0.0,,,
0406109673814361101102,2020,0,0.0,,,
0407103655612561101102,2020,0,0.0,,,
0407106780596481101101,2020,1,1.0,2310.0,-1.0,1.0
0407110711961471201101,2020,0,0.0,,,
0408104843844461101101,2020,1,0.0,2310.0,2310.0,0.0
0408108252075141201103,2020,0,,,,
0408109062757321101104,2020,1,0.0,7810.0,2310.0,-1.0
0408109776191031101101,2020,0,,2310.0,2310.0,
0408114723580401101102,2020,1,0.0,2310.0,2310.0,0.0
0408115358602991101102,2020,1,1.0,4600.0,4600.0,-1.0
0408121206744171101101,2020,1,0.0,2310.0,2310.0,0.0
0408170951977691101102,2020,1,0.0,2330.0,2330.0,0.0
0409101100037611101101,2020,1,,2545.0,2545.0,-1.0
0409103393297361101101,2020,1,0.0,2310.0,2310.0,0.0
0409115184641931101102,2020,1,1.0,3230.0,3230.0,-1.0
0409135745292761101101,2020,0,0.0,,,
0440450130060611201101,2020,0,0.0,,,
0460414475012211101102,2020,1,,,,
0470632383023911101102,2020,1,,,,
0470773794057211101101,2020,1,0.0,2320.0,2320.0,0.0
0500115555605251211101,2020,0,,,,
0500582891011511101101,2020,1,,,,
0502300465310021111101,2020,1,0.0,2310.0,2310.0,0.0
0502300465310021111102,2020,1,0.0,2310.0,2310.0,0.0
0503100145247251111102,2020,1,0.0,2310.0,2310.0,0.0
0503128159505691101102,2020,0,0.0,,,
0503131279785311101101,2020,0,,,,
0503132735627331101101,2020,0,0.0,,,
0505100151644771101101,2020,1,0.0,2320.0,2320.0,0.0
0505100151644771101102,2020,1,0.0,2310.0,2310.0,0.0
0505104204674471101101,2020,0,0.0,,,
0506105545725721201102,2020,0,,,,
0506109683281371101109,2020,1,,2310.0,2300.0,0.0
0509000929310021111102,2020,1,0.0,2310.0,2310.0,0.0
0510437573024211111102,2020,1,0.0,2320.0,2320.0,0.0
0520790003069311101101,2020,0,0.0,,,
0520909975014511101102,2020,1,,,,
0530239151087011201101,2020,0,0.0,,,
0530239151087011201102,2020,0,0.0,,,
0550046550055611101101,2020,1,0.0,2310.0,2310.0,0.0
0550046550055611101102,2020,1,0.0,2310.0,2310.0,0.0
0557506669010011211102,2020,0,,,,
0560078091065711201101,2020,0,0.0,,,
0565854012305051101101,2020,1,,,,
0570523973009311111102,2020,1,0.0,2310.0,2310.0,0.0
0580693824041411101103,2020,0,,,,
0618920199403261101102,2020,0,0.0,2310.0,2310.0,
0620458480048311111102,2020,0,,,,
0710470275005441101102,2020,1,0.0,2310.0,2310.0,0.0
0740198743061611101101,2020,0,0.0,,,
0740902854013011111102,2020,1,,2310.0,2310.0,0.0
0740902854013011111103,2020,1,,,,
0748181304024071101101,2020,0,,2310.0,2310.0,
0748361200093151101101,2020,0,0.0,,,
0750015593042811101101,2020,1,0.0,2320.0,2320.0,0.0
0770034745025411101102,2020,0,0.0,,,
0770244762016411101101,2020,1,0.0,2310.0,2310.0,0.0
0770472061011311101101,2020,1,,,,
0780543017414041101102,2020,1,0.0,2320.0,2320.0,0.0
0810228494061211101101,2020,1,0.0,2310.0,2310.0,0.0
0810838731044511101102,2020,1,1.0,136.0,4920.0,-1.0
0817460270002021101102,2020,0,0.0,2300.0,2300.0,
0824801202069061111102,2020,1,,2310.0,2310.0,0.0
0830911525050911101101,2020,0,0.0,,,
0890882764039611101101,2020,0,0.0,,,
0890882764039611101102,2020,0,0.0,,,
0901411602003091101101,2020,1,0.0,2310.0,2310.0,0.0
0910494891092711101102,2020,0,0.0,2310.0,2310.0,
0914830120404781101101,2020,0,,,,
0920192932017011101102,2020,1,0.0,2320.0,2320.0,0.0
0924609747911051101101,2020,0,0.0,,,
0927509019824001101102,2020,0,0.0,,,
0930354635012611101101,2020,1,0.0,2330.0,2330.0,0.0
0930729240015011111102,2020,1,0.0,2310.0,2310.0,0.0
0940067925039711111101,2020,1,,2300.0,2300.0,0.0
0960105842000811101102,2020,1,,2310.0,2310.0,0.0
0970514725018211101102,2020,1,0.0,2320.0,2320.0,0.0
0980512965012011201102,2020,0,0.0,,,
1001112805102041101102,2020,0,,,,
1003604190803281101101,2020,0,0.0,,,
1003705160983101101102,2020,1,0.0,2330.0,2330.0,0.0
1006004170619341101101,2020,0,1.0,,,
1006100978001591101102,2020,1,0.0,2300.0,2300.0,0.0
1006730600484131101101,2020,1,0.0,2330.0,2330.0,0.0
1009300100573691201102,2020,0,0.0,,,
1009320101673691101102,2020,0,0.0,,,
1011640240207051201101,2020,0,,,,
1025396706104591101101,2020,0,,2320.0,2320.0,
1030064838100141101102,2020,1,0.0,2310.0,2310.0,0.0
1031383541102191101101,2020,1,1.0,3422.0,3422.0,-1.0
1031600601861541101101,2020,1,,,,
1032407150156401101101,2020,1,0.0,2310.0,2310.0,0.0
1035454017325081201101,2020,0,0.0,,,
1036240801061441101101,2020,0,,,,
1044320901516041101102,2020,0,0.0,,,
1050706110813341101102,2020,1,0.0,2310.0,2310.0,0.0
1052230400915351101101,2020,0,0.0,,,
1053102110779431201101,2020,0,0.0,,,
1053747017702021111101,2020,1,,,,
1054060819105121201102,2020,0,0.0,,,
1064100200364401211102,2020,0,1.0,,,
1064101832910031101101,2020,1,,,,
1071335517108981101101,2020,1,1.0,2360.0,2360.0,-1.0
1073096833103501211101,2020,0,,,,
1073096833103501211102,2020,0,,,,
1074086469102121101102,2020,1,0.0,2300.0,2300.0,0.0
1081503120567051101102,2020,1,0.0,2350.0,2320.0,-1.0
1082022110108941111101,2020,1,0.0,2310.0,2310.0,0.0
1082022110108941111102,2020,1,0.0,2310.0,2310.0,0.0
1084150401046471111102,2020,1,,2330.0,2330.0,0.0
1092020600239891101101,2020,1,0.0,2310.0,2310.0,0.0
1100030255334541111101,2020,1,0.0,2310.0,2310.0,0.0
1100039334424611101101,2020,1,,2310.0,2310.0,0.0
1100093115376291101101,2020,0,0.0,,,
1100791264047211101101,2020,1,0.0,2310.0,2310.0,0.0
1101061307464061101101,2020,1,,,,
1103069458100131101102,2020,0,0.0,,,
1113400100412271101102,2020,1,0.0,2310.0,2310.0,0.0
1116040093404661101102,2020,0,0.0,,,
1117130169502581101102,2020,0,0.0,2300.0,2300.0,
1120860955007711101101,2020,0,0.0,,,
1128940500842411111102,2020,0,0.0,,,
1130074152015111101102,2020,0,0.0,,,
1144510800658041111101,2020,0,0.0,,,
1150261262045411101102,2020,1,0.0,2310.0,2310.0,0.0
1151291606025031101102,2020,1,,,,
1159520500014531101101,2020,0,0.0,,,
1161300600822601201101,2020,0,,,,
1161300600822601201102,2020,0,,,,
1161450600082631101101,2020,1,,2300.0,2300.0,0.0
1162010900401121201102,2020,0,0.0,,,
1165010206008771101101,2020,0,0.0,,,
1170950100697071201101,2020,0,0.0,,,
1190990850046211101101,2020,0,0.0,,,
1207950100358451101101,2020,0,0.0,,,
1210600100727191101101,2020,1,1.0,5940.0,5940.0,-1.0
1210600100727191101102,2020,1,0.0,2310.0,2310.0,0.0
1212506249010041111101,2020,1,0.0,2320.0,2320.0,0.0
1212730700857541101101,2020,0,0.0,,,
1213310034201851101102,2020,1,1.0,2555.0,2555.0,-1.0
1214807160052071101103,2020,1,0.0,2310.0,2310.0,0.0
1216530200890021111101,2020,0,0.0,,,
1216540402390421201103,2020,0,,,,
1216540403590421101102,2020,0,0.0,,,
1225200603013691101102,2020,0,0.0,,,
1230130801710121101102,2020,1,0.0,2300.0,2300.0,0.0
1235630301961141201102,2020,0,0.0,,,
1239940903878421101101,2020,0,0.0,,,
1240940801157481101102,2020,0,0.0,,,
1259500170741481101101,2020,1,,2320.0,2320.0,0.0
1259500170741481101102,2020,1,,2310.0,2310.0,0.0
1268040015813021101101,2020,1,0.0,2310.0,2310.0,0.0
1277803120302661101101,2020,0,0.0,2310.0,2310.0,
1281330601054471101101,2020,1,1.0,2545.0,2545.0,-1.0
1298501609832481201102,2020,0,0.0,2300.0,2300.0,
1300907018714051101102,2020,0,0.0,,,
1302140200045411101101,2020,0,1.0,,,
1323710800656071101101,2020,1,0.0,2320.0,2320.0,0.0
1323710800656071101102,2020,1,0.0,2300.0,2300.0,0.0
1331340015715061101101,2020,0,0.0,,,
1342705120521561101101,2020,1,,2320.0,2320.0,0.0
1350860043042911201101,2020,0,0.0,,,
1351400200450291101101,2020,1,,,,
1351400200450291101102,2020,1,0.0,2320.0,2320.0,0.0
1360836305005011101101,2020,1,1.0,2360.0,2360.0,-1.0
1380562200025411101101,2020,0,0.0,2310.0,2310.0,
1404940100415241111101,2020,1,0.0,2330.0,2330.0,0.0
1417050078501191111102,2020,0,0.0,,,
1418450078301161101102,2020,0,,,,
1431355016713021101101,2020,0,0.0,,,
1431800100885591201101,2020,0,0.0,,,
1431800100885591201102,2020,0,0.0,,,
1431830801985191101101,2020,1,0.0,2310.0,2310.0,0.0
1432050400759221101102,2020,1,0.0,2320.0,2320.0,0.0
1432050400759221101104,2020,1,,,,
1445750400852611111101,2020,0,0.0,,,
1445750400852611111102,2020,0,0.0,,,
1448630300382661111101,2020,0,0.0,,,
1453750401767371211102,2020,0,0.0,,,
1456430800664681201101,2020,0,1.0,,,
1504503012311001101102,2020,0,0.0,,,
1510480199203061101102,2020,0,1.0,,,
1519631909080141111101,2020,0,,,,
1521310003530441101102,2020,0,,,,
1521330200530641111102,2020,1,0.0,2310.0,2310.0,0.0
1521340000972101201101,2020,0,0.0,,,
1539140500246261111101,2020,0,0.0,,,
1540149875022811111101,2020,0,,,,
1560050400459761111102,2020,0,0.0,,,
1579120300881061111101,2020,1,,,,
1587730600861481101101,2020,0,,,,
1587730600861481101102,2020,0,,,,
1603011107061341101101,2020,0,,,,
1605981707004021201102,2020,0,,,,
1608441505027011101101,2020,1,0.0,2310.0,2310.0,0.0
1615420293002761101101,2020,1,0.0,2310.0,2310.0,0.0
1615700078406401111101,2020,1,0.0,2310.0,2310.0,0.0
1620020900311091101101,2020,1,0.0,2320.0,2320.0,0.0
1623891201052041101102,2020,0,0.0,2310.0,2310.0,
1624230600635681101101,2020,1,0.0,2310.0,2310.0,0.0
1624250600135481101101,2020,1,,2310.0,2310.0,0.0
1630130002547011101102,2020,0,0.0,,,
1630230700077541201101,2020,0,0.0,2310.0,2310.0,
1630266053008511201101,2020,0,,,,
1638561003030171101101,2020,0,,,,
1651910600835001111101,2020,0,0.0,,,
1652430400232871101101,2020,0,0.0,2320.0,2320.0,
1657791905092211101102,2020,0,0.0,,,
1678450400725231111102,2020,1,0.0,2320.0,2320.0,0.0
1704410700932381101102,2020,0,0.0,,,
1710620701258301101105,2020,0,,,,
1717270065102971101101,2020,1,,,,
1717270065102971101102,2020,1,1.0,630.0,630.0,-1.0
1719301902002081101102,2020,0,0.0,,,
1725810700425251201102,2020,0,0.0,,,
1726708396910021101102,2020,1,,,,
1741220502876581101102,2020,0,,,,
1747710601441751101101,2020,0,0.0,,,
1750074722011611101102,2020,0,,,,
1750310800380431101102,2020,0,,2310.0,2310.0,
1762410600420831101102,2020,0,,2310.0,2310.0,
1769520001154581101102,2020,0,,,,
1787804160707021101102,2020,0,0.0,,,
1790620800626451111101,2020,0,0.0,,,
1797930001518061101101,2020,0,0.0,,,
1798101609449251201102,2020,0,0.0,2310.0,2310.0,
1800840800290251101101,2020,1,,,,
1806230000412291211101,2020,0,0.0,,,
1807930700295231101102,2020,1,0.0,2300.0,2300.0,0.0
1810170143301751101101,2020,0,0.0,,,
1810600100265201101101,2020,0,,,,
1810600100265201111102,2020,0,0.0,,,
1824520600385421101102,2020,0,0.0,,,
1846741401087211101102,2020,1,,,,
1854630000184531101101,2020,1,,2310.0,2310.0,0.0
1856420701968171101102,2020,0,,,,
1860700800308641201101,2020,0,0.0,,,
1861442800221191101101,2020,0,0.0,,,
1865650500735241101101,2020,1,1.0,3602.0,3602.0,-1.0
1867510601509611101101,2020,0,0.0,,,
1895620502783161201102,2020,0,,,,
1905910201175631201102,2020,0,,,,
1921920900225301101102,2020,0,,,,
1925850500906131201102,2020,0,0.0,,,
1955710106593371211101,2020,0,1.0,,,
1986810201368011101101,2020,1,0.0,2300.0,2300.0,0.0
1990350601786291101102,2020,0,,,,
1996710600832031111102,2020,1,0.0,2310.0,2310.0,0.0
2001907170821711111101,2020,0,,,,
2005207150376971201102,2020,0,0.0,,,
2006176248319621101101,2020,0,0.0,,,
2006185248319621101101,2020,0,0.0,,,
2010780092401641111101,2020,0,0.0,,,
2012096599105361201102,2020,0,0.0,,,
2021331401080061111102,2020,1,,,,
2030011166102951101101,2020,0,,,,
2030202160939571101101,2020,0,0.0,,,
2033607180374101101101,2020,1,0.0,2320.0,2320.0,0.0
2034011162107951101102,2020,0,,,,
2034022920103121111102,2020,1,,,,
2050163526100301101101,2020,1,0.0,2310.0,2310.0,0.0
2053002170546211201102,2020,0,0.0,,,
2053095326101131101102,2020,1,0.0,2320.0,2320.0,0.0
2061404190952461101101,2020,0,0.0,,,
2088307160178981101101,2020,0,0.0,,,
2091103140984261101102,2020,1,0.0,2310.0,2310.0,0.0
2100026545350191101102,2020,1,1.0,230.0,230.0,-1.0
2100027758199711101101,2020,0,0.0,,,
2100057101174251111101,2020,1,0.0,2330.0,2330.0,0.0
2100086119053231101102,2020,1,0.0,2310.0,2310.0,0.0
2101008423998861101101,2020,0,0.0,2320.0,2320.0,
2101010255885611101101,2020,0,0.0,,,
2101052736323161101102,2020,1,0.0,2310.0,2310.0,0.0
2101059305302491101101,2020,0,0.0,,,
2101090240741281201102,2020,0,0.0,2320.0,2320.0,
2102048003926161101102,2020,0,0.0,,,
2122408110277361101101,2020,0,0.0,2300.0,2300.0,
2122661602016061101102,2020,0,0.0,,,
2124503012319031101101,2020,0,0.0,,,
2132902120730411101101,2020,0,0.0,,,
2133918010503091111101,2020,1,,,,
2138903100902701101102,2020,0,0.0,,,
2151400100873361101101,2020,0,,,,
2165823011630051101101,2020,0,0.0,,,
2212720090103891101101,2020,0,0.0,,,
2213990021202301111101,2020,1,0.0,2310.0,2310.0,0.0
2213990021202301111102,2020,1,0.0,2320.0,2320.0,0.0
2214250173009791201101,2020,0,0.0,2310.0,2310.0,
2219050003407111201101,2020,0,,,,
2220731476107981101102,2020,0,,,,
2225291002061091111102,2020,1,0.0,2310.0,2320.0,0.0
2227501577213031101101,2020,1,0.0,2320.0,2320.0,0.0
2288905180154631101102,2020,0,1.0,1050.0,1050.0,
2314870074104321101102,2020,0,0.0,,,
2334121502056121201102,2020,0,0.0,,,
2335321802084061111101,2020,0,0.0,2320.0,2320.0,
2335321802084061111102,2020,0,0.0,2320.0,2320.0,
2408103013085831101102,2020,0,0.0,,,
2410622501076911101101,2020,1,0.0,2310.0,2310.0,0.0
2426271205097011101101,2020,1,1.0,2555.0,2555.0,-1.0
2431009209510041101101,2020,1,0.0,2330.0,2330.0,0.0
2441401104070181101101,2020,1,,2310.0,2310.0,0.0
2441401105020381101101,2020,0,0.0,,,
2444939012300061111101,2020,1,0.0,2320.0,2320.0,0.0
2444939012300061111102,2020,1,0.0,2310.0,2310.0,0.0
2480504182410021111101,2020,0,0.0,,,
2502300465311011101103,2020,1,0.0,2330.0,2330.0,0.0
2511900073109741101102,2020,0,0.0,2320.0,2320.0,
2565629014500081101101,2020,1,0.0,2310.0,2310.0,0.0
2612610034508181211101,2020,0,,,,
2690399043035311101101,2020,1,0.0,2310.0,2310.0,0.0
2699014012903091101101,2020,0,0.0,,,
2710340013300541111102,2020,0,0.0,,,
2717470006302111101102,2020,1,,2330.0,2330.0,0.0
2717640113100531201101,2020,0,0.0,,,
2770559933010211101101,2020,0,0.0,,,
2770559933010211101102,2020,0,1.0,,,
2810376873052811101101,2020,0,,,,
2893028012403031201102,2020,0,0.0,,,
2912620785023841101101,2020,0,0.0,2320.0,2320.0,
2914260395308121101102,2020,1,0.0,2310.0,2310.0,0.0
2918850066406861101101,2020,1,,,,
2924409835710041101102,2020,1,0.0,2300.0,2300.0,0.0
2985026011301031101101,2020,1,0.0,2310.0,2310.0,0.0
3004563014903011111101,2020,1,,,,
3005181426105451101101,2020,0,0.0,,,
3010306110844271101102,2020,1,0.0,2310.0,2310.0,0.0
3011307140670051101101,2020,1,0.0,2310.0,2310.0,0.0
3015309160287371101101,2020,0,,,,
3024139638105671101102,2020,0,0.0,,,
3033903160563011111102,2020,1,0.0,2320.0,2320.0,0.0
3034005342107341101101,2020,0,0.0,,,
3042108100267531101101,2020,1,0.0,2300.0,2320.0,0.0
3052004120319351101103,2020,0,1.0,,,
3053065034100741101101,2020,1,0.0,2310.0,2310.0,0.0
3061001100139051201102,2020,0,0.0,,,
3061278822108911101101,2020,1,0.0,2310.0,2310.0,0.0
3065500190829421101101,2020,0,0.0,,,
3089305160726051101101,2020,1,,,,
3100009840943321101101,2020,1,0.0,2330.0,2330.0,0.0
3100041759403441201101,2020,0,0.0,,,
3100041759403441201102,2020,0,1.0,,,
3100052610258661101101,2020,1,,,,
3100059215807831101102,2020,1,0.0,2300.0,2300.0,0.0
3100071903836381101102,2020,0,0.0,,,
3100084554598541101101,2020,1,1.0,3602.0,3602.0,-1.0
3101059202507891101102,2020,0,0.0,,,
3108071913036371101102,2020,0,0.0,,,
3114065018203041101101,2020,1,0.0,2320.0,2320.0,0.0
3118440096306141101102,2020,1,0.0,2320.0,2320.0,0.0
3137201170546111101101,2020,0,,,,
3140071100041101101101,2020,0,0.0,,,
3141909110304601101101,2020,0,0.0,,,
3167408827011031101101,2020,0,0.0,,,
3190384883024511101102,2020,0,,,,
3217640093009731101101,2020,0,0.0,,,
3220890754046011101103,2020,0,0.0,,,
3227308946310031101101,2020,1,0.0,2320.0,2320.0,0.0
3245141804020021101101,2020,1,,2320.0,2320.0,0.0
3336621706026191101102,2020,0,0.0,,,
3354507170172241101101,2020,1,0.0,2310.0,2310.0,0.0
3412710076100711101102,2020,1,,,,
3417930078300421101102,2020,0,0.0,,,
3429403901611021101101,2020,0,,,,
3448911101033051101102,2020,1,,,,
3459501209052041111101,2020,0,0.0,,,
3492365017700091101102,2020,1,0.0,2320.0,2320.0,0.0
3512690177009511101101,2020,1,0.0,2300.0,2300.0,0.0
3533866014203021101102,2020,0,0.0,,,
3601603150755491101102,2020,0,0.0,,,
3615250222009651101102,2020,0,1.0,2310.0,-1.0,
3719890320400571201101,2020,0,0.0,,,
3726604253710051101102,2020,1,0.0,2310.0,2310.0,0.0
3901604140342191101101,2020,0,0.0,,,
3914180066008521111102,2020,1,0.0,2310.0,2310.0,0.0
3915404343310011101102,2020,0,0.0,2310.0,2310.0,
4001200180255861101101,2020,1,,,,
4010013081100661201101,2020,0,0.0,,,
4011093639108231101101,2020,1,,,,
4012620021007381101101,2020,0,0.0,,,
4012960001100181101102,2020,0,0.0,,,
4023604100422911201101,2020,0,0.0,,,
4032006562104081111101,2020,0,1.0,,,
4032145385105811201101,2020,0,0.0,2320.0,2320.0,
4032145385105811201105,2020,0,,,,
4033106506109081101101,2020,1,,2320.0,2310.0,0.0
4034130336106371101101,2020,0,1.0,,,
4034130336106371101102,2020,0,0.0,,,
4039502110065231101101,2020,0,0.0,,,
4040125926105821201101,2020,0,0.0,,,
4040125926105821201102,2020,0,0.0,,,
4041464075100311101102,2020,0,,,,
4041707150348261101101,2020,1,0.0,2300.0,2300.0,0.0
4043005100386861101101,2020,0,,,,
4044808140468341101101,2020,1,0.0,2310.0,2310.0,0.0
4050801130137941101101,2020,1,,2310.0,2310.0,0.0
4051113282101661101101,2020,0,0.0,,,
4072803140985381111101,2020,0,0.0,,,
4074039909109261101101,2020,1,0.0,2320.0,2320.0,0.0
4074039909109261101102,2020,1,0.0,2310.0,2310.0,0.0
4074261118108471101102,2020,1,,,,
4081108150695011111102,2020,1,0.0,2205.0,-1.0,-1.0
4081423018704081101102,2020,0,0.0,,,
4100051653948601101101,2020,1,0.0,2330.0,2330.0,0.0
4100051653948601101102,2020,1,0.0,2310.0,2310.0,0.0
4100054418245321101101,2020,1,0.0,2310.0,2310.0,0.0
4100075140251071111101,2020,0,0.0,,,
4100084539034191201104,2020,0,1.0,,,
4100088619062031101102,2020,1,1.0,2060.0,2060.0,-1.0
4100091046285601111101,2020,0,1.0,,,
4100094319456331101101,2020,1,0.0,2310.0,2310.0,0.0
4100095105387261101101,2020,1,0.0,2310.0,2310.0,0.0
4101035212528601101101,2020,1,0.0,2320.0,2320.0,0.0
4103019735247461101102,2020,0,,,,
4103084534563821101101,2020,0,0.0,,,
4114706170348871101102,2020,1,0.0,2310.0,2310.0,0.0
4115833011603051101101,2020,1,0.0,2310.0,2310.0,0.0
4154996388106441101101,2020,0,0.0,,,
4159381001006061101102,2020,1,0.0,2310.0,2310.0,0.0
4169198013620081101102,2020,0,0.0,,,
4191607130264631101102,2020,0,1.0,,,
4194537017410071201101,2020,0,0.0,,,
4217718019505021101102,2020,1,0.0,2310.0,2300.0,0.0
4229130011111091201101,2020,0,0.0,,,
4317490296004231101101,2020,1,0.0,2310.0,2310.0,0.0
4393508100589481101101,2020,0,0.0,,,
4412030033501031111101,2020,1,0.0,2320.0,2320.0,0.0
4468075019903001101101,2020,1,0.0,0.0,-1.0,-1.0
4518217019600041101101,2020,1,,,,
4558102456810041201101,2020,0,0.0,,,
4574416015003041101101,2020,1,0.0,2320.0,2320.0,0.0
4604003644111021101102,2020,1,0.0,2310.0,2310.0,0.0
4609408513811031101101,2020,0,0.0,,,
4614681201068151101101,2020,0,0.0,,,
4674337019101081201102,2020,0,0.0,,,
4696120018302061101102,2020,1,1.0,230.0,230.0,-1.0
4739403901610051111101,2020,1,,2330.0,2310.0,0.0
4755534012223051101101,2020,1,0.0,2300.0,2300.0,0.0
4843327018414091101101,2020,1,,2320.0,2320.0,0.0
4847641200097201101102,2020,1,,,,
4849981702051161101101,2020,0,0.0,,,
4904620010204031101102,2020,1,,4600.0,4600.0,-1.0
4911209794813051201101,2020,0,0.0,,,
4912806956810051101102,2020,1,,2310.0,2310.0,0.0
4933104355710031101102,2020,1,,2320.0,2320.0,0.0
4938002375310051101101,2020,1,1.0,0.0,-1.0,-1.0
5000134736105071101101,2020,1,,,,
5022038242102451111102,2020,0,,,,
5023055088106211101101,2020,0,,,,
5023708160164261111102,2020,1,0.0,2310.0,2310.0,0.0
5031753387104441101102,2020,0,0.0,,,
5041067489101581101102,2020,0,,,,
5042109317106141101101,2020,0,1.0,,,
5047307140671081101102,2020,1,0.0,2320.0,2320.0,0.0
5050905120215691101101,2020,1,0.0,2310.0,2310.0,0.0
5053069586106371101102,2020,1,0.0,2310.0,2310.0,0.0
5053252747109821101102,2020,0,0.0,,,
5061083758107691101101,2020,0,0.0,,,
5061264162107521101102,2020,0,0.0,,,
5071514761103741201101,2020,0,0.0,2310.0,2310.0,
5071714711102741111102,2020,0,0.0,2310.0,2310.0,
5077006180075781201102,2020,0,,,,
5084907120036591201102,2020,0,0.0,,,
5090074315108391101101,2020,1,0.0,2310.0,2310.0,0.0
5095007170604921211101,2020,0,0.0,,,
5100002722531431101101,2020,1,1.0,2555.0,2555.0,-1.0
5100018205215461101101,2020,1,0.0,2310.0,2310.0,0.0
5100022828324021101102,2020,0,0.0,,,
5100026049611851111101,2020,0,0.0,,,
5100027904571721101102,2020,1,0.0,2320.0,2320.0,0.0
5100062822420891101102,2020,1,1.0,2310.0,-1.0,1.0
5100071729069631111102,2020,1,1.0,2360.0,2360.0,-1.0
5100092603841891101102,2020,0,1.0,,,
5101017008394761101102,2020,1,0.0,2310.0,2310.0,0.0
5101044530717301111102,2020,0,0.0,,,
5101045017444601101102,2020,1,0.0,2310.0,2310.0,0.0
5101046514673061101102,2020,0,,,,
5101052420171431101101,2020,0,0.0,,,
5101052420171431101102,2020,0,0.0,,,
5107002712331411111101,2020,0,0.0,,,
5116471309005201101104,2020,1,0.0,2300.0,2300.0,0.0
5160703110676991101101,2020,1,0.0,2320.0,2320.0,0.0
5178003160424281101101,2020,0,,,,
5217403661011031101101,2020,1,0.0,2310.0,2310.0,0.0
5218680035300641101102,2020,1,,,,
5225021802085061201102,2020,0,1.0,,,
5227801150164751211101,2020,0,,,,
5249305120333931101102,2020,0,0.0,,,
5278107190130601101101,2020,0,,,,
5280108150690041111101,2020,0,1.0,,,
5282058016714011201102,2020,0,0.0,2320.0,2320.0,
5411501833911031111101,2020,1,0.0,2310.0,2310.0,0.0
5419730041107211101101,2020,1,,,,
5431552016203021101102,2020,1,0.0,2310.0,2310.0,0.0
5481365016710021201101,2020,0,,,,
5481365016710021201102,2020,0,,,,
5491641013103041101102,2020,0,0.0,,,
5517260082200511101101,2020,1,0.0,2320.0,2320.0,0.0
5518660009103101111101,2020,0,0.0,,,
5518660009103101111102,2020,0,0.0,,,
5606471307085201101102,2020,0,,,,
5620745016933061101103,2020,1,0.0,2310.0,2310.0,0.0
5626707010902051101102,2020,1,0.0,2002.0,2310.0,-1.0
5714250171302771111102,2020,0,,,,
5718691900026051101102,2020,1,1.0,230.0,230.0,-1.0
5719903609810031111102,2020,1,0.0,2310.0,2310.0,0.0
5738891701035001101101,2020,1,0.0,2310.0,2310.0,0.0
5862107672210021101101,2020,0,0.0,,,
5863303404110021101102,2020,0,,,,
5868650019105041101101,2020,1,0.0,2310.0,2310.0,0.0
5913560008004251111106,2020,0,0.0,,,
5919560008004211111102,2020,1,0.0,2310.0,2310.0,0.0
5931221205024041101102,2020,0,,,,
5943743014600081101101,2020,1,,2310.0,2310.0,0.0
5943743014600081101103,2020,1,,2310.0,2310.0,0.0
5948591206079001101102,2020,1,0.0,2310.0,2310.0,0.0
5948791401033041101102,2020,0,,,,
6003092044109341201102,2020,0,0.0,,,
6012089601107551211102,2020,0,0.0,,,
6015011311108901101101,2020,0,0.0,,,
6022031501037091101101,2020,1,1.0,0.0,-1.0,-1.0
6031219377108371101101,2020,1,0.0,2330.0,2330.0,0.0
6032841304021011111102,2020,1,,2310.0,2310.0,0.0
6041043343109591101102,2020,1,,,,
6045031131105821101105,2020,0,1.0,,,
6048000187211201201101,2020,0,,2320.0,2320.0,
6048000187211201201102,2020,0,,2310.0,2310.0,
6053039833108681111101,2020,0,0.0,,,
6053039833108681111102,2020,0,0.0,,,
6060107239103991101101,2020,0,,,,
6062056910103221101101,2020,0,,,,
6068309730110001101101,2020,1,0.0,2310.0,2310.0,0.0
6071064872100511101101,2020,1,0.0,2310.0,2310.0,0.0
6075128886105131111102,2020,0,0.0,,,
6081014992108241101101,2020,0,0.0,,,
6093081048102481111101,2020,0,0.0,,,
6100009641253321101102,2020,1,0.0,2310.0,2310.0,0.0
6100027655218241101102,2020,1,0.0,2310.0,2310.0,0.0
6100040213343821101101,2020,1,1.0,440.0,-1.0,-1.0
6100041142439451201101,2020,0,1.0,,,
6100066322427951101101,2020,1,0.0,2320.0,2320.0,0.0
6100068512099571101102,2020,1,,,,
6101006917467501101101,2020,1,,,,
6101006917467501101102,2020,1,,,,
6101025143902321101101,2020,0,0.0,,,
6103006136137451101105,2020,0,1.0,,,
6110025209134961101101,2020,1,1.0,2545.0,2545.0,-1.0
6148602542310051101101,2020,1,0.0,2320.0,2320.0,0.0
6218150055004241101103,2020,1,0.0,2300.0,2310.0,0.0
6254767017805071101102,2020,0,0.0,,,
6355471404043001101101,2020,1,,,,
6365958010600051101101,2020,1,0.0,2320.0,2320.0,0.0
6417980111304321201102,2020,0,,,,
6436306080310011101102,2020,1,,,,
6439000929310041111102,2020,0,,2300.0,2300.0,
6454961202014011101101,2020,1,1.0,2320.0,4760.0,1.0
6470742550067011101102,2020,0,,,,
6484402196011031101102,2020,0,,,,
6504604550411051101102,2020,0,,2545.0,2435.0,
6512500237304531101103,2020,1,0.0,2300.0,2300.0,0.0
6515400062308841101101,2020,1,0.0,2310.0,2310.0,0.0
6516900137004541101102,2020,0,0.0,2310.0,2310.0,
6528181700072161111101,2020,0,0.0,,,
6543806014200021111101,2020,1,1.0,3550.0,-1.0,-1.0
6555809760711001101101,2020,0,0.0,,,
6563866014203021101101,2020,1,,,,
6635621706077071101101,2020,1,0.0,2320.0,2320.0,0.0
6635621706077071101102,2020,1,0.0,2320.0,2320.0,0.0
6637945016205071101104,2020,0,0.0,,,
6644500036812031101101,2020,0,0.0,,,
6646107755911021101101,2020,1,0.0,2310.0,2310.0,0.0
6646747010902051101101,2020,1,0.0,2310.0,2310.0,0.0
6646747010902051101102,2020,1,0.0,2310.0,2310.0,0.0
6654002258211001101102,2020,1,0.0,2310.0,2310.0,0.0
6719940124000131101101,2020,0,0.0,,,
6719940124000131101102,2020,0,0.0,,,
6724701949710021101102,2020,1,0.0,2310.0,2310.0,0.0
6725708552211031101102,2020,0,0.0,,,
6734101832910011211101,2020,0,0.0,,,
6789409079711031101101,2020,0,0.0,,,
6794703640312001101102,2020,0,0.0,,,
6812331001013051201102,2020,0,,,,
6819330045108711101101,2020,1,0.0,2310.0,2310.0,0.0
6840221306093391101101,2020,0,0.0,,,
6844541017140041201102,2020,0,0.0,,,
6845621703037271101101,2020,0,,,,
6909051303016031101101,2020,1,0.0,2320.0,2320.0,0.0
6913250176400661101102,2020,0,0.0,,,
6929631209051051101103,2020,0,,,,
6973403017201091201102,2020,0,0.0,,,
7003637016302071101101,2020,1,,,,
7012014514103811101101,2020,1,0.0,2320.0,2320.0,0.0
7022025617108431101101,2020,1,,2310.0,2310.0,0.0
7034019795106161101102,2020,0,,,,
7035005995105281101101,2020,0,0.0,2320.0,2320.0,
7035005995105281101102,2020,0,0.0,2320.0,2320.0,
7043007765102551111102,2020,1,0.0,2310.0,2310.0,0.0
7062185837101461101101,2020,0,0.0,,,
7062185837101461101102,2020,0,0.0,,,
7065008601109221101102,2020,1,0.0,2310.0,2310.0,0.0
7100009633351831211101,2020,0,0.0,2300.0,2300.0,
7100025716717551111102,2020,1,,,,
7100033005855381101101,2020,0,0.0,2320.0,2320.0,
7100034046880591101102,2020,0,0.0,,,
7100038410349751111102,2020,1,0.0,2320.0,2320.0,0.0
7100041113372591201101,2020,0,1.0,,,
7100065644427711201102,2020,0,0.0,,,
7100074240167601111102,2020,1,0.0,2310.0,2310.0,0.0
7100086349004501111102,2020,1,0.0,2310.0,2310.0,0.0
7100086451208851201102,2020,0,,,,
7100095033793801101102,2020,1,0.0,2310.0,2310.0,0.0
7101094152649211101101,2020,0,0.0,,,
7110120096002041111101,2020,0,0.0,,,
7144400100710041101101,2020,0,0.0,,,
7215608140910021101102,2020,1,0.0,2310.0,2310.0,0.0
7217940089108811101101,2020,1,0.0,2310.0,2310.0,0.0
7217940155005231101102,2020,0,,,,
7220164890254311101101,2020,0,0.0,,,
7221391002017021111102,2020,1,0.0,2320.0,2320.0,0.0
7263842118900051101101,2020,1,,,,
7288685018603041111102,2020,0,0.0,,,
7352151103084031101101,2020,0,0.0,,,
7352151103084031101102,2020,0,0.0,,,
7419020019508991101102,2020,1,0.0,2320.0,2320.0,0.0
7422151105044131101102,2020,0,0.0,,,
7455511202089001111101,2020,1,0.0,2320.0,2320.0,0.0
7532211001056081111101,2020,1,,2300.0,-1.0,1.0
7572439016204031111102,2020,0,,,,
7630661108058351101102,2020,0,0.0,2320.0,2320.0,
7634991408001191101102,2020,1,0.0,2300.0,2300.0,0.0
7645621502060051101104,2020,1,0.0,2310.0,2310.0,0.0
7710200379610041101102,2020,0,0.0,2320.0,2320.0,
7710640243304001201103,2020,0,,,,
7717560085504721201101,2020,0,0.0,,,
7725211703067051101101,2020,0,0.0,,,
7725211703067051101102,2020,0,0.0,,,
7960431017500051101101,2020,1,0.0,2310.0,2310.0,0.0
8019965018612071101102,2020,0,0.0,,,
8023037067102401101102,2020,1,0.0,2310.0,2310.0,0.0
8042301501034061101101,2020,1,0.0,2320.0,2320.0,0.0
8045052613105231101102,2020,1,1.0,2545.0,2545.0,-1.0
8050155636105201101102,2020,1,,440.0,440.0,-1.0
8050201704070061101101,2020,1,1.0,3230.0,3230.0,-1.0
8053023335101311101101,2020,1,,,,
8064002163610041101101,2020,1,0.0,2310.0,2310.0,0.0
8064002163610041101102,2020,1,0.0,2310.0,2310.0,0.0
8072064874103081101101,2020,0,0.0,,,
8082598014364061101102,2020,1,0.0,2330.0,2330.0,0.0
8091009627101961101101,2020,0,0.0,2310.0,2310.0,
8091009627101961101102,2020,0,0.0,2310.0,2310.0,
8100004259063911101101,2020,0,0.0,,,
8100008943917201101101,2020,0,,,,
8100019523354291101102,2020,0,0.0,2330.0,2330.0,
8100025708343661201101,2020,0,0.0,,,
8100026336199391101101,2020,0,,,,
8100029920718861101101,2020,0,0.0,,,
8100045123121721101101,2020,0,0.0,,,
8100046234425991101102,2020,0,0.0,,,
8100060000340021101102,2020,1,0.0,2310.0,2310.0,0.0
8100064427682521101102,2020,0,0.0,2310.0,2310.0,
8100088338971261201101,2020,0,,,,
8100088338971261201102,2020,0,,,,
8107083517888771101101,2020,0,,,,
8112910054004711101101,2020,1,1.0,2360.0,2360.0,-1.0
8210110041309361101101,2020,1,0.0,2320.0,2320.0,0.0
8212720007107831101101,2020,1,,,,
8213860075404941101101,2020,0,,,,
8224000115310021111101,2020,1,0.0,2310.0,2310.0,0.0
8303500459610011111102,2020,1,0.0,2310.0,2310.0,0.0
8342601014102081101103,2020,1,0.0,2310.0,2310.0,0.0
8412209893711031101101,2020,0,0.0,,,
8502649016613021101101,2020,0,0.0,2310.0,2310.0,
8503204824811041101101,2020,0,1.0,,,
8514040149307381201101,2020,0,,,,
8519611509005181101101,2020,1,0.0,2310.0,2310.0,0.0
8519620011307691101102,2020,0,,,,
8563502467111001201101,2020,0,,,,
8605591206074081101101,2020,1,0.0,2310.0,2310.0,0.0
8605591206074081101102,2020,1,,,,
8619050024409211101101,2020,1,0.0,2300.0,2300.0,0.0
8620321505029081101102,2020,0,0.0,,,
8634505012201051101102,2020,1,,,,
8710270279409641101102,2020,0,0.0,,,
8715209525910011101102,2020,0,1.0,230.0,230.0,
8715250001208941111102,2020,0,0.0,,,
8717240178100281101101,2020,0,0.0,,,
8804003999811041101103,2020,1,,2310.0,2310.0,0.0
8813170016006641111102,2020,1,0.0,2310.0,2310.0,0.0
8819060085409721111102,2020,1,0.0,2320.0,2320.0,0.0
8824701602014071111102,2020,1,0.0,2310.0,2310.0,0.0
8895806043216041101101,2020,1,1.0,750.0,2555.0,-1.0
8921744014704041101101,2020,0,0.0,,,
8947448018303021101101,2020,1,0.0,2310.0,2310.0,0.0
8989107012613051101102,2020,0,0.0,,,
9002015865104931201102,2020,0,0.0,,,
9012700004108231101101,2020,0,0.0,,,
9012700004108231101102,2020,0,0.0,,,
9013160091505501101101,2020,1,,,,
9014810091200021101102,2020,1,0.0,2330.0,2330.0,0.0
9021043903109641101101,2020,1,,2310.0,2310.0,0.0
9021043903109641101102,2020,1,,2300.0,2300.0,0.0
9023006285106931101101,2020,1,0.0,2330.0,2330.0,0.0
9051017657107671101102,2020,0,0.0,,,
9074016217103321201101,2020,0,0.0,,,
9080036125101231101101,2020,1,0.0,2330.0,2310.0,0.0
9100001659424441111101,2020,1,0.0,2320.0,2320.0,0.0
9100001659424441111102,2020,1,1.0,2310.0,3430.0,1.0
9100011122416781111101,2020,0,0.0,2310.0,2310.0,
9100016155265031111102,2020,0,0.0,,,
9100016158265061111102,2020,1,1.0,230.0,230.0,-1.0
9101014538153151101101,2020,1,,,,
9101090501368261101102,2020,1,0.0,2300.0,2300.0,0.0
9119240393306021101102,2020,1,0.0,2310.0,2310.0,0.0
9212881003009221101101,2020,1,0.0,2330.0,2330.0,0.0
9226500592710041101101,2020,0,0.0,,,
9226500592710041101102,2020,0,0.0,,,
9302901232210021111101,2020,1,1.0,2310.0,-1.0,1.0
9309605219811021101102,2020,0,0.0,,,
9312540220105211101101,2020,1,0.0,2310.0,2310.0,0.0
9427402269513041101101,2020,0,,,,
9431407254510041101102,2020,1,0.0,2310.0,2310.0,0.0
9452351803088021201101,2020,0,0.0,,,
9467796017201061101101,2020,0,0.0,,,
9471992013602071101101,2020,0,,,,
9485438018002051111101,2020,0,0.0,,,
9485438018002051111102,2020,0,0.0,,,
9516061707006151101101,2020,1,0.0,2310.0,2310.0,0.0
9529125019002051101101,2020,1,0.0,2310.0,2310.0,0.0
9588914011313081101101,2020,1,,,,
9597292018502031101101,2020,0,1.0,,,
9613630178503401101101,2020,0,,,,
9619960097100911101102,2020,1,1.0,0.0,-1.0,-1.0
9780802258610021201102,2020,0,0.0,,,
9813480051306551101103,2020,1,1.0,9620.0,9620.0,-1.0
9819860761404701101102,2020,1,0.0,2310.0,2310.0,0.0
9829831902066061111103,2020,1,0.0,2310.0,2310.0,0.0
9845280019505091111101,2020,1,0.0,2310.0,2310.0,0.0
9924132014002021101101,2020,1,0.0,2310.0,2310.0,0.0
9933221700079041101101,2020,1,0.0,2320.0,2320.0,0.0
9933221700079041101102,2020,1,0.0,2310.0,2310.0,0.0
9940411502084031101102,2020,1,0.0,2310.0,2310.0,0.0
9963773014605081111101,2020,0,,,,
9972202148711031101102,2020,0,,,,
0000675984069111301102,2021,0,0.0,,,
0001104674805721311101,2021,0,0.0,,,
0001105105299201201101,2021,1,0.0,2320.0,2300.0,0.0
0001106655649931201101,2021,1,0.0,2330.0,2330.0,0.0
0003207150371981211102,2021,1,0.0,2320.0,2320.0,0.0
0004145740613961301102,2021,0,0.0,,,
0005091215108141201102,2021,1,,2320.0,2320.0,0.0
0005104049889461301102,2021,0,0.0,,,
0005104679368291201102,2021,1,,,,
0005106245930421201102,2021,1,0.0,2310.0,2310.0,0.0
0006103073445681301102,2021,0,,,,
0006108408993391301102,2021,0,0.0,2310.0,2310.0,
0006108669455011301101,2021,0,0.0,,,
0006111512781341201101,2021,1,0.0,2310.0,2310.0,0.0
0006111512781341201102,2021,1,0.0,2310.0,2310.0,0.0
0006118124902141301101,2021,0,1.0,2016.0,2002.0,
0006118574147671301101,2021,0,0.0,,,
0006119304657851301101,2021,0,,,,
0006125471709251201101,2021,1,0.0,440.0,440.0,-1.0
0006127561028021301101,2021,0,,,,
0008105910901901301102,2021,0,0.0,2310.0,2310.0,
0008106275729461301102,2021,0,0.0,,,
0008604140341111301101,2021,0,0.0,,,
0009102740613561301102,2021,0,0.0,,,
0009104733968441301102,2021,0,0.0,,,
0012122585101371301101,2021,0,0.0,,,
0012126131106321301101,2021,0,0.0,,,
0013122518106371311101,2021,0,,,,
0015094144102061301101,2021,0,,,,
0024006341102621201102,2021,1,0.0,2310.0,2310.0,0.0
0026305110818221301101,2021,0,,,,
0027003150435701301102,2021,0,0.0,,,
0030212635017811301101,2021,0,,,,
0030557514029511211102,2021,1,0.0,2310.0,2310.0,0.0
0040683070068811301101,2021,0,,,,
0042057525105741211101,2021,1,0.0,2310.0,2310.0,0.0
0043607110368081301102,2021,0,0.0,,,
0044801205049061311102,2021,0,0.0,,,
0063227150426301301103,2021,0,0.0,,,
0070942652097611301102,2021,0,0.0,,,
0071017238100931201101,2021,1,0.0,2310.0,2310.0,0.0
0081502180945531301102,2021,0,,2310.0,2310.0,
0081601100431531301102,2021,0,0.0,,,
0083012519100441301102,2021,0,1.0,,,
0083807170571511211101,2021,1,,,,
0091015818106371201101,2021,1,0.0,2310.0,2310.0,0.0
0094130725108931201101,2021,1,,,,
0100049223936051301101,2021,0,0.0,,,
0100065116160831201102,2021,1,,,,
0100785260057211201102,2021,1,0.0,2310.0,2310.0,0.0
0101047738834461201101,2021,1,0.0,2320.0,2320.0,0.0
0101065148810281201101,2021,1,0.0,2310.0,2310.0,0.0
0101155574147171201102,2021,1,0.0,2310.0,2310.0,0.0
0101163140273951201101,2021,1,,2310.0,2310.0,0.0
0102039030897861301104,2021,0,0.0,,,
0102102206744371201102,2021,1,0.0,2310.0,2310.0,0.0
0102113444626881201101,2021,1,0.0,2310.0,2310.0,0.0
0102144673814961301102,2021,0,0.0,2310.0,2310.0,
0102144710860251301101,2021,0,0.0,,,
0103101949323171301102,2021,0,,,,
0103102404567631301102,2021,0,,,,
0103102585753321301101,2021,0,1.0,440.0,2350.0,
0105144946913901301101,2021,0,,,,
0105144946913901301102,2021,0,,,,
0106101612318641311101,2021,0,,,,
0107156432747131301101,2021,0,0.0,,,
0108104776191731201102,2021,1,0.0,2310.0,2310.0,0.0
0110365075050011211102,2021,1,0.0,2310.0,2310.0,0.0
0122228190586361201101,2021,1,0.0,2310.0,2310.0,0.0
0124104130659621301102,2021,0,0.0,,,
0125800180699171301101,2021,0,,,,
0128901100246411301101,2021,0,,2310.0,2310.0,
0135502190754741201104,2021,1,,,,
0149000180552951301101,2021,0,,,,
0153351502087031301101,2021,0,0.0,2310.0,2310.0,
0153351502087031301102,2021,0,0.0,2310.0,2310.0,
0162305510510031201102,2021,1,1.0,2310.0,2545.0,1.0
0166007180266241301101,2021,0,,2205.0,2205.0,
0186500190874621301102,2021,0,,,,
0200101831233151211101,2021,1,0.0,2310.0,2310.0,0.0
0200101831233151211102,2021,1,0.0,2310.0,2310.0,0.0
0200108234927531301101,2021,0,0.0,,,
0202109272669181211101,2021,1,0.0,2310.0,2310.0,0.0
0202109272669181211102,2021,1,0.0,2310.0,2310.0,0.0
0203307120496631201102,2021,1,,2310.0,2310.0,0.0
0205109426136151301103,2021,0,0.0,,,
0205651106070011301101,2021,0,0.0,,,
0206101762352511301101,2021,0,0.0,,,
0208103245824131201102,2021,1,0.0,2310.0,2310.0,0.0
0208103599759391201101,2021,1,0.0,2310.0,2310.0,0.0
0208104499479911311102,2021,0,0.0,,,
0210181807056051201103,2021,1,0.0,2310.0,2310.0,0.0
0210789602039711311102,2021,0,,,,
0212909100106051301101,2021,0,0.0,,,
0219660158301221301102,2021,0,0.0,2320.0,2320.0,
0220108114043611211102,2021,1,0.0,2310.0,2310.0,0.0
0221505017010031211102,2021,1,0.0,2310.0,2310.0,0.0
0225951106049051211103,2021,1,,,,
0230574121083211301101,2021,0,0.0,,,
0230586122043211311102,2021,0,,,,
0240967144084211301101,2021,0,0.0,,,
0250307622025411201101,2021,1,,,,
0250714393081011201102,2021,1,,,,
0290765290047711301101,2021,0,0.0,,,
0290765290047711301102,2021,0,0.0,,,
0292307150756951301101,2021,0,0.0,,,
0300112525384621311101,2021,0,,,,
0302162752571971201101,2021,1,,,,
0303111053263331301102,2021,0,0.0,,,
0304104599759291201102,2021,1,,,,
0304107131275341201102,2021,1,1.0,2555.0,2555.0,-1.0
0305102648246381211102,2021,1,0.0,2310.0,2310.0,0.0
0305145054577741201101,2021,1,,,,
0306112520984831201103,2021,1,0.0,2310.0,2310.0,0.0
0306113250633851301103,2021,0,0.0,,,
0306127890450551301102,2021,0,0.0,,,
0306129458630371201101,2021,1,0.0,2300.0,2300.0,0.0
0307118476043361301103,2021,0,,,,
0308106108909781301101,2021,0,0.0,,,
0308107745791131301101,2021,0,,,,
0308111057223611311101,2021,0,0.0,,,
0309101879214621301102,2021,0,0.0,,,
0309102441294521301101,2021,0,0.0,,,
0309102704214661201101,2021,1,0.0,2310.0,2310.0,0.0
0309102704214661201102,2021,1,0.0,2310.0,2310.0,0.0
0309108968993061201101,2021,1,,,,
0310017544088611301102,2021,0,0.0,,,
0310081013056011301101,2021,0,0.0,,,
0312520121201081301101,2021,0,1.0,,,
0319300017500121201101,2021,1,1.0,2545.0,2545.0,-1.0
0340267911031811311102,2021,0,0.0,,,
0340447272083711201101,2021,1,0.0,2310.0,2310.0,0.0
0340508185063411201102,2021,1,,2310.0,2310.0,0.0
0350667050028711301102,2021,0,0.0,,,
0350999054076811301101,2021,0,0.0,,,
0353303035410031211101,2021,1,0.0,2310.0,2310.0,0.0
0366901130410011211101,2021,1,1.0,0.0,-1.0,-1.0
0401102746757031211101,2021,1,,,,
0401102746757031211102,2021,1,,,,
0401103431458331211101,2021,1,,,,
0401103458630171201102,2021,1,,2310.0,2310.0,0.0
0401106100037911301102,2021,0,0.0,,,
0401109671111191201102,2021,1,0.0,2300.0,2300.0,0.0
0402102499702691301101,2021,0,0.0,,,
0402104204674271201102,2021,1,,2310.0,2310.0,0.0
0402105058490991301102,2021,0,,,,
0402106219033901301102,2021,0,0.0,,,
0404108245930521201102,2021,1,0.0,2310.0,2310.0,0.0
0406110028298291301102,2021,0,1.0,0.0,-1.0,
0408107342265301301101,2021,0,0.0,2320.0,2320.0,
0408108939245061301102,2021,0,0.0,2310.0,2310.0,
0408109018624141301101,2021,0,0.0,,,
0408109378053601201102,2021,1,,,,
0408109378053601201103,2021,1,,,,
0408109378053601301101,2021,0,0.0,,,
0409105330965961301102,2021,0,0.0,,,
0409106012655921301102,2021,0,0.0,2320.0,2320.0,
0409106964696421201101,2021,1,,,,
0409113227182341301101,2021,0,0.0,,,
0409113227182341301102,2021,0,0.0,,,
0409125072276411301102,2021,0,0.0,2310.0,2310.0,
0409511206094061301101,2021,0,0.0,,,
0410128752060511211102,2021,1,1.0,2545.0,2545.0,-1.0
0420954064025211301101,2021,0,1.0,,,
0435441407085061301101,2021,0,0.0,2320.0,2320.0,
0439511208084061301101,2021,0,0.0,,,
0450878673043411201102,2021,1,,2310.0,2310.0,0.0
0480766024058911301101,2021,0,,,,
0500105803352971311101,2021,0,0.0,2320.0,2320.0,
0500105803352971311102,2021,0,0.0,2320.0,2320.0,
0500115373849481211102,2021,1,0.0,2320.0,2320.0,0.0
0500771241065511301102,2021,0,,,,
0501102104664891201101,2021,1,0.0,2330.0,2330.0,0.0
0501106730348741301102,2021,0,0.0,,,
0501108329597141201101,2021,1,0.0,2310.0,2310.0,0.0
0501110501769981301101,2021,0,0.0,,,
0503101156076581211101,2021,1,0.0,2330.0,2330.0,0.0
0503109946502851201103,2021,1,0.0,2310.0,2310.0,0.0
0503123344170531301102,2021,0,,,,
0504103381789661301101,2021,0,,,,
0504103381789661301102,2021,0,,,,
0504105053408271211102,2021,1,0.0,2310.0,2310.0,0.0
0504113709253071301102,2021,0,0.0,,,
0505103134501121201102,2021,1,0.0,2320.0,2320.0,0.0
0505103204674371301101,2021,0,,2330.0,2330.0,
0505103393061591301102,2021,0,0.0,,,
0505104580614411301102,2021,0,0.0,,,
0506107279785611301101,2021,0,,,,
0506118469779341201101,2021,1,,,,
0520018082006911311102,2021,0,0.0,2310.0,2310.0,
0530205084059611211103,2021,1,1.0,230.0,2545.0,-1.0
0540365663062111301101,2021,0,0.0,,,
0560721552061111211102,2021,1,0.0,2310.0,2310.0,0.0
0560923864068311301102,2021,0,0.0,,,
0566944015000021301102,2021,0,0.0,2310.0,2310.0,
0570026781058411201101,2021,1,0.0,2310.0,2310.0,0.0
0570026781058411301101,2021,0,0.0,,,
0570699423010411301102,2021,0,,,,
0580323132063211201102,2021,1,0.0,2300.0,2300.0,0.0
0590537873098211201103,2021,1,1.0,3245.0,3245.0,-1.0
0603731906049001301101,2021,0,0.0,,,
0610850016400561301102,2021,0,1.0,2205.0,2205.0,
0612870074309681301101,2021,0,0.0,,,
0612870074309681301102,2021,0,0.0,,,
0619150016500521301102,2021,0,1.0,2310.0,-1.0,
0619280291005111301101,2021,0,,,,
0624741703017051201103,2021,1,0.0,2310.0,2310.0,0.0
0626211106095081301102,2021,0,1.0,,,
0630829812037011311101,2021,0,0.0,,,
0640810910040811311102,2021,0,0.0,,,
0650257123022411311101,2021,0,,,,
0660121521055611301101,2021,0,0.0,2310.0,2310.0,
0660181520065611201101,2021,1,0.0,2310.0,2310.0,0.0
0680082522024111301102,2021,0,0.0,,,
0690138433044111311101,2021,0,,,,
0690617494091711201102,2021,1,,2310.0,2310.0,0.0
0704904015314031301102,2021,0,,,,
0710441105099051201102,2021,1,0.0,2320.0,2320.0,0.0
0710649054028911301101,2021,0,,,,
0714470475005431301101,2021,0,0.0,,,
0718370072303761201102,2021,1,0.0,2310.0,2310.0,0.0
0720614425012811201102,2021,1,0.0,2330.0,2330.0,0.0
0727203418510041301102,2021,0,1.0,205.0,205.0,
0740129741011611201102,2021,1,,,,
0740825851053611201101,2021,1,0.0,2310.0,2310.0,0.0
0745441500027001311102,2021,0,0.0,,,
0750139443071811201101,2021,1,0.0,2310.0,2310.0,0.0
0750604032029211201102,2021,1,0.0,2310.0,2310.0,0.0
0770692111011911201101,2021,1,,,,
0780551322050311201102,2021,1,,2300.0,2300.0,0.0
0780572361030511301102,2021,0,1.0,,,
0780665450263511301101,2021,0,0.0,,,
0819412160646961201101,2021,1,0.0,2320.0,2320.0,0.0
0830424394017811301101,2021,0,0.0,,,
0830832991030811301101,2021,0,,,,
0840066550048411201101,2021,1,0.0,2300.0,2300.0,0.0
0840592152022911201105,2021,1,,,,
0864308435110051201101,2021,1,,,,
0880768200250111201102,2021,1,0.0,2330.0,2330.0,0.0
0890380223061711301101,2021,0,0.0,,,
0890707054077311301102,2021,0,0.0,,,
0900016394047311311101,2021,0,0.0,,,
0900854165022811301101,2021,0,0.0,2310.0,2310.0,
0906568015821011201102,2021,1,,,,
0911008641410041301102,2021,0,0.0,,,
0926051011402001211101,2021,1,0.0,2310.0,2310.0,0.0
0930343016605051201102,2021,1,0.0,2310.0,2310.0,0.0
0960752814095111201101,2021,1,,2310.0,2310.0,0.0
0960805163064011301102,2021,0,,,,
0970957225034311301101,2021,0,0.0,,,
0970957225034311301102,2021,0,0.0,,,
0976209067910051211101,2021,1,0.0,2300.0,2300.0,0.0
1000017088101141301102,2021,0,,,,
1004212874103041201101,2021,1,0.0,2310.0,2310.0,0.0
1006188648141041301102,2021,0,,,,
1006191978001891201101,2021,1,0.0,2310.0,2310.0,0.0
1006192823295681301101,2021,0,0.0,,,
1006199763254021301101,2021,0,0.0,,,
1009320100973391311101,2021,0,,,,
1010101046107621301104,2021,0,,,,
1010957592070211301102,2021,0,0.0,2320.0,2320.0,
1012290061104391301101,2021,0,,,,
1016840082305661301104,2021,0,,2310.0,2300.0,
1019430301188061301101,2021,0,0.0,,,
1019740040407021301101,2021,0,0.0,2310.0,2310.0,
1019740040407021301102,2021,0,0.0,2310.0,2310.0,
1020077941107061301102,2021,0,0.0,,,
1022190275105111301104,2021,0,0.0,,,
1026305180423541301101,2021,0,0.0,2300.0,2300.0,
1030000669104101301101,2021,0,0.0,2310.0,2310.0,
1031183520108191201102,2021,1,0.0,2320.0,2320.0,0.0
1040021855109741301102,2021,0,0.0,,,
1042099512105111311102,2021,0,1.0,,,
1042703150497481301102,2021,0,0.0,,,
1042905130429851201101,2021,1,,2310.0,2310.0,0.0
1044350400816641211102,2021,1,0.0,2330.0,2330.0,0.0
1049350002318031301101,2021,0,0.0,,,
1050320600230701201102,2021,1,1.0,4020.0,4020.0,-1.0
1051060833103121201101,2021,1,0.0,2320.0,2320.0,0.0
1051226822105491301101,2021,0,,,,
1054006180032341201101,2021,1,0.0,2310.0,2310.0,0.0
1055700602246231301102,2021,0,0.0,,,
1064900130318541201101,2021,1,,,,
1071635507103981201102,2021,1,0.0,2300.0,2300.0,0.0
1074064597105411201101,2021,1,0.0,2330.0,2330.0,0.0
1075806100527441301101,2021,0,0.0,,,
1082348012604001301102,2021,0,0.0,,,
1088740800977191201101,2021,1,0.0,2330.0,2330.0,0.0
1092605120287481201101,2021,1,1.0,2310.0,230.0,1.0
1092605120287481201102,2021,1,0.0,2310.0,2310.0,0.0
1096600500321461311101,2021,0,0.0,,,
1096600500321461311102,2021,0,0.0,,,
1100006743342441301101,2021,0,0.0,,,
1100025243890911301101,2021,0,,,,
1100039338724611201101,2021,1,1.0,4700.0,4700.0,-1.0
1100048835754101311101,2021,0,0.0,,,
1100069429400121301101,2021,0,0.0,,,
1100072204430511311101,2021,0,0.0,2300.0,2310.0,
1100079242617981301102,2021,0,0.0,,,
1100085335798411201102,2021,1,1.0,0.0,-1.0,-1.0
1100100800809491301101,2021,0,,,,
1101029124476151201104,2021,1,0.0,2310.0,2310.0,0.0
1101098501275761301101,2021,0,0.0,,,
1102072230330581201101,2021,1,0.0,2310.0,2310.0,0.0
1102097854452731301101,2021,0,,,,
1103082915759651301102,2021,0,0.0,,,
1114640093504681211101,2021,1,0.0,2320.0,2320.0,0.0
1117450600248951311101,2021,0,0.0,2310.0,2310.0,
1127700500826521201101,2021,1,,5550.0,5560.0,-1.0
1129240500536521201101,2021,1,0.0,2310.0,2310.0,0.0
1130010900368631201101,2021,1,0.0,2310.0,2310.0,0.0
1130010900368631201102,2021,1,0.0,2310.0,2310.0,0.0
1140578483001911301102,2021,0,0.0,,,
1146520800426351301101,2021,0,,,,
1151291603015131201101,2021,1,0.0,2320.0,2320.0,0.0
1151291603015131201102,2021,1,0.0,2320.0,2320.0,0.0
1155420600673431201102,2021,1,0.0,2310.0,2310.0,0.0
1155607190665071311101,2021,0,0.0,,,
1160940201131591201101,2021,1,0.0,2310.0,2310.0,0.0
1162663015120091301101,2021,0,0.0,2300.0,2300.0,
1177802100093011301101,2021,0,0.0,2310.0,2310.0,
1184110801927251301102,2021,0,,,,
1192404617015011301101,2021,0,0.0,,,
1193300600882581201101,2021,1,0.0,2320.0,2320.0,0.0
1204230600949311201102,2021,1,,,,
1204240200849411301101,2021,0,,,,
1212030090406531311102,2021,0,0.0,2310.0,2310.0,
1228946011914051301102,2021,0,0.0,,,
1239920800478321301102,2021,0,0.0,,,
1250269183026011301101,2021,0,,,,
1261805190532051301101,2021,0,1.0,,,
1282450300053651201101,2021,1,,,,
1301500600255721201101,2021,1,0.0,2300.0,2300.0,0.0
1318100046006161311102,2021,0,0.0,,,
1321840802341051201101,2021,1,0.0,2300.0,2300.0,0.0
1333430202645451301101,2021,0,,,,
1335340700412181301101,2021,0,0.0,,,
1335340700412181301102,2021,0,0.0,,,
1338810300932151301101,2021,0,0.0,2310.0,2310.0,
1355140700039421301102,2021,0,0.0,,,
1363040700798951201101,2021,1,0.0,2310.0,2310.0,0.0
1363040700798951201102,2021,1,0.0,2310.0,2310.0,0.0
1370299500028911301101,2021,0,,,,
1370299500028911301102,2021,0,,,,
1370720001702381301101,2021,0,0.0,,,
1370950612007111301102,2021,0,1.0,,,
1374730500821581301103,2021,0,0.0,2310.0,2310.0,
1393310706071161301102,2021,0,1.0,,,
1404900601915141201104,2021,1,0.0,2320.0,2320.0,0.0
1408441506097011311101,2021,0,0.0,,,
1408441507007411301101,2021,0,,2320.0,2320.0,
1408441507007411301102,2021,0,0.0,2330.0,2330.0,
1410150472058211301102,2021,0,0.0,,,
1412801387610001211101,2021,1,0.0,2310.0,2310.0,0.0
1416350601906271201102,2021,1,1.0,4600.0,4600.0,-1.0
1417040061208421301101,2021,0,0.0,,,
1417040061208421301102,2021,0,0.0,,,
1422530504957351201102,2021,1,0.0,2310.0,2310.0,0.0
1423320800293251311101,2021,0,,,,
1423320800293251311102,2021,0,,,,
1423420400758921301101,2021,0,1.0,,,
1428600901546441201102,2021,1,0.0,2310.0,2310.0,0.0
1437820400250941301101,2021,0,0.0,,,
1440951201056021311101,2021,0,0.0,,,
1444120000781261301101,2021,0,0.0,2300.0,2300.0,
1445710202752311201102,2021,1,0.0,2310.0,2310.0,0.0
1454230601526461201101,2021,1,0.0,2310.0,2310.0,0.0
1455520100651061301102,2021,0,0.0,,,
1459949018900041201101,2021,1,,,,
1467103190602051201101,2021,1,,,,
1480600545046111311102,2021,0,,2310.0,2310.0,
1482710300279241301103,2021,0,,,,
1484420100082441301102,2021,0,0.0,,,
1487704180722301301101,2021,0,0.0,,,
1489600600510661301102,2021,0,0.0,,,
1506830900210281201102,2021,1,0.0,2320.0,2320.0,0.0
1507820500634001211102,2021,1,0.0,2320.0,2320.0,0.0
1510682060025011301102,2021,0,1.0,,,
1510682060025011301103,2021,0,0.0,,,
1511610800193081311101,2021,0,1.0,2016.0,2002.0,
1520901775003511301101,2021,0,0.0,,,
1529010501175661211102,2021,1,,,,
1531620201149571311101,2021,0,0.0,,,
1533704140737271301103,2021,0,,,,
1538505130437491201102,2021,1,0.0,2310.0,2310.0,0.0
1539106190337771301101,2021,0,,,,
1543705120521521311101,2021,0,0.0,,,
1543705120521521311102,2021,0,0.0,,,
1548871403055021201101,2021,1,0.0,4600.0,-1.0,-1.0
1550065432043711201102,2021,1,0.0,2310.0,2310.0,0.0
1557910706383811201101,2021,1,0.0,2310.0,2310.0,0.0
1573150400652551211101,2021,1,0.0,2310.0,2310.0,0.0
1574740700645001301102,2021,0,0.0,,,
1577110501525471211101,2021,1,1.0,2310.0,-1.0,1.0
1579140100681561301102,2021,0,0.0,,,
1579140500281961201102,2021,1,,,,
1580464990035911201107,2021,1,0.0,2310.0,2310.0,0.0
1590086624054511301101,2021,0,0.0,,,
1590482504082811301103,2021,0,0.0,,,
1591904018802061211102,2021,1,,2320.0,2320.0,0.0
1595920600791211301101,2021,0,0.0,2310.0,2310.0,
1600461360060411301101,2021,0,,,,
1603011102001341301101,2021,0,1.0,51.0,51.0,
1603105672710051201101,2021,1,0.0,2310.0,2310.0,0.0
1605740800558691301101,2021,0,0.0,,,
1605740800558691301102,2021,0,0.0,,,
1610081534001911301101,2021,0,0.0,2310.0,2310.0,
1611560084005441311101,2021,0,,,,
1614630185305111301101,2021,0,,,,
1619210199403031201101,2021,1,0.0,2310.0,2310.0,0.0
1620050100511691201101,2021,1,0.0,2310.0,2310.0,0.0
1622201017211071301101,2021,0,,,,
1631310300859601301101,2021,0,,,,
1640266230269511201101,2021,1,0.0,2310.0,2310.0,0.0
1658541306070041311102,2021,0,,,,
1660610700033441201102,2021,1,0.0,2330.0,2330.0,0.0
1660751991042011211102,2021,1,0.0,2310.0,2310.0,0.0
1662140800269241201102,2021,1,,,,
1662800100118571301102,2021,0,0.0,2330.0,2310.0,
1674500602987701201101,2021,1,0.0,2330.0,2330.0,0.0
1674920500397641301101,2021,0,1.0,,,
1693740700314001211102,2021,1,1.0,4521.0,4600.0,-1.0
1694158013424011301102,2021,0,1.0,,,
1700083380065411301101,2021,0,0.0,,,
1704820603818031201101,2021,1,0.0,2310.0,2310.0,0.0
1710429394029011301102,2021,0,0.0,2310.0,2310.0,
1710665051068911201101,2021,1,1.0,0.0,-1.0,-1.0
1711270065402951301102,2021,0,0.0,,,
1717190058509431301101,2021,0,1.0,,,
1718210300445311301101,2021,0,1.0,,,
1718951206071031301102,2021,0,0.0,,,
1721409833910031301101,2021,0,,,,
1721549011504021301102,2021,0,0.0,,,
1724902790910051301101,2021,0,0.0,,,
1727010204725321201102,2021,1,1.0,2310.0,-1.0,1.0
1736730800330661311101,2021,0,0.0,,,
1746330701460941201101,2021,1,0.0,2300.0,-1.0,1.0
1747440400738991301101,2021,0,0.0,,,
1747710106841951311101,2021,0,0.0,,,
1747730504841551301102,2021,0,0.0,,,
1751710700098651301102,2021,0,0.0,,,
1751730900698051301102,2021,0,0.0,,,
1766440903690071301102,2021,0,,,,
1770727213015511311101,2021,0,1.0,,,
1771203262210031301102,2021,0,,,,
1773520900216971301101,2021,0,0.0,,,
1773520900216971301102,2021,0,0.0,,,
1774920601072571301101,2021,0,0.0,2310.0,2310.0,
1774920601072571301102,2021,0,0.0,2320.0,2320.0,
1780664450233511201101,2021,1,,2310.0,2320.0,0.0
1781550302597521301101,2021,0,0.0,,,
1786600500568511201102,2021,1,,,,
1786740100248381201102,2021,1,0.0,2310.0,2310.0,0.0
1790530000966971301102,2021,0,0.0,,,
1797930000218861301102,2021,0,0.0,,,
1800880664007211301102,2021,0,0.0,,,
1800997604033911301101,2021,0,,,,
1803440100756811301101,2021,0,,,,
1815820022207441211101,2021,1,,,,
1817650087306731301102,2021,0,0.0,,,
1817730100583651301102,2021,0,0.0,,,
1820137503011311301102,2021,0,0.0,,,
1847500500016461301102,2021,0,1.0,,,
1854150300669071311102,2021,0,0.0,,,
1857801376910031301101,2021,0,0.0,,,
1859640400401181311101,2021,0,0.0,,,
1860438863004211301101,2021,0,0.0,2310.0,2310.0,
1860540101053091301102,2021,0,0.0,,,
1865420400492111301101,2021,0,0.0,,,
1874240500209881301102,2021,0,0.0,,,
1886910204917731301101,2021,0,,,,
1887120500532661201102,2021,1,,,,
1887120500532661301102,2021,0,1.0,0.0,-1.0,
1889230601330451301102,2021,0,0.0,,,
1890364293093611201102,2021,1,0.0,2310.0,2310.0,0.0
1908530800445381211101,2021,1,0.0,2300.0,2300.0,0.0
1913940500111411311102,2021,0,,,,
1917905141110051201101,2021,1,0.0,2300.0,2300.0,0.0
1919150019009511301101,2021,0,0.0,,,
1925830100606631201101,2021,1,0.0,2310.0,2310.0,0.0
1936240400966971201101,2021,1,0.0,2310.0,2310.0,0.0
1970100100694401201102,2021,1,0.0,2310.0,2310.0,0.0
1970988884005911201101,2021,1,0.0,2330.0,2330.0,0.0
1999920800413291311102,2021,0,0.0,,,
2003604140347101301101,2021,0,1.0,,,
2004003261104111201102,2021,1,0.0,2320.0,2310.0,0.0
2004003262102111301103,2021,0,0.0,,,
2006106219466241201102,2021,1,0.0,2310.0,2310.0,0.0
2006116978001491301101,2021,0,,,,
2010078711105591301102,2021,0,0.0,,,
2010331408081251301102,2021,0,0.0,,,
2011167426103401201102,2021,1,0.0,2320.0,2320.0,0.0
2012602120775231211101,2021,1,0.0,2320.0,2320.0,0.0
2015078744107591301101,2021,0,0.0,,,
2015709160962421211101,2021,1,,2310.0,2310.0,0.0
2030000160621291301102,2021,0,0.0,,,
2032705100351411301101,2021,0,0.0,,,
2032709100155551311102,2021,0,0.0,2310.0,2310.0,
2041012779101701301101,2021,0,0.0,,,
2043096239100181301101,2021,0,0.0,,,
2043301110112011311101,2021,0,1.0,,,
2046004130874591201102,2021,1,0.0,2310.0,2310.0,0.0
2052001100498431311101,2021,0,0.0,,,
2053048294105371301102,2021,0,0.0,,,
2057303150979481301103,2021,0,0.0,,,
2057809150967601301101,2021,0,,,,
2070069393078911301101,2021,0,,,,
2071003150307811201102,2021,1,0.0,2310.0,2310.0,0.0
2075909120529671301101,2021,0,0.0,,,
2081200130277811301101,2021,0,0.0,,,
2084201110746441201102,2021,1,1.0,5260.0,5260.0,-1.0
2089787016603041201102,2021,1,0.0,2330.0,2330.0,0.0
2093108160507731301101,2021,0,0.0,,,
2093183229103971201102,2021,1,,,,
2095062185108231301102,2021,0,0.0,,,
2100040851929261201101,2021,1,0.0,2320.0,2320.0,0.0
2100040851929261201102,2021,1,0.0,2320.0,2320.0,0.0
2100040855329211301101,2021,0,0.0,,,
2100040855329211301102,2021,0,0.0,,,
2100055339458471301102,2021,0,0.0,,,
2100058612698531201101,2021,1,,,,
2100070118115781301102,2021,0,0.0,,,
2100077129599151201102,2021,1,0.0,2310.0,2310.0,0.0
2100081729476691301101,2021,0,0.0,,,
2102018637487681301101,2021,0,1.0,4510.0,4600.0,
2105057213455411201102,2021,1,,,,
2114270084209231201102,2021,1,,2310.0,2310.0,0.0
2117551503042641301102,2021,0,,2310.0,2310.0,
2127901100125151301102,2021,0,1.0,,,
2132982017602031201101,2021,1,0.0,2320.0,2320.0,0.0
2158309267210041201101,2021,1,0.0,2320.0,2320.0,0.0
2184201110745491301102,2021,0,0.0,,,
2191905180090761201101,2021,1,0.0,2310.0,2310.0,0.0
2191905180090761201102,2021,1,0.0,2310.0,2310.0,0.0
2220898754046011201104,2021,1,0.0,0.0,2310.0,-1.0
2277803100846151301102,2021,0,,,,
2289837012101041301101,2021,0,0.0,2310.0,2310.0,
2289837012101041301102,2021,0,0.0,2310.0,2310.0,
2305804536320001301101,2021,0,,,,
2311831603006001201102,2021,1,0.0,2310.0,2310.0,0.0
2317530083201571301103,2021,0,0.0,2310.0,2310.0,
2319391402087031301101,2021,0,0.0,,,
2347902663611011301101,2021,0,0.0,,,
2367506669011041301101,2021,0,0.0,,,
2441401109050281201102,2021,1,0.0,2330.0,2330.0,0.0
2446461409058041201102,2021,1,0.0,2310.0,2310.0,0.0
2502106446910021301103,2021,0,,2310.0,2320.0,
2545231400076091201102,2021,1,0.0,2310.0,2310.0,0.0
2550008555005611301101,2021,0,0.0,,,
2550008555005611301102,2021,0,0.0,,,
2550909772010041201101,2021,1,0.0,2310.0,2310.0,0.0
2552619016602021301101,2021,0,0.0,,,
2568238014202051301101,2021,0,,,,
2582679016603021301101,2021,0,0.0,,,
2619200473105331301101,2021,0,0.0,,,
2619200473105331301102,2021,0,0.0,,,
2625723013201071201104,2021,1,0.0,1050.0,1050.0,-1.0
2637091001037091201102,2021,1,0.0,2320.0,2320.0,0.0
2711010132305251301101,2021,0,,,,
2712970206402131201102,2021,1,0.0,2320.0,2320.0,0.0
2713003894110041301102,2021,0,0.0,,,
2713630015501451211101,2021,1,0.0,2310.0,2310.0,0.0
2717221702087021201101,2021,1,,,,
2723901505511041301101,2021,0,0.0,,,
2730518013601051301101,2021,0,,,,
2734321602003091301102,2021,0,,,,
2788004327010011301101,2021,0,,,,
2798172019401091201101,2021,1,0.0,2320.0,2320.0,0.0
2817100002408531201101,2021,1,0.0,2310.0,2310.0,0.0
2848521901058011301101,2021,0,0.0,,,
2851032019811061301103,2021,0,,,,
2855403332910021211101,2021,1,0.0,2330.0,2330.0,0.0
2865209870510011301103,2021,0,,2310.0,2310.0,
2875812017503041201101,2021,1,0.0,2320.0,2320.0,0.0
2901401103060081201101,2021,1,0.0,2330.0,2330.0,0.0
2912620885013891301101,2021,0,,3110.0,3110.0,
2912620885013891301102,2021,0,,4150.0,4150.0,
2960201701045511301102,2021,0,,,,
2966081011405001301102,2021,0,,,,
2991422018502051201101,2021,1,0.0,2320.0,2320.0,0.0
2991422018502051201102,2021,1,0.0,2320.0,2320.0,0.0
3002019629103601201101,2021,1,0.0,2310.0,2310.0,0.0
3004026478103521301102,2021,0,0.0,2320.0,2300.0,
3007405120827381201101,2021,1,0.0,2320.0,2320.0,0.0
3007707150161801201101,2021,1,0.0,2310.0,2310.0,0.0
3007707150161801201102,2021,1,0.0,2310.0,2310.0,0.0
3012203160418831311102,2021,0,0.0,,,
3012803130001631311101,2021,0,0.0,,,
3012906110719201301102,2021,0,,,,
3015100093007961301101,2021,0,0.0,,,
3035184314100591301101,2021,0,,,,
3037605120984311301104,2021,0,,,,
3042509180689131301101,2021,0,0.0,,,
3047607110363011301101,2021,0,0.0,,,
3048105120021301301101,2021,0,0.0,,,
3058769013504021201101,2021,1,0.0,0.0,-1.0,-1.0
3059721407088081301101,2021,0,0.0,,,
3064029969107731301101,2021,0,0.0,2310.0,2310.0,
3065343019412061301102,2021,0,1.0,,,
3070107190134691211101,2021,1,0.0,2320.0,2320.0,0.0
3071206112108151301101,2021,0,0.0,,,
3074300100997341301102,2021,0,0.0,,,
3082014975100921301101,2021,0,0.0,,,
3084014989101921201101,2021,1,1.0,3550.0,2360.0,-1.0
3087105160679811301101,2021,0,0.0,,,
3090445194100511201101,2021,1,,,,
3091095272101331201102,2021,1,0.0,2310.0,2310.0,0.0
3093084044107311301102,2021,0,0.0,,,
3094000718103311301101,2021,0,0.0,,,
3094000718103311301102,2021,0,0.0,,,
3096204150847221201102,2021,1,,2310.0,2310.0,0.0
3100058225742441201103,2021,1,,,,
3100061935217771301102,2021,0,0.0,,,
3100065840115781301101,2021,0,0.0,,,
3100071903836381201101,2021,1,0.0,2310.0,2310.0,0.0
3100095141294561201102,2021,1,0.0,2310.0,2310.0,0.0
3101901100983851201102,2021,1,,5320.0,5320.0,-1.0
3102502170193551201102,2021,1,0.0,2310.0,2310.0,0.0
3105802150995571301102,2021,0,0.0,,,
3112680157308721201102,2021,1,0.0,2310.0,2310.0,0.0
3122704110720531211101,2021,1,0.0,2320.0,2320.0,0.0
3133407150150451301101,2021,0,0.0,,,
3133407150150451301102,2021,0,0.0,,,
3141661400075021301103,2021,0,0.0,,,
3146621700046091211101,2021,1,0.0,2310.0,2310.0,0.0
3149501201032041311101,2021,0,0.0,,,
3149501201032041311102,2021,0,0.0,,,
3154604550411021201102,2021,1,0.0,2320.0,2320.0,0.0
3164500150910371211101,2021,1,0.0,2310.0,2310.0,0.0
3164500150910371211102,2021,1,0.0,2310.0,2310.0,0.0
3211440053509351201102,2021,1,0.0,2310.0,2310.0,0.0
3297408150056051201101,2021,1,0.0,2300.0,2300.0,0.0
3312770173308481201102,2021,1,0.0,2300.0,2300.0,0.0
3314840054403491201101,2021,1,,2310.0,2310.0,0.0
3364408073512051301101,2021,0,0.0,,,
3417640276000771301102,2021,0,,,,
3419180028404691301102,2021,0,0.0,,,
3421453013504081301102,2021,0,0.0,,,
3469251214610061301101,2021,0,,,,
3525881907031141201102,2021,1,1.0,230.0,230.0,-1.0
3552705718912051301102,2021,0,,,,
3601007110912011201101,2021,1,,,,
3606031207085251301101,2021,0,0.0,,,
3613310093107741301102,2021,0,0.0,,,
3616960046203051301102,2021,0,0.0,,,
3617390020109271301101,2021,0,0.0,,,
3664555012220051301102,2021,0,0.0,,,
3675655013401091301102,2021,0,0.0,,,
3683457014000031201102,2021,1,0.0,2300.0,2300.0,0.0
3714690020000521201101,2021,1,0.0,2310.0,2310.0,0.0
3715441508093531201101,2021,1,0.0,2320.0,2320.0,0.0
3716890320400551301101,2021,0,0.0,,,
3716890320400551301103,2021,0,0.0,,,
3722821001017081301102,2021,0,0.0,,,
3770263763006411301102,2021,0,0.0,,,
3813710052301351301102,2021,0,,,,
3848961508086071201101,2021,1,1.0,2320.0,-1.0,1.0
3901661403015121201101,2021,1,0.0,2330.0,2330.0,0.0
3913280066108541301102,2021,0,,,,
3939321404071061201101,2021,1,,,,
3972001597510021301102,2021,0,,,,
4000504190380491211101,2021,1,0.0,2310.0,2310.0,0.0
4009209190871051201101,2021,1,,,,
4013093671108231301102,2021,0,,,,
4019280045405821301101,2021,0,0.0,,,
4019280045405821301102,2021,0,0.0,,,
4019402160647931301101,2021,0,0.0,,,
4026708100116741301101,2021,0,0.0,2320.0,2320.0,
4030074335100721301101,2021,0,0.0,,,
4033501100121411301101,2021,0,0.0,,,
4035056073108741201101,2021,1,,,,
4038551400044111301101,2021,0,0.0,,,
4040150446102911301101,2021,0,0.0,2300.0,2300.0,
4040921681042011301102,2021,0,0.0,2310.0,2310.0,
4041464015103311301102,2021,0,0.0,,,
4043077687100991301101,2021,0,,,,
4043664032104311301101,2021,0,0.0,,,
4046605415914001201101,2021,1,1.0,2205.0,-1.0,-1.0
4051202190645031311101,2021,0,,,,
4052150614105441301102,2021,0,0.0,,,
4053802160420911301102,2021,0,0.0,,,
4055156811108631301102,2021,0,,,,
4064104722106361301101,2021,0,0.0,,,
4073905190187401211101,2021,1,,,,
4097296012824051301102,2021,0,,0.0,-1.0,
4097504120368201201101,2021,1,0.0,2310.0,2310.0,0.0
4099304190275681301101,2021,0,0.0,,,
4099909150387431301101,2021,0,,,,
4100080417596101311102,2021,0,,,,
4100095323827601201102,2021,1,0.0,2310.0,2310.0,0.0
4101040931215301211101,2021,1,0.0,2310.0,2310.0,0.0
4101082051258241301102,2021,0,,,,
4101607180145451201101,2021,1,0.0,2310.0,2310.0,0.0
4104045735370551301102,2021,0,,,,
4119094606762161301101,2021,0,0.0,,,
4119094606762161301102,2021,0,0.0,,,
4146441009034061201102,2021,1,0.0,2320.0,2320.0,0.0
4162810218700001201102,2021,1,0.0,2310.0,2310.0,0.0
4164619013001011211101,2021,1,0.0,2320.0,2320.0,0.0
4206441308085101301101,2021,0,0.0,,,
4213701068810031301101,2021,0,,,,
4228341907017071211102,2021,1,0.0,2310.0,2310.0,0.0
4228507180008311301103,2021,0,0.0,,,
4229887012111041301101,2021,0,,,,
4232479014501081301101,2021,0,1.0,,,
4266625018910061201102,2021,1,1.0,2360.0,2360.0,-1.0
4287108150694061301101,2021,0,0.0,,,
4295104871414001301102,2021,0,,,,
4300888354111011201101,2021,1,0.0,2320.0,2320.0,0.0
4309798017604011301102,2021,0,,,,
4317050052206221201101,2021,1,0.0,2310.0,2330.0,0.0
4332861609068041301101,2021,0,0.0,,,
4334925015401011301101,2021,0,0.0,,,
4354351002008171201102,2021,1,0.0,2310.0,2310.0,0.0
4356429017900021201101,2021,1,,,,
4368916180178471301102,2021,0,0.0,,,
4411600106003661301102,2021,0,1.0,,,
4417431012103011301101,2021,0,0.0,,,
4514560165309111311102,2021,0,0.0,,,
4516131406024101311101,2021,0,0.0,,,
4520891606074011301102,2021,0,,,,
4543061701037041311102,2021,0,,,,
4601421606078091301102,2021,0,0.0,,,
4601811620024141201101,2021,1,0.0,2310.0,2310.0,0.0
4606251505026011301101,2021,0,1.0,2310.0,2310.0,
4630210016302001311101,2021,0,0.0,,,
4637731502086061301102,2021,0,0.0,,,
4659411014905011301102,2021,0,0.0,,,
4716590001409061301101,2021,0,,,,
4721807241410021301101,2021,0,0.0,,,
4772976011902051201101,2021,1,,,,
4794003644111021301102,2021,0,0.0,,,
4820438010611071301101,2021,0,0.0,2310.0,2310.0,
4880277019004001301101,2021,0,,,,
4915871502004061201101,2021,1,0.0,2310.0,2310.0,0.0
4919650000008991301103,2021,0,,2145.0,2145.0,
4932571101035041301101,2021,0,0.0,,,
4990782174145911301101,2021,0,,,,
5000027211106461301102,2021,0,0.0,,,
5013971703065191301101,2021,0,,,,
5020106013021011301103,2021,0,0.0,,,
5024055040107211301102,2021,0,0.0,,,
5027708160164211311101,2021,0,1.0,,,
5030709100153541211103,2021,1,,,,
5031553387109441201102,2021,1,1.0,2205.0,2205.0,-1.0
5033053390101441201101,2021,1,1.0,2555.0,2545.0,-1.0
5033198226108401301102,2021,0,,,,
5035508160576421201101,2021,1,,2310.0,2320.0,0.0
5040048384103761201104,2021,1,1.0,2545.0,2545.0,-1.0
5041009322106141301102,2021,0,0.0,2310.0,2310.0,
5041067433108581301102,2021,0,0.0,,,
5043284257104731301102,2021,0,0.0,2310.0,2310.0,
5047506669013011201101,2021,1,0.0,2330.0,2330.0,0.0
5051060546109551211101,2021,1,0.0,2310.0,2310.0,0.0
5053060527103551201101,2021,1,0.0,2310.0,2310.0,0.0
5057501577213011201101,2021,1,0.0,2320.0,2320.0,0.0
5059609120760781301101,2021,0,0.0,,,
5059611702084181211102,2021,1,,,,
5062023642107021301101,2021,0,0.0,,,
5062164159107521201101,2021,1,0.0,2320.0,2320.0,0.0
5064406682410031201101,2021,1,,,,
5064406682410031201103,2021,1,,,,
5070209100781371301101,2021,0,0.0,2310.0,2310.0,
5074080225103951301102,2021,0,0.0,,,
5091024962104341301101,2021,0,0.0,,,
5100000640161551311103,2021,0,1.0,,,
5100000650361511201101,2021,1,0.0,2310.0,2310.0,0.0
5100005508728611201101,2021,1,0.0,2310.0,2310.0,0.0
5100005508728611201102,2021,1,0.0,2310.0,2310.0,0.0
5100034443802441201101,2021,1,0.0,2320.0,2320.0,0.0
5100044630727071301101,2021,0,0.0,2330.0,2330.0,
5100047338139411311102,2021,0,,,,
5100057054019331211101,2021,1,,,,
5100069845715841201101,2021,1,0.0,2330.0,2330.0,0.0
5100083935366891301102,2021,0,1.0,,,
5100093512577961311101,2021,0,1.0,,,
5100099738173291301101,2021,0,0.0,,,
5101044533117301311102,2021,0,,,,
5104002733231451201101,2021,1,0.0,2320.0,2320.0,0.0
5111360083105841201102,2021,1,,2310.0,2310.0,0.0
5111966010205001201101,2021,1,,,,
5112680106106011301101,2021,0,1.0,4600.0,4600.0,
5133405180740631311101,2021,0,1.0,2310.0,910.0,
5150605190354721301103,2021,0,1.0,,,
5157506669013011301103,2021,0,0.0,,,
5163300170136411301101,2021,0,1.0,,,
5211550160107961211102,2021,1,,2300.0,2300.0,0.0
5215840016005021201102,2021,1,,4600.0,2320.0,-1.0
5218891706025001201102,2021,1,0.0,2320.0,2320.0,0.0
5221153014702051211101,2021,1,,2310.0,2310.0,0.0
5316140098408161201102,2021,1,0.0,2300.0,2300.0,0.0
5318568017103071301101,2021,0,0.0,,,
5356402645210051201101,2021,1,,2310.0,2310.0,0.0
5458421803000431211101,2021,1,0.0,2300.0,2300.0,0.0
5512090131205011201101,2021,1,0.0,2310.0,2310.0,0.0
5522775017763011201101,2021,1,0.0,2310.0,2310.0,0.0
5551706868610001201102,2021,1,0.0,0.0,2310.0,-1.0
5616757010900051201101,2021,1,0.0,2300.0,2300.0,0.0
5686269017114091201101,2021,1,0.0,2310.0,2310.0,0.0
5713950171002701201102,2021,1,0.0,2320.0,2320.0,0.0
5717650107104421301101,2021,0,0.0,2310.0,2310.0,
5810680129005461201101,2021,1,,,,
5814641802036041301102,2021,0,0.0,2310.0,2310.0,
5818680129005451301102,2021,0,0.0,,,
5840831309060071301102,2021,0,0.0,,,
5852400923513011201106,2021,1,,,,
5913204035710041211101,2021,1,0.0,2320.0,2320.0,0.0
5918421806070031301101,2021,0,0.0,,,
5934621801037081301102,2021,0,0.0,,,
6000090541102891311101,2021,0,,,,
6001495892105961201102,2021,1,0.0,2310.0,2310.0,0.0
6010780014305341201102,2021,1,0.0,2320.0,2320.0,0.0
6013245615106591301102,2021,0,,,,
6021391901030111301101,2021,0,0.0,,,
6021391901030111301102,2021,0,0.0,,,
6042014437103181301101,2021,0,1.0,,,
6045264723106441201101,2021,1,0.0,2310.0,2310.0,0.0
6048901503053031301102,2021,0,0.0,,,
6052139885103681201102,2021,1,0.0,2310.0,2310.0,0.0
6063007294105991301102,2021,0,,,,
6072028831100131301102,2021,0,1.0,,,
6090077456109521301101,2021,0,0.0,2320.0,2320.0,
6091011763107111201102,2021,1,0.0,2310.0,2310.0,0.0
6092081015106481201101,2021,1,0.0,2310.0,2310.0,0.0
6094011791101111201101,2021,1,0.0,2330.0,2330.0,0.0
6100004438200511301102,2021,0,0.0,,,
6100022319505621201103,2021,1,0.0,2320.0,2320.0,0.0
6100022759410841301101,2021,0,0.0,,,
6100022759410841301102,2021,0,0.0,,,
6100023148784201301102,2021,0,0.0,,,
6100038448748481301101,2021,0,,,,
6100090636347781211102,2021,1,1.0,2205.0,2205.0,-1.0
6101006150337461301101,2021,0,0.0,,,
6101021420205801201101,2021,1,0.0,2310.0,2310.0,0.0
6101040232043811201102,2021,1,1.0,5940.0,5940.0,-1.0
6101052934527491301101,2021,0,,,,
6101090731196231201101,2021,1,0.0,2310.0,2310.0,0.0
6119025200134961201103,2021,1,1.0,5860.0,5860.0,-1.0
6119210044107711201102,2021,1,0.0,2320.0,2320.0,0.0
6147408121110031201101,2021,1,0.0,2310.0,2310.0,0.0
6147408121110031201102,2021,1,0.0,2310.0,2310.0,0.0
6155405722510011311101,2021,0,0.0,,,
6211741013100041301101,2021,0,0.0,,,
6212710053403991301101,2021,0,0.0,,,
6214200100407631301101,2021,0,0.0,,,
6218071402030181201101,2021,1,0.0,2310.0,2310.0,0.0
6218510027002751301101,2021,0,0.0,,,
6245841207089171301102,2021,0,0.0,,,
6311401806042091201102,2021,1,,,,
6329369013514041201102,2021,1,1.0,2310.0,2002.0,1.0
6341006011210011201101,2021,1,0.0,2310.0,2310.0,0.0
6410670064104441301101,2021,0,0.0,,,
6413750069105351301101,2021,0,0.0,,,
6423342013904081201101,2021,1,,,,
6498300016003071201103,2021,1,0.0,2310.0,2310.0,0.0
6509041203058011201101,2021,1,0.0,2300.0,2300.0,0.0
6519690079001081201101,2021,1,1.0,2545.0,2545.0,-1.0
6546402645210001301101,2021,0,0.0,,,
6593846014204021201101,2021,1,0.0,2310.0,2310.0,0.0
6641231908037021201101,2021,1,,,,
6643071505092081201102,2021,1,,,,
6670921063035611301102,2021,0,0.0,,,
6711140524100191211101,2021,1,,2310.0,2310.0,0.0
6712701101034021301101,2021,0,,,,
6725451803017031201101,2021,1,0.0,2310.0,2310.0,0.0
6725451803017031201102,2021,1,0.0,2310.0,2310.0,0.0
6733911701017081201101,2021,1,0.0,2310.0,2310.0,0.0
6738602555012001301101,2021,0,0.0,,,
6779109623510041201101,2021,1,0.0,2330.0,2330.0,0.0
6812500071304491201101,2021,1,,,,
6814760009203431201102,2021,1,,,,
6817101017705051301101,2021,0,0.0,,,
6831766012603081301102,2021,0,0.0,,,
6832841302031011311101,2021,0,0.0,,,
6847021301052001301102,2021,0,,,,
6848602555012001201101,2021,1,0.0,2310.0,2310.0,0.0
6864647012000051201101,2021,1,1.0,0.0,1006.0,-1.0
6915201101053021301102,2021,0,0.0,,,
6919071903019061301102,2021,0,0.0,,,
6929631209051051301101,2021,0,0.0,,,
6931909074310031301102,2021,0,0.0,,,
6938409782811001201101,2021,1,0.0,2310.0,2310.0,0.0
6942941106075081301101,2021,0,0.0,,,
6945471407063001301101,2021,0,0.0,,,
7002169704104561301103,2021,0,0.0,,,
7005108636106021311102,2021,0,0.0,,,
7013105939106621301101,2021,0,0.0,,,
7019370049101511201103,2021,1,0.0,2330.0,2330.0,0.0
7030192896103051301101,2021,0,0.0,,,
7040096345102831211101,2021,1,0.0,2310.0,2310.0,0.0
7041051272108891301101,2021,0,0.0,,,
7053035973100791301101,2021,0,,,,
7060108666104221201102,2021,1,0.0,2310.0,2310.0,0.0
7065063944102261201101,2021,1,,,,
7065075085100181301102,2021,0,0.0,2310.0,2330.0,
7067703343811031201101,2021,1,0.0,2310.0,2310.0,0.0
7067984017900091301102,2021,0,0.0,,,
7072028706109741301105,2021,0,1.0,,,
7072040536101471201101,2021,1,0.0,2320.0,2300.0,0.0
7073057584108121201101,2021,1,,2545.0,2545.0,-1.0
7084159817101601201102,2021,1,1.0,2320.0,-1.0,1.0
7100002936389071301101,2021,0,0.0,,,
7100002936389071301102,2021,0,0.0,,,
7100005726375501211102,2021,1,0.0,2310.0,2310.0,0.0
7100007233190961201101,2021,1,,,,
7100028632611401211102,2021,1,,,,
7100041406175711301102,2021,0,,,,
7100042805377761201101,2021,1,0.0,2320.0,2320.0,0.0
7100050329684441201101,2021,1,0.0,2330.0,2330.0,0.0
7100064521828801201101,2021,1,0.0,2310.0,2310.0,0.0
7100083532691541201102,2021,1,0.0,2310.0,2310.0,0.0
7100092630943751201101,2021,1,0.0,2310.0,2310.0,0.0
7100092630943751201102,2021,1,0.0,2320.0,2320.0,0.0
7100093649517801211102,2021,1,,,,
7100095025393821211102,2021,1,0.0,2310.0,2310.0,0.0
7101028642411491201101,2021,1,,,,
7102021633139251301102,2021,0,0.0,,,
7102030723127751301101,2021,0,1.0,,,
7103025719417551301101,2021,0,,,,
7120045600258361301103,2021,0,0.0,2310.0,2310.0,
7162617019720051301101,2021,0,0.0,2310.0,2310.0,
7162810118790001301102,2021,0,0.0,,,
7164295017113071301101,2021,0,0.0,,,
7191775011404081301102,2021,0,1.0,,,
7204787013302041201102,2021,1,,,,
7219540455305231201101,2021,1,0.0,2310.0,2310.0,0.0
7219540455305231201102,2021,1,0.0,2320.0,2320.0,0.0
7219640189008831201101,2021,1,,,,
7248976011905051311101,2021,0,,2300.0,2300.0,
7312180085506231201102,2021,1,0.0,2310.0,2310.0,0.0
7320551708004071201102,2021,1,0.0,2330.0,2330.0,0.0
7351006683611031301102,2021,0,0.0,,,
7351251604079071301101,2021,0,0.0,,,
7371380015702061201104,2021,1,0.0,2310.0,2310.0,0.0
7410608398911041201102,2021,1,0.0,2330.0,2330.0,0.0
7428081701012041301101,2021,0,0.0,9600.0,2320.0,
7440991608036021201101,2021,1,0.0,2300.0,2300.0,0.0
7479605719210021301101,2021,0,0.0,,,
7535471006094451301102,2021,0,0.0,2310.0,2310.0,
7566777017604021201101,2021,1,1.0,2001.0,2001.0,-1.0
7602031101085241201102,2021,1,0.0,2330.0,2330.0,0.0
7618120081502601301101,2021,0,0.0,,,
7627601106072091201101,2021,1,0.0,2310.0,2310.0,0.0
7638708385815011301101,2021,0,,,,
7642641501010021211102,2021,1,0.0,2310.0,2310.0,0.0
7649781705022001301101,2021,0,1.0,,,
7652031105025041301101,2021,0,0.0,,,
7729605219810021201101,2021,1,1.0,2545.0,2545.0,-1.0
7736704644410011201102,2021,1,0.0,4055.0,4055.0,-1.0
7741201809018001201101,2021,1,0.0,2310.0,2310.0,0.0
7811391003007021201101,2021,1,0.0,2310.0,2310.0,0.0
7811391003007021201102,2021,1,0.0,2310.0,2310.0,0.0
7819870025209121301101,2021,0,0.0,,,
7821514015221011201101,2021,1,0.0,2320.0,2320.0,0.0
7830321706027271201101,2021,1,,,,
7847831606024211301102,2021,0,0.0,,,
7860608398910031201101,2021,1,0.0,2310.0,2310.0,0.0
7860608398910031301102,2021,0,0.0,,,
7906041202081141301102,2021,0,0.0,,,
7911320075500041201101,2021,1,1.0,2330.0,-1.0,1.0
7911320075500041201102,2021,1,1.0,2545.0,2545.0,-1.0
7911504674110011201101,2021,1,0.0,2310.0,2310.0,0.0
7912050029405411311101,2021,0,0.0,,,
7918480019910031311102,2021,0,0.0,,,
7939781703052001201102,2021,1,1.0,2722.0,2722.0,-1.0
7947601101062191201102,2021,1,0.0,2330.0,2330.0,0.0
8001015457107681301101,2021,0,0.0,,,
8019650226003311201101,2021,1,,,,
8023021719106491301102,2021,0,0.0,,,
8024037032108401301101,2021,0,0.0,,,
8045116680105451301101,2021,0,0.0,,,
8045116680105451301102,2021,0,0.0,,,
8047909605111031201101,2021,1,0.0,2310.0,2310.0,0.0
8053245976105001201101,2021,1,0.0,2310.0,2310.0,0.0
8053345926101001301103,2021,0,0.0,,,
8064110422106251201101,2021,1,0.0,2310.0,2310.0,0.0
8093054546109591201104,2021,1,1.0,3255.0,3255.0,-1.0
8095115830106601211102,2021,1,0.0,2320.0,2320.0,0.0
8100032446199471201101,2021,1,0.0,2320.0,2320.0,0.0
8100041437626901301102,2021,0,0.0,,,
8100046218225971201102,2021,1,,,,
8100071325926551301101,2021,0,0.0,2310.0,2310.0,
8100078818390491301101,2021,0,,,,
8101034645366981201101,2021,1,0.0,2310.0,2310.0,0.0
8101049915315731201101,2021,1,0.0,2310.0,2310.0,0.0
8114053347226781301101,2021,0,0.0,,,
8167606472710021201101,2021,1,0.0,2310.0,2310.0,0.0
8218210060004451201101,2021,1,0.0,2310.0,2310.0,0.0
8236806359812031201102,2021,1,0.0,2330.0,2330.0,0.0
8249821902088051301101,2021,0,0.0,,,
8287704066910031201102,2021,1,,,,
8290104015710031301102,2021,0,,,,
8361962015220021301102,2021,0,0.0,,,
8417806003811041301101,2021,0,0.0,,,
8419009516410041201101,2021,1,,,,
8431355016703021211101,2021,1,,,,
8431355016703021211102,2021,1,,,,
8433105495110001201101,2021,1,0.0,2310.0,2310.0,0.0
8434671508004031201102,2021,1,1.0,2330.0,-1.0,1.0
8436305443910041301102,2021,0,0.0,,,
8449611507055081301102,2021,0,0.0,,,
8461103694513141201104,2021,1,,,,
8600161607069041301101,2021,0,1.0,,,
8608209704511041201102,2021,1,0.0,2310.0,2310.0,0.0
8618640011202751301101,2021,0,0.0,,,
8618640011202751301102,2021,0,0.0,,,
8645503659710041301101,2021,0,1.0,,,
8651159012302051211102,2021,1,0.0,2310.0,2310.0,0.0
8652900357013041301102,2021,0,,,,
8664509018213021301101,2021,0,0.0,2310.0,2310.0,
8664509018213021301102,2021,0,0.0,2310.0,2310.0,
8719701503019091201101,2021,1,,2310.0,2310.0,0.0
8720607439110011301102,2021,0,0.0,,,
8745161902068041301101,2021,0,,,,
8750059017204091301102,2021,0,0.0,2310.0,2310.0,
8750059017204091301105,2021,0,,2310.0,2310.0,
8810940003104841301101,2021,0,0.0,,,
8845301701050321201102,2021,1,1.0,4700.0,4710.0,-1.0
8910070069301761211101,2021,1,0.0,2310.0,2310.0,0.0
8946944010105031301102,2021,0,,,,
8950043016113091301101,2021,0,0.0,,,
9011222010304011211101,2021,1,0.0,2320.0,2320.0,0.0
9022092759107561301102,2021,0,,,,
9031087013103071301101,2021,0,,,,
9040110652107741301102,2021,0,,,,
9053050489106261201101,2021,1,1.0,2016.0,2016.0,-1.0
9055706693910011201101,2021,1,0.0,2310.0,2310.0,0.0
9062011405109341211101,2021,1,1.0,2722.0,2722.0,-1.0
9062011405109341211102,2021,1,1.0,0.0,-1.0,-1.0
9062099658109381301101,2021,0,0.0,,,
9074209408104971201101,2021,1,0.0,2310.0,2300.0,0.0
9090190692101201301101,2021,0,,,,
9100006451241611201102,2021,1,,2310.0,2310.0,0.0
9100018403133011301102,2021,0,,,,
9100019459533111301101,2021,0,0.0,,,
9100019938332391301102,2021,0,,,,
9100048600112241311101,2021,0,0.0,,,
9100055721912031201101,2021,1,,,,
9100071516130881201101,2021,1,1.0,2205.0,10.0,-1.0
9100093629486711301102,2021,0,,,,
9100095439458561301101,2021,0,0.0,,,
9142081909057001301102,2021,0,,,,
9145002525110011201101,2021,1,,2300.0,2300.0,0.0
9152204172210021201101,2021,1,0.0,2310.0,2310.0,0.0
9168538017633061301102,2021,0,1.0,,,
9240225014902061201101,2021,1,,2310.0,2310.0,0.0
9311940120005201301101,2021,0,0.0,,,
9363708840110021301102,2021,0,0.0,,,
9431611704043071301101,2021,0,,,,
9436061701016051311101,2021,0,0.0,2300.0,2300.0,
9516061702086351201104,2021,1,0.0,2310.0,2310.0,0.0
9519930110201971301101,2021,0,0.0,,,
9552703091910031301101,2021,0,0.0,,,
9552775017711011311101,2021,0,0.0,,,
9601909977610031201101,2021,1,0.0,2310.0,2310.0,0.0
9612910071101711201101,2021,1,0.0,2310.0,2310.0,0.0
9642209893712041301101,2021,0,,3110.0,3110.0,
9642881007089021301101,2021,0,1.0,,,
9647906015211041201102,2021,1,,,,
9662402145210011301102,2021,0,0.0,2310.0,2310.0,
9709729017502041311101,2021,0,,2310.0,2310.0,
9716220065109061301101,2021,0,0.0,,,
9722433013411071301102,2021,0,,,,
9815580151106551311101,2021,0,0.0,,,
9833861605045281201101,2021,1,,,,
9833861605045281201102,2021,1,,,,
9838881102080041311101,2021,0,0.0,2310.0,2310.0,
9849571407013101301101,2021,0,,,,
9911600190203251201101,2021,1,0.0,2320.0,2320.0,0.0
9911600190203251201102,2021,1,1.0,2555.0,2555.0,-1.0
9917802295710031301102,2021,0,0.0,,,
9925507489910031301101,2021,0,,,,
9928298015611061201101,2021,1,1.0,5740.0,5740.0,-1.0
9928471506040061301101,2021,0,0.0,,,
9966788014505011301101,2021,0,,,,
9990066810107011201101,2021,1,0.0,2300.0,2300.0,0.0
0001101012211021401102,2022,1,1.0,2300.0,-1.0,1.0
0001102761868821401101,2022,1,0.0,2300.0,2320.0,0.0
0002122964107641401102,2022,0,,,,
0005102184217641401102,2022,1,0.0,2310.0,2310.0,0.0
0005103301843691401101,2022,1,0.0,2320.0,2320.0,0.0
0005106190665241411101,2022,0,,,,
0006122054577041501101,2022,0,0.0,,,
0007302013515041401102,2022,1,1.0,0.0,-1.0,-1.0
0008105212627271501101,2022,0,0.0,,,
0008105212627271501102,2022,0,0.0,,,
0009106054577441401102,2022,1,0.0,2310.0,2310.0,0.0
0011203160419831401101,2022,1,,,,
0012606150485901401102,2022,1,1.0,4720.0,4720.0,-1.0
0013052926106921401101,2022,0,0.0,2310.0,2310.0,
0013052926106921401102,2022,0,0.0,2310.0,2310.0,
0017150088501621401102,2022,1,,,,
0019130066403891501102,2022,0,0.0,,,
0019470091508911401102,2022,1,0.0,2310.0,2310.0,0.0
0021801150165751401101,2022,1,1.0,2310.0,2310.0,0.0
0022102180241701411101,2022,1,0.0,2310.0,2310.0,0.0
0022800120781751411102,2022,1,0.0,2300.0,2330.0,0.0
0023109160374261411102,2022,1,0.0,2310.0,2310.0,0.0
0030437644109141501102,2022,0,1.0,,,
0030581834057011401101,2022,1,0.0,2310.0,2310.0,0.0
0034026539108331401101,2022,1,0.0,2320.0,2320.0,0.0
0040157549104741401101,2022,0,,,,
0045441504027001401101,2022,0,0.0,,,
0046402140059341401102,2022,1,0.0,2300.0,2300.0,0.0
0059111106092021501102,2022,0,0.0,,,
0062807160821181401101,2022,1,1.0,2545.0,2545.0,-1.0
0068300120092651401101,2022,1,1.0,2555.0,2555.0,-1.0
0070754965099011401102,2022,0,0.0,2310.0,2310.0,
0073807180558881401101,2022,1,0.0,2320.0,2320.0,0.0
0073807180558881401102,2022,1,1.0,1240.0,1240.0,-1.0
0075159820100861401101,2022,0,0.0,,,
0080582424033811401101,2022,1,,2310.0,2310.0,0.0
0083645013802001401101,2022,0,,,,
0084044798105531401101,2022,0,0.0,,,
0087904130286701401101,2022,1,,440.0,2360.0,-1.0
0090085013041911401102,2022,0,0.0,2310.0,2310.0,
0090249571103081411101,2022,0,,,,
0090249571103081411102,2022,0,,,,
0095309190991141411101,2022,0,0.0,,,
0100014428233331401101,2022,0,,,,
0100048110173531401101,2022,1,,2310.0,2310.0,0.0
0100055520213901411102,2022,1,0.0,5120.0,2310.0,-1.0
0100057449598281401101,2022,1,,,,
0100065745825551501103,2022,0,0.0,,,
0100069118239401411102,2022,1,0.0,2310.0,2310.0,0.0
0100069148339441401101,2022,1,0.0,2310.0,2310.0,0.0
0100094716710971401102,2022,0,0.0,,,
0100102159831531511101,2022,0,0.0,,,
0100106785920931401101,2022,1,0.0,2310.0,2310.0,0.0
0100114245930421401101,2022,1,0.0,2310.0,2310.0,0.0
0101069149639421401101,2022,0,0.0,,,
0101154240674511501103,2022,0,0.0,,,
0101180140273051401101,2022,0,,,,
0102039414549521401101,2022,0,,,,
0102108534003571401101,2022,0,0.0,0.0,-1.0,
0102146360196401501101,2022,0,0.0,,,
0103103964696621401103,2022,0,0.0,,,
0103104465741281501102,2022,0,0.0,,,
0103104670617411401101,2022,0,0.0,,,
0105119831233351401101,2022,0,,,,
0106009713522521401101,2022,0,,,,
0106101707978121411102,2022,1,0.0,2330.0,2330.0,0.0
0106103458630371401102,2022,1,,2310.0,2310.0,0.0
0106108729518041401101,2022,1,,,,
0106122729518841401101,2022,0,0.0,,,
0107102356490851401102,2022,1,1.0,2310.0,-1.0,1.0
0107102615175651401101,2022,1,0.0,2320.0,2320.0,0.0
0108101800374621501102,2022,0,1.0,,,
0109100503428721401102,2022,1,0.0,2310.0,2310.0,0.0
0109101290370651401102,2022,1,,,,
0109104142861271401102,2022,0,0.0,,,
0109104290370951401101,2022,0,0.0,,,
0115700016202101401102,2022,1,0.0,2310.0,2310.0,0.0
0140394321086911401102,2022,0,,,,
0170469182025111501101,2022,0,0.0,,,
0200100323498731411102,2022,1,,,,
0200102395551001411102,2022,1,0.0,120.0,120.0,-1.0
0201106012263711401102,2022,1,0.0,2310.0,2310.0,0.0
0202101785920831411101,2022,0,0.0,,,
0202102583082891411101,2022,1,,,,
0202103105299601401101,2022,0,,,,
0202106100037911401102,2022,0,0.0,,,
0202107109219511411101,2022,1,0.0,2300.0,2300.0,0.0
0202107109219511411102,2022,1,0.0,2320.0,2320.0,0.0
0202108740878321401102,2022,0,0.0,,,
0202113216553591501102,2022,0,,,,
0203106432747731401101,2022,1,,2300.0,2300.0,0.0
0203111012655121401101,2022,0,,,,
0204100761868721401101,2022,1,,,,
0204101379264571401102,2022,0,0.0,,,
0204103480867601401102,2022,1,0.0,2330.0,2330.0,0.0
0204111212627871501101,2022,0,0.0,,,
0204111212627871501102,2022,0,0.0,,,
0205106265901441401101,2022,0,0.0,,,
0205122121901121501101,2022,0,0.0,,,
0206102271613351401101,2022,1,0.0,2310.0,2310.0,0.0
0206102785269051401102,2022,1,0.0,2310.0,2310.0,0.0
0206103409881661401101,2022,1,,,,
0206108491571351401101,2022,1,0.0,2205.0,2205.0,-1.0
0207100107515941401101,2022,1,0.0,2320.0,2310.0,0.0
0207105164731201401104,2022,1,,,,
0207119392149181401102,2022,0,0.0,,,
0208101611414531411101,2022,1,,,,
0208108008282051401101,2022,0,,,,
0209101429604621501102,2022,0,0.0,,,
0212280134404621401101,2022,0,,,,
0215180021503401401101,2022,1,0.0,2310.0,2310.0,0.0
0225300394510021401101,2022,1,0.0,2320.0,2320.0,0.0
0233806445811031401102,2022,0,0.0,,,
0234003999812031401101,2022,0,,,,
0240660612046911401103,2022,0,0.0,,,
0244107110826191401101,2022,0,1.0,,,
0245191407014141401101,2022,0,0.0,,,
0247921401059091401102,2022,1,0.0,2310.0,2310.0,0.0
0250296550054711401102,2022,1,0.0,2320.0,2320.0,0.0
0288908190186281401102,2022,0,0.0,,,
0290905302000911411101,2022,1,0.0,2310.0,2310.0,0.0
0296008015812021401102,2022,0,0.0,,,
0300107761868321411102,2022,0,0.0,2310.0,2310.0,
0300111415845641411101,2022,0,0.0,,,
0300111415845641411102,2022,0,0.0,,,
0300625334055211401101,2022,0,0.0,,,
0301101095337011411101,2022,1,,,,
0301116471183271401101,2022,0,1.0,,,
0302118629079161411101,2022,0,0.0,,,
0302189453023711401101,2022,0,1.0,,,
0303102648246881411101,2022,1,,,,
0303115740878921401102,2022,0,1.0,,,
0305106877389941401101,2022,1,0.0,2320.0,2320.0,0.0
0305112159831531411101,2022,1,1.0,230.0,230.0,-1.0
0305115745292261401101,2022,0,,,,
0305122304657151401101,2022,1,0.0,2360.0,2360.0,-1.0
0305122304657151401102,2022,1,0.0,2310.0,2310.0,0.0
0305161054577741401101,2022,0,0.0,,,
0305161054577741401102,2022,0,0.0,,,
0306105250633751401102,2022,1,0.0,2320.0,2320.0,0.0
0307102853089521401101,2022,1,0.0,2300.0,2310.0,0.0
0307103077558161401102,2022,0,0.0,,,
0307109233450381401101,2022,1,0.0,2310.0,2310.0,0.0
0308602542314011401102,2022,0,0.0,,,
0309101580367021401101,2022,1,0.0,2320.0,2320.0,0.0
0309101580367021401102,2022,1,0.0,2320.0,2320.0,0.0
0309103856187171401102,2022,0,0.0,2320.0,2320.0,
0309116599759791401101,2022,0,0.0,2300.0,2300.0,
0310441103069051401102,2022,1,0.0,2310.0,2310.0,0.0
0317791507016081501101,2022,0,,,,
0340195991005511401101,2022,1,0.0,2310.0,2310.0,0.0
0340312592029911501101,2022,0,1.0,,,
0340603472040511401102,2022,0,0.0,,,
0350243932044311401101,2022,1,0.0,2300.0,2300.0,0.0
0350589224024911401101,2022,1,0.0,2310.0,2310.0,0.0
0351151302011151501101,2022,0,0.0,,,
0359891102018001401101,2022,1,,,,
0360514885018411401101,2022,0,0.0,,,
0360514885018411401102,2022,0,0.0,,,
0370662534070211501101,2022,0,,,,
0380683551006211411101,2022,1,,,,
0380843016904001401102,2022,1,0.0,2310.0,2310.0,0.0
0400106692562761401102,2022,0,1.0,,,
0401102107515341411101,2022,1,1.0,2545.0,-1.0,-1.0
0402102012263811401101,2022,0,0.0,2330.0,2330.0,
0402102335046591501102,2022,0,0.0,,,
0402104947099771501102,2022,0,1.0,,,
0402105665895911401102,2022,0,,,,
0404138373849581401101,2022,0,,,,
0405102205571691401101,2022,1,0.0,2310.0,2320.0,0.0
0405106740613461401102,2022,1,0.0,2310.0,2310.0,0.0
0406105707978221501101,2022,0,0.0,,,
0406109441294821401102,2022,0,0.0,,,
0406111032066121401101,2022,0,0.0,2310.0,2310.0,
0407100401485711411102,2022,0,,,,
0407102207957891401101,2022,1,0.0,2310.0,2310.0,0.0
0408100729081981401101,2022,1,0.0,2310.0,2310.0,0.0
0408101637193131401102,2022,1,1.0,2310.0,-1.0,1.0
0408112892836801401101,2022,0,,,,
0408114392062231401101,2022,1,0.0,2330.0,2310.0,0.0
0408124776562471401102,2022,0,0.0,,,
0408135336844481401101,2022,0,0.0,,,
0409108205571591401101,2022,0,0.0,,,
0409116227182741401102,2022,0,0.0,,,
0410782150033211401101,2022,1,,,,
0420252072027111411103,2022,1,,4600.0,4600.0,-1.0
0420282074097111401101,2022,0,,,,
0433057018405051401102,2022,1,,,,
0440093623054611401101,2022,0,1.0,,,
0450339341014311401101,2022,0,,,,
0450339341014311401102,2022,0,,,,
0460447815034111501101,2022,0,0.0,,,
0460492894021011401102,2022,1,1.0,2435.0,2435.0,-1.0
0500105803352971511101,2022,0,,,,
0500106317354951411103,2022,1,,2320.0,2320.0,0.0
0500106317354951411104,2022,1,,2320.0,2320.0,0.0
0501101630119811401101,2022,0,0.0,,,
0501101867854161401101,2022,1,0.0,2320.0,2320.0,0.0
0501106078229471401101,2022,0,,,,
0501115049699421401101,2022,0,0.0,2320.0,2320.0,
0501116643006701401102,2022,0,,,,
0504106189264751411103,2022,0,0.0,,,
0504112667234851411101,2022,0,0.0,,,
0504112667234851411102,2022,0,0.0,,,
0504124671899271411101,2022,0,1.0,,,
0505102224861391401102,2022,1,0.0,2310.0,2310.0,0.0
0505103021886591401101,2022,0,0.0,,,
0506104176886761401101,2022,1,1.0,5740.0,5740.0,-1.0
0506108150066551411102,2022,0,,,,
0506110100037211401101,2022,0,0.0,,,
0506906667411041401102,2022,0,1.0,,,
0509000929310021411101,2022,1,,,,
0510967992025111501101,2022,0,0.0,,,
0520697864088911401101,2022,0,0.0,,,
0530786134043011401102,2022,1,0.0,2310.0,2310.0,0.0
0540007444096511401101,2022,0,0.0,,,
0540055440056511411102,2022,0,0.0,,,
0550601337410031511101,2022,0,0.0,,,
0557191402015071401101,2022,0,0.0,,,
0580343135043211501101,2022,0,0.0,,,
0611520099303241411102,2022,1,0.0,2310.0,2310.0,0.0
0615441401085061401103,2022,1,0.0,2310.0,2310.0,0.0
0619050097309891401102,2022,0,0.0,,,
0620265591057711401103,2022,0,0.0,,,
0648858017415001401101,2022,1,1.0,2555.0,2555.0,-1.0
0657867011422021401102,2022,0,,,,
0660687223039511411103,2022,0,0.0,,,
0660712994022011411101,2022,0,1.0,,,
0662107672210051511102,2022,0,1.0,,,
0665406150514951401102,2022,0,0.0,,,
0670139871021111401103,2022,0,,,,
0680024522014111411102,2022,0,0.0,,,
0690387042035311411104,2022,0,0.0,,,
0710695050058911401101,2022,1,0.0,2310.0,2310.0,0.0
0711570075205451401101,2022,0,1.0,,,
0719910059103281401102,2022,0,0.0,2320.0,2320.0,
0720464640010711401102,2022,1,0.0,2320.0,2320.0,0.0
0725228190586331401101,2022,0,0.0,,,
0727921406029091401102,2022,0,0.0,,,
0730361603008031401102,2022,1,,,,
0740902622019311401101,2022,1,0.0,2320.0,2320.0,0.0
0743351501057031401101,2022,1,1.0,2310.0,-1.0,1.0
0743351501057031401102,2022,1,0.0,2320.0,2320.0,0.0
0770218315005111401101,2022,1,0.0,2310.0,2310.0,0.0
0790428950066311411102,2022,0,,,,
0790459342037811401101,2022,1,0.0,2310.0,2310.0,0.0
0790966791004011511101,2022,0,0.0,,,
0800255444005111401102,2022,1,0.0,2310.0,2310.0,0.0
0800272771032811401101,2022,1,0.0,2320.0,2320.0,0.0
0803307018425091411101,2022,0,0.0,,,
0803307018425091411102,2022,0,0.0,,,
0812350360503311401101,2022,0,0.0,,,
0814560070202081401101,2022,0,,,,
0815640066201901401102,2022,1,0.0,2330.0,2330.0,0.0
0819660070502081401101,2022,1,,2310.0,2310.0,0.0
0819960325407231401102,2022,0,,,,
0830272141021111401102,2022,1,,,,
0830452292099111401101,2022,0,0.0,,,
0840257462034611401101,2022,1,0.0,2320.0,2320.0,0.0
0845071103036171401101,2022,0,0.0,,,
0849481109035021401101,2022,1,0.0,2310.0,2310.0,0.0
0849481109035021401102,2022,1,0.0,2310.0,2310.0,0.0
0860080362043011501101,2022,0,,,,
0862007995710041411101,2022,0,0.0,,,
0870912013092811401101,2022,0,0.0,,,
0880260890064711401101,2022,1,0.0,2300.0,2300.0,0.0
0890203302062211401102,2022,0,0.0,,,
0900035391047311401102,2022,1,,2310.0,2310.0,0.0
0900921804065411401102,2022,0,,,,
0906568015821011501101,2022,0,0.0,,,
0930175481047611401101,2022,0,0.0,,,
0944381008067051401102,2022,0,,,,
0950118017663051401102,2022,0,0.0,,,
0950549993019711401101,2022,1,0.0,2310.0,2310.0,0.0
0950549993019711401102,2022,1,0.0,2310.0,2310.0,0.0
0960204701025511411103,2022,1,0.0,2310.0,2310.0,0.0
0960756814045111401101,2022,1,1.0,230.0,230.0,-1.0
1011102110938511401101,2022,1,0.0,2300.0,2300.0,0.0
1011350035501151401101,2022,1,0.0,2320.0,2320.0,0.0
1012006140946811411102,2022,0,0.0,,,
1012203003104701401102,2022,0,0.0,,,
1012203003104701401104,2022,0,0.0,,,
1012606150489911401102,2022,1,0.0,2320.0,2320.0,0.0
1012950035401171401101,2022,0,1.0,,,
1013090161104341401102,2022,1,,,,
1014090061104371411101,2022,0,1.0,,,
1017810082400491401102,2022,0,0.0,,,
1020792862029011401101,2022,0,0.0,,,
1020792862029011401102,2022,0,0.0,,,
1022930000562581411101,2022,1,0.0,2310.0,2310.0,0.0
1028100110177861401102,2022,0,,,,
1031083520105191511101,2022,0,0.0,,,
1033283515106191401101,2022,1,,,,
1033283515106191401102,2022,1,,,,
1034000680101101401101,2022,0,0.0,2320.0,2320.0,
1037907160840361411102,2022,0,0.0,,,
1040687904017111401101,2022,0,0.0,,,
1044310800916341401102,2022,0,0.0,,,
1044320901516041401102,2022,0,,,,
1044330209716041401102,2022,0,0.0,2310.0,2310.0,
1047302110537911501102,2022,0,1.0,,,
1052405120618231401102,2022,0,0.0,,,
1053001100493461401101,2022,1,0.0,2320.0,2320.0,0.0
1053747017702021411101,2022,1,0.0,2310.0,2004.0,1.0
1058402140882601401102,2022,0,0.0,,,
1071009100197861401102,2022,0,0.0,,,
1073496865102501501102,2022,0,0.0,,,
1074104180376171401101,2022,1,,2310.0,2310.0,0.0
1078004110189661401101,2022,0,0.0,2310.0,2310.0,
1083100150392711401102,2022,1,1.0,2320.0,-1.0,1.0
1093288356109581401101,2022,0,,,,
1100025242690951401101,2022,1,,,,
1100031535204061401102,2022,1,0.0,2310.0,-1.0,1.0
1100048758951041411102,2022,0,0.0,,,
1101098519575781401102,2022,0,0.0,,,
1107603150756451401101,2022,0,0.0,2310.0,2310.0,
1110102265010011401102,2022,0,,,,
1128006170965961411101,2022,0,1.0,,,
1128450300711231411102,2022,0,0.0,,,
1129340701736251401101,2022,0,0.0,,,
1132940600656691501101,2022,0,0.0,,,
1132940600656691501102,2022,0,0.0,,,
1144920300780261411101,2022,0,,2310.0,2310.0,
1144920400880561401102,2022,1,,3255.0,3255.0,-1.0
1147606472710041401101,2022,0,0.0,,,
1147606472710041401102,2022,0,0.0,,,
1147800932513011401101,2022,1,,,,
1149340806556811401102,2022,1,0.0,2320.0,2320.0,0.0
1158400601896061401101,2022,1,1.0,230.0,230.0,-1.0
1174649018401021401102,2022,0,,,,
1190627510018011401101,2022,1,,,,
1193420800116581401102,2022,0,0.0,,,
1194130900696041401102,2022,1,0.0,2310.0,2310.0,0.0
1195050500030461401101,2022,1,,,,
1202120200419311401101,2022,0,0.0,,,
1204220200049411401101,2022,1,,,,
1207900800658651401102,2022,1,,,,
1207910200458351401101,2022,1,,,,
1217250300734981501101,2022,0,,,,
1225104015411071401101,2022,1,0.0,2310.0,2310.0,0.0
1226230800214351511102,2022,0,0.0,,,
1227906015210001401101,2022,1,0.0,2310.0,2310.0,0.0
1230130801510021511101,2022,0,0.0,,,
1249631906090141401101,2022,0,,,,
1249631906090141401102,2022,0,,,,
1253440401870431401101,2022,1,0.0,2320.0,2320.0,0.0
1267300800821491401101,2022,0,0.0,,,
1280475093058811401103,2022,0,0.0,2320.0,2310.0,
1296040801297301401102,2022,1,,,,
1317620046406591401101,2022,0,0.0,,,
1350232935014311401104,2022,1,0.0,4700.0,4700.0,-1.0
1350240800248381401102,2022,1,0.0,2320.0,2320.0,0.0
1352809247211051401101,2022,0,0.0,,,
1353300600740831401101,2022,0,0.0,,,
1355120200744171411101,2022,1,0.0,2310.0,2310.0,0.0
1361500602751881401102,2022,0,0.0,,,
1363020600998751401102,2022,1,0.0,2320.0,2310.0,0.0
1367608826110001411101,2022,0,0.0,,,
1374520500412111411101,2022,1,0.0,2320.0,2320.0,0.0
1375340800610431401101,2022,1,0.0,2320.0,2320.0,0.0
1393310200371661401103,2022,1,,,,
1400630600530661401101,2022,1,0.0,2310.0,2310.0,0.0
1400630600530661401102,2022,1,0.0,2310.0,2310.0,0.0
1400640500230361401101,2022,0,,,,
1408195664981771401102,2022,0,,,,
1410703151053211401102,2022,1,1.0,2320.0,-1.0,1.0
1411100603903111501105,2022,0,0.0,0.0,2545.0,
1413170757104721411101,2022,0,1.0,,,
1416320500806071411101,2022,1,,,,
1420254072017111401101,2022,0,0.0,,,
1425110202318651401102,2022,0,0.0,,,
1428920800187481411102,2022,0,,,,
1433910800498211401101,2022,0,0.0,,,
1433910800498211401102,2022,0,0.0,,,
1437850301750341401101,2022,1,0.0,2310.0,2310.0,0.0
1460132285011311401101,2022,1,0.0,2300.0,2300.0,0.0
1460137282031311401101,2022,0,0.0,,,
1470664383073911401102,2022,0,0.0,2310.0,2310.0,
1495710501495921401101,2022,0,1.0,,,
1499230900923171401101,2022,0,1.0,2545.0,2545.0,
1507410600374471401101,2022,0,,,,
1509240801886431401102,2022,1,0.0,2310.0,2310.0,0.0
1512180099403071501101,2022,0,0.0,2310.0,2310.0,
1521340401530041401102,2022,0,0.0,2310.0,2310.0,
1529010502575061411101,2022,0,0.0,,,
1533110106398711511101,2022,0,1.0,,,
1548840200764821501102,2022,0,,,,
1550859611088911411101,2022,0,1.0,,,
1555802098311031401101,2022,0,1.0,3255.0,3255.0,
1557910707083311401102,2022,0,0.0,,,
1557920301883611401101,2022,0,0.0,,,
1570240600265751401101,2022,0,0.0,,,
1579140500681461401101,2022,1,1.0,2310.0,4510.0,1.0
1580622821021411401102,2022,0,,,,
1589700201549041501102,2022,0,,,,
1590767760086111401101,2022,0,,,,
1599040801384001401101,2022,1,0.0,2320.0,-1.0,1.0
1605505622411001401101,2022,0,0.0,,,
1616521601086051411102,2022,0,0.0,,,
1651159012312051501101,2022,0,0.0,2310.0,2310.0,
1651550600394661401102,2022,1,,,,
1655200100905881411101,2022,0,0.0,,,
1656430900778281401102,2022,0,,,,
1660704016110031501101,2022,0,1.0,,,
1660704016110031501102,2022,0,0.0,,,
1662820500418871511101,2022,0,0.0,,,
1671700600275891401103,2022,0,0.0,,,
1674950000897441401101,2022,1,0.0,2310.0,2310.0,0.0
1687461017102041401101,2022,0,,,,
1687461017102041401102,2022,0,,,,
1693510202108651401101,2022,0,1.0,,,
1704350101836641401102,2022,0,,,,
1712610165005521501102,2022,0,,2330.0,2330.0,
1715247016205091401101,2022,0,,,,
1716750061108951401102,2022,0,1.0,,,
1719340000990121501102,2022,0,0.0,,,
1719670265002931401102,2022,0,0.0,2310.0,2310.0,
1725830900025451401101,2022,0,0.0,,,
1729008279010041411102,2022,1,1.0,230.0,230.0,-1.0
1730654943017211401101,2022,0,,2320.0,2320.0,
1730654943017211401102,2022,0,,2310.0,2310.0,
1746320700660441401101,2022,1,1.0,5740.0,5740.0,-1.0
1747710105541851511101,2022,0,0.0,,,
1747730501741151411102,2022,1,0.0,2310.0,2310.0,0.0
1750116875068311401102,2022,0,,,,
1760040801791141401102,2022,0,1.0,,,
1762400100120431411101,2022,1,0.0,1970.0,2310.0,-1.0
1767230601265871401103,2022,0,0.0,,,
1774520500750171401102,2022,1,,2320.0,2320.0,0.0
1774940200272371401104,2022,0,1.0,,,
1780569320090311401101,2022,0,0.0,,,
1786120200780131411101,2022,1,0.0,2300.0,2300.0,0.0
1793303120137841401101,2022,0,0.0,,,
1793303120137841401103,2022,0,0.0,,,
1807930900795131401101,2022,1,0.0,2310.0,2310.0,0.0
1810224494091211401101,2022,0,0.0,,,
1813871500047081401103,2022,1,0.0,2300.0,2300.0,0.0
1823030501459271411101,2022,1,1.0,2555.0,2555.0,-1.0
1830409395097811501101,2022,0,,,,
1860369721025111501101,2022,0,0.0,,,
1876130901822001401101,2022,0,0.0,,,
1885110501969851401103,2022,1,,2310.0,2310.0,0.0
1905940500475331401102,2022,0,0.0,,,
1923443017202091511101,2022,0,,,,
1931471202007051401101,2022,0,1.0,,,
1931471202007051401103,2022,0,1.0,,,
1936100121110031401101,2022,1,0.0,2310.0,2310.0,0.0
1951040800081551501101,2022,0,0.0,,,
1953240500780171411101,2022,1,,,,
1957020200475191401101,2022,1,0.0,2310.0,2310.0,0.0
1983530800612601401101,2022,1,0.0,2320.0,2320.0,0.0
1996306080310041501101,2022,0,0.0,2320.0,2320.0,
1996306080310041501102,2022,0,0.0,2310.0,2310.0,
2001003109109391401101,2022,0,0.0,2310.0,2310.0,
2001003109109391401102,2022,0,0.0,2310.0,2310.0,
2004206153611021411101,2022,0,1.0,2310.0,4600.0,
2006403100761821401101,2022,0,0.0,,,
2007601130689601401102,2022,0,0.0,,,
2011709110926731401101,2022,1,0.0,2310.0,2310.0,0.0
2017551507002141401101,2022,0,,,,
2021803140420831401102,2022,0,0.0,,,
2022186536103491501102,2022,0,,,,
2023008669107571401101,2022,1,0.0,2310.0,2310.0,0.0
2023008669107571401102,2022,1,0.0,2310.0,2310.0,0.0
2023179017404091401101,2022,1,1.0,5940.0,5940.0,-1.0
2027407180318581401101,2022,0,0.0,,,
2031508160574461401102,2022,1,,,,
2041909110305651411101,2022,0,0.0,,,
2041909110305651411102,2022,0,0.0,,,
2042095919106951501101,2022,0,,,,
2049409150027331401104,2022,0,0.0,,,
2050504182410021501101,2022,0,0.0,,,
2051401107050081411102,2022,1,0.0,2310.0,2310.0,0.0
2052014525105381401103,2022,1,1.0,0.0,4600.0,-1.0
2052159405102791401104,2022,0,0.0,,,
2052602130358011401101,2022,1,1.0,7800.0,7800.0,-1.0
2053048270101371411101,2022,0,0.0,2320.0,2320.0,
2053501100592901411101,2022,1,0.0,2310.0,2310.0,0.0
2054095328106131401101,2022,0,,,,
2054121505096021501102,2022,0,0.0,,,
2054909180289871401102,2022,0,,,,
2063307150218231401101,2022,0,0.0,3603.0,3640.0,
2064403160290991411101,2022,0,0.0,,,
2065001290101591401101,2022,1,0.0,650.0,2310.0,-1.0
2070604100347371401101,2022,0,0.0,,,
2074086258104241401101,2022,1,,2310.0,2310.0,0.0
2074806110466391401101,2022,1,0.0,2310.0,2310.0,0.0
2080309160501591411104,2022,1,,2300.0,2300.0,0.0
2082044532103861411102,2022,1,0.0,2320.0,2320.0,0.0
2082705100961781401101,2022,1,0.0,2310.0,2310.0,0.0
2084066735105921401102,2022,0,1.0,,,
2085031130100051401101,2022,1,0.0,2320.0,2320.0,0.0
2085031130100051401102,2022,1,0.0,2310.0,2310.0,0.0
2090085021103951401102,2022,1,0.0,2300.0,2300.0,0.0
2090108160961791401102,2022,1,0.0,2310.0,2310.0,0.0
2094001700107391411102,2022,1,0.0,2300.0,2300.0,0.0
2095406120238321411101,2022,0,,,,
2095406120238321411102,2022,0,,,,
2100010239585661401102,2022,1,0.0,2310.0,2310.0,0.0
2100018628387651411101,2022,1,0.0,2310.0,2310.0,0.0
2100018641887611401101,2022,0,0.0,,,
2100018641887611401102,2022,0,0.0,,,
2100040836129251411102,2022,1,0.0,2310.0,2310.0,0.0
2100052744423111501101,2022,0,,,,
2100057103374251411101,2022,0,0.0,,,
2100057128374221401102,2022,0,,,,
2100057157674231401101,2022,0,0.0,,,
2100057157674231401102,2022,0,0.0,,,
2100077155399101411101,2022,1,,,,
2100079819074431401101,2022,1,,0.0,-1.0,-1.0
2100089320345421501101,2022,0,0.0,,,
2101020605160361401102,2022,0,0.0,2330.0,2330.0,
2101050146861981401101,2022,0,,,,
2102070851252661411101,2022,0,,,,
2114570084409221401101,2022,0,0.0,,,
2117916015705061401101,2022,1,0.0,2310.0,2310.0,0.0
2126903150391341401101,2022,0,0.0,,,
2147222014815021501101,2022,0,0.0,,,
2147222014815021501102,2022,0,0.0,,,
2158200120315711501101,2022,0,0.0,,,
2180831014002021511101,2022,0,,,,
2184334013702001411101,2022,0,0.0,,,
2205134015405071411102,2022,1,,2310.0,-1.0,1.0
2217001765810021401101,2022,1,0.0,2310.0,2310.0,0.0
2227091001037091401101,2022,1,0.0,2320.0,2320.0,0.0
2236402645214011501103,2022,0,,,,
2240646176107691401101,2022,0,0.0,,,
2274730016102041501104,2022,0,0.0,,,
2284303204910001401102,2022,1,0.0,2310.0,2310.0,0.0
2299770017504031401101,2022,1,0.0,2310.0,2310.0,0.0
2310363910065811401102,2022,0,0.0,2310.0,2310.0,
2315560064407541401101,2022,0,0.0,,,
2316011804041001401101,2022,1,0.0,2310.0,2310.0,0.0
2328175017511091401101,2022,0,0.0,,,
2330827044023911401102,2022,0,,2310.0,2310.0,
2347308344010041501101,2022,0,0.0,,,
2358541202013141401101,2022,1,0.0,2310.0,2310.0,0.0
2395410016402071401102,2022,1,0.0,2320.0,2320.0,0.0
2411240217105561401101,2022,0,0.0,,,
2414040066408831511102,2022,0,0.0,2310.0,2310.0,
2480034017704071401101,2022,1,1.0,4600.0,4600.0,-1.0
2495478018002051401101,2022,1,,,,
2504420018904031401102,2022,0,,,,
2509604011120001401101,2022,1,,2310.0,2310.0,0.0
2509604011120001401102,2022,1,,2310.0,2310.0,0.0
2510628941058211401103,2022,0,,,,
2510628941058211401104,2022,0,,,,
2526402645216011401101,2022,0,0.0,,,
2570600200643051501101,2022,0,0.0,,,
2590068515053711401104,2022,0,0.0,,,
2604901108080221401101,2022,0,,,,
2612380014309571411101,2022,0,0.0,,,
2612380014309571411102,2022,0,0.0,,,
2615850064308861401102,2022,1,0.0,2310.0,2310.0,0.0
2617891803058041401103,2022,1,0.0,2310.0,2310.0,0.0
2617891803058041401104,2022,1,0.0,2310.0,2310.0,0.0
2619650164008811401101,2022,0,0.0,2330.0,2330.0,
2637551508032041401101,2022,0,0.0,,,
2660749992072011401102,2022,0,0.0,,,
2671713017801031401102,2022,0,0.0,,,
2686434014004021401102,2022,1,0.0,2310.0,2310.0,0.0
2711050164204901401101,2022,0,0.0,,,
2715230015101441401101,2022,1,0.0,2310.0,2310.0,0.0
2720222201037511401103,2022,1,,,,
2731691602089091401101,2022,1,,,,
2770221930055211401101,2022,0,0.0,,,
2800181507012061401102,2022,0,0.0,,,
2805321803014061401102,2022,1,,,,
2893637016102041401101,2022,0,0.0,2310.0,2310.0,
2906934010111031401102,2022,1,0.0,2310.0,2310.0,0.0
2911601030010041401102,2022,1,0.0,2310.0,2310.0,0.0
2912610083008381401101,2022,0,0.0,,,
2918710183308361401101,2022,0,0.0,,,
2957116013205011401102,2022,1,1.0,230.0,230.0,-1.0
3013709130288261411101,2022,0,0.0,,,
3020805100974541401101,2022,1,0.0,2310.0,2310.0,0.0
3020805100974541401102,2022,1,0.0,2310.0,2310.0,0.0
3021025397105211401101,2022,0,0.0,,,
3021087013105651401102,2022,1,1.0,2640.0,2752.0,-1.0
3025025335108211401101,2022,0,,,,
3032132904102181401101,2022,0,0.0,,,
3034105224106471401102,2022,1,0.0,0.0,2330.0,-1.0
3040111201000021401103,2022,1,0.0,2310.0,2310.0,0.0
3043108100269501401102,2022,0,0.0,,,
3050064092106441401102,2022,1,0.0,2320.0,2320.0,0.0
3052008180927351401102,2022,1,0.0,0.0,-1.0,-1.0
3052106170193801411102,2022,0,0.0,,,
3052606140937581401101,2022,0,,,,
3053108180779611401101,2022,0,,,,
3055602130356071401103,2022,1,0.0,2310.0,2310.0,0.0
3061296312108501501101,2022,0,0.0,,,
3064047552109211401101,2022,0,0.0,,,
3073400140586331401101,2022,0,0.0,,,
3075806100527421401101,2022,0,,,,
3081607120736311401101,2022,1,0.0,2320.0,2320.0,0.0
3082209150758881401101,2022,1,1.0,2205.0,2205.0,-1.0
3084020969107271401102,2022,0,,,,
3084237838108111401101,2022,0,,,,
3092509150077731401101,2022,1,,,,
3092509150077731401102,2022,1,0.0,2320.0,2320.0,0.0
3093095290105331401102,2022,0,0.0,,,
3094084025101311401101,2022,1,,2300.0,2300.0,0.0
3100000006811691401101,2022,0,0.0,,,
3100014533984301401101,2022,0,0.0,,,
3100037901118181401103,2022,0,,,,
3100065800115751401102,2022,1,1.0,2004.0,2004.0,-1.0
3100078555394441401101,2022,1,0.0,2310.0,2310.0,0.0
3100078555394441401102,2022,1,0.0,2310.0,2310.0,0.0
3102027416874371401102,2022,1,0.0,2310.0,2310.0,0.0
3102058250842431401101,2022,0,0.0,,,
3107030845050181401101,2022,1,0.0,2310.0,2310.0,0.0
3108904190396831401101,2022,0,0.0,,,
3112930080307511401103,2022,0,0.0,,,
3116180157508761401101,2022,0,0.0,,,
3159206160488811401102,2022,0,1.0,,,
3169205130066261401101,2022,0,0.0,2310.0,2310.0,
3214757017805071401101,2022,1,0.0,2310.0,2310.0,0.0
3220071107001001401102,2022,0,0.0,,,
3340472271033711401101,2022,1,0.0,2310.0,2310.0,0.0
3353860017502021401101,2022,0,0.0,2310.0,2310.0,
3356004120312321401101,2022,1,,,,
3358608015912061411101,2022,0,0.0,2310.0,2310.0,
3360800012733041401102,2022,0,0.0,,,
3440459131090611501102,2022,0,0.0,,,
3489201014614061401101,2022,0,0.0,2310.0,2310.0,
3501005541710051401102,2022,1,1.0,4600.0,2600.0,-1.0
3509501203002041401101,2022,1,0.0,2310.0,2310.0,0.0
3516590177109541401102,2022,1,,,,
3517890034309331411101,2022,0,0.0,,,
3525881900041141411101,2022,0,0.0,,,
3610500023505241401102,2022,0,0.0,,,
3611810092103801411101,2022,1,0.0,2310.0,2310.0,0.0
3627955016201071401102,2022,1,0.0,2310.0,2310.0,0.0
3669102386310051401101,2022,0,0.0,,,
3714700136201531401102,2022,0,0.0,,,
3744461902002091401101,2022,0,0.0,,,
3828006170962971401102,2022,0,,,,
3845271503054051401102,2022,0,0.0,2310.0,2310.0,
3900765810045811401101,2022,0,0.0,,,
3913920000206701411102,2022,1,0.0,2310.0,2310.0,0.0
3914305079810011401102,2022,1,,,,
3915580066208541411103,2022,1,0.0,0.0,2320.0,-1.0
3926661106098001401101,2022,0,1.0,2360.0,2360.0,
3926661106098001401102,2022,0,1.0,2205.0,2205.0,
4002004170610351411101,2022,0,,,,
4003209190871081401102,2022,1,0.0,2310.0,2310.0,0.0
4005084876100581411101,2022,0,0.0,2310.0,2310.0,
4007208120922631401101,2022,0,1.0,,,
4010002555109331501102,2022,0,,,,
4013180078507541401101,2022,0,,,,
4018806100227411501102,2022,0,,,,
4030108140019771401101,2022,1,0.0,2310.0,2310.0,0.0
4033345338106811401103,2022,0,0.0,2310.0,2300.0,
4040509130815891401101,2022,0,1.0,,,
4040561301089031401101,2022,1,0.0,2310.0,2310.0,0.0
4044164004104311401101,2022,0,,,,
4044164004104311401102,2022,0,,,,
4052057910108111401102,2022,1,0.0,2330.0,2330.0,0.0
4053706130770481401101,2022,1,0.0,2320.0,2320.0,0.0
4062807160268931401101,2022,0,0.0,,,
4062807160268931401102,2022,0,0.0,,,
4063007180009281401101,2022,1,,,,
4065052964107321411101,2022,0,1.0,,,
4071605130695911511101,2022,0,1.0,,,
4072063578103081501101,2022,0,0.0,,,
4074063530103081401101,2022,0,0.0,,,
4076104160007921401101,2022,1,0.0,2310.0,2310.0,0.0
4076104160007921401102,2022,1,1.0,2310.0,4350.0,1.0
4084201160452991501101,2022,0,,,,
4096701170029691401102,2022,1,,2310.0,2310.0,0.0
4097700120975011401101,2022,0,0.0,,,
4097701170029601401102,2022,1,,2310.0,2310.0,0.0
4100002945362551401102,2022,0,0.0,,,
4100012734051341411102,2022,1,1.0,2545.0,2545.0,-1.0
4100022507684961401101,2022,1,0.0,2320.0,2320.0,0.0
4100035206728681401101,2022,0,0.0,,,
4100036036134781511101,2022,0,,,,
4100036036134781511102,2022,0,,,,
4100045702570591401102,2022,1,0.0,2310.0,2310.0,0.0
4100066030224491401102,2022,1,0.0,2310.0,2310.0,0.0
4100081446716471501102,2022,0,,,,
4100082035758291401102,2022,1,,4600.0,4600.0,-1.0
4100097753194611401102,2022,1,0.0,2320.0,2320.0,0.0
4101006943234551401101,2022,0,,,,
4103215012302081401102,2022,1,0.0,2310.0,2310.0,0.0
4104016419634051401101,2022,0,0.0,2310.0,2310.0,
4106131403054001401101,2022,1,0.0,2310.0,2310.0,0.0
4117820082403791401101,2022,0,1.0,,,
4120326010921061401102,2022,1,,,,
4127001120428901501102,2022,0,0.0,,,
4134924016105031401101,2022,1,0.0,2310.0,2310.0,0.0
4150206898110041401102,2022,1,0.0,2320.0,2320.0,0.0
4150908140958921501102,2022,0,,2310.0,2310.0,
4153081707084031401102,2022,0,0.0,,,
4155707174410031501102,2022,0,0.0,,,
4160808180570991401101,2022,0,,,,
4173501100768031401102,2022,0,0.0,,,
4215505650512051411101,2022,1,,2545.0,2545.0,-1.0
4252400190098881401101,2022,0,0.0,,,
4314530065509471401103,2022,0,0.0,,,
4325507180008391401103,2022,0,1.0,,,
4393514013703081401101,2022,1,0.0,2300.0,2310.0,0.0
4402809170038701501101,2022,0,,,,
4412130054005431511101,2022,0,,,,
4428328014503061411101,2022,1,0.0,2300.0,2300.0,0.0
4438002375310001401102,2022,1,0.0,2330.0,2330.0,0.0
4458551406094011411102,2022,1,0.0,2310.0,2310.0,0.0
4478638013504081401102,2022,0,0.0,,,
4515030020203601411101,2022,1,0.0,2300.0,2300.0,0.0
4543481206076081401102,2022,1,,,,
4543896014203021401102,2022,0,,,,
4632211017205071401101,2022,1,0.0,2310.0,2310.0,0.0
4632211017205071401102,2022,1,0.0,2310.0,2310.0,0.0
4634681203068151501102,2022,0,,,,
4642921503019031401101,2022,0,0.0,,,
4719227011802051401102,2022,1,1.0,2002.0,2002.0,-1.0
4755913015002011411101,2022,1,0.0,2310.0,2310.0,0.0
4815620123007501401101,2022,0,0.0,,,
4840831501039181501101,2022,0,0.0,2310.0,2310.0,
4894531017100041401102,2022,0,0.0,,,
4924241707018091401101,2022,0,0.0,,,
4926204337410031401102,2022,1,0.0,2310.0,2310.0,0.0
4932201896410031401101,2022,1,1.0,5360.0,5360.0,-1.0
4941701802001031401102,2022,0,0.0,,,
5018303150456781411102,2022,0,1.0,,,
5019102012202041401101,2022,1,0.0,2310.0,2310.0,0.0
5019102012202041401103,2022,1,0.0,2310.0,2310.0,0.0
5019965018602071401102,2022,1,,,,
5023012419105031401102,2022,0,0.0,,,
5023055038100211401102,2022,1,,2310.0,2310.0,0.0
5023055088106211401101,2022,0,0.0,,,
5023236846104701401101,2022,0,0.0,,,
5023236846104701401102,2022,0,1.0,,,
5023708160163281401102,2022,1,0.0,2320.0,2320.0,0.0
5044133417100431501102,2022,0,0.0,,,
5052605100555551401102,2022,0,0.0,,,
5053501100596981401102,2022,1,,,,
5053506120094731411102,2022,1,1.0,2861.0,2861.0,-1.0
5056251002052111401101,2022,0,,2310.0,2310.0,
5058102140350801411102,2022,0,1.0,,,
5061164192108521501101,2022,0,0.0,2310.0,2310.0,
5064042230108211411101,2022,0,0.0,,,
5070216828105681401101,2022,0,1.0,,,
5070481184101441501103,2022,0,0.0,,,
5073214725100741401101,2022,1,0.0,2310.0,2310.0,0.0
5073314715101741411102,2022,0,0.0,,,
5077300100995301401101,2022,0,0.0,,,
5084201160456991401102,2022,1,1.0,4110.0,4110.0,-1.0
5087105160674801401102,2022,0,0.0,,,
5091063732103691401102,2022,1,0.0,2310.0,2310.0,0.0
5093075969104991401102,2022,1,0.0,2310.0,2310.0,0.0
5100025019014831401101,2022,1,0.0,2310.0,2310.0,0.0
5100025019014831401102,2022,1,0.0,2310.0,2310.0,0.0
5100035636164861401101,2022,1,0.0,2310.0,2310.0,0.0
5100057011219331401101,2022,1,0.0,2310.0,2310.0,0.0
5100072309446651401102,2022,0,0.0,,,
5100084626228131411101,2022,0,0.0,,,
5100093535377931401101,2022,1,0.0,2320.0,2320.0,0.0
5100098744595581401101,2022,0,,,,
5101021134596361401101,2022,0,0.0,,,
5101046400143021401102,2022,1,0.0,2310.0,2310.0,0.0
5101083938166881401101,2022,1,0.0,2320.0,2320.0,0.0
5108971503001071401101,2022,1,0.0,2310.0,2310.0,0.0
5140507547412031401101,2022,1,1.0,1108.0,1108.0,-1.0
5144303848103621501101,2022,0,0.0,2300.0,2300.0,
5161909190363861401102,2022,0,0.0,,,
5167700170541831401102,2022,0,,,,
5210270620102721401103,2022,0,,,,
5210670020002741501101,2022,0,0.0,2310.0,2310.0,
5214550160107991411101,2022,0,1.0,,,
5216251002052111401101,2022,1,0.0,2320.0,2320.0,0.0
5248711106046021401101,2022,0,,,,
5281305110774861401102,2022,0,0.0,,,
5286500190876641401102,2022,0,0.0,,,
5289943016404051401101,2022,1,0.0,2320.0,2320.0,0.0
5304056013703011511101,2022,0,,,,
5304056013703011511102,2022,0,,,,
5312540098208191401103,2022,1,0.0,2310.0,2310.0,0.0
5313840089108101411101,2022,1,1.0,2320.0,-1.0,1.0
5414850085309931511101,2022,0,,,,
5416209067910021401101,2022,1,0.0,2310.0,2310.0,0.0
5427800932511031411101,2022,1,,2320.0,2320.0,0.0
5437991502009091401101,2022,1,0.0,2300.0,2300.0,0.0
5546107010903061401101,2022,1,,2320.0,2320.0,0.0
5548421809050031401101,2022,0,1.0,2310.0,-1.0,
5554456015000041411102,2022,0,0.0,,,
5559203176211031411101,2022,0,0.0,2320.0,2320.0,
5605021802085361401104,2022,0,0.0,,,
5608551905099061401102,2022,0,0.0,,,
5611730085304741401102,2022,0,0.0,,,
5614470072306781401102,2022,0,0.0,,,
5634301202008131401102,2022,0,0.0,,,
5635391009001161401101,2022,0,,,,
5714760088201931401102,2022,1,,,,
5718000021505941401102,2022,1,,2330.0,2330.0,0.0
5719300021505911401102,2022,1,,,,
5742721702039081501101,2022,0,,,,
5742721702039081501102,2022,0,,,,
5813311702011021401102,2022,1,0.0,2310.0,2320.0,0.0
5833941301053091411101,2022,1,0.0,2320.0,2320.0,0.0
5912940027009571401101,2022,1,,,,
5912940027009571401103,2022,1,,,,
5923491306077051501101,2022,0,0.0,,,
5923491306077051501102,2022,0,1.0,,,
5928905580410031411102,2022,1,0.0,2310.0,2310.0,0.0
5931403257011011401102,2022,1,,2310.0,2310.0,0.0
5935831505097011401101,2022,0,0.0,2310.0,2310.0,
5938091006016651401102,2022,0,,,,
5961243019903031401101,2022,1,,2300.0,2300.0,0.0
5976955013313081501102,2022,0,0.0,,,
5987702077311021501102,2022,0,0.0,,,
6003092064102341401102,2022,0,0.0,,,
6004092038108341401102,2022,1,,,,
6010045696101591401101,2022,0,,,,
6012520044309291401102,2022,0,,,,
6022031501037091401101,2022,1,,,,
6032041118105411411102,2022,1,1.0,2435.0,2435.0,-1.0
6042004165107981401102,2022,0,0.0,,,
6042064712105441401101,2022,1,1.0,2330.0,-1.0,1.0
6045031131105821401102,2022,0,,10.0,20.0,
6051017157109551501101,2022,0,0.0,,,
6056108341210011401102,2022,0,0.0,,,
6056704861310021401101,2022,1,,2310.0,2330.0,0.0
6062116317108241401101,2022,0,0.0,,,
6062116317108241401102,2022,0,0.0,,,
6064056955104221401101,2022,0,0.0,,,
6068201766210001401102,2022,0,0.0,,,
6080014936103241401101,2022,1,0.0,2310.0,2310.0,0.0
6080014936103241401102,2022,1,0.0,2310.0,2310.0,0.0
6082014951104241411102,2022,0,,,,
6085213520100271411101,2022,0,1.0,,,
6091052518106071401102,2022,1,0.0,2310.0,2310.0,0.0
6092036738103891511101,2022,0,,,,
6100017805293861401101,2022,1,0.0,2310.0,2310.0,0.0
6100021931266041401102,2022,1,,,,
6100025635926931501101,2022,0,0.0,,,
6100034513902321401102,2022,1,,2310.0,2310.0,0.0
6100066330727931411101,2022,0,0.0,,,
6100084008173011401101,2022,1,,,,
6101043443182811401103,2022,0,1.0,,,
6103099205175121401101,2022,0,,,,
6114669018402021401103,2022,1,0.0,2300.0,2300.0,0.0
6114970038204971401101,2022,0,0.0,,,
6117300156501911401101,2022,1,0.0,2310.0,2310.0,0.0
6118540073200601411102,2022,1,,2310.0,2310.0,0.0
6122231006071011401101,2022,1,0.0,2320.0,2320.0,0.0
6122231006071011401102,2022,1,0.0,2310.0,2310.0,0.0
6127025200634961401101,2022,0,1.0,,,
6182643015103091401101,2022,0,0.0,,,
6216291209058171401101,2022,0,,,,
6219020014205911401101,2022,0,0.0,,,
6221209794810011411102,2022,1,0.0,2310.0,2310.0,0.0
6228181701032061401102,2022,1,1.0,2040.0,2040.0,-1.0
6240714406106181401103,2022,0,1.0,0.0,-1.0,
6242871306070061501102,2022,0,0.0,,,
6244551803039171501102,2022,0,0.0,,,
6244551807059071401102,2022,1,0.0,2310.0,2310.0,0.0
6288050015802021511101,2022,0,0.0,,,
6318190015001241401102,2022,1,0.0,2310.0,2310.0,0.0
6318700020300651401102,2022,1,0.0,2310.0,2310.0,0.0
6342503510210001401102,2022,1,0.0,2320.0,2320.0,0.0
6349202352111001401102,2022,1,,,,
6349202352111001401103,2022,1,,,,
6412080080408711411101,2022,1,,,,
6412506249010011411102,2022,1,0.0,2310.0,2310.0,0.0
6415760004304441401102,2022,0,1.0,,,
6416680080108751401102,2022,1,1.0,6260.0,6260.0,-1.0
6416870082307151411102,2022,1,,,,
6431355016705021401101,2022,0,0.0,,,
6476108341210001401102,2022,1,0.0,2310.0,2310.0,0.0
6479545018902071401101,2022,0,0.0,,,
6483203995310001401105,2022,0,0.0,,,
6544909417911031401102,2022,1,,,,
6547705047510051411102,2022,1,0.0,2310.0,2310.0,0.0
6552704865110031401101,2022,0,,,,
6556908545510001401102,2022,0,,,,
6562439216270031401101,2022,0,0.0,,,
6568406105811001401101,2022,0,1.0,,,
6601209794810041411101,2022,0,0.0,,,
6642508484610011401102,2022,1,0.0,2300.0,2300.0,0.0
6658205289310201501101,2022,0,,2545.0,2545.0,
6715140724100181411101,2022,0,1.0,,,
6716207244410011511101,2022,0,1.0,,,
6717051503053081501101,2022,0,,,,
6719809105310011401102,2022,1,0.0,2310.0,2310.0,0.0
6726006570411001401102,2022,1,0.0,2310.0,2310.0,0.0
6764454010723031401101,2022,0,0.0,,,
6802209893713051401102,2022,0,0.0,2320.0,2320.0,
6806804294711001401101,2022,1,,,,
6809202352111001401102,2022,1,0.0,2330.0,2330.0,0.0
6822251305020041401102,2022,0,0.0,,,
6849811204024021401101,2022,1,0.0,2320.0,2320.0,0.0
6914650253307521401101,2022,0,0.0,,,
6917450076400671501102,2022,0,0.0,,,
6919890193008031501101,2022,0,,,,
6944821802015011401101,2022,1,0.0,4600.0,-1.0,-1.0
6946708014503011411101,2022,1,0.0,2320.0,2320.0,0.0
6949951102082171401102,2022,1,0.0,2320.0,2320.0,0.0
6958100018002091411101,2022,1,0.0,2310.0,2310.0,0.0
6975300836910021401101,2022,1,0.0,2310.0,2310.0,0.0
6982202876411001401101,2022,0,,,,
7018690042509941401102,2022,1,1.0,440.0,440.0,-1.0
7023675013802001411102,2022,0,0.0,,,
7032079428106151411102,2022,0,0.0,2310.0,2310.0,
7032092812108051411101,2022,0,,,,
7042153610108291401102,2022,0,0.0,,,
7063303035410031401101,2022,1,0.0,2310.0,2310.0,0.0
7064069509107601401102,2022,1,0.0,2310.0,2310.0,0.0
7064329439105251401101,2022,0,1.0,,,
7070977651047611401101,2022,0,0.0,,,
7072107705109231411101,2022,0,0.0,,,
7073057572101121411101,2022,1,1.0,0.0,-1.0,-1.0
7074157512106121501102,2022,0,0.0,,,
7083089231105101401102,2022,1,0.0,2310.0,2310.0,0.0
7093039409107221401101,2022,1,0.0,2310.0,2310.0,0.0
7100016820337341401101,2022,1,0.0,2320.0,2320.0,0.0
7100025702417511401101,2022,1,,,,
7100030143139921401101,2022,1,0.0,2300.0,2300.0,0.0
7100041448375741401102,2022,0,,,,
7100048105345141411102,2022,1,0.0,2310.0,2310.0,0.0
7100063928124921411101,2022,0,0.0,,,
7100065939680871501102,2022,0,,,,
7100073643139101411101,2022,1,1.0,2310.0,-1.0,1.0
7100081650765841401101,2022,0,,,,
7100086324404511401102,2022,0,1.0,,,
7100092638943761401101,2022,0,0.0,,,
7101048607622261401101,2022,0,0.0,2320.0,2320.0,
7101048607622261401102,2022,0,0.0,2310.0,2310.0,
7107083511491571401102,2022,0,0.0,2310.0,2310.0,
7119049845316681401102,2022,0,0.0,,,
7217709867910031401102,2022,1,1.0,8740.0,8740.0,-1.0
7218551706027081401101,2022,0,0.0,2310.0,2310.0,
7264612014401071511102,2022,0,0.0,,,
7310312911045811401102,2022,0,0.0,,,
7315471002064251401101,2022,0,0.0,,,
7335471008064051401102,2022,0,1.0,,,
7355583019403001401102,2022,0,,2360.0,2360.0,
7370218501018911411101,2022,0,,,,
7375304533417011401101,2022,0,0.0,,,
7389515011702011411102,2022,1,,,,
7402151104024031401101,2022,1,0.0,2310.0,2310.0,0.0
7411820189405041401102,2022,0,0.0,,,
7417800124406781401101,2022,1,1.0,2040.0,2040.0,-1.0
7419830154400731401101,2022,1,0.0,2320.0,2320.0,0.0
7430608106310011401101,2022,0,0.0,,,
7437904484212031401102,2022,0,0.0,,,
7439903071310041511102,2022,0,,2310.0,2310.0,
7458451103011001401102,2022,1,1.0,0.0,-1.0,-1.0
7511090074209741401101,2022,1,,,,
7532031101055141411101,2022,1,0.0,2310.0,2310.0,0.0
7570513971079311401101,2022,0,,,,
7603001201035091401101,2022,1,0.0,2330.0,2310.0,0.0
7645806176812031501102,2022,0,0.0,,,
7710574891065311401101,2022,0,0.0,,,
7710574891065311401102,2022,0,0.0,,,
7716640043004061401102,2022,0,,,,
7719504551610011401102,2022,0,1.0,,,
7729909399110011401101,2022,1,1.0,2310.0,-1.0,1.0
7811710051102451501102,2022,0,0.0,,,
7814270004005831401102,2022,1,0.0,2320.0,-1.0,1.0
7859125013323011511105,2022,0,1.0,,,
7867600008210021401102,2022,1,0.0,2310.0,2310.0,0.0
7908037013004091401101,2022,1,0.0,2300.0,2300.0,0.0
7914860095002171501102,2022,0,0.0,,,
7920991600076121401102,2022,0,0.0,,,
7922311507066031401101,2022,1,,2300.0,2300.0,0.0
7937815015901021401101,2022,1,0.0,2310.0,2310.0,0.0
8004174218108951501101,2022,0,0.0,,,
8010014388103071401102,2022,0,0.0,0.0,2310.0,
8013116346107551401101,2022,0,0.0,,,
8013116346107551401102,2022,0,0.0,,,
8021028987101161401101,2022,0,,,,
8025022033105961401101,2022,1,0.0,2310.0,2310.0,0.0
8047657017805001401101,2022,0,0.0,,,
8068997219060011401102,2022,0,0.0,2300.0,2300.0,
8071041222105231501101,2022,0,0.0,,,
8094046735103551401102,2022,1,,,,
8095115840107601511101,2022,0,0.0,,,
8100017632495061401102,2022,0,,2310.0,2310.0,
8100032426399491401102,2022,1,1.0,2545.0,2545.0,-1.0
8100033601229151401102,2022,1,,2320.0,2300.0,0.0
8100034150314011401101,2022,0,,,,
8100034424550771401104,2022,1,,,,
8100064442482521401101,2022,1,0.0,2310.0,2310.0,0.0
8100071330326541401102,2022,1,,,,
8100076442474581401102,2022,0,0.0,,,
8100087229698411401101,2022,0,,,,
8101005947067881401101,2022,0,0.0,,,
8102027343329121401102,2022,0,,,,
8102221408085001411102,2022,0,0.0,,,
8106707013915011401101,2022,1,0.0,2300.0,2300.0,0.0
8108991301058001411101,2022,1,,,,
8110049909715761401101,2022,1,1.0,0.0,-1.0,-1.0
8150261004074061401101,2022,0,,,,
8162830118700001401102,2022,1,1.0,4621.0,4621.0,-1.0
8183940016804091401102,2022,1,,,,
8211701013103041411102,2022,0,0.0,,,
8216006510310041401102,2022,1,0.0,2310.0,2310.0,0.0
8331340015705061401101,2022,1,0.0,2310.0,2310.0,0.0
8331340015705061401102,2022,1,0.0,2310.0,2310.0,0.0
8411801157810041401104,2022,1,0.0,5400.0,2310.0,-1.0
8413830035409351401102,2022,0,1.0,,,
8414207721510011401101,2022,1,0.0,2300.0,2300.0,0.0
8417830134406821401102,2022,1,0.0,2310.0,2310.0,0.0
8420665960211411401101,2022,0,,,,
8420665960211411401102,2022,0,,,,
8522611006074021401101,2022,0,,2310.0,2310.0,
8544003999812041401102,2022,0,,2320.0,2320.0,
8556391001034061401101,2022,1,,,,
8558205240810021411101,2022,0,0.0,,,
8569542012510091501101,2022,0,,2310.0,2300.0,
8614420021304971501103,2022,0,0.0,,,
8616820122404741401102,2022,0,0.0,,,
8635611505023171501102,2022,0,0.0,,,
8647191302016081411102,2022,0,,,,
8650704016102031411101,2022,1,0.0,2320.0,2320.0,0.0
8654108013404011411101,2022,1,,2310.0,2310.0,0.0
8675806043216041401104,2022,1,0.0,2300.0,2300.0,0.0
8717211502084011401101,2022,1,0.0,2310.0,2310.0,0.0
8718440078300201411101,2022,0,0.0,,,
8718440078300201411102,2022,0,0.0,,,
8719650065000221401102,2022,1,,,,
8727608826113031401101,2022,0,,,,
8795544012210051401101,2022,0,,,,
8818540009007841401102,2022,0,,,,
8889707018704071401102,2022,1,,,,
8916004891810031411101,2022,1,0.0,2310.0,2310.0,0.0
8917860055100311401102,2022,1,0.0,2310.0,2310.0,0.0
8920691309069021401101,2022,0,0.0,,,
8926806359811031401102,2022,1,,,,
8929611504025081401101,2022,1,0.0,2310.0,2310.0,0.0
8967444012800071401102,2022,1,,440.0,440.0,-1.0
9000090128106101401101,2022,1,0.0,2320.0,2320.0,0.0
9000090128106101401102,2022,1,0.0,0.0,2310.0,-1.0
9003991402100361401101,2022,0,1.0,,,
9011029618105581401101,2022,1,0.0,2310.0,2310.0,0.0
9011129675101581401101,2022,1,0.0,2310.0,2310.0,0.0
9012980079203011401101,2022,1,1.0,5940.0,5900.0,-1.0
9017070009408331401101,2022,1,0.0,2320.0,2320.0,0.0
9017300119308831401101,2022,0,0.0,,,
9018620212004441401101,2022,0,0.0,,,
9024092717105561401101,2022,1,1.0,2060.0,2060.0,-1.0
9031064273105751501102,2022,0,0.0,,,
9053012390100061501101,2022,0,0.0,,,
9053125813101781501101,2022,0,,,,
9054051528103461401102,2022,0,0.0,,,
9062605028711031401103,2022,0,0.0,,,
9070616244101321401101,2022,0,0.0,,,
9072075119106871401102,2022,0,,,,
9074090018803021401101,2022,0,1.0,,,
9080037775100501401101,2022,0,0.0,2310.0,2310.0,
9080037775100501401102,2022,0,0.0,2310.0,2310.0,
9083006527106791401102,2022,1,0.0,2330.0,2330.0,0.0
9091030017105371401101,2022,1,0.0,2310.0,2310.0,0.0
9100027740156421401101,2022,1,,,,
9100036257522141511101,2022,0,0.0,,,
9100066500212251401102,2022,1,0.0,2310.0,2310.0,0.0
9100075242606521401101,2022,1,,2320.0,2320.0,0.0
9100081701216541411103,2022,0,0.0,,,
9100083233791471401101,2022,0,0.0,,,
9101080443135881501101,2022,0,0.0,2310.0,2310.0,
9103078345192291501101,2022,0,1.0,,,
9103191905049091411101,2022,0,0.0,,,
9211780070105341401102,2022,0,0.0,,,
9212560011507311401102,2022,1,,,,
9214180770105361411101,2022,0,,,,
9214291009080121501102,2022,0,0.0,,,
9215400563504091411103,2022,0,,,,
9218051501033161401101,2022,1,0.0,2330.0,2330.0,0.0
9225718015614091401101,2022,0,0.0,,,
9225718015614091401102,2022,0,0.0,,,
9242851905091061401101,2022,1,0.0,2310.0,2310.0,0.0
9247421802010021401102,2022,1,,,,
9309603969811031401101,2022,0,,,,
9310261401052171401101,2022,0,0.0,,,
9318940026206241401102,2022,0,0.0,,,
9331261602036001401102,2022,1,,,,
9344503012311001401103,2022,0,0.0,,,
9359831900046161401101,2022,0,0.0,,,
9359831900046161401102,2022,0,0.0,,,
9360794017420061401103,2022,0,0.0,,,
9378399013221011401102,2022,1,0.0,2310.0,2310.0,0.0
9416600783010011401101,2022,1,0.0,2310.0,2310.0,0.0
9419705922610011401101,2022,1,0.0,2310.0,2310.0,0.0
9451611700013671411102,2022,0,0.0,,,
9480300214411021501101,2022,0,0.0,,,
9523861601055181401102,2022,1,,,,
9540689444123911401101,2022,0,1.0,,,
9601061305040061401101,2022,0,,,,
9602661608018151401101,2022,0,1.0,,,
9634370015501071401101,2022,1,,2310.0,2310.0,0.0
9669527019305061411101,2022,1,1.0,420.0,230.0,-1.0
9687817011433021401102,2022,0,0.0,,,
9719600078407221401101,2022,1,0.0,2310.0,2310.0,0.0
9736461901032061401101,2022,1,,2330.0,2330.0,0.0
9745431400048001401102,2022,1,0.0,2310.0,2310.0,0.0
9745431400048001401103,2022,1,1.0,4220.0,4220.0,-1.0
9781404498410011401101,2022,0,0.0,,,
9815250147004901501101,2022,0,,,,
9815250147004901501102,2022,0,,,,
9819840047307221411101,2022,1,0.0,2310.0,2310.0,0.0
9827511702063041411101,2022,0,,,,
9917400043508931401101,2022,1,0.0,2310.0,2310.0,0.0
9917750011101431401102,2022,0,,2320.0,2320.0,
9917830000206821401101,2022,1,0.0,2310.0,2310.0,0.0
9955234012341001501101,2022,0,0.0,2300.0,2300.0,
9963423017203091501101,2022,0,0.0,,,
9984463015664041401101,2022,1,0.0,2310.0,2310.0,0.0
0000630903159371601101,2023,0,0.0,,,
0001104017703011501104,2023,1,0.0,2310.0,2310.0,0.0
0001305019587411601101,2023,0,0.0,,,
0001305248784351501103,2023,1,,,,
0001403807786041501103,2023,1,0.0,2310.0,2310.0,0.0
0001502423887071611102,2023,0,0.0,,,
0001703853494431501101,2023,1,1.0,2170.0,2360.0,-1.0
0001801532680321601102,2023,0,0.0,,,
0005908200017101511101,2023,1,0.0,2310.0,2310.0,0.0
0011201297395331601101,2023,0,1.0,,,
0011303517322701601101,2023,0,0.0,,,
0011303517322701601102,2023,0,0.0,,,
0011402291983721601101,2023,0,,,,
0011500802584841611101,2023,0,0.0,,,
0011501063619261511102,2023,1,1.0,5860.0,5860.0,-1.0
0011670919153461611102,2023,0,0.0,2320.0,2320.0,
0011701781199451601101,2023,0,0.0,,,
0011800937132831601102,2023,0,,2310.0,2310.0,
0011802793111161511101,2023,1,0.0,2310.0,2310.0,0.0
0011803333498031611101,2023,0,0.0,,,
0011804851878921501101,2023,1,0.0,2310.0,2310.0,0.0
0011903312014781501101,2023,1,0.0,2310.0,2310.0,0.0
0014570094128261601101,2023,0,0.0,,,
0014641009201281511101,2023,1,,,,
0021403926563111501102,2023,1,0.0,2310.0,2310.0,0.0
0021701435179571601102,2023,0,0.0,,,
0021701996939191601101,2023,0,0.0,,,
0021904276241381501101,2023,1,0.0,2310.0,2310.0,0.0
0031004933993541601102,2023,0,0.0,,,
0031100407391691501101,2023,1,0.0,2310.0,2310.0,0.0
0031105703659611601101,2023,0,0.0,,,
0031301307777801501102,2023,1,0.0,2310.0,2310.0,0.0
0031500472803541611101,2023,0,1.0,2002.0,2002.0,
0031500841958521511101,2023,1,0.0,2310.0,2310.0,0.0
0031502297688101601101,2023,0,,,,
0031604442950141511101,2023,1,0.0,2310.0,2310.0,0.0
0031903211170781601102,2023,0,0.0,,,
0031903972239641601102,2023,0,,,,
0040190263167681501102,2023,1,0.0,2300.0,2300.0,0.0
0040900949174531501102,2023,1,0.0,2310.0,2310.0,0.0
0041005186031521601101,2023,0,,,,
0041505436208261501101,2023,1,0.0,2310.0,2310.0,0.0
0041701725580461601101,2023,0,0.0,,,
0041804445260641501102,2023,1,,,,
0050090813164451601102,2023,0,0.0,,,
0051002221460941611102,2023,0,0.0,,,
0051204801012411601102,2023,0,0.0,,,
0051301438208261601102,2023,0,0.0,,,
0051402551606011501101,2023,1,1.0,2722.0,2722.0,-1.0
0051600938528101501101,2023,1,,,,
0051605098661151501102,2023,1,1.0,2300.0,3603.0,1.0
0051902442265261601102,2023,0,0.0,,,
0060051104301491501102,2023,1,0.0,2310.0,2310.0,0.0
0061302049364141601102,2023,0,0.0,,,
0061302113426831501101,2023,1,,2310.0,2310.0,0.0
0061504768108831501101,2023,1,0.0,2310.0,2310.0,0.0
0061505371300451501102,2023,1,0.0,2310.0,2310.0,0.0
0061601971055791611101,2023,0,0.0,,,
0061704829984081501102,2023,1,0.0,2330.0,2330.0,0.0
0067423103301941501103,2023,1,0.0,2310.0,2310.0,0.0
0067473103041241501102,2023,1,0.0,2310.0,2310.0,0.0
0067854507311061501104,2023,1,0.0,440.0,2360.0,-1.0
0069193704501251501101,2023,1,0.0,2310.0,2310.0,0.0
0070709903401481501101,2023,1,,,,
0071202664023251601102,2023,0,0.0,,,
0077291602421991601101,2023,0,,,,
0080811012945101601103,2023,0,,,,
0081003708569671611102,2023,0,,,,
0081003807786041611102,2023,0,1.0,,,
0081100332498031511101,2023,1,0.0,2310.0,2320.0,0.0
0081103558606011601101,2023,0,,,,
0081804467484381601102,2023,0,,,,
0091204964352241601101,2023,0,0.0,,,
0091502576947231501102,2023,1,0.0,2310.0,2310.0,0.0
0091502584213761611101,2023,0,0.0,,,
0091702006117411601101,2023,0,0.0,,,
0096950801401671501101,2023,1,,110.0,110.0,-1.0
0100960319166461601102,2023,0,,,,
0101010024193531601102,2023,0,0.0,,,
0103091700501231501102,2023,1,0.0,2310.0,2310.0,0.0
0109560902401521601102,2023,0,1.0,2545.0,2545.0,
0110330616137701601101,2023,0,,,,
0110330616137701601102,2023,0,,,,
0120330484175011601101,2023,0,0.0,2310.0,2310.0,
0120434209201621601101,2023,0,,,,
0131130299125681611102,2023,0,0.0,,,
0131200168165351601101,2023,0,,,,
0131200168165351601102,2023,0,,,,
0136770299125681601101,2023,0,,,,
0138849508301191601101,2023,0,0.0,,,
0140890011156021601101,2023,0,0.0,,,
0144011143775701501101,2023,1,,,,
0144595702401321501102,2023,1,0.0,2310.0,2310.0,0.0
0147075302111361501102,2023,1,,,,
0147085302011091601101,2023,0,0.0,,,
0147085302011091601102,2023,0,0.0,,,
0150110558114761601102,2023,0,,,,
0150670871145041611102,2023,0,1.0,,,
0151310168115351501103,2023,1,,,,
0151530168115351601101,2023,0,,,,
0153913108501561501102,2023,1,1.0,0.0,-1.0,-1.0
0154197406101171501101,2023,1,0.0,2310.0,2310.0,0.0
0154197406101171501102,2023,1,0.0,2330.0,2330.0,0.0
0159144109101131601103,2023,0,,,,
0167216920100101601101,2023,0,,,,
0186087509151911611102,2023,0,,,,
0200682257164631501102,2023,1,,2310.0,2310.0,0.0
0202310343169591601102,2023,0,0.0,,,
0210750631165911501102,2023,1,0.0,2310.0,2310.0,0.0
0213001056679041501101,2023,1,0.0,2310.0,-1.0,1.0
0219006145508051501102,2023,1,0.0,2310.0,2310.0,0.0
0223739908431091601101,2023,0,0.0,,,
0228724201411291501101,2023,1,0.0,2310.0,2310.0,0.0
0230680932140451601101,2023,0,,,,
0231206005201401611102,2023,0,,,,
0231510385104251611102,2023,0,1.0,,,
0231810961195791501101,2023,1,0.0,2310.0,2310.0,0.0
0232320725155451611101,2023,0,0.0,2310.0,2310.0,
0237050132193801601102,2023,0,0.0,,,
0240380719199171501102,2023,1,0.0,2310.0,2310.0,0.0
0240670294164411501102,2023,1,0.0,2320.0,2320.0,0.0
0240820779129721501101,2023,1,0.0,2310.0,2310.0,0.0
0240940414181171501102,2023,1,0.0,2300.0,2300.0,0.0
0240940590108641511102,2023,1,0.0,2300.0,2300.0,0.0
0240960650195121501102,2023,1,0.0,2310.0,2310.0,0.0
0241090108913301501102,2023,1,0.0,2310.0,2310.0,0.0
0241320310123911601101,2023,0,0.0,2310.0,2320.0,
0244315004101651511102,2023,1,0.0,2310.0,2310.0,0.0
0249627650800121501102,2023,1,0.0,2310.0,2310.0,0.0
0249995705201851501101,2023,1,0.0,2330.0,2330.0,0.0
0256976203011821601102,2023,0,,,,
0257090114902701601101,2023,0,0.0,,,
0257090114902701601102,2023,0,0.0,,,
0257274500201381601102,2023,0,0.0,,,
0271600084017281601101,2023,0,0.0,,,
0271600084017281601102,2023,0,0.0,,,
0272064701511501611101,2023,0,0.0,,,
0286835609501601611101,2023,0,0.0,,,
0299921604301111501102,2023,1,0.0,2310.0,2310.0,0.0
0304101430510611601102,2023,0,0.0,,,
0309270212026711501102,2023,1,0.0,2310.0,2310.0,0.0
0310580053123341601102,2023,0,,,,
0310620080175131501102,2023,1,0.0,2310.0,2310.0,0.0
0311530535124341601102,2023,0,0.0,,,
0314129309501711501102,2023,1,0.0,2310.0,2310.0,0.0
0315490744177321601101,2023,0,1.0,,,
0316841402001291501101,2023,1,0.0,2300.0,2300.0,0.0
0319004045638271611101,2023,0,,2310.0,2300.0,
0320330698164111501102,2023,1,0.0,2310.0,2310.0,0.0
0320620797181451501101,2023,1,0.0,2310.0,2310.0,0.0
0320760627127831511101,2023,1,,,,
0321820196133371601101,2023,0,0.0,,,
0330760370101641501101,2023,1,,3421.0,3421.0,-1.0
0331400641191841601101,2023,0,0.0,,,
0336026509311131501102,2023,1,0.0,4600.0,4600.0,-1.0
0336026509311131501103,2023,1,0.0,2300.0,2300.0,0.0
0338093409001311501101,2023,1,,,,
0341020708189311501101,2023,1,0.0,2310.0,2310.0,0.0
0342070184334701611102,2023,0,,,,
0352310173130441501102,2023,1,0.0,2310.0,2310.0,0.0
0359040168166501601102,2023,0,0.0,,,
0362080184741101601102,2023,0,0.0,,,
0364726020800171601102,2023,0,0.0,,,
0364728000800171501102,2023,1,0.0,2310.0,2310.0,0.0
0380091177325401601101,2023,0,0.0,,,
0385834604151771601104,2023,0,,,,
0392893103201841501101,2023,1,,2330.0,2330.0,0.0
0400470114001961611102,2023,0,0.0,,,
0401020504169411601101,2023,0,1.0,,,
0402510630911901601101,2023,0,0.0,,,
0403190413116481601102,2023,0,0.0,,,
0404154306501441501102,2023,1,0.0,2310.0,2310.0,0.0
0408191146161481601101,2023,0,1.0,,,
0409725220217601601101,2023,0,1.0,,,
0411250508132091601108,2023,0,,,,
0411310122167701601102,2023,0,0.0,,,
0414758050000181601101,2023,0,0.0,,,
0420090648100031501101,2023,1,,2310.0,2310.0,0.0
0423695601201751501101,2023,1,1.0,2555.0,2555.0,-1.0
0424090146006301601102,2023,0,0.0,,,
0432337909201411501101,2023,1,0.0,2310.0,2310.0,0.0
0444010991181511501101,2023,1,,,,
0466360603201591601102,2023,0,0.0,,,
0486268340001141601101,2023,0,,,,
0497195105211261501102,2023,1,,,,
0499060184414101601101,2023,0,0.0,,,
0505102205501431501101,2023,1,0.0,2310.0,2310.0,0.0
0511030271103401601103,2023,0,0.0,,,
0511250442150431601101,2023,0,0.0,,,
0511467408421491601101,2023,0,,,,
0515423006411781601101,2023,0,0.0,,,
0520630116189321511101,2023,1,,,,
0530960357137991501102,2023,1,0.0,2310.0,2310.0,0.0
0530960695143571601101,2023,0,0.0,,,
0534574404501251601101,2023,0,1.0,,,
0534620653157041501101,2023,1,0.0,2310.0,2310.0,0.0
0540180134146261601101,2023,0,0.0,,,
0550091184714501601102,2023,0,0.0,,,
0559030151597701501101,2023,1,0.0,2310.0,2310.0,0.0
0560401031153841601101,2023,0,,,,
0577010160569601511102,2023,1,,,,
0586877601331161601101,2023,0,,,,
0587336410400161601101,2023,0,0.0,2310.0,2310.0,
0588635109101501511101,2023,1,0.0,2330.0,2330.0,0.0
0595929907311291501101,2023,1,0.0,2310.0,2310.0,0.0
0600427605101161511101,2023,1,,,,
0603442110402141501103,2023,1,0.0,2300.0,2300.0,0.0
0604434670817601501102,2023,1,0.0,2310.0,2310.0,0.0
0604950617143401601101,2023,0,1.0,,,
0610820293137931601101,2023,0,0.0,,,
0610890629127571501101,2023,1,0.0,2310.0,2310.0,0.0
0610890629127571501102,2023,1,0.0,2310.0,2310.0,0.0
0612260697106501501102,2023,1,0.0,2330.0,2330.0,0.0
0624424702001351611101,2023,0,,,,
0624434702001451501102,2023,1,0.0,2310.0,2310.0,0.0
0630090697146501601101,2023,0,,,,
0630610963195301601102,2023,0,0.0,,,
0630620783199811601101,2023,0,1.0,4510.0,4600.0,
0631225901021761501101,2023,1,0.0,2310.0,2310.0,0.0
0632250884161091501102,2023,1,0.0,2310.0,2310.0,0.0
0637225600201171601102,2023,0,0.0,,,
0643699004401181601101,2023,0,,,,
0643699004401181601103,2023,0,1.0,,,
0650240637142961601102,2023,0,0.0,,,
0657499402401351501104,2023,1,0.0,2310.0,2310.0,0.0
0658343000001111501101,2023,1,1.0,9600.0,9600.0,-1.0
0665911504051341501101,2023,1,0.0,2310.0,2310.0,0.0
0665911504051341501102,2023,1,0.0,2320.0,2320.0,0.0
0669571508001761601101,2023,0,0.0,,,
0671316408311461601101,2023,0,0.0,,,
0676492110500111601101,2023,0,0.0,,,
0679177908411191601101,2023,0,,,,
0694448201211211501101,2023,1,0.0,2310.0,2310.0,0.0
0700530287167741501102,2023,1,,,,
0700530287167741501103,2023,1,,,,
0700610145117741511102,2023,1,1.0,2360.0,2360.0,-1.0
0703211610111301601102,2023,0,0.0,2310.0,2310.0,
0703745970519501601102,2023,0,0.0,,,
0704390169143221501102,2023,1,,,,
0706593302141321601101,2023,0,0.0,,,
0706593302141321601102,2023,0,0.0,,,
0707040340811801501101,2023,1,,,,
0710820924139331601102,2023,0,0.0,2310.0,2310.0,
0713940577151521601102,2023,0,0.0,,,
0714005022612471501102,2023,1,,,,
0720530720129901511102,2023,1,0.0,0.0,2310.0,-1.0
0728551304321661601102,2023,0,,,,
0730450590148861501101,2023,1,0.0,2310.0,2310.0,0.0
0730940622137121601101,2023,0,,,,
0736314809201551601101,2023,0,0.0,,,
0740030041159931611102,2023,0,,,,
0740250005103341611102,2023,0,1.0,,,
0740520230102881511102,2023,1,0.0,2310.0,2310.0,0.0
0747144409321361501104,2023,1,0.0,2310.0,2310.0,0.0
0750250503139891601101,2023,0,0.0,20.0,2320.0,
0750830720149901501101,2023,1,0.0,8140.0,8140.0,-1.0
0750830720149901501102,2023,1,0.0,2014.0,2006.0,-1.0
0750950099119471501101,2023,1,0.0,2300.0,2300.0,0.0
0751120315117881501101,2023,1,,,,
0751580286161831501101,2023,1,0.0,2320.0,2320.0,0.0
0751590954105101501102,2023,1,0.0,2310.0,2310.0,0.0
0757227105121701501101,2023,1,1.0,230.0,230.0,-1.0
0757297105141151501101,2023,1,0.0,2310.0,2310.0,0.0
0779653101301541501101,2023,1,,,,
0779670506301701511101,2023,1,1.0,2360.0,2360.0,-1.0
0789048605401881501101,2023,1,0.0,2310.0,2310.0,0.0
0800590266164581601104,2023,0,0.0,,,
0809798530200151501101,2023,1,,,,
0810570069127591501101,2023,1,,,,
0810830682138741501102,2023,1,0.0,2310.0,2310.0,0.0
0816480358178781601101,2023,0,0.0,2320.0,2320.0,
0819353107401561601102,2023,0,0.0,2310.0,2330.0,
0820180662169721501101,2023,1,0.0,2310.0,2310.0,0.0
0820180662169721501102,2023,1,0.0,2300.0,2300.0,0.0
0820310511122741601102,2023,0,0.0,,,
0820520267100471601101,2023,0,0.0,,,
0820630178170021501102,2023,1,1.0,2060.0,2060.0,-1.0
0820631106334181501101,2023,1,0.0,2310.0,2310.0,0.0
0820820739172121601102,2023,0,0.0,,,
0829348502201161501102,2023,1,0.0,2310.0,2310.0,0.0
0841830691177261501101,2023,1,0.0,2310.0,2310.0,0.0
0866524401001391601101,2023,0,0.0,,,
0889268109201461601102,2023,0,0.0,,,
0890418505001681601102,2023,0,0.0,,,
0900010832159271611101,2023,0,0.0,,,
0900620636151541611101,2023,0,0.0,,,
0900950158156801501101,2023,1,0.0,2310.0,2310.0,0.0
0904760453145111501101,2023,1,0.0,2300.0,2300.0,0.0
0905640453145111601101,2023,0,0.0,,,
0907447120718811501102,2023,1,,2310.0,2310.0,0.0
0909047802101931601101,2023,0,0.0,,,
0910040109021161501101,2023,1,0.0,2310.0,2310.0,0.0
0915757807501551601101,2023,0,,,,
0930545107511361611101,2023,0,,,,
0940830029181361601102,2023,0,1.0,,,
0940950635186791501102,2023,1,1.0,440.0,2555.0,-1.0
0950370501165591501101,2023,1,0.0,2310.0,2310.0,0.0
0953086703101031501101,2023,1,0.0,2330.0,2330.0,0.0
0958828209201361601102,2023,0,0.0,2310.0,2310.0,
0960501094334941501102,2023,1,0.0,2310.0,2310.0,0.0
0985865702401401501102,2023,1,0.0,2310.0,2310.0,0.0
1000066005413041611102,2023,0,0.0,,,
1001010715063021601101,2023,0,0.0,,,
1003303040716451601102,2023,0,0.0,,,
1003611005892531601102,2023,0,0.0,,,
1004400540913601501101,2023,1,0.0,2310.0,2310.0,0.0
1005106800210101611101,2023,0,,,,
1005611001822521601102,2023,0,1.0,,,
1005644000219221611101,2023,0,,,,
1006314008638421601101,2023,0,0.0,,,
1006865003774211601102,2023,0,0.0,,,
1011005847721411601101,2023,0,,,,
1011265009980221601101,2023,0,,,,
1011603219170781501102,2023,1,0.0,2310.0,2310.0,0.0
1014090132916101601102,2023,0,,,,
1020515003539951601101,2023,0,0.0,2300.0,2300.0,
1021603310516581601101,2023,0,0.0,,,
1031204793546581601103,2023,0,,,,
1031502858639861501101,2023,1,0.0,2310.0,2310.0,0.0
1031600207974581601102,2023,0,0.0,,,
1031603613955301501101,2023,1,1.0,2435.0,2435.0,-1.0
1041804695585591601101,2023,0,,,,
1048798530800191501102,2023,1,0.0,2320.0,2320.0,0.0
1050601097873571611101,2023,0,,,,
1051201303990731601102,2023,0,,,,
1051201333453451601101,2023,0,0.0,,,
1051201333453451601102,2023,0,0.0,,,
1051204863014251601101,2023,0,0.0,,,
1051204863014251601102,2023,0,0.0,,,
1051303262242151501101,2023,1,,,,
1051400652617791601101,2023,0,,0.0,-1.0,
1051502419853891601102,2023,0,0.0,,,
1051600667208271601102,2023,0,0.0,,,
1051600853677701501102,2023,1,0.0,2310.0,2310.0,0.0
1061080151267801601102,2023,0,,,,
1061501268907961511101,2023,1,1.0,2320.0,230.0,1.0
1061501268907961511102,2023,1,0.0,2310.0,2310.0,0.0
1061504851160211601102,2023,0,,,,
1081003227402911601102,2023,0,1.0,,,
1081103773318141601101,2023,0,1.0,,,
1082091016768901601101,2023,0,0.0,,,
1091005174595041511102,2023,1,1.0,2545.0,2545.0,-1.0
1101806005785001601101,2023,0,,,,
1101909000380631611101,2023,0,,,,
1101974009811021601101,2023,0,0.0,,,
1104770713149841501101,2023,1,0.0,2320.0,2320.0,0.0
1104908240612611501103,2023,1,,,,
1105193004434631501101,2023,1,0.0,2330.0,2330.0,0.0
1105549001519301611101,2023,0,0.0,,,
1106519560818531501102,2023,1,,2310.0,2310.0,0.0
1107368001142441601102,2023,0,0.0,,,
1107578000259431601102,2023,0,0.0,,,
1108169001312531511101,2023,1,,,,
1109020011505471501101,2023,1,0.0,2310.0,2310.0,0.0
1109882002046741501101,2023,1,0.0,2320.0,2320.0,0.0
1111638007784931501102,2023,1,0.0,2310.0,2310.0,0.0
1115127006574731501101,2023,1,0.0,2310.0,2310.0,0.0
1130461027601641601102,2023,0,0.0,2310.0,2310.0,
1144015196775701601101,2023,0,,,,
1164909007310611501102,2023,1,0.0,2310.0,2310.0,0.0
1175559510600171601101,2023,0,0.0,,,
1201130115260801601102,2023,0,0.0,,,
1202910815026071501101,2023,1,0.0,2310.0,2310.0,0.0
1203970814037541601102,2023,0,,,,
1204920710228351601101,2023,0,1.0,2205.0,2205.0,
1208422480016001501101,2023,1,,2310.0,2310.0,0.0
1209456008502121601101,2023,0,0.0,,,
1209462001953301611102,2023,0,0.0,,,
1209520006762741601102,2023,0,0.0,,,
1211614008285941601102,2023,0,,,,
1213043002533141601101,2023,0,0.0,,,
1213316220001161501102,2023,1,,2310.0,2310.0,0.0
1218000265656051601101,2023,0,,2310.0,2310.0,
1218004030455281611101,2023,0,0.0,,,
1220701084772621601102,2023,0,,,,
1234743008640341501102,2023,1,0.0,2310.0,2310.0,0.0
1261600443114861601102,2023,0,0.0,,,
1263020148350301501101,2023,1,0.0,2310.0,2310.0,0.0
1280561042133031501102,2023,1,,,,
1285543016972601601102,2023,0,0.0,,,
1301162005577841501101,2023,1,,2310.0,2310.0,0.0
1303307009985111601101,2023,0,1.0,,,
1303572000689421601102,2023,0,,,,
1305920009475221501102,2023,1,1.0,2545.0,2545.0,-1.0
1306572000629421611101,2023,0,1.0,,,
1306811003599321501102,2023,1,0.0,2310.0,2310.0,0.0
1309560213036611601103,2023,0,0.0,,,
1309585007445231601101,2023,0,,,,
1311000045476521511101,2023,1,,,,
1318250001612631601104,2023,0,0.0,,,
1318661000534931501102,2023,1,0.0,2310.0,2310.0,0.0
1318706006877401601101,2023,0,1.0,,,
1319070122763601601101,2023,0,,,,
1330366510900151601104,2023,0,0.0,,,
1339080127341901601101,2023,0,1.0,,,
1392060174075601601101,2023,0,0.0,,,
1400860511128031601101,2023,0,0.0,,,
1402407520811611601102,2023,0,0.0,,,
1403001101836601501102,2023,1,,2300.0,2300.0,0.0
1403139001932831601102,2023,0,,,,
1403180006377131501101,2023,1,,2310.0,2310.0,0.0
1405110112055861501101,2023,1,0.0,2300.0,2300.0,0.0
1405839009733801501102,2023,1,0.0,2300.0,2300.0,0.0
1406994006513011611102,2023,0,,,,
1407139000962851511101,2023,1,,,,
1407540112072081501102,2023,1,0.0,2320.0,2320.0,0.0
1416994002583011501101,2023,1,,,,
1417040155214101601101,2023,0,0.0,,,
1436465409431381601101,2023,0,,,,
1445030140604701611101,2023,0,1.0,,,
1452554820800161601101,2023,0,0.0,2320.0,2320.0,
1452554820800161601102,2023,0,1.0,2320.0,-1.0,
1503110010046381601102,2023,0,0.0,,,
1503199003823031611101,2023,0,,,,
1503465004699131601102,2023,0,0.0,,,
1504446740810501611102,2023,0,0.0,,,
1504952008462341501101,2023,1,1.0,2310.0,-1.0,1.0
1505122001432451501101,2023,1,0.0,2320.0,2320.0,0.0
1506895003695951501103,2023,1,0.0,2300.0,2300.0,0.0
1507921001343501611101,2023,0,0.0,,,
1515448005381321501102,2023,1,0.0,2310.0,2310.0,0.0
1515707008682241601101,2023,0,,,,
1516273004089751611101,2023,0,0.0,,,
1516273004089751611102,2023,0,0.0,,,
1516334004187551611101,2023,0,0.0,,,
1516857008729111501101,2023,1,,,,
1519882005304021601102,2023,0,1.0,230.0,230.0,
1546637005024531501101,2023,1,,2300.0,2300.0,0.0
1562010172729301601101,2023,0,0.0,,,
1571021117430201601101,2023,0,0.0,,,
1571021117430201601102,2023,0,0.0,,,
1579428109091961601102,2023,0,0.0,,,
1601585007334721601102,2023,0,0.0,,,
1602190714107691501102,2023,1,0.0,2310.0,2310.0,0.0
1602980211059671601101,2023,0,0.0,,,
1603234004138131601102,2023,0,0.0,,,
1603614006034901601101,2023,0,0.0,,,
1604349006866911601101,2023,0,0.0,,,
1606099002233241501101,2023,1,0.0,2310.0,2310.0,0.0
1606585007394741501101,2023,1,,,,
1606809542917601501101,2023,1,0.0,2310.0,2310.0,0.0
1607234005709751601101,2023,0,0.0,,,
1607749641816831601101,2023,0,0.0,2320.0,2320.0,
1607915004800731511102,2023,1,0.0,2310.0,2310.0,0.0
1609690213091391501101,2023,1,0.0,2320.0,2320.0,0.0
1609760210243101501101,2023,1,,2310.0,-1.0,1.0
1609915006840711511102,2023,1,1.0,2205.0,2205.0,-1.0
1612346007653031601101,2023,0,,,,
1616915005719231601101,2023,0,,,,
1647944018314541601101,2023,0,0.0,,,
1673598203431681601103,2023,0,,,,
1673598203431681601104,2023,0,0.0,,,
1690585016384701501101,2023,1,0.0,2310.0,2310.0,0.0
1691426016139401601101,2023,0,0.0,,,
1691426016139401601102,2023,0,0.0,,,
1698426016199401501102,2023,1,1.0,2205.0,2205.0,-1.0
1701016005516841511102,2023,1,1.0,4120.0,2350.0,-1.0
1701735720715211611101,2023,0,0.0,,,
1702694007253831601102,2023,0,0.0,,,
1703072000773751501101,2023,1,,2320.0,2320.0,0.0
1703320514040621501101,2023,1,0.0,2320.0,2320.0,0.0
1704865009540211501101,2023,1,0.0,2310.0,-1.0,1.0
1704865009540211501102,2023,1,0.0,2310.0,2310.0,0.0
1705571007522721501101,2023,1,1.0,2435.0,2545.0,-1.0
1707710006966221601102,2023,0,0.0,,,
1708541005991501501101,2023,1,,2320.0,2320.0,0.0
1708541005991501501102,2023,1,,3230.0,3230.0,-1.0
1708742630818901601102,2023,0,,,,
1708785001614721501101,2023,1,,6355.0,6355.0,-1.0
1713004105456161501102,2023,1,0.0,2310.0,2310.0,0.0
1715215006321431601101,2023,0,,,,
1716002011615591601101,2023,0,0.0,,,
1716710009916241501102,2023,1,1.0,2310.0,-1.0,1.0
1718165008135511601101,2023,0,0.0,2310.0,2310.0,
1718705006628431601101,2023,0,0.0,,,
1719507006544411501101,2023,1,1.0,4600.0,4600.0,-1.0
1730316102441281601102,2023,0,0.0,,,
1739821720901111501101,2023,1,,,,
1741534002672811601101,2023,0,1.0,,,
1750601097373571501101,2023,1,0.0,2310.0,2310.0,0.0
1765322402091261601102,2023,0,0.0,2310.0,2310.0,
1789120710900111601101,2023,0,0.0,,,
1800187009526731501102,2023,1,0.0,2300.0,2300.0,0.0
1804325560817201501102,2023,1,,,,
1807673006341711511101,2023,1,1.0,2205.0,2205.0,-1.0
1808934001320301611101,2023,0,0.0,,,
1809962001304351601102,2023,0,1.0,,,
1809970011010671501102,2023,1,0.0,2310.0,2310.0,0.0
1813818002986611601102,2023,0,0.0,2310.0,2310.0,
1817000042672281601101,2023,0,0.0,,,
1828202006088531601101,2023,0,0.0,,,
1845549530400141601102,2023,0,0.0,,,
1900244006491221501101,2023,1,,,,
1900298001010701501101,2023,1,1.0,0.0,-1.0,-1.0
1905272005425641501101,2023,1,,2330.0,2330.0,0.0
1905508005876721601101,2023,0,0.0,2310.0,2320.0,
1907266008546821501101,2023,1,0.0,2310.0,2310.0,0.0
1907557950013611501102,2023,1,0.0,2320.0,2320.0,0.0
1908981005822801511101,2023,1,0.0,2310.0,2310.0,0.0
1909550514097591611101,2023,0,0.0,,,
1911298005020741601101,2023,0,0.0,2310.0,2310.0,
1916009026671001511101,2023,1,,,,
1918295002618141601102,2023,0,,,,
1918632008476541601102,2023,0,0.0,,,
1922676000560611501101,2023,1,0.0,2310.0,2310.0,0.0
1940601000503411601101,2023,0,0.0,,,
1948244002471211501102,2023,1,1.0,2310.0,-1.0,1.0
1950301077373711601101,2023,0,0.0,2320.0,2320.0,
1970849100081861501101,2023,1,0.0,2310.0,2310.0,0.0
2001600542757401601102,2023,0,0.0,2300.0,2300.0,
2004680311110071501101,2023,1,0.0,2310.0,2310.0,0.0
2005210315136651601102,2023,0,0.0,,,
2012000095377131601101,2023,0,,,,
2031509130200131501102,2023,1,0.0,2310.0,2310.0,0.0
2049868920601171601102,2023,0,,,,
2061503632137401501101,2023,1,0.0,2310.0,2310.0,0.0
2061600103190091601102,2023,0,,,,
2081600352540671601101,2023,0,0.0,,,
2081600352540671601102,2023,0,0.0,,,
2093052127963601601101,2023,0,,,,
2093052127963601601102,2023,0,,,,
2104010192396101501102,2023,1,1.0,2545.0,2545.0,-1.0
2105706730810621501101,2023,1,,,,
2113007417872111501101,2023,1,1.0,2545.0,2545.0,-1.0
2119021184278401601102,2023,0,0.0,,,
2139080143351101501102,2023,1,,,,
2149051166958501501101,2023,1,,,,
2171042101653201601102,2023,0,0.0,,,
2173173240900161501101,2023,1,0.0,2310.0,2310.0,0.0
2194062122269601501102,2023,1,0.0,2310.0,2310.0,0.0
2202115790518801601102,2023,0,0.0,,,
2202937490019901601102,2023,0,0.0,2310.0,2310.0,
2210402020300171501102,2023,1,1.0,2310.0,-1.0,1.0
2218080124906401601102,2023,0,0.0,,,
2222050148190901601101,2023,0,0.0,,,
2250201041854771601101,2023,0,0.0,,,
2270080172247801611102,2023,0,0.0,,,
2278080134950101611101,2023,0,,,,
2300647110616811501103,2023,1,0.0,0.0,-1.0,-1.0
2314002096727451501101,2023,1,0.0,2310.0,2310.0,0.0
2316110050000171601101,2023,0,0.0,,,
2372051140757101611102,2023,0,1.0,,,
2379007128626901501101,2023,1,0.0,2310.0,2310.0,0.0
2379007128626901501102,2023,1,1.0,2360.0,2360.0,-1.0
2409170814044141601103,2023,0,,,,
2460090143633501601102,2023,0,1.0,,,
2479001134626901501101,2023,1,0.0,2310.0,2310.0,0.0
2484080124114501601102,2023,0,,,,
2495020156001901601101,2023,0,,2310.0,2310.0,
2495330410900111501101,2023,1,1.0,2310.0,-1.0,1.0
2500140912092101501101,2023,1,,,,
2505946230211501601101,2023,0,0.0,,,
2506005560715601601102,2023,0,0.0,2310.0,2310.0,
2515000163992181601101,2023,0,0.0,,,
2517005274275301501101,2023,1,1.0,2205.0,2205.0,-1.0
2518000047167101601101,2023,0,1.0,,,
2518005031363111501102,2023,1,0.0,2320.0,2320.0,0.0
2580700340702181601101,2023,0,1.0,2360.0,2360.0,
2600311006320061601101,2023,0,,,,
2605602750914801601102,2023,0,,,,
2607260410047501501102,2023,1,,2310.0,2310.0,0.0
2612009014169241601102,2023,0,0.0,,,
2616004007106151511101,2023,1,0.0,2320.0,2320.0,0.0
2616008285398331601102,2023,0,0.0,,,
2619004262292161501102,2023,1,1.0,2360.0,2360.0,-1.0
2650511026592841501102,2023,1,0.0,2310.0,2310.0,0.0
2660501067004851601102,2023,0,,,,
2670811023750991501102,2023,1,0.0,2310.0,2310.0,0.0
2690001000983941501102,2023,1,,,,
2703405830216501611101,2023,0,0.0,2310.0,2310.0,
2804060713157861601102,2023,0,,,,
2807090211092671601101,2023,0,0.0,,,
2807090211092671601102,2023,0,0.0,,,
2817001051747311601101,2023,0,0.0,,,
2817003034861491501103,2023,1,0.0,2330.0,2330.0,0.0
2867186700001121601101,2023,0,,,,
2871381040700191501102,2023,1,,2310.0,2310.0,0.0
2877554830400111501102,2023,1,0.0,2310.0,2310.0,0.0
2908480714118601501101,2023,1,,,,
2910002091329251501101,2023,1,0.0,2300.0,2310.0,0.0
2913003278140581601102,2023,0,1.0,,,
2914001375306071501101,2023,1,0.0,2310.0,2310.0,0.0
3002750712088041611102,2023,0,0.0,,,
3013006010431581501103,2023,1,,3603.0,3645.0,-1.0
3066121210000161601102,2023,0,0.0,,,
3066594520301141601102,2023,0,0.0,,,
3106210912050321501101,2023,1,1.0,4220.0,-1.0,-1.0
3170654610900121601101,2023,0,,,,
3201080712062171501102,2023,1,,2310.0,2320.0,0.0
3201740515160591601101,2023,0,0.0,,,
3202105220015101611101,2023,0,,,,
3203605421219691501101,2023,1,0.0,2310.0,2310.0,0.0
3274051100450701601102,2023,0,0.0,2330.0,2330.0,
3300607480217211501102,2023,1,1.0,230.0,230.0,-1.0
3308990613023111601102,2023,0,0.0,,,
3320511006433231501101,2023,1,0.0,2310.0,2310.0,0.0
3368091150582601601101,2023,0,0.0,,,
3403019960114021501102,2023,1,0.0,2320.0,2320.0,0.0
3403990111054021501102,2023,1,1.0,2205.0,2205.0,-1.0
3406360213140581601101,2023,0,0.0,2320.0,2320.0,
3406360213140581601102,2023,0,0.0,2320.0,2320.0,
3408230811086871501102,2023,1,0.0,2300.0,2300.0,0.0
3502500211157541601102,2023,0,0.0,,,
3503810213009831601101,2023,0,0.0,2320.0,2320.0,
3508420014054081501101,2023,1,0.0,2310.0,2310.0,0.0
3513000036462491601101,2023,0,0.0,,,
3524037420500131601103,2023,0,0.0,,,
3583002166356001601101,2023,0,0.0,,,
3611006108537361601102,2023,0,1.0,,,
3660521020530861501101,2023,1,0.0,2310.0,2310.0,0.0
3669687240900131601101,2023,0,0.0,,,
3680311044423771501101,2023,1,,,,
3701907590413101501104,2023,1,,2300.0,2300.0,0.0
3707054310413001501101,2023,1,0.0,2300.0,2300.0,0.0
3707522810313501601102,2023,0,0.0,2320.0,2320.0,
3762835930801191601101,2023,0,0.0,,,
3762835930801191601102,2023,0,0.0,,,
3790951032681311601101,2023,0,0.0,,,
3810301035441031601102,2023,0,0.0,,,
3812260110993841601102,2023,0,0.0,2300.0,2300.0,
3816002114013231601101,2023,0,0.0,,,
3901406410410911601101,2023,0,0.0,,,
3904230611164111601101,2023,0,0.0,,,
3909436430017601501102,2023,1,,2310.0,2330.0,0.0
3939161020001111501102,2023,1,,,,
3950901032383311601101,2023,0,0.0,,,
3960601010004011601101,2023,0,0.0,,,
3961955300201151601101,2023,0,1.0,,,
3971454330201151501101,2023,1,0.0,2310.0,2310.0,0.0
4008220512075981601102,2023,0,0.0,2300.0,2300.0,
4011201943855561601101,2023,0,,,,
4018008487244561611102,2023,0,0.0,,,
4030131064281091601102,2023,0,0.0,,,
4041503956735971601101,2023,0,0.0,,,
4059044139166501501102,2023,1,1.0,4920.0,4920.0,-1.0
4075000168477501511101,2023,1,1.0,2310.0,-1.0,1.0
4075000168477501511102,2023,1,0.0,2310.0,2310.0,0.0
4080321076231981501102,2023,1,0.0,2310.0,2310.0,0.0
4096011105377101601102,2023,0,,,,
4104958680110301601102,2023,0,0.0,,,
4106515020715701601101,2023,0,0.0,,,
4171444820600141601101,2023,0,0.0,,,
4201738540111521601101,2023,0,1.0,,,
4201738540111521601102,2023,0,1.0,,,
4202029930415801611101,2023,0,0.0,,,
4203454050100171511102,2023,1,,,,
4214006044700461601101,2023,0,,,,
4218004030257381501102,2023,1,0.0,2310.0,2310.0,0.0
4220701064741641601102,2023,0,0.0,,,
4300060513230201501102,2023,1,0.0,2310.0,2310.0,0.0
4300311059045011601101,2023,0,0.0,2310.0,2310.0,
4304880014342271501101,2023,1,0.0,2320.0,2320.0,0.0
4306136200714601601102,2023,0,0.0,,,
4309610915029241501101,2023,1,0.0,2310.0,2310.0,0.0
4311000145876021501102,2023,1,0.0,2310.0,2310.0,0.0
4316090174049301501101,2023,1,,2310.0,2310.0,0.0
4360311076132981501101,2023,1,,,,
4402446640417201501101,2023,1,1.0,5860.0,5860.0,-1.0
4407220714046201501101,2023,1,0.0,2310.0,2310.0,0.0
4416004074242461501101,2023,1,0.0,2330.0,2330.0,0.0
4417009276869401601102,2023,0,0.0,,,
4450350310201141501102,2023,1,0.0,2320.0,2320.0,0.0
4450552310201141601101,2023,0,0.0,,,
4500970413021781501103,2023,1,0.0,2310.0,2310.0,0.0
4503210212048741501102,2023,1,0.0,2310.0,2310.0,0.0
4506747500413821501101,2023,1,0.0,2310.0,2310.0,0.0
4531020143538301601102,2023,0,0.0,,,
4579040156194901601102,2023,0,1.0,,,
4606170813068771601101,2023,0,0.0,,,
4606170813068771601103,2023,0,1.0,,,
4617000047245431601101,2023,0,,,,
4617000047245431601102,2023,0,,,,
4619004062297361501102,2023,1,,,,
4619007198887361601102,2023,0,0.0,,,
4656682410400121611101,2023,0,0.0,,,
4707760010244951501101,2023,1,0.0,2310.0,2310.0,0.0
4708242410914601601101,2023,0,0.0,2310.0,2310.0,
4710001263192141601101,2023,0,1.0,4600.0,4600.0,
4715004060391581601103,2023,0,0.0,,,
4717009795051131601101,2023,0,0.0,,,
4725125520500121611101,2023,0,,,,
4725699210600171501101,2023,1,1.0,2360.0,2360.0,-1.0
4755223510501121611101,2023,0,0.0,,,
4769780810800121601101,2023,0,,,,
4784296410300151601102,2023,0,,,,
4801950911452461601101,2023,0,,,,
4815002075227151601101,2023,0,0.0,,,
4817001051244211501101,2023,1,0.0,2320.0,2320.0,0.0
4860101064380091601102,2023,0,,,,
4864607550300111611101,2023,0,1.0,,,
4907443180016801601101,2023,0,0.0,,,
4908732390617501601101,2023,0,,,,
4911009043238181601101,2023,0,,,,
4920211028274121601102,2023,0,0.0,,,
4953706610901111611104,2023,0,0.0,2310.0,2310.0,
4982634240500151501103,2023,1,0.0,2300.0,2310.0,0.0
4990123500201131501102,2023,1,0.0,2310.0,2310.0,0.0
5001050141444901601101,2023,0,,,,
5001050141444901601102,2023,0,,,,
5004709400511501511101,2023,1,0.0,2320.0,2320.0,0.0
5006719400511311601101,2023,0,,,,
5011004080425011611101,2023,0,0.0,,,
5020011008283221511102,2023,1,1.0,2722.0,2722.0,-1.0
5049070141935301501101,2023,1,0.0,2310.0,2310.0,0.0
5060401014655271611102,2023,0,0.0,,,
5107400750717451501101,2023,1,,,,
5135094117242001501101,2023,1,0.0,2310.0,2310.0,0.0
5195519140300101601101,2023,0,,,,
5200400750717451601101,2023,0,,,,
5203738890816901501101,2023,1,0.0,2360.0,-1.0,-1.0
5207105250013601501101,2023,1,0.0,2310.0,2310.0,0.0
5213002293568401501101,2023,1,0.0,2310.0,2310.0,0.0
5220311083211231501103,2023,1,0.0,2310.0,2300.0,0.0
5224090182006301601101,2023,0,0.0,,,
5236060187697201501102,2023,1,0.0,2310.0,2310.0,0.0
5248000122416901611101,2023,0,1.0,2205.0,2360.0,
5256143040200191611101,2023,0,,,,
5298031194586601601101,2023,0,0.0,,,
5300412110713211601101,2023,0,0.0,,,
5300780814205721501101,2023,1,0.0,2330.0,2330.0,0.0
5308020184428501511101,2023,1,,,,
5313004033650301501102,2023,1,0.0,2310.0,-1.0,1.0
5400511050350651601101,2023,0,0.0,,,
5403705841613691601101,2023,0,0.0,,,
5403822830912701501101,2023,1,1.0,2310.0,-1.0,1.0
5407432880012001501101,2023,1,0.0,2300.0,2300.0,0.0
5407432880012001501103,2023,1,1.0,5740.0,5740.0,-1.0
5409802831912691501102,2023,1,1.0,2545.0,2545.0,-1.0
5413022930900191511101,2023,1,,,,
5449050117958501611102,2023,0,0.0,,,
5476315220500121501101,2023,1,1.0,230.0,230.0,-1.0
5500694710602121501102,2023,1,0.0,2310.0,2310.0,0.0
5503760211109781601101,2023,0,0.0,,,
5504080108276501601102,2023,0,0.0,,,
5504726480813101601101,2023,0,0.0,,,
5523060165835901501102,2023,1,0.0,2310.0,2310.0,0.0
5592030148947201601102,2023,0,0.0,,,
5604337500618601601101,2023,0,,,,
5613155050201131501102,2023,1,0.0,2300.0,2300.0,0.0
5626268040701191501101,2023,1,0.0,2310.0,2310.0,0.0
5700104690516451501101,2023,1,1.0,2310.0,5120.0,1.0
5701660412244791501101,2023,1,0.0,2300.0,2300.0,0.0
5703256020511301501102,2023,1,,,,
5707843900717001501101,2023,1,0.0,2310.0,2310.0,0.0
5707843900717001501102,2023,1,0.0,2310.0,2310.0,0.0
5717009695351131611101,2023,0,0.0,,,
5750401029093571601101,2023,0,0.0,2310.0,2320.0,
5802500314049441511101,2023,1,1.0,440.0,2360.0,-1.0
5804002320614101601101,2023,0,0.0,,,
5804414690313801601101,2023,0,,,,
5804860012052921501101,2023,1,0.0,2320.0,2320.0,0.0
5820331146544941601102,2023,0,0.0,,,
5820331146544941601103,2023,0,0.0,,,
5850101086080421501101,2023,1,,,,
5860601044834521501101,2023,1,0.0,2320.0,2320.0,0.0
5891037900101131601102,2023,0,1.0,,,
5902955190015321501101,2023,1,0.0,2330.0,2330.0,0.0
5905780510073991501101,2023,1,0.0,2310.0,2310.0,0.0
5907255850314011501102,2023,1,0.0,2310.0,2310.0,0.0
5909036760917001601101,2023,0,,,,
5919002238036361601101,2023,0,0.0,,,
5950903550600161601101,2023,0,0.0,,,
6000523310710711601101,2023,0,0.0,,,
6002860710043701601101,2023,0,0.0,,,
6016005050562491601101,2023,0,0.0,,,
6018230192242901501101,2023,1,0.0,2310.0,2310.0,0.0
6021701577935811501102,2023,1,0.0,2310.0,2310.0,0.0
6031532030100101611101,2023,0,0.0,,,
6050301036804951501102,2023,1,0.0,2310.0,2310.0,0.0
6060903250701181501102,2023,1,0.0,2320.0,2320.0,0.0
6069149187412601601105,2023,0,0.0,,,
6070022106541301501101,2023,1,,,,
6070022106541301501102,2023,1,,,,
6077090156207801501102,2023,1,,,,
6078082143950101501102,2023,1,0.0,2310.0,2310.0,0.0
6095326730201181501101,2023,1,0.0,2320.0,2320.0,0.0
6100220314010221601101,2023,0,0.0,,,
6107040132757401601103,2023,0,1.0,,,
6117004035553541601101,2023,0,0.0,,,
6127547400901101501101,2023,1,,440.0,440.0,-1.0
6170020168541301611102,2023,0,,2310.0,2310.0,
6177010148569601501102,2023,1,1.0,2310.0,-1.0,1.0
6188506340013161601101,2023,0,0.0,,,
6204034720601111601101,2023,0,0.0,,,
6204034720601111601102,2023,0,0.0,,,
6209010114465801601102,2023,0,0.0,,,
6210360230501131601102,2023,0,0.0,,,
6212007124685311501101,2023,1,0.0,2310.0,2310.0,0.0
6213103230901121601101,2023,0,0.0,,,
6216004198441211601101,2023,0,,,,
6217002066586301501102,2023,1,1.0,3245.0,3245.0,-1.0
6217007134608421501101,2023,1,,2320.0,2320.0,0.0
6250321001803991501101,2023,1,0.0,2310.0,2310.0,0.0
6264728300719151501102,2023,1,0.0,2320.0,2320.0,0.0
6283030119633601601101,2023,0,0.0,,,
6284060168407101601101,2023,0,0.0,,,
6314007033602431601104,2023,0,0.0,,,
6358041174483601501101,2023,1,0.0,2320.0,2320.0,0.0
6387040146476001501101,2023,1,1.0,2545.0,2545.0,-1.0
6388082103931501601103,2023,0,0.0,,,
6400221067092091601102,2023,0,0.0,,,
6477071119580601501102,2023,1,0.0,2310.0,2310.0,0.0
6502210310099481501102,2023,1,0.0,2310.0,2310.0,0.0
6505616700915001611102,2023,0,0.0,2310.0,2310.0,
6506790914222741601101,2023,0,,,,
6517071192219901601101,2023,0,0.0,,,
6532444320801121601101,2023,0,0.0,,,
6568020182113401511101,2023,1,0.0,2310.0,2310.0,0.0
6579072105464901601102,2023,0,,,,
6589713340001151601102,2023,0,0.0,,,
6594452440400101501102,2023,1,1.0,2001.0,2001.0,-1.0
6616006158496021501101,2023,1,0.0,2320.0,2320.0,0.0
6629946310001181601102,2023,0,,,,
6707142020717921501101,2023,1,0.0,2330.0,2330.0,0.0
6707648590317801601102,2023,0,0.0,2320.0,2320.0,
6801900315085741501101,2023,1,,2310.0,2310.0,0.0
6801900315085741501102,2023,1,,2320.0,2320.0,0.0
6817007085502141501101,2023,1,0.0,2310.0,2310.0,0.0
6820111098764191601102,2023,0,0.0,2310.0,2310.0,
6900431079154221501102,2023,1,1.0,0.0,4220.0,-1.0
6901860112263751501102,2023,1,0.0,2310.0,2310.0,0.0
6902470011046721501102,2023,1,0.0,2310.0,2310.0,0.0
6920544510104161601102,2023,0,,,,
7009400613121641601102,2023,0,0.0,,,
7009860510061081501101,2023,1,1.0,750.0,750.0,-1.0
7012005442135191601101,2023,0,0.0,,,
7012008069700441501101,2023,1,0.0,2320.0,2320.0,0.0
7012008069700441501102,2023,1,0.0,2310.0,2310.0,0.0
7061198800919101501101,2023,1,0.0,2300.0,2300.0,0.0
7061198800919101501102,2023,1,0.0,2310.0,2310.0,0.0
7061390800919101501103,2023,1,0.0,2310.0,2310.0,0.0
7061390800921101501102,2023,1,0.0,2310.0,2310.0,0.0
7080111045405951601103,2023,0,0.0,,,
7094469940702161501102,2023,1,0.0,2310.0,2310.0,0.0
7094965940702161501102,2023,1,,,,
7105410010097171511101,2023,1,1.0,4600.0,4600.0,-1.0
7111007063221091611101,2023,0,0.0,,,
7128035196393101601102,2023,0,0.0,,,
7131798110600111601101,2023,0,0.0,2310.0,2310.0,
7175398240600171501101,2023,1,0.0,2310.0,2310.0,0.0
7201522150414501501102,2023,1,,,,
7212080143899601501102,2023,1,0.0,2320.0,2320.0,0.0
7224925910801111601101,2023,0,0.0,,,
7294000192435101601101,2023,0,0.0,,,
7301410210030151501101,2023,1,0.0,2320.0,2320.0,0.0
7304753580118111501102,2023,1,,,,
7307860510065001601101,2023,0,0.0,,,
7307860510065001601102,2023,0,0.0,,,
7338081199821701601101,2023,0,0.0,,,
7354060155503701501101,2023,1,0.0,2310.0,2310.0,0.0
7365010155501001601102,2023,0,,,,
7370421043455081601104,2023,0,,,,
7400701094634841511102,2023,1,1.0,2360.0,2360.0,-1.0
7401130715058801601101,2023,0,0.0,,,
7412005043726581601101,2023,0,0.0,,,
7417001013712121601101,2023,0,,,,
7418560910819871601101,2023,0,0.0,,,
7460746700601181601102,2023,0,0.0,2310.0,2310.0,
7465386300000141601103,2023,0,,,,
7484060114872801501101,2023,1,0.0,2330.0,2330.0,0.0
7493091101209001601101,2023,0,0.0,,,
7500721077132021501101,2023,1,0.0,2350.0,2310.0,-1.0
7500911049064321501102,2023,1,0.0,2310.0,2310.0,0.0
7502290312009541501101,2023,1,0.0,2310.0,2310.0,0.0
7510008164271571501102,2023,1,0.0,2310.0,2310.0,0.0
7511000487265391601101,2023,0,,,,
7511004001779381501101,2023,1,,,,
7518005063368121601102,2023,0,0.0,,,
7560101045300951601101,2023,0,,,,
7578260730000151601101,2023,0,0.0,,,
7605346730218501611102,2023,0,0.0,,,
7660421074600361501102,2023,1,,,,
7703400513198341601101,2023,0,0.0,,,
7709731240115611601105,2023,0,0.0,,,
7803860910032111601101,2023,0,0.0,,,
7804742540118501511101,2023,1,,,,
7810006087296251601102,2023,0,0.0,,,
7840401016322811611101,2023,0,0.0,,,
7860301050330351501102,2023,1,0.0,2320.0,2320.0,0.0
7860301050330351501103,2023,1,0.0,2310.0,2310.0,0.0
7894477300901141501102,2023,1,0.0,2330.0,2330.0,0.0
7902604380010101611101,2023,0,0.0,,,
7909160015055351501101,2023,1,0.0,2320.0,2320.0,0.0
7911003230312071511102,2023,1,1.0,4600.0,4600.0,-1.0
7912005084388251511102,2023,1,0.0,2310.0,2310.0,0.0
7920101051241841601102,2023,0,1.0,,,
7961780400519191601101,2023,0,,,,
7961788400518191601102,2023,0,0.0,,,
8006051150549201601101,2023,0,0.0,,,
8016007059621051611101,2023,0,0.0,,,
8022893340500181501101,2023,1,0.0,2320.0,2320.0,0.0
8037080158922901601102,2023,0,1.0,,,
8074030140360101601101,2023,0,,,,
8086646240513131601101,2023,0,,,,
8103080119352601601101,2023,0,,,,
8103080119352601601102,2023,0,,,,
8116018944546011601101,2023,0,1.0,,,
8116030106149601601101,2023,0,0.0,2310.0,2310.0,
8116030106149601601102,2023,0,0.0,2320.0,2320.0,
8131600088017281601102,2023,0,0.0,,,
8180090122333401601101,2023,0,0.0,,,
8202080514177561501101,2023,1,0.0,2310.0,2310.0,0.0
8202080514177561501102,2023,1,0.0,2310.0,2310.0,0.0
8245070151028901601102,2023,0,,,,
8250641037821541601102,2023,0,,,,
8279040127090101601102,2023,0,1.0,,,
8312007025580341611102,2023,0,,,,
8314220610079791601101,2023,0,0.0,,,
8326351820600191601101,2023,0,,,,
8365105500901161501102,2023,1,,2310.0,2310.0,0.0
8403743220314811501101,2023,1,0.0,2310.0,2310.0,0.0
8406870811078871601101,2023,0,0.0,,,
8409135980314401501102,2023,1,,,,
8409443620111501601101,2023,0,,,,
8413002468572151501101,2023,1,0.0,2310.0,2310.0,0.0
8418003001458261601101,2023,0,1.0,,,
8425090143338001601103,2023,0,0.0,,,
8435133181876201601102,2023,0,,,,
8445060146328501501101,2023,1,0.0,2310.0,2310.0,0.0
8445163164911301601102,2023,0,,,,
8450000117433001601101,2023,0,0.0,,,
8486090160538901501101,2023,1,0.0,2310.0,2310.0,0.0
8487050119961201601101,2023,0,,,,
8490050184887601501102,2023,1,0.0,2310.0,2310.0,0.0
8498091177904301601102,2023,0,0.0,,,
8502240313009641601101,2023,0,0.0,,,
8502240313009641601102,2023,0,0.0,,,
8505331680017701501101,2023,1,,,,
8516004072002281611101,2023,0,0.0,,,
8600921034125191601102,2023,0,1.0,,,
8610811025200571601101,2023,0,0.0,,,
8610811025200571601104,2023,0,1.0,,,
8614133500100101601102,2023,0,0.0,,,
8616009079525571501101,2023,1,0.0,2310.0,2310.0,0.0
8640579830800141501101,2023,1,,2320.0,2320.0,0.0
8654437500100101501102,2023,1,0.0,2310.0,2310.0,0.0
8660001287020101501101,2023,1,,800.0,7000.0,-1.0
8680911034925191601104,2023,0,1.0,,,
8707770014044351501101,2023,1,0.0,2310.0,2310.0,0.0
8712004057412211501101,2023,1,,2310.0,2310.0,0.0
8804329960315901601103,2023,0,,,,
8805603420112501501103,2023,1,0.0,0.0,2300.0,-1.0
8835201850400141611101,2023,0,0.0,,,
8901054610503181501102,2023,1,0.0,2310.0,2310.0,0.0
8902687750400131611101,2023,0,0.0,,,
8902687750400131611102,2023,0,0.0,,,
8906720714198371501101,2023,1,0.0,2310.0,2310.0,0.0
8906720714198371501102,2023,1,0.0,2310.0,2310.0,0.0
8907842510913811601102,2023,0,0.0,,,
8910337510706121611101,2023,0,0.0,,,
8930311009764901601102,2023,0,0.0,,,
8930401008941831601102,2023,0,,,,
8931951620500181601101,2023,0,0.0,,,
8950135530702121611101,2023,0,,2310.0,2310.0,
9003320814149331601102,2023,0,0.0,,,
9011002184778471501101,2023,1,1.0,2722.0,2722.0,-1.0
9018022108376011601101,2023,0,0.0,,,
9059031127597701501101,2023,1,0.0,2320.0,2320.0,0.0
9059031127597701501102,2023,1,0.0,2320.0,2320.0,0.0
9070081161247801501101,2023,1,0.0,2320.0,2310.0,0.0
9102060113033091601102,2023,0,0.0,,,
9105144490719811501102,2023,1,0.0,2310.0,2310.0,0.0
9105307810013611601103,2023,0,,,,
9108380714113381601102,2023,0,0.0,,,
9109788250300141611101,2023,0,0.0,2310.0,2310.0,
9109788250300141611102,2023,0,0.0,2634.0,2600.0,
9111000041115531501101,2023,1,0.0,2320.0,2320.0,0.0
9111009153139081601102,2023,0,0.0,,,
9169230110100111611101,2023,0,0.0,,,
9201846220617101601101,2023,0,0.0,,,
9204870711071131501102,2023,1,,,,
9211005016141551501102,2023,1,1.0,2330.0,-1.0,1.0
9216002196163351601102,2023,0,0.0,,,
9216004098247111601102,2023,0,,,,
9218007171745261501101,2023,1,0.0,2300.0,2300.0,0.0
9219008158288391601102,2023,0,0.0,,,
9220571062573501601101,2023,0,0.0,,,
9220571062573501601102,2023,0,0.0,,,
9250801058132021601101,2023,0,0.0,,,
9255050124496801601102,2023,0,0.0,,,
9265001143713101601101,2023,0,0.0,,,
9271238240200121601101,2023,0,0.0,,,
9307020011184851501102,2023,1,0.0,2320.0,2320.0,0.0
9312002051906051601101,2023,0,,,,
9319002027165211511102,2023,1,,2310.0,2310.0,0.0
9396091150830001601101,2023,0,0.0,,,
9398020127920801601101,2023,0,,,,
9401818070814211601101,2023,0,0.0,2300.0,2300.0,
9404060710175651601102,2023,0,0.0,2310.0,2310.0,
9410355040800151601101,2023,0,0.0,,,
9417113050600161601101,2023,0,,,,
9418001013191561601102,2023,0,0.0,,,
9418005164360511611102,2023,0,0.0,,,
9419012381068411601101,2023,0,0.0,,,
9422060134712701501102,2023,1,1.0,2330.0,725.0,1.0
9453010141089901601102,2023,0,0.0,,,
9460256010800151611102,2023,0,0.0,,,
9469092153271501501101,2023,1,,2310.0,2310.0,0.0
9500744320715701511102,2023,1,0.0,2310.0,2310.0,0.0
9502960313196311601103,2023,0,0.0,,,
9510201025465611601101,2023,0,1.0,,,
9514005088202441601101,2023,0,0.0,,,
9540511062871501611102,2023,0,,,,
9560531062571501501102,2023,1,0.0,2310.0,2310.0,0.0
9570511062271501611103,2023,0,0.0,,,
9598243530600151501101,2023,1,,,,
9610006080915251601102,2023,0,,,,
9610007185176471501102,2023,1,0.0,2320.0,2320.0,0.0
9611006358376301501103,2023,1,0.0,2310.0,2310.0,0.0
9613008084954241601101,2023,0,0.0,,,
9708746260119811601101,2023,0,,,,
9760501010141041601102,2023,0,0.0,,,
9799494930501151601101,2023,0,0.0,,,
9805029730018801511102,2023,1,,2300.0,2300.0,0.0
9805913910919801501102,2023,1,0.0,2310.0,2310.0,0.0
9812003022228421601102,2023,0,,,,
9850201023870891601101,2023,0,0.0,,,
9902370414093151501101,2023,1,,,,
9910008015259351601101,2023,0,0.0,,,
9914260610964811501101,2023,1,0.0,2310.0,2310.0,0.0
9914260610964811501102,2023,1,0.0,2310.0,2310.0,0.0
9918008048821471601101,2023,0,,,,
0000590797165201701102,2024,1,0.0,2310.0,2310.0,0.0
0001100063740831811102,2024,0,,,,
0001201787835881701101,2024,1,,,,
0001202778318141711102,2024,0,0.0,,,
0001301533964561701101,2024,0,0.0,,,
0001301648615831801102,2024,0,,,,
0001310345160771701101,2024,1,,,,
0001400413631691711101,2024,1,0.0,2310.0,2310.0,0.0
0001404343896371701101,2024,1,0.0,2310.0,2310.0,0.0
0001504243290411801101,2024,0,,,,
0001802263176281701101,2024,1,0.0,2300.0,2300.0,0.0
0001900428887071701102,2024,1,0.0,2320.0,2722.0,1.0
0001903622669491701101,2024,0,0.0,,,
0010610949164531701101,2024,1,,,,
0011100062063021701102,2024,1,0.0,2310.0,2310.0,0.0
0011100517302341811101,2024,0,,,,
0011103613140001711102,2024,0,0.0,,,
0011202272917301701102,2024,1,0.0,2310.0,2310.0,0.0
0011222102101191801101,2024,0,,,,
0011301283782701701101,2024,0,,,,
0011301283782701701102,2024,0,,,,
0011500267831241701101,2024,0,0.0,,,
0011503487662441701102,2024,0,,,,
0011601413467021711101,2024,1,,2310.0,2310.0,0.0
0011601517510131701101,2024,0,0.0,,,
0011701673198461701101,2024,0,,,,
0011801871950931701102,2024,1,0.0,2310.0,2300.0,0.0
0011902762481361801102,2024,0,,,,
0011902831798541701102,2024,0,,,,
0011903241243231701102,2024,1,,,,
0011904853696821701102,2024,1,0.0,2310.0,2310.0,0.0
0012680168125971701102,2024,0,0.0,,,
0014621009001251811101,2024,0,,,,
0020520699173981701101,2024,1,0.0,2300.0,2300.0,0.0
0020830906168591701101,2024,1,0.0,2310.0,2310.0,0.0
0021102066740831701101,2024,0,,,,
0021202586412401811101,2024,0,,,,
0021804745048761701102,2024,1,0.0,2310.0,2310.0,0.0
0022778708201721711101,2024,0,0.0,,,
0031016909131571701101,2024,1,0.0,2310.0,2310.0,0.0
0031105962767171701102,2024,0,0.0,,,
0031500841958521711101,2024,0,,,,
0031602491577261701104,2024,0,1.0,,,
0031801133911521701102,2024,0,,,,
0031904853426911701102,2024,1,1.0,230.0,230.0,-1.0
0036292600401111701101,2024,1,0.0,2310.0,2310.0,0.0
0039698009401321801101,2024,0,,,,
0040580510181261701102,2024,1,,,,
0041960919123461701101,2024,0,,,,
0046716200101111701101,2024,0,0.0,,,
0050890032101211701101,2024,0,0.0,,,
0050890032101211701102,2024,0,0.0,,,
0051005741507571701101,2024,1,0.0,2310.0,2310.0,0.0
0051201272241381701101,2024,0,,,,
0051503118588441701102,2024,0,0.0,2310.0,2310.0,
0051504181922411711102,2024,1,,,,
0051701398034551701102,2024,0,0.0,2310.0,2310.0,
0051703141345841701102,2024,1,0.0,2310.0,2310.0,0.0
0051802431179571711102,2024,1,0.0,2320.0,2320.0,0.0
0051902851494431801101,2024,0,,,,
0052731302201451711101,2024,1,0.0,2310.0,2310.0,0.0
0057899108401171701102,2024,0,0.0,2310.0,2310.0,
0060021104311111701101,2024,0,0.0,,,
0061003773989161701102,2024,1,0.0,2310.0,2310.0,0.0
0061004963667461701102,2024,1,0.0,2310.0,2310.0,0.0
0061201589477411701101,2024,1,,,,
0061202263242151701102,2024,0,0.0,,,
0061301181031521701102,2024,1,0.0,2310.0,2310.0,0.0
0061403833164411801101,2024,0,,,,
0061502453044321701102,2024,1,1.0,10.0,10.0,-1.0
0061602731184001701102,2024,1,0.0,2320.0,2320.0,0.0
0061604303285481701101,2024,0,,,,
0061701491608161701102,2024,1,,,,
0061704041364141801103,2024,0,,,,
0061804408481531701102,2024,0,0.0,,,
0066514210100111701103,2024,0,0.0,,,
0067453103021541701101,2024,1,0.0,2310.0,2310.0,0.0
0067453103021541701102,2024,1,0.0,2310.0,2310.0,0.0
0071102904816901701101,2024,0,,,,
0071105360006221701102,2024,0,,2310.0,2310.0,
0071405774256671711101,2024,1,0.0,2310.0,2310.0,0.0
0071603824993521801101,2024,0,,,,
0071603824993521801102,2024,0,,,,
0071802105190091701101,2024,0,0.0,,,
0080201037704201801103,2024,0,,,,
0081403343527111701101,2024,1,0.0,2310.0,2310.0,0.0
0081502427553581701102,2024,1,0.0,2320.0,2320.0,0.0
0081602803915391701101,2024,0,0.0,,,
0081660605111561701101,2024,0,,,,
0091100226484831701101,2024,0,0.0,,,
0091403724596911701101,2024,0,0.0,2320.0,2320.0,
0091403724596911701102,2024,0,0.0,2310.0,2310.0,
0091802230498051701102,2024,1,0.0,2310.0,2310.0,0.0
0092221905201721711103,2024,0,0.0,,,
0106000319146461701101,2024,0,,,,
0109510902311081811107,2024,0,,,,
0109570902401201701102,2024,0,,,,
0110004063476431701102,2024,1,,2310.0,-1.0,1.0
0110620024103531711102,2024,1,,440.0,440.0,-1.0
0112005109673351701101,2024,0,0.0,,,
0113008793827131701101,2024,0,0.0,,,
0120310940180161711102,2024,1,0.0,2310.0,2310.0,0.0
0120330782125791711102,2024,1,0.0,2310.0,2320.0,0.0
0120520319106461711102,2024,0,1.0,,,
0120610648122771711101,2024,1,0.0,2310.0,2310.0,0.0
0123001141154301701102,2024,1,,,,
0125091127387001801102,2024,0,,,,
0127050124956001711102,2024,1,0.0,2320.0,2320.0,0.0
0130580940110161701101,2024,0,0.0,,,
0130870057196921701102,2024,1,,,,
0133610672154401711101,2024,0,,,,
0137174502141201701102,2024,0,,,,
0141031103031561701101,2024,0,1.0,230.0,230.0,
0141031103031561701102,2024,0,0.0,2310.0,2310.0,
0142030398182671701104,2024,0,,,,
0146770169184821701102,2024,1,0.0,2310.0,2310.0,0.0
0147035302001691701102,2024,1,,,,
0151960168115351701102,2024,0,,,,
0153993108001281701101,2024,1,0.0,2310.0,2310.0,0.0
0155847903001161701102,2024,1,1.0,2310.0,-1.0,1.0
0160093100001291701102,2024,1,0.0,2310.0,2310.0,0.0
0180275106301291701102,2024,0,,,,
0180275106311151701101,2024,0,1.0,2722.0,2722.0,
0180601092715101701105,2024,0,0.0,2310.0,2310.0,
0181474702501751701102,2024,0,0.0,,,
0182490001301361701102,2024,1,0.0,2310.0,2310.0,0.0
0186077509341251801102,2024,0,,,,
0200180932166461801102,2024,0,,,,
0203006006001641701102,2024,1,0.0,2310.0,2310.0,0.0
0210180288171961701101,2024,0,0.0,,,
0211538003301401711102,2024,1,0.0,2310.0,2310.0,0.0
0214420910658971701101,2024,0,0.0,,,
0216048409011161701102,2024,1,,,,
0220590867158611701102,2024,1,,2310.0,2310.0,0.0
0220680755193851801102,2024,0,,,,
0226854109401571711101,2024,0,0.0,,,
0229146500401871701103,2024,0,,,,
0240120385154251711101,2024,0,0.0,,,
0240750125100431811101,2024,0,,,,
0241400738105861701101,2024,0,1.0,,,
0243672609201391801101,2024,0,,,,
0243672609201391801102,2024,0,,,,
0253392801501111701101,2024,0,0.0,2310.0,2310.0,
0256992408211861701102,2024,0,0.0,,,
0259044602401101701101,2024,1,,,,
0259044602401101701102,2024,1,,,,
0270029008201271701102,2024,1,0.0,2320.0,2320.0,0.0
0276278906001211711101,2024,1,0.0,2310.0,2310.0,0.0
0280311087704271701102,2024,0,0.0,,,
0286875609401891701102,2024,0,,,,
0288973040000191701102,2024,0,,,,
0300070627167351701102,2024,1,,,,
0305425706101761711101,2024,0,0.0,,,
0305475706101361711101,2024,1,,,,
0306701605121701701102,2024,0,,,,
0307880111024921701101,2024,1,,,,
0310450831121591801102,2024,0,,,,
0310670646179551701101,2024,0,1.0,,,
0315139504301431711102,2024,0,0.0,,,
0315169504201091701102,2024,0,,,,
0315725403201751701101,2024,1,0.0,2310.0,2310.0,0.0
0315725403201751701102,2024,1,0.0,2320.0,2320.0,0.0
0320440280185911701102,2024,0,,,,
0320810262109351701101,2024,1,0.0,2310.0,2310.0,0.0
0328609900201491701102,2024,1,0.0,2310.0,2310.0,0.0
0330370037154011701101,2024,1,0.0,2310.0,2310.0,0.0
0330450260133531701103,2024,1,,2310.0,2310.0,0.0
0331030196123371701102,2024,1,0.0,2310.0,2310.0,0.0
0331030196123371701103,2024,1,1.0,51.0,51.0,-1.0
0332400535154341701102,2024,0,,,,
0334050179335401811101,2024,0,,,,
0340440627117831701101,2024,1,0.0,2310.0,2310.0,0.0
0343240053144271701101,2024,0,,,,
0349021080185131701101,2024,0,1.0,,,
0349745807201101701101,2024,1,,,,
0351130370161641711102,2024,0,,,,
0357186204501461701101,2024,1,0.0,2310.0,2310.0,0.0
0370164808231661701101,2024,0,,,,
0376253120301171701101,2024,0,,,,
0382426400201261701101,2024,1,0.0,2300.0,2300.0,0.0
0382486400311511701101,2024,0,,,,
0387091141244701701103,2024,0,1.0,0.0,-1.0,
0395530105201501701101,2024,1,0.0,2310.0,2310.0,0.0
0399336702401071711101,2024,1,0.0,4760.0,2310.0,-1.0
0400120604152461711104,2024,1,,,,
0400401031653841701101,2024,1,,,,
0401804230513511701101,2024,0,,,,
0402241530214001711101,2024,1,0.0,2310.0,2310.0,0.0
0402750730166871701101,2024,0,0.0,,,
0403606201101481801101,2024,0,,,,
0403646800311811701101,2024,0,,,,
0404194306201271701102,2024,0,,,,
0410070570167541711102,2024,0,,,,
0412943108201221701101,2024,1,,,,
0413900570117541701101,2024,1,0.0,2310.0,2310.0,0.0
0420400485177361701102,2024,1,,,,
0430620952199951701102,2024,0,0.0,,,
0430670570177541701101,2024,0,,,,
0430900485197361701101,2024,1,0.0,2320.0,2320.0,0.0
0431190182192271701101,2024,0,1.0,2555.0,2555.0,
0440380640154641711102,2024,0,,,,
0445743908401981701102,2024,1,0.0,2310.0,2310.0,0.0
0448000166416901711102,2024,0,,,,
0448958106411081801102,2024,0,,,,
0449142402001261701101,2024,1,,2360.0,2360.0,-1.0
0449182402201021701101,2024,1,0.0,2310.0,2310.0,0.0
0452341300301191701101,2024,1,0.0,2320.0,2320.0,0.0
0453010139089901701101,2024,1,,,,
0456853000101621701102,2024,1,0.0,2300.0,2300.0,0.0
0464598107101131701101,2024,1,0.0,2310.0,2310.0,0.0
0464598107101131701102,2024,1,0.0,2330.0,2330.0,0.0
0486070708211141701102,2024,0,,,,
0500011019852291701101,2024,1,0.0,2310.0,2310.0,0.0
0500670948169591701102,2024,1,0.0,2310.0,2310.0,0.0
0502250952161331701104,2024,0,0.0,,,
0502460704169711801101,2024,0,,,,
0506614230513221701101,2024,0,,2861.0,2861.0,
0509560613141441701102,2024,1,0.0,2320.0,2320.0,0.0
0519002163622501701102,2024,0,,,,
0521120605155551701101,2024,0,0.0,,,
0524354708501431701102,2024,1,0.0,2310.0,2310.0,0.0
0528023409411181701102,2024,1,,,,
0528093409311901711101,2024,0,0.0,,,
0530530467172041701101,2024,1,,,,
0530870653177041701101,2024,0,0.0,,,
0532820271153401701101,2024,1,,,,
0532820271153401701102,2024,1,,,,
0533320396186881701101,2024,0,,,,
0533483405201441701102,2024,1,1.0,440.0,440.0,-1.0
0533493405301701811102,2024,0,,,,
0534097407411381701102,2024,1,0.0,2310.0,2310.0,0.0
0534570357157991801101,2024,0,,,,
0535050187248501701101,2024,1,,,,
0538694704001751701101,2024,0,0.0,,,
0540390785169181801102,2024,0,,,,
0540530605165551701101,2024,0,,,,
0540830504114641701102,2024,1,0.0,2300.0,2300.0,0.0
0546290964184341701103,2024,1,,,,
0551670116119321701102,2024,0,,,,
0552721130500151701102,2024,0,,,,
0554060160503701711101,2024,0,,,,
0573979606301281701101,2024,1,0.0,2310.0,2310.0,0.0
0584236001211501701101,2024,0,0.0,2300.0,2300.0,
0600380616182551701102,2024,0,0.0,,,
0600960637192961701102,2024,1,1.0,5740.0,5740.0,-1.0
0602319750218161811101,2024,0,,,,
0610008050419321701101,2024,0,,,,
0610620523175801701103,2024,0,,,,
0614814900301631701101,2024,0,1.0,,,
0620330629157571701102,2024,1,0.0,2310.0,2310.0,0.0
0620380473132511801102,2024,0,,,,
0626444206401171701102,2024,1,0.0,2310.0,2310.0,0.0
0630338600401411811101,2024,0,,,,
0630750637132961701101,2024,1,0.0,2310.0,2310.0,0.0
0630950235110621701101,2024,1,0.0,2310.0,2300.0,0.0
0631740023114841801101,2024,0,,,,
0639753301331421701102,2024,0,0.0,,,
0640020119153441701101,2024,1,0.0,2310.0,2310.0,0.0
0641530145120821801102,2024,0,,,,
0653728201521241711101,2024,1,0.0,2310.0,2310.0,0.0
0659648602011261801102,2024,0,,,,
0659668602401581701102,2024,1,1.0,110.0,110.0,-1.0
0660721054170301801101,2024,0,,,,
0678348420100111801102,2024,0,,,,
0678348420100111801104,2024,0,,,,
0689815603221551701103,2024,0,,,,
0696226205201151711102,2024,0,,,,
0700530305155331711101,2024,0,,2310.0,2310.0,
0701710990714301701101,2024,1,0.0,2310.0,2310.0,0.0
0701890414001731701101,2024,1,,4350.0,2310.0,-1.0
0702699403021861701101,2024,0,,,,
0703211610111301801101,2024,0,,,,
0710810170189231701105,2024,1,1.0,2545.0,2545.0,-1.0
0711760961155801711101,2024,0,,,,
0714670577151521701101,2024,0,,,,
0720260299128001811101,2024,0,,,,
0729008108401601711101,2024,0,1.0,2722.0,2722.0,
0730440169143221701102,2024,1,,,,
0730750019173931701101,2024,1,0.0,2310.0,2310.0,0.0
0732170634160581801101,2024,0,,,,
0740450862182241701101,2024,1,0.0,2310.0,2310.0,0.0
0740450862182241701102,2024,1,0.0,2300.0,2300.0,0.0
0740630112167541701101,2024,1,0.0,2310.0,2310.0,0.0
0741086306201051711101,2024,1,0.0,2310.0,2310.0,0.0
0741820019163931801102,2024,0,,,,
0744067603301561701102,2024,1,0.0,2330.0,2330.0,0.0
0747124409001211701101,2024,1,1.0,850.0,850.0,-1.0
0747164409401051711102,2024,0,,,,
0750250568165341711102,2024,0,0.0,,,
0750630849154731701102,2024,0,0.0,,,
0751010622167121701102,2024,0,,,,
0757237105301441701102,2024,1,,,,
0757267105001591701101,2024,1,0.0,2310.0,2310.0,0.0
0759026606331121701102,2024,1,1.0,2320.0,-1.0,1.0
0759056606331421701101,2024,1,0.0,2310.0,2310.0,0.0
0760101038042001701101,2024,0,1.0,,,
0763964205211001801102,2024,0,,,,
0766122808311181701102,2024,1,0.0,2330.0,2330.0,0.0
0776667205011011701102,2024,1,,,,
0776997802201111701102,2024,1,1.0,2545.0,2545.0,-1.0
0777514500001561701101,2024,1,,,,
0784079640202141701101,2024,1,0.0,2310.0,2310.0,0.0
0786917103401601711102,2024,0,0.0,,,
0800330358188781701101,2024,1,0.0,2310.0,2310.0,0.0
0800610298265231701101,2024,1,1.0,4600.0,4600.0,-1.0
0800760358188781801101,2024,0,,,,
0800870069117591711102,2024,0,,,,
0800948200017811701102,2024,0,0.0,2310.0,2310.0,
0805656800311501701101,2024,0,0.0,,,
0805860611024711711101,2024,1,0.0,2310.0,2310.0,0.0
0810101096431191701102,2024,1,0.0,2320.0,2320.0,0.0
0810180229170231701102,2024,0,0.0,2330.0,2330.0,
0812260404125851701102,2024,0,,,,
0819250800700151701101,2024,1,0.0,2310.0,2310.0,0.0
0820231023213011701102,2024,0,0.0,,,
0820781107321561701102,2024,0,1.0,,,
0821110221109141801102,2024,0,,,,
0829358502501561711101,2024,0,0.0,,,
0831510442118561801101,2024,0,,,,
0837284701101081701101,2024,0,,,,
0843572505501801701101,2024,1,0.0,2310.0,2310.0,0.0
0852070143169921701101,2024,0,,,,
0871902402501431701101,2024,1,0.0,2310.0,2310.0,0.0
0876599504411821701102,2024,0,,,,
0906640713190721701102,2024,0,,,,
0910610246164871711101,2024,0,,,,
0910630633173261701101,2024,1,1.0,4600.0,3602.0,-1.0
0910750001184541701102,2024,0,0.0,,,
0913258207001411701101,2024,0,0.0,0.0,-1.0,
0916398203301191701101,2024,1,,,,
0918008048626071701102,2024,1,0.0,2310.0,2310.0,0.0
0920020776185421711102,2024,0,,,,
0920030043116351701101,2024,0,,,,
0930090852109051711101,2024,0,0.0,,,
0930530257172871701101,2024,0,,,,
0931310158166801701101,2024,0,,,,
0939185830101101801101,2024,0,,,,
0940520985180971701101,2024,0,,,,
0940530366168791711101,2024,0,0.0,,,
0940530366168791711102,2024,0,0.0,,,
0940610852129051701101,2024,1,,,,
0940820490110581711101,2024,0,0.0,,,
0940820490110581711102,2024,0,0.0,,,
0948273307301271701102,2024,1,0.0,2310.0,2310.0,0.0
0950090526140571711101,2024,0,,,,
0950520009161781701101,2024,1,,,,
0969492606301191701102,2024,0,0.0,2300.0,2300.0,
0980186202201021711101,2024,1,,2310.0,2310.0,0.0
0986551100011021701102,2024,1,1.0,4600.0,4600.0,-1.0
0986551100011021701106,2024,1,,,,
1000009900011611701101,2024,1,,,,
1001210711746741711101,2024,0,0.0,,,
1003500614057581711101,2024,0,0.0,,,
1003523009522121701102,2024,1,1.0,2205.0,2205.0,-1.0
1004151008246041701101,2024,1,,,,
1009870511061081701102,2024,0,0.0,1970.0,2360.0,
1011605359170591711101,2024,0,1.0,,,
1012789008341341701101,2024,0,,,,
1012919006068851701101,2024,0,0.0,,,
1017005083629091701101,2024,1,0.0,2320.0,2320.0,0.0
1020511042931031701102,2024,1,1.0,2001.0,2001.0,-1.0
1021303964256261701101,2024,0,0.0,440.0,2310.0,
1031603891615081701101,2024,0,,,,
1031804442048921701101,2024,0,1.0,,,
1051803591554981701101,2024,0,0.0,,,
1062020192110301701101,2024,0,,,,
1071404804012411701101,2024,1,0.0,2310.0,2310.0,0.0
1071603666399891701101,2024,1,0.0,2310.0,2310.0,0.0
1081600073650461701102,2024,1,0.0,2310.0,2310.0,0.0
1082020199504201711102,2024,0,,,,
1085331340019181701102,2024,0,0.0,,,
1091103440567851701101,2024,0,,,,
1091600384600361701101,2024,0,,2320.0,2320.0,
1100178006491201701102,2024,1,0.0,2310.0,2310.0,0.0
1100506000826041701101,2024,1,0.0,2310.0,2310.0,0.0
1103329016408201701101,2024,1,,,,
1103675002380401701102,2024,1,0.0,2310.0,2310.0,0.0
1104190710052831701102,2024,1,0.0,2310.0,2310.0,0.0
1104357830911411701101,2024,0,0.0,,,
1105217005834421711102,2024,1,0.0,2310.0,2310.0,0.0
1106993004426051701101,2024,1,0.0,2310.0,2300.0,0.0
1114169006352531701101,2024,0,0.0,,,
1114569306491581701101,2024,0,1.0,,,
1118093006923741801102,2024,0,,,,
1119736005659731701101,2024,0,,,,
1120701055990871711101,2024,1,0.0,2310.0,2310.0,0.0
1125073137245501711102,2024,1,0.0,2300.0,2300.0,0.0
1154063146503701701101,2024,1,0.0,2310.0,2310.0,0.0
1154063146503701701102,2024,1,1.0,2360.0,2360.0,-1.0
1154067135503701701102,2024,0,,,,
1183180940900171701101,2024,1,0.0,2330.0,2330.0,0.0
1200851008421511801102,2024,0,,,,
1201347830911101711102,2024,1,0.0,2310.0,2310.0,0.0
1201539560818701701102,2024,0,0.0,,,
1202060614160131701101,2024,0,0.0,,,
1204525007808441711102,2024,0,,,,
1207743002600321701101,2024,1,0.0,2310.0,2310.0,0.0
1208353003499351701102,2024,1,0.0,2310.0,2310.0,0.0
1208353004429351701102,2024,1,0.0,2310.0,2310.0,0.0
1208652001914831701101,2024,1,0.0,2320.0,2320.0,0.0
1209035006701541711101,2024,1,0.0,2310.0,2310.0,0.0
1213008259508461801101,2024,0,,,,
1215841006199331701102,2024,0,,,,
1216014006289231701102,2024,0,0.0,,,
1228043004573121701101,2024,0,0.0,,,
1274231130701111801101,2024,0,,,,
1300248007489611701105,2024,0,0.0,,,
1300711002614011701102,2024,1,,,,
1302942001643151701102,2024,0,1.0,710.0,725.0,
1304942001643131701102,2024,1,0.0,2310.0,2310.0,0.0
1304942001643131701103,2024,1,0.0,2310.0,2310.0,0.0
1305048008425721811101,2024,0,,,,
1306380911072691701102,2024,1,0.0,2310.0,2310.0,0.0
1307623006550531701101,2024,1,,,,
1308860920052621701101,2024,1,1.0,4600.0,4600.0,-1.0
1316007333097111701101,2024,1,0.0,2320.0,2320.0,0.0
1317009007654521701103,2024,1,0.0,2310.0,2300.0,0.0
1318711003624051701102,2024,0,0.0,,,
1322020132069301811101,2024,0,,,,
1372056008812441701102,2024,1,0.0,2310.0,2310.0,0.0
1400614001610951701102,2024,1,0.0,2330.0,2330.0,0.0
1401449280612711801102,2024,0,,,,
1402180006347101701101,2024,1,0.0,2330.0,2330.0,0.0
1403139000932851711101,2024,1,0.0,2310.0,2310.0,0.0
1403391008524511701102,2024,1,0.0,2300.0,2300.0,0.0
1403536120018601701101,2024,1,,,,
1406664001724441811101,2024,0,,,,
1406780414036881701101,2024,0,0.0,,,
1406920112031841711102,2024,1,,,,
1407161003468411701102,2024,1,0.0,2300.0,2300.0,0.0
1408253005924951701101,2024,0,0.0,2310.0,2310.0,
1409637820612901701102,2024,0,,,,
1413464006937121701101,2024,1,,,,
1424994002553011701102,2024,0,0.0,,,
1445196100302151701105,2024,1,,,,
1465697150300151701102,2024,1,0.0,2310.0,2310.0,0.0
1500508002787611701102,2024,0,0.0,,,
1501050315039361701102,2024,0,,,,
1501539008119341701102,2024,1,0.0,2310.0,2310.0,0.0
1502122009452431701102,2024,0,0.0,,,
1502297006848551711101,2024,1,,,,
1505023009923221701102,2024,1,,,,
1506186004820931701101,2024,1,0.0,2310.0,2310.0,0.0
1506684008023121701102,2024,1,0.0,2310.0,2310.0,0.0
1506945000271831701101,2024,1,,,,
1508122009482411701101,2024,0,0.0,,,
1508232005311231711102,2024,1,0.0,2320.0,2320.0,0.0
1509520414003531701101,2024,1,,,,
1512011165536901701101,2024,0,,,,
1518388000718831711101,2024,0,0.0,,,
1530060168552301701102,2024,1,0.0,2300.0,-1.0,1.0
1536080143013001701102,2024,0,0.0,,,
1550301084174101811102,2024,0,,,,
1570020127023001801101,2024,0,,,,
1573178840500151711101,2024,1,0.0,2310.0,-1.0,1.0
1602970214059571701101,2024,1,0.0,2320.0,2320.0,0.0
1603510813015671711103,2024,1,,,,
1605347830911101701101,2024,0,0.0,,,
1605941007616221701102,2024,0,,,,
1606482000178541801102,2024,0,,,,
1606546120018201701101,2024,0,0.0,,,
1607915005759231701101,2024,1,0.0,2310.0,2310.0,0.0
1607915005759231701102,2024,1,0.0,2310.0,2310.0,0.0
1608799007124621701102,2024,0,0.0,,,
1609349006856941701102,2024,1,0.0,2320.0,2320.0,0.0
1609585005304741701102,2024,0,0.0,,,
1609915009759231701101,2024,1,1.0,230.0,230.0,-1.0
1609915009759231701102,2024,1,0.0,2310.0,2310.0,0.0
1611843930400191701101,2024,0,0.0,,,
1619004162093561701101,2024,0,,,,
1620901047291491801101,2024,0,,,,
1625924006190801701102,2024,0,,,,
1630032008972341701101,2024,0,,,,
1669847007870011801101,2024,0,,,,
1700254008216011701101,2024,1,0.0,2310.0,2310.0,0.0
1700432000521641711101,2024,1,,,,
1700878009480201701101,2024,1,0.0,2310.0,2310.0,0.0
1701046007013121701102,2024,1,0.0,2310.0,2310.0,0.0
1702432005551641801103,2024,0,,,,
1703507006594401701102,2024,1,0.0,2310.0,2310.0,0.0
1705196002637521811102,2024,0,,,,
1705301009624311701101,2024,0,,,,
1705815005074131701101,2024,0,,,,
1706069002279641701101,2024,1,0.0,2320.0,2320.0,0.0
1706654002637641701102,2024,1,0.0,2330.0,2330.0,0.0
1708879001719601701102,2024,1,0.0,2310.0,2310.0,0.0
1709459250016401701102,2024,0,,,,
1710705006618401701102,2024,1,1.0,2310.0,-1.0,1.0
1710801006538901701101,2024,1,0.0,2310.0,2310.0,0.0
1710901064771441701101,2024,1,,,,
1710901064771441701102,2024,1,,,,
1720016003516851701102,2024,0,0.0,,,
1778472730900151701101,2024,0,,,,
1778472730900151701102,2024,0,,,,
1800037002610941801102,2024,0,,,,
1800450410058081711102,2024,1,1.0,0.0,-1.0,-1.0
1800460410158181701101,2024,0,0.0,,,
1802270112093341701101,2024,1,0.0,2310.0,2310.0,0.0
1804660420011541701101,2024,1,0.0,2300.0,2300.0,0.0
1804660420011541701102,2024,1,0.0,2300.0,2300.0,0.0
1805338490211101701102,2024,1,,0.0,-1.0,-1.0
1806551002726321701101,2024,1,0.0,2320.0,2320.0,0.0
1807228001001661701101,2024,1,,,,
1807816008756621711101,2024,0,0.0,,,
1808887007784611701102,2024,0,,,,
1818816006726651701101,2024,0,,,,
1826671004074451701102,2024,0,,,,
1826673000381751701101,2024,0,0.0,,,
1845649550400141711101,2024,1,0.0,2310.0,2310.0,0.0
1861935930401121701105,2024,0,,,,
1900855002620321711101,2024,1,1.0,5940.0,5940.0,-1.0
1902308190315801701101,2024,1,0.0,2310.0,2310.0,0.0
1902871007240841701102,2024,0,,,,
1902990005053201701102,2024,1,0.0,2310.0,2310.0,0.0
1905676007510621701101,2024,1,1.0,2555.0,2555.0,-1.0
1906089003138411701101,2024,0,1.0,,,
1906745001917951801103,2024,0,,,,
1906923009311931701101,2024,1,0.0,2310.0,2310.0,0.0
1906923009311931701103,2024,1,0.0,2310.0,2310.0,0.0
1907238008054241701101,2024,1,0.0,2320.0,2320.0,0.0
1908119001529521701102,2024,1,1.0,4760.0,4760.0,-1.0
1908519560818511711101,2024,0,0.0,,,
1908900001316851701101,2024,1,0.0,2310.0,2310.0,0.0
1909298001040741701101,2024,1,1.0,2320.0,-1.0,1.0
1909404060610201701102,2024,1,0.0,2310.0,2310.0,0.0
1910508000826751701102,2024,0,0.0,,,
1916163006377331801102,2024,0,,,,
1917014230600111811101,2024,0,,,,
1919226006550431701103,2024,1,0.0,2320.0,2320.0,0.0
1920701084992371701102,2024,1,,,,
1945371040401151701102,2024,1,0.0,0.0,2320.0,-1.0
1957139709431781801101,2024,0,,,,
1981206000900101701103,2024,1,0.0,2310.0,2310.0,0.0
1983163540101101801102,2024,0,,,,
1986281401491481701102,2024,0,,,,
2001501261907961711102,2024,0,,,,
2004250212171571701101,2024,0,0.0,,,
2004310620814301701101,2024,1,,,,
2009850510061681701101,2024,1,,,,
2012002136812451701101,2024,0,,,,
2021804624775201701101,2024,0,,2310.0,2310.0,
2021804624775201701102,2024,0,,2320.0,2320.0,
2031305432482521801102,2024,0,,,,
2031600129280461701102,2024,0,,,,
2051301132469181701102,2024,0,0.0,,,
2051600457327011701101,2024,0,0.0,2310.0,2310.0,
2060101037053221711101,2024,1,,,,
2060101037053221711102,2024,1,,,,
2081101778714451711101,2024,1,0.0,2320.0,2320.0,0.0
2095012122057401701101,2024,0,,,,
2100431052351751711103,2024,1,,,,
2102200114016631711101,2024,1,1.0,230.0,230.0,-1.0
2108051172870301701102,2024,0,0.0,,,
2118003013191471711102,2024,1,0.0,2320.0,2320.0,0.0
2130032158659401701101,2024,0,,,,
2207070165128101711101,2024,0,,,,
2207940610231021701101,2024,1,0.0,2310.0,2310.0,0.0
2208837920311801701102,2024,0,,,,
2210111005421651701101,2024,1,0.0,2300.0,2300.0,0.0
2270101093951691701101,2024,1,0.0,2310.0,2310.0,0.0
2290481023053901701101,2024,0,0.0,,,
2299070160338201711102,2024,0,0.0,2310.0,2310.0,
2306018840513601701101,2024,1,,,,
2310005061338291701101,2024,0,,,,
2327053160956001701103,2024,1,1.0,750.0,750.0,-1.0
2398023124169501701101,2024,1,1.0,1005.0,1005.0,-1.0
2401139430316111701102,2024,0,0.0,2310.0,2310.0,
2401360112025571801102,2024,0,,,,
2403216760818901701101,2024,0,,,,
2413008011866521811101,2024,0,,,,
2427060127953801701101,2024,1,1.0,3603.0,3603.0,-1.0
2450921013315651711103,2024,0,0.0,,,
2497000158749901801101,2024,0,,,,
2503760211076331701101,2024,1,,,,
2506880011021341701101,2024,1,0.0,2310.0,2310.0,0.0
2507460315080641711101,2024,1,0.0,2310.0,2310.0,0.0
2511009072368091701102,2024,1,1.0,230.0,230.0,-1.0
2512005031700351711102,2024,0,0.0,,,
2516004072307181701101,2024,1,,,,
2529220920500151701101,2024,1,0.0,2330.0,2330.0,0.0
2578644930700111701101,2024,1,0.0,2300.0,2300.0,0.0
2600920113139541811102,2024,0,,,,
2610005170216381701102,2024,0,1.0,,,
2624422940400101701101,2024,0,0.0,,,
2624422940400101701102,2024,0,,,,
2701733830510001811101,2024,0,,,,
2703610910031131711101,2024,1,0.0,2310.0,2310.0,0.0
2719007061876051701104,2024,0,0.0,2300.0,2300.0,
2760201058353341701101,2024,0,0.0,2310.0,2310.0,
2800429140012211711101,2024,0,,,,
2804370511764281701101,2024,0,0.0,,,
2809080914204851701101,2024,0,0.0,,,
2856995120000181701102,2024,0,0.0,2310.0,2310.0,
2902080514045581701101,2024,1,0.0,440.0,2310.0,-1.0
2907126870417511801102,2024,0,,,,
2909860510160021701102,2024,1,0.0,2310.0,2310.0,0.0
2911003097742401701102,2024,1,0.0,2320.0,2320.0,0.0
2917003080808291701101,2024,0,,,,
2920611028474051701101,2024,1,0.0,2310.0,2310.0,0.0
2930801078461621701101,2024,0,,,,
3000470611778781701102,2024,0,,,,
3003380813049131701101,2024,1,0.0,2310.0,2310.0,0.0
3004522810313201711101,2024,1,0.0,2310.0,2310.0,0.0
3006330613059131711101,2024,1,0.0,2310.0,2310.0,0.0
3010009126498471701101,2024,1,1.0,5310.0,5310.0,-1.0
3010701000782991701101,2024,0,,,,
3020901043254991711101,2024,0,,,,
3031404568985691701101,2024,0,0.0,,,
3041101544757401711101,2024,1,,,,
3073350140301171801101,2024,0,,,,
3081605461229571701101,2024,0,0.0,,,
3106752790510401701102,2024,1,0.0,2310.0,2310.0,0.0
3110871072851901711101,2024,0,,,,
3111005051448461801101,2024,0,,,,
3121030124529201701102,2024,0,0.0,,,
3169155200602111801102,2024,0,,,,
3182062410600161711102,2024,0,,,,
3186080132691801801101,2024,0,,,,
3187040108522301701102,2024,1,0.0,2320.0,2320.0,0.0
3201590212064151701102,2024,1,,,,
3203032920216101811101,2024,0,,,,
3259031140597701701101,2024,0,0.0,2310.0,2310.0,
3285569910900141701101,2024,0,,,,
3300930411049551701102,2024,0,0.0,2310.0,2310.0,
3303640812000851701104,2024,1,0.0,2310.0,2310.0,0.0
3308970211002521701102,2024,1,,,,
3310601007741311701102,2024,0,0.0,,,
3350801072052901701102,2024,1,0.0,2320.0,2320.0,0.0
3351051134205201701101,2024,0,,2310.0,2310.0,
3403849700419801701101,2024,1,,2310.0,2310.0,0.0
3428560910119571801102,2024,0,,,,
3447941630500181701101,2024,0,,,,
3450621007540311701102,2024,1,0.0,2310.0,2310.0,0.0
3502510211657441811101,2024,0,,,,
3505556570915401701101,2024,1,,2330.0,2330.0,0.0
3511128750400141701102,2024,1,0.0,2310.0,2310.0,0.0
3521012122813401801101,2024,0,,,,
3553010108089901711101,2024,0,1.0,,,
3565872400809161701101,2024,1,0.0,2320.0,2320.0,0.0
3590211004213731701101,2024,0,1.0,2360.0,2360.0,
3604032920216111701101,2024,0,,,,
3604540310713801701102,2024,1,0.0,2320.0,2320.0,0.0
3610901011713191701102,2024,1,0.0,2320.0,2320.0,0.0
3639386350500121701101,2024,1,,,,
3700756710813461711101,2024,0,,,,
3701625420219701701102,2024,1,0.0,2310.0,2310.0,0.0
3789532120800101711102,2024,0,,,,
3800456680319111701102,2024,0,0.0,,,
3803770511020891801102,2024,0,,,,
3804680714137611701102,2024,1,0.0,2310.0,2310.0,0.0
3820001097272801701101,2024,1,0.0,2310.0,2310.0,0.0
3900070711014191701101,2024,1,0.0,2310.0,2310.0,0.0
3900070711014191701102,2024,1,0.0,2310.0,2310.0,0.0
3902552100714601701101,2024,1,0.0,2330.0,2330.0,0.0
3904270612064811701104,2024,0,,,,
3910801056901751701102,2024,1,0.0,2330.0,2330.0,0.0
3910901075281021701102,2024,1,,,,
3912005094050291711102,2024,1,0.0,2310.0,2310.0,0.0
3925064010301161701101,2024,1,0.0,2310.0,2310.0,0.0
3958248320700161711101,2024,0,,,,
4002740714088241701101,2024,1,0.0,2320.0,2320.0,0.0
4004946150212001701101,2024,1,0.0,2310.0,2310.0,0.0
4012005018314331801102,2024,0,,,,
4015007099782491701102,2024,1,1.0,5260.0,5260.0,-1.0
4020141064481091701102,2024,0,,2300.0,2300.0,
4051001641252381701101,2024,0,,,,
4060601082834521711101,2024,0,0.0,,,
4088000172673101701101,2024,1,0.0,2310.0,2310.0,0.0
4104222730516701701102,2024,0,,,,
4110002048378091701101,2024,0,0.0,,,
4112008124167491801102,2024,0,,,,
4115003236279321701101,2024,1,0.0,2320.0,2320.0,0.0
4124791510500161701102,2024,1,,0.0,-1.0,-1.0
4151804350496441801101,2024,0,,,,
4160571007741571711101,2024,0,0.0,2100.0,2100.0,
4161145800600241701101,2024,1,1.0,4600.0,4600.0,-1.0
4201622740110601701101,2024,1,,,,
4219004022386501711101,2024,1,0.0,2310.0,2310.0,0.0
4235050114248501701101,2024,1,,,,
4248070172921901701101,2024,0,,,,
4253011160089901701101,2024,0,,,,
4258040143483601701101,2024,1,,,,
4260101058322711701101,2024,0,,,,
4315007066742271711102,2024,1,0.0,2320.0,2320.0,0.0
4320301017913251711101,2024,0,0.0,,,
4360080192084701701101,2024,0,1.0,,,
4400761077450051701101,2024,0,,,,
4400761077450051701102,2024,0,,,,
4401734990112601701102,2024,1,0.0,2330.0,2330.0,0.0
4402132380611301711102,2024,1,0.0,2310.0,2310.0,0.0
4402330370512401701101,2024,1,0.0,2320.0,2320.0,0.0
4410111064980091701105,2024,0,,,,
4415005034348341701101,2024,1,0.0,2300.0,2300.0,0.0
4503840215109431811101,2024,0,,,,
4504050134231101701103,2024,0,,,,
4506451850616021701101,2024,0,,,,
4506451850616021701102,2024,0,,,,
4508230113003711701101,2024,1,0.0,2310.0,2310.0,0.0
4511009272166591711102,2024,0,,,,
4517000020296371701101,2024,1,,,,
4537559930200191701101,2024,1,0.0,2320.0,2320.0,0.0
4557454920200191711101,2024,0,0.0,,,
4565321550801131701101,2024,0,0.0,,,
4597011145336301701101,2024,0,1.0,,,
4600346810911811701102,2024,0,0.0,,,
4600420911680521701101,2024,0,1.0,,,
4600560713025951701103,2024,0,0.0,,,
4602800213192701801101,2024,0,,,,
4603750912011271811103,2024,0,,,,
4607740615025771711101,2024,1,0.0,2310.0,2310.0,0.0
4612000054793521701101,2024,1,,2320.0,2320.0,0.0
4616002106394411701102,2024,1,0.0,2310.0,2310.0,0.0
4617007367926341701101,2024,0,0.0,,,
4696786400400121701101,2024,1,,2310.0,2310.0,0.0
4696786400400121701102,2024,1,,2310.0,2310.0,0.0
4703515020715701701101,2024,1,,,,
4704290814121421801103,2024,0,,,,
4705750010084981701102,2024,0,0.0,,,
4740601008532691701102,2024,0,0.0,,,
4805240415031751711103,2024,1,0.0,2320.0,2310.0,0.0
4805512190618221701101,2024,0,0.0,,,
4810003057202441701101,2024,1,0.0,2310.0,2310.0,0.0
4810201028414341701103,2024,1,1.0,2545.0,2545.0,-1.0
4810601001724731701101,2024,1,,2320.0,2320.0,0.0
4810601001724731701102,2024,1,,2300.0,2320.0,0.0
4817001062761081701101,2024,0,0.0,2310.0,2310.0,
4870301017710251701101,2024,0,,,,
4902326150018701701101,2024,0,,,,
4970121530200131701101,2024,0,0.0,2300.0,2300.0,
5001210711746141701101,2024,0,,,,
5004302010819601701102,2024,1,0.0,2310.0,2310.0,0.0
5053113320400121711101,2024,0,,,,
5117008006455571701101,2024,1,1.0,230.0,230.0,-1.0
5124308500700191811102,2024,0,,,,
5141080146903301711101,2024,0,0.0,,,
5158818120700141701102,2024,0,0.0,,,
5186094197585101701101,2024,0,0.0,,,
5202829410512901801104,2024,0,,,,
5203890512004451701101,2024,0,0.0,,,
5207028480418201711101,2024,0,0.0,,,
5213008359608461701101,2024,0,0.0,,,
5216002265599211701102,2024,0,,,,
5248060146788001701101,2024,1,,,,
5270421052411811701102,2024,0,,,,
5291286110800151701101,2024,0,0.0,,,
5319009047029231701101,2024,1,0.0,2320.0,2320.0,0.0
5322667900202161701102,2024,0,0.0,2330.0,2330.0,
5344061158381101701101,2024,0,1.0,0.0,-1.0,
5360401014055271701101,2024,0,,,,
5402127290817101701101,2024,1,0.0,2310.0,2310.0,0.0
5402703530013501701101,2024,1,0.0,2300.0,2300.0,0.0
5403833900717901801102,2024,0,,,,
5405390510176701701101,2024,0,0.0,,,
5414009122000361711101,2024,0,0.0,,,
5416004074041261701102,2024,1,0.0,0.0,-1.0,-1.0
5420296840000191701102,2024,1,0.0,2310.0,2310.0,0.0
5447010151138001811101,2024,0,,,,
5447010151138001811102,2024,0,,,,
5506639300613301701102,2024,1,0.0,2310.0,2320.0,0.0
5506639300613301711101,2024,0,0.0,2310.0,2310.0,
5530060160618001701102,2024,0,,440.0,2555.0,
5531273230700171711102,2024,1,0.0,2310.0,2310.0,0.0
5557148430002171701102,2024,1,0.0,2310.0,2310.0,0.0
5567649410000171711102,2024,0,0.0,,,
5570101035975341701101,2024,0,,,,
5580301090252711701102,2024,0,0.0,2310.0,2310.0,
5603016760917771701102,2024,0,0.0,,,
5609460614093981701102,2024,1,0.0,2310.0,2310.0,0.0
5617007167526341701102,2024,1,0.0,2320.0,2320.0,0.0
5640701052623581701101,2024,1,,,,
5645554520500101801101,2024,0,,,,
5650801076352291701101,2024,0,0.0,,,
5650801076352291701102,2024,0,0.0,,,
5680201043763161701101,2024,0,,,,
5700301090654711711101,2024,0,,,,
5703937620714001711101,2024,1,0.0,2310.0,2310.0,0.0
5714000180462181801101,2024,0,,,,
5718004076087481701101,2024,1,0.0,2310.0,2310.0,0.0
5760501060801791701101,2024,0,,,,
5803330212013791701101,2024,1,0.0,2320.0,2320.0,0.0
5803330212013791701102,2024,1,0.0,2320.0,2320.0,0.0
5829365630900151701101,2024,0,0.0,2320.0,2320.0,
5829365630900151701102,2024,0,0.0,2320.0,2320.0,
5840101058384791701102,2024,0,0.0,,,
5902316850412701801101,2024,0,,,,
5916009326072301701102,2024,1,0.0,2330.0,2330.0,0.0
5940701001502211701101,2024,1,,,,
5968300900600101701101,2024,1,0.0,2310.0,2310.0,0.0
6006011880514811701101,2024,0,,,,
6010061101647301701102,2024,0,0.0,,,
6010811054922101801101,2024,0,,,,
6018032184785701701102,2024,0,,,,
6029043100021001701101,2024,0,0.0,,,
6059050168225901701101,2024,1,,,,
6084020146777701701102,2024,0,0.0,,,
6091201501297021701102,2024,0,1.0,1760.0,1760.0,
6106270914050221801102,2024,0,,,,
6109360515054711701101,2024,1,0.0,2320.0,2320.0,0.0
6126355720900171811101,2024,0,,,,
6202703700414801701101,2024,1,,,,
6206070713312481701102,2024,0,0.0,,,
6225315830903191701102,2024,1,1.0,2545.0,2545.0,-1.0
6230291067393091701101,2024,0,,,,
6230291067393091701102,2024,0,,,,
6249050139958501701101,2024,1,0.0,2320.0,2320.0,0.0
6260501079004661701102,2024,1,0.0,2310.0,2310.0,0.0
6262000148273401801101,2024,0,,,,
6304090139421201801102,2024,0,,,,
6305559280618401701102,2024,0,0.0,,,
6314001104642461701101,2024,0,,,,
6314012143752701701101,2024,0,0.0,,,
6350201052513421701102,2024,1,0.0,2310.0,2310.0,0.0
6365012141945401701102,2024,0,0.0,2310.0,2310.0,
6378071117460501801102,2024,0,,,,
6386010148758701701102,2024,0,0.0,,,
6390401080251121701101,2024,0,0.0,,,
6398094129669301701101,2024,0,0.0,,,
6402541970716101701101,2024,1,0.0,2320.0,2320.0,0.0
6410006011558441701102,2024,0,0.0,,,
6474030140360101701103,2024,1,,,,
6476090124791901801102,2024,0,,,,
6501020314039761701101,2024,1,,2320.0,2320.0,0.0
6504521460312501711101,2024,0,0.0,,,
6504753700414501701102,2024,0,0.0,2310.0,2310.0,
6551050143205201711102,2024,1,0.0,2320.0,2320.0,0.0
6560541079601661701101,2024,0,0.0,,,
6567711700900171801103,2024,0,,,,
6568021117113401711101,2024,0,1.0,137.0,137.0,
6589118340002151701102,2024,0,0.0,,,
6600020280719901711101,2024,0,0.0,,,
6600981242420531701102,2024,0,,,,
6680203840900151701102,2024,1,0.0,2310.0,2310.0,0.0
6696220430900191701101,2024,0,0.0,,,
6730331001901991701101,2024,1,0.0,2330.0,2330.0,0.0
6730331001901991701102,2024,1,0.0,2310.0,2310.0,0.0
6758188750400191801101,2024,0,,,,
6759845920400171701101,2024,0,,,,
6759845920400171701102,2024,0,,,,
6765840800002171701102,2024,0,0.0,,,
6783037040402121701101,2024,1,0.0,2310.0,2310.0,0.0
6804680714337411701102,2024,0,0.0,,,
6804819690411301701102,2024,0,1.0,,,
6808125140700161711102,2024,0,,,,
6855512540600191701102,2024,1,0.0,2310.0,2310.0,0.0
6940201041623381701101,2024,0,,,,
6980711042922851801102,2024,0,,,,
6990201086423711701101,2024,0,,,,
7004260913362651701101,2024,0,0.0,,,
7004732540118001711102,2024,1,1.0,0.0,-1.0,-1.0
7006020111199131701103,2024,0,,,,
7006513790519121711102,2024,1,,,,
7041701933132831701101,2024,0,,,,
7080401016423811801102,2024,0,,,,
7100516340510131711101,2024,1,0.0,2310.0,2310.0,0.0
7130601088795851701102,2024,0,,,,
7196063114077501701102,2024,1,0.0,2310.0,2310.0,0.0
7201254890216101701101,2024,1,,,,
7201414330513801701101,2024,1,0.0,2310.0,2310.0,0.0
7208533790519701701101,2024,0,1.0,,,
7210701069914891701101,2024,1,,,,
7213008159308461701101,2024,1,0.0,2310.0,2310.0,0.0
7214005047162301701102,2024,0,0.0,,,
7230901017761991701103,2024,1,,,,
7240701054641171801102,2024,0,,,,
7305250413004041701101,2024,0,0.0,,,
7306944920410831701101,2024,0,,,,
7307960112030391701102,2024,1,,,,
7314001004148161701102,2024,1,,930.0,930.0,-1.0
7354050168695401701102,2024,0,0.0,,,
7359592300000101801102,2024,0,,,,
7401150100310611701101,2024,0,0.0,,,
7402944920410811701101,2024,1,0.0,2310.0,2310.0,0.0
7403623450410901701101,2024,0,0.0,,,
7407060119715201711101,2024,1,,,,
7410101022423671711102,2024,0,0.0,,,
7412000103101601711101,2024,1,0.0,2310.0,2310.0,0.0
7425694540800161701102,2024,1,0.0,2320.0,2320.0,0.0
7450201096523131701101,2024,1,1.0,750.0,2360.0,-1.0
7514396800200161711102,2024,0,,,,
7562677630700161701101,2024,1,0.0,2310.0,2310.0,0.0
7562677630700161701102,2024,1,0.0,2320.0,2320.0,0.0
7600349900818801701102,2024,1,0.0,2320.0,2320.0,0.0
7600434560813101701101,2024,1,0.0,2310.0,2320.0,0.0
7612006042339291801101,2024,0,,,,
7617009090375501701101,2024,1,0.0,2310.0,2310.0,0.0
7630801068932211701101,2024,0,0.0,2310.0,2310.0,
7640411074803361701102,2024,0,,,,
7703140100310001701101,2024,1,0.0,2310.0,2310.0,0.0
7703670911231831701102,2024,1,0.0,2310.0,2310.0,0.0
7704020314067081701101,2024,0,,,,
7717006143354571701102,2024,0,0.0,,,
7718000130872421701101,2024,0,0.0,,,
7750111050674621701102,2024,0,0.0,2310.0,2310.0,
7801950911452861701101,2024,0,,,,
7804175350900141711101,2024,1,0.0,2310.0,2310.0,0.0
7804562120201151701101,2024,0,,,,
7807415040715171701101,2024,0,0.0,,,
7860701037384981701102,2024,0,,,,
7864366340600111701101,2024,1,0.0,2310.0,2310.0,0.0
7911009043231381801102,2024,0,,,,
7919007012315271701104,2024,1,,,,
7940501000134481701102,2024,1,0.0,2320.0,2320.0,0.0
7940711054540171701101,2024,0,0.0,,,
8041203619529891701101,2024,0,0.0,2310.0,2310.0,
8041203619529891701102,2024,0,0.0,2310.0,2310.0,
8070701034435891711101,2024,1,0.0,2310.0,2310.0,0.0
8087000127262501701101,2024,1,0.0,2310.0,2320.0,0.0
8102580513025601701102,2024,0,0.0,,,
8140030132437801701101,2024,0,0.0,2310.0,2310.0,
8140101093520721701101,2024,0,,,,
8159502320900151801101,2024,0,,,,
8201200013035851811102,2024,0,,,,
8203121710415501701103,2024,1,1.0,4055.0,2545.0,-1.0
8209980414274301801101,2024,0,,,,
8234559930100161701102,2024,1,1.0,2360.0,2360.0,-1.0
8234559930100161701103,2024,1,,,,
8234559930100161701104,2024,1,,,,
8252000160197601701110,2024,0,,,,
8264291700601141701101,2024,1,1.0,2360.0,2360.0,-1.0
8264291700601141701102,2024,1,,,,
8269250520700161701101,2024,1,0.0,2310.0,2310.0,0.0
8276070117291001711101,2024,1,0.0,2310.0,2310.0,0.0
8303913680318261701101,2024,0,0.0,,,
8388091141859201801101,2024,0,,,,
8391030168999901801102,2024,0,,,,
8402744030015201701102,2024,1,0.0,2310.0,2310.0,0.0
8403129122637101701102,2024,0,0.0,2310.0,2310.0,
8414090114957801801102,2024,0,,,,
8435139139876201701102,2024,0,0.0,,,
8452071174260701801101,2024,0,,,,
8453052141160901701101,2024,0,0.0,,,
8461071137661201701101,2024,0,,,,
8481030114422401701101,2024,1,0.0,2320.0,2320.0,0.0
8495090189304701701101,2024,1,0.0,2310.0,2310.0,0.0
8495090189304701701102,2024,1,0.0,2310.0,2310.0,0.0
8498090151957801701102,2024,1,,,,
8498090151957801701104,2024,1,,,,
8498090151957801701105,2024,1,,,,
8498092134904301701103,2024,0,0.0,,,
8504925810716701701102,2024,1,,,,
8506705650000111711102,2024,1,0.0,2300.0,2300.0,0.0
8511006360456031701101,2024,0,,,,
8575467020300121701101,2024,1,0.0,2310.0,2310.0,0.0
8607120711099391701101,2024,0,0.0,,,
8611002001016101711102,2024,1,0.0,2320.0,2320.0,0.0
8613003036080431701102,2024,1,,,,
8613009367019471801101,2024,0,,,,
8677230330700121701103,2024,1,,,,
8691230440103141701101,2024,0,0.0,,,
8701038180914801711102,2024,1,0.0,2310.0,2310.0,0.0
8720021013263661701102,2024,0,,,,
8750901030172221701101,2024,1,0.0,2310.0,2310.0,0.0
8765338000500161701101,2024,0,0.0,,,
8799165130300181701101,2024,1,1.0,2360.0,2360.0,-1.0
8810501085711211701102,2024,0,,,,
8900133510700121711102,2024,1,0.0,2320.0,2320.0,0.0
8903160610281381701101,2024,0,,,,
8903412420519301701102,2024,1,0.0,2310.0,2310.0,0.0
8910002091421451701101,2024,1,1.0,2205.0,2205.0,-1.0
8919001099598131701101,2024,0,,,,
8951755610504181701101,2024,0,,,,
8995477000101161701102,2024,0,1.0,230.0,230.0,
9002560613073581701101,2024,1,,2310.0,2310.0,0.0
9011600285529381701102,2024,1,1.0,2360.0,2360.0,-1.0
9043041189542001701102,2024,0,0.0,,,
9100032150910811811102,2024,0,,,,
9111004083147161801101,2024,0,,,,
9117006073195211711102,2024,1,0.0,2320.0,2320.0,0.0
9161804358496441701102,2024,0,,,,
9161804601816301701102,2024,0,0.0,,,
9177070146580601701101,2024,0,1.0,2006.0,2006.0,
9198140930500171701103,2024,1,,2310.0,2310.0,0.0
9200011027651511701101,2024,1,1.0,2545.0,710.0,-1.0
9200611090000921701101,2024,1,0.0,2310.0,2310.0,0.0
9212004027968481801101,2024,0,,,,
9212004027968481801104,2024,0,,,,
9235427010600101701102,2024,0,0.0,,,
9268647200400151701101,2024,1,0.0,2310.0,2310.0,0.0
9300203390415631701101,2024,0,0.0,,,
9302060127581101701101,2024,0,,,,
9312030146624801701101,2024,0,,,,
9313001009940581701102,2024,1,0.0,2320.0,2320.0,0.0
9341735850300121711101,2024,1,0.0,2310.0,2310.0,0.0
9367755910700151701101,2024,1,1.0,2360.0,2360.0,-1.0
9367758910701151701102,2024,0,0.0,,,
9414009022807161701101,2024,0,,2310.0,2310.0,
9419004038258061801101,2024,0,,,,
9500455250818101701101,2024,1,,,,
9506245590512101701101,2024,0,,,,
9510201033465631701102,2024,1,0.0,2310.0,-1.0,1.0
9510901062965191701101,2024,1,0.0,2310.0,2310.0,0.0
9511009059202251711101,2024,1,0.0,2300.0,2300.0,0.0
9515000063192281701101,2024,1,0.0,2310.0,2310.0,0.0
9530401079725321801101,2024,0,,,,
9580001034210831701101,2024,0,,,,
9595587430801101701101,2024,0,,,,
9606334880515611801102,2024,0,,,,
9607280114096591701102,2024,1,0.0,2310.0,2310.0,0.0
9613007062998431801102,2024,0,,,,
9702347150212811701101,2024,0,,,,
9717009024118171701101,2024,0,0.0,,,
9760631095353851701102,2024,0,,,,
9804060710257161701102,2024,0,0.0,2310.0,2310.0,
9804430680411301801102,2024,0,,,,
9809480914039601701102,2024,1,0.0,2310.0,2310.0,0.0
9830701020904801701102,2024,1,0.0,2310.0,2310.0,0.0
9886280210900111701102,2024,1,0.0,2310.0,2310.0,0.0
9901551620113111801102,2024,0,,,,
9902114490719301701102,2024,1,0.0,2310.0,2310.0,0.0
9902455250818501701102,2024,1,0.0,2310.0,2310.0,0.0
9905250912075041701101,2024,0,,,,
9919003080255211711101,2024,0,1.0,440.0,2205.0,
9970701031442681701101,2024,0,0.0,,,
9973487440900151701102,2024,1,0.0,2310.0,2310.0,0.0
