pid,pre,post,full,n_pre_obs,n_pre_T,pre_flips
000023408025621|83001|1,TTT.,....,TTT.-....,3,3,0
000167099104899|82001|2,TTET,T...,TTET-T...,4,3,2
000243260968990|83001|2,ETTT,....,ETTT-....,4,3,1
000564096608309|79001|1,TTTT,TTTT,TTTT-TTTT,4,4,0
000636071134039|82001|1,TTTT,T...,TTTT-T...,4,4,0
000663096608389|79001|1,TTTT,TTTT,TTTT-TTTT,4,4,0
000664096636309|80001|1,T..E,.EEE,T..E-.EEE,2,1,1
000784096605309|80001|1,EEET,.EEE,EEET-.EEE,4,1,1
000784096605309|80001|2,TTNT,.TTT,TTNT-.TTT,4,3,2
000892300798991|83001|2,TTTT,....,TTTT-....,4,4,0
000893180998991|82001|1,TTTT,T.EE,TTTT-T.EE,4,4,0
000893480018901|83001|1,TTTT,....,TTTT-....,4,4,0
000893540998991|80001|2,ETTT,TTTT,ETTT-TTTT,4,3,1
000915068833164|83001|1,TTTT,....,TTTT-....,4,4,0
000932510697399|81001|2,TTTT,TTTT,TTTT-TTTT,4,4,0
000936061128034|83001|2,T...,....,T...-....,1,1,0
000954075351889|82001|2,TTTT,TTTT,TTTT-TTTT,4,4,0
000967099157899|79001|1,TTUN,....,TTUN-....,4,2,2
000984096633309|82001|2,TTTT,TT..,TTTT-TT..,4,4,0
000994095311889|81001|1,TTTT,TTTT,TTTT-TTTT,4,4,0
000996071107039|82001|1,TNNN,....,TNNN-....,4,1,1
001002493109026|83001|1,NETN,....,NETN-....,4,1,3
001002493109026|83001|6,NETN,....,NETN-....,4,1,3
001003363106467|82001|1,TTTT,EEEE,TTTT-EEEE,4,4,0
001141062909379|87001|1,T...,....,T...-....,1,1,0
001453570997591|81001|2,TTTT,TTTT,TTTT-TTTT,4,4,0
001601033941228|81001|2,TTTT,TTTT,TTTT-TTTT,4,4,0
001604580993992|83001|1,TTTT,....,TTTT-....,4,4,0
001642570994297|81001|1,TTTT,TTTT,TTTT-TTTT,4,4,0
001700862897484|81001|2,TTTT,NNNN,TTTT-NNNN,4,4,0
001708842595484|81001|2,TTTT,TTTT,TTTT-TTTT,4,4,0
001903151899980|80001|1,TTTT,TTTT,TTTT-TTTT,4,4,0
001903903599786|82001|1,EETT,EEEE,EETT-EEEE,4,2,1
001905743899826|80001|1,TTTT,TTTT,TTTT-TTTT,4,4,0
001906691375777|83001|2,TTTT,....,TTTT-....,4,4,0
001906693895770|80001|1,TTTT,TTTT,TTTT-TTTT,4,4,0
001962640781695|80001|1,TTTT,....,TTTT-....,4,4,0
001962840981695|80001|2,TTTT,..TT,TTTT-..TT,4,4,0
001963510991695|82001|1,TTTT,....,TTTT-....,4,4,0
001965230111605|87001|1,T...,....,T...-....,1,1,0
001965230761695|80001|2,TT..,....,TT..-....,2,2,0
002111430010608|81001|1,TTTT,TTTT,TTTT-TTTT,4,4,0
002281043908496|81001|2,NNNT,.UNE,NNNT-.UNE,4,1,1
002291560996298|83001|1,TTTT,....,TTTT-....,4,4,0
002601470017600|80001|2,TTTT,TTTT,TTTT-TTTT,4,4,0
002601470017600|82001|2,TTTT,T...,TTTT-T...,4,4,0
002603710999132|82001|1,TTTT,NN..,TTTT-NN..,4,4,0
002603710999132|82001|2,TTTT,NN..,TTTT-NN..,4,4,0
002604171991109|81001|1,TTTT,TTTT,TTTT-TTTT,4,4,0
002604852992839|83001|1,TTTT,....,TTTT-....,4,4,0
002606355995163|83001|3,TTTT,....,TTTT-....,4,4,0
002606595996176|81001|2,TTTT,TTTT,TTTT-TTTT,4,4,0
002606595996176|81001|3,UEUT,....,UEUT-....,4,1,3
002606912993943|81001|2,TTTT,TTTT,TTTT-TTTT,4,4,0
002609163998097|87001|2,T...,....,T...-....,1,1,0
002632410018106|82001|1,TTTT,....,TTTT-....,4,4,0
002900790295726|83001|1,TTTT,....,TTTT-....,4,4,0
002900795995725|83001|1,TTTT,....,TTTT-....,4,4,0
002900863997484|87001|1,T...,....,T...-....,1,1,0
002901125990964|80001|2,TTTT,EEEE,TTTT-EEEE,4,4,0
002903054993006|83001|1,TTTT,....,TTTT-....,4,4,0
002904921993606|87001|1,T...,....,T...-....,1,1,0
002904922993601|81001|1,TTTT,TTTT,TTTT-TTTT,4,4,0
002906274994525|83001|2,ETEE,....,ETEE-....,4,1,2
002944570996397|80001|2,TTTT,TTTT,TTTT-TTTT,4,4,0
003055151080950|79001|1,TTT.,TTTT,TTT.-TTTT,3,3,0
003160210986194|87001|2,T...,....,T...-....,1,1,0
003173460950091|82001|1,TEEE,E...,TEEE-E...,4,1,1
003175160990091|83001|1,TT..,....,TT..-....,2,2,0
003280520990099|81001|2,TT.T,EEEU,TT.T-EEEU,3,3,0
003280520990099|82001|2,TTTT,....,TTTT-....,4,4,0
003550180992391|80001|2,TTEN,TTTT,TTEN-TTTT,4,2,2
003719084909363|80001|1,TTTT,TTTT,TTTT-TTTT,4,4,0
003719084909363|82001|1,NNNT,N...,NNNT-N...,4,1,1
003906913593942|83001|1,T...,....,T...-....,1,1,0
004003909097671|81001|2,TTTT,EEEE,TTTT-EEEE,4,4,0
004007600060831|83001|2,TT..,....,TT..-....,2,2,0
004031704067601|82001|5,ETTT,....,ETTT-....,4,3,1
004430790771694|83001|1,TT..,....,TT..-....,2,2,0
004431600911694|80001|2,TTTT,TTTT,TTTT-TTTT,4,4,0
004432840981694|82001|2,TTTE,....,TTTE-....,4,3,1
004433320921694|83001|1,TTTT,....,TTTT-....,4,4,0
004601440993335|83001|1,TTTT,....,TTTT-....,4,4,0
004606591996176|82001|1,TTTT,E...,TTTT-E...,4,4,0
004606591996176|82001|2,TTTT,T...,TTTT-T...,4,4,0
004662044909494|82001|1,T...,E...,T...-E...,1,1,0
004673870985394|80001|1,TTTT,....,TTTT-....,4,4,0
004703152999984|80001|1,TTNT,NNNT,TTNT-NNNT,4,3,2
004704891797569|81001|1,TTTT,TTTT,TTTT-TTTT,4,4,0
004704891797569|83001|2,TTTT,....,TTTT-....,4,4,0
004705293999103|80001|1,TTTT,UTTT,TTTT-UTTT,4,4,0
004705364795981|83001|1,TTTT,....,TTTT-....,4,4,0
004706274994526|82001|2,TTTT,T...,TTTT-T...,4,4,0
004706910793949|83001|1,EEET,....,EEET-....,4,1,1
004900905791911|81001|2,TTTT,TTTT,TTTT-TTTT,4,4,0
004906513496084|83001|2,NNTT,....,NNTT-....,4,2,1
004934240751893|81001|2,TTTT,TTTT,TTTT-TTTT,4,4,0
004934640761893|79001|1,TTTT,TTTT,TTTT-TTTT,4,4,0
004974880932499|79001|2,TTTN,TTTT,TTTN-TTTT,4,3,1
005004864103007|81001|2,ETTT,....,ETTT-....,4,3,1
005005365105983|80001|1,TTTT,EEEE,TTTT-EEEE,4,4,0
005005365105983|82001|2,ETTT,....,ETTT-....,4,3,1
005005402031131|81001|2,TTTT,EEEE,TTTT-EEEE,4,4,0
005009904108656|83001|2,TTTT,....,TTTT-....,4,4,0
005023607049641|82001|2,TT.T,.T..,TT.T-.T..,3,3,0
005023607049641|83001|1,EETT,....,EETT-....,4,2,1
005033160923090|80001|1,TTTT,TTT.,TTTT-TTT.,4,4,0
005033160923090|80001|2,TTTT,TTT.,TTTT-TTT.,4,4,0
005037304092691|79001|1,TTTT,TTTT,TTTT-TTTT,4,4,0
005037304092691|82001|1,TTTT,....,TTTT-....,4,4,0
005045307026911|80001|1,TTTT,TTTT,TTTT-TTTT,4,4,0
005045307026911|83001|1,TTTT,....,TTTT-....,4,4,0
005100260933194|81001|2,TTTT,TTNN,TTTT-TTNN,4,4,0
005222350991595|82001|1,T...,....,T...-....,1,1,0
005222350991595|82001|2,T...,....,T...-....,1,1,0
005222350991595|83001|2,EEET,....,EEET-....,4,1,1
005223630961595|81001|1,TTTT,TTUT,TTTT-TTUT,4,4,0
005571700794693|79001|1,TTTT,..EE,TTTT-..EE,4,4,0
005573850984693|81001|1,TTT.,....,TTT.-....,3,3,0
005590580798897|83001|2,NNTT,....,NNTT-....,4,2,1
005615250988797|82001|2,TTTT,TTT.,TTTT-TTT.,4,4,0
005706102899534|80001|1,TT..,EEEE,TT..-EEEE,2,2,0
005723140973398|83001|2,TTTT,....,TTTT-....,4,4,0
005732170999297|80001|2,NTNN,NTN.,NTNN-NTN.,4,1,2
005733300999297|83001|1,TNNN,....,TNNN-....,4,1,1
005734520999297|82001|1,TTTT,....,TTTT-....,4,4,0
005761570993598|80001|1,NNTT,EEEE,NNTT-EEEE,4,2,1
005764380993598|80001|1,TTTT,EEEE,TTTT-EEEE,4,4,0
005822550998696|80001|1,EE.T,..E.,EE.T-..E.,3,1,1
005900903591916|80001|1,TTTT,TTTT,TTTT-TTTT,4,4,0
005902082890764|82001|1,ETUN,....,ETUN-....,4,1,3
005903903699786|82001|1,TTTT,....,TTTT-....,4,4,0
005906951599682|81001|1,TTTT,TTNT,TTTT-TTNT,4,4,0
005951025908466|80001|1,TTTT,TTTT,TTTT-TTTT,4,4,0
005993890955892|80001|1,TTTT,TTTT,TTTT-TTTT,4,4,0
005995140995892|82001|1,TTTT,TTTT,TTTT-TTTT,4,4,0
005995740695892|80001|2,TTTT,TTTT,TTTT-TTTT,4,4,0
006046605051492|83001|1,TTT.,....,TTT.-....,3,3,0
006046605051492|83001|2,TTT.,....,TTT.-....,3,3,0
006093900029201|80001|1,TTTT,TTTT,TTTT-TTTT,4,4,0
006374480014504|82001|2,TTTT,....,TTTT-....,4,4,0
006374780694594|80001|1,TTTT,TTTT,TTTT-TTTT,4,4,0
006461430018802|83001|2,TTTT,....,TTTT-....,4,4,0
006501180995191|82001|1,TTTT,TTTT,TTTT-TTTT,4,4,0
006501180995191|83001|2,TTTT,....,TTTT-....,4,4,0
006604922993603|80001|2,TTTT,TTTT,TTTT-TTTT,4,4,0
006608054993377|83001|1,TTT.,....,TTT.-....,3,3,0
006702171990169|81001|2,TTTT,TTTT,TTTT-TTTT,4,4,0
006702171990169|83001|1,TTT.,....,TTT.-....,3,3,0
006706911993945|79001|1,TTTT,TTTT,TTTT-TTTT,4,4,0
006892560991795|81001|1,TTTT,TTTT,TTTT-TTTT,4,4,0
006902223993960|80001|1,TTTT,TTTT,TTTT-TTTT,4,4,0
006902694998408|80001|2,TTTT,TTTT,TTTT-TTTT,4,4,0
006902694998408|83001|1,NNT.,....,NNT.-....,3,1,1
006903164498068|82001|1,TTTT,....,TTTT-....,4,4,0
006903364996468|81001|2,TTTT,EEEE,TTTT-EEEE,4,4,0
006903941994958|82001|3,TT.T,....,TT.T-....,3,3,0
006903943994957|81001|2,TTTT,TTTT,TTTT-TTTT,4,4,0
006904082990318|81001|2,TEEE,EEE.,TEEE-EEE.,4,1,1
006904113990467|79001|1,TTTT,TTTT,TTTT-TTTT,4,4,0
006904113990467|81001|1,NTTT,....,NTTT-....,4,3,1
006904221996723|83001|1,TTT.,....,TTT.-....,3,3,0
006905292499105|80001|1,TTTT,TTTT,TTTT-TTTT,4,4,0
006905293799108|81001|2,TEEE,TEEE,TEEE-TEEE,4,1,1
006905810994348|80001|1,TTTT,TTTT,TTTT-TTTT,4,4,0
006905810994348|83001|1,TTT.,....,TTT.-....,3,3,0
006909902998658|79001|2,TTTT,.TTT,TTTT-.TTT,4,4,0
006909902998658|83001|2,TTT.,....,TTT.-....,3,3,0
007001139420890|83001|1,TTNT,....,TTNT-....,4,3,2
007003155109984|81001|1,TTTT,EEEE,TTTT-EEEE,4,4,0
007004125100180|79001|2,T...,....,T...-....,1,1,0
007005608007671|81001|1,TTTT,TTTT,TTTT-TTTT,4,4,0
007005608007671|81001|2,TTTT,TTTT,TTTT-TTTT,4,4,0
007007104100447|82001|2,TTTT,....,TTTT-....,4,4,0
007007340300576|82001|1,TTTT,....,TTTT-....,4,4,0
007007340300576|82001|2,TTTT,....,TTTT-....,4,4,0
007011590994191|82001|2,ENTT,....,ENTT-....,4,2,2
007012360994191|80001|2,TTTT,TTTT,TTTT-TTTT,4,4,0
007012370974191|81001|3,TTTT,TTTT,TTTT-TTTT,4,4,0
007025306047591|80001|1,TTTT,NTTT,TTTT-NTTT,4,4,0
007038504000671|79001|1,TTTT,TTTT,TTTT-TTTT,4,4,0
007096105060270|82001|1,TTT.,....,TTT.-....,3,3,0
007240460010308|82001|1,T.TT,T...,T.TT-T...,3,3,0
007243400010308|80001|1,TTTT,TTTT,TTTT-TTTT,4,4,0
007281160997997|82001|2,TTTT,EE..,TTTT-EE..,4,4,0
007281820017907|83001|2,T...,....,T...-....,1,1,0
007284700697997|83001|1,TT..,....,TT..-....,2,2,0
007284850017907|79001|2,TTTT,TTT.,TTTT-TTT.,4,4,0
007575210017800|82001|2,TTTT,TTT.,TTTT-TTT.,4,4,0
007604852942831|79001|1,TNNN,NNNN,TNNN-NNNN,4,1,1
007800460902198|82001|1,TTTT,T...,TTTT-T...,4,4,0
007802570792198|80001|1,NTTT,NTTT,NTTT-NTTT,4,3,1
007804270982198|80001|1,TEEE,TTEE,TEEE-TTEE,4,1,1
007804500692198|81001|2,TTTT,TTTT,TTTT-TTTT,4,4,0
007900971092252|83001|1,TT..,....,TT..-....,2,2,0
007901033891224|79001|2,EETT,EEEE,EETT-EEEE,4,2,1
007904921893606|82001|2,TTTT,....,TTTT-....,4,4,0
007904924893600|82001|1,TTTT,....,TTTT-....,4,4,0
007907340590576|83001|3,TT..,....,TT..-....,2,2,0
007908694893992|79001|2,TTTT,TTTT,TTTT-TTTT,4,4,0
007908694893992|82001|2,TTTT,....,TTTT-....,4,4,0
008045700085671|81001|2,TT..,....,TT..-....,2,2,0
008097142380270|81001|1,TTTT,TTTT,TTTT-TTTT,4,4,0
008412300994697|80001|1,NTTT,TTTT,NTTT-TTTT,4,3,1
008412300994697|83001|2,NNTE,....,NNTE-....,4,1,2
008522590998290|80001|2,TTTT,TTTT,TTTT-TTTT,4,4,0
008523860988290|83001|1,T...,....,T...-....,1,1,0
008524310998290|81001|1,TTTT,TTTT,TTTT-TTTT,4,4,0
008603945994951|80001|1,TTTT,TTTT,TTTT-TTTT,4,4,0
008606574992557|83001|2,T...,....,T...-....,1,1,0
008609970995621|81001|1,TTTT,TTTT,TTTT-TTTT,4,4,0
008900861977487|81001|1,TTTT,TTTT,TTTT-TTTT,4,4,0
008900861977487|81001|2,TTTT,TTTT,TTTT-TTTT,4,4,0
008902082990765|79001|3,TTTT,....,TTTT-....,4,4,0
008902491999022|80001|1,TTTT,TTTT,TTTT-TTTT,4,4,0
008902491999022|81001|1,TTTT,TTTT,TTTT-TTTT,4,4,0
008904855992830|80001|2,TTTT,TTTT,TTTT-TTTT,4,4,0
008906951999682|82001|1,TTTT,....,TTTT-....,4,4,0
008909231994729|81001|2,TTTT,TTTT,TTTT-TTTT,4,4,0
009010163120490|83001|2,TTNT,....,TTNT-....,4,3,2
009017304098421|81001|2,T.T.,.TTT,T.T.-.TTT,2,2,0
009026123140620|81001|2,TTTN,TTTN,TTTN-TTTN,4,3,1
009084280982694|80001|2,TTTT,TTTT,TTTT-TTTT,4,4,0
009204570993999|81001|1,TTTT,TTTT,TTTT-TTTT,4,4,0
009393570997490|80001|2,TTTT,....,TTTT-....,4,4,0
009661790692196|83001|2,TT..,....,TT..-....,2,2,0
009664140972196|80001|3,TTTN,....,TTTN-....,4,3,1
009664840782196|81001|1,TTTT,NNNN,TTTT-NNNN,4,4,0
009665200782196|83001|2,TTTT,....,TTTT-....,4,4,0
009665400982196|81001|1,NTNN,....,NTNN-....,4,1,2
009833570694594|83001|2,TTTT,....,TTTT-....,4,4,0
009931190698994|83001|2,TTTT,....,TTTT-....,4,4,0
009933760978994|79001|2,TTTT,TTTT,TTTT-TTTT,4,4,0
009934520998994|81001|2,TT..,TTTT,TT..-TTTT,2,2,0
010010380990999|81001|2,TTTT,T...,TTTT-T...,4,4,0
010013460980999|81001|3,TN..,....,TN..-....,2,1,1
010013460980999|83001|1,TTTT,....,TTTT-....,4,4,0
010015310990999|83001|3,TTT.,....,TTT.-....,3,3,0
010053139120650|80001|1,TTTT,TTTT,TTTT-TTTT,4,4,0
010053139120650|80001|2,TTTT,TTTT,TTTT-TTTT,4,4,0
010061123240120|82001|2,TTTT,T...,TTTT-T...,4,4,0
010061305075841|82001|2,TTTT,TTTT,TTTT-TTTT,4,4,0
010081092909967|81001|2,NTTN,....,NTTN-....,4,2,2
010192012504960|83001|1,TTTT,....,TTTT-....,4,4,0
010220760944896|80001|3,TTTT,TTTT,TTTT-TTTT,4,4,0
010260049080084|82001|2,NTTN,....,NTTN-....,4,2,2
010610904480161|79001|2,TTTT,TTTT,TTTT-TTTT,4,4,0
010634280695991|87001|2,T...,....,T...-....,1,1,0
010702092557969|80001|2,TTTT,TTTT,TTTT-TTTT,4,4,0
010724580697695|82001|2,TTTT,....,TTTT-....,4,4,0
010724670967695|81001|2,TTTT,NNNN,TTTT-NNNN,4,4,0
010800061652219|80001|1,TTTT,EEEE,TTTT-EEEE,4,4,0
010842072546969|79001|2,TTTT,T...,TTTT-T...,4,4,0
010910910630082|82001|2,TTTT,....,TTTT-....,4,4,0
010917094151689|80001|1,TTTT,EEE.,TTTT-EEE.,4,4,0
010932062528964|79001|1,TTTT,EEEE,TTTT-EEEE,4,4,0
010950342990182|79001|1,TNNN,NNNN,TNNN-NNNN,4,1,1
010977075123729|83001|2,EE.T,....,EE.T-....,3,1,1
010977092333999|80001|2,TTTT,TTTT,TTTT-TTTT,4,4,0
010987092943479|81001|1,TNNN,NTNT,TNNN-NTNT,4,1,1
010987092943479|81001|2,NTTT,TNEN,NTTT-TNEN,4,3,1
010992072507969|79001|2,TTTT,TTTT,TTTT-TTTT,4,4,0
011013126260000|80001|2,TTTT,UUTT,TTTT-UUTT,4,4,0
011014126060000|80001|1,TTTT,TTTT,TTTT-TTTT,4,4,0
011016126180000|83001|1,T...,....,T...-....,1,1,0
011033107380000|82001|1,TTTT,....,TTTT-....,4,4,0
011175850982996|83001|1,T...,....,T...-....,1,1,0
011214110997494|80001|1,TTTT,EENN,TTTT-EENN,4,4,0
011293180697799|80001|2,TTTT,TTTT,TTTT-TTTT,4,4,0
011294520997799|80001|2,TTTT,TTTT,TTTT-TTTT,4,4,0
011294520997799|83001|1,TTTT,....,TTTT-....,4,4,0
011294520997799|83001|3,TTTT,....,TTTT-....,4,4,0
011295260697799|80001|1,EETE,EEEE,EETE-EEEE,4,1,2
011341520991297|83001|2,TTTT,....,TTTT-....,4,4,0
011343660961297|83001|2,TTT.,....,TTT.-....,3,3,0
011343660961297|83001|3,TTT.,....,TTT.-....,3,3,0
011343660961297|83001|4,TTT.,....,TTT.-....,3,3,0
011395569600693|82001|2,TTTT,TTTT,TTTT-TTTT,4,4,0
011483340012306|81001|2,TTTT,EEEE,TTTT-EEEE,4,4,0
011740540924895|81001|1,TTTU,TTTT,TTTU-TTTT,4,3,1
011741190994895|82001|2,TTTT,TTTT,TTTT-TTTT,4,4,0
011741590797694|81001|2,EENT,EEEE,EENT-EEEE,4,1,2
011743230984895|80001|3,ENTN,NNNN,ENTN-NNNN,4,1,3
011743250014805|80001|1,TTTT,TTTT,TTTT-TTTT,4,4,0
011743360994895|83001|1,TTTT,....,TTTT-....,4,4,0
011800340995392|82001|2,TTTT,TT..,TTTT-TT..,4,4,0
011804800695342|83001|1,T...,....,T...-....,1,1,0
012311780699894|80001|2,TTTT,TTTT,TTTT-TTTT,4,4,0
012313860969894|81001|3,TTEE,EEEE,TTEE-EEEE,4,2,1
012772250982692|83001|3,TTTN,....,TTTN-....,4,3,1
012772750972692|80001|2,TTTT,TTTT,TTTT-TTTT,4,4,0
012772750972692|82001|1,TTTT,....,TTTT-....,4,4,0
012772750972692|82001|2,TTTT,....,TTTT-....,4,4,0
012773660962692|80001|3,TTTT,....,TTTT-....,4,4,0
012775260012602|80001|2,TTTT,TTTT,TTTT-TTTT,4,4,0
012775560692692|80001|1,TTTT,TTTT,TTTT-TTTT,4,4,0
012775560692692|80001|2,TTTT,TTTT,TTTT-TTTT,4,4,0
012842830781193|80001|1,TTTT,TTTT,TTTT-TTTT,4,4,0
012893560014201|82001|1,TTTT,....,TTTT-....,4,4,0
012893560014201|82001|2,TTTT,....,TTTT-....,4,4,0
013003760900114|83001|1,TTTT,....,TTTT-....,4,4,0
013003760900114|83001|2,TTTT,....,TTTT-....,4,4,0
013007115240510|81001|1,TTTT,TTTT,TTTT-TTTT,4,4,0
013018083409665|82001|2,TTTT,TT..,TTTT-TT..,4,4,0
013043052909773|82001|1,TTTT,NNN.,TTTT-NNN.,4,4,0
013270149400674|82001|1,TTTT,EEEE,TTTT-EEEE,4,4,0
013291890115609|80001|2,TTTT,TTTT,TTTT-TTTT,4,4,0
013294560995699|83001|1,TTTT,....,TTTT-....,4,4,0
013392659300833|81001|2,TTTT,....,TTTT-....,4,4,0
013392659300833|82001|1,TTTT,....,TTTT-....,4,4,0
013480025908996|80001|1,TTTT,TTTT,TTTT-TTTT,4,4,0
013480025908996|81001|1,EE.T,EEEE,EE.T-EEEE,3,1,1
013602180990698|82001|2,TTTT,TTTT,TTTT-TTTT,4,4,0
013604770690698|80001|2,ETEE,UUUU,ETEE-UUUU,4,1,2
013823160692799|82001|1,TTTT,EEEE,TTTT-EEEE,4,4,0
013823160692799|83001|1,TTTT,....,TTTT-....,4,4,0
013825750792799|82001|1,TTTT,....,TTTT-....,4,4,0
014023104075951|83001|1,TTTT,....,TTTT-....,4,4,0
014057148460190|82001|1,TTTT,....,TTTT-....,4,4,0
014089145280180|83001|1,T...,....,T...-....,1,1,0
014091230014700|82001|2,TTTT,TTT.,TTTT-TTT.,4,4,0
014406460500144|82001|1,TTTN,EEEE,TTTN-EEEE,4,3,1
014490380778096|80001|1,TTTT,TTTT,TTTT-TTTT,4,4,0
014491100778096|83001|2,TTTT,....,TTTT-....,4,4,0
014492330118006|81001|2,TTTT,TTTT,TTTT-TTTT,4,4,0
014492540798096|81001|1,TTTT,TTTT,TTTT-TTTT,4,4,0
014493340978096|80001|1,TT.T,TNTT,TT.T-TNTT,3,3,0
014544048909596|81001|1,T...,....,T...-....,1,1,0
014591390990195|80001|1,TTNT,TTTT,TTNT-TTTT,4,3,2
014591390990195|82001|1,TTTT,TT..,TTTT-TT..,4,4,0
014591390990195|83001|2,TTTT,....,TTTT-....,4,4,0
014763870010307|80001|1,TTTT,....,TTTT-....,4,4,0
014934280985681|81001|2,TTTT,EEEE,TTTT-EEEE,4,4,0
015107780800167|83001|1,TTNN,....,TTNN-....,4,2,1
015252086909690|79001|4,TEEE,EEEE,TEEE-EEEE,4,1,1
015401002909176|87001|2,T...,....,T...-....,1,1,0
015542350997393|80001|1,TTTT,....,TTTT-....,4,4,0
015544580697393|83001|2,TTTT,....,TTTT-....,4,4,0
015544760697393|83001|2,TT..,....,TT..-....,2,2,0
015545250987393|82001|2,TTTT,TTT.,TTTT-TTT.,4,4,0
015572860019706|82001|1,TTTT,....,TTTT-....,4,4,0
015591820988590|81001|2,TTTT,TTTT,TTTT-TTTT,4,4,0
015604580995399|83001|2,TTTT,....,TTTT-....,4,4,0
015752430690944|83001|1,NNTT,....,NNTT-....,4,2,1
015754840750994|82001|1,TTTT,....,TTTT-....,4,4,0
015755300970994|82001|2,NNNT,TT..,NNNT-TT..,4,1,1
015842360999696|82001|1,TTTT,TT..,TTTT-TT..,4,4,0
015842360999696|82001|3,TTTT,TT..,TTTT-TT..,4,4,0
015930350996592|83001|2,NTTT,....,NTTT-....,4,3,1
015950590991493|81001|4,TTTT,EEEE,TTTT-EEEE,4,4,0
015953430691443|81001|1,TTTT,....,TTTT-....,4,4,0
015953850981493|81001|2,TTTT,TTTT,TTTT-TTTT,4,4,0
016092500993199|81001|1,TTTT,T..E,TTTT-T..E,4,4,0
016092560693199|80001|1,TTTT,TTTT,TTTT-TTTT,4,4,0
016094250013109|87001|1,T...,....,T...-....,1,1,0
016094850113109|82001|1,TTTT,....,TTTT-....,4,4,0
016098559600890|80001|1,TTTT,TTT.,TTTT-TTT.,4,4,0
016143330978293|81001|1,TTTT,TTTT,TTTT-TTTT,4,4,0
016143830968293|80001|1,TTTT,TTTT,TTTT-TTTT,4,4,0
016460260969492|82001|2,TTTT,TTE.,TTTT-TTE.,4,4,0
016460660959472|81001|2,TNNN,EEET,TNNN-EEET,4,1,1
016460860019402|83001|1,T...,....,T...-....,1,1,0
016501120970897|83001|1,TTTT,....,TTTT-....,4,4,0
016520280788498|82001|1,TTTT,TTT.,TTTT-TTT.,4,4,0
016520280788498|82001|2,TTTT,TTT.,TTTT-TTT.,4,4,0
016520590798498|83001|1,TTT.,....,TTT.-....,3,3,0
016559460969304|82001|2,TTTT,....,TTTT-....,4,4,0
016644880985594|83001|2,T...,....,T...-....,1,1,0
016694400694749|82001|1,TTTT,T...,TTTT-T...,4,4,0
016710860985093|83001|1,T...,....,T...-....,1,1,0
016711320975093|82001|2,TTTT,....,TTTT-....,4,4,0
016732870017309|80001|2,TTTT,EEEE,TTTT-EEEE,4,4,0
016824500693399|83001|1,ETTE,....,ETTE-....,4,2,2
016844200690992|87001|2,T...,....,T...-....,1,1,0
016893560992597|83001|1,TTTT,....,TTTT-....,4,4,0
016893560992597|83001|2,TTTT,....,TTTT-....,4,4,0
017015504077841|83001|1,TTTT,....,TTTT-....,4,4,0
017015504077841|83001|2,TTTT,....,TTTT-....,4,4,0
017059126480900|79001|1,TTET,EEEE,TTET-EEEE,4,3,2
017434180998796|81001|1,TTTT,....,TTTT-....,4,4,0
017434480018706|83001|2,TTTT,....,TTTT-....,4,4,0
017612170993897|81001|2,TTTT,T.T.,TTTT-T.T.,4,4,0
017834580999199|80001|2,TEEE,EEEE,TEEE-EEEE,4,1,1
018023101140060|82001|1,TTTT,T...,TTTT-T...,4,4,0
018041172460760|82001|2,TTTT,....,TTTT-....,4,4,0
018151870984894|79001|1,TTTN,NNNN,TTTN-NNNN,4,3,1
018198229700877|82001|1,NTTT,TTNN,NTTT-TTNN,4,3,1
018391259100544|80001|2,TTTT,TTTN,TTTT-TTTN,4,4,0
018391259100544|81001|1,TTTT,E...,TTTT-E...,4,4,0
018392390994292|80001|1,TTTT,TTTT,TTTT-TTTT,4,4,0
018592510698795|81001|3,TTTT,TTTT,TTTT-TTTT,4,4,0
019034188260450|81001|2,TTTT,TTTT,TTTT-TTTT,4,4,0
019094185580620|80001|1,T...,....,T...-....,1,1,0
019094185580620|82001|1,TTTT,....,TTTT-....,4,4,0
019094185580620|82001|2,TTTT,....,TTTT-....,4,4,0
019098829900861|80001|2,TTTT,....,TTTT-....,4,4,0
019098829900861|82001|1,TTTT,TTTT,TTTT-TTTT,4,4,0
019341130971698|82001|2,TTTT,TTTT,TTTT-TTTT,4,4,0
019344120691698|81001|1,TTTT,TTTT,TTTT-TTTT,4,4,0
019344880981698|79001|1,TTTT,....,TTTT-....,4,4,0
019394959600508|81001|1,TTTT,TTTT,TTTT-TTTT,4,4,0
019394959600508|83001|3,EUTT,....,EUTT-....,4,2,2
019400364410961|80001|2,TTTT,TTTT,TTTT-TTTT,4,4,0
019400364410961|81001|1,TTTT,TTTT,TTTT-TTTT,4,4,0
019400364410961|81001|2,TTTT,TTTT,TTTT-TTTT,4,4,0
019500710693096|82001|2,TTTT,....,TTTT-....,4,4,0
020052125140160|80001|1,TTUN,....,TTUN-....,4,2,2
020067182130820|82001|1,TTTT,TT..,TTTT-TT..,4,4,0
020094799100919|87001|2,T...,....,T...-....,1,1,0
020198609900934|87001|2,T...,....,T...-....,1,1,0
020212430691941|83001|2,TTTT,....,TTTT-....,4,4,0
020215710691991|81001|2,NNTT,NNNT,NNTT-NNNT,4,2,1
020241470019604|80001|1,TTTT,EETT,TTTT-EETT,4,4,0
020244120979694|81001|1,TTTT,TTTT,TTTT-TTTT,4,4,0
020245510999694|81001|2,TTUT,TTTT,TTUT-TTTT,4,3,2
020291699600989|83001|2,TTTT,....,TTTT-....,4,4,0
020295189400966|87001|2,T...,....,T...-....,1,1,0
020311220987492|83001|1,TTTT,....,TTTT-....,4,4,0
020420860014901|80001|1,ETTT,EEEE,ETTT-EEEE,4,3,1
020420860014901|80001|2,TTEE,TTTT,TTEE-TTTT,4,2,1
020425094337319|80001|2,TTTT,TTTT,TTTT-TTTT,4,4,0
020453500698298|83001|1,ETTT,....,ETTT-....,4,3,1
020525094346319|81001|2,T...,....,T...-....,1,1,0
020616095854129|82001|2,TTTT,T...,TTTT-T...,4,4,0
020655094318318|79001|4,TTTT,NNNN,TTTT-NNNN,4,4,0
020795360795895|82001|1,TTTT,TT..,TTTT-TT..,4,4,0
020837093516159|81001|1,NUUT,E.EE,NUUT-E.EE,4,1,2
020862170992590|80001|1,TTTT,TTNT,TTTT-TTNT,4,4,0
020902095908996|81001|1,TTUN,TTTT,TTUN-TTTT,4,2,2
020905064357319|80001|1,TTTT,TTTT,TTTT-TTTT,4,4,0
020905064357319|80001|2,TTTT,TTTT,TTTT-TTTT,4,4,0
020905094313319|81001|1,TTTT,EEEE,TTTT-EEEE,4,4,0
020918093431469|80001|1,TTTT,TTTT,TTTT-TTTT,4,4,0
020932091417929|82001|2,TTTT,....,TTTT-....,4,4,0
020935094353319|81001|2,TTTT,TTTT,TTTT-TTTT,4,4,0
020937093511159|80001|1,T...,....,T...-....,1,1,0
020945074345319|83001|1,TTTT,....,TTTT-....,4,4,0
020958063433469|82001|1,TTTT,TT..,TTTT-TT..,4,4,0
020972071425929|82001|2,NTTT,....,NTTT-....,4,3,1
020980090341989|82001|3,TTTT,TTTT,TTTT-TTTT,4,4,0
020986075805129|81001|2,TTEE,EEEE,TTEE-EEEE,4,2,1
021011130996590|81001|3,N.TN,NEEE,N.TN-NEEE,3,1,2
021015510694990|83001|1,TTTT,....,TTTT-....,4,4,0
021018087001605|80001|2,TTTT,TTTT,TTTT-TTTT,4,4,0
021171690119306|79001|2,TTTT,TTTT,TTTT-TTTT,4,4,0
021184820982395|81001|3,TTTT,TTTT,TTTT-TTTT,4,4,0
021271330995794|80001|1,NTTT,TTTT,NTTT-TTTT,4,3,1
021274100695794|83001|2,TTTT,....,TTTT-....,4,4,0
021438002902795|81001|1,TTTT,....,TTTT-....,4,4,0
021455043905898|80001|2,UUTT,....,UUTT-....,4,2,1
021483800699597|82001|1,TTTT,....,TTTT-....,4,4,0
021483860019507|83001|1,T...,....,T...-....,1,1,0
021555027908193|82001|1,TTTT,....,TTTT-....,4,4,0
021571880018804|80001|1,TTTT,TTTT,TTTT-TTTT,4,4,0
021654240919092|81001|1,TTTT,TTTT,TTTT-TTTT,4,4,0
021722690683498|81001|1,TTTT,TTNT,TTTT-TTNT,4,4,0
021742360999499|81001|2,TTTT,TTTT,TTTT-TTTT,4,4,0
022000560949491|82001|1,TTTT,....,TTTT-....,4,4,0
022000860989491|82001|2,TTTT,....,TTTT-....,4,4,0
022087184260130|82001|2,TTTT,....,TTTT-....,4,4,0
022243360999091|81001|1,TTT.,.TTT,TTT.-.TTT,3,3,0
022245830019001|83001|1,T...,....,T...-....,1,1,0
022520860901399|80001|1,TTNN,NNUN,TTNN-NNUN,4,2,1
022521320991399|81001|2,EETE,EEEU,EETE-EEEU,4,1,2
022801370973299|83001|1,TTTT,....,TTTT-....,4,4,0
022801870963299|83001|1,T...,....,T...-....,1,1,0
023012450931092|82001|1,TTTT,T...,TTTT-T...,4,4,0
023012450931092|82001|2,TTTT,T...,TTTT-T...,4,4,0
023014500991092|83001|2,TTTT,....,TTTT-....,4,4,0
023057112160320|81001|1,TTTT,T...,TTTT-T...,4,4,0
023073152180120|82001|2,TTTT,....,TTTT-....,4,4,0
023079152260120|81001|2,TTTT,....,TTTT-....,4,4,0
023079152260120|82001|1,TTTT,....,TTTT-....,4,4,0
023373769300714|87001|1,T...,....,T...-....,1,1,0
023373769300714|87001|2,T...,....,T...-....,1,1,0
023492899600951|80001|1,TTTU,TTTT,TTTU-TTTT,4,3,1
023560790776194|79001|1,TTTT,TTTT,TTTT-TTTT,4,4,0
023560790776194|80001|1,TTTT,TTTT,TTTT-TTTT,4,4,0
023560790776194|80001|2,TTTT,TTTT,TTTT-TTTT,4,4,0
023563330116104|83001|2,TTTT,....,TTTT-....,4,4,0
023873510998891|81001|2,TTTT,TTT.,TTTT-TTT.,4,4,0
023993540997892|81001|1,TEEE,EEEE,TEEE-EEEE,4,1,1
024096114240420|81001|2,TTTT,TTTT,TTTT-TTTT,4,4,0
024285086909492|79001|2,TTTT,TTTT,TTTT-TTTT,4,4,0
024395759500974|83001|2,TTTT,....,TTTT-....,4,4,0
024470580014206|83001|2,NETT,....,NETT-....,4,2,2
024473760923895|83001|1,ET..,....,ET..-....,2,1,1
024504480015809|83001|1,TTTT,....,TTTT-....,4,4,0
024859053001702|83001|2,TTTT,....,TTTT-....,4,4,0
024859055908792|81001|1,TTTT,TTTT,TTTT-TTTT,4,4,0
024911016907292|81001|2,TTTT,TTTT,TTTT-TTTT,4,4,0
024992750978791|79001|2,TTTT,TTTT,TTTT-TTTT,4,4,0
024992750978791|81001|1,TE.N,....,TE.N-....,3,1,2
025025155080470|82001|2,TTTT,....,TTTT-....,4,4,0
025026155120470|87001|2,T...,....,T...-....,1,1,0
025071139360100|81001|1,UTTT,TTT.,UTTT-TTT.,4,3,1
025251690694743|83001|1,TTT.,....,TTT.-....,3,3,0
025290760979595|82001|1,T...,....,T...-....,1,1,0
025292340999595|81001|1,TTTT,TTTT,TTTT-TTTT,4,4,0
025341560997093|83001|1,TTTT,....,TTTT-....,4,4,0
025341560997093|83001|2,TTTT,....,TTTT-....,4,4,0
025911290696692|80001|1,TTTT,TTTN,TTTT-TTTN,4,4,0
025933400983993|83001|1,TTTT,....,TTTT-....,4,4,0
025960150699098|82001|1,TTTT,TTTT,TTTT-TTTT,4,4,0
025960360999088|80001|2,EEET,....,EEET-....,4,1,1
026292370993099|81001|1,TTTT,TTTT,TTTT-TTTT,4,4,0
026293590993099|83001|1,TTTT,....,TTTT-....,4,4,0
026303570692591|82001|2,T...,....,T...-....,1,1,0
026303570692591|83001|2,TEEE,....,TEEE-....,4,1,1
026413190698992|80001|1,TTTT,TT.E,TTTT-TT.E,4,4,0
026414170998992|80001|2,NNTN,NNNN,NNTN-NNNN,4,1,2
026724880014802|80001|1,TTTT,TTTT,TTTT-TTTT,4,4,0
026730140922199|81001|1,TTTT,NNNN,TTTT-NNNN,4,4,0
027087196160240|81001|2,TTTT,TTTT,TTTT-TTTT,4,4,0
027495989200986|82001|2,TTTT,T.E.,TTTT-T.E.,4,4,0
027591729400993|83001|1,TTTT,....,TTTT-....,4,4,0
027693390999096|82001|1,TTTT,TT..,TTTT-TT..,4,4,0
028017194380720|80001|2,TTTT,TTTT,TTTT-TTTT,4,4,0
028046109240880|81001|2,TTTT,TTTT,TTTT-TTTT,4,4,0
028078104160030|79001|1,TTTT,EEEE,TTTT-EEEE,4,4,0
028134350995497|83001|2,TTTT,....,TTTT-....,4,4,0
028243200985395|80001|1,TTTT,T...,TTTT-T...,4,4,0
028262260939497|83001|2,TTTT,....,TTTT-....,4,4,0
028423690967192|80001|1,TTTT,TTTT,TTTT-TTTT,4,4,0
028530140977492|81001|2,E.TT,EEEE,E.TT-EEEE,3,2,1
028532840117402|80001|2,TTTT,TTTT,TTTT-TTTT,4,4,0
028535510997492|81001|1,TTTT,....,TTTT-....,4,4,0
028963530991890|80001|2,TTTT,TTT.,TTTT-TTT.,4,4,0
028965160991890|83001|1,TTTT,....,TTTT-....,4,4,0
029084142280200|82001|2,TTTT,....,TTTT-....,4,4,0
029194959900908|80001|1,TNNN,NNNE,TNNN-NNNE,4,1,1
029384820963493|79001|1,TTTT,TTTT,TTTT-TTTT,4,4,0
029468829700961|82001|1,TTTT,TTT.,TTTT-TTT.,4,4,0
029474880981995|81001|2,TTTT,TTTT,TTTT-TTTT,4,4,0
029498759500918|87001|2,T...,....,T...-....,1,1,0
029604280019700|81001|1,TTTT,TTTT,TTTT-TTTT,4,4,0
029814760690897|81001|2,TEEE,....,TEEE-....,4,1,1
029850460983298|83001|2,TTTT,....,TTTT-....,4,4,0
029850510693298|80001|1,TTTT,TTTT,TTTT-TTTT,4,4,0
029850510693298|80001|2,TTTT,TTTT,TTTT-TTTT,4,4,0
029850760993278|81001|4,TTTT,TTTT,TTTT-TTTT,4,4,0
029850760993278|83001|1,TT..,....,TT..-....,2,2,0
029851180993298|82001|2,T...,....,T...-....,1,1,0
029852310993298|81001|1,TTTT,TTTT,TTTT-TTTT,4,4,0
029855160993298|83001|1,TTTT,....,TTTT-....,4,4,0
029960521980731|83001|1,ENNT,....,ENNT-....,4,1,2
029983260988290|82001|2,NNTN,NNN.,NNTN-NNN.,4,1,2
029983490988290|81001|1,TTTT,TTTT,TTTT-TTTT,4,4,0
030086115020920|83001|2,TTTT,....,TTTT-....,4,4,0
030088135480100|80001|1,TTTT,.TTT,TTTT-.TTT,4,4,0
030092290986195|83001|1,TTTT,....,TTTT-....,4,4,0
030092340976195|81001|1,TTTT,TTT.,TTTT-TTT.,4,4,0
030104790700119|80001|2,TTTT,TTTT,TTTT-TTTT,4,4,0
030122002146100|83001|2,TTT.,....,TTT.-....,3,3,0
030130001738010|82001|2,NNUT,....,NNUT-....,4,1,2
030150360995592|82001|3,TTTT,TT..,TTTT-TT..,4,4,0
030211670964591|80001|1,TTTT,....,TTTT-....,4,4,0
030212340994591|80001|1,TTTT,TTTT,TTTT-TTTT,4,4,0
030212340994591|80001|2,TTTT,TTTT,TTTT-TTTT,4,4,0
030214550994591|83001|1,TTTT,....,TTTT-....,4,4,0
030214550994591|83001|2,TTTT,....,TTTT-....,4,4,0
030394480981798|80001|2,TTTT,TT.T,TTTT-TT.T,4,4,0
030424280017207|82001|2,NNUT,UNN.,NNUT-UNN.,4,1,2
030424280017207|87001|2,T...,....,T...-....,1,1,0
030550260986497|82001|1,TTTT,TTT.,TTTT-TTT.,4,4,0
030614280983297|87001|1,T...,....,T...-....,1,1,0
030744074821579|81001|2,TTTT,TTTT,TTTT-TTTT,4,4,0
030967096707369|82001|1,TTTT,....,TTTT-....,4,4,0
030988097641809|82001|2,TTTT,ETTT,TTTT-ETTT,4,4,0
030991330995090|82001|1,TTTT,TT..,TTTT-TT..,4,4,0
031045141340860|81001|1,TTTT,TTTT,TTTT-TTTT,4,4,0
031090220693791|80001|2,TTET,TTTT,TTET-TTTT,4,3,2
031090221693791|81001|2,TTTT,ENNE,TTTT-ENNE,4,4,0
031415290500192|80001|1,E.ET,....,E.ET-....,3,1,1
031590260962196|81001|1,TTTT,TTTT,TTTT-TTTT,4,4,0
031590260962196|81001|2,TTTT,TTTT,TTTT-TTTT,4,4,0
031691270950980|87001|1,T...,....,T...-....,1,1,0
031691270960990|81001|1,TTTT,TTTT,TTTT-TTTT,4,4,0
031691670950970|79001|3,TTTT,....,TTTT-....,4,4,0
031691670960980|81001|2,TTTT,EEEE,TTTT-EEEE,4,4,0
031691870930990|82001|1,ETTT,....,ETTT-....,4,3,1
031779053908698|80001|1,TTNN,....,TTNN-....,4,2,1
032006171340240|82001|2,TTTT,T...,TTTT-T...,4,4,0
032016159060110|80001|2,TTTT,.TTT,TTTT-.TTT,4,4,0
032023154520480|82001|2,TTTT,ETT.,TTTT-ETT.,4,4,0
032301370995998|83001|2,TTTU,....,TTTU-....,4,3,1
032303540995998|80001|2,ENTN,...E,ENTN-...E,4,1,3
032303550695998|81001|1,TTTT,E...,TTTT-E...,4,4,0
032371180994992|83001|2,TTTT,....,TTTT-....,4,4,0
032390639400862|82001|1,TUUN,EE..,TUUN-EE..,4,1,2
032490639800862|82001|2,TTTT,....,TTTT-....,4,4,0
032751094408563|82001|1,EETE,E...,EETE-E...,4,1,2
032893270013605|83001|2,TTTT,....,TTTT-....,4,4,0
033001018907376|83001|1,T...,....,T...-....,1,1,0
033068122460900|80001|1,TTTT,....,TTTT-....,4,4,0
033341320024505|82001|2,NNNT,....,NNNT-....,4,1,1
033341370924585|80001|2,TTTT,TTTT,TTTT-TTTT,4,4,0
033341670964595|80001|1,TTTT,TTTT,TTTT-TTTT,4,4,0
033342840984595|82001|2,TTTT,....,TTTT-....,4,4,0
033343150994595|80001|1,TTTT,TTUT,TTTT-TTUT,4,4,0
033451430989496|81001|1,TTTT,.TTT,TTTT-.TTT,4,4,0
033531150991298|83001|2,TTTT,....,TTTT-....,4,4,0
033532250961298|80001|1,TTTT,TTTT,TTTT-TTTT,4,4,0
033532250961298|80001|2,TEEE,EEEE,TEEE-EEEE,4,1,1
033532250961298|81001|2,TTTT,TTTT,TTTT-TTTT,4,4,0
033532250961298|81001|3,TTTT,TTTT,TTTT-TTTT,4,4,0
033532550991298|81001|1,TTTT,TTTU,TTTT-TTTU,4,4,0
033891790792699|80001|2,TTTU,....,TTTU-....,4,3,1
033891790792699|82001|1,TTTT,....,TTTT-....,4,4,0
033893860952699|83001|3,T...,....,T...-....,1,1,0
033894160992699|81001|1,TTTT,TTTT,TTTT-TTTT,4,4,0
034035500991493|80001|1,TTTT,TTTT,TTTT-TTTT,4,4,0
034212770797594|82001|2,TTTT,....,TTTT-....,4,4,0
034371160012704|82001|1,TTTT,TTTT,TTTT-TTTT,4,4,0
034371160012704|82001|2,TTTT,TTTT,TTTT-TTTT,4,4,0
034372140972794|81001|1,TTTT,TT.T,TTTT-TT.T,4,4,0
034372730692794|82001|2,TTTT,....,TTTT-....,4,4,0
034397769600858|80001|2,TTTT,TTTT,TTTT-TTTT,4,4,0
034441220015405|81001|2,TTTT,TTTT,TTTT-TTTT,4,4,0
034480360990397|81001|1,TTTT,EEEE,TTTT-EEEE,4,4,0
034699440119006|80001|1,TT..,....,TT..-....,2,2,0
034844480956893|81001|2,TTTE,EEEE,TTTE-EEEE,4,3,1
034844480956893|83001|1,TTTT,....,TTTT-....,4,4,0
034901380995395|83001|2,TTTT,....,TTTT-....,4,4,0
034930150699795|82001|1,TTTT,TTTT,TTTT-TTTT,4,4,0
035021260014808|87001|1,T...,....,T...-....,1,1,0
035022570794898|83001|1,TTTT,....,TTTT-....,4,4,0
035023360994898|82001|1,TTTT,TT..,TTTT-TT..,4,4,0
035023540994898|81001|1,TTNT,TTTT,TTNT-TTTT,4,3,2
035032244130350|82001|1,TTTE,TT..,TTTE-TT..,4,3,1
035333660934093|80001|1,TTTT,EEEE,TTTT-EEEE,4,4,0
035383880111404|83001|1,T...,....,T...-....,1,1,0
035383880111404|83001|2,T...,....,T...-....,1,1,0
035384620961494|82001|1,NTTT,....,NTTT-....,4,3,1
035483570997598|83001|1,TTTT,....,TTTT-....,4,4,0
035510460953992|82001|1,TTTT,T...,TTTT-T...,4,4,0
035511380994497|80001|1,NTTT,TTTT,NTTT-TTTT,4,3,1
035513500994497|82001|1,TTTT,....,TTTT-....,4,4,0
035513560993992|83001|1,TTTT,....,TTTT-....,4,4,0
035604490983492|81001|2,TTTN,NNEN,TTTN-NNEN,4,3,1
035800150993492|82001|1,TTTT,TTTT,TTTT-TTTT,4,4,0
035803460983492|82001|1,TTTT,T...,TTTT-T...,4,4,0
035803460983492|82001|2,TTTT,....,TTTT-....,4,4,0
035803460983492|83001|3,TTTT,....,TTTT-....,4,4,0
035905310998291|81001|1,NTTT,NNNN,NTTT-NNNN,4,3,1
036155510995198|83001|1,EE.T,....,EE.T-....,3,1,1
036155510995198|83001|2,EE.T,....,EE.T-....,3,1,1
036263160972090|83001|3,TTTT,....,TTTT-....,4,4,0
036279139300890|80001|1,TTTT,TTTT,TTTT-TTTT,4,4,0
036302260989895|80001|2,TTTT,TTTT,TTTT-TTTT,4,4,0
036302760979895|79001|2,TTTT,TTTT,TTTT-TTTT,4,4,0
036304120979895|82001|1,TTTT,TTTT,TTTT-TTTT,4,4,0
036481100973997|83001|1,TNNE,....,TNNE-....,4,1,2
036619640059005|83001|1,TTTT,....,TTTT-....,4,4,0
036619640059005|83001|2,TTTT,....,TTTT-....,4,4,0
036622370994196|82001|1,TTTT,....,TTTT-....,4,4,0
036652430690943|80001|2,NTTT,UTTT,NTTT-UTTT,4,3,1
036652430690943|81001|2,TTTT,TTTT,TTTT-TTTT,4,4,0
036653130970993|83001|1,TTTT,....,TTTT-....,4,4,0
036750380794598|82001|1,E..T,....,E..T-....,2,1,1
036750460954598|80001|1,TTTT,TTTT,TTTT-TTTT,4,4,0
036750660984578|83001|2,T...,....,T...-....,1,1,0
036750860964598|79001|2,TTTT,TTTT,TTTT-TTTT,4,4,0
036752890984598|82001|2,TTTT,....,TTTT-....,4,4,0
037025150380890|82001|1,TTTT,....,TTTT-....,4,4,0
037072200980298|80001|2,TTTT,NNNN,TTTT-NNNN,4,4,0
037072200980298|81001|2,ET..,....,ET..-....,2,1,1
037072200980298|83001|2,TNNT,....,TNNT-....,4,2,2
037074420980298|81001|4,T...,....,T...-....,1,1,0
037074420980298|83001|1,TTTT,....,TTTT-....,4,4,0
037110250697797|82001|2,TTTT,TTT.,TTTT-TTT.,4,4,0
037115350997797|81001|1,E.NT,EEEE,E.NT-EEEE,3,1,2
037452830781291|80001|1,TTTT,TTTT,TTTT-TTTT,4,4,0
037452830781291|80001|2,TTTT,TTTT,TTTT-TTTT,4,4,0
037452830781291|82001|2,TTTT,....,TTTT-....,4,4,0
037452830781291|83001|2,T...,....,T...-....,1,1,0
037453440981291|82001|2,TTTT,....,TTTT-....,4,4,0
037453730791291|80001|2,TTTT,EEEE,TTTT-EEEE,4,4,0
037454340991291|81001|1,TTTT,.EEE,TTTT-.EEE,4,4,0
037454640781291|81001|2,TNNN,NNNN,TNNN-NNNN,4,1,1
037455360791291|83001|1,EEET,....,EEET-....,4,1,1
037471270982198|81001|2,TTNN,NNNN,TTNN-NNNN,4,2,1
037471270982198|83001|2,TTTT,....,TTTT-....,4,4,0
037612190973295|82001|1,TTTT,TTTT,TTTT-TTTT,4,4,0
037612390793295|83001|2,T...,....,T...-....,1,1,0
037613310993295|81001|1,TTTT,TTNT,TTTT-TTNT,4,4,0
037690260982298|80001|1,T.TT,....,T.TT-....,3,3,0
037690260982298|80001|2,E.TE,....,E.TE-....,3,1,2
038058178460570|79001|1,TTTT,TTT.,TTTT-TTT.,4,4,0
038058178460570|83001|2,TTT.,....,TTT.-....,3,3,0
038098229100877|82001|1,TTTT,TT..,TTTT-TT..,4,4,0
038473370996495|82001|2,TTTT,TT..,TTTT-TT..,4,4,0
038473370996495|83001|2,TTTT,....,TTTT-....,4,4,0
038474320996495|81001|2,TTT.,....,TTT.-....,3,3,0
038732350991697|81001|1,TTTT,....,TTTT-....,4,4,0
038953860018801|81001|2,EENT,TTNN,EENT-TTNN,4,1,2
038953860018801|83001|2,T...,....,T...-....,1,1,0
039254820989493|82001|1,TTTT,....,TTTT-....,4,4,0
039330380997196|80001|1,E.TT,..T.,E.TT-..T.,3,2,1
039330680787196|80001|1,TTTT,NNNN,TTTT-NNNN,4,4,0
039331370997186|82001|1,UUTT,EE..,UUTT-EE..,4,2,1
039331370997186|82001|2,TTTT,TT..,TTTT-TT..,4,4,0
039352810693543|79001|2,TTTT,TTTN,TTTT-TTTN,4,4,0
039412170774095|83001|1,TTTT,....,TTTT-....,4,4,0
039412170774095|83001|2,TTTT,....,TTTT-....,4,4,0
039571520997592|81001|2,T...,....,T...-....,1,1,0
039930550691992|83001|1,TTTT,....,TTTT-....,4,4,0
040002260987194|87001|3,T...,....,T...-....,1,1,0
040002760977194|79001|1,TTNT,TTTT,TTNT-TTTT,4,3,2
040062161080040|79001|1,TTTT,TTTT,TTTT-TTTT,4,4,0
040063160973096|80001|1,TTTT,TTTT,TTTT-TTTT,4,4,0
040063160973096|80001|2,TTTT,TTTT,TTTT-TTTT,4,4,0
040396469700937|81001|2,NTNE,EEE.,NTNE-EEE.,4,1,3
040491180991594|83001|2,TNNN,....,TNNN-....,4,1,1
040491230981594|81001|1,TTTT,TTTT,TTTT-TTTT,4,4,0
040491669800983|80001|2,TTTT,TTTT,TTTT-TTTT,4,4,0
040492310991594|80001|1,T.TT,TTTT,T.TT-TTTT,3,3,0
040493170991594|83001|1,TTTT,....,TTTT-....,4,4,0
040495129800916|83001|3,TTTT,....,TTTT-....,4,4,0
040522700796599|83001|1,TT..,....,TT..-....,2,2,0
040525540696599|83001|1,TTTT,....,TTTT-....,4,4,0
040525540696599|83001|2,TTTT,....,TTTT-....,4,4,0
040620110695198|83001|2,TTTT,....,TTTT-....,4,4,0
040701076911849|80001|1,TTTT,EEUT,TTTT-EEUT,4,4,0
040801066914849|82001|2,TTTT,T...,TTTT-T...,4,4,0
040831076922849|81001|1,EETT,EEEE,EETT-EEEE,4,2,1
040831076922849|82001|1,TTTT,NNN.,TTTT-NNN.,4,4,0
040831076922849|82001|2,TTTT,TTT.,TTTT-TTT.,4,4,0
040841096942849|82001|2,TTTT,TTT.,TTTT-TTT.,4,4,0
040891076906849|82001|2,TTTT,....,TTTT-....,4,4,0
040905510995095|82001|2,TTTT,....,TTTT-....,4,4,0
040929091943379|82001|1,TTTT,....,TTTT-....,4,4,0
040991096941849|83001|2,TTNT,....,TTNT-....,4,3,2
041006142080290|79001|1,TTTT,TTTT,TTTT-TTTT,4,4,0
041030540996999|81001|2,TTTT,TTTT,TTTT-TTTT,4,4,0
041030690966999|83001|1,TTT.,....,TTT.-....,3,3,0
041031600706999|82001|1,TT..,....,TT..-....,2,2,0
041034220966999|80001|2,TNNN,NN.N,TNNN-NN.N,4,1,1
041034220966999|87001|2,T...,....,T...-....,1,1,0
041099369100935|80001|1,TTTT,TT..,TTTT-TT..,4,4,0
041110310970391|80001|2,TTTT,....,TTTT-....,4,4,0
041160380796399|83001|1,EETT,....,EETT-....,4,2,1
041163560996399|82001|2,TTTT,....,TTTT-....,4,4,0
041284420981197|82001|2,TTTT,T...,TTTT-T...,4,4,0
041290160948382|80001|1,TTTT,TTTT,TTTT-TTTT,4,4,0
041290260918372|80001|1,TTU.,....,TTU.-....,3,2,1
041290860988372|80001|1,TTTT,TTTT,TTTT-TTTT,4,4,0
041294470018302|81001|1,TT..,....,TT..-....,2,2,0
041372240984090|87001|1,T...,....,T...-....,1,1,0
041492779900762|81001|1,ETTE,EEEE,ETTE-EEEE,4,2,2
041630540020607|83001|1,T...,....,T...-....,1,1,0
041630560990697|80001|2,TE..,....,TE..-....,2,1,1
041630690694149|83001|2,TTT.,....,TTT.-....,3,3,0
041632450014109|80001|1,TTTT,TTTT,TTTT-TTTT,4,4,0
042059122180410|80001|1,NTTT,TTTT,NTTT-TTTT,4,3,1
042059122180410|81001|1,TTTT,TTTT,TTTT-TTTT,4,4,0
042066196080140|79001|3,TTTT,TTTT,TTTT-TTTT,4,4,0
042067181440290|81001|1,TTTT,TTTN,TTTT-TTTN,4,4,0
042096519900952|82001|1,TT.T,T...,TT.T-T...,3,3,0
042192119200912|80001|1,TNTT,NTTT,TNTT-NTTT,4,3,2
042192119200912|83001|2,EETT,....,EETT-....,4,2,1
042250250695795|82001|2,TEEE,EEE.,TEEE-EEE.,4,1,1
042251400785795|80001|2,EETT,ETTT,EETT-ETTT,4,2,1
042251610715795|83001|1,TTT.,....,TTT.-....,3,3,0
042253840015705|79001|2,TTTT,TTTT,TTTT-TTTT,4,4,0
042342720975892|79001|2,TTTT,....,TTTT-....,4,4,0
042342740795892|82001|2,TTTT,....,TTTT-....,4,4,0
042342740795892|83001|2,T...,....,T...-....,1,1,0
042345230015802|82001|2,TTTT,.TT.,TTTT-.TT.,4,4,0
042345330775892|80001|1,NTTT,NNTT,NTTT-NNTT,4,3,1
042510310991895|80001|1,TTNN,TTTT,TTNN-TTTT,4,2,1
042514120971895|80001|1,TTTE,UUNU,TTTE-UUNU,4,3,1
042596949100999|80001|1,TTTT,EEE.,TTTT-EEE.,4,4,0
042596949100999|81001|1,UTT.,TTTT,UTT.-TTTT,3,2,1
042860890784694|81001|1,ET..,....,ET..-....,2,1,1
042861430014604|82001|2,TTTT,T...,TTTT-T...,4,4,0
042862850984694|81001|2,TTTT,TTTT,TTTT-TTTT,4,4,0
042911013908272|83001|1,TUTT,....,TUTT-....,4,3,2
042992360018301|83001|2,TTTT,....,TTTT-....,4,4,0
043182850968599|83001|2,T...,....,T...-....,1,1,0
043200190745992|81001|1,TT..,....,TT..-....,2,2,0
043201850905992|81001|5,EETT,....,EETT-....,4,2,1
043243180698945|83001|2,TTTT,....,TTTT-....,4,4,0
043243890688995|79001|2,TTTU,TTTT,TTTU-TTTT,4,3,1
043252540795598|83001|1,UTTT,....,UTTT-....,4,3,1
043253340975598|82001|1,TTTT,TT..,TTTT-TT..,4,4,0
043255400685548|81001|2,TTNN,..EE,TTNN-..EE,4,2,1
043260380796992|83001|2,TTTT,....,TTTT-....,4,4,0
043272659300933|81001|1,TTTT,....,TTTT-....,4,4,0
043272659300933|81001|2,TTTT,....,TTTT-....,4,4,0
043372170972293|80001|1,TTTN,EEEE,TTTN-EEEE,4,3,1
043782140775094|80001|2,TTTT,TTTT,TTTT-TTTT,4,4,0
043782140775094|83001|1,TTTT,....,TTTT-....,4,4,0
043782340975094|81001|1,TTTE,TTNN,TTTE-TTNN,4,3,1
043785360995094|81001|2,TTTT,TTTT,TTTT-TTTT,4,4,0
043785360995094|82001|2,TTTT,EE..,TTTT-EE..,4,4,0
043785830955094|80001|2,TTTT,EEEE,TTTT-EEEE,4,4,0
043859058909792|80001|2,EUUT,EEEE,EUUT-EEEE,4,1,2
043859058909792|83001|1,T...,....,T...-....,1,1,0
044006119060450|81001|1,TTTT,TTTT,TTTT-TTTT,4,4,0
044056128040920|81001|1,TTTT,EEEE,TTTT-EEEE,4,4,0
044097769600958|81001|3,TT..,....,TT..-....,2,2,0
044410180998196|80001|2,TTT.,TTTT,TTT.-TTTT,3,3,0
044410360968166|83001|2,TTTT,....,TTTT-....,4,4,0
044410660998166|83001|2,TTT.,....,TTT.-....,3,3,0
044505450013402|81001|1,TTTT,TTTT,TTTT-TTTT,4,4,0
044544048909576|82001|2,TTTT,....,TTTT-....,4,4,0
044544048909576|83001|1,T...,....,T...-....,1,1,0
044544048909576|83001|2,T...,....,T...-....,1,1,0
044571220965291|80001|2,TTT.,....,TTT.-....,3,3,0
044571820935291|82001|3,TENN,....,TENN-....,4,1,2
044572530695291|80001|1,NTEE,EEEE,NTEE-EEEE,4,1,2
044574290985291|80001|1,TTNT,NTTT,TTNT-NTTT,4,3,2
044575400695241|80001|1,TTTT,TTTT,TTTT-TTTT,4,4,0
044641330993898|83001|2,NNNT,....,NNNT-....,4,1,1
044760760990387|80001|2,TTTT,....,TTTT-....,4,4,0
044761130990397|82001|1,TTTT,EEEE,TTTT-EEEE,4,4,0
044761130990397|82001|2,TTTT,TTTT,TTTT-TTTT,4,4,0
044763860950397|83001|1,T...,....,T...-....,1,1,0
044862520998296|82001|2,TTT.,....,TTT.-....,3,3,0
044863230018206|87001|1,T...,....,T...-....,1,1,0
044865700698296|81001|2,TTTT,TTTT,TTTT-TTTT,4,4,0
044892590013209|81001|2,TTTT,TTTT,TTTT-TTTT,4,4,0
045042154120340|82001|3,TTTT,TTT.,TTTT-TTT.,4,4,0
045060460988198|80001|1,TNNT,....,TNNT-....,4,2,2
045096141020300|82001|1,T...,....,T...-....,1,1,0
045202300793499|82001|1,TTTT,TT..,TTTT-TT..,4,4,0
045203360993499|81001|2,EETT,EEEE,EETT-EEEE,4,2,1
045420260982696|83001|2,TTTT,....,TTTT-....,4,4,0
045420260982696|87001|2,T...,....,T...-....,1,1,0
045421320942696|81001|1,TTTT,TTTT,TTTT-TTTT,4,4,0
045421320942696|83001|2,TUTT,....,TUTT-....,4,3,2
045421590992192|80001|1,ETTT,ETTT,ETTT-ETTT,4,3,1
045423570692696|82001|1,ETE.,....,ETE.-....,3,1,2
045544046909566|81001|2,TUUT,TTTT,TUUT-TTTT,4,2,2
045598709100977|80001|2,TTTT,TTTT,TTTT-TTTT,4,4,0
045598709100977|81001|1,TTTE,TTTT,TTTE-TTTT,4,3,1
045642180996498|81001|2,TTTT,....,TTTT-....,4,4,0
045942700694793|83001|2,TT..,....,TT..-....,2,2,0
046105570200287|82001|1,TT..,....,TT..-....,2,2,0
046198849200999|81001|1,TTTT,NNNN,TTTT-NNNN,4,4,0
046395579800987|80001|2,TTTT,TTTT,TTTT-TTTT,4,4,0
046490410988892|81001|1,NTTN,TTTT,NTTN-TTTT,4,2,2
046712580992891|83001|1,NTE.,....,NTE.-....,3,1,2
046722240765094|82001|1,TTTT,TT..,TTTT-TT..,4,4,0
046923590690194|80001|1,ETTT,EEEE,ETTT-EEEE,4,3,1
046924120990194|80001|2,TTTT,TTTE,TTTT-TTTE,4,4,0
047030560994794|83001|1,TTTT,....,TTTT-....,4,4,0
047037183340730|81001|2,TTTT,TTTT,TTTT-TTTT,4,4,0
047140260960692|81001|1,TT..,....,TT..-....,2,2,0
047140290110602|80001|1,TTTT,TTTT,TTTT-TTTT,4,4,0
047140590790692|83001|1,TTTT,....,TTTT-....,4,4,0
047141610730692|81001|2,TTTT,...E,TTTT-...E,4,4,0
047142630780692|80001|2,TTTT,TTTT,TTTT-TTTT,4,4,0
047143750940692|81001|1,TUEU,....,TUEU-....,4,1,3
047145100690692|80001|1,UTTE,EEEE,UTTE-EEEE,4,2,2
047145100690692|83001|2,TTT.,....,TTT.-....,3,3,0
047280790970897|80001|2,TTTT,EEEE,TTTT-EEEE,4,4,0
047280890950897|83001|2,T...,....,T...-....,1,1,0
047284840780897|82001|2,NTEE,....,NTEE-....,4,1,2
047302580994193|83001|1,NTTT,....,NTTT-....,4,3,1
047443260931997|83001|1,TT..,....,TT..-....,2,2,0
047451390978695|80001|1,TTTT,TTTT,TTTT-TTTT,4,4,0
047451690118605|82001|2,TTTT,....,TTTT-....,4,4,0
047455410988695|80001|1,TTTT,....,TTTT-....,4,4,0
047530460950291|80001|1,TTTT,TTTT,TTTT-TTTT,4,4,0
047531760970291|80001|1,TTTT,TTTT,TTTT-TTTT,4,4,0
047532730790291|79001|2,TTTT,TTTT,TTTT-TTTT,4,4,0
047532730790291|81001|2,TTUT,NNUT,TTUT-NNUT,4,3,2
047532730790291|82001|1,TTEE,....,TTEE-....,4,2,1
047534150990291|81001|1,TT..,....,TT..-....,2,2,0
047952770692796|80001|2,ETTT,TTTT,ETTT-TTTT,4,3,1
047953800982796|79001|2,TTTN,TTTT,TTTN-TTTT,4,3,1
048009185420220|81001|2,TTTT,EEEE,TTTT-EEEE,4,4,0
048009185420220|82001|1,TTT.,EEE.,TTT.-EEE.,3,3,0
048021132480650|82001|1,NNNT,....,NNNT-....,4,1,1
048196859700961|83001|1,TTTT,....,TTTT-....,4,4,0
048274160997994|83001|2,TT.T,....,TT.T-....,3,3,0
048275029700962|82001|1,TTTT,T...,TTTT-T...,4,4,0
048321230012006|80001|1,E.TT,....,E.TT-....,3,2,1
048332890962799|79001|2,UNTT,....,UNTT-....,4,2,2
048550820969090|82001|1,T.E.,....,T.E.-....,2,1,1
048775110998298|81001|3,TTTT,TTTT,TTTT-TTTT,4,4,0
048831830987591|81001|2,NTNT,NTNT,NTNT-NTNT,4,2,3
048893170697890|82001|2,EEET,TTTT,EEET-TTTT,4,1,1
048894150997890|83001|1,TTTN,....,TTTN-....,4,3,1
048943290014401|83001|2,TTTT,....,TTTT-....,4,4,0
048961220011006|82001|1,TTTT,TTT.,TTTT-TTT.,4,4,0
048962400691046|80001|1,TTTT,UUTT,TTTT-UUTT,4,4,0
049081220988891|80001|2,TTTT,....,TTTT-....,4,4,0
049290160999690|83001|2,TTNE,....,TTNE-....,4,2,2
049313290985797|82001|2,NTEE,ENN.,NTEE-ENN.,4,1,2
049491589600937|82001|1,ETTT,T...,ETTT-T...,4,3,1
049584570697793|82001|2,TTTT,....,TTTT-....,4,4,0
049620280985297|80001|1,TTTT,TTTT,TTTT-TTTT,4,4,0
049791330997099|83001|1,TTTT,....,TTTT-....,4,4,0
049795130997099|82001|1,UTTT,TTTT,UTTT-TTTT,4,3,1
049921570993996|81001|2,TTTT,TTTT,TTTT-TTTT,4,4,0
049925650782397|82001|2,TTTT,....,TTTT-....,4,4,0
050122003432730|82001|2,TTTT,....,TTTT-....,4,4,0
050152470011103|81001|1,TTTT,EEEE,TTTT-EEEE,4,4,0
050162008606990|79001|1,TTT.,....,TTT.-....,3,3,0
050242073443739|80001|2,TTTT,TUTT,TTTT-TUTT,4,4,0
050390509600333|81001|1,TTNN,NNNN,TTNN-NNNN,4,2,1
050408600700134|81001|2,TT..,EEEE,TT..-EEEE,2,2,0
050722490693041|81001|2,TTTE,T...,TTTE-T...,4,3,1
050770090337309|81001|1,TTTT,.TTT,TTTT-.TTT,4,4,0
050783730973490|82001|2,TTTT,....,TTTT-....,4,4,0
050842093442739|81001|3,TTTT,....,TTTT-....,4,4,0
050902073453739|81001|2,T.NN,NTTT,T.NN-NTTT,3,1,1
050924280988693|80001|2,TTTT,TTTT,TTTT-TTTT,4,4,0
050929072337329|83001|1,TT..,....,TT..-....,2,2,0
050942093441738|81001|1,TTTT,TTTT,TTTT-TTTT,4,4,0
050942093441738|82001|1,TTTT,TTTT,TTTT-TTTT,4,4,0
050943180994091|81001|2,TTTT,TTTT,TTTT-TTTT,4,4,0
050952380999591|80001|2,TTTT,TTTT,TTTT-TTTT,4,4,0
050960090337309|82001|2,TTTT,....,TTTT-....,4,4,0
050969097243839|83001|1,TTEE,....,TTEE-....,4,2,1
050999097631219|80001|2,TTTT,TTTT,TTTT-TTTT,4,4,0
051002121480860|79001|2,NNNT,...N,NNNT-...N,4,1,1
051002121480860|81001|1,TNNN,NNTT,TNNN-NNTT,4,1,1
051105560900193|83001|1,TTTT,....,TTTT-....,4,4,0
051263729900860|80001|1,TTTT,EEEE,TTTT-EEEE,4,4,0
051391220989594|80001|1,TTTT,TTTT,TTTT-TTTT,4,4,0
051773360994192|81001|2,TTTT,TTT.,TTTT-TTT.,4,4,0
051774560794192|83001|1,TTTT,....,TTTT-....,4,4,0
052036103060560|83001|1,TTT.,....,TTT.-....,3,3,0
052079180120760|81001|1,TTTT,TTTT,TTTT-TTTT,4,4,0
052131250903094|81001|2,TTTT,TTTN,TTTT-TTTN,4,4,0
052131350743094|82001|3,NNNT,.N..,NNNT-.N..,4,1,1
052131380997290|82001|2,TTT.,....,TTT.-....,3,3,0
052132250967290|80001|2,TTTT,TTTT,TTTT-TTTT,4,4,0
052132440983094|82001|1,TTTT,T...,TTTT-T...,4,4,0
052133220033004|82001|1,TTTT,TTT.,TTTT-TTT.,4,4,0
052133220033004|82001|5,TUTT,....,TUTT-....,4,3,2
052133230117200|83001|1,TTTT,....,TTTT-....,4,4,0
052133340993094|83001|2,TTTT,....,TTTT-....,4,4,0
052133380977290|81001|1,TTTT,....,TTTT-....,4,4,0
052133380977290|82001|3,TTTT,TT..,TTTT-TT..,4,4,0
052133720943094|82001|1,TT..,....,TT..-....,2,2,0
052133840983094|83001|1,T...,....,T...-....,1,1,0
052222370993397|83001|1,TTTT,....,TTTT-....,4,4,0
052250810984695|82001|1,T.ET,....,T.ET-....,3,2,2
052900690787596|80001|3,TTT.,....,TTT.-....,3,3,0
052901400957596|83001|1,TTTT,....,TTTT-....,4,4,0
052901600767596|81001|3,TTT.,....,TTT.-....,3,3,0
052903220937596|83001|4,TTTT,....,TTTT-....,4,4,0
052903330997596|80001|2,ETET,NNNN,ETET-NNNN,4,2,3
052904740977596|82001|1,TTTT,....,TTTT-....,4,4,0
053021108380960|82001|1,TTT.,....,TTT.-....,3,3,0
053042144020060|80001|2,TT.E,NEEE,TT.E-NEEE,3,2,1
053042144020060|81001|1,TTTT,EETT,TTTT-EETT,4,4,0
053161820984997|80001|2,TTTT,TTTT,TTTT-TTTT,4,4,0
053221580996495|83001|1,TTTT,....,TTTT-....,4,4,0
053311520999891|80001|1,TTTT,TTTT,TTTT-TTTT,4,4,0
053311710729881|82001|1,TTTE,....,TTTE-....,4,3,1
053315500999891|80001|1,TTTT,TTTT,TTTT-TTTT,4,4,0
053530360990682|81001|1,TTTT,TTTT,TTTT-TTTT,4,4,0
053530360990682|82001|3,TTTT,....,TTTT-....,4,4,0
053533860960692|83001|2,T...,....,T...-....,1,1,0
053703660968694|79001|1,UENT,....,UENT-....,4,1,3
053703660968694|80001|1,TTTT,TTNT,TTTT-TTNT,4,4,0
053703660968694|80001|2,TTTT,TTTT,TTTT-TTTT,4,4,0
054002119280770|82001|2,NTNE,....,NTNE-....,4,1,3
054002119280770|83001|2,T...,....,T...-....,1,1,0
054002144260650|83001|2,EET.,....,EET.-....,3,1,1
054293360999393|82001|1,TTTT,TT..,TTTT-TT..,4,4,0
054533390998192|82001|2,TTTT,TT..,TTTT-TT..,4,4,0
054533440988192|80001|2,TTTT,TETT,TTTT-TETT,4,4,0
054594180999998|80001|2,TTTT,....,TTTT-....,4,4,0
054594180999998|82001|2,TTTT,....,TTTT-....,4,4,0
054751096909593|81001|3,TTTT,TTTT,TTTT-TTTT,4,4,0
054751096909593|83001|2,TTT.,....,TTT.-....,3,3,0
054885150996492|80001|1,TTTT,TTTT,TTTT-TTTT,4,4,0
054950450019508|81001|2,TTTN,EEEN,TTTN-EEEN,4,3,1
054950750699598|81001|2,TTTT,NTTT,TTTT-NTTT,4,4,0
054954320599598|80001|1,ENTE,EENE,ENTE-EENE,4,1,3
055002410697293|83001|1,TTTT,....,TTTT-....,4,4,0
055302460982498|81001|2,TTTE,TTTT,TTTE-TTTT,4,3,1
055302590992498|83001|1,EE.T,....,EE.T-....,3,1,1
055382300997798|83001|1,TTTT,....,TTTT-....,4,4,0
055393240988498|82001|2,TTTT,TTT.,TTTT-TTT.,4,4,0
055595017001905|83001|1,TT..,....,TT..-....,2,2,0
055690110990890|81001|1,TTTT,TTTT,TTTT-TTTT,4,4,0
055692790970890|82001|2,TTTT,....,TTTT-....,4,4,0
055693500696899|81001|1,TTNN,NNNN,TTNN-NNNN,4,2,1
055694140726899|81001|1,TTTT,TTTT,TTTT-TTTT,4,4,0
055694140726899|82001|2,TTTT,....,TTTT-....,4,4,0
055694320990890|83001|3,TTTT,....,TTTT-....,4,4,0
055694440766899|80001|1,ENTT,EEEE,ENTT-EEEE,4,2,2
055694440766899|83001|2,TNTT,....,TNTT-....,4,3,2
055694820980890|80001|1,TTTT,TTTT,TTTT-TTTT,4,4,0
055695600786899|79001|1,TTTT,TTTT,TTTT-TTTT,4,4,0
055790880018301|81001|1,TTTT,....,TTTT-....,4,4,0
055791470018301|81001|2,EEET,.EEE,EEET-.EEE,4,1,1
055792830698341|80001|1,TTTT,TTTT,TTTT-TTTT,4,4,0
055792830698341|81001|1,TTTT,TTTT,TTTT-TTTT,4,4,0
055794780694393|79001|2,TTTT,TTTT,TTTT-TTTT,4,4,0
056004660115906|79001|1,T.TT,TTTT,T.TT-TTTT,3,3,0
056016129320310|87001|2,T...,....,T...-....,1,1,0
056056197280170|83001|2,T...,....,T...-....,1,1,0
056102780200112|82001|1,TTTT,....,TTTT-....,4,4,0
056102780200112|82001|2,TTTT,....,TTTT-....,4,4,0
056132490986992|82001|1,TTTT,E...,TTTT-E...,4,4,0
056333230693290|83001|2,TTTT,....,TTTT-....,4,4,0
056620220789392|81001|1,TTTT,TTTT,TTTT-TTTT,4,4,0
056620620939392|79001|2,TTTT,..EE,TTTT-..EE,4,4,0
056840510698296|83001|1,TTTT,....,TTTT-....,4,4,0
056872810699049|83001|3,T...,....,T...-....,1,1,0
057155740690091|79001|3,UTTT,....,UTTT-....,4,3,1
057193410986290|80001|1,TTTT,TTTT,TTTT-TTTT,4,4,0
057193410986290|80001|2,TTTT,TTTT,TTTT-TTTT,4,4,0
057313510995295|82001|2,TTTT,....,TTTT-....,4,4,0
057313510995295|83001|2,TTTT,....,TTTT-....,4,4,0
057407290500190|81001|1,TTTT,TTTU,TTTT-TTTU,4,4,0
057420420762899|82001|1,TTTT,T...,TTTT-T...,4,4,0
057452380992092|80001|1,TNNN,NNNN,TNNN-NNNN,4,1,1
057471210754580|83001|1,TTTT,....,TTTT-....,4,4,0
057473350974590|83001|1,TTTT,....,TTTT-....,4,4,0
057473730794590|80001|1,TTTT,TTTT,TTTT-TTTT,4,4,0
057577299500890|83001|1,TTTT,....,TTTT-....,4,4,0
057623530791493|81001|3,TTTE,EEEE,TTTE-EEEE,4,3,1
057710590772597|80001|1,TTTT,TTTT,TTTT-TTTT,4,4,0
057711450912597|80001|1,TT.T,TTTT,TT.T-TTTT,3,3,0
057711800932597|82001|2,TTTT,....,TTTT-....,4,4,0
057714140972597|82001|1,TTTT,TTTT,TTTT-TTTT,4,4,0
057715530992597|80001|1,TTTT,TTTT,TTTT-TTTT,4,4,0
057715530992597|83001|1,TTTT,....,TTTT-....,4,4,0
057792850962493|79001|2,TTTT,TTTT,TTTT-TTTT,4,4,0
057793530692493|80001|1,TTTT,TTTT,TTTT-TTTT,4,4,0
057793530692493|80001|2,TTTT,EEEE,TTTT-EEEE,4,4,0
057841220014701|87001|1,T...,....,T...-....,1,1,0
057842110694791|81001|1,TNEE,....,TNEE-....,4,1,2
057843590994791|83001|2,TTTT,....,TTTT-....,4,4,0
057864380996091|82001|2,TTTT,.T..,TTTT-.T..,4,4,0
057864380996091|83001|1,TEEE,....,TEEE-....,4,1,1
057971470981999|80001|1,TTTT,TTTT,TTTT-TTTT,4,4,0
057974480931999|82001|3,TTTT,T...,TTTT-T...,4,4,0
057992590994793|80001|1,TTTT,TTTT,TTTT-TTTT,4,4,0
058034113440320|82001|2,TETT,T...,TETT-T...,4,3,2
058056102080650|82001|2,TTTT,....,TTTT-....,4,4,0
058175310999990|82001|1,TTTT,TT..,TTTT-TT..,4,4,0
058175810989990|79001|2,TTTT,TTTT,TTTT-TTTT,4,4,0
058295450983098|80001|2,UUTT,TTTT,UUTT-TTTT,4,2,1
058302240783096|81001|2,TTTT,TT.T,TTTT-TT.T,4,4,0
059224180697993|81001|2,ETTT,TT..,ETTT-TT..,4,3,1
059240092350961|80001|2,TEEE,....,TEEE-....,4,1,1
059383770692498|81001|2,TTTT,TTTT,TTTT-TTTT,4,4,0
059414880931991|79001|2,TTTT,TTTN,TTTT-TTTN,4,4,0
059464760690292|80001|2,TTTT,EEEE,TTTT-EEEE,4,4,0
059501880986493|79001|1,TTTT,EEEE,TTTT-EEEE,4,4,0
059501880986493|79001|2,TTTT,TTTT,TTTT-TTTT,4,4,0
059534710797695|80001|2,TTTT,TTTT,TTTT-TTTT,4,4,0
059535140997695|83001|2,TTTT,....,TTTT-....,4,4,0
059660490950697|81001|3,TTET,....,TTET-....,4,3,2
059660510990697|82001|1,TTTT,....,TTTT-....,4,4,0
059661800700697|81001|1,TTTT,TTTT,TTTT-TTTT,4,4,0
060067739200978|83001|2,TTT.,....,TTT.-....,3,3,0
060081093903997|83001|1,TTTT,....,TTTT-....,4,4,0
060081094709997|81001|2,TTTT,T...,TTTT-T...,4,4,0
060081096704997|83001|1,TTT.,....,TTT.-....,3,3,0
060275189700966|82001|1,UTTT,....,UTTT-....,4,3,1
060312330790091|83001|1,TEEE,....,TEEE-....,4,1,1
060313730790091|80001|1,TT..,....,TT..-....,2,2,0
060313730790091|83001|1,TT..,....,TT..-....,2,2,0
060314560990091|80001|2,TTTT,TTTT,TTTT-TTTT,4,4,0
060396219700975|81001|2,EETE,EENN,EETE-EENN,4,1,2
060397097444969|80001|1,TTTT,.TTT,TTTT-.TTT,4,4,0
060474077906795|82001|1,TTTT,....,TTTT-....,4,4,0
060525094012839|82001|1,TTTT,EEE.,TTTT-EEE.,4,4,0
060542530794594|82001|1,TTTT,....,TTTT-....,4,4,0
060543140994594|83001|2,TTTT,....,TTTT-....,4,4,0
060545160694544|80001|2,TTTT,TTTT,TTTT-TTTT,4,4,0
060600520692995|81001|1,TTNN,TTEE,TTNN-TTEE,4,2,1
060625094016839|80001|1,TTTT,TTTT,TTTT-TTTT,4,4,0
060683090644229|82001|3,TTTT,....,TTTT-....,4,4,0
060719041901597|83001|1,TTTT,....,TTTT-....,4,4,0
060719047908597|80001|1,TTTT,TTTT,TTTT-TTTT,4,4,0
060719047908597|81001|1,TTTT,EEEE,TTTT-EEEE,4,4,0
060719047908597|81001|2,TTTT,TTTT,TTTT-TTTT,4,4,0
060719088907393|79001|2,ETTT,TE..,ETTT-TE..,4,3,1
060765094035839|82001|2,TTTT,....,TTTT-....,4,4,0
060803060638229|83001|2,T...,....,T...-....,1,1,0
060809063156394|83001|1,TTT.,....,TTT.-....,3,3,0
060842063001201|82001|2,TTTN,TT..,TTTN-TT..,4,3,1
060867093452229|80001|2,TTTT,TTTT,TTTT-TTTT,4,4,0
060915069728984|83001|2,T...,....,T...-....,1,1,0
060917093433229|82001|1,TT..,TT..,TT..-TT..,2,2,0
060917093433229|82261|1,TTTT,....,TTTT-....,4,4,0
060922008025589|87001|1,T...,....,T...-....,1,1,0
060942016907492|79001|1,TTTT,TTTT,TTTT-TTTT,4,4,0
060943090637229|80001|2,TEEE,EEEE,TEEE-EEEE,4,1,1
060943090637229|80001|3,TNNN,NNNN,TNNN-NNNN,4,1,1
060993070611229|81001|1,TTTT,TTTT,TTTT-TTTT,4,4,0
060997067433969|81001|1,TTTT,TTTT,TTTT-TTTT,4,4,0
061100780794992|80001|2,NTEE,EEEE,NTEE-EEEE,4,1,2
061495299700992|82001|2,TTTT,....,TTTT-....,4,4,0
061655058909595|83001|1,T...,....,T...-....,1,1,0
061719087908393|80001|1,TTTT,TTTT,TTTT-TTTT,4,4,0
061765330999793|80251|1,TTTN,....,TTTN-....,4,3,1
062001016909396|79001|1,TTTT,E..E,TTTT-E..E,4,4,0
062033750692299|79001|2,TTTT,TTTT,TTTT-TTTT,4,4,0
062033750692299|82001|2,ETTT,....,ETTT-....,4,3,1
062090639600962|82001|1,TTTT,....,TTTT-....,4,4,0
062282280981095|81001|1,TTTT,EEEE,TTTT-EEEE,4,4,0
062282280981095|81001|2,TTTT,TTTT,TTTT-TTTT,4,4,0
062283360991095|82001|1,TTTT,TT..,TTTT-TT..,4,4,0
062334700690794|81001|1,TTTT,TNTT,TTTT-TNTT,4,4,0
062390639000962|80001|2,TTTT,NNN.,TTTT-NNN.,4,4,0
062420180973598|81001|1,TTTT,TTTT,TTTT-TTTT,4,4,0
062422350973598|82001|2,TTTT,TT..,TTTT-TT..,4,4,0
062523027001105|82001|2,TTTT,....,TTTT-....,4,4,0
062572119500912|83001|2,TTT.,....,TTT.-....,3,3,0
062763660957497|81001|2,TT..,....,TT..-....,2,2,0
062818031901497|82001|1,TTTT,NNNN,TTTT-NNNN,4,4,0
062998068909095|82001|1,TTTT,....,TTTT-....,4,4,0
063010260984791|81001|2,TTTT,....,TTTT-....,4,4,0
063011160994791|83001|1,NTTT,....,NTTT-....,4,3,1
063012670954791|79001|1,TTTT,ENNN,TTTT-ENNN,4,4,0
063062105480390|79001|1,TTTT,TTTT,TTTT-TTTT,4,4,0
063096137420920|81001|1,TTTT,....,TTTT-....,4,4,0
063133380795990|82001|1,TTTT,TT..,TTTT-TT..,4,4,0
063133380795990|82001|2,TTTT,TT..,TTTT-TT..,4,4,0
063192899800951|81001|1,TUTT,TTTT,TUTT-TTTT,4,3,2
063192899800951|81001|2,TUTT,TTTT,TUTT-TTTT,4,3,2
063273890681495|81001|1,TTTT,TTTT,TTTT-TTTT,4,4,0
063274380992294|81001|1,TTTT,TTTT,TTTT-TTTT,4,4,0
063492899200951|81001|2,TTTT,TT..,TTTT-TT..,4,4,0
063540560017206|83001|1,ET..,....,ET..-....,2,1,1
063544250987296|80001|1,TTTT,TTTT,TTTT-TTTT,4,4,0
063901095905091|82001|2,TTTT,....,TTTT-....,4,4,0
063901098909091|79001|2,TTTT,TTTT,TTTT-TTTT,4,4,0
063901098909091|79001|3,TTTT,TTTT,TTTT-TTTT,4,4,0
063995209039519|81001|2,TTTT,TTTT,TTTT-TTTT,4,4,0
063998067900095|81001|4,NNNT,NNUN,NNNT-NNUN,4,1,1
064197769800958|83001|2,TTT.,....,TTT.-....,3,3,0
064339006909997|83001|2,TTT.,....,TTT.-....,3,3,0
064444170994690|81001|4,TTTT,EEEE,TTTT-EEEE,4,4,0
064444510794690|80001|3,NN.T,N.TT,NN.T-N.TT,3,1,1
064444850984690|83001|2,T...,....,T...-....,1,1,0
064595759000974|83001|1,TTT.,....,TTT.-....,3,3,0
065050610966391|81001|1,TTTT,TN..,TTTT-TN..,4,4,0
065050660956391|80001|2,TTNT,TTTT,TTNT-TTTT,4,3,2
065055530996391|81001|2,TTTT,NNNN,TTTT-NNNN,4,4,0
065153230789496|82001|1,TTTT,TTT.,TTTT-TTT.,4,4,0
065190160993590|81001|1,TTTT,TTTT,TTTT-TTTT,4,4,0
065190160993590|81001|2,TTTT,TTTT,TTTT-TTTT,4,4,0
065190460013500|80001|2,TTTT,TTTT,TTTT-TTTT,4,4,0
065194420983590|82001|2,TTTT,T...,TTTT-T...,4,4,0
065224780944596|79001|1,TTTT,TTTT,TTTT-TTTT,4,4,0
065224780944596|82001|1,TTTT,....,TTTT-....,4,4,0
065240260983297|82001|1,TTTT,TT..,TTTT-TT..,4,4,0
065240560983267|80001|1,TTTT,TTTT,TTTT-TTTT,4,4,0
065240760973297|81001|1,TTTT,TTTT,TTTT-TTTT,4,4,0
065240860933277|79001|1,TTTT,TTTT,TTTT-TTTT,4,4,0
065240860933277|79001|2,TTTT,TTTT,TTTT-TTTT,4,4,0
065372809100928|79001|1,TTTT,EEE.,TTTT-EEE.,4,4,0
065448703079299|82001|2,TTTU,....,TTTU-....,4,3,1
065520110990598|80001|1,TTTT,TTTT,TTTT-TTTT,4,4,0
065520160970588|82001|1,NTTT,EEEE,NTTT-EEEE,4,3,1
065520260960598|87001|1,T...,....,T...-....,1,1,0
065595018909995|79001|1,TTTT,EEET,TTTT-EEET,4,4,0
065597789300967|82001|2,EETT,....,EETT-....,4,2,1
065942805093689|83001|1,TTTT,....,TTTT-....,4,4,0
066022183180010|79001|3,TTNN,TTTN,TTNN-TTTN,4,2,1
066063370993394|82001|1,TTTT,TT..,TTTT-TT..,4,4,0
066066142360310|83001|1,TTN.,....,TTN.-....,3,2,1
066081270983190|83001|2,TNT.,....,TNT.-....,3,2,2
066084280013100|80001|1,TTTE,TTTT,TTTE-TTTT,4,3,1
066280740691897|83001|2,TT..,....,TT..-....,2,2,0
066281180991897|80001|1,TTTT,TTTT,TTTT-TTTT,4,4,0
066281180991897|82001|2,TTTT,TTTT,TTTT-TTTT,4,4,0
066283180971897|82001|2,TTTT,TTTT,TTTT-TTTT,4,4,0
066283430781897|82001|2,T.EE,N...,T.EE-N...,3,1,1
066350560995298|83001|3,EENT,....,EENT-....,4,1,2
066351620955298|80001|1,TTTT,T.TT,TTTT-T.TT,4,4,0
066366209700907|82001|2,NNTT,....,NNTT-....,4,2,1
066444240935198|82001|1,TTTT,TTT.,TTTT-TTT.,4,4,0
066469139600990|81001|2,TTTT,TTTT,TTTT-TTTT,4,4,0
066622890681791|81001|1,TETE,EEEE,TETE-EEEE,4,2,3
066928705042139|82001|2,TTTT,....,TTTT-....,4,4,0
066971390790999|82001|1,TTTT,TT..,TTTT-TT..,4,4,0
067092206350560|82001|1,TTTT,....,TTTT-....,4,4,0
067172470697549|80001|1,NTNT,TNNT,NTNT-TNNT,4,2,3
067261729700993|83001|1,TTT.,....,TTT.-....,3,3,0
067272490988196|81001|1,TTTT,TTTT,TTTT-TTTT,4,4,0
067310440984390|83001|2,UTTT,....,UTTT-....,4,3,1
067311590794390|81001|2,TTTT,TTT.,TTTT-TTT.,4,4,0
067312450014300|82001|1,TT..,T...,TT..-T...,2,2,0
067313840964390|83001|2,T...,....,T...-....,1,1,0
067450260938790|81001|2,T...,.TTT,T...-.TTT,1,1,0
067490240989794|87001|2,T...,....,T...-....,1,1,0
067562130997199|83001|2,TTTT,....,TTTT-....,4,4,0
067574059000983|79001|2,TTTT,TTTT,TTTT-TTTT,4,4,0
067752500994798|82001|1,TTTT,....,TTTT-....,4,4,0
067841480012503|82001|1,NNNT,N...,NNNT-N...,4,1,1
067843770692593|79001|1,TTTT,....,TTTT-....,4,4,0
068000150692097|80001|2,TTTT,TTTT,TTTT-TTTT,4,4,0
068120120991593|81001|2,E.TT,....,E.TT-....,3,2,1
068195029700962|80001|1,TTTT,NTTN,TTTT-NTTN,4,4,0
068254590997092|81001|1,TTTT,TTTT,TTTT-TTTT,4,4,0
068266859100961|82001|1,TTTT,....,TTTT-....,4,4,0
068714880964986|81001|3,TTTT,TTTT,TTTT-TTTT,4,4,0
068750150999898|81001|3,TTTT,TTNT,TTTT-TTNT,4,4,0
068750750699898|83001|2,TT..,....,TT..-....,2,2,0
068912103004279|81001|2,NTTT,....,NTTT-....,4,3,1
068934104018299|83001|2,TENE,....,TENE-....,4,1,3
068974520990093|83001|1,EETT,....,EETT-....,4,2,1
069011143520410|80001|2,EEET,TTTT,EEET-TTTT,4,1,1
069061380990193|83001|1,TTTT,....,TTTT-....,4,4,0
069061380990193|83001|2,TTTT,....,TTTT-....,4,4,0
069071190974895|83001|1,TTTT,....,TTTT-....,4,4,0
069096183040690|83001|1,T...,....,T...-....,1,1,0
069098759600218|83001|2,TTT.,....,TTT.-....,3,3,0
069151150998299|82001|1,TTTT,....,TTTT-....,4,4,0
069151380998299|83001|1,TTTT,....,TTTT-....,4,4,0
069151380998299|83001|2,TNNN,....,TNNN-....,4,1,1
069152100995896|81001|2,TTTT,....,TTTT-....,4,4,0
069154750795896|81001|2,NNNT,....,NNNT-....,4,1,1
069154750795896|82001|1,T...,....,T...-....,1,1,0
069195079200901|82001|3,TTTT,....,TTTT-....,4,4,0
069253210697697|82001|1,TTTT,EEE.,TTTT-EEE.,4,4,0
069253210697697|82001|2,TTTT,TTT.,TTTT-TTT.,4,4,0
069260049080924|81001|1,T.EE,EE.E,T.EE-EE.E,3,1,1
069264580997393|81001|2,TTTT,....,TTTT-....,4,4,0
069350260980895|87001|1,T...,....,T...-....,1,1,0
069351220960895|81001|1,TTTT,NNNN,TTTT-NNNN,4,4,0
069351820010805|80001|1,TTTT,TTTT,TTTT-TTTT,4,4,0
069351820930895|83001|1,T...,....,T...-....,1,1,0
069351820930895|83001|2,T...,....,T...-....,1,1,0
069392929600988|80001|3,TTTT,N...,TTTT-N...,4,4,0
069393869700989|81001|2,TTTT,T.TT,TTTT-T.TT,4,4,0
069400364410941|80001|1,TTTT,EEEE,TTTT-EEEE,4,4,0
069410597500985|79001|1,TTTT,TTTT,TTTT-TTTT,4,4,0
069594100694494|81001|2,TTTT,....,TTTT-....,4,4,0
069594959300908|80001|1,TTTT,TTTT,TTTT-TTTT,4,4,0
069633660958999|80001|1,T...,.TTT,T...-.TTT,1,1,0
069750157720921|81001|2,TTTT,E...,TTTT-E...,4,4,0
069880247560982|79001|2,TTTT,TTTT,TTTT-TTTT,4,4,0
069880247560982|81001|2,TTTT,TTTT,TTTT-TTTT,4,4,0
069958606026129|80001|2,TTTT,TTTT,TTTT-TTTT,4,4,0
070107007242370|81001|2,TTTU,....,TTTU-....,4,3,1
070111005936320|82001|1,TTTT,....,TTTT-....,4,4,0
070117017228370|81001|2,TTTT,TTTT,TTTT-TTTT,4,4,0
070145001626680|81001|2,TNNN,TNN.,TNNN-TNN.,4,1,1
070152096912969|83001|2,TTTT,....,TTTT-....,4,4,0
070165001542010|87001|2,T...,....,T...-....,1,1,0
070167007502540|83001|1,TTT.,....,TTT.-....,3,3,0
070255550994896|82001|2,TTTT,....,TTTT-....,4,4,0
070433260963694|87001|1,T...,....,T...-....,1,1,0
070445550693298|83001|2,TTTT,....,TTTT-....,4,4,0
070447007503540|81001|2,TTTT,TTTT,TTTT-TTTT,4,4,0
070459097655909|81001|2,TTTT,TTTT,TTTT-TTTT,4,4,0
070492159700568|80001|1,TTTT,TTTT,TTTT-TTTT,4,4,0
070492159700568|83001|2,TT..,....,TT..-....,2,2,0
070522096942969|80001|1,TTE.,EEEE,TTE.-EEEE,3,2,1
070522096942969|80001|2,TTE.,EEEE,TTE.-EEEE,3,2,1
070594150991794|80001|1,TTTT,TTTT,TTTT-TTTT,4,4,0
070674781010501|80001|2,TTTT,TTTT,TTTT-TTTT,4,4,0
070674781010501|82001|2,TEEE,....,TEEE-....,4,1,1
070852096918969|82001|2,TTTT,....,TTTT-....,4,4,0
070905091531019|83001|1,TTTT,....,TTTT-....,4,4,0
070911075955329|81001|2,TTTT,TTTT,TTTT-TTTT,4,4,0
070911095957329|83001|1,TT..,....,TT..-....,2,2,0
070912500998099|80001|1,TTTT,TTTT,TTTT-TTTT,4,4,0
070915091631689|80001|2,TTNN,TTTN,TTNN-TTTN,4,2,1
070927097223379|82001|1,TTTT,TT..,TTTT-TT..,4,4,0
070927097223379|82001|2,TTTT,TT..,TTTT-TT..,4,4,0
070937097531549|81001|1,TTTT,TTTT,TTTT-TTTT,4,4,0
070952076911969|80001|1,TTTT,TTTT,TTTT-TTTT,4,4,0
070952076911969|80001|2,TTTT,TTTT,TTTT-TTTT,4,4,0
070952076911969|80001|3,NNTT,....,NNTT-....,4,2,1
070963096627259|79001|1,TTTT,TTTT,TTTT-TTTT,4,4,0
070963404034916|82001|1,T...,TT..,T...-TT..,1,1,0
070965305075945|83001|1,TTTT,....,TTTT-....,4,4,0
070965305075945|83001|2,TTTT,....,TTTT-....,4,4,0
070969097633909|83001|1,TTNT,....,TTNT-....,4,3,2
070975091543019|81001|2,TNEE,NNNN,TNEE-NNNN,4,1,2
070992096933969|82001|2,TTTT,TT..,TTTT-TT..,4,4,0
070994120993390|80001|2,TTTT,EEEN,TTTT-EEEN,4,4,0
071046114280560|79001|1,TTTU,TNTT,TTTU-TNTT,4,3,1
071047114460560|80001|1,TTTT,EEEE,TTTT-EEEE,4,4,0
071065105360890|81001|2,UTTU,..EE,UTTU-..EE,4,2,2
071068121280480|83001|1,T...,....,T...-....,1,1,0
071240360999298|80001|1,TTTT,TTTT,TTTT-TTTT,4,4,0
071265564700993|82001|1,TTTT,....,TTTT-....,4,4,0
071279419400306|82001|2,TTTT,....,TTTT-....,4,4,0
071524300994996|82001|1,TTTT,TT..,TTTT-TT..,4,4,0
071694043905292|81001|1,TTTT,TTTT,TTTT-TTTT,4,4,0
071811790796094|80001|1,TTTT,TTTT,TTTT-TTTT,4,4,0
071820150694591|82001|2,T...,....,T...-....,1,1,0
071824550794591|83001|2,TTTT,....,TTTT-....,4,4,0
071914220691196|83001|2,TTTT,....,TTTT-....,4,4,0
071942580695694|81001|2,TTTT,TTTT,TTTT-TTTT,4,4,0
071966202077929|80001|2,TTTT,NEEE,TTTT-NEEE,4,4,0
071966202077929|82001|3,TTTT,....,TTTT-....,4,4,0
071972903028829|83001|1,EE.T,....,EE.T-....,3,1,1
071983570994693|81001|1,TTTT,TTTT,TTTT-TTTT,4,4,0
072030460986893|80001|2,NNTT,TTTT,NNTT-TTTT,4,2,1
072043057001713|80001|1,TTTT,TTTT,TTTT-TTTT,4,4,0
072043057001713|80001|2,TTTT,TTTT,TTTT-TTTT,4,4,0
072047164140070|82001|2,TTTT,T...,TTTT-T...,4,4,0
072115033905195|83001|1,TTUT,....,TTUT-....,4,3,2
072214780694390|80001|2,TTEE,TTTT,TTEE-TTTT,4,2,1
072251590796999|83001|1,TTTT,....,TTTT-....,4,4,0
072251590796999|83001|2,TTTT,....,TTTT-....,4,4,0
072272037908879|80001|2,TTTT,TTTT,TTTT-TTTT,4,4,0
072471860010102|80001|2,TTNT,TTTT,TTNT-TTTT,4,3,2
072583360972595|83001|1,TTN.,....,TTN.-....,3,2,1
072692560995792|82001|2,TTT.,....,TTT.-....,3,3,0
072701520022502|83001|2,ENUT,....,ENUT-....,4,1,3
072701820982592|82001|3,TUEE,....,TUEE-....,4,1,2
072702860982592|79001|2,TTTT,TTTT,TTTT-TTTT,4,4,0
072791390998290|83001|2,TTTT,....,TTTT-....,4,4,0
072791890988290|83001|2,T...,....,T...-....,1,1,0
072948906073819|81001|2,TTTT,UEEE,TTTT-UEEE,4,4,0
072948906073819|82001|1,TTTT,....,TTTT-....,4,4,0
072948906073819|82001|2,TTTT,....,TTTT-....,4,4,0
072988008069919|82001|1,TTTT,....,TTTT-....,4,4,0
072988500097859|82001|1,EETT,....,EETT-....,4,2,1
073410160990096|83001|2,TTTT,....,TTTT-....,4,4,0
073412410690046|83001|1,TTTT,....,TTTT-....,4,4,0
073471026909362|81001|2,TTTT,EEEE,TTTT-EEEE,4,4,0
073671770693096|81001|3,TNUT,EETT,TNUT-EETT,4,2,3
073926803035917|80001|1,TTTT,TTTT,TTTT-TTTT,4,4,0
073962520999695|81001|2,TTTT,TTTT,TTTT-TTTT,4,4,0
073965330999695|80001|2,TNNT,TTTT,TNNT-TTTT,4,2,2
074000560997395|81001|1,TTTT,TNNN,TTTT-TNNN,4,4,0
074000560997395|82001|2,TTTT,....,TTTT-....,4,4,0
074000860937395|79001|2,ETEE,EEEE,ETEE-EEEE,4,1,2
074094609200516|79001|1,TTTT,NNNE,TTTT-NNNE,4,4,0
074123580777698|83001|1,TTTT,....,TTTT-....,4,4,0
074171180999398|80001|2,TT.N,EEEE,TT.N-EEEE,3,2,1
074174570999398|80001|1,NNNT,NTTN,NNNT-NTTN,4,1,1
074770860984195|81001|2,E.TE,N...,E.TE-N...,3,1,2
074842067908291|83001|2,TT..,....,TT..-....,2,2,0
074852470783490|81001|2,TTTT,EEEE,TTTT-EEEE,4,4,0
074892230113803|80001|1,TTTT,TTTT,TTTT-TTTT,4,4,0
074894440783893|80001|2,TTTT,NNTT,TTTT-NNTT,4,4,0
074894840933893|83001|1,T...,....,T...-....,1,1,0
074905008055298|81001|1,TTTT,....,TTTT-....,4,4,0
074948204005937|81001|1,TTTT,TTTT,TTTT-TTTT,4,4,0
074966207041907|80001|2,TTTT,TTTT,TTTT-TTTT,4,4,0
074966207041907|80001|4,TTNE,....,TTNE-....,4,2,2
074967207041905|79001|1,TTTT,TTTT,TTTT-TTTT,4,4,0
074998203002959|80001|2,TTTT,TTTT,TTTT-TTTT,4,4,0
075170710019805|83001|2,TT..,....,TT..-....,2,2,0
075642180691892|81001|1,TTTN,NUNE,TTTN-NUNE,4,3,1
075642300991892|81001|1,TTTT,TTTT,TTTT-TTTT,4,4,0
075642600781892|81001|2,TTTT,TTTT,TTTT-TTTT,4,4,0
075683580697590|82001|1,TTTT,....,TTTT-....,4,4,0
075882430788398|81001|1,TTTT,TTTT,TTTT-TTTT,4,4,0
075882530998398|83001|1,TTTT,....,TTTT-....,4,4,0
075884760698398|82001|2,TT..,....,TT..-....,2,2,0
075952707017924|81001|1,TTTT,TTTT,TTTT-TTTT,4,4,0
075958007074947|83001|2,T...,....,T...-....,1,1,0
076253590949991|80001|1,TTTT,TTTT,TTTT-TTTT,4,4,0
076254120997194|80001|2,TTTT,TTTT,TTTT-TTTT,4,4,0
076643550999097|83001|1,TTTT,....,TTTT-....,4,4,0
076724120976597|80001|1,TTTT,EEEE,TTTT-EEEE,4,4,0
076724680936597|79001|1,TTTT,TTTT,TTTT-TTTT,4,4,0
076724680936597|82001|3,TTTT,....,TTTT-....,4,4,0
076744850019203|83001|2,T...,....,T...-....,1,1,0
076874580998991|81001|2,TUUU,EEEN,TUUU-EEEN,4,1,1
076874580998991|83001|1,TTTT,....,TTTT-....,4,4,0
076874580998991|83001|2,TTTT,....,TTTT-....,4,4,0
076875140698991|80001|1,TTTT,TTTT,TTTT-TTTT,4,4,0
076894520992692|82001|2,TTTT,....,TTTT-....,4,4,0
076918806044959|80001|1,TTTT,EEEE,TTTT-EEEE,4,4,0
076926909051987|80001|2,TTTT,TTTT,TTTT-TTTT,4,4,0
076944320928592|83001|2,TTTT,....,TTTT-....,4,4,0
076951309069235|83001|1,TTTT,....,TTTT-....,4,4,0
076951309069235|83001|2,TTTT,....,TTTT-....,4,4,0
076954380995498|83001|2,TTTT,....,TTTT-....,4,4,0
076964580997891|82001|1,TTTT,....,TTTT-....,4,4,0
077059193360020|81001|2,NENT,TT.E,NENT-TT.E,4,1,3
077164390992290|81001|2,TTTN,....,TTTN-....,4,3,1
077293510992799|82001|2,TTTT,....,TTTT-....,4,4,0
077450240985097|83001|2,TTTT,....,TTTT-....,4,4,0
077450740975097|81001|2,T...,....,T...-....,1,1,0
077501290018602|83001|2,TTTT,....,TTTT-....,4,4,0
077691320999897|80001|3,TTTT,TNNN,TTTT-TNNN,4,4,0
077722650953097|83001|1,TTT.,....,TTT.-....,3,3,0
077723180993097|82001|1,TTTT,....,TTTT-....,4,4,0
077725530993097|80001|1,TTTT,TTT.,TTTT-TTT.,4,4,0
077854800010309|81001|1,TT..,....,TT..-....,2,2,0
077950860952196|81001|1,TTTT,TTTT,TTTT-TTTT,4,4,0
077951520992196|83001|1,TTTT,....,TTTT-....,4,4,0
077953510992196|83001|2,TTTT,....,TTTT-....,4,4,0
077964503069897|83001|1,TEEE,....,TEEE-....,4,1,1
077998106052899|83001|1,T...,....,T...-....,1,1,0
078154560999792|81001|1,TTTT,.TTT,TTTT-.TTT,4,4,0
078313360996595|83001|1,TTTT,....,TTTT-....,4,4,0
078610840988093|81001|1,TTTT,TTTT,TTTT-TTTT,4,4,0
078612630698043|79001|1,TTTT,EEEE,TTTT-EEEE,4,4,0
078662650966891|80001|1,TTTT,TTTT,TTTT-TTTT,4,4,0
078665250786891|82001|1,EETT,....,EETT-....,4,2,1
078673110994898|80001|1,TTTT,TTNN,TTTT-TTNN,4,4,0
078703160997096|81001|1,TTTT,TTTT,TTTT-TTTT,4,4,0
078733610111104|81001|1,NTTT,NNNN,NTTT-NNNN,4,3,1
078733760971194|83001|2,TT..,....,TT..-....,2,2,0
078773560994297|81001|3,TTTT,....,TTTT-....,4,4,0
078882100994692|82001|1,TTTT,TTTT,TTTT-TTTT,4,4,0
078948700085879|80001|2,TTTT,....,TTTT-....,4,4,0
079028193420430|87001|2,T...,....,T...-....,1,1,0
079051170946687|83001|2,TTTT,....,TTTT-....,4,4,0
079052830986697|83001|2,T...,....,T...-....,1,1,0
079053420986697|80001|1,TTTT,TTTT,TTTT-TTTT,4,4,0
079056178480170|80001|1,TTTT,NT..,TTTT-NT..,4,4,0
079056178480170|83001|2,T...,....,T...-....,1,1,0
079060860986591|83001|2,T...,....,T...-....,1,1,0
079065560996591|80001|1,TTTT,TTTT,TTTT-TTTT,4,4,0
079098179440400|83001|1,TTTT,....,TTTT-....,4,4,0
079100701300951|81001|1,TTTT,TTTT,TTTT-TTTT,4,4,0
079792260981896|83001|1,TTTT,....,TTTT-....,4,4,0
079793890981896|83001|1,T...,....,T...-....,1,1,0
079810360954965|83001|5,EETT,....,EETT-....,4,2,1
079810660914995|82001|1,TTTT,....,TTTT-....,4,4,0
079812300994995|81001|2,EEET,EEUU,EEET-EEUU,4,1,1
079880572360934|81001|1,EUTT,....,EUTT-....,4,2,2
080036063908074|81001|2,TTTT,....,TTTT-....,4,4,0
080093760923997|82001|2,TTTT,....,TTTT-....,4,4,0
080134006212230|87001|1,T...,....,T...-....,1,1,0
080135096052339|80001|2,TTTT,TEEE,TTTT-TEEE,4,4,0
080168005232390|83001|3,TTEN,....,TTEN-....,4,2,2
080390509600733|83001|2,T...,....,T...-....,1,1,0
080542300999998|81001|2,TT..,....,TT..-....,2,2,0
080581830017407|82001|1,TTTT,....,TTTT-....,4,4,0
080618075234399|83001|2,TTTT,....,TTTT-....,4,4,0
080718095235399|80001|1,TTTT,TTTT,TTTT-TTTT,4,4,0
080718095235399|80001|2,TTTT,TTTT,TTTT-TTTT,4,4,0
080718095235399|82001|1,TTTT,....,TTTT-....,4,4,0
080792048909999|81001|2,TTTT,TTTT,TTTT-TTTT,4,4,0
080835096058339|82001|2,TTTT,....,TTTT-....,4,4,0
080866097208269|79001|1,TTT.,TTTT,TTT.-TTTT,3,3,0
080892069236429|80001|1,TTTT,EEEE,TTTT-EEEE,4,4,0
080956097047209|83001|1,TT..,....,TT..-....,2,2,0
080966097203269|82001|2,TTTT,TT..,TTTT-TT..,4,4,0
080974066626194|83001|1,TTT.,....,TTT.-....,3,3,0
080974066626194|83001|2,TTT.,....,TTT.-....,3,3,0
080976097031209|83001|1,TTTT,....,TTTT-....,4,4,0
080982097141989|81001|2,TTTT,TTTT,TTTT-TTTT,4,4,0
080987066035779|82001|2,TTTT,....,TTTT-....,4,4,0
081064800696540|81001|1,TTTT,TTTT,TTTT-TTTT,4,4,0
081194069900710|82001|1,TTTT,....,TTTT-....,4,4,0
081472130694291|81001|1,TTTT,TTTT,TTTT-TTTT,4,4,0
081475100994291|83001|1,TTNT,....,TTNT-....,4,3,2
081475100994291|83001|2,TTUU,....,TTUU-....,4,2,1
081612210698996|87001|2,T...,....,T...-....,1,1,0
081770460938395|81001|2,TTTE,EEEE,TTTE-EEEE,4,3,1
081773700698395|82001|2,TTTE,....,TTTE-....,4,3,1
081774220984295|81001|1,TTTT,EEEE,TTTT-EEEE,4,4,0
082002630694141|83001|1,TTT.,....,TTT.-....,3,3,0
082002630694141|83001|2,TTT.,....,TTT.-....,3,3,0
082003500994191|80001|2,TTTT,TTTT,TTTT-TTTT,4,4,0
082003500994191|82001|1,TEEE,....,TEEE-....,4,1,1
082036068909094|81001|2,TTTT,EEEN,TTTT-EEEN,4,4,0
082303100995997|82001|2,TTTT,TT.T,TTTT-TT.T,4,4,0
082303350945997|82001|2,TTTT,TT..,TTTT-TT..,4,4,0
082372120993697|81001|1,TTTT,TTTT,TTTT-TTTT,4,4,0
082374250983697|81001|2,TTTT,TTTT,TTTT-TTTT,4,4,0
082650550990593|80001|1,TTTT,TTTT,TTTT-TTTT,4,4,0
083042129140910|81001|1,TTTT,EEEE,TTTT-EEEE,4,4,0
083064480018007|82001|1,TTTT,E...,TTTT-E...,4,4,0
083172899900951|80001|1,TTTT,EEEE,TTTT-EEEE,4,4,0
083172899900951|82001|2,TTTN,....,TTTN-....,4,3,1
083254800966798|80001|2,TTTT,TTTT,TTTT-TTTT,4,4,0
083254800966798|82001|2,TTTT,....,TTTT-....,4,4,0
083290820693992|80001|1,TTTT,....,TTTT-....,4,4,0
083290820693992|80001|2,TTNT,....,TTNT-....,4,3,2
083294220985992|82001|1,TTTT,T.T.,TTTT-T.T.,4,4,0
083464880982095|81001|2,TTTT,....,TTTT-....,4,4,0
083825700697994|82001|2,TTTT,....,TTTT-....,4,4,0
083825700697994|82001|3,TTTN,....,TTTN-....,4,3,1
083981820908396|81001|1,TTTT,TTTT,TTTT-TTTT,4,4,0
084002155140840|80001|2,TTTT,TTTT,TTTT-TTTT,4,4,0
084006006909795|82001|1,N..T,....,N..T-....,2,1,1
084025146160460|79001|1,TTTT,....,TTTT-....,4,4,0
084055115420290|81001|1,TTTT,TTTT,TTTT-TTTT,4,4,0
084055330948894|82001|1,TTTT,....,TTTT-....,4,4,0
084102087001401|80001|2,TTET,....,TTET-....,4,3,2
084234084904497|82001|1,TEEE,E...,TEEE-E...,4,1,1
084292460010808|81001|1,TTTT,TTTT,TTTT-TTTT,4,4,0
084312340994691|83001|1,TTTT,....,TTTT-....,4,4,0
084313490954691|81001|1,TTTT,TTTT,TTTT-TTTT,4,4,0
084313890964691|82001|1,TTUU,....,TTUU-....,4,2,1
084314550994691|80001|2,NTTN,NNNN,NTTN-NNNN,4,2,2
084379004909997|81001|4,TTTT,....,TTTT-....,4,4,0
084507017001607|79001|1,TTTT,EEEE,TTTT-EEEE,4,4,0
084579038909599|82001|1,TTTN,....,TTTN-....,4,3,1
084703320798698|81001|2,TTTT,TTTT,TTTT-TTTT,4,4,0
084703340998698|81001|2,TTTT,TTTT,TTTT-TTTT,4,4,0
084703560998698|83001|1,TTTT,....,TTTT-....,4,4,0
084942360997296|81001|1,TT.T,TTTT,TT.T-TTTT,3,3,0
084948013908592|82001|1,TTTT,....,TTTT-....,4,4,0
085022139420360|80001|1,TTTT,TTTT,TTTT-TTTT,4,4,0
085022139420360|80001|2,TTTT,TTTT,TTTT-TTTT,4,4,0
085027139320360|83001|1,TTT.,....,TTT.-....,3,3,0
085091620936996|79001|2,TTTT,TTTT,TTTT-TTTT,4,4,0
085091620936996|80001|2,TTTT,TTTT,TTTT-TTTT,4,4,0
085093560943199|80001|1,TT..,....,TT..-....,2,2,0
085093840013109|83001|2,T...,....,T...-....,1,1,0
085415160996997|82001|1,TTTT,TTTT,TTTT-TTTT,4,4,0
085415160996997|83001|3,TTTT,....,TTTT-....,4,4,0
085415160996997|83001|4,TTTT,....,TTTT-....,4,4,0
085415500016907|83001|1,UUTT,....,UUTT-....,4,2,1
085461670908483|81001|1,TTTT,TTTT,TTTT-TTTT,4,4,0
085461820988493|79001|3,TTTU,....,TTTU-....,4,3,1
085462230988493|83001|1,TTTT,....,TTTT-....,4,4,0
085462230988493|83001|2,TTTT,....,TTTT-....,4,4,0
085462230988493|87001|1,T...,....,T...-....,1,1,0
085462340948493|80001|2,TTTT,..TT,TTTT-..TT,4,4,0
085572830698249|82001|1,TTTT,....,TTTT-....,4,4,0
085572830698249|82001|2,TTTT,....,TTTT-....,4,4,0
085573430768299|80001|2,TTTT,TTTT,TTTT-TTTT,4,4,0
085573730798299|82001|1,TTTT,....,TTTT-....,4,4,0
085575430988299|82001|1,TTTT,T...,TTTT-T...,4,4,0
085642770776897|80001|1,TTTT,TTTT,TTTT-TTTT,4,4,0
085645230986897|80001|1,TTNN,TNNN,TTNN-TNNN,4,2,1
085872110690592|81001|1,TTTT,....,TTTT-....,4,4,0
085872190990592|81001|1,TTTT,TTTT,TTTT-TTTT,4,4,0
085872790690592|79001|1,TTTT,TTTT,TTTT-TTTT,4,4,0
085963840980198|82001|1,TTTT,....,TTTT-....,4,4,0
086071270930884|81001|2,TTTT,TTTT,TTTT-TTTT,4,4,0
086072540790894|80001|2,TTTT,....,TTTT-....,4,4,0
086110220115009|87001|2,T...,....,T...-....,1,1,0
086271290980395|83001|2,NTNE,....,NTNE-....,4,1,3
086351390790795|81001|1,TTTT,TTTT,TTTT-TTTT,4,4,0
086351390790795|81001|2,TTTT,TTTT,TTTT-TTTT,4,4,0
086354380920795|83001|1,TTTT,....,TTTT-....,4,4,0
086380260969191|83001|2,TTTT,....,TTTT-....,4,4,0
086384300799191|80001|1,TTTT,TTTT,TTTT-TTTT,4,4,0
086542150999291|82001|1,UTTT,UNNU,UTTT-UNNU,4,3,1
086543630789291|81001|1,TTTT,TTTT,TTTT-TTTT,4,4,0
086562530798992|81001|1,ETEN,....,ETEN-....,4,1,3
086563630768992|79001|2,TTTT,EEEE,TTTT-EEEE,4,4,0
086565310993594|80001|1,TUUU,UUUN,TUUU-UUUN,4,1,1
086565430018902|83001|1,TTTT,....,TTTT-....,4,4,0
086565430018902|83001|2,EETT,....,EETT-....,4,2,1
086593810785297|80001|1,TTTT,.TTT,TTTT-.TTT,4,4,0
086713510799397|83001|2,TTTT,....,TTTT-....,4,4,0
086753130990991|83001|1,TTT.,....,TTT.-....,3,3,0
086990160976394|80001|1,TTTT,TTTT,TTTT-TTTT,4,4,0
086991330996394|80001|4,TTTT,TTTT,TTTT-TTTT,4,4,0
086991330996394|82001|1,NTTT,TT..,NTTT-TT..,4,3,1
086995130996394|83001|1,TTTT,....,TTTT-....,4,4,0
087012110698891|80001|2,TTTT,TTTT,TTTT-TTTT,4,4,0
087412180696699|80001|2,EETT,NNNN,EETT-NNNN,4,2,1
087560260967790|82001|2,TTTT,TTT.,TTTT-TTT.,4,4,0
087560260967790|83001|1,T.TT,....,T.TT-....,3,3,0
087562310797790|83001|2,NNNT,....,NNNT-....,4,1,1
087613560922290|83001|1,TTT.,....,TTT.-....,3,3,0
087613560922290|83001|2,TTT.,....,TTT.-....,3,3,0
087613560922290|83001|3,TTT.,....,TTT.-....,3,3,0
087613560922290|83001|4,TTT.,....,TTT.-....,3,3,0
087752820985897|81001|1,TTTT,NTTT,TTTT-NTTT,4,4,0
088269939000906|81001|1,TTTT,TTTT,TTTT-TTTT,4,4,0
088271420953794|82001|1,TTTT,T...,TTTT-T...,4,4,0
088271820963794|80001|1,TTTT,....,TTTT-....,4,4,0
088372500995994|81001|1,TTTT,TTTT,TTTT-TTTT,4,4,0
088491560995592|81001|2,TTTN,NNNN,TTTN-NNNN,4,3,1
088511150696995|83001|2,EENT,....,EENT-....,4,1,2
088511350926995|81001|1,TTTT,TTTT,TTTT-TTTT,4,4,0
088512840016905|82001|2,TTTT,....,TTTT-....,4,4,0
088513220986985|87001|1,T...,....,T...-....,1,1,0
088513320976995|82001|1,TTTT,....,TTTT-....,4,4,0
088513520926995|82001|1,TTT.,....,TTT.-....,3,3,0
088513720746995|81001|4,ENNT,....,ENNT-....,4,1,2
088524170996290|83001|1,TTTT,....,TTTT-....,4,4,0
088692120991793|80001|1,TTTT,EEEE,TTTT-EEEE,4,4,0
088692260981793|83001|1,TTTT,....,TTTT-....,4,4,0
088692680681793|79001|6,TTTT,EEEE,TTTT-EEEE,4,4,0
088692680681793|80001|1,TTTT,EEEE,TTTT-EEEE,4,4,0
088692680681793|82001|1,TT..,....,TT..-....,2,2,0
088692760971793|83001|1,TT..,....,TT..-....,2,2,0
088692760971793|83001|2,TT..,....,TT..-....,2,2,0
088694260961793|83001|2,TTTT,....,TTTT-....,4,4,0
088694260961793|87001|1,T...,....,T...-....,1,1,0
088923260013005|83001|1,TTTT,....,TTTT-....,4,4,0
088924320993095|83001|1,TTTT,....,TTTT-....,4,4,0
089220417220942|81001|2,TTTT,TTTT,TTTT-TTTT,4,4,0
089260194050945|81001|1,ETEU,TTTT,ETEU-TTTT,4,1,3
089270486510982|79001|1,TT.E,TTTE,TT.E-TTTE,3,2,1
089320399530943|81001|1,TTTT,TTTT,TTTT-TTTT,4,4,0
089420836120964|83001|1,TTT.,....,TTT.-....,3,3,0
089560540698396|83001|1,TTTT,....,TTTT-....,4,4,0
089600616920725|80001|2,TTTT,TTEE,TTTT-TTEE,4,4,0
089600616920945|80001|2,TEEE,EEE.,TEEE-EEE.,4,1,1
089620906790721|81001|1,TTTT,TTTT,TTTT-TTTT,4,4,0
089860254230981|80001|2,NNNT,NENT,NNNT-NENT,4,1,1
089860254230981|82001|1,TTTT,....,TTTT-....,4,4,0
089890081060742|83001|4,TT..,....,TT..-....,2,2,0
089950766270785|79001|2,EEET,....,EEET-....,4,1,1
090099188220220|87001|4,T...,....,T...-....,1,1,0
090122094818609|82001|4,TTTT,....,TTTT-....,4,4,0
090173015126440|82001|1,TTTT,....,TTTT-....,4,4,0
090311300774196|82001|1,TTTT,TT..,TTTT-TT..,4,4,0
090313860954196|81001|1,TNTT,TTTT,TNTT-TTTT,4,3,2
090593580697593|82001|1,TTTT,....,TTTT-....,4,4,0
090593580697593|82001|2,TTTT,....,TTTT-....,4,4,0
090612807008621|82001|1,TTTT,EEE.,TTTT-EEE.,4,4,0
090713807008620|83001|2,TTTT,....,TTTT-....,4,4,0
090722094815609|81001|2,TTTT,TTTT,TTTT-TTTT,4,4,0
090813807008621|82001|2,TTTT,E...,TTTT-E...,4,4,0
090816807008624|81001|1,TTTN,TTTT,TTTN-TTTT,4,3,1
090844099936779|83001|1,TTT.,....,TTT.-....,3,3,0
090853140994598|80001|1,TTTT,TTTT,TTTT-TTTT,4,4,0
090854690964598|80001|2,TTTT,TTTN,TTTT-TTTN,4,4,0
090854790944598|82001|1,TTTT,....,TTTT-....,4,4,0
090854790944598|82001|2,TTTT,....,TTTT-....,4,4,0
090884099946779|79001|2,ETTT,TTTT,ETTT-TTTT,4,3,1
090904407061539|81001|2,TTTT,TTTT,TTTT-TTTT,4,4,0
090906103071809|82001|2,TTTT,....,TTTT-....,4,4,0
090911066007359|79001|2,TTTT,TTTT,TTTT-TTTT,4,4,0
090914405001639|80001|2,TTTT,TTTT,TTTT-TTTT,4,4,0
090916403061169|80001|1,TTTT,TTTT,TTTT-TTTT,4,4,0
090916405001634|79001|2,TTTT,NEEE,TTTT-NEEE,4,4,0
090922101091599|83001|1,TTTT,....,TTTT-....,4,4,0
090937307065618|82001|2,NTTT,....,NTTT-....,4,3,1
090944099931779|82001|1,TTTT,UETT,TTTT-UETT,4,4,0
090944502002249|80001|1,TNTT,TTTT,TNTT-TTTT,4,3,2
090946006014267|81001|2,TUEE,TTTT,TUEE-TTTT,4,1,2
090951076047359|80001|1,TTTT,TTTT,TTTT-TTTT,4,4,0
090957805067638|79001|2,TTTT,TTTT,TTTT-TTTT,4,4,0
090963094521879|81001|1,TTTT,TTTT,TTTT-TTTT,4,4,0
090964106049849|80001|2,NNTE,NNNN,NNTE-NNNN,4,1,2
090964106049849|83001|1,TTTT,....,TTTT-....,4,4,0
090973095141449|82001|1,TTTT,TTTT,TTTT-TTTT,4,4,0
090974095543059|83001|2,TTTT,....,TTTT-....,4,4,0
090976506098619|79261|1,TTTT,TTTT,TTTT-TTTT,4,4,0
090984907003679|83001|1,TTTT,....,TTTT-....,4,4,0
090984907003679|83001|2,TTTT,....,TTTT-....,4,4,0
090988408016699|79001|3,TTTT,EEEE,TTTT-EEEE,4,4,0
090994909002139|83001|2,TTTT,....,TTTT-....,4,4,0
091082185280380|83001|1,T...,....,T...-....,1,1,0
091233670961390|79001|1,TTTT,EEEE,TTTT-EEEE,4,4,0
091264380995091|83001|2,TTTT,....,TTTT-....,4,4,0
091794480986692|80001|1,TT..,....,TT..-....,2,2,0
091928307022559|82001|3,TTT.,....,TTT.-....,3,3,0
091974901092579|83001|2,TTTT,....,TTTT-....,4,4,0
091981501047646|80001|2,TTNN,....,TTNN-....,4,2,1
091985600022648|83001|1,TETT,....,TETT-....,4,3,2
092068184360750|81001|2,TTTT,TTTT,TTTT-TTTT,4,4,0
092073151340050|80001|1,UTTT,TTTT,UTTT-TTTT,4,3,1
092194610782590|79001|2,TTTT,TTTT,TTTT-TTTT,4,4,0
092240071906690|80001|1,TTTT,TTTT,TTTT-TTTT,4,4,0
092320810983496|81001|1,TTTT,....,TTTT-....,4,4,0
092323580693496|80001|2,ETTT,EEEE,ETTT-EEEE,4,3,1
092323580693496|81001|1,TTTT,TTTT,TTTT-TTTT,4,4,0
092584100990693|82001|2,ETTT,NTTE,ETTT-NTTE,4,3,1
092584160690693|80001|2,TTTU,TTTT,TTTU-TTTT,4,3,1
092635140992594|82001|1,TTTT,TTTT,TTTT-TTTT,4,4,0
092725809058633|82001|1,T...,....,T...-....,1,1,0
092728809058637|80001|2,TTTT,TTTT,TTTT-TTTT,4,4,0
092901607096996|80001|2,TTTT,TTTT,TTTT-TTTT,4,4,0
092913906037428|83001|1,TTTT,....,TTTT-....,4,4,0
092915906037628|83001|1,TTTT,....,TTTT-....,4,4,0
092938501081829|82001|2,TTTT,....,TTTT-....,4,4,0
092943208035678|81001|2,TTTT,NNNN,TTTT-NNNN,4,4,0
092948208035472|81001|2,TTTT,TTT.,TTTT-TTT.,4,4,0
092956505092699|79001|1,TTTT,TTTT,TTTT-TTTT,4,4,0
092974901060129|81001|2,NTTN,NNNN,NTTN-NNNN,4,2,2
092976800077249|81001|2,T.TT,TTTT,T.TT-TTTT,3,3,0
092987008069915|82001|1,TTTT,....,TTTT-....,4,4,0
092994307075699|80001|1,TT..,....,TT..-....,2,2,0
092995650966196|81001|1,TTTT,TTTT,TTTT-TTTT,4,4,0
093040113580080|82001|1,TTT.,....,TTT.-....,3,3,0
093161052909062|80001|4,TEEE,EEEE,TEEE-EEEE,4,1,1
093171390995390|82001|1,TTTT,EE..,TTTT-EE..,4,4,0
093182500997593|83001|4,TTTT,....,TTTT-....,4,4,0
093234082907497|81001|2,TTTT,UTTT,TTTT-UTTT,4,4,0
093255450011601|80001|1,NENT,EEE.,NENT-EEE.,4,1,3
093260180994499|80001|2,TTTU,UTEN,TTTU-UTEN,4,3,1
093260340024409|80001|1,TTTT,TTTT,TTTT-TTTT,4,4,0
093260340944499|80001|2,NNNT,NNNN,NNNT-NNNN,4,1,1
093260840934499|81001|1,TTTT,TTTT,TTTT-TTTT,4,4,0
093261790794499|83001|1,TT..,....,TT..-....,2,2,0
093262770694499|79001|1,TTTT,....,TTTT-....,4,4,0
093263830784499|83001|1,T...,....,T...-....,1,1,0
093285081906492|80001|1,TEEE,....,TEEE-....,4,1,1
093545082909869|80001|3,TTTT,TTTT,TTTT-TTTT,4,4,0
093545082909869|83001|1,TTTT,....,TTTT-....,4,4,0
093554580691293|80001|1,TTTT,TTTT,TTTT-TTTT,4,4,0
093554580691293|83001|2,TTTT,....,TTTT-....,4,4,0
093620890966697|81001|1,ETEE,NNNN,ETEE-NNNN,4,1,2
093624550696697|83001|1,TTTT,....,TTTT-....,4,4,0
093812806051659|80001|1,EETE,EEEE,EETE-EEEE,4,1,2
093904509014649|82001|1,TTTT,T...,TTTT-T...,4,4,0
093915806051653|82001|3,TTTT,....,TTTT-....,4,4,0
093917601095625|82001|2,TTTT,....,TTTT-....,4,4,0
093943700055666|81001|2,ENTE,....,ENTE-....,4,1,3
093948205006639|83001|1,T...,....,T...-....,1,1,0
093973800093618|83001|2,TNUT,....,TNUT-....,4,2,3
093974809023699|82001|1,U.TT,T...,U.TT-T...,3,2,1
093992205015639|87001|1,T...,....,T...-....,1,1,0
093997205015638|82001|2,EEET,....,EEET-....,4,1,1
094008192060970|80001|2,TTTT,TTTT,TTTT-TTTT,4,4,0
094130524710621|80001|2,TTTT,TTTT,TTTT-TTTT,4,4,0
094143790697496|82001|4,TTT.,....,TTT.-....,3,3,0
094545083001809|81001|2,TTTT,T...,TTTT-T...,4,4,0
094545088902899|83001|1,T...,....,T...-....,1,1,0
094550565050665|81001|1,TTT.,T...,TTT.-T...,3,3,0
094731201092683|80001|2,TTTT,TTTT,TTTT-TTTT,4,4,0
094863701036408|81001|1,ETNE,EEEE,ETNE-EEEE,4,1,3
094868701036407|82001|2,TTTT,....,TTTT-....,4,4,0
094895700692193|80001|2,T.TT,TTTT,T.TT-TTTT,3,3,0
094901600060630|80001|1,TTTT,TTTT,TTTT-TTTT,4,4,0
094901600060630|83001|2,TTTT,....,TTTT-....,4,4,0
094906403087559|82001|3,TTTT,....,TTTT-....,4,4,0
094906600060639|81001|2,TTNN,TTTT,TTNN-TTTT,4,2,1
094918406029609|82001|1,TTTT,....,TTTT-....,4,4,0
094918406029609|83001|2,T...,....,T...-....,1,1,0
094921107035905|81001|2,TTTT,TTTT,TTTT-TTTT,4,4,0
094922409042619|80001|2,TTTT,TTTT,TTTT-TTTT,4,4,0
094922409042619|87001|4,T...,....,T...-....,1,1,0
094930110994295|80001|1,TTTT,EEEE,TTTT-EEEE,4,4,0
094932101011109|83001|1,TUEE,....,TUEE-....,4,1,2
094937901061668|80001|2,TTTT,TTTT,TTTT-TTTT,4,4,0
094964009092899|82001|2,TTTT,T...,TTTT-T...,4,4,0
094976709013159|81001|1,TTTT,TT..,TTTT-TT..,4,4,0
094983707082906|81001|3,TT..,....,TT..-....,2,2,0
094991203002958|80001|2,TEE.,NEN.,TEE.-NEN.,3,1,1
094991203002958|81001|1,TTTT,ETTT,TTTT-ETTT,4,4,0
095014880015503|80001|1,TTTT,TTTT,TTTT-TTTT,4,4,0
095014880015503|80001|2,TTTT,TTTT,TTTT-TTTT,4,4,0
095082132220800|87001|2,T...,....,T...-....,1,1,0
095164890012007|81001|2,TTTT,TTTT,TTTT-TTTT,4,4,0
095324360998097|82001|1,TTTT,TT..,TTTT-TT..,4,4,0
095325450988097|81001|2,TTTT,EEEE,TTTT-EEEE,4,4,0
095325450988097|82001|1,TTTT,T...,TTTT-T...,4,4,0
095341520999393|81001|2,TTTT,EEEE,TTTT-EEEE,4,4,0
095341520999393|82001|2,TTTT,....,TTTT-....,4,4,0
095341820019303|79001|1,TTTT,.TTT,TTTT-.TTT,4,4,0
095481620965596|83001|2,TTT.,....,TTT.-....,3,3,0
095482510992294|80001|1,TTTT,TTTT,TTTT-TTTT,4,4,0
095485140995596|80001|2,TTTT,TTTT,TTTT-TTTT,4,4,0
095503360970498|81001|2,TTT.,NNN.,TTT.-NNN.,3,3,0
095570190779397|80001|1,TTTT,TTTT,TTTT-TTTT,4,4,0
095570490959397|80001|1,TTTT,TTTT,TTTT-TTTT,4,4,0
095570890969397|80001|2,TTTT,TTTT,TTTT-TTTT,4,4,0
095571850019307|79001|2,TTTT,TTTN,TTTT-TTTN,4,4,0
095572530799397|82001|2,TTTT,....,TTTT-....,4,4,0
095833190994999|80001|2,TTTT,TTTT,TTTT-TTTT,4,4,0
095833190994999|81001|2,TTTT,TTTT,TTTT-TTTT,4,4,0
095903402031138|83001|1,TTTT,....,TTTT-....,4,4,0
095906106065609|83001|1,TTT.,....,TTT.-....,3,3,0
095926702037299|83001|1,TTT.,....,TTT.-....,3,3,0
095928606048689|79001|2,ETTT,EEEE,ETTT-EEEE,4,3,1
095931304092696|81001|1,TTTT,TTTT,TTTT-TTTT,4,4,0
095941009009688|82001|2,TTTT,TTTT,TTTT-TTTT,4,4,0
095942570791893|80001|2,TTTT,TTTT,TTTT-TTTT,4,4,0
095943100691893|81001|1,NNTT,EEEE,NNTT-EEEE,4,2,1
095945307097926|81001|1,TTTT,TTTT,TTTT-TTTT,4,4,0
095951007074946|83001|2,TTTT,....,TTTT-....,4,4,0
095953007074648|83001|1,EUET,....,EUET-....,4,1,3
095956707017929|82001|2,ETTN,....,ETTN-....,4,2,2
095958200031829|80001|1,TTTT,TTTT,TTTT-TTTT,4,4,0
095958200031829|80001|3,NTTN,TTTT,NTTN-TTTT,4,2,2
095962604093159|82001|1,TTTT,T...,TTTT-T...,4,4,0
095964502052147|83001|2,TTTT,....,TTTT-....,4,4,0
095966902076179|79001|2,TTTT,TTTT,TTTT-TTTT,4,4,0
095968902076479|82001|2,TTTT,....,TTTT-....,4,4,0
095994170999795|81001|1,TTTT,TT..,TTTT-TT..,4,4,0
096013184380080|83001|1,T...,....,T...-....,1,1,0
096022470350550|83001|2,TTTT,....,TTTT-....,4,4,0
096564580995299|80001|2,TTTT,EEE.,TTTT-EEE.,4,4,0
096622600112506|81001|2,TTTT,....,TTTT-....,4,4,0
096623230782596|83001|1,TTTT,....,TTTT-....,4,4,0
096623830752596|80001|2,TTTT,TTTT,TTTT-TTTT,4,4,0
096626705042636|83001|1,TTT.,....,TTT.-....,3,3,0
096674780697490|79001|2,TTTT,TTTT,TTTT-TTTT,4,4,0
096724705042632|80001|1,TT..,EEEE,TT..-EEEE,2,2,0
096724705042632|82001|3,TTTT,T...,TTTT-T...,4,4,0
096804502082619|83001|2,TTTT,....,TTTT-....,4,4,0
096902502082614|81001|2,TTTT,TTTT,TTTT-TTTT,4,4,0
096907502082613|83001|1,TT..,....,TT..-....,2,2,0
096913170993093|81001|2,TTTT,TTTT,TTTT-TTTT,4,4,0
096913170993093|83001|2,TTTT,....,TTTT-....,4,4,0
096913907065475|83001|1,TEEU,....,TEEU-....,4,1,2
096913907065475|83001|3,TTTT,....,TTTT-....,4,4,0
096923705042636|82001|1,TTTT,EE..,TTTT-EE..,4,4,0
096932502004699|80001|3,TTTT,....,TTTT-....,4,4,0
096938007013449|79001|2,TTTT,....,TTTT-....,4,4,0
096938007013449|83001|1,T...,....,T...-....,1,1,0
096941605051495|82001|2,TTTT,TTTT,TTTT-TTTT,4,4,0
096958309069234|82001|2,T...,....,T...-....,1,1,0
096973007054681|83001|1,TTTT,....,TTTT-....,4,4,0
096977007054888|80001|2,TTTT,TTTT,TTTT-TTTT,4,4,0
097028145480680|79001|2,TTTT,TTTT,TTTT-TTTT,4,4,0
097028145480680|82001|1,TTTT,....,TTTT-....,4,4,0
097063780699097|79001|1,TTTT,TTTT,TTTT-TTTT,4,4,0
097064450989097|83001|1,TTTT,....,TTTT-....,4,4,0
097065550949097|82001|2,TTNT,....,TTNT-....,4,3,2
097193890969494|79001|1,ETTT,....,ETTT-....,4,3,1
097204750696791|83001|1,TT..,....,TT..-....,2,2,0
097211190998398|81001|2,TTTT,TTTT,TTTT-TTTT,4,4,0
097485310999195|80001|1,NENT,NNNN,NENT-NNNN,4,1,3
097604900019688|81001|1,TTTT,TTTT,TTTT-TTTT,4,4,0
097604900019688|81001|2,TTTT,TTTT,TTTT-TTTT,4,4,0
097703900019681|82001|1,TTTT,ET..,TTTT-ET..,4,4,0
097705900019686|81001|3,TTTT,ETTT,TTTT-ETTT,4,4,0
097782300995392|83001|1,TUTT,....,TUTT-....,4,3,2
097794509018644|82001|1,TNTN,....,TNTN-....,4,2,3
097794509018644|82001|2,TTTT,....,TTTT-....,4,4,0
097892509018649|82001|1,EEET,EEE.,EEET-EEE.,4,1,1
097903603076638|83001|1,TNTU,....,TNTU-....,4,2,3
097904308016487|83001|1,TT..,....,TT..-....,2,2,0
097904706046899|82001|1,TTTT,N...,TTTT-N...,4,4,0
097908900019682|82001|2,TTTT,....,TTTT-....,4,4,0
097914504077647|83001|1,TTTT,....,TTTT-....,4,4,0
097918406052679|79001|1,TTTT,TTTT,TTTT-TTTT,4,4,0
097928707094179|82001|1,TTTT,....,TTTT-....,4,4,0
097928707094179|82001|2,TTTT,....,TTTT-....,4,4,0
097973400095118|83001|1,TTTT,....,TTTT-....,4,4,0
097982304098939|82001|1,TTTT,TTT.,TTTT-TTT.,4,4,0
097982904047937|87001|2,T...,....,T...-....,1,1,0
097986708055589|80001|1,TTTT,TTTT,TTTT-TTTT,4,4,0
097986708055589|83001|2,TTT.,....,TTT.-....,3,3,0
097993509018648|82001|1,TTTT,TT..,TTTT-TT..,4,4,0
098070120991590|80001|2,TTTT,TTTT,TTTT-TTTT,4,4,0
098354220981290|87001|1,T...,....,T...-....,1,1,0
098683390996891|80001|2,TTUE,....,TTUE-....,4,2,2
098913905090838|81001|1,TEEE,EEEE,TEEE-EEEE,4,1,1
098916905090939|79001|2,TTTT,TTTT,TTTT-TTTT,4,4,0
098922610694295|81001|1,TTTT,....,TTTT-....,4,4,0
098922610694295|82001|2,TTTT,....,TTTT-....,4,4,0
098928207094829|81001|1,TTTT,TTTT,TTTT-TTTT,4,4,0
098928207094829|83001|2,T...,....,T...-....,1,1,0
098942400058659|81001|1,T.T.,TTTT,T.T.-TTTT,2,2,0
098951205078108|80001|1,TTTT,TTTT,TTTT-TTTT,4,4,0
098968604057119|83001|1,T...,....,T...-....,1,1,0
098981705046668|81001|2,TTTT,TTTT,TTTT-TTTT,4,4,0
098981705046668|82001|2,TTTT,TTTT,TTTT-TTTT,4,4,0
098992508015967|83001|1,TTTT,....,TTTT-....,4,4,0
098997206065988|83001|1,TT..,....,TT..-....,2,2,0
098998702003654|79001|1,TTTT,TTTT,TTTT-TTTT,4,4,0
099035510798699|80001|1,UUUT,....,UUUT-....,4,1,1
099048127480040|80001|1,NNNT,NNNN,NNNT-NNNN,4,1,1
099048227430040|82001|2,TNNN,EE..,TNNN-EE..,4,1,1
099048227430040|83001|1,TTEE,....,TTEE-....,4,2,1
099048227430040|83001|2,TTTT,....,TTTT-....,4,4,0
099049129320670|83001|2,TTTT,....,TTTT-....,4,4,0
099077117160590|79001|1,TTTT,TTTT,TTTT-TTTT,4,4,0
099090951220654|80001|1,TTTT,TTTT,TTTT-TTTT,4,4,0
099100998080654|83001|2,TNNN,....,TNNN-....,4,1,1
099140187620652|80001|2,TTTT,ETTT,TTTT-ETTT,4,4,0
099150183390751|83001|1,UTT.,....,UTT.-....,3,2,1
099163390999492|82001|2,TTTT,TT..,TTTT-TT..,4,4,0
099200066300655|82001|1,TTTT,....,TTTT-....,4,4,0
099250315480635|82001|1,TTTT,TT..,TTTT-TT..,4,4,0
099270459680634|83001|1,NNTT,....,NNTT-....,4,2,1
099310418210635|82001|2,NTTT,TT..,NTTT-TT..,4,3,1
099370988430655|81001|1,TTTT,TTTT,TTTT-TTTT,4,4,0
099390109630975|83001|1,TT..,....,TT..-....,2,2,0
099390918420915|83001|1,TTTT,....,TTTT-....,4,4,0
099400011530653|82001|2,TTTT,....,TTTT-....,4,4,0
099400011530653|83001|2,TTTT,....,TTTT-....,4,4,0
099400358940914|81001|2,ETTT,TTTT,ETTT-TTTT,4,3,1
099420785180644|81001|1,TTTT,TTTT,TTTT-TTTT,4,4,0
099450301230675|83001|2,TT..,....,TT..-....,2,2,0
099480780600913|83001|1,EE.T,....,EE.T-....,3,1,1
099520432850633|80001|3,TTTT,TTTT,TTTT-TTTT,4,4,0
099520784430912|81001|1,TTTT,EEEE,TTTT-EEEE,4,4,0
099550365970673|82001|2,TTTT,....,TTTT-....,4,4,0
099550565050715|81001|1,TTTT,TTTT,TTTT-TTTT,4,4,0
099600390240635|82001|1,TTTT,TT..,TTTT-TT..,4,4,0
099660425370973|81001|1,TTTT,.TTT,TTTT-.TTT,4,4,0
099660425370973|81001|2,EEET,.TTT,EEET-.TTT,4,1,1
099674260013203|83001|2,TTTT,....,TTTT-....,4,4,0
099680127830655|82001|2,TTTT,....,TTTT-....,4,4,0
099690256620955|80001|1,TTTT,TTTE,TTTT-TTTE,4,4,0
099700892770674|83001|1,TT..,....,TT..-....,2,2,0
099750157720951|80001|3,TTTT,....,TTTT-....,4,4,0
099770924770754|83001|1,TTTT,....,TTTT-....,4,4,0
099770924770754|83001|2,TTTT,....,TTTT-....,4,4,0
099870838580974|81001|1,TTTT,TTTT,TTTT-TTTT,4,4,0
099910910630952|83001|2,TTTT,....,TTTT-....,4,4,0
099932305043199|81001|1,TTTT,EENE,TTTT-EENE,4,4,0
099932305043199|81001|2,TTTT,TTNN,TTTT-TTNN,4,4,0
099932305043199|82001|2,TTTT,E...,TTTT-E...,4,4,0
099944903062647|81001|2,TTTT,TTTT,TTTT-TTTT,4,4,0
099944903062647|82001|1,TTTT,T...,TTTT-T...,4,4,0
099944903062647|83001|3,TNTT,....,TNTT-....,4,3,2
099946903062447|81001|2,TNNT,NNNN,TNNT-NNNN,4,2,2
099950986560715|80001|1,TTTT,TTTT,TTTT-TTTT,4,4,0
099950986560715|80001|2,TTTT,TTTT,TTTT-TTTT,4,4,0
099950986560715|80001|3,NNTE,ENTE,NNTE-ENTE,4,1,2
099950986560715|83001|1,TTTN,....,TTTN-....,4,3,1
099960615770975|80001|1,TTTT,TTTT,TTTT-TTTT,4,4,0
099960615770975|81001|2,TTTT,TTTT,TTTT-TTTT,4,4,0
099960751770973|81001|1,TTTT,EEEE,TTTT-EEEE,4,4,0
099966502028549|81001|2,TTTT,TTTT,TTTT-TTTT,4,4,0
099973707001668|83001|2,TTTT,....,TTTT-....,4,4,0
099978400029899|83001|1,T...,....,T...-....,1,1,0
099991330991399|82001|2,EENT,EN..,EENT-EN..,4,1,2
100008101061621|81001|2,TTTT,EEEE,TTTT-EEEE,4,4,0
100051207019251|83001|1,TTTT,....,TTTT-....,4,4,0
100206955130997|82001|1,TTTT,TTTT,TTTT-TTTT,4,4,0
100206955130997|83001|2,TTTT,....,TTTT-....,4,4,0
100207998506181|81001|1,TTTT,TTTT,TTTT-TTTT,4,4,0
100207998506181|81001|2,NTTT,EEEE,NTTT-EEEE,4,3,1
100209995287264|83001|1,TEEE,....,TEEE-....,4,1,1
100310940740209|80001|1,TTTT,TTTT,TTTT-TTTT,4,4,0
100310940740209|83001|2,TTTT,....,TTTT-....,4,4,0
100400021531018|80001|2,TTTT,TTTT,TTTT-TTTT,4,4,0
100400021531018|82001|1,TTTT,EEEE,TTTT-EEEE,4,4,0
100600005887119|83001|3,TTTE,....,TTTE-....,4,3,1
100600064277519|80001|2,TTTT,TTTT,TTTT-TTTT,4,4,0
100600064277519|82001|1,NTTT,NTNT,NTTT-NTNT,4,3,1
100600074034617|83001|2,TTTT,....,TTTT-....,4,4,0
100609697800149|81001|1,ETTT,UUEU,ETTT-UUEU,4,3,1
100609724831932|82001|2,TTTT,TTTT,TTTT-TTTT,4,4,0
100609840613681|80001|1,TTTT,....,TTTT-....,4,4,0
100609840613681|80001|2,TTTT,....,TTTT-....,4,4,0
100609905085986|82001|3,UUNT,TTTT,UUNT-TTTT,4,1,2
100609905849089|83001|2,TTTT,....,TTTT-....,4,4,0
100609908777685|82001|4,TTTT,EEEE,TTTT-EEEE,4,4,0
100609924067481|83001|1,TTTT,....,TTTT-....,4,4,0
100609951278184|83001|4,TTTT,....,TTTT-....,4,4,0
100609974061386|82001|1,TTTT,NNNN,TTTT-NNNN,4,4,0
100609978685486|81001|1,TT.T,TTTT,TT.T-TTTT,3,3,0
100643095928609|81001|1,NNTT,NNNN,NNTT-NNNN,4,2,1
100874094016709|81001|1,TTTT,TTTT,TTTT-TTTT,4,4,0
100907975257167|83001|1,TEEE,....,TEEE-....,4,1,1
100907996829581|80001|1,TTTT,...N,TTTT-...N,4,4,0
100907996829581|81001|2,TTTT,TTTT,TTTT-TTTT,4,4,0
100907996829581|82001|2,TTTT,NEEE,TTTT-NEEE,4,4,0
100909902188689|80001|2,TTTT,TTTT,TTTT-TTTT,4,4,0
100909902188689|81001|1,TTTT,TTTT,TTTT-TTTT,4,4,0
100909902188689|82001|1,NTTT,TTTT,NTTT-TTTT,4,3,1
100909924344065|80001|1,TTT.,TTTT,TTT.-TTTT,3,3,0
100909924593082|80001|1,TTTT,EEEE,TTTT-EEEE,4,4,0
100909962907966|83001|1,T...,....,T...-....,1,1,0
100921068247049|80001|3,TTTT,....,TTTT-....,4,4,0
100921068247049|81001|1,NNUT,TTUT,NNUT-TTUT,4,1,2
100965093517119|80001|2,TTTT,TTTT,TTTT-TTTT,4,4,0
100972065148609|83001|1,T...,....,T...-....,1,1,0
101000675104246|82001|2,TTTT,EEEE,TTTT-EEEE,4,4,0
101015307017271|82001|2,TTTT,....,TTTT-....,4,4,0
101037201008251|82001|1,TTTT,....,TTTT-....,4,4,0
101065202077021|82001|2,TTTT,....,TTTT-....,4,4,0
101075508095381|80001|1,TTTT,TTTT,TTTT-TTTT,4,4,0
101206979329898|83001|1,TTTT,....,TTTT-....,4,4,0
101206979329898|83001|2,TTTT,....,TTTT-....,4,4,0
101350160270309|82001|2,TTTT,....,TTTT-....,4,4,0
101450380701303|80001|2,TTTT,TTTT,TTTT-TTTT,4,4,0
101450380701303|81001|2,TTTT,TTTT,TTTT-TTTT,4,4,0
101603153890400|81001|1,TTNN,TTTT,TTNN-TTTT,4,2,1
101700401891069|82001|2,TTTT,....,TTTT-....,4,4,0
101700670894249|81001|2,TTTT,TTTT,TTTT-TTTT,4,4,0
101708294595964|82001|2,TTTT,TTTT,TTTT-TTTT,4,4,0
101902054896799|80001|2,TTTT,TTTT,TTTT-TTTT,4,4,0
101902500893256|83001|1,TTTT,....,TTTT-....,4,4,0
101903150590406|83001|1,TTTT,....,TTTT-....,4,4,0
101905165895831|82001|1,NTTT,TEEE,NTTT-TEEE,4,3,1
101963091905094|82001|1,TTTT,TTTT,TTTT-TTTT,4,4,0
101963094909094|82001|2,TTTT,....,TTTT-....,4,4,0
101963094909094|83001|1,TTTT,....,TTTT-....,4,4,0
102023803072351|81001|1,TTTT,TTTT,TTTT-TTTT,4,4,0
102023803072351|82001|1,TTTT,TT..,TTTT-TT..,4,4,0
102023803072351|82001|2,TTTT,TT..,TTTT-TT..,4,4,0
102047502048341|81001|1,EETT,....,EETT-....,4,2,1
102097607050391|79001|2,TTTT,TTTT,TTTT-TTTT,4,4,0
102247057001708|82001|2,TTTT,....,TTTT-....,4,4,0
102301015409164|81001|2,TTTT,TTTT,TTTT-TTTT,4,4,0
102330950960101|80001|1,TTTT,....,TTTT-....,4,4,0
102350820980202|87001|2,T...,....,T...-....,1,1,0
102542012909877|81001|2,TTTT,....,TTTT-....,4,4,0
102542012909877|83001|3,TEET,....,TEET-....,4,2,2
102600033997103|83001|2,TTTT,....,TTTT-....,4,4,0
102600673994240|82001|2,TTTT,TTT.,TTTT-TTT.,4,4,0
102607572997967|83001|1,TTTE,....,TTTE-....,4,3,1
102674046909791|82001|2,TTTT,....,TTTT-....,4,4,0
102702792995967|83001|2,TTTU,....,TTTU-....,4,3,1
102703020993459|83001|1,TTTT,....,TTTT-....,4,4,0
102703020993459|87001|1,T...,....,T...-....,1,1,0
102706313996943|82001|1,TTTT,TTT.,TTTT-TTT.,4,4,0
102708533998943|83001|1,TTNN,....,TTNN-....,4,2,1
102902012996109|81001|1,TTTT,TTTT,TTTT-TTTT,4,4,0
102902164294988|80001|2,TTTT,TTTT,TTTT-TTTT,4,4,0
102902164294988|82001|1,TTTT,TTT.,TTTT-TTT.,4,4,0
102902164294988|83001|1,T...,....,T...-....,1,1,0
102902164294988|83001|2,T...,....,T...-....,1,1,0
102903025993454|80001|1,ETNE,EEEE,ETNE-EEEE,4,1,3
102903025993454|80001|4,TNTE,TTTT,TNTE-TTTT,4,2,3
102903155990401|80001|2,TTTT,TTTT,TTTT-TTTT,4,4,0
102904672997947|83001|2,TUTU,....,TUTU-....,4,2,3
102905333997099|80001|1,TTTT,TNTT,TTTT-TNTT,4,4,0
102905501995232|80001|1,TTTT,EEEN,TTTT-EEEN,4,4,0
102905893995668|81001|2,TTTT,TTTT,TTTT-TTTT,4,4,0
102906313996940|80001|1,TEEN,NNNN,TEEN-NNNN,4,1,2
102909210999105|83001|1,TTTT,....,TTTT-....,4,4,0
102909473999499|80261|1,TTTT,....,TTTT-....,4,4,0
102909473999499|83001|2,TTTT,....,TTTT-....,4,4,0
103220520470105|80001|2,TTTT,TTTN,TTTT-TTTN,4,4,0
103260420380102|87001|1,T...,....,T...-....,1,1,0
103601145948750|82001|1,TTTT,....,TTTT-....,4,4,0
103601145948750|83001|1,TTTT,....,TTTT-....,4,4,0
103603072909664|83001|2,TTTT,....,TTTT-....,4,4,0
103705894895665|82001|1,TTTT,TT..,TTTT-TT..,4,4,0
103757045908292|81001|1,TTTT,TTTT,TTTT-TTTT,4,4,0
103900671384241|81001|1,ETTE,EEEE,ETTE-EEEE,4,2,2
103903023393452|82001|1,TTTT,TT..,TTTT-TT..,4,4,0
103906130696401|81001|2,TTTT,TTTT,TTTT-TTTT,4,4,0
104033901061361|80001|2,TTTT,TTTT,TTTT-TTTT,4,4,0
104056803091381|81001|1,T...,TT..,T...-TT..,1,1,0
104063207041601|80001|1,TTTT,TTTT,TTTT-TTTT,4,4,0
104077309085871|79001|1,TTTT,TTTT,TTTT-TTTT,4,4,0
104084502015212|82001|2,EETT,....,EETT-....,4,2,1
104340560120203|81001|1,TTUU,NNNN,TTUU-NNNN,4,2,1
104580140990308|82001|2,NNNT,N...,NNNT-N...,4,1,1
104606274999056|83001|1,TTTT,....,TTTT-....,4,4,0
104609785995274|83001|1,TTTT,....,TTTT-....,4,4,0
104609785995274|83001|2,TTTT,....,TTTT-....,4,4,0
104703025993450|83001|2,TTTT,....,TTTT-....,4,4,0
104707645992873|83001|1,UTTT,....,UTTT-....,4,3,1
104708265994313|81001|1,TTTT,TTTT,TTTT-TTTT,4,4,0
104929220619405|81001|1,TTTT,TTTT,TTTT-TTTT,4,4,0
105001101105356|82001|1,TTTT,....,TTTT-....,4,4,0
105001101105356|82001|2,TTTT,....,TTTT-....,4,4,0
105001484105400|83001|1,TT..,....,TT..-....,2,2,0
105004134105088|81001|2,TTTT,EEEE,TTTT-EEEE,4,4,0
105004134105088|82001|2,TTTT,....,TTTT-....,4,4,0
105007573107960|81001|1,TTTT,TTTT,TTTT-TTTT,4,4,0
105033903046201|83001|1,TTTT,....,TTTT-....,4,4,0
105091207020201|83001|1,TTTT,....,TTTT-....,4,4,0
105091207020201|83001|2,TTTT,....,TTTT-....,4,4,0
105101102105357|83001|2,TTTT,....,TTTT-....,4,4,0
105708263894313|81001|1,NTNN,NNNN,NTNN-NNNN,4,1,2
105779097908291|81001|3,TEE.,EE..,TEE.-EE..,3,1,1
105900032897104|81001|1,EETT,....,EETT-....,4,2,1
105900032897104|83001|2,TTTT,....,TTTT-....,4,4,0
105900671894246|80001|1,TT.T,TTTT,TT.T-TTTT,3,3,0
105903023893452|81001|2,TTTT,TTTT,TTTT-TTTT,4,4,0
105905160395836|80001|3,TTTT,EEEE,TTTT-EEEE,4,4,0
105908262894315|81001|1,TTTT,TTTT,TTTT-TTTT,4,4,0
105969220679109|82001|1,TTTT,TTT.,TTTT-TTT.,4,4,0
106021806053851|83001|2,TTTT,....,TTTT-....,4,4,0
106065008094231|82001|1,TNNN,....,TNNN-....,4,1,1
106309060059303|83001|2,TTT.,....,TTT.-....,3,3,0
106350820980302|82001|2,TTTT,TTT.,TTTT-TTT.,4,4,0
106602053996795|79001|1,TT..,.TTT,TT..-.TTT,2,2,0
106604930996755|79001|1,TTTT,TTTT,TTTT-TTTT,4,4,0
106702500993258|80001|2,TTTT,TTTT,TTTT-TTTT,4,4,0
106702524999095|79001|2,TTTT,TTTT,TTTT-TTTT,4,4,0
106900223994317|80001|1,EENT,EEEE,EENT-EEEE,4,1,2
106901142998759|81001|2,TTTT,....,TTTT-....,4,4,0
106901143998754|80001|2,TTTT,TTTT,TTTT-TTTT,4,4,0
106901755792595|83001|1,TTT.,....,TTT.-....,3,3,0
106902675991281|81001|1,TTT.,....,TTT.-....,3,3,0
106904952798416|81001|2,TTTT,....,TTTT-....,4,4,0
106906684993648|81001|2,TTTT,TTTT,TTTT-TTTT,4,4,0
106907642992874|79001|2,TTTT,NNNN,TTTT-NNNN,4,4,0
106907642992874|82001|1,ETEE,....,ETEE-....,4,1,2
106908262994314|83001|1,TTT.,....,TTT.-....,3,3,0
106909314996857|83001|2,ETE.,....,ETE.-....,3,1,2
106909493996291|79001|2,TTTT,TTTT,TTTT-TTTT,4,4,0
106909493996291|81001|2,TTTT,TTTT,TTTT-TTTT,4,4,0
106909783995271|79001|2,TTTT,TTTT,TTTT-TTTT,4,4,0
106909904998857|83001|1,TEU.,....,TEU.-....,3,1,2
106980260950006|79001|1,TTTT,....,TTTT-....,4,4,0
107000031107100|79001|2,TTTT,TTTT,TTTT-TTTT,4,4,0
107015406052271|81001|1,TTEE,NNNN,TTEE-NNNN,4,2,1
107017709013661|82001|2,TTTT,....,TTTT-....,4,4,0
107087904047531|79001|2,TTTT,EEET,TTTT-EEET,4,4,0
107608265944310|83001|1,TT..,....,TT..-....,2,2,0
107608533948943|80001|1,TTTT,NTNE,TTTT-NTNE,4,4,0
107902053696799|82001|1,TTTT,....,TTTT-....,4,4,0
107903021883455|79001|2,T...,....,T...-....,1,1,0
107903021883455|81001|1,TT..,.NNN,TT..-.NNN,2,2,0
107904952598416|79001|2,TTTT,TTTT,TTTT-TTTT,4,4,0
107906130696406|81001|2,TTTT,.T..,TTTT-.T..,4,4,0
107906945690013|81001|2,NTNT,ENN.,NTNT-ENN.,4,2,3
107907394892868|82001|1,TTTT,....,TTTT-....,4,4,0
107990520860107|87001|2,T...,....,T...-....,1,1,0
108023006022781|82001|1,TTTT,TT..,TTTT-TT..,4,4,0
108031406099361|83001|1,E.ET,....,E.ET-....,3,1,1
108033204086341|83001|2,TNNN,....,TNNN-....,4,1,1
108093508015061|81001|3,TTTT,TTTT,TTTT-TTTT,4,4,0
108607572997961|83001|3,T...,....,T...-....,1,1,0
108608535998944|81001|2,NTTT,TTTT,NTTT-TTTT,4,3,1
108900032997105|83001|2,T...,....,T...-....,1,1,0
108902014996102|79001|1,TTTT,TTTT,TTTT-TTTT,4,4,0
108902162994989|80001|1,TTTT,TTTT,TTTT-TTTT,4,4,0
108902501993253|80001|2,TTTT,TTTT,TTTT-TTTT,4,4,0
108902501993253|81001|2,TTTT,TTTT,TTTT-TTTT,4,4,0
108903024793454|80001|1,TTTT,TTTT,TTTT-TTTT,4,4,0
108903933792469|79001|1,TTTT,TTTT,TTTT-TTTT,4,4,0
108904883995411|79001|2,TTTT,....,TTTT-....,4,4,0
108904883995411|83001|1,T...,....,T...-....,1,1,0
108906273999051|80001|2,TTTT,TTTT,TTTT-TTTT,4,4,0
108907144790832|80001|2,TTTT,EEEE,TTTT-EEEE,4,4,0
108907573797960|83001|1,T...,....,T...-....,1,1,0
108909785995273|83001|1,T...,....,T...-....,1,1,0
109010640301001|81001|1,ETTT,TTTT,ETTT-TTTT,4,3,1
109027504039241|79001|2,TTTT,EEEE,TTTT-EEEE,4,4,0
109027504039241|81001|1,TTTT,....,TTTT-....,4,4,0
109043602023831|82001|1,TTTT,TT..,TTTT-TT..,4,4,0
110001096829511|83001|2,TTTT,....,TTTT-....,4,4,0
110009924593062|82001|2,TTTT,TTTT,TTTT-TTTT,4,4,0
110093569600656|83001|1,TTTT,....,TTTT-....,4,4,0
110107930465705|80001|1,N..T,...E,N..T-...E,2,1,1
110109954572562|83001|2,T.N.,....,T.N.-....,2,1,1
110134009312460|87001|1,T...,....,T...-....,1,1,0
110200020557119|83001|2,TTTT,....,TTTT-....,4,4,0
110200061231814|83001|2,TTNN,....,TTNN-....,4,2,1
110200095394410|81001|1,TTTT,NNNN,TTTT-NNNN,4,4,0
110206925986492|80001|2,TTTT,TTTT,TTTT-TTTT,4,4,0
110206925986492|83001|2,TTTT,....,TTTT-....,4,4,0
110209933096516|82001|2,TTTT,TTTT,TTTT-TTTT,4,4,0
110209983979233|80001|1,TTTT,TTTT,TTTT-TTTT,4,4,0
110250579770045|80001|1,TTTT,TTTT,TTTT-TTTT,4,4,0
110260030691506|81001|1,TTTT,....,TTTT-....,4,4,0
110260060690506|81001|1,TTTT,TTNT,TTTT-TTNT,4,4,0
110300988890010|83001|2,TTTT,....,TTTT-....,4,4,0
110309900762086|82001|1,TTTT,T.TT,TTTT-T.TT,4,4,0
110309984872988|80001|1,TTTT,TTTT,TTTT-TTTT,4,4,0
110309984872988|80001|2,TTTT,TTTT,TTTT-TTTT,4,4,0
110309984872988|80001|3,TTTT,TTTT,TTTT-TTTT,4,4,0
110309991775887|83001|1,TTT.,....,TTT.-....,3,3,0
110363096932259|81001|2,TTTT,T..T,TTTT-T..T,4,4,0
110465092735479|81001|1,TTTT,TTTT,TTTT-TTTT,4,4,0
110465092735479|81001|2,TTTT,TTTT,TTTT-TTTT,4,4,0
110500062907916|81001|2,TTTT,TTTT,TTTT-TTTT,4,4,0
110507996829551|80001|2,TTTT,TTTT,TTTT-TTTT,4,4,0
110509940164314|80001|1,TTTT,TTTT,TTTT-TTTT,4,4,0
110530307040183|81001|2,TTTT,NTTT,TTTT-NTTT,4,4,0
110580732600080|79001|1,ETTT,NNTT,ETTT-NNTT,4,3,1
110580732600080|81001|1,TTTT,TTTT,TTTT-TTTT,4,4,0
110600043274713|82001|2,TTTT,TTTT,TTTT-TTTT,4,4,0
110600043274713|83001|1,TTTT,....,TTTT-....,4,4,0
110600096717615|83001|2,TTTT,....,TTTT-....,4,4,0
110709777669530|80001|1,TTNN,NNNN,TTNN-NNNN,4,2,1
110709946436986|80001|2,TTTT,TTTT,TTTT-TTTT,4,4,0
110709967480582|83001|1,TTTT,....,TTTT-....,4,4,0
110726094909092|80001|3,NTTT,....,NTTT-....,4,3,1
110726094909092|83001|2,TEEE,....,TEEE-....,4,1,1
110770207730182|83001|2,T...,....,T...-....,1,1,0
110800037808116|82001|1,TTTT,TTT.,TTTT-TTT.,4,4,0
110800037808116|82001|2,TTTT,TTT.,TTTT-TTT.,4,4,0
110809994691380|80001|1,TT.T,TTTT,TT.T-TTTT,3,3,0
110817096142199|80001|1,TTTT,TTTT,TTTT-TTTT,4,4,0
110817096142199|87001|1,T...,....,T...-....,1,1,0
110900009533711|81001|1,TTTT,T...,TTTT-T...,4,4,0
110904069358464|80001|2,TTTT,TTTT,TTTT-TTTT,4,4,0
110906936008799|80001|2,TTTN,TTTT,TTTN-TTTT,4,3,1
110911062905539|83001|1,TTTT,....,TTTT-....,4,4,0
110911096053129|82001|2,TTTT,TT..,TTTT-TT..,4,4,0
110932060115879|81001|1,TTTT,TTTT,TTTT-TTTT,4,4,0
110940941760065|82001|2,TTTT,....,TTTT-....,4,4,0
110965072745479|81001|1,TTTT,TT..,TTTT-TT..,4,4,0
110965092733479|83001|2,NNTT,....,NNTT-....,4,2,1
110976094041409|80001|2,TTNE,UTNT,TTNE-UTNT,4,2,2
110976094041409|82001|2,TNTT,ETTT,TNTT-ETTT,4,3,2
110994099341469|83001|2,TTTT,....,TTTT-....,4,4,0
111005507092931|82001|2,TEET,....,TEET-....,4,2,2
112250075908896|83001|1,UTTT,....,UTTT-....,4,3,1
112260224700949|81001|1,TTTT,TTTT,TTTT-TTTT,4,4,0
113306480800114|82001|2,NTTN,NNNN,NTTN-NNNN,4,2,2
113390069300610|83001|2,TTTT,....,TTTT-....,4,4,0
113640230531306|83001|2,TTTT,....,TTTT-....,4,4,0
114580620460404|82001|2,TTTT,TTT.,TTTT-TTT.,4,4,0
115092749900530|80001|1,TTTT,TTTT,TTTT-TTTT,4,4,0
115092749900530|81001|1,TTTT,TTTT,TTTT-TTTT,4,4,0
115102740000130|82001|1,TTTT,TTTT,TTTT-TTTT,4,4,0
116019197160230|79001|1,TTTT,TTTT,TTTT-TTTT,4,4,0
116019197160230|79001|2,TTTT,TTTT,TTTT-TTTT,4,4,0
116019197160230|82001|1,TT..,....,TT..-....,2,2,0
116019197160230|83001|2,TTT.,....,TTT.-....,3,3,0
116520160310009|83001|2,TTT.,....,TTT.-....,3,3,0
117044118260510|82001|1,TTTT,....,TTTT-....,4,4,0
117179689100150|82001|2,TTTT,TTTT,TTTT-TTTT,4,4,0
118390759600866|81001|2,TTTT,TTTT,TTTT-TTTT,4,4,0
118570717440961|79001|1,TTTT,....,TTTT-....,4,4,0
119062151020800|87001|1,T...,....,T...-....,1,1,0
119398839600858|81001|2,TTTT,TTTT,TTTT-TTTT,4,4,0
120091709800914|82001|2,TNNN,NNN.,TNNN-NNN.,4,1,1
120167002718040|83001|2,T...,....,T...-....,1,1,0
120300081846215|81001|1,T...,.TTT,T...-.TTT,1,1,0
120307920063086|83001|2,EETT,....,EETT-....,4,2,1
120309987835888|83001|2,TTTE,....,TTTE-....,4,3,1
120400042613615|82001|4,EEET,EEEE,EEET-EEEE,4,1,1
120407961804984|82001|2,TTTT,NTTT,TTTT-NTTT,4,4,0
120409954932383|83001|1,T...,....,T...-....,1,1,0
120409987835868|80001|2,TTTT,TTTT,TTTT-TTTT,4,4,0
120409987835868|81001|2,TTTT,TTTT,TTTT-TTTT,4,4,0
120509960865288|80001|1,TTTU,TTTU,TTTU-TTTU,4,3,1
120509961291761|82001|1,TTTT,TTTT,TTTT-TTTT,4,4,0
120509974087862|80001|3,TTTT,....,TTTT-....,4,4,0
120509983485260|82001|1,UTTT,TTTT,UTTT-TTTT,4,3,1
120600067936819|83001|2,TTTT,....,TTTT-....,4,4,0
120609936019660|82001|2,TT.T,T.ET,TT.T-T.ET,3,3,0
120609944710000|83001|1,TT..,....,TT..-....,2,2,0
120609952538482|83001|2,TTTT,....,TTTT-....,4,4,0
120659096956699|83001|2,TTT.,....,TTT.-....,3,3,0
120660099706769|80001|1,TT.T,....,TT.T-....,3,3,0
120709957499188|81001|1,TTTT,TTTT,TTTT-TTTT,4,4,0
120739012909063|82001|1,TTTT,TTT.,TTTT-TTT.,4,4,0
120809914286187|80001|2,TTTT,.TTT,TTTT-.TTT,4,4,0
120809925063385|81001|2,TTTT,TTTT,TTTT-TTTT,4,4,0
120848091046409|80001|1,TTTT,TTTT,TTTT-TTTT,4,4,0
120900073562713|81001|2,TTTT,TTTT,TTTT-TTTT,4,4,0
120901063453189|80001|1,TTTT,TTTT,TTTT-TTTT,4,4,0
120901063453189|80001|2,TTTT,TTTT,TTTT-TTTT,4,4,0
120901063453189|81001|2,TT..,....,TT..-....,2,2,0
120901063453189|81001|3,TE..,....,TE..-....,2,1,1
120921093421189|80001|1,TTTU,TTTT,TTTU-TTTT,4,3,1
120924075909562|80001|1,TTTT,ETTT,TTTT-ETTT,4,4,0
120925090447489|80001|2,TNTT,TTTT,TNTT-TTTT,4,3,2
120943069057659|81001|2,UTTT,TUTT,UTTT-TUTT,4,3,1
120948091045408|82001|3,TTTT,....,TTTT-....,4,4,0
120978094111479|80001|1,TTTT,EEEE,TTTT-EEEE,4,4,0
120998071005409|81001|2,TTTT,TTTT,TTTT-TTTT,4,4,0
121092109500999|82001|2,TT.T,T.T.,TT.T-T.T.,3,3,0
121093148600710|80001|1,TTTT,TTTT,TTTT-TTTT,4,4,0
121598709300754|82001|1,TTTT,TTT.,TTTT-TTT.,4,4,0
121909002907693|87001|1,T...,....,T...-....,1,1,0
122100360470102|83001|2,TTT.,....,TTT.-....,3,3,0
122297799600706|83001|2,TTTT,....,TTTT-....,4,4,0
122575016909490|81001|1,TTEN,....,TTEN-....,4,2,2
123096089100945|81001|2,TTTT,TTT.,TTTT-TTT.,4,4,0
123118350000119|82001|1,TTTT,TTT.,TTTT-TTT.,4,4,0
123398359500719|83001|1,TTTT,....,TTTT-....,4,4,0
123497229800995|82001|1,TTTT,....,TTTT-....,4,4,0
123580660360105|81001|2,TTTT,TTTT,TTTT-TTTT,4,4,0
123909003001603|83001|1,TUTT,....,TUTT-....,4,3,2
123963092907094|83001|2,TT.T,....,TT.T-....,3,3,0
124197789300902|83001|1,TN.N,....,TN.N-....,3,1,1
124598579100937|82001|2,TTTT,TTT.,TTTT-TTT.,4,4,0
124598579100937|83001|1,TTNN,....,TTNN-....,4,2,1
124757044909262|83001|2,EEET,....,EEET-....,4,1,1
125192749100930|82001|1,TTTT,....,TTTT-....,4,4,0
125461609700905|83001|1,EEET,....,EEET-....,4,1,1
126100920380005|83001|2,TTTT,....,TTTT-....,4,4,0
126460560970304|79001|2,TTTT,UUNN,TTTT-UUNN,4,4,0
126800240990408|81001|1,TTTT,TTTT,TTTT-TTTT,4,4,0
126800240990408|82001|1,TTTT,T...,TTTT-T...,4,4,0
126910820560404|87001|1,T...,....,T...-....,1,1,0
128230460060405|79001|1,TTTT,....,TTTT-....,4,4,0
128230460060405|81001|1,TTTT,TNTT,TTTT-TNTT,4,4,0
128495179200724|82001|1,EETN,.E..,EETN-.E..,4,1,2
128540572250751|83261|2,NTTT,....,NTTT-....,4,3,1
128540572250971|83001|2,TT..,....,TT..-....,2,2,0
128570717440911|82001|1,T...,....,T...-....,1,1,0
129029165120790|81001|2,TTTT,TTTT,TTTT-TTTT,4,4,0
129180597600751|81001|1,E.TT,T.EE,E.TT-T.EE,3,2,1
129390059700944|81001|2,TTTT,EEEE,TTTT-EEEE,4,4,0
129530160270202|82001|1,TTTT,....,TTTT-....,4,4,0
129599329100984|83001|2,TTTT,....,TTTT-....,4,4,0
129880220400405|80001|2,TTNE,NNNN,TTNE-NNNN,4,2,2
130107938402456|82001|1,TTTT,....,TTTT-....,4,4,0
130122004618650|82001|2,TTTT,....,TTTT-....,4,4,0
130209962907986|80001|2,TTTT,....,TTTT-....,4,4,0
130300094411316|82001|2,TT.E,....,TT.E-....,3,2,1
130307910890968|81001|1,TTTT,TTTT,TTTT-TTTT,4,4,0
130307910890968|81001|5,NNTN,NNNN,NNTN-NNNN,4,1,2
130307935147286|83001|1,TTTT,....,TTTT-....,4,4,0
130307935147286|83001|2,TTTT,....,TTTT-....,4,4,0
130307974061386|82001|1,TTTT,TTTT,TTTT-TTTT,4,4,0
130309998825765|80001|1,TTT.,....,TTT.-....,3,3,0
130400014027315|81001|1,TTTT,..TT,TTTT-..TT,4,4,0
130409908659887|81001|2,TTTT,....,TTTT-....,4,4,0
130409983592083|80001|3,TTTT,TT..,TTTT-TT..,4,4,0
130506989450598|81001|1,TTTT,EEEE,TTTT-EEEE,4,4,0
130509979935765|82001|2,ENTE,EEEE,ENTE-EEEE,4,1,3
130606906149793|81001|1,TTTT,TTTT,TTTT-TTTT,4,4,0
130606906149793|81001|5,TNNN,....,TNNN-....,4,1,1
130609913888589|83001|1,TTTT,....,TTTT-....,4,4,0
130609914027385|80001|2,TTTT,TTTT,TTTT-TTTT,4,4,0
130609914027385|80001|3,TTTT,T...,TTTT-T...,4,4,0
130609914027385|82001|1,TTTT,EEEE,TTTT-EEEE,4,4,0
130609914027385|82001|2,TTTT,EEEE,TTTT-EEEE,4,4,0
130609947360384|82001|2,TTTT,.EEE,TTTT-.EEE,4,4,0
130609956102832|81001|3,NTNN,TTTT,NTNN-TTTT,4,1,2
130609960450687|80001|4,TTTT,T...,TTTT-T...,4,4,0
130609996899366|81001|1,TTTT,TTT.,TTTT-TTT.,4,4,0
130700059424319|83001|2,TTTT,....,TTTT-....,4,4,0
130800068839615|80001|1,TTTT,TTTT,TTTT-TTTT,4,4,0
130800068839615|82001|1,TTTT,TTTT,TTTT-TTTT,4,4,0
130850064604619|80001|1,TTTT,EEEE,TTTT-EEEE,4,4,0
130865096218789|79001|1,TTTE,TTTE,TTTE-TTTE,4,3,1
130865096218789|79001|2,TTTE,TTTT,TTTE-TTTT,4,3,1
130905096257789|81001|2,TTTT,TTTT,TTTT-TTTT,4,4,0
130909917996532|83001|2,TTTT,....,TTTT-....,4,4,0
130909982820564|81001|1,TTTT,..EE,TTTT-..EE,4,4,0
131100034909596|80001|1,ENTT,TTTT,ENTT-TTTT,4,2,2
131360759900950|80001|2,TTTT,TTTT,TTTT-TTTT,4,4,0
131960760960208|82001|2,TTTT,....,TTTT-....,4,4,0
132566399000951|81001|2,TTTT,TTTT,TTTT-TTTT,4,4,0
132927065409161|80001|1,EETT,ETTT,EETT-ETTT,4,2,1
133143097906674|83001|3,TT..,....,TT..-....,2,2,0
133350021908871|81001|1,TTTT,....,TTTT-....,4,4,0
133350026907871|81001|1,TTTT,EEEE,TTTT-EEEE,4,4,0
133350026907871|81001|2,TTNT,TTTN,TTNT-TTTN,4,3,2
133350026907871|81001|4,UTUU,..NU,UTUU-..NU,4,1,2
133350027905871|80001|1,TTTT,EEEE,TTTT-EEEE,4,4,0
133396489400814|80001|2,TEEE,E...,TEEE-E...,4,1,1
133520120811300|80001|1,TTTT,EENU,TTTT-EENU,4,4,0
133520120811300|87001|2,T...,....,T...-....,1,1,0
133690420110306|87001|2,T...,....,T...-....,1,1,0
133844056909791|80001|2,TTTT,TTT.,TTTT-TTT.,4,4,0
133860860590306|83001|1,TTT.,....,TTT.-....,3,3,0
134025191560180|79001|2,ETTT,...N,ETTT-...N,4,3,1
135012440900175|82001|1,TTTT,TT..,TTTT-TT..,4,4,0
135616051908970|81001|2,TTTT,EEEE,TTTT-EEEE,4,4,0
136619680059005|82001|2,TTTT,....,TTTT-....,4,4,0
137080060270304|83001|1,TTT.,....,TTT.-....,3,3,0
137298649600812|82001|1,NNNT,NN..,NNNT-NN..,4,1,1
137350360700305|82001|2,NNTN,....,NNTN-....,4,1,2
137820160280204|81001|2,TTTT,TTTT,TTTT-TTTT,4,4,0
137820440210409|80001|1,TTTT,TTTT,TTTT-TTTT,4,4,0
137839920329101|83001|2,TTTT,....,TTTT-....,4,4,0
138150183390721|80001|2,TTEU,EEU.,TTEU-EEU.,4,2,2
138150183390721|87001|1,T...,....,T...-....,1,1,0
138399009300698|80001|2,TTTT,TTTT,TTTT-TTTT,4,4,0
138399009300698|81001|1,TTTT,TTTT,TTTT-TTTT,4,4,0
138540572250921|83001|1,TTTT,....,TTTT-....,4,4,0
138850820711307|81001|2,TTTT,TTTT,TTTT-TTTT,4,4,0
139780093250721|81001|2,TTTT,TTTT,TTTT-TTTT,4,4,0
140000078936117|82001|2,TTTT,....,TTTT-....,4,4,0
140005441969194|83001|1,TT..,....,TT..-....,2,2,0
140006990712796|82001|1,TTTT,TTTT,TTTT-TTTT,4,4,0
140071147120550|87001|1,T...,....,T...-....,1,1,0
140109915607688|83001|2,TTTT,....,TTTT-....,4,4,0
140209912785166|81001|3,TTTT,....,TTTT-....,4,4,0
140209933096586|80001|1,TTTT,TTN.,TTTT-TTN.,4,4,0
140209933096586|80001|2,TTTT,TTN.,TTTT-TTN.,4,4,0
140209935584567|83001|1,TTTT,....,TTTT-....,4,4,0
140209959424339|81001|1,TTNT,NNNU,TTNT-NNNU,4,3,2
140209959424339|82001|4,TTTU,NNNN,TTTU-NNNN,4,3,1
140209983217784|81001|1,TTEE,EEEE,TTEE-EEEE,4,2,1
140217095711478|80001|2,TTTT,EEEE,TTTT-EEEE,4,4,0
140264096105847|83001|2,TTTT,....,TTTT-....,4,4,0
140407941095507|81001|2,EETT,EEEE,EETT-EEEE,4,2,1
140407988015689|83001|2,TTTT,....,TTTT-....,4,4,0
140409979663286|81001|1,TTTT,TTTT,TTTT-TTTT,4,4,0
140509937926487|81001|2,TTTT,TTTT,TTTT-TTTT,4,4,0
140564096104847|80001|1,ETTT,TNNT,ETTT-TNNT,4,3,1
140600033504619|83001|3,TTEN,....,TTEN-....,4,2,2
140603076902694|79001|1,TTT.,TTTT,TTT.-TTTT,3,3,0
140607967381486|83001|1,TTTT,....,TTTT-....,4,4,0
140609981829383|80001|2,TNNN,EENE,TNNN-EENE,4,1,1
140609991563982|82001|1,TTTT,TTTT,TTTT-TTTT,4,4,0
140707075713479|83001|1,TTTT,....,TTTT-....,4,4,0
140767095737479|80001|2,NNTT,NTTT,NNTT-NTTT,4,2,1
140800058203614|82001|2,T..N,....,T..N-....,2,1,1
140800088864017|80001|1,TE..,....,TE..-....,2,1,1
140806900120997|81001|1,NTTT,UNTT,NTTT-UNTT,4,3,1
140809895197789|80001|1,TTTT,TTTT,TTTT-TTTT,4,4,0
140809929037035|83001|1,TTTT,....,TTTT-....,4,4,0
140809931408080|80001|1,TTTT,TTNT,TTTT-TTNT,4,4,0
140809931408080|83001|1,TEEE,....,TEEE-....,4,1,1
140809972358060|83001|1,TTTT,....,TTTT-....,4,4,0
140809987320404|82001|1,TTTT,TTTT,TTTT-TTTT,4,4,0
140844051901791|82001|1,TTTT,TTTT,TTTT-TTTT,4,4,0
140869096206489|82001|1,TTTT,....,TTTT-....,4,4,0
140900070925317|83001|1,TTTT,....,TTTT-....,4,4,0
140905062353859|83001|1,TTTT,....,TTTT-....,4,4,0
140909907227631|82001|1,TTTT,TTTT,TTTT-TTTT,4,4,0
140909926708582|81001|1,TTTT,TTT.,TTTT-TTT.,4,4,0
140909979205681|83001|2,TTTT,....,TTTT-....,4,4,0
140917075711479|83001|2,TTTT,....,TTTT-....,4,4,0
140935072323859|80001|1,TTNT,TTTN,TTNT-TTTN,4,3,2
140937075733479|80001|1,TNTT,TTNT,TNTT-TTNT,4,3,2
140965077851119|81001|1,TTTT,TTTT,TTTT-TTTT,4,4,0
140967095703479|82001|2,TTTT,TT..,TTTT-TT..,4,4,0
140984068043279|83001|2,TUUU,....,TUUU-....,4,1,1
140984096101849|80001|1,TTTU,EEEE,TTTU-EEEE,4,3,1
140991075911059|80001|1,TTTT,TTTT,TTTT-TTTT,4,4,0
141440670590209|82001|2,TTTT,....,TTTT-....,4,4,0
142190829700986|83001|1,UTTT,....,UTTT-....,4,3,1
142366098909194|83001|2,T...,....,T...-....,1,1,0
143496489900414|81001|2,TTTT,TTTT,TTTT-TTTT,4,4,0
144095022907672|83001|2,TTTT,....,TTTT-....,4,4,0
144095023808692|83001|2,TNNN,....,TNNN-....,4,1,1
144292739400951|81001|2,TTTT,TTT.,TTTT-TTT.,4,4,0
144392189400774|80001|3,TTTT,TTTT,TTTT-TTTT,4,4,0
145291609000905|80001|2,TTTT,....,TTTT-....,4,4,0
145392689300749|83001|1,TTTT,....,TTTT-....,4,4,0
145471048907291|79001|2,TTTT,TTTT,TTTT-TTTT,4,4,0
147077155260700|79001|1,TTTT,TTTT,TTTT-TTTT,4,4,0
148470759500966|81001|1,TTTT,TTTT,TTTT-TTTT,4,4,0
148470759500966|83001|2,TTTT,....,TTTT-....,4,4,0
148780093250711|82001|1,TNEE,EE.E,TNEE-EE.E,4,1,2
149096609800944|83001|1,TTTT,....,TTTT-....,4,4,0
149096609800944|83001|2,TTTT,....,TTTT-....,4,4,0
149290059100944|82001|1,TTTT,T...,TTTT-T...,4,4,0
149320440541000|82001|1,EEET,T...,EEET-T...,4,1,1
149410420980304|82001|2,TTTT,TTT.,TTTT-TTT.,4,4,0
149410420980304|87001|2,T...,....,T...-....,1,1,0
149960320220933|83001|2,TTTT,....,TTTT-....,4,4,0
150009930184389|83001|2,TTTT,....,TTTT-....,4,4,0
150095028909692|79001|2,TTTT,....,TTTT-....,4,4,0
150100010487511|80001|1,TT.T,TTTT,TT.T-TTTT,3,3,0
150100010487511|80001|2,TT.T,TTTT,TT.T-TTTT,3,3,0
150109922748385|82001|1,TNE.,....,TNE.-....,3,1,2
150200920120409|81001|2,TTTT,TTTT,TTTT-TTTT,4,4,0
150309934417063|83001|1,TTTT,....,TTTT-....,4,4,0
150309934417063|83001|2,TTTE,....,TTTE-....,4,3,1
150389026909264|82001|2,NENT,....,NENT-....,4,1,3
150400033096516|81001|2,TTTT,TTTT,TTTT-TTTT,4,4,0
150400044462618|80001|2,TTTT,TTTT,TTTT-TTTT,4,4,0
150406958770996|82001|2,NTTT,EEEE,NTTT-EEEE,4,3,1
150638099928309|80001|1,TTT.,TTTT,TTT.-TTTT,3,3,0
150648078642099|83001|1,TTNU,....,TTNU-....,4,2,2
150648078642099|83001|2,TTTT,....,TTTT-....,4,4,0
150708069913309|82001|1,TTTT,TT..,TTTT-TT..,4,4,0
150814092238249|79001|1,TTTT,....,TTTT-....,4,4,0
150848098638099|79001|2,TTTT,TTTT,TTTT-TTTT,4,4,0
150848098638099|82001|1,TTTT,....,TTTT-....,4,4,0
150868099938309|82001|1,TTTT,....,TTTT-....,4,4,0
150900064035319|81001|1,TTEE,EEEE,TTEE-EEEE,4,2,1
150900064035319|81001|2,EEET,TTTT,EEET-TTTT,4,1,1
150900064035319|83001|1,TTTT,....,TTTT-....,4,4,0
150914092233249|81001|1,TTTT,TTTT,TTTT-TTTT,4,4,0
150914096553559|82001|1,TTT.,....,TTT.-....,3,3,0
150914096553559|82001|2,TTT.,....,TTT.-....,3,3,0
150958098641099|82001|3,NTTT,....,NTTT-....,4,3,1
150968097503749|83001|1,E.TT,....,E.TT-....,3,2,1
150968099933309|82001|3,TTTT,.T..,TTTT-.T..,4,4,0
151290309400870|82001|1,TTTT,....,TTTT-....,4,4,0
152043130340440|83001|1,TTTT,....,TTTT-....,4,4,0
152440020360107|87001|1,T...,....,T...-....,1,1,0
152566006907098|83001|2,TTT.,....,TTT.-....,3,3,0
152600860790108|81001|2,TTTT,T...,TTTT-T...,4,4,0
152779094907291|81001|3,TTTT,TTTT,TTTT-TTTT,4,4,0
153050147140060|83001|1,TTTT,....,TTTT-....,4,4,0
153300620150109|82001|1,TTTT,....,TTTT-....,4,4,0
153440620501204|81001|2,TEEE,EEEE,TEEE-EEEE,4,1,1
154260920660002|82001|2,TTTT,....,TTTT-....,4,4,0
154402730900151|82001|2,TTTT,....,TTTT-....,4,4,0
154430760110502|81001|1,TTTT,TTTT,TTTT-TTTT,4,4,0
154884065001900|81001|1,TTTT,T.EE,TTTT-T.EE,4,4,0
154884065001900|83001|2,TTTT,....,TTTT-....,4,4,0
154942064909567|80001|1,TTTT,TTTT,TTTT-TTTT,4,4,0
156140460400009|80001|1,TTTT,TTTT,TTTT-TTTT,4,4,0
156220570100203|79001|2,TTTT,TTTT,TTTT-TTTT,4,4,0
156298879500866|83001|1,TTTT,....,TTTT-....,4,4,0
156560920450408|81001|1,TTTT,....,TTTT-....,4,4,0
157199689600550|82001|2,TTT.,....,TTT.-....,3,3,0
158010770600417|80001|1,TTTT,TTTT,TTTT-TTTT,4,4,0
158010770600417|80001|2,TNTT,TTTT,TNTT-TTTT,4,3,2
158050754740721|81001|1,ET..,NE.E,ET..-NE.E,2,1,1
158230640870104|83001|1,TTTT,....,TTTT-....,4,4,0
158398329600878|83001|4,TTTT,....,TTTT-....,4,4,0
158600220010401|82001|2,TTTT,TTT.,TTTT-TTT.,4,4,0
158670760760402|83001|2,T...,....,T...-....,1,1,0
158890460130308|83001|1,TTT.,....,TTT.-....,3,3,0
160070540690106|83001|2,TNTT,....,TNTT-....,4,3,2
160146008442540|83001|1,EEET,....,EEET-....,4,1,1
160151009942300|80001|2,TTTT,....,TTTT-....,4,4,0
160151009942300|81001|5,TTTT,EEEE,TTTT-EEEE,4,4,0
160171769900902|80001|2,TTTT,TTTT,TTTT-TTTT,4,4,0
160177004046900|79001|1,TTT.,..UU,TTT.-..UU,3,3,0
160292909500495|83001|2,TTT.,....,TTT.-....,3,3,0
160295979200966|81001|2,TTTT,TTTT,TTTT-TTTT,4,4,0
160301014904194|83001|2,TNEE,....,TNEE-....,4,1,2
160301014904194|83001|3,TTEE,....,TTEE-....,4,2,1
160328064909491|80001|2,TTTT,TTTT,TTTT-TTTT,4,4,0
160328064909491|81001|1,TTTT,TTTT,TTTT-TTTT,4,4,0
160387052907798|87001|2,T...,....,T...-....,1,1,0
160387055900798|82001|4,TTTT,....,TTTT-....,4,4,0
160387055900798|82001|5,NUTT,....,NUTT-....,4,2,2
160389024606294|83001|1,TEEE,....,TEEE-....,4,1,1
160389026702294|80001|1,TTT.,NNUN,TTT.-NNUN,3,3,0
160389026702294|82001|2,TTTT,....,TTTT-....,4,4,0
160584094246099|82001|2,TT.T,....,TT.T-....,3,3,0
160598077908492|82001|1,TTTT,....,TTTT-....,4,4,0
160621099944309|81001|3,TTTT,TTTT,TTTT-TTTT,4,4,0
160646078448549|81001|2,TTTT,TTTT,TTTT-TTTT,4,4,0
160746098435549|80001|1,TTTT,TTTT,TTTT-TTTT,4,4,0
160820091046559|79001|2,TTTT,NNNN,TTTT-NNNN,4,4,0
160838095658879|79001|1,TTTT,....,TTTT-....,4,4,0
160873076226469|80001|2,TTTT,TTTT,TTTT-TTTT,4,4,0
160873096228469|83001|2,T...,....,T...-....,1,1,0
160896078404549|81001|2,TTTT,NNNN,TTTT-NNNN,4,4,0
160904094243099|82001|1,TTTT,TT..,TTTT-TT..,4,4,0
160924094241099|82001|3,TTTT,TTTT,TTTT-TTTT,4,4,0
160966098413549|80001|2,TTTT,TTTT,TTTT-TTTT,4,4,0
160981099917309|80001|1,TTTT,TTTT,TTTT-TTTT,4,4,0
160981099917309|80001|2,TTTT,TTTT,TTTT-TTTT,4,4,0
160987094047909|80001|2,TUEE,NEEE,TUEE-NEEE,4,1,2
160991072015029|80001|3,TTTT,EEEE,TTTT-EEEE,4,4,0
160994064235099|82001|2,TT..,....,TT..-....,2,2,0
160994074213099|80001|1,EENT,EEEE,EENT-EEEE,4,1,2
160994074213099|82001|2,TTTT,TT..,TTTT-TT..,4,4,0
161908604094089|79001|2,TTTT,TTTT,TTTT-TTTT,4,4,0
161909006909693|80001|1,TTTT,TTTT,TTTT-TTTT,4,4,0
161909006909693|80001|2,TTTT,TTTT,TTTT-TTTT,4,4,0
162071058904297|82001|1,TTTT,....,TTTT-....,4,4,0
162350320820409|80001|1,TTTT,TTTT,TTTT-TTTT,4,4,0
162350320820409|81001|2,T...,....,T...-....,1,1,0
162350320820409|82001|2,TTTT,TTT.,TTTT-TTT.,4,4,0
162350320820409|83001|2,TTTT,....,TTTT-....,4,4,0
162430020540004|80001|2,TNNN,ENNN,TNNN-ENNN,4,1,1
162569679600959|83001|1,TTT.,....,TTT.-....,3,3,0
162599749500923|80001|1,TTTT,N...,TTTT-N...,4,4,0
162968303039369|79001|2,TTTT,TTTT,TTTT-TTTT,4,4,0
163070420611303|83001|2,TTTT,....,TTTT-....,4,4,0
163214073903391|80001|1,TTTT,TTTT,TTTT-TTTT,4,4,0
163298359500919|82001|2,TTTT,....,TTTT-....,4,4,0
163440440820106|82001|2,TNTT,T...,TNTT-T...,4,3,2
163803068909990|79001|2,TTTT,EEEE,TTTT-EEEE,4,4,0
163856002904097|83001|1,TTTT,....,TTTT-....,4,4,0
163992706084038|80001|2,TTTT,TTTT,TTTT-TTTT,4,4,0
164110920230205|83001|1,T...,....,T...-....,1,1,0
164110920230205|83001|2,T...,....,T...-....,1,1,0
164299029900924|82001|2,TTTT,....,TTTT-....,4,4,0
164366096909164|81001|2,TTTT,TTTT,TTTT-TTTT,4,4,0
164392189500974|79001|1,TTTT,TTTT,TTTT-TTTT,4,4,0
164465109700957|81001|1,TTTT,TTTT,TTTT-TTTT,4,4,0
164495109100957|80001|2,TTTT,TTTT,TTTT-TTTT,4,4,0
164844053908791|82001|2,TTTT,TT..,TTTT-TT..,4,4,0
164909006909663|83001|1,TTT.,....,TTT.-....,3,3,0
165090659600960|80261|1,TTTT,....,TTTT-....,4,4,0
165430020550107|87001|1,T...,....,T...-....,1,1,0
165470060480001|83001|1,TTT.,....,TTT.-....,3,3,0
165984607052309|81001|1,TTTT,TTTT,TTTT-TTTT,4,4,0
166350320820509|87001|1,T...,....,T...-....,1,1,0
166420770880208|79001|1,TTTT,TTTT,TTTT-TTTT,4,4,0
166420770880208|81001|2,TTTT,TTTT,TTTT-TTTT,4,4,0
166468899200986|82001|1,TTTT,....,TTTT-....,4,4,0
166468899200986|82001|2,TTTT,....,TTTT-....,4,4,0
166468899200986|82001|3,TTTT,....,TTTT-....,4,4,0
166497669800921|79001|2,T.TT,TTTT,T.TT-TTTT,3,3,0
166560540341409|81001|2,TTTT,TTTT,TTTT-TTTT,4,4,0
166962004044949|81001|1,TTTT,TTTT,TTTT-TTTT,4,4,0
166962004044949|81001|2,TTTT,TTTT,TTTT-TTTT,4,4,0
167090499500993|82001|2,TTTT,....,TTTT-....,4,4,0
167193559200998|80001|2,TTTT,NNNN,TTTT-NNNN,4,4,0
167199799800996|79001|2,TTTT,TTTT,TTTT-TTTT,4,4,0
167298649700912|79001|1,TTTT,TTTT,TTTT-TTTT,4,4,0
168107750200244|80001|2,TTTT,TTTT,TTTT-TTTT,4,4,0
168240461700961|80001|1,TNNE,.E..,TNNE-.E..,4,1,2
169054169440580|81001|1,TTTT,TTTT,TTTT-TTTT,4,4,0
169297429500998|80001|2,TTTT,TTTT,TTTT-TTTT,4,4,0
169470317810983|83001|1,T...,....,T...-....,1,1,0
169830511650925|82001|2,NTTT,....,NTTT-....,4,3,1
170127006518290|81001|1,UTTT,T..N,UTTT-T..N,4,3,1
170127006518290|83001|1,T...,....,T...-....,1,1,0
170460098001287|81001|1,TNNN,NNNN,TNNN-NNNN,4,1,1
170567096508299|82001|2,TTTT,....,TTTT-....,4,4,0
170732090911379|80001|2,TTTT,EENE,TTTT-EENE,4,4,0
170835076124899|82001|2,TTTT,T...,TTTT-T...,4,4,0
170836099626759|80001|1,TTTT,TTTT,TTTT-TTTT,4,4,0
170868095428469|80001|1,TTTT,EEE.,TTTT-EEE.,4,4,0
170873098712249|83001|2,TTTT,....,TTTT-....,4,4,0
170900061142404|81001|2,TTTT,TTTT,TTTT-TTTT,4,4,0
170966099613759|81001|1,ETEE,EEEE,ETEE-EEEE,4,1,2
170966099613759|83001|2,TTTT,....,TTTT-....,4,4,0
170972060926379|80001|1,TTTT,TTTT,TTTT-TTTT,4,4,0
170981096531559|83001|1,TTTT,....,TTTT-....,4,4,0
170984094241889|81001|2,TTTT,TTTT,TTTT-TTTT,4,4,0
170992090937379|82001|2,TTTT,....,TTTT-....,4,4,0
171071175540180|82001|2,TTTT,T...,TTTT-T...,4,4,0
171350024909891|81001|2,TTTT,TTTT,TTTT-TTTT,4,4,0
171909008802693|79001|2,ETEE,....,ETEE-....,4,1,2
171909008802693|80001|3,TTTT,TTTT,TTTT-TTTT,4,4,0
172432083906792|83001|2,UTTT,....,UTTT-....,4,3,1
172432086909792|79001|1,TTTT,EEEE,TTTT-EEEE,4,4,0
172906607096099|82001|1,TTTT,....,TTTT-....,4,4,0
172942906073919|81001|1,TTTT,TTTT,TTTT-TTTT,4,4,0
172987008069518|80001|2,TTTT,TTTT,TTTT-TTTT,4,4,0
173713038909296|82001|3,TTTT,....,TTTT-....,4,4,0
173986108059989|83001|2,TTT.,....,TTT.-....,3,3,0
174033096909799|80001|2,TTTT,TUTT,TTTT-TUTT,4,4,0
174081113360710|81001|2,TTTT,TTTT,TTTT-TTTT,4,4,0
174272739400851|79001|2,TTTT,TTTT,TTTT-TTTT,4,4,0
174272739400851|79001|3,TTTT,TTTT,TTTT-TTTT,4,4,0
174821107035106|80001|1,TTTT,NTTN,TTTT-NTTN,4,4,0
174827107035103|83001|2,TT..,....,TT..-....,2,2,0
174887043001502|83001|2,TTTT,....,TTTT-....,4,4,0
174920780181205|80001|1,TT..,E...,TT..-E...,2,2,0
174978502052059|79001|2,NNTT,EEEE,NNTT-EEEE,4,2,1
174978502052157|83001|2,T...,....,T...-....,1,1,0
175018187320830|80001|1,TTTT,TTNU,TTTT-TTNU,4,4,0
175290140831502|80001|1,TUTT,UTTT,TUTT-UTTT,4,3,2
176240310340107|82001|1,TTTT,TTTT,TTTT-TTTT,4,4,0
177084113240360|83001|1,T.TT,....,T.TT-....,3,3,0
177430220250305|87001|2,T...,....,T...-....,1,1,0
177780240101201|82001|2,TTTT,E...,TTTT-E...,4,4,0
177912504077049|81001|2,TTTT,EEEE,TTTT-EEEE,4,4,0
177912504077049|82001|2,TTTT,TTT.,TTTT-TTT.,4,4,0
177912504077049|83001|2,TTTT,....,TTTT-....,4,4,0
178049660329403|80001|2,TTTT,TTTT,TTTT-TTTT,4,4,0
178059880369405|82001|1,TTTT,....,TTTT-....,4,4,0
178240060150409|80001|2,EENT,E.EE,EENT-E.EE,4,1,2
178240461700911|82001|2,TTTT,....,TTTT-....,4,4,0
178290120830002|81001|1,TTTT,TTTN,TTTT-TTTN,4,4,0
178520740621009|80001|1,T.TT,TTTT,T.TT-TTTT,3,3,0
178900220690400|81001|1,TTTT,TTTT,TTTT-TTTT,4,4,0
178992106057109|87001|1,T...,....,T...-....,1,1,0
179140325700931|81001|4,TTTT,TTTT,TTTT-TTTT,4,4,0
179250848460973|80001|2,TTTT,TTTT,TTTT-TTTT,4,4,0
179250848460973|82001|2,TEEE,....,TEEE-....,4,1,1
179570153860773|81001|1,TTTT,TTTT,TTTT-TTTT,4,4,0
180387052909778|82001|2,TTTT,....,TTTT-....,4,4,0
180767094337179|81001|1,TTTT,TTTT,TTTT-TTTT,4,4,0
180792092245749|83001|1,TTTT,....,TTTT-....,4,4,0
180854031001014|82001|1,TTTT,TTTT,TTTT-TTTT,4,4,0
180867094332179|82001|2,TTTT,TTT.,TTTT-TTT.,4,4,0
180967094303179|80001|2,NNTT,NTTT,NNTT-NTTT,4,2,1
180972092227749|79001|2,TTTT,TTTT,TTTT-TTTT,4,4,0
180983094941079|82001|1,NTUN,UEEE,NTUN-UEEE,4,1,3
181160304000870|80001|2,TTTT,EEEE,TTTT-EEEE,4,4,0
181328066909491|79001|1,TTTT,TTTT,TTTT-TTTT,4,4,0
181410010170515|80001|2,TTTT,TTTT,TTTT-TTTT,4,4,0
181710140771505|82001|3,TTTT,T...,TTTT-T...,4,4,0
182013150320130|82001|1,TTTT,TTT.,TTTT-TTT.,4,4,0
182070460270108|81001|1,TTTT,EEEE,TTTT-EEEE,4,4,0
182250074909866|83001|2,TTTT,....,TTTT-....,4,4,0
182567799400906|83001|2,T...,....,T...-....,1,1,0
182569029000911|83001|1,T...,....,T...-....,1,1,0
182779096909261|82001|2,NTTT,....,NTTT-....,4,3,1
183198359000719|80001|2,TTTT,TTTT,TTTT-TTTT,4,4,0
183520420320504|80001|1,TTTT,TTTT,TTTT-TTTT,4,4,0
183520420320504|83001|2,TTTT,....,TTTT-....,4,4,0
183610720681206|81001|1,TTTT,TTTT,TTTT-TTTT,4,4,0
183820040460106|81001|2,TTTN,TTTT,TTTN-TTTT,4,3,1
184135024909961|81001|1,NTUN,UTEE,NTUN-UTEE,4,1,3
184135024909961|81001|2,TTTT,TTTT,TTTT-TTTT,4,4,0
184252064909596|82001|1,TTTT,T...,TTTT-T...,4,4,0
184654044907997|81001|1,TTTT,TTTT,TTTT-TTTT,4,4,0
184669028909799|82001|1,TTTT,....,TTTT-....,4,4,0
184674041901791|81001|2,TTTT,TTTT,TTTT-TTTT,4,4,0
184930094909268|82001|2,NNTN,N...,NNTN-N...,4,1,2
185362749000930|82001|2,TTTU,....,TTTU-....,4,3,1
186930320340005|81001|1,TTTT,TTTT,TTTT-TTTT,4,4,0
187049880069107|83001|2,T...,....,T...-....,1,1,0
187540572250941|82001|1,TTTT,T...,TTTT-T...,4,4,0
188006145520950|82001|2,TTTT,EEE.,TTTT-EEE.,4,4,0
188392219600794|82001|2,TTTT,....,TTTT-....,4,4,0
189050921760943|83001|1,T...,....,T...-....,1,1,0
189320399530982|83001|2,T...,....,T...-....,1,1,0
189370160670301|81001|1,TTTT,ETTT,TTTT-ETTT,4,4,0
189370160670301|81001|2,TTTT,TTTT,TTTT-TTTT,4,4,0
189400736450622|82001|1,TTTT,TTT.,TTTT-TTT.,4,4,0
189400736450622|82001|2,TTTT,TTT.,TTTT-TTT.,4,4,0
189610791120620|83001|2,TTTT,....,TTTT-....,4,4,0
189650975000940|80001|1,NTTT,NTTT,NTTT-NTTT,4,3,1
189900827900944|83001|2,TTTT,....,TTTT-....,4,4,0
189960751770642|82001|1,TTTT,U...,TTTT-U...,4,4,0
190125007406500|81001|1,EEET,TUTT,EEET-TUTT,4,1,1
190125007406500|82001|1,TTTT,....,TTTT-....,4,4,0
190273096311737|80001|1,T.TT,....,T.TT-....,3,3,0
190330260950303|80001|3,TTTT,TTTT,TTTT-TTTT,4,4,0
190526093616009|82001|1,TTTT,....,TTTT-....,4,4,0
190657097126639|81001|2,TNNN,.NNN,TNNN-.NNN,4,1,1
190657097126639|82001|1,TTTT,....,TTTT-....,4,4,0
190657097126639|82001|2,TTTT,....,TTTT-....,4,4,0
190763305075148|82001|1,TTTT,TT..,TTTT-TT..,4,4,0
190823096338739|82001|2,TTNN,....,TTNN-....,4,2,1
190843096322739|81001|1,TTTT,TTTT,TTTT-TTTT,4,4,0
190903076347739|82001|1,TTTT,....,TTTT-....,4,4,0
190906407061739|81001|1,TUTT,TTTT,TUTT-TTTT,4,3,2
190912807008829|82001|1,TTTT,TTT.,TTTT-TTT.,4,4,0
190915104045388|81001|1,TTTT,T.TT,TTTT-T.TT,4,4,0
190928506009869|79001|2,TTTE,EEEE,TTTE-EEEE,4,3,1
190930066633269|82001|1,T...,....,T...-....,1,1,0
190936307065619|81001|1,TTTT,NNNN,TTTT-NNNN,4,4,0
190953066307739|83001|2,TT..,....,TT..-....,2,2,0
190961802011808|83001|3,TTTT,....,TTTT-....,4,4,0
190967404034518|81001|1,TTTT,TTTT,TTTT-TTTT,4,4,0
190983408016298|80001|1,TNNN,NENN,TNNN-NENN,4,1,1
190986308098299|81001|2,TTTT,....,TTTT-....,4,4,0
190986308098299|82001|1,TTTT,....,TTTT-....,4,4,0
190993066327739|83001|2,TT..,....,TT..-....,2,2,0
190997602030648|80001|2,TTTT,TTTT,TTTT-TTTT,4,4,0
191095024909692|83001|1,TTTT,....,TTTT-....,4,4,0
191340640130302|83001|1,TTTT,....,TTTT-....,4,4,0
191366098909194|80001|1,TTTT,TTTT,TTTT-TTTT,4,4,0
191844054909771|80001|1,TTT.,NNTT,TTT.-NNTT,3,3,0
191844054909771|80001|2,TTT.,NNTT,TTT.-NNTT,3,3,0
191903308000348|83001|1,ETTT,....,ETTT-....,4,3,1
191912302048619|80001|1,TNNN,NNNT,TNNN-NNNT,4,1,1
191914607055757|81001|3,T.UN,EEUE,T.UN-EEUE,3,1,2
191916302048219|81001|1,TTTT,....,TTTT-....,4,4,0
191916800024309|80001|1,TTTT,EEEE,TTTT-EEEE,4,4,0
191934906037979|82001|2,TTTT,T...,TTTT-T...,4,4,0
191934906037979|83001|2,TTT.,....,TTT.-....,3,3,0
191938208042389|79001|3,TTTT,T...,TTTT-T...,4,4,0
191952706098227|87001|1,T...,....,T...-....,1,1,0
191968202029939|81001|1,TTTT,TTTT,TTTT-TTTT,4,4,0
191968502039739|79001|1,TTTT,UTUN,TTTT-UTUN,4,4,0
191972508095889|83001|2,TTTT,....,TTTT-....,4,4,0
191973508095388|80001|3,TTTT,....,TTTT-....,4,4,0
191973508095388|80001|4,TTTT,....,TTTT-....,4,4,0
191974508014729|81001|1,TTTT,TTTT,TTTT-TTTT,4,4,0
191974508014827|80001|2,TTTT,TTTT,TTTT-TTTT,4,4,0
192201006909597|81001|1,TTTT,EEEE,TTTT-EEEE,4,4,0
192779094909291|82001|2,TTTT,T...,TTTT-T...,4,4,0
192820820560106|83001|1,TTTT,....,TTTT-....,4,4,0
192902805069799|81001|1,TTTT,....,TTTT-....,4,4,0
192904108082769|81001|1,TTTT,TTTT,TTTT-TTTT,4,4,0
192904108082769|83001|1,TTTT,....,TTTT-....,4,4,0
192906805069399|80001|2,TTTT,T...,TTTT-T...,4,4,0
192907409080263|79001|1,TTTT,TTTT,TTTT-TTTT,4,4,0
192909006409663|82001|2,TTTT,....,TTTT-....,4,4,0
192916906037929|81001|2,TTTT,TTTT,TTTT-TTTT,4,4,0
192928604074249|80001|2,TTTT,EEEE,TTTT-EEEE,4,4,0
192932601071999|82001|1,TTTT,TTT.,TTTT-TTT.,4,4,0
192932601071999|82001|2,TTTT,TTT.,TTTT-TTT.,4,4,0
192932601071999|83001|2,TNNN,....,TNNN-....,4,1,1
192946200013279|83001|1,TTT.,....,TTT.-....,3,3,0
192946200013279|83001|2,TTT.,....,TTT.-....,3,3,0
192962400042797|80001|1,TTTT,....,TTTT-....,4,4,0
192963400042795|82001|1,TTTT,TT..,TTTT-TT..,4,4,0
192982206019249|87001|2,T...,....,T...-....,1,1,0
192984206027649|82001|1,TTTT,T...,TTTT-T...,4,4,0
192996607050297|82001|1,TTTT,....,TTTT-....,4,4,0
193718609033777|83001|1,T...,....,T...-....,1,1,0
193791001096706|81001|1,TTTT,TTTT,TTTT-TTTT,4,4,0
193834063001607|83001|2,NNUT,....,NNUT-....,4,1,2
193851503043746|83001|1,T.TT,....,T.TT-....,3,3,0
193857503043743|80001|1,TTTT,TTTT,TTTT-TTTT,4,4,0
193857503043743|83001|2,TT..,....,TT..-....,2,2,0
193926107054219|80001|1,TNNN,EEEN,TNNN-EEEN,4,1,1
193926206093859|83001|1,TTT.,....,TTT.-....,3,3,0
193928105009789|83001|1,T...,....,T...-....,1,1,0
193928105009789|83001|2,T...,....,T...-....,1,1,0
193928807070809|81001|1,TUTT,TTTT,TUTT-TTTT,4,3,2
193946205006339|83001|2,TTT.,....,TTT.-....,3,3,0
193952200051259|83001|2,TTTT,....,TTTT-....,4,4,0
193972504039799|82001|2,TTTT,TTT.,TTTT-TTT.,4,4,0
193972800093619|83001|1,TTTT,....,TTTT-....,4,4,0
193994001096702|81001|1,TTTT,TTTT,TTTT-TTTT,4,4,0
193995706084038|81001|2,TTNU,.EE.,TTNU-.EE.,4,2,2
193996001096609|82001|1,TTEE,....,TTEE-....,4,2,1
193996001096609|82001|2,TTTT,....,TTTT-....,4,4,0
194370370460408|82001|1,TTTT,....,TTTT-....,4,4,0
194370370460408|82001|2,TTTT,....,TTTT-....,4,4,0
194370370460408|82001|3,TTTT,....,TTTT-....,4,4,0
194610834120622|80001|2,T.UT,.T.T,T.UT-.T.T,3,2,2
194610834120622|87001|1,T...,....,T...-....,1,1,0
194760562970643|82001|1,TTTT,T...,TTTT-T...,4,4,0
194778502052159|83001|1,T...,....,T...-....,1,1,0
194824107035104|80001|1,TT.T,....,TT.T-....,3,3,0
194830280540672|82001|3,NTTT,....,NTTT-....,4,3,1
194850717860623|87001|2,T...,....,T...-....,1,1,0
194904608023329|83001|2,TTTT,....,TTTT-....,4,4,0
194915701082218|81001|1,TTTT,TTTT,TTTT-TTTT,4,4,0
194917800026358|81001|1,TTTT,NTTT,TTTT-NTTT,4,4,0
194922107035109|80001|2,TTTT,TTTT,TTTT-TTTT,4,4,0
194926107035609|83001|1,TTT.,....,TTT.-....,3,3,0
194954108038377|83001|1,T...,....,T...-....,1,1,0
194964605024829|81001|1,TTTT,TTTT,TTTT-TTTT,4,4,0
194964605024829|81001|2,TTTT,TTTT,TTTT-TTTT,4,4,0
194966409056999|83001|1,TTT.,....,TTT.-....,3,3,0
194967402068248|81001|2,TTTT,TTTT,TTTT-TTTT,4,4,0
194972407030244|81001|1,TTTT,TTTT,TTTT-TTTT,4,4,0
194984804046337|80001|1,UTTE,TTTT,UTTE-TTTT,4,2,2
194991203002056|80001|1,TNNN,NTTE,TNNN-NTTE,4,1,1
194992107022239|82001|1,TTTT,TTT.,TTTT-TTT.,4,4,0
194996901030064|80001|1,TTTT,TTTT,TTTT-TTTT,4,4,0
194996901030064|80001|2,TTTT,TTTT,TTTT-TTTT,4,4,0
194998901030569|80001|1,TTTT,TTTT,TTTT-TTTT,4,4,0
195058199060970|81001|1,T.NT,....,T.NT-....,3,2,2
195740760490401|82001|1,TTTT,....,TTTT-....,4,4,0
195740760490401|82001|2,TTTT,....,TTTT-....,4,4,0
195740760490401|82001|3,TTTT,....,TTTT-....,4,4,0
195903406003988|81001|1,TTTT,TTTT,TTTT-TTTT,4,4,0
195903406003988|82001|2,TTTT,TT..,TTTT-TT..,4,4,0
195912300051219|82001|1,TTTT,EEE.,TTTT-EEE.,4,4,0
195941307026216|82001|2,TTTT,TTTT,TTTT-TTTT,4,4,0
195942009009989|83001|2,TTTT,....,TTTT-....,4,4,0
195942805003829|81001|1,TTTT,TTTT,TTTT-TTTT,4,4,0
195948004006709|80001|1,TTTT,....,TTTT-....,4,4,0
195952602009079|87001|1,T...,....,T...-....,1,1,0
195957007074648|82001|1,TT.T,....,TT.T-....,3,3,0
195957707017025|79001|2,TTT.,.EEE,TTT.-.EEE,3,3,0
195958200031329|79001|1,TTTT,TTT.,TTTT-TTT.,4,4,0
195961604093258|81001|1,TTTT,TTTT,TTTT-TTTT,4,4,0
195961604093855|80001|2,TTTT,TTTT,TTTT-TTTT,4,4,0
195961604093855|82001|1,TTTT,TTTT,TTTT-TTTT,4,4,0
195982103013599|80001|2,TTTT,TTTT,TTTT-TTTT,4,4,0
195982103013697|80001|1,TTTT,EUUU,TTTT-EUUU,4,4,0
195983103013695|80001|1,NTTT,EEEE,NTTT-EEEE,4,3,1
195983103013695|80001|2,TTTT,TTTT,TTTT-TTTT,4,4,0
195996904040839|81001|2,TEEE,EEEE,TEEE-EEEE,4,1,1
195998600080299|82001|1,TTTT,....,TTTT-....,4,4,0
196090160000301|82001|1,TNEE,....,TNEE-....,4,1,2
196090160000311|80001|1,TEEE,TEEE,TEEE-TEEE,4,1,1
196099140009001|80001|2,UUTT,TTTT,UUTT-TTTT,4,2,1
196459760899001|81001|1,TTTT,....,TTTT-....,4,4,0
196460040020303|82001|1,TTTT,T...,TTTT-T...,4,4,0
196460040020303|82001|2,TTNN,N...,TTNN-N...,4,2,1
196890640690003|83001|2,TTTT,....,TTTT-....,4,4,0
196902100013609|81001|1,TTTT,TTTT,TTTT-TTTT,4,4,0
196902708026229|83001|1,TNEE,....,TNEE-....,4,1,2
196914806044559|82001|2,TTTT,T...,TTTT-T...,4,4,0
196914806044559|82001|5,TTTT,....,TTTT-....,4,4,0
196921806053256|80001|2,TTTT,EEEE,TTTT-EEEE,4,4,0
196921902030228|80001|1,TTTT,TTTT,TTTT-TTTT,4,4,0
196923909051585|81001|1,TEEE,EEEE,TEEE-EEEE,4,1,1
196956802024639|79001|2,TTEE,EEEE,TTEE-EEEE,4,2,1
196965004030778|83001|1,TTTT,....,TTTT-....,4,4,0
196972007054389|80001|2,TTTT,....,TTTT-....,4,4,0
196974504036779|80001|1,EEET,TNTE,EEET-TNTE,4,1,1
196978301032819|79001|2,TTTT,TTTT,TTTT-TTTT,4,4,0
196986509070349|81001|2,TTTT,TTTT,TTTT-TTTT,4,4,0
196998403021939|81001|2,TTTT,TTTT,TTTT-TTTT,4,4,0
197440160150408|79001|1,TTTT,TTTT,TTTT-TTTT,4,4,0
197736805088787|79001|2,TEEE,E.EE,TEEE-E.EE,4,1,1
197736805088787|80001|1,TTTT,TTTT,TTTT-TTTT,4,4,0
197867709050761|79001|1,TTTT,TTTT,TTTT-TTTT,4,4,0
197867709050761|83001|1,TT..,....,TT..-....,2,2,0
197902302055317|83001|1,NTTT,....,NTTT-....,4,3,1
197908201039399|82001|1,TTTT,....,TTTT-....,4,4,0
197914504077049|80001|1,TTTT,TTTT,TTTT-TTTT,4,4,0
197931805088780|80001|2,TTTT,TTTN,TTTT-TTTN,4,4,0
197931805088780|81001|1,TTTT,T...,TTTT-T...,4,4,0
197936000099339|82001|1,TTTT,....,TTTT-....,4,4,0
197978208089729|79001|1,TTTT,....,TTTT-....,4,4,0
197983505071896|82001|1,TTTT,TT..,TTTT-TT..,4,4,0
197984808076742|83001|2,UUUT,....,UUUT-....,4,1,1
197998106078289|81001|2,NNTT,TTTT,NNTT-TTTT,4,2,1
198420340320107|80001|1,TTTT,TTTT,TTTT-TTTT,4,4,0
198420340320107|81001|1,TTTT,TTTT,TTTT-TTTT,4,4,0
198841305064781|80001|1,TTTT,TTTT,TTTT-TTTT,4,4,0
198841305064781|82001|1,TTTT,TTTT,TTTT-TTTT,4,4,0
198890540881002|80001|1,ETTT,TTTT,ETTT-TTTT,4,3,1
198891702003158|81001|1,TTT.,.TTT,TTT.-.TTT,3,3,0
198911905090038|80001|2,TTTT,....,TTTT-....,4,4,0
198912504006229|82001|1,TTTT,TTT.,TTTT-TTT.,4,4,0
198912504006229|82001|2,TTTT,TTT.,TTTT-TTT.,4,4,0
198922501077349|80001|1,TTTT,TTTT,TTTT-TTTT,4,4,0
198928501077649|79001|1,TTTU,TTTT,TTTU-TTTT,4,3,1
198934603089289|80001|1,TTEE,EEEU,TTEE-EEEU,4,2,1
198936207018669|79001|2,TTTT,TTTT,TTTT-TTTT,4,4,0
198936506072204|82001|1,TTTT,....,TTTT-....,4,4,0
198942400058257|83001|1,EEET,....,EEET-....,4,1,1
198943400058255|80001|2,T.TT,TTTT,T.TT-TTTT,3,3,0
198958205078709|83001|1,T...,....,T...-....,1,1,0
198962604057219|83001|1,TTTT,....,TTTT-....,4,4,0
198966501041209|83001|1,TTT.,....,TTT.-....,3,3,0
198966604057719|79001|2,TTTT,....,TTTT-....,4,4,0
198973500096378|81001|2,TTTT,TTTT,TTTT-TTTT,4,4,0
198980540540409|80001|2,NNTT,NTTT,NNTT-NTTT,4,2,1
198991702003658|81001|1,TTTT,TTTT,TTTT-TTTT,4,4,0
198994800045999|83001|1,TTTT,....,TTTT-....,4,4,0
198998508015062|80001|1,TTTT,TTTT,TTTT-TTTT,4,4,0
198998508015062|83001|1,T...,....,T...-....,1,1,0
199010321620912|81001|2,TTTT,.EEE,TTTT-.EEE,4,4,0
199030224710975|79001|1,TTTT,TTTT,TTTT-TTTT,4,4,0
199050796520715|80001|3,TTET,TTTT,TTET-TTTT,4,3,2
199050796520715|83001|2,TTTT,....,TTTT-....,4,4,0
199060951530952|83001|1,TTTT,....,TTTT-....,4,4,0
199120294040613|80001|1,TTEE,EEEE,TTEE-EEEE,4,2,1
199150608760913|80001|2,TTTT,EEEE,TTTT-EEEE,4,4,0
199160469400955|80001|1,TTTT,NNNN,TTTT-NNNN,4,4,0
199180463050734|81001|1,TTTT,....,TTTT-....,4,4,0
199190120780752|80001|1,TTTT,TTTT,TTTT-TTTT,4,4,0
199190120780752|80001|2,TTTT,TTTT,TTTT-TTTT,4,4,0
199190120780752|83001|2,TTTT,....,TTTT-....,4,4,0
199190120780972|83001|1,TT..,....,TT..-....,2,2,0
199190120780972|83001|2,TT..,....,TT..-....,2,2,0
199210359560673|82001|2,TTTT,....,TTTT-....,4,4,0
199240984680972|82001|1,TTTT,....,TTTT-....,4,4,0
199250315480682|82001|1,TTTT,....,TTTT-....,4,4,0
199250482690910|80001|1,TTTT,TTTT,TTTT-TTTT,4,4,0
199250717140660|83001|3,TTT.,....,TTT.-....,3,3,0
199280240150104|81001|1,TTTT,TNTT,TTTT-TNTT,4,4,0
199280758500612|82001|1,TTTT,....,TTTT-....,4,4,0
199320795790610|81001|2,TTTT,....,TTTT-....,4,4,0
199330004500642|80001|2,TTTT,TTTT,TTTT-TTTT,4,4,0
199370402620610|83001|1,TTNT,....,TTNT-....,4,3,2
199390162340612|83001|1,TT..,....,TT..-....,2,2,0
199390726930614|83001|1,TTTT,....,TTTT-....,4,4,0
199400753640715|81001|1,TTTT,TTTT,TTTT-TTTT,4,4,0
199400753640715|81001|2,TTTT,EEEE,TTTT-EEEE,4,4,0
199410838860915|81001|2,T...,....,T...-....,1,1,0
199420462090955|80001|1,TTTT,TTTT,TTTT-TTTT,4,4,0
199430997230952|80001|1,TTTT,....,TTTT-....,4,4,0
199440807350670|83001|1,TT..,....,TT..-....,2,2,0
199440954010973|82001|1,TTTT,....,TTTT-....,4,4,0
199440954010973|83001|1,TT..,....,TT..-....,2,2,0
199470010690912|82001|2,TTTT,TTTT,TTTT-TTTT,4,4,0
199470010690912|83001|2,TTTT,....,TTTT-....,4,4,0
199470108160915|82001|1,TT..,EEEE,TT..-EEEE,2,2,0
199470108160915|83001|1,TTTT,....,TTTT-....,4,4,0
199480458230735|81001|2,T.TT,TTTT,T.TT-TTTT,3,3,0
199500252510675|80001|2,TTTT,NNNN,TTTT-NNNN,4,4,0
199530968230953|80001|2,UTTT,TTTT,UTTT-TTTT,4,3,1
199540419650650|82001|2,TTTT,....,TTTT-....,4,4,0
199590229840662|81001|1,TTTT,TTTT,TTTT-TTTT,4,4,0
199610005930670|80001|2,TTNN,TTTT,TTNN-TTTT,4,2,1
199610682570915|81001|1,TTTT,TTTT,TTTT-TTTT,4,4,0
199630608030913|81001|2,TTTT,TTTT,TTTT-TTTT,4,4,0
199700327590972|79001|2,TTTT,TTTT,TTTT-TTTT,4,4,0
199750811410670|81001|1,TTTT,TTTT,TTTT-TTTT,4,4,0
199760422530912|81001|1,TTTT,TTTT,TTTT-TTTT,4,4,0
199780093250911|83001|3,TTTT,....,TTTT-....,4,4,0
199780194560650|83001|1,TTTT,....,TTTT-....,4,4,0
199790056460975|83001|1,TT..,....,TT..-....,2,2,0
199810245680732|80001|1,TTTT,.TTT,TTTT-.TTT,4,4,0
199820176620955|80001|2,NTNU,ENNN,NTNU-ENNN,4,1,3
199835302013783|83001|2,TTTT,....,TTTT-....,4,4,0
199870786840913|81001|2,TTTT,TTTT,TTTT-TTTT,4,4,0
199880067480632|80001|2,NNNT,NNNT,NNNT-NNNT,4,1,1
199890045500973|82001|2,TTT.,....,TTT.-....,3,3,0
199904104097739|82001|1,TTTT,T...,TTTT-T...,4,4,0
199920028230973|79001|2,TTTT,TTTT,TTTT-TTTT,4,4,0
199925309076238|80001|1,NUTE,....,NUTE-....,4,1,3
199933909099818|83001|1,TTTT,....,TTTT-....,4,4,0
199938302013289|80001|2,TNNT,EEEE,TNNT-EEEE,4,2,2
199938909099719|80001|2,TTTT,TTTT,TTTT-TTTT,4,4,0
199942604041979|83001|1,TTTT,....,TTTT-....,4,4,0
199950342990973|79001|1,TTTT,TTTT,TTTT-TTTT,4,4,0
199960010210673|83001|1,TT..,....,TT..-....,2,2,0
199960521980910|83001|1,TTTT,....,TTTT-....,4,4,0
199970972720912|81001|1,TTTT,EEEE,TTTT-EEEE,4,4,0
199980092130672|83001|1,TT..,....,TT..-....,2,2,0
199984305049619|81001|2,TTTT,TTTT,TTTT-TTTT,4,4,0
200055505022111|81001|2,TTTT,...T,TTTT-...T,4,4,0
200095909002631|80001|1,TTTT,TTTT,TTTT-TTTT,4,4,0
200109950161699|87001|1,T...,....,T...-....,1,1,0
200109965564993|87001|1,T...,....,T...-....,1,1,0
200183007242740|81001|2,TTTT,TTTT,TTTT-TTTT,4,4,0
200183007242740|87001|2,T...,....,T...-....,1,1,0
200509932705493|87001|2,T...,....,T...-....,1,1,0
200509946779898|81001|2,TTTT,TTTT,TTTT-TTTT,4,4,0
200583097148369|82001|2,TTTT,....,TTTT-....,4,4,0
200609624831902|83001|2,EE.T,....,EE.T-....,3,1,1
200609624831902|83001|3,EE.T,....,EE.T-....,3,1,1
200609855462592|83001|3,TNNE,....,TNNE-....,4,1,2
200609855462592|83001|4,TTTT,....,TTTT-....,4,4,0
200609902782798|83001|2,TTTT,....,TTTT-....,4,4,0
200609906437173|82001|2,TTTT,T...,TTTT-T...,4,4,0
200609913888599|81001|1,TTTT,TTTT,TTTT-TTTT,4,4,0
200609949225874|80001|2,TTTE,TTTT,TTTE-TTTT,4,3,1
200609949252376|81001|1,TTTT,TTTT,TTTT-TTTT,4,4,0
200609956102842|80001|2,TTTT,TETT,TTTT-TETT,4,4,0
200609958816697|87001|2,T...,....,T...-....,1,1,0
200609958831777|81001|2,TTTT,TTTT,TTTT-TTTT,4,4,0
200609963300698|83001|1,TTTT,....,TTTT-....,4,4,0
200609965463199|80001|2,TTTT,....,TTTT-....,4,4,0
200609974111872|87001|2,T...,....,T...-....,1,1,0
200609982329528|80001|2,TTTT,EEEE,TTTT-EEEE,4,4,0
200609982574990|80001|2,T.TT,TT.T,T.TT-TT.T,3,3,0
200609988015699|80001|1,TETT,TTTT,TETT-TTTT,4,3,2
200609994853891|87001|1,T...,....,T...-....,1,1,0
200807958831797|83001|2,TNTT,....,TNTT-....,4,3,2
200826062605939|81001|1,TTNT,....,TTNT-....,4,3,2
200882098526849|82001|1,EE.T,....,EE.T-....,3,1,1
200887098442349|81001|1,TTTT,TTTT,TTTT-TTTT,4,4,0
200907965752079|83001|1,TTTT,....,TTTT-....,4,4,0
200907986352294|80001|1,EET.,....,EET.-....,3,1,1
200909918096577|81001|2,TTTT,TTTT,TTTT-TTTT,4,4,0
200962098523849|81001|1,T.TT,ETTT,T.TT-ETTT,3,3,0
200962098523849|83001|2,TUUN,....,TUUN-....,4,1,2
200999093241789|83001|1,TTTT,....,TTTT-....,4,4,0
201027102098041|80001|2,TTTT,TTTT,TTTT-TTTT,4,4,0
201033044907195|81001|1,EE.T,EEE.,EE.T-EEE.,3,1,1
201041806025381|80001|2,TTTT,EEEE,TTTT-EEEE,4,4,0
201041806025381|80001|3,NTTT,TTTT,NTTT-TTTT,4,3,1
201041806025381|80001|4,NTTT,NNEE,NTTT-NNEE,4,3,1
201605363893206|81001|1,TTTT,TTTT,TTTT-TTTT,4,4,0
201609023994120|80001|2,TTET,NNNN,TTET-NNNN,4,3,2
201903250874766|83001|2,TTTT,....,TTTT-....,4,4,0
201905384894525|83001|2,TTTT,....,TTTT-....,4,4,0
201905721895540|83001|1,TTTT,....,TTTT-....,4,4,0
201905721895540|83001|2,TTTT,....,TTTT-....,4,4,0
201905933090242|83001|1,TTTT,....,TTTT-....,4,4,0
201907084895269|82001|1,TT..,....,TT..-....,2,2,0
201908903894006|81001|1,TTTT,TTTT,TTTT-TTTT,4,4,0
201908903894006|83001|1,TTTN,....,TTTN-....,4,3,1
201909963395179|81001|1,TTTT,.NTN,TTTT-.NTN,4,4,0
201950077908398|81001|2,TTTT,TTTT,TTTT-TTTT,4,4,0
202045502026211|82001|2,TTTT,....,TTTT-....,4,4,0
202601552992503|87001|2,T...,....,T...-....,1,1,0
202609555999520|80001|2,TTTT,TTTT,TTTT-TTTT,4,4,0
202701432997567|80001|2,TNNU,NNNU,TNNU-NNNU,4,1,2
202707084995261|83001|2,TUNN,....,TUNN-....,4,1,2
202900873995657|83001|2,TEEE,....,TEEE-....,4,1,1
202901020498566|83001|2,TTNU,....,TTNU-....,4,2,2
202901020498566|87001|1,T...,....,T...-....,1,1,0
202901021998568|83001|2,TTTT,....,TTTT-....,4,4,0
202901864998761|83001|2,T.TT,....,T.TT-....,3,3,0
202903082999858|83001|2,TNNN,....,TNNN-....,4,1,1
202904784994738|80001|2,TNTT,TTTT,TNTT-TTTT,4,3,2
202905724995542|87001|1,T...,....,T...-....,1,1,0
202906773990190|80001|2,TTTT,T...,TTTT-T...,4,4,0
202906774990199|82001|1,TTTT,TTT.,TTTT-TTT.,4,4,0
202907163995476|80001|3,TTEE,TTTT,TTEE-TTTT,4,2,1
202907595992841|81001|2,TTT.,....,TTT.-....,3,3,0
202909045994911|87001|1,T...,....,T...-....,1,1,0
202947025906393|80001|1,EETT,NTTT,EETT-NTTT,4,2,1
202960230670309|81001|2,TTTT,TTTT,TTTT-TTTT,4,4,0
203701902891124|83001|2,TTTT,....,TTTT-....,4,4,0
203900842599886|80001|2,TTTT,TTTT,TTTT-TTTT,4,4,0
203903250694766|81001|2,TTTT,TTTT,TTTT-TTTT,4,4,0
203905720695549|81001|1,TTTT,TTTT,TTTT-TTTT,4,4,0
204025904098931|83001|2,EE.T,....,EE.T-....,3,1,1
204061309025161|82001|1,TTTT,TTTT,TTTT-TTTT,4,4,0
204221023906399|83001|1,TTTT,....,TTTT-....,4,4,0
204601554992500|80001|2,TTTT,EEEE,TTTT-EEEE,4,4,0
204605275992314|80001|1,TTTT,TTTT,TTTT-TTTT,4,4,0
204605275992314|82001|2,TTTT,T...,TTTT-T...,4,4,0
204608933994548|82001|2,TTTT,T...,TTTT-T...,4,4,0
204609022994127|83001|1,TTTT,....,TTTT-....,4,4,0
204609022994127|83001|2,TTTT,....,TTTT-....,4,4,0
204703047909366|80001|2,TTTT,TTTT,TTTT-TTTT,4,4,0
204703071999519|80001|1,TTTT,TTTT,TTTT-TTTT,4,4,0
204705722995544|80001|1,UNTT,TTTT,UNTT-TTTT,4,2,2
204705722995544|81001|1,TTT.,TTTT,TTT.-TTTT,3,3,0
204707414991411|83001|2,TTTT,....,TTTT-....,4,4,0
204901020988566|80001|2,ET..,TT..,ET..-TT..,2,1,1
204901614791230|82001|1,TTT.,....,TTT.-....,3,3,0
204903250494766|80001|1,TTTT,TTTT,TTTT-TTTT,4,4,0
204905933490242|83001|1,TTTT,....,TTTT-....,4,4,0
204907084295269|82001|1,TTTT,....,TTTT-....,4,4,0
205041509078691|83001|2,TTTT,....,TTTT-....,4,4,0
205047909032991|79001|1,ENTT,EEEE,ENTT-EEEE,4,2,2
205077603077041|82001|2,TTTT,....,TTTT-....,4,4,0
205103071109519|80001|1,TTTT,TTTT,TTTT-TTTT,4,4,0
205608310949248|80001|2,TT..,TTTT,TT..-TTTT,2,2,0
205705930590249|80001|2,TTTT,EEEE,TTTT-EEEE,4,4,0
205900874898744|81001|1,TTTT,TTTT,TTTT-TTTT,4,4,0
205900874898744|83001|1,ET.T,....,ET.T-....,3,2,1
205902063894374|81001|1,TTTN,TTTT,TTTN-TTTT,4,3,1
205902063896036|83001|2,TT..,....,TT..-....,2,2,0
205902064396038|80001|1,TTEE,EEEE,TTEE-EEEE,4,2,1
205904430886994|80001|2,TTTT,TTTT,TTTT-TTTT,4,4,0
205904501891137|82001|1,TTTT,....,TTTT-....,4,4,0
205904554892668|81001|1,E.TE,EEEE,E.TE-EEEE,3,1,2
205908173897667|82001|1,EETT,....,EETT-....,4,2,1
206091406012761|83001|1,TTEE,....,TTEE-....,4,2,1
206091406012761|83001|2,TTTT,....,TTTT-....,4,4,0
206601632995193|79001|1,TTTT,NNNN,TTTT-NNNN,4,4,0
206603870947702|82001|2,TTTT,....,TTTT-....,4,4,0
206605930999285|80001|1,TTTT,EEEE,TTTT-EEEE,4,4,0
206609862994251|81001|2,TTTT,TTTT,TTTT-TTTT,4,4,0
206702215991015|79001|1,TTTT,....,TTTT-....,4,4,0
206705532995843|79001|1,TTTT,TTNN,TTTT-TTNN,4,4,0
206705715997425|83001|2,TTT.,....,TTT.-....,3,3,0
206707011991579|83001|2,TNT.,....,TNT.-....,3,2,2
206902065996034|79001|1,TTTT,TTTT,TTTT-TTTT,4,4,0
206902091996473|83001|2,TTT.,....,TTT.-....,3,3,0
206902651995016|83001|1,TTT.,....,TTT.-....,3,3,0
206903061999929|81001|1,T...,....,T...-....,1,1,0
206903994990906|79001|1,TTTT,....,TTTT-....,4,4,0
206904430796994|79001|2,NNTN,NNNN,NNTN-NNNN,4,1,2
206905751993583|80001|1,TTTT,EETT,TTTT-EETT,4,4,0
206907083995264|79001|3,TTTT,....,TTTT-....,4,4,0
206909024794128|81001|3,TTT.,....,TTT.-....,3,3,0
207005721105541|83001|1,TT..,....,TT..-....,2,2,0
207007712109914|81001|2,EN.T,....,EN.T-....,3,1,2
207007712109914|82001|1,TTTT,....,TTTT-....,4,4,0
207007712109914|82001|2,TTTT,....,TTTT-....,4,4,0
207007974108706|82001|2,TTTT,....,TTTT-....,4,4,0
207009340109356|79001|1,TTTT,TTTT,TTTT-TTTT,4,4,0
207045806059051|82001|1,TTT.,....,TTT.-....,3,3,0
207051508013261|80001|1,TTTT,TTT.,TTTT-TTT.,4,4,0
207102655105013|79001|2,TTTT,EEEE,TTTT-EEEE,4,4,0
207603064949925|81001|1,TTTT,TTTT,TTTT-TTTT,4,4,0
207607090990032|82001|1,TTTT,....,TTTT-....,4,4,0
207705720395549|83001|3,TT..,....,TT..-....,2,2,0
207901862898762|81001|2,TTTT,TTTT,TTTT-TTTT,4,4,0
207901864898761|82001|1,TTTT,....,TTTT-....,4,4,0
207904430596994|81001|1,TTTT,TTTT,TTTT-TTTT,4,4,0
207904430596994|81001|2,TTTT,TTTT,TTTT-TTTT,4,4,0
207905532695845|83001|2,TT..,....,TT..-....,2,2,0
207906930896246|80001|2,TTTT,TTTT,TTTT-TTTT,4,4,0
207909024594128|81001|2,TTTE,.E..,TTTE-.E..,4,3,1
208017507046041|80001|1,TTTT,TTTT,TTTT-TTTT,4,4,0
208017507046041|80001|2,TTTT,TTTT,TTTT-TTTT,4,4,0
208601905991120|81001|1,TTTT,TTTT,TTTT-TTTT,4,4,0
208602064994376|82001|2,TTEE,....,TTEE-....,4,2,1
208603930999282|79001|1,TT..,....,TT..-....,2,2,0
208603930999282|79001|2,TT..,....,TT..-....,2,2,0
208605534995848|81001|2,NUTT,TTTT,NUTT-TTTT,4,2,2
208605712997428|83001|1,T...,....,T...-....,1,1,0
208606934946246|79001|1,TTTT,TTTT,TTTT-TTTT,4,4,0
208609963995175|82001|2,TTNN,....,TTNN-....,4,2,1
208705931790240|81001|3,TTTT,TTTT,TTTT-TTTT,4,4,0
208705931790240|82001|1,TTTT,....,TTTT-....,4,4,0
208705931790240|83001|2,T...,....,T...-....,1,1,0
208900871998742|82001|1,TTTT,....,TTTT-....,4,4,0
208901114998742|80001|1,TT..,EEUE,TT..-EEUE,2,2,0
208901293994448|80001|2,TTTT,TTTT,TTTT-TTTT,4,4,0
208901310993095|80001|2,TEEE,EEEE,TEEE-EEEE,4,1,1
208901862998765|80001|1,TTTT,.T..,TTTT-.T..,4,4,0
208902772799979|83001|1,T...,....,T...-....,1,1,0
208902772799979|83001|2,T...,....,T...-....,1,1,0
208903992790906|82001|2,TTTN,....,TTTN-....,4,3,1
208904594998060|82001|2,TTTN,....,TTTN-....,4,3,1
208904620795556|80001|1,TTTT,TTTT,TTTT-TTTT,4,4,0
208904803992616|81001|2,TT..,....,TT..-....,2,2,0
208905270992315|82001|1,TTTT,....,TTTT-....,4,4,0
208905270992315|82001|2,TTTT,....,TTTT-....,4,4,0
208905713997426|83001|1,T...,....,T...-....,1,1,0
208907160995476|80001|1,TTTT,T.TT,TTTT-T.TT,4,4,0
208907160995476|81001|2,TNTT,TTTT,TNTT-TTTT,4,3,2
208909213994879|80001|1,TTTT,TTTT,TTTT-TTTT,4,4,0
208909342999356|80001|2,TTTT,TTTT,TTTT-TTTT,4,4,0
208909960995175|79001|1,TTTT,TTT.,TTTT-TTT.,4,4,0
209035207005001|82001|1,TTTT,....,TTTT-....,4,4,0
209680839380981|80001|1,TTT.,....,TTT.-....,3,3,0
209940390160783|83001|1,T...,....,T...-....,1,1,0
210000144660080|82001|2,TTTE,....,TTTE-....,4,3,1
210009924593042|80001|1,TTTT,TTTT,TTTT-TTTT,4,4,0
210158005736470|82001|2,TTTT,....,TTTT-....,4,4,0
210177008438920|80001|1,EET.,....,EET.-....,3,1,1
210209902829899|83001|1,TTTN,....,TTTN-....,4,3,1
210209944477340|81001|2,TTTT,TTTT,TTTT-TTTT,4,4,0
210209952627490|83001|2,TTTT,....,TTTT-....,4,4,0
210209972089198|82001|1,TTTT,TTT.,TTTT-TTT.,4,4,0
210250236690060|81001|2,TTTT,TTTT,TTTT-TTTT,4,4,0
210309927080079|83001|2,TTEU,....,TTEU-....,4,2,2
210309937102575|82001|1,T..E,..E.,T..E-..E.,2,1,1
210309967936899|82001|1,TTTT,TTT.,TTTT-TTT.,4,4,0
210312097001502|81001|2,TTTT,TTTT,TTTT-TTTT,4,4,0
210330596600084|79001|2,T...,....,T...-....,1,1,0
210350869270064|83001|1,TTT.,....,TTT.-....,3,3,0
210360324800911|83001|2,TTTT,....,TTTT-....,4,4,0
210420615360081|80001|2,TTTT,TTTT,TTTT-TTTT,4,4,0
210460455040062|83001|2,TTT.,....,TTT.-....,3,3,0
210461097437139|81001|1,TNTT,TTTT,TNTT-TTTT,4,3,2
210470975010082|80001|1,TTTT,TTTT,TTTT-TTTT,4,4,0
210509915983193|80001|2,T..U,EEEE,T..U-EEEE,2,1,1
210509940164394|80001|2,TTTT,TTTN,TTTT-TTTN,4,4,0
210509996829571|81001|2,TTTT,TTTT,TTTT-TTTT,4,4,0
210609915835997|83001|2,TTTT,....,TTTT-....,4,4,0
210609916000193|81001|2,TNTN,NNNN,TNTN-NNNN,4,2,3
210609931112498|81001|1,TTTT,ETTT,TTTT-ETTT,4,4,0
210609952580997|80001|2,TNNE,EENN,TNNE-EENN,4,1,2
210609960492390|81001|1,TTTT,TTTT,TTTT-TTTT,4,4,0
210680990560061|81001|1,EE.T,TTTT,EE.T-TTTT,3,1,1
210709932395399|87001|1,T...,....,T...-....,1,1,0
210709958076593|83001|3,TTT.,....,TTT.-....,3,3,0
210750410950060|81001|1,TTTT,TTTT,TTTT-TTTT,4,4,0
210809961517595|83001|1,TTTT,....,TTTT-....,4,4,0
210809975257197|87001|1,T...,....,T...-....,1,1,0
210809975257197|87001|2,T...,....,T...-....,1,1,0
210809977307297|80001|2,NNNT,ENEN,NNNT-ENEN,4,1,1
210828095742479|82001|1,TT..,.EE.,TT..-.EE.,2,2,0
210858095748479|79001|2,NTTN,TTTN,NTTN-TTTN,4,2,2
210908075727479|83001|2,TT..,....,TT..-....,2,2,0
210909905849099|81001|1,TTEE,TTTT,TTEE-TTTT,4,2,1
210909927901399|80001|2,TNNN,NNNN,TNNN-NNNN,4,1,1
210909987320494|83001|2,TTNT,....,TTNT-....,4,3,2
210909989920696|87001|1,T...,....,T...-....,1,1,0
210931090113229|82001|1,TTTT,TT..,TTTT-TT..,4,4,0
210968071743449|83001|1,TTT.,....,TTT.-....,3,3,0
210997098443929|82001|2,TTTT,TT..,TTTT-TT..,4,4,0
211176748100340|80001|1,TTTT,TTTT,TTTT-TTTT,4,4,0
211950071808398|82001|3,EEET,EEEE,EEET-EEEE,4,1,1
212093149600598|80001|1,TTTT,TTTT,TTTT-TTTT,4,4,0
212095405058911|83001|1,TTT.,....,TTT.-....,3,3,0
212319340200105|82001|1,E.ET,.E.E,E.ET-.E.E,3,1,1
212399349400605|82001|1,EE.T,.E.E,EE.T-.E.E,3,1,1
213044032907698|83001|2,EUTE,....,EUTE-....,4,1,3
213891045001301|80001|1,TTTT,TTTT,TTTT-TTTT,4,4,0
213891045001301|80001|2,TTTT,TTTT,TTTT-TTTT,4,4,0
214490016909092|80001|2,TTTT,....,TTTT-....,4,4,0
214529004907199|81001|1,TTTT,TTT.,TTTT-TTT.,4,4,0
214637075001318|80001|2,TTTT,ETTT,TTTT-ETTT,4,4,0
215061709066401|82001|2,TTTT,TTTT,TTTT-TTTT,4,4,0
215094829800837|81001|2,TTTT,NNNN,TTTT-NNNN,4,4,0
215755054909264|80001|1,TTTT,....,TTTT-....,4,4,0
215755054909264|80001|2,TTTT,....,TTTT-....,4,4,0
216349070159000|83001|2,TT..,....,TT..-....,2,2,0
216493489100884|82001|1,TTTT,TTTT,TTTT-TTTT,4,4,0
216570129000659|80001|2,EETT,....,EETT-....,4,2,1
218295529900837|83001|1,TTNN,....,TTNN-....,4,2,1
219398629700814|80001|2,TTTT,TTTT,TTTT-TTTT,4,4,0
219420800960981|79001|2,TTTT,TTTT,TTTT-TTTT,4,4,0
219440370740981|83001|2,T...,....,T...-....,1,1,0
219505700000115|81001|2,TTTT,TTTT,TTTT-TTTT,4,4,0
220009922109596|82001|2,TTTT,TTT.,TTTT-TTT.,4,4,0
220009937926497|80001|1,TTTT,TTNN,TTTT-TTNN,4,4,0
220009940613296|83001|2,EEET,....,EEET-....,4,1,1
220009940613296|87001|1,T...,....,T...-....,1,1,0
220009940613296|87001|2,T...,....,T...-....,1,1,0
220009976325492|87001|1,T...,....,T...-....,1,1,0
220107914964394|87001|1,T...,....,T...-....,1,1,0
220109969342293|83001|1,TTTT,....,TTTT-....,4,4,0
220116009338200|82001|1,TTTT,....,TTTT-....,4,4,0
220209934417093|80001|2,TTTT,TTTT,TTTT-TTTT,4,4,0
220270057220051|83001|2,TTTT,....,TTTT-....,4,4,0
220293073906795|81001|1,TTTT,TTTT,TTTT-TTTT,4,4,0
220307921262797|83001|1,TTNT,....,TTNT-....,4,3,2
220307921262797|83001|2,TTNT,....,TTNT-....,4,3,2
220390329400911|83001|2,TT..,....,TT..-....,2,2,0
220407962907996|82001|2,TT..,EE..,TT..-EE..,2,2,0
220409908651690|81001|2,E..T,T...,E..T-T...,2,1,1
220409908651690|82001|2,TTTT,TTT.,TTTT-TTT.,4,4,0
220509924959775|80001|3,TTT.,NUT.,TTT.-NUT.,3,3,0
220509988864097|87001|1,T...,....,T...-....,1,1,0
220530126730051|80001|2,TTTT,EEEE,TTTT-EEEE,4,4,0
220549087908799|81001|2,NNNT,EEEE,NNNT-EEEE,4,1,1
220601071924489|81001|1,TTTT,TTTT,TTTT-TTTT,4,4,0
220609908823297|82001|2,TTTT,....,TTTT-....,4,4,0
220609971034697|80001|1,TTTT,TTNT,TTTT-TTNT,4,4,0
220609971034697|80001|2,TTTT,TTTT,TTTT-TTTT,4,4,0
220609971034697|82001|1,TTTT,TTT.,TTTT-TTT.,4,4,0
220707920585999|81001|2,TTTT,T...,TTTT-T...,4,4,0
220707997692592|81001|1,TTTT,TTTT,TTTT-TTTT,4,4,0
220707997692592|81001|2,TTTT,TTTT,TTTT-TTTT,4,4,0
220709904629696|82001|1,TTTT,TTT.,TTTT-TTT.,4,4,0
220709904629696|82001|2,TTTT,TTT.,TTTT-TTT.,4,4,0
220771093437019|81001|2,TTTT,NNNN,TTTT-NNNN,4,4,0
220771093437019|83001|2,ET..,....,ET..-....,2,1,1
220819092136239|79001|1,TTTT,TTTT,TTTT-TTTT,4,4,0
220819092136239|82001|1,TTTT,....,TTTT-....,4,4,0
220825090348719|83001|1,T...,....,T...-....,1,1,0
220871093432019|87001|1,T...,....,T...-....,1,1,0
220895090336719|83001|2,TTT.,....,TTT.-....,3,3,0
220905070357719|79001|2,TTTT,EEEE,TTTT-EEEE,4,4,0
220905070357719|83001|1,TT..,....,TT..-....,2,2,0
220907932608999|81001|2,TTTT,TTTT,TTTT-TTTT,4,4,0
220909969555894|81001|1,TTTT,TTTT,TTTT-TTTT,4,4,0
220909995762796|82001|2,TTTT,TTT.,TTTT-TTT.,4,4,0
220912099037389|81001|1,TTTT,TTTT,TTTT-TTTT,4,4,0
220912099037389|81001|2,TTTT,TTTT,TTTT-TTTT,4,4,0
220935090337719|81001|2,TTUT,TTNT,TTUT-TTNT,4,3,2
220971077723459|81001|2,TTTT,TTTT,TTTT-TTTT,4,4,0
221467879600959|80001|1,TTNN,NNNN,TTNN-NNNN,4,2,1
221467879600959|80001|2,TNNT,NNNN,TNNT-NNNN,4,2,2
221570066909965|80001|2,TTTT,EEEE,TTTT-EEEE,4,4,0
221811056909594|79001|2,TTTT,TTTT,TTTT-TTTT,4,4,0
221950075908398|80001|1,TTTT,TT.T,TTTT-TT.T,4,4,0
221950075908398|83001|1,TTTT,....,TTTT-....,4,4,0
221950075908398|83001|2,TTTT,....,TTTT-....,4,4,0
222093146600098|81001|1,TTTT,TTTT,TTTT-TTTT,4,4,0
222093149800998|87001|3,T...,....,T...-....,1,1,0
222412055001602|83001|2,UTTT,....,UTTT-....,4,3,1
223194029600917|80001|2,TTTT,T.TT,TTTT-T.TT,4,4,0
223198249200945|80001|1,EENT,....,EENT-....,4,1,2
224094017908292|80001|2,TTTT,TTTT,TTTT-TTTT,4,4,0
224094617600469|80001|2,TTTT,TTTT,TTTT-TTTT,4,4,0
224095889600795|83001|1,TTTT,....,TTTT-....,4,4,0
224392959100960|82001|1,TTTT,TTT.,TTTT-TTT.,4,4,0
224392959100960|87001|1,T...,....,T...-....,1,1,0
224561279000870|80001|1,TTTT,....,TTTT-....,4,4,0
224561279000870|80001|2,TTTT,....,TTTT-....,4,4,0
224561279000870|81001|1,TTTT,TTTT,TTTT-TTTT,4,4,0
224561279000870|81001|2,TTTT,TTTT,TTTT-TTTT,4,4,0
224562789400992|87001|2,T...,....,T...-....,1,1,0
225096359600230|80001|3,T...,....,T...-....,1,1,0
226163484900984|82001|2,TTTT,TTT.,TTTT-TTT.,4,4,0
226395139600902|80001|2,TTTT,TTTT,TTTT-TTTT,4,4,0
226470129400759|87001|2,T...,....,T...-....,1,1,0
227361229700942|80001|1,TTTT,NNNN,TTTT-NNNN,4,4,0
227361229700942|80001|2,TTTT,TNTT,TTTT-TNTT,4,4,0
227596709500744|80001|2,TTTT,TTTT,TTTT-TTTT,4,4,0
227596709500744|87001|1,T...,....,T...-....,1,1,0
228393119800905|80001|1,UTEE,EEEE,UTEE-EEEE,4,1,2
229096219600923|80001|1,TTTT,TTTT,TTTT-TTTT,4,4,0
229096219600923|87001|1,T...,....,T...-....,1,1,0
229096219600923|87001|2,T...,....,T...-....,1,1,0
229166529900916|80001|2,TTTT,TTTT,TTTT-TTTT,4,4,0
230107942195598|82001|1,TTTT,TTT.,TTTT-TTT.,4,4,0
230164003738230|81001|1,TTTT,....,TTTT-....,4,4,0
230201075069626|83001|2,TTTT,....,TTTT-....,4,4,0
230209958698195|80001|2,TTTT,TTTT,TTTT-TTTT,4,4,0
230307935247997|87001|2,T...,....,T...-....,1,1,0
230309931826491|81001|1,TTTT,TTTT,TTTT-TTTT,4,4,0
230309931826491|81001|2,TTTT,TTTT,TTTT-TTTT,4,4,0
230409906355991|80001|1,TTTT,....,TTTT-....,4,4,0
230409906355991|82001|1,TTTT,..N.,TTTT-..N.,4,4,0
230409906355991|82001|2,TTTT,....,TTTT-....,4,4,0
230409955769395|87001|1,T...,....,T...-....,1,1,0
230409994411396|80001|1,TTTT,TTTT,TTTT-TTTT,4,4,0
230509905457794|81001|2,TTTT,TTTT,TTTT-TTTT,4,4,0
230509925644898|87001|2,T...,....,T...-....,1,1,0
230609923251096|81001|2,TTTT,TTTT,TTTT-TTTT,4,4,0
230609931527272|80001|1,TTTT,TTTT,TTTT-TTTT,4,4,0
230609947716592|81001|1,TTTT,TTTT,TTTT-TTTT,4,4,0
230609958831747|82001|1,ETTT,TTT.,ETTT-TTT.,4,3,1
230609958831747|82001|2,NTTT,TTT.,NTTT-TTT.,4,3,1
230609982276176|83001|1,TTTN,....,TTTN-....,4,3,1
230609982276176|87001|1,T...,....,T...-....,1,1,0
230609988097294|80001|1,NNTT,TTTT,NNTT-TTTT,4,2,1
230609991090120|82001|1,TETT,TTT.,TETT-TTT.,4,3,2
230609991090120|82001|2,TTTT,TTT.,TTTT-TTT.,4,4,0
230709926590194|83001|1,TNNN,....,TNNN-....,4,1,1
230709970446295|83001|1,TTTN,....,TTTN-....,4,3,1
230807907755896|80001|1,TTTT,EEEE,TTTT-EEEE,4,4,0
230809999495398|81001|2,TTTT,TTTT,TTTT-TTTT,4,4,0
230909949947991|83001|2,EE.T,....,EE.T-....,3,1,1
230909985125198|87001|2,T...,....,T...-....,1,1,0
230926096421759|82001|1,TTTT,TTTT,TTTT-TTTT,4,4,0
230953098311159|80001|1,TTTT,TTTT,TTTT-TTTT,4,4,0
230956075055269|80001|1,UTTT,TTTT,UTTT-TTTT,4,3,1
230974073723239|81001|1,TTTT,TTTT,TTTT-TTTT,4,4,0
231223017001602|81001|1,NNNT,....,NNNT-....,4,1,1
231246076909092|80001|2,TTTT,TTTT,TTTT-TTTT,4,4,0
231444051906892|80001|2,TTTT,TTTT,TTTT-TTTT,4,4,0
231444057001802|83001|1,T...,....,T...-....,1,1,0
232033043409165|80001|2,NNNT,NNNN,NNNT-NNNN,4,1,1
232199349500105|81001|1,TTTT,EEEE,TTTT-EEEE,4,4,0
232381037908399|83001|2,TT..,....,TT..-....,2,2,0
232498659700849|80001|1,TTTT,TTEE,TTTT-TTEE,4,4,0
232627024909791|82001|1,E.T.,....,E.T.-....,2,1,1
232943066909060|80001|1,TTNT,TTTT,TTNT-TTTT,4,3,2
233098059600863|80001|1,TTTT,TTTT,TTTT-TTTT,4,4,0
233273001908175|80001|1,EEET,....,EEET-....,4,1,1
233273001908175|81001|1,TTTT,TTTT,TTTT-TTTT,4,4,0
233492299000612|81001|1,NNNT,NNNN,NNNT-NNNN,4,1,1
235291459500838|81001|1,TTTT,TTTT,TTTT-TTTT,4,4,0
235294449500803|83001|1,TTT.,....,TTT.-....,3,3,0
235374829300837|83001|2,TTTT,....,TTTT-....,4,4,0
235393056909364|79001|2,TTTT,TTTT,TTTT-TTTT,4,4,0
235596359100630|83001|1,TTTT,....,TTTT-....,4,4,0
236108570800141|81001|1,TTTT,T.TT,TTTT-T.TT,4,4,0
236750730040000|82001|1,TTTT,TT..,TTTT-TT..,4,4,0
236750730040000|82001|2,TTTT,TT..,TTTT-TT..,4,4,0
236750730040000|83001|1,TTTT,....,TTTT-....,4,4,0
237076219800872|83001|1,TNNU,....,TNNU-....,4,1,2
239380707600941|83001|1,TTTT,....,TTTT-....,4,4,0
239650059270923|81001|1,TTTT,TTTT,TTTT-TTTT,4,4,0
240009943145893|87001|1,T...,....,T...-....,1,1,0
240009978362793|82001|1,TTTT,TTT.,TTTT-TTT.,4,4,0
240109907330999|80001|4,EETN,....,EETN-....,4,1,2
240109910003791|81001|1,TTTT,TTTT,TTTT-TTTT,4,4,0
240109941982193|82001|1,TTTT,NEE.,TTTT-NEE.,4,4,0
240109941982193|87001|2,T...,....,T...-....,1,1,0
240109962437493|83001|1,TTNT,....,TTNT-....,4,3,2
240122006716440|81001|1,TTTT,EEEE,TTTT-EEEE,4,4,0
240209909252991|81001|2,TTTT,TTTT,TTTT-TTTT,4,4,0
240209924593072|80001|2,TTTT,EEEE,TTTT-EEEE,4,4,0
240209924593072|87001|2,T...,....,T...-....,1,1,0
240209933098473|87001|1,T...,....,T...-....,1,1,0
240209939555190|80001|2,TTTT,TTNT,TTTT-TTNT,4,4,0
240209939555190|81001|2,TTTT,NNNN,TTTT-NNNN,4,4,0
240209941488591|83001|3,TTTT,....,TTTT-....,4,4,0
240209976186872|80001|2,TTTT,....,TTTT-....,4,4,0
240209976186872|81001|1,TTTT,TTTT,TTTT-TTTT,4,4,0
240407962907976|80001|1,TUNN,NNNU,TUNN-NNNU,4,1,2
240409921262797|83001|1,TTTT,....,TTTT-....,4,4,0
240507940228295|82001|3,NUT.,....,NUT.-....,3,1,2
240509965817199|87001|1,T...,....,T...-....,1,1,0
240607945806093|80001|2,TTTT,TUTT,TTTT-TUTT,4,4,0
240607945806093|81001|2,TTTT,TTTT,TTTT-TTTT,4,4,0
240607945806093|82001|2,TTTT,TTT.,TTTT-TTT.,4,4,0
240607949225894|82001|1,TTTT,TTT.,TTTT-TTT.,4,4,0
240609947236691|82001|2,NTNN,NNT.,NTNN-NNT.,4,1,2
240609972548391|87001|2,T...,....,T...-....,1,1,0
240609983979293|81001|2,TTNT,TT..,TTNT-TT..,4,3,2
240609983979293|82001|1,TTTT,TTT.,TTTT-TTT.,4,4,0
240709990029897|81001|2,TTTT,TTTT,TTTT-TTTT,4,4,0
240800067533228|80001|2,TTTT,TNNE,TTTT-TNNE,4,4,0
240800067533228|82001|1,TTTT,.TT.,TTTT-.TT.,4,4,0
240809866498197|80001|2,TTTT,TTTT,TTTT-TTTT,4,4,0
240809933684498|83001|2,TTTT,....,TTTT-....,4,4,0
240809958076543|80001|1,TTTT,....,TTTT-....,4,4,0
240809976308790|80001|2,TTTT,EEEE,TTTT-EEEE,4,4,0
240809985799295|82001|1,TTT.,....,TTT.-....,3,3,0
240809985799295|83001|1,T...,....,T...-....,1,1,0
240809990252498|82001|1,TTTT,TTT.,TTTT-TTT.,4,4,0
240809992598893|80001|1,TTTT,TTTT,TTTT-TTTT,4,4,0
240809994278393|83001|1,TTTT,....,TTTT-....,4,4,0
240809999748494|83001|2,TNUT,....,TNUT-....,4,2,3
240904066643889|81001|2,TTTT,TTTT,TTTT-TTTT,4,4,0
240904066643889|83001|1,TTTT,....,TTTT-....,4,4,0
240909902317997|82001|1,TTTT,TTT.,TTTT-TTT.,4,4,0
240909919677092|82001|2,TTTT,NNN.,TTTT-NNN.,4,4,0
240909919677092|83001|1,TTT.,....,TTT.-....,3,3,0
240909922783949|82001|1,TTTT,TTT.,TTTT-TTT.,4,4,0
240909977906476|80001|2,TNNN,NNNN,TNNN-NNNN,4,1,1
240909977906476|83001|4,TTTT,....,TTTT-....,4,4,0
240909986352294|82001|2,TTTT,TTT.,TTTT-TTT.,4,4,0
240919095301499|83001|1,TTTT,....,TTTT-....,4,4,0
240944061753559|82001|1,TTTT,T...,TTTT-T...,4,4,0
240964096621889|83001|1,TTTT,....,TTTT-....,4,4,0
240973099533969|83001|1,TTTT,....,TTTT-....,4,4,0
240982076705449|82001|2,TTTT,....,TTTT-....,4,4,0
240983069543969|81001|2,TT..,....,TT..-....,2,2,0
241297879400959|81001|3,ENTT,TNTT,ENTT-TNTT,4,2,2
241577879500959|82001|2,TTTT,E...,TTTT-E...,4,4,0
242199349500905|80001|2,TTTT,TTTT,TTTT-TTTT,4,4,0
242393058909374|79001|2,TTNN,....,TTNN-....,4,2,1
242490869100957|82001|1,TTTT,T...,TTTT-T...,4,4,0
242490869900257|82001|1,TTTT,E...,TTTT-E...,4,4,0
242496139000711|82001|1,TTTT,E...,TTTT-E...,4,4,0
242532085905496|82001|1,TTTT,....,TTTT-....,4,4,0
242532085905496|83001|2,TTTT,....,TTTT-....,4,4,0
242627027906771|82001|2,TTTT,....,TTTT-....,4,4,0
242657078909393|80001|1,TTTT,....,TTTT-....,4,4,0
243639053908893|82001|1,TTTT,TT..,TTTT-TT..,4,4,0
243639058907893|83001|1,T...,....,T...-....,1,1,0
244033048907195|82001|2,TTTT,....,TTTT-....,4,4,0
244627027908791|83001|2,TT..,....,TT..-....,2,2,0
245476073908766|81001|1,TTTT,TTTT,TTTT-TTTT,4,4,0
245599689000968|83001|2,TUTT,....,TUTT-....,4,3,2
246979270289206|81001|2,NNUT,NNNT,NNUT-NNNT,4,1,2
247095279600902|82001|2,TT..,....,TT..-....,2,2,0
247095279600902|82001|3,TTTT,T...,TTTT-T...,4,4,0
249160094650931|83001|2,TTTT,....,TTTT-....,4,4,0
249195709200715|83001|2,TTTT,....,TTTT-....,4,4,0
249200159750951|81001|1,TTTT,TTTT,TTTT-TTTT,4,4,0
249530126730951|82001|3,TTTT,....,TTTT-....,4,4,0
249580195860773|82001|1,TTTT,....,TTTT-....,4,4,0
249650059270914|80001|1,TTTT,TTTT,TTTT-TTTT,4,4,0
250006437206482|87001|1,T...,....,T...-....,1,1,0
250009922486199|80001|1,TTTT,TTTU,TTTT-TTTU,4,4,0
250107906437193|87001|2,T...,....,T...-....,1,1,0
250109918096597|82001|1,TTTT,TTT.,TTTT-TTT.,4,4,0
250109923526993|80001|1,TNNN,TTTN,TNNN-TTTN,4,1,1
250109940315091|87001|1,T...,....,T...-....,1,1,0
250109958417496|81001|1,TTTT,EEEE,TTTT-EEEE,4,4,0
250109992941497|83001|2,TTTN,....,TTTN-....,4,3,1
250309940613691|82001|1,TTTT,TTT.,TTTT-TTT.,4,4,0
250409996112090|80001|2,TTTT,TTTT,TTTT-TTTT,4,4,0
250509906593391|80001|1,TTTT,TTTT,TTTT-TTTT,4,4,0
250509906593391|82001|2,TTTT,TT..,TTTT-TT..,4,4,0
250509920467477|87001|1,T...,....,T...-....,1,1,0
250509933098493|87001|1,T...,....,T...-....,1,1,0
250509941982193|87001|2,T...,....,T...-....,1,1,0
250509983842794|82001|2,TTTT,TTE.,TTTT-TTE.,4,4,0
250609980217098|81001|3,TTTT,....,TTTT-....,4,4,0
250609998315990|87001|1,T...,....,T...-....,1,1,0
250642056909899|79001|2,TTTT,TTTT,TTTT-TTTT,4,4,0
250900067322974|80001|1,TTTT,TTTT,TTTT-TTTT,4,4,0
250900067322974|80001|2,TTTT,TTTT,TTTT-TTTT,4,4,0
250915063024709|82001|1,TT.T,T...,TT.T-T...,3,3,0
250938069728854|81001|2,ET..,....,ET..-....,2,1,1
250969094801249|83001|1,TTTT,....,TTTT-....,4,4,0
250976077427329|83001|2,TT..,....,TT..-....,2,2,0
251033041908175|80001|3,TTTT,TTT.,TTTT-TTT.,4,4,0
251033041908175|80001|4,TTTT,TTT.,TTTT-TTT.,4,4,0
251396749500840|81001|1,TTTT,TTTE,TTTT-TTTE,4,4,0
252063144800998|83001|2,TTTT,....,TTTT-....,4,4,0
252107022907497|83001|1,TTTT,....,TTTT-....,4,4,0
252309380600195|82001|3,EET.,....,EET.-....,3,1,1
252309380600195|83001|1,TTTT,....,TTTT-....,4,4,0
252450330330104|82001|1,TTT.,TT..,TTT.-TT..,3,3,0
252943063908090|83001|2,TTTT,....,TTTT-....,4,4,0
252943068907090|79001|1,TTTT,TTTT,TTTT-TTTT,4,4,0
253592819100894|81001|1,TTTT,....,TTTT-....,4,4,0
253710450880103|82001|1,TTTT,....,TTTT-....,4,4,0
255369684300968|81001|2,TTTT,TTTT,TTTT-TTTT,4,4,0
255499689900868|81001|2,TTTT,....,TTTT-....,4,4,0
255769530927100|82001|1,TTTT,TT..,TTTT-TT..,4,4,0
256104530200103|81001|1,TTNT,TT..,TTNT-TT..,4,3,2
257200550570104|80001|2,TTTT,NNEE,TTTT-NNEE,4,4,0
257200550570104|81001|2,UUNT,TTNT,UUNT-TTNT,4,1,2
257496709200844|80001|2,TTTT,TTTT,TTTT-TTTT,4,4,0
259040505890940|82001|1,TTTT,T...,TTTT-T...,4,4,0
259040505890940|82001|2,TTTT,T...,TTTT-T...,4,4,0
259120402290944|83001|1,TTTT,....,TTTT-....,4,4,0
259240092350763|81001|2,TTTT,TT..,TTTT-TT..,4,4,0
259750157720944|82001|1,TTTT,T...,TTTT-T...,4,4,0
259950436300921|81001|1,TTTT,...E,TTTT-...E,4,4,0
259950436300921|83001|1,T...,....,T...-....,1,1,0
260018052904296|82001|2,UUTE,....,UUTE-....,4,1,2
260018057001206|79001|1,TTTT,....,TTTT-....,4,4,0
260114033908891|81001|1,TTTT,TTTT,TTTT-TTTT,4,4,0
260136008516530|82001|1,TTTT,....,TTTT-....,4,4,0
260195000346330|81001|1,TTTT,....,TTTT-....,4,4,0
260195000346330|83001|1,T...,....,T...-....,1,1,0
260199759200220|80001|1,TTTT,E.EE,TTTT-E.EE,4,4,0
260390329900911|82001|1,TTTT,....,TTTT-....,4,4,0
260393489700928|81001|1,TTTT,T..T,TTTT-T..T,4,4,0
260393489700928|82001|2,TTT.,....,TTT.-....,3,3,0
260428091417959|80001|1,TTTT,TTTT,TTTT-TTTT,4,4,0
260487304039319|82001|2,TTTT,....,TTTT-....,4,4,0
260487304039319|82001|4,ETEE,....,ETEE-....,4,1,2
260490011903092|82001|1,TTTT,TTTT,TTTT-TTTT,4,4,0
260523042907699|80001|1,TTTT,TTTT,TTTT-TTTT,4,4,0
260591359100915|79001|3,TTTN,EEEE,TTTN-EEEE,4,3,1
260628091416959|79001|2,TTTT,TTTT,TTTT-TTTT,4,4,0
260645053908295|83001|1,TTTT,....,TTTT-....,4,4,0
260718097931559|83001|1,TTTT,....,TTTT-....,4,4,0
260755052904294|80001|1,TTTT,....,TTTT-....,4,4,0
260835070334339|80001|1,TTTT,TTTN,TTTT-TTTN,4,4,0
260881093432819|82001|1,TTTT,NTT.,TTTT-NTT.,4,4,0
260881093432819|87001|3,T...,....,T...-....,1,1,0
260895070304339|83001|1,TTTT,....,TTTT-....,4,4,0
260898091408959|79001|1,TTTT,TTTT,TTTT-TTTT,4,4,0
260901060333219|81001|2,TTTT,TTTT,TTTT-TTTT,4,4,0
260903072927539|80001|3,T...,....,T...-....,1,1,0
260911060327219|79001|1,TTUT,EUUU,TTUT-EUUU,4,3,2
260918077933559|83001|2,TTTT,....,TTTT-....,4,4,0
260938071431959|80001|1,ETTN,EEE.,ETTN-EEE.,4,2,2
260943004066138|80001|1,TTTT,TTTT,TTTT-TTTT,4,4,0
260943004066138|80001|2,TTTT,TTTT,TTTT-TTTT,4,4,0
260947073421979|80001|1,TTTT,TTTT,TTTT-TTTT,4,4,0
260957093407979|80001|1,TTTT,TTTT,TTTT-TTTT,4,4,0
260962091027749|81001|1,TTTT,TTTT,TTTT-TTTT,4,4,0
260962091027749|81001|2,TTTT,TTTT,TTTT-TTTT,4,4,0
261279659900936|79001|1,TTTT,TTTT,TTTT-TTTT,4,4,0
261417607055159|80001|1,TTTT,TTTT,TTTT-TTTT,4,4,0
261463005052329|80001|2,ETNE,NNTT,ETNE-NNTT,4,1,3
261646044909864|82001|1,TTEE,E...,TTEE-E...,4,2,1
261657076909393|82001|2,TTTT,....,TTTT-....,4,4,0
261902008053939|81001|1,TTTT,TTTT,TTTT-TTTT,4,4,0
261950076907398|80001|2,TTTN,NNNN,TTTN-NNNN,4,3,1
261978905087179|83001|1,T...,....,T...-....,1,1,0
261998601071329|82001|1,TTTT,....,TTTT-....,4,4,0
262063149100898|83001|1,TTT.,....,TTT.-....,3,3,0
262417403065369|82001|1,TTTT,....,TTTT-....,4,4,0
262426051903195|81001|3,TTT.,....,TTT.-....,3,3,0
262789086909894|81001|2,TETT,TTET,TETT-TTET,4,3,2
262992100012319|82001|2,TTTT,UNN.,TTTT-UNN.,4,4,0
263018054907296|83001|2,T...,....,T...-....,1,1,0
263192279300930|81001|1,TTTT,TTET,TTTT-TTET,4,4,0
263269087001200|79001|1,TTTT,TTTT,TTTT-TTTT,4,4,0
263269087001200|79001|2,TTTT,TTTT,TTTT-TTTT,4,4,0
263298059600963|79001|1,TTTT,TTTT,TTTT-TTTT,4,4,0
263462299600912|80001|2,TTTT,TTTT,TTTT-TTTT,4,4,0
263487805020149|82001|1,TTTT,....,TTTT-....,4,4,0
263904305004109|82001|2,TTTT,N...,TTTT-N...,4,4,0
263965702073859|82001|2,TTTT,....,TTTT-....,4,4,0
264130052909264|81001|1,TTTT,TTTT,TTTT-TTTT,4,4,0
264199959800968|82001|1,TTTT,....,TTTT-....,4,4,0
264269959900968|79001|1,TTTT,EEEE,TTTT-EEEE,4,4,0
264399629700918|79001|1,TTTT,TTTT,TTTT-TTTT,4,4,0
264427104075359|82001|2,TTTT,....,TTTT-....,4,4,0
264579069000915|82001|1,EEET,....,EEET-....,4,1,1
264902608069019|82001|1,TTTT,TTT.,TTTT-TTT.,4,4,0
264914800026259|82001|2,TTTT,T...,TTTT-T...,4,4,0
264935901061869|80001|1,TTTT,TTTT,TTTT-TTTT,4,4,0
264992901030369|81001|2,NTNN,NNNN,NTNN-NNNN,4,1,2
265261459300938|80001|1,TTTT,T.N.,TTTT-T.N.,4,4,0
265295939520977|79021|1,TTTT,TTTT,TTTT-TTTT,4,4,0
265296179600931|80001|2,TTTT,TTTT,TTTT-TTTT,4,4,0
265404100027939|80001|1,TTTT,TTTT,TTTT-TTTT,4,4,0
265404100027939|80001|2,TTTT,TTTT,TTTT-TTTT,4,4,0
265493799800200|82001|1,TTTT,....,TTTT-....,4,4,0
265523048909699|79001|2,TTTT,TTTT,TTTT-TTTT,4,4,0
265677098909695|80001|1,TTTT,...T,TTTT-...T,4,4,0
265677098909695|80001|2,TTTT,...T,TTTT-...T,4,4,0
265677098909695|83001|1,T...,....,T...-....,1,1,0
265908107051909|79001|1,TTTN,EEEE,TTTN-EEEE,4,3,1
265974600095109|83001|2,TNUN,....,TNUN-....,4,1,3
266020470170104|82001|2,TTTT,....,TTTT-....,4,4,0
266097279600995|79001|2,TTTT,TTTT,TTTT-TTTT,4,4,0
266194539300903|82001|2,TTTT,....,TTTT-....,4,4,0
266349750409003|80001|1,UTTT,TTTT,UTTT-TTTT,4,3,1
266365139800902|83001|1,TTT.,....,TTT.-....,3,3,0
266490129400259|81001|1,TTNT,TTTT,TTNT-TTTT,4,3,2
267061159100974|81001|1,TTTT,TTTT,TTTT-TTTT,4,4,0
267166214000872|80001|2,TTTT,....,TTTT-....,4,4,0
267271229000942|82001|2,EETE,....,EETE-....,4,1,2
267391159600274|81001|1,TTTT,TTTT,TTTT-TTTT,4,4,0
267421707094179|83001|1,TTTT,....,TTTT-....,4,4,0
267496219900972|81001|4,TTTE,....,TTTE-....,4,3,1
267679770099105|79001|1,TTTT,TTTT,TTTT-TTTT,4,4,0
267908707027339|82001|1,TTTT,....,TTTT-....,4,4,0
267984304098339|80001|2,TNTU,EEET,TNTU-EEET,4,2,3
267984304098339|81001|2,TTTT,EEEE,TTTT-EEEE,4,4,0
268393119400905|82001|2,TTTT,....,TTTT-....,4,4,0
268494739000987|83001|2,NTT.,....,NTT.-....,3,2,1
268962907014769|87001|1,T...,....,T...-....,1,1,0
269040505890980|83001|2,T...,....,T...-....,1,1,0
269140725450921|81001|1,TTTT,TTTT,TTTT-TTTT,4,4,0
269180425690961|81001|2,TTTT,TTTT,TTTT-TTTT,4,4,0
269320843930984|80001|1,TTTT,TTTT,TTTT-TTTT,4,4,0
269450003680961|82001|2,EE.T,....,EE.T-....,3,1,1
269460179000939|82001|1,TTTT,....,TTTT-....,4,4,0
269650059270783|81001|1,TTTT,TTTT,TTTT-TTTT,4,4,0
269820171070921|80001|1,TNNT,TNTT,TNNT-TNTT,4,2,2
269870838580981|80001|3,TTTT,EEEE,TTTT-EEEE,4,4,0
269910910630944|81001|1,TTTT,TTTT,TTTT-TTTT,4,4,0
269910910630944|82001|1,NNNT,....,NNNT-....,4,1,1
269935807012189|81001|1,TTTT,TTEE,TTTT-TTEE,4,4,0
270103001516140|82001|1,TTTT,....,TTTT-....,4,4,0
270214091315059|82001|2,EENT,....,EENT-....,4,1,2
270455095157539|80001|1,TTTT,TTTT,TTTT-TTTT,4,4,0
270455095157539|81001|2,TTTT,TTTN,TTTT-TTTN,4,4,0
270568090134269|80001|2,TE..,....,TE..-....,2,1,1
270694071308059|80001|1,TTTT,TTTT,TTTT-TTTT,4,4,0
270714091317058|80001|1,TTTT,TTTT,TTTT-TTTT,4,4,0
270793095135369|82001|1,TTNN,....,TTNN-....,4,2,1
270835096456499|83001|1,TTT.,....,TTT.-....,3,3,0
270862095432609|87001|1,T...,....,T...-....,1,1,0
270863098902269|81001|1,NTTT,TTTT,NTTT-TTTT,4,3,1
270863098902269|87001|2,T...,....,T...-....,1,1,0
270912807008129|83001|1,TTTT,....,TTTT-....,4,4,0
270913090257149|83001|1,TT..,....,TT..-....,2,2,0
270915090957619|79001|2,TTTT,EEEE,TTTT-EEEE,4,4,0
270922708047759|81001|1,TTTT,TTTT,TTTT-TTTT,4,4,0
270922708047759|81001|2,TTTT,TTTT,TTTT-TTTT,4,4,0
270944071345059|81001|1,TTTT,TTTT,TTTT-TTTT,4,4,0
270983060237149|82001|2,TTTT,....,TTTT-....,4,4,0
270983070205149|81001|1,TTTT,TTTT,TTTT-TTTT,4,4,0
270983070205149|81001|2,TTTT,TTTT,TTTT-TTTT,4,4,0
270993071507149|80001|1,TTTT,EEEE,TTTT-EEEE,4,4,0
271381031903399|83001|2,TTT.,....,TTT.-....,3,3,0
271381032709399|83001|2,TTTT,....,TTTT-....,4,4,0
271381035803399|80001|1,TTTT,TTTT,TTTT-TTTT,4,4,0
271393096909794|83001|2,TTT.,....,TTT.-....,3,3,0
271558450227105|80001|1,TTTT,TTTT,TTTT-TTTT,4,4,0
271558450227105|81001|3,ETE.,....,ETE.-....,3,1,2
271633058909991|82001|2,TTTN,....,TTTN-....,4,3,1
271680082909260|80001|2,TTTN,TUTT,TTTN-TUTT,4,3,1
271928306041089|79001|2,TTTN,TTTT,TTTN-TTTT,4,3,1
271928306041089|81001|1,TTTT,TTTT,TTTT-TTTT,4,4,0
271956308058159|83001|2,E.T.,....,E.T.-....,2,1,1
271962202077329|83001|1,T...,....,T...-....,1,1,0
272247076909561|80001|1,TTTT,TTTT,TTTT-TTTT,4,4,0
272390869900657|80001|2,TTTT,TTTT,TTTT-TTTT,4,4,0
272523042909679|81001|1,TTTT,TTTT,TTTT-TTTT,4,4,0
272523042909679|82001|1,TTTT,TTT.,TTTT-TTT.,4,4,0
272916202047029|79001|2,TTTT,....,TTTT-....,4,4,0
272942208035479|83001|2,TTNN,....,TTNN-....,4,2,1
272943068909070|80001|2,TNNU,....,TNNU-....,4,1,2
272952505092399|82001|2,TTTT,TTT.,TTTT-TTT.,4,4,0
272962400042499|81001|1,TTTT,TTTT,TTTT-TTTT,4,4,0
272973104099485|82001|1,T.EE,EE..,T.EE-EE..,3,1,1
273905509014748|82001|1,TTTT,....,TTTT-....,4,4,0
273905509014748|82001|2,UNTT,....,UNTT-....,4,2,2
273957503043348|79001|1,TTTT,....,TTTT-....,4,4,0
273974404073427|81261|1,TTTT,TTTT,TTTT-TTTT,4,4,0
273996001096409|83001|1,TTT.,....,TTT.-....,3,3,0
273996706084139|83001|2,T.T.,....,T.T.-....,2,2,0
273998001096307|79001|3,TNNT,E...,TNNT-E...,4,2,2
273998001096307|82001|2,TT..,....,TT..-....,2,2,0
274018056909296|80001|1,TTTT,TTTT,TTTT-TTTT,4,4,0
274291279500670|79001|2,TTTT,EEEE,TTTT-EEEE,4,4,0
274633057908991|79001|2,TTTT,TTTT,TTTT-TTTT,4,4,0
274921904098938|81001|1,TTTT,TTTT,TTTT-TTTT,4,4,0
274921904098938|83001|1,TTTT,....,TTTT-....,4,4,0
274921904098938|83001|2,TTTT,....,TTTT-....,4,4,0
274938502033499|81001|2,TTTT,TTTT,TTTT-TTTT,4,4,0
274941905002738|82001|1,TTTT,TTTT,TTTT-TTTT,4,4,0
274941905002738|82001|2,TTTT,TTTT,TTTT-TTTT,4,4,0
274952209075799|87001|2,T...,....,T...-....,1,1,0
275996206031969|83001|1,TTT.,....,TTT.-....,3,3,0
276932007013749|81001|1,TTTN,NNNN,TTTN-NNNN,4,3,1
276956802024439|80001|1,TTTT,TTTT,TTTT-TTTT,4,4,0
276972909051729|81001|1,TTTT,TTTT,TTTT-TTTT,4,4,0
276976301067499|82001|1,TTT.,....,TTT.-....,3,3,0
276977909051728|82001|2,TTTT,....,TTTT-....,4,4,0
277908707054459|80001|2,TTTT,TTTT,TTTT-TTTT,4,4,0
277958204052759|82001|1,TTTT,....,TTTT-....,4,4,0
277958204052759|82001|2,TTTT,....,TTTT-....,4,4,0
277972208051499|87001|3,T...,....,T...-....,1,1,0
278295529900537|82001|1,TTTT,....,TTTT-....,4,4,0
278986406070309|83001|1,TTT.,....,TTT.-....,3,3,0
279150937580971|79001|1,TTTT,TTTT,TTTT-TTTT,4,4,0
279240045430971|80001|1,TTTT,EEEE,TTTT-EEEE,4,4,0
279240045430971|80001|2,TTTT,TTTT,TTTT-TTTT,4,4,0
279320843930934|82001|1,TTTT,TT..,TTTT-TT..,4,4,0
279360610900951|81001|1,TTT.,TTTT,TTT.-TTTT,3,3,0
279380976810971|80001|1,TTTT,NNNN,TTTT-NNNN,4,4,0
279380976810971|82001|2,TTTT,....,TTTT-....,4,4,0
279450953190971|81001|1,TNTT,TTTT,TNTT-TTTT,4,3,2
279450953190971|81001|2,TTTT,TTTT,TTTT-TTTT,4,4,0
279498329900397|79001|2,TTTT,....,TTTT-....,4,4,0
279520493800974|80001|3,T...,....,T...-....,1,1,0
279580195860713|83001|1,TT..,....,TT..-....,2,2,0
279770986790974|81001|1,TTTN,TTTT,TTTN-TTTT,4,3,1
279906705061729|80001|1,TTTT,TTTT,TTTT-TTTT,4,4,0
279906705061729|80001|2,TTTT,TTTT,TTTT-TTTT,4,4,0
279935302013388|81001|2,TN.U,.EEE,TN.U-.EEE,3,1,2
279954305010057|82001|1,TTTT,T...,TTTT-T...,4,4,0
279968908068979|79001|3,TTTT,TTTT,TTTT-TTTT,4,4,0
280157007758470|82001|2,TTTT,....,TTTT-....,4,4,0
280160094204259|83001|2,TNNT,....,TNNT-....,4,2,2
280290329500411|81001|1,TTTT,EENN,TTTT-EENN,4,4,0
280598090222659|81001|1,TTTT,TTTT,TTTT-TTTT,4,4,0
280627023908771|82001|1,TTTT,EE..,TTTT-EE..,4,4,0
280627027001701|79001|1,TTTT,....,TTTT-....,4,4,0
280902060158644|83001|1,T...,....,T...-....,1,1,0
280998070223659|82001|1,TTTT,TT..,TTTT-TT..,4,4,0
281249016909891|80001|2,TTTT,TTTT,TTTT-TTTT,4,4,0
281279169700704|79001|1,TTTT,TTTT,TTTT-TTTT,4,4,0
281670005908690|83001|1,E.TT,....,E.TT-....,3,2,1
282018056909296|81001|2,NNNT,EEEE,NNNT-EEEE,4,1,1
282273004909165|83001|1,T...,....,T...-....,1,1,0
282312097909562|82001|1,UNNT,....,UNNT-....,4,1,2
283633056909991|82001|1,TTTT,....,TTTT-....,4,4,0
284599096909060|82001|1,TTT.,....,TTT.-....,3,3,0
284599096909060|82001|2,TTT.,....,TTT.-....,3,3,0
284684006909491|80001|2,ENNT,NNNN,ENNT-NNNN,4,1,2
284699510657409|82001|1,TTTT,TTTT,TTTT-TTTT,4,4,0
284759017908392|79001|2,TTTT,TTTT,TTTT-TTTT,4,4,0
285075949900479|83001|1,T...,....,T...-....,1,1,0
285294829500737|81001|1,TTTT,....,TTTT-....,4,4,0
285294829500737|81001|2,TTTE,....,TTTE-....,4,3,1
285374829300737|80001|1,TTTT,TTTT,TTTT-TTTT,4,4,0
285475939500977|79001|2,TTTT,TTTT,TTTT-TTTT,4,4,0
285475939500977|80001|2,UEET,....,UEET-....,4,1,2
286359270449307|79001|1,T...,TT.E,T...-TT.E,1,1,0
289010562520961|79001|2,TTEE,TTTT,TTEE-TTTT,4,2,1
289050986500984|79001|2,TTTT,TTTT,TTTT-TTTT,4,4,0
289190907430984|82001|1,TTTT,....,TTTT-....,4,4,0
289190907430984|82001|2,TTTT,....,TTTT-....,4,4,0
289190997760981|81001|1,NTEE,....,NTEE-....,4,1,2
289210359560961|81001|2,TTTT,TTTT,TTTT-TTTT,4,4,0
289270057220981|82001|2,TTTT,....,TTTT-....,4,4,0
289360659930960|80001|2,TTTT,TTTT,TTTT-TTTT,4,4,0
289370380260964|80001|1,TTT.,....,TTT.-....,3,3,0
289390918420961|80001|1,TTTT,TTTT,TTTT-TTTT,4,4,0
289398329900297|79001|1,TNNN,....,TNNN-....,4,1,1
289460974790981|83001|2,T...,....,T...-....,1,1,0
289540492380944|82001|2,TTTT,T...,TTTT-T...,4,4,0
289710958620961|80001|2,TTTT,TTTT,TTTT-TTTT,4,4,0
289770560960943|81001|1,TTTT,EEEE,TTTT-EEEE,4,4,0
289920028230964|79001|1,TTTT,TTTT,TTTT-TTTT,4,4,0
289920028230964|81001|1,TTTN,EEEN,TTTN-EEEN,4,3,1
290033042909175|80001|1,TTUE,TEEE,TTUE-TEEE,4,2,2
290206079513819|80001|3,U.TT,UUUE,U.TT-UUUE,3,2,1
290506079516819|83001|1,TTT.,....,TTT.-....,3,3,0
290532084909496|83001|2,EE.T,....,EE.T-....,3,1,1
290532087908476|79001|2,TTEE,EEEE,TTEE-EEEE,4,2,1
290570063905975|82001|1,NTNE,....,NTNE-....,4,1,3
290755051906274|80001|1,E.TT,EEEE,E.TT-EEEE,3,2,1
290755053906294|82001|1,TTTN,NN..,TTTN-NN..,4,3,1
290815092642049|81001|2,T...,....,T...-....,1,1,0
290830091936509|82001|1,ENTT,....,ENTT-....,4,2,2
290862090846899|82001|1,TTTT,....,TTTT-....,4,4,0
290886099518819|83001|2,T...,....,T...-....,1,1,0
290894094428129|79001|2,TTTT,TTTT,TTTT-TTTT,4,4,0
290912107010749|83001|1,TT.T,....,TT.T-....,3,3,0
290917090957449|83001|1,TT..,....,TT..-....,2,2,0
290920060202929|80001|1,NETN,UN..,NETN-UN..,4,1,3
290922705037699|83001|1,TEEE,....,TEEE-....,4,1,1
290928408025229|81001|1,TTTT,TTTT,TTTT-TTTT,4,4,0
290928706033259|80001|1,TTTT,....,TTTT-....,4,4,0
290933702049668|82001|2,TTTT,.T..,TTTT-.T..,4,4,0
290935092611049|83001|2,TTNN,....,TTNN-....,4,2,1
290938103055029|79001|2,TTTT,....,TTTT-....,4,4,0
290941098357839|82001|1,EETT,....,EETT-....,4,2,1
290954097233569|83001|2,TTTT,....,TTTT-....,4,4,0
290962068557389|80001|2,ENNT,EEEE,ENNT-EEEE,4,1,2
290962090803899|83001|2,TTTT,....,TTTT-....,4,4,0
290964094421129|80001|1,TTTT,TTTT,TTTT-TTTT,4,4,0
290972098531389|83001|1,TNEE,....,TNEE-....,4,1,2
290978608033149|81001|1,TTTT,TTTT,TTTT-TTTT,4,4,0
290978608033149|82001|1,TTT.,....,TTT.-....,3,3,0
290980061927509|82001|1,TTTT,....,TTTT-....,4,4,0
290983408016698|83001|3,TTTT,....,TTTT-....,4,4,0
290986007075079|83001|1,TTT.,....,TTT.-....,3,3,0
290992602030149|83001|2,TEEE,....,TEEE-....,4,1,1
290996099507819|83001|1,TT..,....,TT..-....,2,2,0
290996099531819|83001|1,TTTT,....,TTTT-....,4,4,0
291905809089558|82001|1,TTTT,....,TTTT-....,4,4,0
291915302048318|82001|1,TTTT,....,TTTT-....,4,4,0
291915302048318|82001|2,TTTT,....,TTTT-....,4,4,0
291925306041588|81001|2,TTTT,....,TTTT-....,4,4,0
291926306041489|81001|1,TUNN,TTNN,TUNN-TTNN,4,1,2
291928307022959|82001|2,TTTN,....,TTTN-....,4,3,1
291928307022959|83001|2,T...,....,T...-....,1,1,0
291936906037679|81001|2,TTT.,....,TTT.-....,3,3,0
291942806025489|87001|2,T...,....,T...-....,1,1,0
291944806025387|81001|2,TTTT,TTTT,TTTT-TTTT,4,4,0
291947806025488|82001|4,T...,....,T...-....,1,1,0
291956505037689|79001|2,TTTT,TTTT,TTTT-TTTT,4,4,0
291956505037689|83001|2,TTT.,....,TTT.-....,3,3,0
291961504056928|82001|1,TTTT,EEE.,TTTT-EEE.,4,4,0
291966202077529|80001|1,TTTT,TN.U,TTTT-TN.U,4,4,0
291966401047079|82001|2,TTTT,....,TTTT-....,4,4,0
291998004001269|81001|2,TTTT,TTTT,TTTT-TTTT,4,4,0
292039350669105|83001|2,TTTT,....,TTTT-....,4,4,0
292114038909891|80001|1,TTTT,....,TTTT-....,4,4,0
292529430237300|81001|1,TTTT,TTTT,TTTT-TTTT,4,4,0
292901308099965|80001|3,TTTT,TTTT,TTTT-TTTT,4,4,0
292902203010517|80001|1,TTNN,NN.N,TTNN-NN.N,4,2,1
292902805069299|82001|2,TTTT,EEE.,TTTT-EEE.,4,4,0
292904102042199|81001|1,TTTT,EEEE,TTTT-EEEE,4,4,0
292904805069099|81001|2,TTTT,TTTT,TTTT-TTTT,4,4,0
292913403065566|83001|2,TTTT,....,TTTT-....,4,4,0
292914403065369|80001|2,TTTT,TTTT,TTTT-TTTT,4,4,0
292916403065569|80001|2,TTTT,EEEE,TTTT-EEEE,4,4,0
292922800054789|80001|1,TTTT,TT.E,TTTT-TT.E,4,4,0
292926809058739|80001|2,TTTT,TTTT,TTTT-TTTT,4,4,0
292943708062691|81001|1,TTTT,NNNN,TTTT-NNNN,4,4,0
292943801027736|82001|2,TTTT,ET..,TTTT-ET..,4,4,0
292974401072659|81001|3,NUTE,....,NUTE-....,4,1,3
292984206019547|83001|2,TTTT,....,TTTT-....,4,4,0
292994100012517|82001|1,TEEE,E...,TEEE-E...,4,1,1
292998103089149|80001|1,TTTT,TTTT,TTTT-TTTT,4,4,0
293124028909792|80001|2,TEEE,EEEE,TEEE-EEEE,4,1,1
293907509014748|81001|1,TTTT,UTTT,TTTT-UTTT,4,4,0
293912408097907|80001|2,TTTT,TTTT,TTTT-TTTT,4,4,0
293916609033479|80001|2,TT.T,TTTT,TT.T-TTTT,3,3,0
293916609033479|82001|2,TTTT,....,TTTT-....,4,4,0
293923107054518|83001|1,TEET,....,TEET-....,4,2,2
293926700016939|79001|1,TTTT,TTTT,TTTT-TTTT,4,4,0
293941700055668|81001|2,TTTT,TTTT,TTTT-TTTT,4,4,0
293944304030319|81001|1,TTTT,..NN,TTTT-..NN,4,4,0
293954201006029|80001|1,UNTT,NNTT,UNTT-NNTT,4,2,2
293956209075579|80001|1,TTTT,T.EE,TTTT-T.EE,4,4,0
293957200051658|83001|1,TT..,....,TT..-....,2,2,0
293957200051658|83001|2,TT..,....,TT..-....,2,2,0
293995202073046|83001|2,TTTT,....,TTTT-....,4,4,0
293996706084339|82001|2,TTTT,....,TTTT-....,4,4,0
294938902037099|81001|1,TTTT,TTTT,TTTT-TTTT,4,4,0
294954803052759|83001|1,NNNT,....,NNNT-....,4,1,1
294977908033928|80001|2,TTTT,TTTT,TTTT-TTTT,4,4,0
294986106017729|83001|1,TTT.,....,TTT.-....,3,3,0
294986202043259|79001|1,TTTT,EEEE,TTTT-EEEE,4,4,0
295902808092839|80001|2,TEET,TTTE,TEET-TTTE,4,2,2
295906207054029|80001|2,TTTT,UUTT,TTTT-UUTT,4,4,0
295918808077669|80001|1,TTTN,TTTT,TTTN-TTTT,4,3,1
295921002031578|83001|1,TTTU,....,TTTU-....,4,3,1
295924607049649|82001|2,TTTT,T...,TTTT-T...,4,4,0
295926002031577|82001|1,TTTT,....,TTTT-....,4,4,0
295933305097945|83001|1,TTTT,....,TTTT-....,4,4,0
295934105097489|83001|2,TTTT,....,TTTT-....,4,4,0
295937903046908|83001|2,T...,....,T...-....,1,1,0
295938304092699|79001|1,TTTT,....,TTTT-....,4,4,0
295942502061729|83001|1,TTTT,....,TTTT-....,4,4,0
295948805003629|80001|2,TTTT,TTTT,TTTT-TTTT,4,4,0
295958804059299|79001|2,TTTT,TTT.,TTTT-TTT.,4,4,0
295962902076577|83001|1,TTT.,....,TTT.-....,3,3,0
295986200063639|80001|1,TTTT,TT..,TTTT-TT..,4,4,0
296906100013609|79001|1,TTTT,ENEE,TTTT-ENEE,4,4,0
296923503006228|83001|2,TTTT,....,TTTT-....,4,4,0
296936406060939|82001|2,TTTT,....,TTTT-....,4,4,0
296938105050669|80001|1,EETT,TTUT,EETT-TTUT,4,2,1
296946009073019|80001|2,TTTT,TTTT,TTTT-TTTT,4,4,0
296971103010746|83001|2,TTTT,....,TTTT-....,4,4,0
296974407094599|81001|1,TTTT,..UE,TTTT-..UE,4,4,0
296988706082519|83001|1,T...,....,T...-....,1,1,0
297905306042526|83001|1,TE..,....,TE..-....,2,1,1
297906306042427|81001|1,T...,....,T...-....,1,1,0
297907707027533|82001|2,TN.E,....,TN.E-....,3,1,2
297908501012674|83001|2,T...,....,T...-....,1,1,0
297912202074507|87001|2,T...,....,T...-....,1,1,0
297913406052678|81001|1,T.EE,TTTE,T.EE-TTTE,3,1,1
297915607059228|83001|1,TTTT,....,TTTT-....,4,4,0
297921306047698|80001|1,TTNN,T.EE,TTNN-T.EE,4,2,1
297922306047099|82001|1,TTTT,TTT.,TTTT-TTT.,4,4,0
297923001015906|81001|1,TEEE,.EEE,TEEE-.EEE,4,1,1
297937000099238|82001|2,TTTT,....,TTTT-....,4,4,0
297943806059058|80001|1,TTTT,EENT,TTTT-EENT,4,4,0
297971202096658|81001|1,TTTT,TTTT,TTTT-TTTT,4,4,0
297975208051496|82001|1,TTTT,....,TTTT-....,4,4,0
297982300084619|83001|1,TTTT,....,TTTT-....,4,4,0
297986200009209|80001|1,TTTT,TTTT,TTTT-TTTT,4,4,0
297988004013609|82001|2,TTEE,....,TTEE-....,4,2,1
297988708055789|80001|1,TTTT,TTTT,TTTT-TTTT,4,4,0
298440370560404|80001|1,TTTT,.TTT,TTTT-.TTT,4,4,0
298912504006629|81001|2,TTTT,TTTT,TTTT-TTTT,4,4,0
298928101074449|82001|2,TTTT,....,TTTT-....,4,4,0
298933609065586|80001|2,TTTT,TTTT,TTTT-TTTT,4,4,0
298933609065586|81001|2,TTTT,..TT,TTTT-..TT,4,4,0
298941305064488|81001|1,TTTT,EEEE,TTTT-EEEE,4,4,0
298946305064389|79001|2,TTTT,....,TTTT-....,4,4,0
298946305064487|79001|3,TTTT,NNNN,TTTT-NNNN,4,4,0
298947305064485|81001|2,TTTE,.TTT,TTTE-.TTT,4,3,1
298952202054089|83001|2,TUEE,....,TUEE-....,4,1,2
298952202054089|87001|1,T...,....,T...-....,1,1,0
298956001060567|80001|1,TTTT,NNNN,TTTT-NNNN,4,4,0
298956001060567|83001|1,TTT.,....,TTT.-....,3,3,0
298962100015629|80001|2,TTTN,TTTT,TTTN-TTTT,4,3,1
298962804007589|82001|1,TTTT,TTT.,TTTT-TTT.,4,4,0
298973308096616|82001|1,TTTN,NN..,TTTN-NN..,4,3,1
298983804092605|82001|1,TT..,....,TT..-....,2,2,0
298986404050889|80001|1,TTTT,....,TTTT-....,4,4,0
298994508015569|80001|2,T...,....,T...-....,1,1,0
298997403028578|82001|2,TTTT,....,TTTT-....,4,4,0
299000144660950|82001|1,TTTT,....,TTTT-....,4,4,0
299000222990620|83001|1,T..T,....,T..T-....,2,2,0
299030002970670|80001|2,TTTT,TTTT,TTTT-TTTT,4,4,0
299030002970670|81001|1,TUTT,TUTT,TUTT-TUTT,4,3,2
299130970130620|80001|2,TNTT,TTTN,TNTT-TTTN,4,3,2
299170258140914|83001|1,TTT.,....,TTT.-....,3,3,0
299230755970951|82001|1,TTTT,....,TTTT-....,4,4,0
299270089000954|81001|1,TTTT,TTTT,TTTT-TTTT,4,4,0
299270571890631|82001|2,TTTT,TT..,TTTT-TT..,4,4,0
299270571890912|80001|2,TTTN,.TTT,TTTN-.TTT,4,3,1
299310421680974|83001|1,TT..,....,TT..-....,2,2,0
299310421680974|83001|2,TT..,....,TT..-....,2,2,0
299330493800971|82001|1,TNNN,....,TNNN-....,4,1,1
299430320490750|82001|1,TTTT,....,TTTT-....,4,4,0
299440954010674|81001|2,TTTT,TTTT,TTTT-TTTT,4,4,0
299470317810954|82001|2,TTTT,....,TTTT-....,4,4,0
299520987050912|80001|2,TTTT,NNNN,TTTT-NNNN,4,4,0
299540185210912|81001|1,TTTT,TTT.,TTTT-TTT.,4,4,0
299560034290911|83001|1,EENT,....,EENT-....,4,1,2
299590197420970|82001|2,T...,....,T...-....,1,1,0
299600316280951|82001|1,TTTT,....,TTTT-....,4,4,0
299600489180971|82001|2,TTTT,....,TTTT-....,4,4,0
299610834120972|79001|1,TNTT,TTTT,TNTT-TTTT,4,3,2
299660425370912|83001|1,TT..,....,TT..-....,2,2,0
299670044870971|81001|2,TTTT,ETTT,TTTT-ETTT,4,4,0
299690113040954|82001|2,TTTT,....,TTTT-....,4,4,0
299700892770951|83001|2,TTTT,....,TTTT-....,4,4,0
299720570900914|82001|1,TNNE,NNNN,TNNE-NNNN,4,1,2
299720570900914|83001|2,TTTT,....,TTTT-....,4,4,0
299730763250952|82001|2,TTT.,....,TTT.-....,3,3,0
299730763250952|83001|2,TTTT,....,TTTT-....,4,4,0
299770727840911|81001|1,NN.T,NNNN,NN.T-NNNN,3,1,1
299790735590974|79001|1,TTTT,TTTT,TTTT-TTTT,4,4,0
299800254090974|83001|1,TT..,....,TT..-....,2,2,0
299800657530911|81001|1,TTTT,TTT.,TTTT-TTT.,4,4,0
299800657530911|81001|2,TTTT,TTT.,TTTT-TTT.,4,4,0
299820270940954|81001|3,TTTT,TTTT,TTTT-TTTT,4,4,0
299850559490974|83001|1,T...,....,T...-....,1,1,0
299860254230952|83001|2,TTTT,....,TTTT-....,4,4,0
299910910630974|83001|1,TT..,....,TT..-....,2,2,0
299912006080699|82001|2,TTTT,TTT.,TTTT-TTT.,4,4,0
299916604028049|81001|2,TTTT,TTTT,TTTT-TTTT,4,4,0
299917304098528|79001|2,TTTT,.ETE,TTTT-.ETE,4,4,0
299917304098528|81001|2,TTTT,EEEE,TTTT-EEEE,4,4,0
299917304098528|82001|2,T...,....,T...-....,1,1,0
299932302013487|83001|1,TT.T,....,TT.T-....,3,3,0
299932302013487|83001|2,TT.U,....,TT.U-....,3,2,1
299940390160913|80001|1,TTTU,NNNT,TTTU-NNNT,4,3,1
299940851380952|82001|1,TTTT,....,TTTT-....,4,4,0
299940851380952|82001|2,TTTT,....,TTTT-....,4,4,0
299941606071408|82001|2,TTTT,....,TTTT-....,4,4,0
299942602023139|83001|2,TTTT,....,TTTT-....,4,4,0
299946606071407|79001|1,TTTT,TTTT,TTTT-TTTT,4,4,0
299950490430634|83001|3,NTTT,....,NTTT-....,4,3,1
299952605084959|83001|1,TTTT,....,TTTT-....,4,4,0
299958407015119|81001|1,TTTT,TTTT,TTTT-TTTT,4,4,0
299960010210911|83001|2,NTTT,....,NTTT-....,4,3,1
299960537490630|80001|1,TUTT,TTNT,TUTT-TTNT,4,3,2
299960537490630|80001|2,TUTT,TTNT,TUTT-TTNT,4,3,2
299967705090918|81001|2,TTNE,EEEE,TTNE-EEEE,4,2,2
299974107002869|80001|5,T...,....,T...-....,1,1,0
299980236370660|83001|2,TTT.,....,TTT.-....,3,3,0
299997508009078|80001|2,TTTT,....,TTTT-....,4,4,0
300081006030741|83001|1,TTTE,....,TTTE-....,4,3,1
300400022748315|81001|2,TTTT,T...,TTTT-T...,4,4,0
300409931145559|80001|1,TTTT,TTTT,TTTT-TTTT,4,4,0
300409992216387|82001|2,TTTU,NT..,TTTU-NT..,4,3,1
300409992216387|83001|1,TEEE,....,TEEE-....,4,1,1
300500095685916|80001|1,EETT,TTTT,EETT-TTTT,4,2,1
300500095685916|80001|2,EETT,TTTT,EETT-TTTT,4,2,1
300600070526313|83001|1,T.TT,....,T.TT-....,3,3,0
300600070526313|83001|2,T.TT,....,T.TT-....,3,3,0
300609749252336|80001|1,TTTT,.EEE,TTTT-.EEE,4,4,0
300609919688886|82001|1,TEEN,NN..,TEEN-NN..,4,1,2
300609939750985|80001|1,TTTT,TUTT,TTTT-TUTT,4,4,0
300609949225854|80001|1,TTTT,TNN.,TTTT-TNN.,4,4,0
300609982329508|83001|1,TTTT,....,TTTT-....,4,4,0
300609996757781|81001|1,TTTT,EEEE,TTTT-EEEE,4,4,0
300800034223713|82001|1,TTTT,TT..,TTTT-TT..,4,4,0
300907915983163|80001|1,EETE,EEEE,EETE-EEEE,4,1,2
300907915983163|83001|2,TTTT,....,TTTT-....,4,4,0
300907924344085|80001|1,TNTT,TTTT,TNTT-TTTT,4,3,2
300907962907986|83001|1,T...,....,T...-....,1,1,0
300927090941399|81001|1,TTTT,NNNN,TTTT-NNNN,4,4,0
300927090941399|81001|4,TTTT,TTTT,TTTT-TTTT,4,4,0
300960099333799|82001|1,TTTU,TT..,TTTU-TT..,4,3,1
300977090931399|80001|1,TTTT,TTTT,TTTT-TTTT,4,4,0
300984065743899|83001|2,TTTT,....,TTTT-....,4,4,0
301000845101075|80001|2,TTN.,NENN,TTN.-NENN,3,2,1
301004370101069|83001|2,TTTT,....,TTTT-....,4,4,0
301007193103632|82001|1,TTTT,TTTT,TTTT-TTTT,4,4,0
301707192893633|80001|1,TTTT,TTTT,TTTT-TTTT,4,4,0
301707192893633|80001|2,TTTT,TTTT,TTTT-TTTT,4,4,0
301903084895018|80001|1,TTN.,....,TTN.-....,3,2,1
301904561597402|82001|1,TUNN,TTTT,TUNN-TTTT,4,1,2
301905641899652|80001|1,TT..,....,TT..-....,2,2,0
301909160898186|80001|3,TTTT,TTTT,TTTT-TTTT,4,4,0
301950021906294|80001|1,NNTT,EEEE,NNTT-EEEE,4,2,1
301950021906294|80001|2,TTTT,TTTT,TTTT-TTTT,4,4,0
301950021906294|82001|1,TTTT,TTTT,TTTT-TTTT,4,4,0
301950021906294|83001|1,TTTT,....,TTTT-....,4,4,0
302008053102791|81001|2,TTTT,TTTT,TTTT-TTTT,4,4,0
302009835101156|87001|1,T...,....,T...-....,1,1,0
302027800054981|80001|1,TTTT,....,TTTT-....,4,4,0
302578038909179|80001|4,NT..,....,NT..-....,2,1,1
302606584991578|80001|2,TNTT,TTT.,TNTT-TTT.,4,3,2
302709835991156|87001|2,T...,....,T...-....,1,1,0
302900984994526|81001|2,TTTT,TTTT,TTTT-TTTT,4,4,0
302900985994335|87001|2,T...,....,T...-....,1,1,0
302901454998430|82001|1,TTTT,TTT.,TTTT-TTT.,4,4,0
302901454998430|82001|2,TTTT,TTT.,TTTT-TTT.,4,4,0
302902451990858|80001|2,TTTT,EUEE,TTTT-EUEE,4,4,0
302902745997435|83001|2,TNNN,....,TNNN-....,4,1,1
302903422992691|80001|2,TTTT,TTTT,TTTT-TTTT,4,4,0
302903494998322|83001|1,TTUT,....,TTUT-....,4,3,2
302904172990342|81001|1,TTTT,....,TTTT-....,4,4,0
302904375991063|87001|1,T...,....,T...-....,1,1,0
302905265999231|83001|1,TTTT,....,TTTT-....,4,4,0
302905984998928|83001|1,EEET,....,EEET-....,4,1,1
302905984998928|83001|3,TTTT,....,TTTT-....,4,4,0
302906424996678|81001|1,TTTT,TTTT,TTTT-TTTT,4,4,0
302907850999446|82001|2,TTTT,TTT.,TTTT-TTT.,4,4,0
303274063908596|81001|2,TTTT,....,TTTT-....,4,4,0
303600892945567|81001|2,TTTT,NNTT,TTTT-NNTT,4,4,0
303704782893600|80001|1,TTTT,TT..,TTTT-TT..,4,4,0
303704782893600|82001|2,TTTT,TT..,TTTT-TT..,4,4,0
303905920590786|83001|2,TTTT,....,TTTT-....,4,4,0
303908321881397|83001|2,ETTT,....,ETTT-....,4,3,1
303908322591394|80001|2,NETT,.TTT,NETT-.TTT,4,2,2
304077903035141|79001|2,TTTT,EEE.,TTTT-EEE.,4,4,0
304600845991071|80001|2,NUTT,NUUN,NUTT-NUUN,4,2,2
304601703999830|83001|2,TTTT,....,TTTT-....,4,4,0
304605930999495|81001|2,TTTT,EEEE,TTTT-EEEE,4,4,0
304607195993636|82001|2,TTTT,T...,TTTT-T...,4,4,0
304701454998431|81001|1,TTTT,EE..,TTTT-EE..,4,4,0
304702223991291|80001|2,TTTT,TTTT,TTTT-TTTT,4,4,0
304902900794792|82001|2,TTTT,T...,TTTT-T...,4,4,0
304904532794534|83001|1,TTTT,....,TTTT-....,4,4,0
304906583791576|80001|1,TTTT,.TTT,TTTT-.TTT,4,4,0
305061709066201|82001|2,TTTT,TTTT,TTTT-TTTT,4,4,0
305172064909865|82001|2,TTTT,T...,TTTT-T...,4,4,0
305172064909865|83001|1,TTTT,....,TTTT-....,4,4,0
305604105941690|80001|2,TTTT,TTTT,TTTT-TTTT,4,4,0
305604105941690|83001|1,TTTT,....,TTTT-....,4,4,0
305608325941396|80001|1,EETE,EEEE,EETE-EEEE,4,1,2
305708322891393|81001|2,TTTT,..TT,TTTT-..TT,4,4,0
305708322891393|82001|2,TTTT,....,TTTT-....,4,4,0
305891012909365|83001|2,TNNN,....,TNNN-....,4,1,1
305900004891162|80001|1,TTTT,TTTT,TTTT-TTTT,4,4,0
305901452398435|82001|3,TT..,....,TT..-....,2,2,0
305905825694243|82001|1,TT..,....,TT..-....,2,2,0
305905921090781|83001|2,NT.N,....,NT.N-....,3,1,2
305908062890456|82001|2,TTTT,....,TTTT-....,4,4,0
305972044909878|81001|2,TUTU,TTTN,TUTU-TTTN,4,2,3
306007100013301|81001|1,TTTT,TTTT,TTTT-TTTT,4,4,0
306602224991296|83001|1,TTT.,....,TTT.-....,3,3,0
306604375991060|82001|1,TTTT,....,TTTT-....,4,4,0
306604643991186|83001|1,TTT.,....,TTT.-....,3,3,0
306607852999447|81001|1,TNTT,EE.T,TNTT-EE.T,4,3,2
306704282999214|79001|3,TT.N,EN.E,TT.N-EN.E,3,2,1
306704782993601|79001|1,TTTT,TTTT,TTTT-TTTT,4,4,0
306705921490781|82001|1,TTUU,....,TTUU-....,4,2,1
306708055992795|79001|1,TTTT,TTTT,TTTT-TTTT,4,4,0
306900761995583|81001|3,TTTN,TETT,TTTN-TETT,4,3,1
306900890995566|80001|1,TTTT,TTTT,TTTT-TTTT,4,4,0
306901212794716|82001|1,TTTT,....,TTTT-....,4,4,0
306902224991290|82001|2,TTTT,....,TTTT-....,4,4,0
306904533994530|79001|2,TTTT,TTTT,TTTT-TTTT,4,4,0
306905115999211|80001|1,TTT.,TTTT,TTT.-TTTT,3,3,0
306905115999211|83001|2,TTT.,....,TTT.-....,3,3,0
306905790991741|79001|1,TTTT,....,TTTT-....,4,4,0
306905825994245|81001|1,NNTN,NNNN,NNTN-NNNN,4,1,2
306905825994245|81001|2,TTTT,TTTT,TTTT-TTTT,4,4,0
306905825994245|82001|2,TTTT,....,TTTT-....,4,4,0
306907192993634|82001|1,TTTT,....,TTTT-....,4,4,0
306907924791162|81001|3,TTTT,TTTT,TTTT-TTTT,4,4,0
306908291993812|82001|1,TTTT,....,TTTT-....,4,4,0
306909832991155|83001|2,UTT.,....,UTT.-....,3,2,1
307000891105563|81001|2,TTTT,....,TTTT-....,4,4,0
307000891105563|82001|2,TUTU,....,TUTU-....,4,2,3
307005604104186|81001|2,ETTT,N.TT,ETTT-N.TT,4,3,1
307083601046931|83001|2,TTTT,....,TTTT-....,4,4,0
307091106078681|80001|1,TTTT,EEEE,TTTT-EEEE,4,4,0
307091106078681|80001|2,TTTT,TTTT,TTTT-TTTT,4,4,0
307104370101069|80001|2,TTTT,TTTT,TTTT-TTTT,4,4,0
307604643991185|82001|1,TTTT,....,TTTT-....,4,4,0
307604643991185|83001|1,TT..,....,TT..-....,2,2,0
307604643991185|83001|3,TT..,....,TT..-....,2,2,0
307902782893949|83001|2,TT..,....,TT..-....,2,2,0
307903624697781|80001|2,TTTT,TTTT,TTTT-TTTT,4,4,0
307903624697781|82001|2,TTTT,....,TTTT-....,4,4,0
307904531384537|82001|2,T.ET,....,T.ET-....,3,2,2
307905640899651|80001|1,TTTT,TTTT,TTTT-TTTT,4,4,0
307905724899128|80001|1,TTT.,....,TTT.-....,3,3,0
307905923590785|82001|1,TTTT,....,TTTT-....,4,4,0
307907191193637|81001|1,T.TT,E..E,T.TT-E..E,3,3,0
307907850899446|83001|1,ET..,....,ET..-....,2,1,1
307908322891393|79001|2,TTTT,TTTT,TTTT-TTTT,4,4,0
307909322593544|82001|1,TTTT,....,TTTT-....,4,4,0
308053709068701|82001|2,TTTT,TT..,TTTT-TT..,4,4,0
308073308096711|82001|2,TTTT,TT..,TTTT-TT..,4,4,0
308601582992369|80001|1,TTTT,TTTT,TTTT-TTTT,4,4,0
308601674995778|82001|2,TTTT,....,TTTT-....,4,4,0
308603495998326|83001|1,T...,....,T...-....,1,1,0
308605920990785|79001|2,TTTT,TTTT,TTTT-TTTT,4,4,0
308609832949140|82001|1,TTTT,....,TTTT-....,4,4,0
308700003791163|80001|2,TTTT,TTTT,TTTT-TTTT,4,4,0
308700003791163|82001|2,TTTT,....,TTTT-....,4,4,0
308900004990278|82001|1,TTTT,....,TTTT-....,4,4,0
308901452798435|82001|4,TTTT,....,TTTT-....,4,4,0
308901455998433|79001|1,TTTT,....,TTTT-....,4,4,0
308901455998433|79001|2,TTTT,....,TTTT-....,4,4,0
308901491997068|80001|1,TTTT,TTTT,TTTT-TTTT,4,4,0
308903082990654|83001|1,T...,....,T...-....,1,1,0
308903264993059|83001|2,T...,....,T...-....,1,1,0
308904053993336|83001|1,T...,....,T...-....,1,1,0
308904370991064|82001|2,TTTT,....,TTTT-....,4,4,0
308904375991066|81001|1,TTTT,EEET,TTTT-EEET,4,4,0
308905115999214|82001|2,TTTT,....,TTTT-....,4,4,0
308905925990786|82001|2,TTT.,....,TTT.-....,3,3,0
308906581991572|83001|1,T...,....,T...-....,1,1,0
308906583991571|82001|1,TTTT,....,TTTT-....,4,4,0
308907754998858|79001|2,TTTT,TTTT,TTTT-TTTT,4,4,0
308907754998858|79001|3,TTTT,TTTT,TTTT-TTTT,4,4,0
308907874290908|81001|2,N.TT,TTTT,N.TT-TTTT,3,2,1
308908321991392|81001|1,TTTT,TTTT,TTTT-TTTT,4,4,0
308909793792836|81001|2,TTTT,TTTT,TTTT-TTTT,4,4,0
309043407091691|81001|1,TTTT,....,TTTT-....,4,4,0
309053300095771|82001|2,TTTT,NE..,TTTT-NE..,4,4,0
309053300095771|83001|2,TNNN,....,TNNN-....,4,1,1
309979740669404|81001|1,TTTT,....,TTTT-....,4,4,0
309979740669404|81001|2,TTTT,....,TTTT-....,4,4,0
310007910003781|81001|1,TTTT,TTTT,TTTT-TTTT,4,4,0
310070548430065|79001|2,TTTT,TTTT,TTTT-TTTT,4,4,0
310109824067431|82001|2,EETE,TE..,EETE-TE..,4,1,2
310144099608619|79001|2,T.N.,....,T.N.-....,2,1,1
310150183390182|82001|1,TTTT,....,TTTT-....,4,4,0
310160103000143|80001|2,TNTT,TTTT,TNTT-TTTT,4,3,2
310192016716910|80001|1,TTTT,TTTT,TTTT-TTTT,4,4,0
310209943274783|83001|1,TTTT,....,TTTT-....,4,4,0
310209954516489|80001|2,UTTT,TEEE,UTTT-TEEE,4,3,1
310209978955281|82001|1,TTTT,TT..,TTTT-TT..,4,4,0
310270571890065|82001|1,TTTT,....,TTTT-....,4,4,0
310300038494415|81001|2,TTTT,NNNN,TTTT-NNNN,4,4,0
310300082523712|80001|1,TTTT,TTTT,TTTT-TTTT,4,4,0
310310080360081|80001|1,EETT,....,EETT-....,4,2,1
310340520620081|80001|2,TTTT,TTTT,TTTT-TTTT,4,4,0
310390229900865|83001|1,TTTT,....,TTTT-....,4,4,0
310390229900865|83001|2,TTTT,....,TTTT-....,4,4,0
310400364410063|80001|2,TTTT,.TTT,TTTT-.TTT,4,4,0
310440668240041|81001|2,TTTT,TTTE,TTTT-TTTE,4,4,0
310480780600062|79001|1,TTTT,TTT.,TTTT-TTT.,4,4,0
310490819800804|80001|1,TTTT,TTTT,TTTT-TTTT,4,4,0
310509994691300|81001|1,TTT.,....,TTT.-....,3,3,0
310509994691300|83001|4,TTTT,....,TTTT-....,4,4,0
310544099606619|80001|1,TTTT,TTTT,TTTT-TTTT,4,4,0
310544099606619|80001|2,TTTT,TTTT,TTTT-TTTT,4,4,0
310544099606619|81001|1,T...,....,T...-....,1,1,0
310609976208286|80001|1,TTTT,TTTT,TTTT-TTTT,4,4,0
310630313970122|87001|1,T...,....,T...-....,1,1,0
310630544390061|83001|2,TTT.,....,TTT.-....,3,3,0
310709915835957|82001|1,TTTT,TT..,TTTT-TT..,4,4,0
310709932663389|81001|3,TTTT,TTTT,TTTT-TTTT,4,4,0
310709938845684|82001|2,TTTT,TT..,TTTT-TT..,4,4,0
310709977669510|81001|1,TTTT,TTTT,TTTT-TTTT,4,4,0
310709977669510|81001|2,TTTT,EEEE,TTTT-EEEE,4,4,0
310740366100123|87001|1,T...,....,T...-....,1,1,0
310780845070081|82001|2,TTTT,....,TTTT-....,4,4,0
310800069342213|83001|1,TUTT,....,TUTT-....,4,3,2
310800069342213|83001|2,TTTT,....,TTTT-....,4,4,0
310802094846269|83001|1,TTT.,....,TTT.-....,3,3,0
310809928055788|83001|1,EETT,....,EETT-....,4,2,1
310809928055788|83001|2,TNTT,....,TNTT-....,4,3,2
310814062906829|82001|2,TTTT,....,TTTT-....,4,4,0
310864091102019|87001|1,T...,....,T...-....,1,1,0
310864092904828|80001|2,TTTT,....,TTTT-....,4,4,0
310864092904828|81001|2,TTTT,TEEE,TTTT-TEEE,4,4,0
310900063207615|81001|2,EETE,EEEE,EETE-EEEE,4,1,2
310901092021589|83001|1,TTET,....,TTET-....,4,3,2
310906441095597|83001|2,NTTT,....,NTTT-....,4,3,1
310909945806083|80001|1,EEET,TTTT,EEET-TTTT,4,1,1
310909945806083|80001|2,TTTT,TTTT,TTTT-TTTT,4,4,0
310931072035589|82001|1,TTTT,....,TTTT-....,4,4,0
310950024909294|81001|1,TTTT,TTTT,TTTT-TTTT,4,4,0
310969090331129|82001|1,TTTT,NNNN,TTTT-NNNN,4,4,0
310969090331129|82001|3,TTTT,TTTT,TTTT-TTTT,4,4,0
310974092517939|79001|1,TT..,....,TT..-....,2,2,0
310974092517939|80001|2,ETEE,EEEE,ETEE-EEEE,4,1,2
310983067447829|82001|2,TTET,....,TTET-....,4,3,2
310988095737879|81001|1,TTTT,....,TTTT-....,4,4,0
312045502026311|83001|1,TTTT,....,TTTT-....,4,4,0
312093459600699|81001|1,TTTT,TTTT,TTTT-TTTT,4,4,0
312266399100914|83001|1,TTTT,....,TTTT-....,4,4,0
312266399100914|83001|2,TTTT,....,TTTT-....,4,4,0
313357008909179|82001|2,TTTT,....,TTTT-....,4,4,0
313470529400647|80001|1,TTTT,TTTT,TTTT-TTTT,4,4,0
314662078909699|82001|2,TTTT,....,TTTT-....,4,4,0
315321016909797|81001|1,TTTT,....,TTTT-....,4,4,0
315396299100880|80001|1,TTTT,NNNN,TTTT-NNNN,4,4,0
315566504000974|80001|2,TTTE,EEEN,TTTE-EEEN,4,3,1
315603026909595|81001|2,TTTT,ETTT,TTTT-ETTT,4,4,0
316194759200621|80001|2,TTTT,ETTT,TTTT-ETTT,4,4,0
316269380519009|82001|1,TTTT,....,TTTT-....,4,4,0
316286010879000|82001|1,TTTT,NTTT,TTTT-NTTT,4,4,0
316390289600844|81001|2,TTT.,....,TTT.-....,3,3,0
316499639200850|83001|1,TTTT,....,TTTT-....,4,4,0
317268459800855|82001|2,TTTT,TTTT,TTTT-TTTT,4,4,0
318008800100199|83001|1,TTTT,....,TTTT-....,4,4,0
319094518400851|81001|2,TTTT,TTTT,TTTT-TTTT,4,4,0
319108400900131|81001|2,TTTT,TTTT,TTTT-TTTT,4,4,0
319394519300851|81001|2,TTTT,TTTT,TTTT-TTTT,4,4,0
320000039555110|83001|1,TTTT,....,TTTT-....,4,4,0
320007960478383|81001|2,TTTT,TTTT,TTTT-TTTT,4,4,0
320009946820184|82001|2,TTTT,NN..,TTTT-NN..,4,4,0
320009987546589|83001|2,EE.T,....,EE.T-....,3,1,1
320065599500915|87001|2,T...,....,T...-....,1,1,0
320106900344686|80001|1,TTTT,TNTN,TTTT-TNTN,4,4,0
320162009202150|87001|2,T...,....,T...-....,1,1,0
320209954932383|83001|1,TTTT,....,TTTT-....,4,4,0
320306435247997|81001|2,EUT.,....,EUT.-....,3,1,2
320306486352294|81001|2,TTTT,EEEE,TTTT-EEEE,4,4,0
320306486352294|82001|1,TTTT,TT..,TTTT-TT..,4,4,0
320306486352294|82001|2,TTTT,TT..,TTTT-TT..,4,4,0
320307903091986|81001|2,TTTT,TTTT,TTTT-TTTT,4,4,0
320307973562783|82001|1,TTET,....,TTET-....,4,3,2
320384099342979|83001|4,EETN,....,EETN-....,4,1,2
320400076208010|80001|1,TTTT,TTTT,TTTT-TTTT,4,4,0
320495599200915|81001|2,TTTT,EEEE,TTTT-EEEE,4,4,0
320497011909163|81001|1,TTTT,....,TTTT-....,4,4,0
320497078409965|81001|2,NNTT,EEEE,NNTT-EEEE,4,2,1
320500077619113|80001|1,UUTT,TTTT,UUTT-TTTT,4,2,1
320609947716582|81001|1,TTTT,TTTT,TTTT-TTTT,4,4,0
320707963416256|81001|1,TTTT,TTTT,TTTT-TTTT,4,4,0
320707978685466|82001|2,TTTT,TT..,TTTT-TT..,4,4,0
320707978685466|83001|2,TTTT,....,TTTT-....,4,4,0
320849093126839|79001|2,NNNT,NNNN,NNNT-NNNN,4,1,1
320907970420086|81001|2,TTTT,....,TTTT-....,4,4,0
320929073135839|81001|1,T..E,.TTT,T..E-.TTT,2,1,1
320934075353939|82001|1,TTTT,....,TTTT-....,4,4,0
320975097223329|83001|2,TTTT,....,TTTT-....,4,4,0
320985097643819|81001|1,TT..,TTTT,TT..-TTTT,2,2,0
320989093107839|83001|3,TU..,....,TU..-....,2,1,1
321166048001502|80001|3,TTTT,TTTT,TTTT-TTTT,4,4,0
321191059200951|82001|2,TTTT,TTT.,TTTT-TTT.,4,4,0
321304093001605|82001|2,TTTT,TT..,TTTT-TT..,4,4,0
321388061905998|80001|3,TTTT,TTTT,TTTT-TTTT,4,4,0
321463719800991|82001|1,TTTT,TTT.,TTTT-TTT.,4,4,0
321463719800991|82001|2,UUTT,TTT.,UUTT-TTT.,4,2,1
321629097908893|79001|2,TTTT,TTTT,TTTT-TTTT,4,4,0
322220053908696|80001|2,TTTT,TTTT,TTTT-TTTT,4,4,0
322494409800923|80001|1,TTTT,TTTT,TTTT-TTTT,4,4,0
322743094909594|80001|2,TTNN,NNNN,TTNN-NNNN,4,2,1
323064929500983|82001|2,TTNN,TTT.,TTNN-TTT.,4,2,1
323093599100949|83001|1,TTTT,....,TTTT-....,4,4,0
323193297700918|82001|2,TTTT,T.E.,TTTT-T.E.,4,4,0
323919840567304|81001|1,TTTT,TTTT,TTTT-TTTT,4,4,0
323950025901294|82001|2,TTTT,....,TTTT-....,4,4,0
324298079600981|83001|1,TTUT,....,TTUT-....,4,3,2
324394589200968|87001|2,T...,....,T...-....,1,1,0
324722092902891|87001|1,T...,....,T...-....,1,1,0
324950022907294|82001|4,TTTT,EEE.,TTTT-EEE.,4,4,0
324950022907294|82001|5,TTTT,TTT.,TTTT-TTT.,4,4,0
324950022907294|82001|6,TTTT,TTT.,TTTT-TTT.,4,4,0
324950022907294|83001|2,TTTT,....,TTTT-....,4,4,0
325196509100274|82001|1,TTT.,TTT.,TTT.-TTT.,3,3,0
325394959900706|83001|1,TTNE,....,TTNE-....,4,2,2
325599729100979|82001|2,TTTT,TTT.,TTTT-TTT.,4,4,0
326394759800921|80001|2,TTTT,TNEE,TTTT-TNEE,4,4,0
326564759400921|87001|2,T...,....,T...-....,1,1,0
327292679000949|81001|1,TTTT,EEEE,TTTT-EEEE,4,4,0
327594759400992|82001|2,TTTT,TTT.,TTTT-TTT.,4,4,0
328195769700942|87001|1,T...,....,T...-....,1,1,0
328395769600942|82001|2,TTTT,TTT.,TTTT-TTT.,4,4,0
328395769600942|82001|4,TTTT,....,TTTT-....,4,4,0
328478479400293|82001|1,TTTT,....,TTTT-....,4,4,0
329094519400751|87001|1,T...,....,T...-....,1,1,0
329198409500931|82001|1,TTTT,TTT.,TTTT-TTT.,4,4,0
329198409500931|82001|2,TTTT,TTT.,TTTT-TTT.,4,4,0
329394519600951|82001|3,NNTT,TTT.,NNTT-TTT.,4,2,1
330009996757781|81001|1,ETE.,....,ETE.-....,3,1,2
330107956223056|83001|2,TT.T,....,TT.T-....,3,3,0
330107958308289|83001|2,TTTT,....,TTTT-....,4,4,0
330209945302331|81001|2,TENN,....,TENN-....,4,1,2
330394439400831|81001|2,TTTT,TTTT,TTTT-TTTT,4,4,0
330409915983183|82001|1,TTTT,T...,TTTT-T...,4,4,0
330409915983183|82001|5,TTTT,....,TTTT-....,4,4,0
330409921262787|80001|1,TNTT,TTTT,TNTT-TTTT,4,3,2
330409940164384|80001|2,TTTT,TTTT,TTTT-TTTT,4,4,0
330409974675783|83001|2,TEEE,....,TEEE-....,4,1,1
330500052384714|81001|1,TTTT,....,TTTT-....,4,4,0
330525099412069|81001|1,TTTT,....,TTTT-....,4,4,0
330525099412069|81001|2,TTTT,....,TTTT-....,4,4,0
330609906464484|81001|1,TTTT,TTT.,TTTT-TTT.,4,4,0
330609906464484|83001|1,TTTT,....,TTTT-....,4,4,0
330609945863037|80001|1,TTTE,NETT,TTTE-NETT,4,3,1
330609983979283|80001|2,TTTT,TTTT,TTTT-TTTT,4,4,0
330700039750915|83001|2,TNEE,....,TNEE-....,4,1,2
330809991273288|80001|1,TTTT,EEET,TTTT-EEET,4,4,0
330909946393281|83001|1,TTTT,....,TTTT-....,4,4,0
330976090437439|83001|1,TT..,....,TT..-....,2,2,0
330999090713519|82001|1,TTTT,TT..,TTTT-TT..,4,4,0
331527054909495|83001|1,TTTT,....,TTTT-....,4,4,0
331589086001104|81001|1,T...,NUEU,T...-NUEU,1,1,0
332260679300942|80001|2,TTTT,.TTT,TTTT-.TTT,4,4,0
332260679300942|80001|3,TTE.,....,TTE.-....,3,2,1
332544057908373|82001|2,TTTN,....,TTTN-....,4,3,1
332600021908670|82001|1,TTTT,TTTT,TTTT-TTTT,4,4,0
332662074909669|83001|2,TTTT,....,TTTT-....,4,4,0
332929560669002|83001|2,TTT.,....,TTT.-....,3,3,0
333263299800918|81001|2,TTTT,TTTT,TTTT-TTTT,4,4,0
334194589700868|83001|2,TTTT,....,TTTT-....,4,4,0
335305090700197|83001|2,TEEE,....,TEEE-....,4,1,1
338295769600842|82001|2,TTTT,NN..,TTTT-NN..,4,4,0
339398409400831|83001|1,TTTT,....,TTTT-....,4,4,0
339478409400331|81001|1,TTTT,....,TTTT-....,4,4,0
339478409400331|81001|2,TNNN,....,TNNN-....,4,1,1
339496059800628|80001|1,TNNN,....,TNNN-....,4,1,1
340109973396884|81001|1,TEE.,ET.T,TEE.-ET.T,3,1,1
340209983714081|81001|2,TEEE,EEEE,TEEE-EEEE,4,1,1
340398319900706|83001|1,TTTT,....,TTTT-....,4,4,0
340407997384487|83001|3,TTTT,....,TTTT-....,4,4,0
340446095808299|82001|2,TTTT,....,TTTT-....,4,4,0
340446096907299|80001|2,TTTT,TTTT,TTTT-TTTT,4,4,0
340494859800990|80001|6,TTTT,TTTT,TTTT-TTTT,4,4,0
340600065308013|83001|2,NTNN,....,NTNN-....,4,1,2
340606987835888|83001|1,TTT.,....,TTT.-....,3,3,0
340700042881715|83001|2,NUTT,....,NUTT-....,4,2,2
340764097637079|79001|2,TTTN,EEEE,TTTN-EEEE,4,3,1
340800066455212|80001|1,TTTT,TTTT,TTTT-TTTT,4,4,0
340800066455212|80001|2,TTTT,TTTT,TTTT-TTTT,4,4,0
340806965629698|81001|1,TTTT,TTTT,TTTT-TTTT,4,4,0
340809900344686|81001|1,TTTT,TTTT,TTTT-TTTT,4,4,0
340809957492086|81001|1,TTTT,..N.,TTTT-..N.,4,4,0
340809966455232|80001|1,TTTT,....,TTTT-....,4,4,0
340809966455232|81001|1,EE.T,T.TT,EE.T-T.TT,3,1,1
340809998216401|80001|1,TTT.,UNUU,TTT.-UNUU,3,3,0
340875093942929|83001|1,TTTT,....,TTTT-....,4,4,0
340900092306912|82001|2,TTTT,NN..,TTTT-NN..,4,4,0
340910064728564|79001|1,TTTT,....,TTTT-....,4,4,0
340923095043599|82001|1,TTTT,NT..,TTTT-NT..,4,4,0
340926069503979|83001|1,T.TT,....,T.TT-....,3,3,0
340926069503979|83001|2,T.TT,....,T.TT-....,3,3,0
340961097641079|80001|1,TTTT,TTTT,TTTT-TTTT,4,4,0
340961097641079|80001|2,TTTT,TTTT,TTTT-TTTT,4,4,0
340967098727919|81001|1,TTTT,TTTT,TTTT-TTTT,4,4,0
340967098727919|81001|2,TEEE,EEEE,TEEE-EEEE,4,1,1
340983095013599|81001|2,TTTT,TTTT,TTTT-TTTT,4,4,0
341291059900951|82001|1,TTTT,T...,TTTT-T...,4,4,0
341395179900924|81001|1,TTTT,.T..,TTTT-.T..,4,4,0
342007015908190|83001|1,TTTT,....,TTTT-....,4,4,0
342544057001313|82001|2,TTTT,....,TTTT-....,4,4,0
343493599200949|83001|2,TTTT,....,TTTT-....,4,4,0
343588094907194|83001|2,TTTT,....,TTTT-....,4,4,0
343615018909299|81001|1,EETT,EEET,EETT-EEET,4,2,1
344139140959005|80001|1,NTNN,UTTT,NTNN-UTTT,4,1,2
344213084909573|81001|2,TTTT,TTTT,TTTT-TTTT,4,4,0
344891016001315|79001|1,TTTT,T...,TTTT-T...,4,4,0
345096409200944|83001|1,TTTT,....,TTTT-....,4,4,0
345191169300900|83001|1,TTT.,....,TTT.-....,3,3,0
348291219400941|81001|1,TTTT,....,TTTT-....,4,4,0
348291219400941|81001|2,TTTT,....,TTTT-....,4,4,0
348291219400941|82001|2,TTTT,T...,TTTT-T...,4,4,0
348498479400293|81001|1,TTTT,TTTT,TTTT-TTTT,4,4,0
348599909100925|80001|1,TEET,EEEE,TEET-EEEE,4,2,2
349075969200963|83001|3,TTTT,....,TTTT-....,4,4,0
349480580480935|82001|1,TTTT,TT..,TTTT-TT..,4,4,0
349494669800929|82001|2,TTTT,E...,TTTT-E...,4,4,0
350006405722391|82001|3,EEET,.E..,EEET-.E..,4,1,1
350006939214988|81001|1,TTTT,TTTT,TTTT-TTTT,4,4,0
350006988864087|81001|1,TTTT,TTTT,TTTT-TTTT,4,4,0
350058046909794|80001|2,TTTT,....,TTTT-....,4,4,0
350108270200136|83001|2,TTTT,....,TTTT-....,4,4,0
350109999869380|81001|2,TTTT,TTTT,TTTT-TTTT,4,4,0
350159007718950|82001|2,TTTT,....,TTTT-....,4,4,0
350181009048560|79001|5,TTTE,TTTT,TTTE-TTTT,4,3,1
350300054932313|82001|2,TTTT,.N..,TTTT-.N..,4,4,0
350375091914879|82001|1,TTTT,....,TTTT-....,4,4,0
350409941741182|82001|1,TTTT,TT..,TTTT-TT..,4,4,0
350500062997510|80001|2,TTTT,TNTT,TTTT-TNTT,4,4,0
350645071928879|81001|1,TTEE,.EEE,TTEE-.EEE,4,2,1
350669097706959|80001|1,UUTT,TTTT,UUTT-TTTT,4,2,1
350699097708959|83001|1,T...,....,T...-....,1,1,0
350699097708959|83001|2,T...,....,T...-....,1,1,0
350699097708959|83001|3,T...,....,T...-....,1,1,0
350825091912879|87001|2,T...,....,T...-....,1,1,0
350837078824889|83001|2,TNNN,....,TNNN-....,4,1,1
350861073454759|80001|2,TT..,....,TT..-....,2,2,0
350887013908892|80001|1,TTTT,TTTT,TTTT-TTTT,4,4,0
350935071923879|80001|1,NNNT,TNNT,NNNT-TNNT,4,1,1
350959026909268|82001|1,TTTT,....,TTTT-....,4,4,0
350959026909268|82001|2,TTTT,....,TTTT-....,4,4,0
350969077755959|81001|1,TTTT,TTTT,TTTT-TTTT,4,4,0
350969097757959|83001|1,TT..,....,TT..-....,2,2,0
350983064223319|82001|1,TNNN,NN..,TNNN-NN..,4,1,1
350985063947479|79001|2,TTTT,TTTT,TTTT-TTTT,4,4,0
350985063947479|80001|2,TNNN,.TTT,TNNN-.TTT,4,1,1
350985093941479|83001|1,TTTT,....,TTTT-....,4,4,0
350985093941479|83001|2,TTTT,....,TTTT-....,4,4,0
350989068747939|80001|3,TTTT,TTTT,TTTT-TTTT,4,4,0
350989068747939|81001|1,TTTT,....,TTTT-....,4,4,0
350989068747939|81001|2,TTTT,....,TTTT-....,4,4,0
351271059700651|80001|2,TTTT,UTTT,TTTT-UTTT,4,4,0
351292219900840|83001|2,TTTT,....,TTTT-....,4,4,0
352166043906592|82001|1,TTTT,TT..,TTTT-TT..,4,4,0
352166043906592|82001|2,TTTT,TT..,TTTT-TT..,4,4,0
352166043906592|83001|2,TTTT,....,TTTT-....,4,4,0
352390679400842|80001|1,TTTT,E.EE,TTTT-E.EE,4,4,0
352972047908898|83001|1,TT..,....,TT..-....,2,2,0
353193298700318|83001|1,TTTT,....,TTTT-....,4,4,0
353273299300818|82001|2,TTTT,....,TTTT-....,4,4,0
353390539600534|80001|1,NNNT,TTTT,NNNT-TTTT,4,1,1
353490699800522|83001|1,ENTT,....,ENTT-....,4,2,2
353490699800522|83001|2,NTTT,....,NTTT-....,4,3,1
353563294600918|80001|2,ETTT,....,ETTT-....,4,3,1
353563294600918|81001|1,TTTT,TTTT,TTTT-TTTT,4,4,0
353879024909992|83001|1,T...,....,T...-....,1,1,0
354274066909596|79001|1,TTTT,TTTT,TTTT-TTTT,4,4,0
354274066909596|79001|2,TTTT,NNNN,TTTT-NNNN,4,4,0
354274066909596|80001|1,TTTT,TTTT,TTTT-TTTT,4,4,0
354641064909975|81001|2,TTTT,NNNN,TTTT-NNNN,4,4,0
355076509900574|82001|1,TTTT,....,TTTT-....,4,4,0
355199489300844|81001|1,TTTT,TTTT,TTTT-TTTT,4,4,0
355467949700987|83001|1,TTTT,....,TTTT-....,4,4,0
355984053908274|83001|3,TTTT,....,TTTT-....,4,4,0
355984057903294|83001|1,TT..,....,TT..-....,2,2,0
356487340769005|80001|1,TTTT,TTTT,TTTT-TTTT,4,4,0
356487340769005|83001|2,EE.T,....,EE.T-....,3,1,1
359150559090945|80001|2,TTTT,TTTT,TTTT-TTTT,4,4,0
360166041808190|80001|1,TTTT,....,TTTT-....,4,4,0
360166048002100|81001|1,TTTT,TTTT,TTTT-TTTT,4,4,0
360166048002100|82001|2,TTTT,....,TTTT-....,4,4,0
360290819800904|82001|1,TTT.,....,TTT.-....,3,3,0
360290819800904|82001|2,TTT.,....,TTT.-....,3,3,0
360600025908690|81001|2,TTTT,....,TTTT-....,4,4,0
360776007001408|83001|3,TT..,....,TT..-....,2,2,0
360825072202969|81001|2,TTTT,TTTT,TTTT-TTTT,4,4,0
360827066848999|80001|1,TTTT,TTTT,TTTT-TTTT,4,4,0
360877096832999|82001|2,TTTT,NNN.,TTTT-NNN.,4,4,0
360891013906395|82001|3,TTTT,TT..,TTTT-TT..,4,4,0
360898095712029|82001|2,TTTT,TTT.,TTTT-TTT.,4,4,0
360902103071309|87001|2,T...,....,T...-....,1,1,0
360922909087909|81001|2,TTTT,TTTT,TTTT-TTTT,4,4,0
360931092713549|82001|2,TTTT,.T..,TTTT-.T..,4,4,0
360938094951699|80001|1,TTTT,TTTT,TTTT-TTTT,4,4,0
360951099253389|81001|1,TTTT,EEEE,TTTT-EEEE,4,4,0
360959024909298|81001|1,TT.E,....,TT.E-....,3,2,1
360968067143979|80001|1,TTTT,TTTT,TTTT-TTTT,4,4,0
360968067143979|81001|2,TT..,....,TT..-....,2,2,0
360986094943469|81001|1,TTTT,TTTT,TTTT-TTTT,4,4,0
360986094943469|81001|2,TTTT,TTTT,TTTT-TTTT,4,4,0
360986094943469|82001|2,TTTT,....,TTTT-....,4,4,0
360988094917699|83001|1,TT..,....,TT..-....,2,2,0
361292619400948|83001|2,TTT.,....,TTT.-....,3,3,0
361572619500948|81001|1,TTTT,TTTT,TTTT-TTTT,4,4,0
361911201093958|80001|1,TTTT,TTTT,TTTT-TTTT,4,4,0
361994706017719|83001|2,TTTT,....,TTTT-....,4,4,0
362933508042059|81001|2,TNTN,NNNN,TNTN-NNNN,4,2,3
362958701084099|81001|1,TTTT,T...,TTTT-T...,4,4,0
363498439200959|79001|2,TTTT,....,TTTT-....,4,4,0
363629094904893|80001|1,TTTT,EET.,TTTT-EET.,4,4,0
363659093905291|83001|2,TTTT,....,TTTT-....,4,4,0
363924803035319|80001|2,TTTT,EEEE,TTTT-EEEE,4,4,0
363924803035319|81001|1,TTTT,TTTT,TTTT-TTTT,4,4,0
363938704084109|81001|2,EETT,TTTT,EETT-TTTT,4,2,1
363959025001208|83001|1,TTTT,....,TTTT-....,4,4,0
363974800093019|83001|1,TTTT,....,TTTT-....,4,4,0
363974800093019|83001|2,TTTT,....,TTTT-....,4,4,0
363984304053699|83001|2,UUTT,....,UUTT-....,4,2,1
363991802003558|80001|2,TTTT,TTTT,TTTT-TTTT,4,4,0
364448204005338|80001|2,TTTT,TT..,TTTT-TT..,4,4,0
364491503042889|80001|2,TTTT,TTTT,TTTT-TTTT,4,4,0
364629094909873|80001|1,TTTT,TTTT,TTTT-TTTT,4,4,0
364902909097979|80001|1,TNNN,TNNN,TNNN-TNNN,4,1,1
365079580699106|82001|1,TTTT,....,TTTT-....,4,4,0
365453007074349|80001|2,TU..,....,TU..-....,2,1,1
365544054909393|80001|1,TTTT,EETT,TTTT-EETT,4,4,0
365615015908299|80001|1,ETTT,UEUU,ETTT-UEUU,4,3,1
365662074909669|81001|1,TTTN,....,TTTN-....,4,3,1
365928507013959|82001|2,TTTU,....,TTTU-....,4,3,1
365945607009999|83001|1,ETTT,....,ETTT-....,4,3,1
365962509035579|83001|1,TTTT,....,TTTT-....,4,4,0
365968403007989|83001|1,T...,....,T...-....,1,1,0
365988905096269|79001|1,ETNE,....,ETNE-....,4,1,3
366374759300721|82001|1,TTTT,....,TTTT-....,4,4,0
366390879400918|82001|1,TTTT,....,TTTT-....,4,4,0
366390879400918|83001|1,EET.,....,EET.-....,3,1,1
366961008094938|80001|2,TTUN,TTTT,TTUN-TTTT,4,2,2
367177169900969|81001|1,TTTT,TTTT,TTTT-TTTT,4,4,0
367177169900969|81001|2,TTTT,TTTT,TTTT-TTTT,4,4,0
367678760099105|82001|3,TTTT,....,TTTT-....,4,4,0
367902706046599|87001|1,T...,....,T...-....,1,1,0
367902900019989|87001|3,T...,....,T...-....,1,1,0
367998409014779|80001|1,TTTT,TTTT,TTTT-TTTT,4,4,0
367998509018549|82001|1,TTTT,....,TTTT-....,4,4,0
368275819100955|83001|2,TTT.,....,TTT.-....,3,3,0
368902508029039|82001|2,ETUT,TUT.,ETUT-TUT.,4,2,3
368912504006729|81001|2,TTTT,N.NN,TTTT-N.NN,4,4,0
368918805069009|82001|1,TTTT,....,TTTT-....,4,4,0
368924900026919|83001|2,TTTT,....,TTTT-....,4,4,0
368982406070509|83001|2,EEUT,....,EEUT-....,4,1,2
368982705046069|81001|1,TTTT,TT..,TTTT-TT..,4,4,0
368997206065988|80001|1,TETT,TTTT,TETT-TTTT,4,3,2
369210038150943|80001|1,TTTT,TTTT,TTTT-TTTT,4,4,0
369210038150943|81001|2,TTTT,TTTT,TTTT-TTTT,4,4,0
369280695680983|80001|1,TTEE,EEEE,TTEE-EEEE,4,2,1
369299529700933|83001|1,UTN.,....,UTN.-....,3,1,2
369350246710723|83001|1,TT..,....,TT..-....,2,2,0
369350246710943|82001|2,TT.T,T...,TT.T-T...,3,3,0
369560694000813|81001|1,TNNN,TTNN,TNNN-TTNN,4,1,1
369580976070941|83001|1,ETT.,....,ETT.-....,3,2,1
369952800058949|87001|2,T...,....,T...-....,1,1,0
370180008416020|82001|1,TTTT,....,TTTT-....,4,4,0
370189092042059|80001|1,TNNN,NNEN,TNNN-NNEN,4,1,1
370846090108438|79001|1,TTTT,UTTT,TTTT-UTTT,4,4,0
370900068437029|79001|1,TTTT,TTTT,TTTT-TTTT,4,4,0
370909092027059|79001|1,TTTT,EEEE,TTTT-EEEE,4,4,0
370909092027059|82001|2,TTTT,....,TTTT-....,4,4,0
370922096441439|81001|1,NNTN,N.NN,NNTN-N.NN,4,1,2
370922096441439|82001|1,TTTT,T.TT,TTTT-T.TT,4,4,0
370936090133439|81001|2,TTTT,....,TTTT-....,4,4,0
370946090127439|79001|1,TTTT,NTTT,TTTT-NTTT,4,4,0
370951207019355|81001|1,TTTT,TTTT,TTTT-TTTT,4,4,0
370954505022317|83001|1,TTTT,....,TTTT-....,4,4,0
370958207019859|79001|1,TTTT,TTTN,TTTT-TTTN,4,4,0
370996070115439|83001|1,TTTT,....,TTTT-....,4,4,0
371298046909694|79001|1,TTTT,TT..,TTTT-TT..,4,4,0
371544056704393|82001|2,TTTT,....,TTTT-....,4,4,0
371562614000948|83001|1,TT..,....,TT..-....,2,2,0
371925306041388|80001|1,TTTT,EETT,TTTT-EETT,4,4,0
371926608089179|82001|1,TTTT,....,TTTT-....,4,4,0
371937201008355|81001|1,TTTT,....,TTTT-....,4,4,0
371948305059319|81001|2,NTTT,NNTT,NTTT-NNTT,4,3,1
371967005052328|79001|1,TTTT,TT.T,TTTT-TT.T,4,4,0
372172066909895|82001|2,TTTT,....,TTTT-....,4,4,0
372227035908394|82001|1,TTTT,....,TTTT-....,4,4,0
372945502026316|81001|1,TTTT,TTTT,TTTT-TTTT,4,4,0
373344004909366|83001|2,TTTT,....,TTTT-....,4,4,0
373383072907497|80001|1,TTTT,TTTT,TTTT-TTTT,4,4,0
373887015906892|82001|2,TTTT,....,TTTT-....,4,4,0
373902500037149|80001|1,TTTT,TTTT,TTTT-TTTT,4,4,0
373902500037149|83001|1,TTTT,....,TTTT-....,4,4,0
374162048909690|79001|1,TTTT,....,TTTT-....,4,4,0
374162048909690|81001|1,EUTT,....,EUTT-....,4,2,2
374294589400568|81001|1,TTTT,TTUT,TTTT-TTUT,4,4,0
374334055906494|83001|2,TTTT,....,TTTT-....,4,4,0
374937901061368|82001|1,TTTT,....,TTTT-....,4,4,0
375941307026318|82001|2,TTTT,TTTT,TTTT-TTTT,4,4,0
376969180559207|80001|2,TTTT,TTTT,TTTT-TTTT,4,4,0
377293559900694|83001|1,TT..,....,TT..-....,2,2,0
377978907092129|80001|1,TTTT,TTT.,TTTT-TTT.,4,4,0
377978907092129|80001|2,TTTT,EEE.,TTTT-EEE.,4,4,0
378986404050189|81001|2,T.TT,TTUT,T.TT-TTUT,3,3,0
378987406070208|81001|1,TTNT,TTNN,TTNT-TTNN,4,3,2
378995206065388|83001|2,TTTT,....,TTTT-....,4,4,0
379280695680713|82001|2,ETTT,....,ETTT-....,4,3,1
379369414100931|81001|1,TTTT,TTTT,TTTT-TTTT,4,4,0
379530453340732|82001|1,T...,.U..,T...-.U..,1,1,0
379610904480772|81001|1,EEET,TTEE,EEET-TTEE,4,1,1
379730894630972|80001|2,TTTT,TTTT,TTTT-TTTT,4,4,0
379953606026326|80001|1,TTTT,.EET,TTTT-.EET,4,4,0
380037068909677|83001|2,T...,....,T...-....,1,1,0
380932095457529|79001|2,TTTT,TTTT,TTTT-TTTT,4,4,0
380952075453529|81001|2,TTTT,EEEE,TTTT-EEEE,4,4,0
380981096543119|83001|2,TTTT,....,TTTT-....,4,4,0
380982095433529|81001|2,TNNN,NNNN,TNNN-NNNN,4,1,1
381272619000948|82001|1,TTTT,....,TTTT-....,4,4,0
381465399700987|83001|1,T...,....,T...-....,1,1,0
382270679400942|82001|1,E.TT,....,E.TT-....,3,2,1
382446096909269|79001|2,TTTT,TTTT,TTTT-TTTT,4,4,0
383011028907092|80001|3,TTTT,NNNN,TTTT-NNNN,4,4,0
383265869900921|80001|2,TTTT,NNNT,TTTT-NNNT,4,4,0
383265869900921|81001|2,TTTT,TTTT,TTTT-TTTT,4,4,0
383959028909278|80001|1,TTTT,TTTT,TTTT-TTTT,4,4,0
384145005001108|83001|2,TTTT,....,TTTT-....,4,4,0
384208076909793|81001|1,TTTT,TTTT,TTTT-TTTT,4,4,0
384352067001807|82001|2,TTTT,....,TTTT-....,4,4,0
384497022909568|81001|2,TTT.,....,TTT.-....,3,3,0
384615018909299|83001|3,T...,....,T...-....,1,1,0
384846036909460|83001|2,TTT.,....,TTT.-....,3,3,0
385166509700974|83001|2,T...,....,T...-....,1,1,0
385473709100961|82001|2,TTTT,....,TTTT-....,4,4,0
385563519000947|80001|1,TTNN,EEEE,TTNN-EEEE,4,2,1
387190689200470|81001|1,TTTT,....,TTTT-....,4,4,0
387574759500992|82001|2,TTTT,....,TTTT-....,4,4,0
388261494300892|80001|2,TNNN,....,TNNN-....,4,1,1
388468439800946|79001|1,TTTN,TTTT,TTTN-TTTT,4,3,1
389010091460965|81001|2,TTNN,NNNN,TTNN-NNNN,4,2,1
389060133740983|80001|1,TTTT,TTT.,TTTT-TTT.,4,4,0
389070548430945|80001|1,TTTT,TTTT,TTTT-TTTT,4,4,0
389095969200463|83001|3,T...,....,T...-....,1,1,0
389166329300936|79001|1,TTTT,TEE.,TTTT-TEE.,4,4,0
389200159750963|81001|2,TTNT,TTTN,TTNT-TTTN,4,3,2
389330596600783|80001|2,TTTT,EEEE,TTTT-EEEE,4,4,0
389350020570961|80001|2,TTTT,TTTT,TTTT-TTTT,4,4,0
389370505210961|83001|2,ETT.,....,ETT.-....,3,2,1
389374519300951|82001|1,TTTT,....,TTTT-....,4,4,0
389480939660981|83001|2,T...,....,T...-....,1,1,0
389578409000931|82001|1,TTTT,....,TTTT-....,4,4,0
389578409000931|82001|2,TTTT,....,TTTT-....,4,4,0
389680635980943|80001|2,TTTT,....,TTTT-....,4,4,0
389760882610743|83001|1,TTTT,....,TTTT-....,4,4,0
389770504750963|82001|3,TT..,....,TT..-....,2,2,0
390179009916190|82001|1,TTTT,....,TTTT-....,4,4,0
390199009938190|80001|2,TTTT,TTTT,TTTT-TTTT,4,4,0
390662077908699|83001|3,TT..,....,TT..-....,2,2,0
390891015905395|80001|2,TEEE,EEEE,TEEE-EEEE,4,1,1
390892090028679|80001|1,TTTT,TTTT,TTTT-TTTT,4,4,0
390892090028679|80001|3,TTTT,TTTT,TTTT-TTTT,4,4,0
390921706033958|82001|1,TTTT,TTTT,TTTT-TTTT,4,4,0
390924008025687|82001|2,TTTT,T...,TTTT-T...,4,4,0
390939099913199|82001|1,EEET,EE..,EEET-EE..,4,1,1
390945004066638|81001|1,TTT.,TTT.,TTT.-TTT.,3,3,0
390950028909274|80001|1,TTTT,TTTT,TTTT-TTTT,4,4,0
390961305075543|83001|1,NETN,....,NETN-....,4,1,3
390961305075543|83001|2,ETEE,....,ETEE-....,4,1,2
390961501069118|82001|1,NETN,NNNN,NETN-NNNN,4,1,3
390964708014849|81001|2,ETTE,ENEE,ETTE-ENEE,4,2,2
390967203006308|79001|1,TTTT,TTTT,TTTT-TTTT,4,4,0
390967404034213|81001|1,NTTT,....,NTTT-....,4,3,1
390974067243299|81001|2,TTTT,TTT.,TTTT-TTT.,4,4,0
390974067243299|82001|1,TTTT,TT..,TTTT-TT..,4,4,0
390974204047967|80001|2,NTTT,TTTT,NTTT-TTTT,4,3,1
390975506098618|83001|1,TTTT,....,TTTT-....,4,4,0
390981601049388|81001|2,TTT.,....,TTT.-....,3,3,0
390982705095789|87001|1,T...,....,T...-....,1,1,0
390985601049888|83001|1,EETT,....,EETT-....,4,2,1
390988076631859|81001|1,TTTT,TTTT,TTTT-TTTT,4,4,0
390992070021679|82001|1,TTTT,TTTT,TTTT-TTTT,4,4,0
390992070021679|82001|2,TTTT,TTTT,TTTT-TTTT,4,4,0
390992090023679|83001|3,TTNN,....,TTNN-....,4,2,1
390992090023679|83001|4,TTNN,....,TTNN-....,4,2,1
390998096613859|80001|1,TTTU,EEE.,TTTU-EEE.,4,3,1
390998602030449|82001|1,TTTT,....,TTTT-....,4,4,0
391227038909394|82001|2,TTTT,....,TTTT-....,4,4,0
391446093409269|83001|1,TTTT,....,TTTT-....,4,4,0
391629097001803|79001|2,TTTT,....,TTTT-....,4,4,0
391908306017959|82001|1,TTNN,....,TTNN-....,4,2,1
391908306017959|82001|2,TTTT,....,TTTT-....,4,4,0
391918302048419|80001|2,T...,....,T...-....,1,1,0
391927306041388|83001|1,TT..,....,TT..-....,2,2,0
391936201008459|82001|2,TTTT,....,TTTT-....,4,4,0
391954505037889|80001|2,TTTT,TTTT,TTTT-TTTT,4,4,0
391973903028828|82001|1,TTTT,TT..,TTTT-TT..,4,4,0
391978906096749|81001|1,TTTT,T...,TTTT-T...,4,4,0
391981501047448|82001|1,TTTT,EEEE,TTTT-EEEE,4,4,0
391986501047349|82001|1,TTTT,....,TTTT-....,4,4,0
391986501047349|82001|2,TTTU,....,TTTU-....,4,3,1
391998900010609|83001|1,T...,....,T...-....,1,1,0
391998900010609|83001|2,T...,....,T...-....,1,1,0
391998900010609|83001|3,T...,....,T...-....,1,1,0
392634044909094|83001|1,TTTT,....,TTTT-....,4,4,0
392901302060958|83001|1,TTTT,....,TTTT-....,4,4,0
392902305043479|83001|1,TTTT,....,TTTT-....,4,4,0
392902305043479|83001|2,TTTN,....,TTTN-....,4,3,1
392903203010818|82001|1,TTTT,TT..,TTTT-TT..,4,4,0
392924800054089|82001|1,TTTT,E...,TTTT-E...,4,4,0
392936508042059|80001|2,TTTT,TTTT,TTTT-TTTT,4,4,0
392938705011939|82001|1,TTTT,....,TTTT-....,4,4,0
392942208035579|87001|3,T...,....,T...-....,1,1,0
392942502026317|80001|1,EETT,EEEE,EETT-EEEE,4,2,1
392943708031658|82001|3,TTTE,NN..,TTTE-NN..,4,3,1
392948208035479|81001|1,TTNT,.UUN,TTNT-.UUN,4,3,2
392948208035479|81001|2,TTTT,.ETT,TTTT-.ETT,4,4,0
392971804090658|81001|1,TTTT,TTTT,TTTT-TTTT,4,4,0
392971804090658|81001|2,TTTT,TTTT,TTTT-TTTT,4,4,0
392975401072058|83001|2,TTTT,....,TTTT-....,4,4,0
392977709050608|81001|2,EEET,TTTT,EEET-TTTT,4,1,1
392978401072659|79001|1,TTTT,TTTT,TTTT-TTTT,4,4,0
392983504074631|82001|2,TTTT,TT..,TTTT-TT..,4,4,0
392984206019449|81001|1,TTTT,...E,TTTT-...E,4,4,0
392986105016579|80001|1,TTTT,TTTT,TTTT-TTTT,4,4,0
392986105016579|80001|2,TTTT,TTTT,TTTT-TTTT,4,4,0
392988203099972|79001|1,TTTU,....,TTTU-....,4,3,1
392988500097459|79001|1,TTTT,....,TTTT-....,4,4,0
392996206014789|83001|2,TTT.,....,TTT.-....,3,3,0
392998305039039|83001|1,T...,....,T...-....,1,1,0
393588093908194|83001|2,TTTT,....,TTTT-....,4,4,0
393860034907091|83001|1,TTTT,....,TTTT-....,4,4,0
393860034907091|83001|2,TTTT,....,TTTT-....,4,4,0
393901600068638|81001|1,TTTT,TTTT,TTTT-TTTT,4,4,0
393901600068638|83001|1,TTTT,....,TTTT-....,4,4,0
393903006062428|80001|2,TNTT,TTTT,TNTT-TTTT,4,3,2
393903006062428|83001|1,TTTT,....,TTTT-....,4,4,0
393912806051657|80001|1,TTTT,EEEE,TTTT-EEEE,4,4,0
393913806051655|80001|1,TTTT,TTTT,TTTT-TTTT,4,4,0
393914609033277|82001|2,TTTT,T...,TTTT-T...,4,4,0
393917807074128|80001|1,TTTT,TTTT,TTTT-TTTT,4,4,0
393917807074128|80001|2,TTTT,TTTT,TTTT-TTTT,4,4,0
393936704084609|82001|3,ETE.,....,ETE.-....,3,1,2
393936704084609|82001|5,TEE.,....,TEE.-....,3,1,1
393938308066739|81001|1,TTTT,NTTT,TTTT-NTTT,4,4,0
393943205008738|80001|1,TTTT,TT..,TTTT-TT..,4,4,0
393943205008738|83001|2,TTTT,....,TTTT-....,4,4,0
393946504044859|80001|1,NTT.,....,NTT.-....,3,2,1
393946504044859|83001|1,TTT.,....,TTT.-....,3,3,0
393948504044659|79001|1,TTTT,TTTT,TTTT-TTTT,4,4,0
393948504044659|79001|2,TTTT,TTTT,TTTT-TTTT,4,4,0
393963903098626|80001|1,TTT.,TEET,TTT.-TEET,3,3,0
393963903098626|80001|2,T...,....,T...-....,1,1,0
393992009008969|87001|2,T...,....,T...-....,1,1,0
393997308043608|83001|1,TT..,....,TT..-....,2,2,0
393997308043608|83001|2,TT..,....,TT..-....,2,2,0
394100601120622|81001|2,TTTT,TTTT,TTTT-TTTT,4,4,0
394100701300643|80001|1,TTTT,TN..,TTTT-TN..,4,4,0
394180425690622|87001|1,T...,....,T...-....,1,1,0
394220100310622|81001|2,TTTT,....,TTTT-....,4,4,0
394220100310622|81001|3,TTTT,....,TTTT-....,4,4,0
394530744860662|83001|2,TTT.,....,TTT.-....,3,3,0
394750811410662|80001|1,TTTT,TTTT,TTTT-TTTT,4,4,0
394750811410662|80001|2,TTTT,TTTT,TTTT-TTTT,4,4,0
394780093250622|80001|2,TTTT,TTTT,TTTT-TTTT,4,4,0
394780093250622|87001|1,T...,....,T...-....,1,1,0
394830325310662|81001|1,TTTT,TTTT,TTTT-TTTT,4,4,0
394840552350622|87001|1,T...,....,T...-....,1,1,0
394902602079779|81001|1,TTTT,TTTT,TTTT-TTTT,4,4,0
394904406027259|83001|1,NNNT,....,NNNT-....,4,1,1
394905600060638|83001|4,TTTT,....,TTTT-....,4,4,0
394912901036449|87001|2,T...,....,T...-....,1,1,0
394917506049658|81001|5,TTTT,TETT,TTTT-TETT,4,4,0
394921709026955|80001|1,TTTT,TTTT,TTTT-TTTT,4,4,0
394921709026955|81001|1,TTTT,TTTN,TTTT-TTTN,4,4,0
394928409042819|80001|2,TTTT,TTTT,TTTT-TTTT,4,4,0
394956908068919|82001|3,TTTT,....,TTTT-....,4,4,0
394957400094618|83001|1,ET..,....,ET..-....,2,1,1
394965207041508|80001|1,TTTT,TTTT,TTTT-TTTT,4,4,0
394966701036409|83001|1,TTT.,....,TTT.-....,3,3,0
394972802098687|80001|2,TNNN,....,TNNN-....,4,1,1
394974502052559|81001|2,TTTT,TTTT,TTTT-TTTT,4,4,0
394975407030646|83001|1,TTTT,....,TTTT-....,4,4,0
394976802098189|80001|1,TTTT,TTTT,TTTT-TTTT,4,4,0
394978709013759|81001|1,ETTT,TTTT,ETTT-TTTT,4,3,1
394978709013759|81001|2,TEEE,EEEE,TEEE-EEEE,4,1,1
394981106017925|82001|1,TTTT,EEEE,TTTT-EEEE,4,4,0
394991203002250|80001|2,TTTT,EEEE,TTTT-EEEE,4,4,0
394996408072679|80001|1,TTTT,TTTT,TTTT-TTTT,4,4,0
394996707044614|83001|4,TTT.,....,TTT.-....,3,3,0
394998901030264|83001|3,T...,....,T...-....,1,1,0
395863709066208|80001|1,TTTT,TTTT,TTTT-TTTT,4,4,0
395914201077647|81001|2,TTTT,TTTT,TTTT-TTTT,4,4,0
395915002048146|81001|2,TTTT,....,TTTT-....,4,4,0
395922209064109|87001|1,T...,....,T...-....,1,1,0
395922209064109|87001|2,T...,....,T...-....,1,1,0
395922805018919|87001|1,T...,....,T...-....,1,1,0
395922805018919|87001|2,T...,....,T...-....,1,1,0
395923209064606|81001|2,TTTT,TTTT,TTTT-TTTT,4,4,0
395923209064606|83001|2,TNTT,....,TNTT-....,4,3,2
395928007091169|79001|2,TTTT,TTTT,TTTT-TTTT,4,4,0
395928607049649|83001|1,T...,....,T...-....,1,1,0
395942307026819|87001|2,T...,....,T...-....,1,1,0
395943307026318|80001|1,TNE.,TTTT,TNE.-TTTT,3,1,2
395944307097329|80001|1,TTTT,TTTT,TTTT-TTTT,4,4,0
395957602009478|80001|3,TTTT,....,TTTT-....,4,4,0
395958804059699|82001|3,TTTE,....,TTTE-....,4,3,1
395962902076479|81001|5,TTTT,....,TTTT-....,4,4,0
395966302089979|82001|2,TTTT,....,TTTT-....,4,4,0
395967709066200|82001|1,TTTT,....,TTTT-....,4,4,0
395986007019689|81001|1,TTTT,TTTT,TTTT-TTTT,4,4,0
395996904040739|81001|1,TTTT,TNNN,TTTT-TNNN,4,4,0
395996904040739|83001|2,T.T.,....,T.T.-....,2,2,0
396901502082613|83001|1,TTTT,....,TTTT-....,4,4,0
396906208052479|79001|2,TNNN,NNNN,TNNN-NNNN,4,1,1
396906208052479|81001|2,TTTT,TTTT,TTTT-TTTT,4,4,0
396906208052479|81001|3,NTNN,NTNN,NTNN-NTNN,4,1,2
396915607072788|82001|2,ETTT,....,ETTT-....,4,3,1
396916401000749|81001|1,TTTT,TTTT,TTTT-TTTT,4,4,0
396921902030128|82001|1,TTTT,TTTT,TTTT-TTTT,4,4,0
396923503006628|80001|1,TTTT,TTTT,TTTT-TTTT,4,4,0
396928909051289|81001|2,TT..,....,TT..-....,2,2,0
396941702067676|81001|3,ENT.,TTTT,ENT.-TTTT,3,1,2
396941702067676|82001|3,ETTT,TTTT,ETTT-TTTT,4,3,1
396953907071078|80001|1,TTTT,TTTT,TTTT-TTTT,4,4,0
396958400045649|82001|1,TTTT,....,TTTT-....,4,4,0
396963004044648|82001|2,TTTT,TT..,TTTT-TT..,4,4,0
396977402033908|81001|1,TTEE,..EE,TTEE-..EE,4,2,1
396992200014759|80001|2,ETNT,TTTT,ETNT-TTTT,4,2,3
396992200014759|83001|2,TTTT,....,TTTT-....,4,4,0
396997909036683|79001|1,TTTT,TTTT,TTTT-TTTT,4,4,0
397902706046499|81001|1,TTTT,TTTT,TTTT-TTTT,4,4,0
397903404036668|80001|2,TTEE,EEEE,TTEE-EEEE,4,2,1
397906306042729|82001|2,TTTT,....,TTTT-....,4,4,0
397906308016489|82001|1,TTTN,....,TTTN-....,4,3,1
397906404036769|80001|2,TTTT,....,TTTT-....,4,4,0
397906608007179|79001|2,TTTT,T...,TTTT-T...,4,4,0
397906608007179|83001|1,TT..,....,TT..-....,2,2,0
397908401018969|82001|1,TTTT,....,TTTT-....,4,4,0
397908401018969|82001|2,TTTT,....,TTTT-....,4,4,0
397908603014709|81001|2,EETT,EETT,EETT-EETT,4,2,1
397908603014709|81001|3,TTTT,ETTT,TTTT-ETTT,4,4,0
397912202074409|80001|2,TTTT,TTTT,TTTT-TTTT,4,4,0
397912202074409|83001|1,TTTT,....,TTTT-....,4,4,0
397917202074408|82001|2,TTTT,....,TTTT-....,4,4,0
397917202074408|83001|2,TT..,....,TT..-....,2,2,0
397918709013669|80001|2,TTTT,TTTN,TTTT-TTTN,4,4,0
397926007061629|83001|1,TTT.,....,TTT.-....,3,3,0
397926504069219|83001|2,TTT.,....,TTT.-....,3,3,0
397933606089698|80001|4,TT..,....,TT..-....,2,2,0
397933606089698|82001|1,TTTT,EE..,TTTT-EE..,4,4,0
397933606089698|83001|1,TEE.,....,TEE.-....,3,1,1
397944608004979|81001|1,TT..,....,TT..-....,2,2,0
397948608004079|79001|1,TTTT,NNNN,TTTT-NNNN,4,4,0
397948608004079|79001|2,TTTT,NNNN,TTTT-NNNN,4,4,0
397954508013667|81001|2,TTTT,TTTT,TTTT-TTTT,4,4,0
397961509060928|81001|1,TTTT,TTTT,TTTT-TTTT,4,4,0
397962804021379|87001|1,T...,....,T...-....,1,1,0
397994106078589|82001|2,ETTT,T...,ETTT-T...,4,3,1
397998509018449|79001|2,TTTT,TTTT,TTTT-TTTT,4,4,0
397998509018449|80001|3,TTTT,TTTT,TTTT-TTTT,4,4,0
398905508029636|82001|1,TTTT,....,TTTT-....,4,4,0
398924905075889|82001|2,TTTT,T...,TTTT-T...,4,4,0
398928501077549|82001|2,TTTT,....,TTTT-....,4,4,0
398928900026819|79001|1,TTTT,TTTT,TTTT-TTTT,4,4,0
398928900026819|79001|2,TTTT,TTTT,TTTT-TTTT,4,4,0
398931501077686|81001|1,TTTT,TTTT,TTTT-TTTT,4,4,0
398952300097699|87001|1,T...,....,T...-....,1,1,0
398952302056709|80001|1,EE.T,.UUU,EE.T-.UUU,3,1,1
398952302056709|80001|2,EE.T,.EEE,EE.T-.EEE,3,1,1
398964804007487|81001|2,TTTT,TTTT,TTTT-TTTT,4,4,0
398991702003558|81001|1,TTTT,TTTT,TTTT-TTTT,4,4,0
398996203092759|82001|2,TTTT,....,TTTT-....,4,4,0
399020150160911|80001|1,TTTT,TT.T,TTTT-TT.T,4,4,0
399020150160911|82001|3,TTTT,TTTT,TTTT-TTTT,4,4,0
399050847030682|80001|1,TTTT,TTTT,TTTT-TTTT,4,4,0
399100701300912|81001|1,ETEE,EEEE,ETEE-EEEE,4,1,2
399150409040971|81001|2,TTTT,.NNT,TTTT-.NNT,4,4,0
399150409040971|83001|2,ET..,....,ET..-....,2,1,1
399200477460951|82001|1,TTTT,....,TTTT-....,4,4,0
399210038150753|80001|1,NTNN,NNNN,NTNN-NNNN,4,1,2
399240045430613|81001|2,TTTT,TTTT,TTTT-TTTT,4,4,0
399300765540953|80001|1,TTTT,TTTT,TTTT-TTTT,4,4,0
399350246710753|82001|1,TTTT,....,TTTT-....,4,4,0
399370402620632|81001|2,TTNT,NNNN,TTNT-NNNN,4,3,2
399390489510955|83001|1,TTTT,....,TTTT-....,4,4,0
399430773420912|81001|2,UNTT,NNNN,UNTT-NNNN,4,2,2
399520246210632|83001|3,T...,....,T...-....,1,1,0
399520246210913|83001|1,TT..,....,TT..-....,2,2,0
399520246210913|83001|2,TT..,....,TT..-....,2,2,0
399520246210913|83001|3,TT..,....,TT..-....,2,2,0
399540333290735|83001|1,TTTT,....,TTTT-....,4,4,0
399580976070971|80001|2,ETTT,TTTT,ETTT-TTTT,4,3,1
399650003830715|80001|2,TTTT,TTTT,TTTT-TTTT,4,4,0
399690113040952|82001|2,TTTT,....,TTTT-....,4,4,0
399690256620975|80001|2,TTTT,TT.E,TTTT-TT.E,4,4,0
399730171770971|81001|1,EE.T,TT.U,EE.T-TT.U,3,1,1
399740366100973|83001|2,TT..,....,TT..-....,2,2,0
399750666900752|80001|2,TTTT,TTTT,TTTT-TTTT,4,4,0
399770257660951|82001|1,TTTT,....,TTTT-....,4,4,0
399770504750913|80001|3,TTTT,EE..,TTTT-EE..,4,4,0
399800161200911|80001|2,TTTT,TTTT,TTTT-TTTT,4,4,0
399810245680753|80001|1,TTTT,EETT,TTTT-EETT,4,4,0
399810245680753|83001|1,TEEU,....,TEEU-....,4,1,2
399810904980971|79001|1,T...,....,T...-....,1,1,0
399870838580952|83001|1,TTTT,....,TTTT-....,4,4,0
399910467190971|83001|2,TT..,....,TT..-....,2,2,0
399924504039649|83001|1,TTTT,....,TTTT-....,4,4,0
399936909099819|79001|2,EETT,....,EETT-....,4,2,1
399946903062649|81001|2,TTTT,TTNN,TTTT-TTNN,4,4,0
399950986560632|81001|2,TTTT,TTTT,TTTT-TTTT,4,4,0
399954905007079|81001|2,TTTT,TTTT,TTTT-TTTT,4,4,0
399956905007779|79001|1,TTTT,TTTT,TTTT-TTTT,4,4,0
399957800058945|82001|2,TTTT,....,TTTT-....,4,4,0
399960521980712|80261|1,TTTT,TTTT,TTTT-TTTT,4,4,0
399961502028645|81001|2,TTTT,TTTT,TTTT-TTTT,4,4,0
399964502028649|81001|1,TTTT,TTTT,TTTT-TTTT,4,4,0
399964502028649|81001|2,TTTT,TNNT,TTTT-TNNT,4,4,0
399968705090719|80001|1,TTTT,TTTT,TTTT-TTTT,4,4,0
399970487430681|81001|1,TTTE,EEEE,TTTE-EEEE,4,3,1
399971505099898|80001|1,TTTT,TTTT,TTTT-TTTT,4,4,0
399976400029499|83001|1,TTT.,....,TTT.-....,3,3,0
399977505099993|80001|1,TTTT,TTTT,TTTT-TTTT,4,4,0
400063708014241|81001|2,TTTT,TTTT,TTTT-TTTT,4,4,0
400063708014241|81001|3,TTTT,EEEE,TTTT-EEEE,4,4,0
400085006030741|80001|1,TTTT,EEEE,TTTT-EEEE,4,4,0
400106914027395|82001|1,TTTT,T...,TTTT-T...,4,4,0
400109965826498|83001|3,NTE.,....,NTE.-....,3,1,2
400109965826498|83001|4,UTT.,....,UTT.-....,3,2,1
400125000816370|83001|4,TTT.,....,TTT.-....,3,3,0
400209950442092|82001|2,TTTT,E...,TTTT-E...,4,4,0
400506903699098|82001|1,TT.E,....,TT.E-....,3,2,1
400509927266998|82001|1,TTT.,T...,TTT.-T...,3,3,0
400509958214096|80001|2,TTTT,NNNN,TTTT-NNNN,4,4,0
400609657499138|80001|2,TTTN,....,TTTN-....,4,3,1
400609940315091|83001|2,TTTT,....,TTTT-....,4,4,0
400609964300640|83001|1,TTTT,....,TTTT-....,4,4,0
400609965596090|81001|1,TTTT,TTTT,TTTT-TTTT,4,4,0
400609992408292|81001|1,TUTE,EEEE,TUTE-EEEE,4,2,3
400735070835379|81001|2,EENT,EEEE,EENT-EEEE,4,1,2
400807957963679|81001|2,TTTT,EEEE,TTTT-EEEE,4,4,0
400809904969992|80001|1,TTTT,TTTT,TTTT-TTTT,4,4,0
400809904969992|82001|2,TTTT,....,TTTT-....,4,4,0
400809977906496|80001|1,TTTT,TTTT,TTTT-TTTT,4,4,0
400835060821374|82001|1,TTNN,NN..,TTNN-NN..,4,2,1
400896090132019|82001|2,TTTT,TTT.,TTTT-TTT.,4,4,0
400907957414777|82001|1,TTTT,E...,TTTT-E...,4,4,0
400907977507594|83001|2,TNEE,....,TNEE-....,4,1,2
400907994691370|81001|2,TTTT,TTTT,TTTT-TTTT,4,4,0
400909945302391|82001|2,T.E.,....,T.E.-....,2,1,1
400928094511589|81001|3,TTTT,TTTT,TTTT-TTTT,4,4,0
400965097401779|80001|1,T...,....,T...-....,1,1,0
401005953109299|82001|2,TTTT,TTTT,TTTT-TTTT,4,4,0
401007604094181|81001|2,TTTT,TTTT,TTTT-TTTT,4,4,0
401061502039631|83001|1,TTNN,....,TTNN-....,4,2,1
401068903092651|83001|1,T...,....,T...-....,1,1,0
401073906096541|81001|1,T.TT,NNNN,T.TT-NNNN,3,3,0
401089065409461|81001|1,EEET,EEEE,EEET-EEEE,4,1,1
401147054909797|81001|2,TTTT,EEEE,TTTT-EEEE,4,4,0
401607272949771|83001|2,TTTT,....,TTTT-....,4,4,0
401704644894061|80001|1,TTTN,NNNN,TTTN-NNNN,4,3,1
401708202891460|81001|1,TTTT,....,TTTT-....,4,4,0
401901270895138|80001|1,TTTT,TTTT,TTTT-TTTT,4,4,0
401901270895138|80001|2,TTTT,TTTT,TTTT-TTTT,4,4,0
401901641193405|80001|1,TTTT,...E,TTTT-...E,4,4,0
401901970894746|80001|1,TTNT,EEEE,TTNT-EEEE,4,3,2
401901973594746|81001|1,T...,T...,T...-T...,1,1,0
401902174897832|83001|1,TTTT,....,TTTT-....,4,4,0
401903204094878|83001|1,EETT,....,EETT-....,4,2,1
401904215897185|83001|1,TTNN,....,TTNN-....,4,2,1
401907274899772|83001|2,TTTT,....,TTTT-....,4,4,0
401908452896384|83001|1,TTTT,....,TTTT-....,4,4,0
401909460896216|83001|1,TTTT,....,TTTT-....,4,4,0
401909772899464|81001|2,TTTT,TTTT,TTTT-TTTT,4,4,0
402001643203402|83001|2,TTTT,....,TTTT-....,4,4,0
402005070105776|83001|1,TTTT,....,TTTT-....,4,4,0
402005070105776|83001|2,TTTT,....,TTTT-....,4,4,0
402007103046831|80001|1,TTTT,TTTT,TTTT-TTTT,4,4,0
402027202082831|83001|2,TT..,....,TT..-....,2,2,0
402039014909779|81001|2,TTTT,EEEE,TTTT-EEEE,4,4,0
402047302086851|82001|2,TTTT,....,TTTT-....,4,4,0
402095100085841|80001|1,TTTT,....,TTTT-....,4,4,0
402142066909899|82001|2,TTTT,....,TTTT-....,4,4,0
402600124997270|81001|3,TTTT,....,TTTT-....,4,4,0
402600974992887|87001|1,T...,....,T...-....,1,1,0
402601973994740|82001|1,T...,NNN.,T...-NNN.,1,1,0
402604100997962|82001|2,UUTU,NTU.,UUTU-NTU.,4,1,2
402609511998727|80001|2,TTTT,TTTT,TTTT-TTTT,4,4,0
402630087906490|79001|1,TTTT,....,TTTT-....,4,4,0
402700034991676|87001|2,T...,....,T...-....,1,1,0
402703205994875|82001|2,TTTT,TTT.,TTTT-TTT.,4,4,0
402704682991704|87001|1,T...,....,T...-....,1,1,0
402705164994864|87001|2,T...,....,T...-....,1,1,0
402900032991679|83001|1,TTTT,....,TTTT-....,4,4,0
402900341998732|87001|1,T...,....,T...-....,1,1,0
402900341998732|87001|2,T...,....,T...-....,1,1,0
402901504999441|87001|2,T...,....,T...-....,1,1,0
402901640993401|87001|2,T...,....,T...-....,1,1,0
402901643493402|81001|1,TTTT,....,TTTT-....,4,4,0
402902255998493|83001|1,TTTT,....,TTTT-....,4,4,0
402903600993476|81001|3,TNNN,TTTT,TNNN-TTTT,4,1,1
402904212997185|81001|3,TTTT,TTTT,TTTT-TTTT,4,4,0
402904573997055|83001|1,TEEE,....,TEEE-....,4,1,1
402905075995771|82001|3,TTTT,TTT.,TTTT-TTT.,4,4,0
402905075995771|87001|2,T...,....,T...-....,1,1,0
402905552998699|82001|2,TTTT,TTT.,TTTT-TTT.,4,4,0
402905845995414|83001|2,TTNN,....,TTNN-....,4,2,1
402906482997534|82001|1,TTTT,TTT.,TTTT-TTT.,4,4,0
402906482997534|87001|1,T...,....,T...-....,1,1,0
402907184992222|81001|1,UTTT,TTTU,UTTT-TTTU,4,3,1
403005006062821|83001|1,TTTT,....,TTTT-....,4,4,0
403025904056791|82001|1,TTTT,....,TTTT-....,4,4,0
403075504047801|82001|2,TTTT,....,TTTT-....,4,4,0
403097706084431|82001|1,TTTT,....,TTTT-....,4,4,0
403604573947053|83001|2,TTTT,....,TTTT-....,4,4,0
403701643893402|83001|1,TTTT,....,TTTT-....,4,4,0
403901501699443|82001|6,EEET,NE..,EEET-NE..,4,1,1
403907514695101|81001|1,TTTT,EEEE,TTTT-EEEE,4,4,0
403934095909065|80001|1,TTTT,TTTT,TTTT-TTTT,4,4,0
404705073995773|82001|2,TTTT,T...,TTTT-T...,4,4,0
404705073995773|82001|4,NNTN,N...,NNTN-N...,4,1,2
404707154995786|81001|2,TTTT,TTTE,TTTT-TTTE,4,4,0
404708142991647|81001|1,TTTT,.NNN,TTTT-.NNN,4,4,0
404902171497837|82001|1,TTTT,E...,TTTT-E...,4,4,0
404903523792864|82001|1,EETE,E...,EETE-E...,4,1,2
404905070495774|82001|1,TTTT,T...,TTTT-T...,4,4,0
404906485797536|80001|1,NNTT,NNTT,NNTT-NNTT,4,2,1
405001274105139|80001|1,TTTT,TTTT,TTTT-TTTT,4,4,0
405001274105139|82001|2,TTTT,....,TTTT-....,4,4,0
405003681109062|80001|1,EUTE,EEEE,EUTE-EEEE,4,1,3
405003681109062|83001|1,TTTT,....,TTTT-....,4,4,0
405005402031431|80001|1,TTTT,..TT,TTTT-..TT,4,4,0
405005402031431|80001|2,TTTT,..TT,TTTT-..TT,4,4,0
405006955101780|83001|1,TT.T,....,TT.T-....,3,3,0
405008451106387|80001|2,TTTT,TTTT,TTTT-TTTT,4,4,0
405025607049241|81001|2,TTTT,TTTT,TTTT-TTTT,4,4,0
405055804059291|83001|1,TTEE,....,TTEE-....,4,2,1
405063403007181|81001|2,TTTT,TTTT,TTTT-TTTT,4,4,0
405098907079812|82001|1,TTTT,....,TTTT-....,4,4,0
405129033908869|82001|2,TTTT,EE..,TTTT-EE..,4,4,0
405257012909564|83001|2,TTTT,....,TTTT-....,4,4,0
405604642944673|81001|1,TTUE,TTUU,TTUE-TTUU,4,2,2
405608773895065|82001|1,TTTT,....,TTTT-....,4,4,0
405680084909778|81001|1,TTTE,TTTT,TTTE-TTTT,4,3,1
405680084909778|81001|2,TTTT,TTTT,TTTT-TTTT,4,4,0
405908451396387|83001|1,TTTT,....,TTTT-....,4,4,0
405909320890568|83001|1,TTTT,....,TTTT-....,4,4,0
406279650689002|80001|1,TTTT,TTTT,TTTT-TTTT,4,4,0
406604092991539|83001|1,TTT.,....,TTT.-....,3,3,0
406605161994869|82001|1,TTTT,....,TTTT-....,4,4,0
406607182992220|79001|2,TTTT,TTTT,TTTT-TTTT,4,4,0
406608992996259|79001|2,TTTT,TTTT,TTTT-TTTT,4,4,0
406609533992767|81001|1,TTTT,TTTT,TTTT-TTTT,4,4,0
406702022998820|80001|2,TTTT,TTTT,TTTT-TTTT,4,4,0
406702270999288|79001|1,TT..,....,TT..-....,2,2,0
406702270999288|82001|3,ETNN,....,ETNN-....,4,1,2
406703962998731|79001|1,TT.T,TTTT,TT.T-TTTT,3,3,0
406709460996218|81001|2,TTTT,T.TT,TTTT-T.TT,4,4,0
406899770909001|80001|2,TTTT,TTTT,TTTT-TTTT,4,4,0
406900101992813|79001|2,TTTT,TTTT,TTTT-TTTT,4,4,0
406901501999443|81001|2,TNNN,NNNN,TNNN-NNNN,4,1,1
406901641983405|79001|2,ET.E,....,ET.E-....,3,1,2
406902645997521|79001|1,TTTT,ENNN,TTTT-ENNN,4,4,0
406902650992646|80001|3,TTTT,TTTT,TTTT-TTTT,4,4,0
406902652792646|80001|2,TTTT,TTT.,TTTT-TTT.,4,4,0
406902780791516|81001|2,TNUU,TTNN,TNUU-TTNN,4,1,2
406903600983476|80001|2,T...,....,T...-....,1,1,0
406903963998737|82001|3,TTTT,....,TTTT-....,4,4,0
406904574997055|82001|1,TTTT,....,TTTT-....,4,4,0
406904684991705|82001|2,TTTT,....,TTTT-....,4,4,0
406905070995774|82001|1,TTTT,....,TTTT-....,4,4,0
406905443994538|81001|1,T...,....,T...-....,1,1,0
406905443994538|81001|2,T...,....,T...-....,1,1,0
406905903791264|80001|3,TTTT,....,TTTT-....,4,4,0
406907512995102|81001|1,NNTT,....,NNTT-....,4,2,1
406908044999614|79001|1,EEET,EEEE,EEET-EEEE,4,1,1
406908770495066|81001|1,TTTT,TEE.,TTTT-TEE.,4,4,0
406908771995068|80001|1,TTTT,TUNU,TTTT-TUNU,4,4,0
406908963991227|79001|2,TTTT,TTTT,TTTT-TTTT,4,4,0
406909513798726|81001|2,E.ET,TEEE,E.ET-TEEE,3,1,1
406909770999464|81001|1,TEEE,EEEE,TEEE-EEEE,4,1,1
406989210959006|82001|2,TTTT,TTTT,TTTT-TTTT,4,4,0
407001971104742|80001|1,TTTT,TTTT,TTTT-TTTT,4,4,0
407003201104872|83001|2,TT..,....,TT..-....,2,2,0
407005793109257|81001|2,TTTT,TTTT,TTTT-TTTT,4,4,0
407009511108728|83001|2,TT..,....,TT..-....,2,2,0
407101642103404|80001|2,TTTT,TTTT,TTTT-TTTT,4,4,0
407101642103404|82001|2,TTTT,....,TTTT-....,4,4,0
407613960997292|82001|1,TTTT,....,TTTT-....,4,4,0
407900122697275|81001|3,TTTN,EEEE,TTTN-EEEE,4,3,1
407901503899446|82001|1,TTTT,....,TTTT-....,4,4,0
407902250698496|83001|2,TT..,....,TT..-....,2,2,0
407903600893476|82001|1,TTTT,....,TTTT-....,4,4,0
407903642690800|81001|2,TTTT,TUEE,TTTT-TUEE,4,4,0
407904092891537|81001|1,EETT,U...,EETT-U...,4,2,1
407904900592126|79001|1,T...,EEEE,T...-EEEE,1,1,0
407905163894866|82001|3,TTTT,....,TTTT-....,4,4,0
407906460591002|79001|1,TTTT,TTTT,TTTT-TTTT,4,4,0
407908423897836|81001|2,TTTT,TTTT,TTTT-TTTT,4,4,0
407908423897836|81001|3,TTTT,EEEE,TTTT-EEEE,4,4,0
407909510898726|80001|2,TNEE,ENTT,TNEE-ENTT,4,1,2
408047400058251|82001|1,TTTT,....,TTTT-....,4,4,0
408091206065681|83001|1,TTTU,....,TTTU-....,4,3,1
408101643203402|81001|2,TTTT,TTTT,TTTT-TTTT,4,4,0
408603605993474|79001|2,TTTT,TTTN,TTTT-TTTN,4,4,0
408604642994673|79001|1,TTTT,TTTN,TTTT-TTTN,4,4,0
408604642994673|82001|1,TTTT,....,TTTT-....,4,4,0
408605161944869|81001|1,TTTT,TT.T,TTTT-TT.T,4,4,0
408608454996386|81001|2,EEET,EN..,EEET-EN..,4,1,1
408703522792863|83001|1,T...,....,T...-....,1,1,0
408901272795135|82001|1,TTTT,....,TTTT-....,4,4,0
408902034786588|83001|2,T...,....,T...-....,1,1,0
408902435992321|81001|2,NTNE,....,NTNE-....,4,1,3
408903603993478|79001|2,TTTT,....,TTTT-....,4,4,0
408904091991536|80001|1,TN.E,EEEE,TN.E-EEEE,3,1,2
408904091991536|80001|2,TN.E,EEEE,TN.E-EEEE,3,1,2
408904212997184|79001|1,TTTT,TTTT,TTTT-TTTT,4,4,0
408904665992621|83001|1,T...,....,T...-....,1,1,0
408905365997215|81001|2,UTTT,TTTT,UTTT-TTTT,4,3,1
408905551998698|83001|3,T...,....,T...-....,1,1,0
408907992991476|79001|2,TTTT,TTTT,TTTT-TTTT,4,4,0
408908202791460|81001|2,TTTT,.TTT,TTTT-.TTT,4,4,0
408909431995633|79001|2,TTTT,TTTT,TTTT-TTTT,4,4,0
408909694991410|83001|2,T...,....,T...-....,1,1,0
409041600049861|80001|2,TTNE,NNNN,TTNE-NNNN,4,2,2
409075002097501|81001|1,TTTT,TTTT,TTTT-TTTT,4,4,0
409075002097501|83001|2,TTTT,....,TTTT-....,4,4,0
410009975257127|80001|2,TTTT,TTTT,TTTT-TTTT,4,4,0
410060133740060|79001|1,TTTT,TTTT,TTTT-TTTT,4,4,0
410060133740060|79001|2,TTTT,TTTT,TTTT-TTTT,4,4,0
410100601120060|83001|1,TTT.,....,TTT.-....,3,3,0
410140325700013|81001|2,TTT.,TTTT,TTT.-TTTT,3,3,0
410170686860043|81001|2,TTTT,TTTT,TTTT-TTTT,4,4,0
410200007755826|82001|2,TTTT,T...,TTTT-T...,4,4,0
410209946450495|80001|1,TTTT,TTTT,TTTT-TTTT,4,4,0
410209958036792|82001|3,TTTT,....,TTTT-....,4,4,0
410220345870182|79001|2,TTTT,T.TT,TTTT-T.TT,4,4,0
410306975257197|80001|2,NTTT,TTTT,NTTT-TTTT,4,3,1
410306975257197|80001|3,TNNN,NNNN,TNNN-NNNN,4,1,1
410309924959795|83001|2,NTTT,....,NTTT-....,4,3,1
410309961141493|80001|1,NTTT,EE..,NTTT-EE..,4,3,1
410309979165990|80001|2,TTT.,....,TTT.-....,3,3,0
410309979165990|82001|2,TTTT,T...,TTTT-T...,4,4,0
410309981294590|81001|2,TTTT,TETT,TTTT-TETT,4,4,0
410509930465795|83001|2,TTTT,....,TTTT-....,4,4,0
410609905340897|80001|1,TTTT,TTTT,TTTT-TTTT,4,4,0
410709953534099|83001|1,TTTT,....,TTTT-....,4,4,0
410709972272297|80001|1,TTTT,....,TTTT-....,4,4,0
410709995906798|83001|1,TTTT,....,TTTT-....,4,4,0
410732098255379|81001|2,TT.U,TTTT,TT.U-TTTT,3,2,1
410809903206692|83001|1,TTTT,....,TTTT-....,4,4,0
410809986690995|80001|1,TTTT,TTTT,TTTT-TTTT,4,4,0
410809986690995|82001|2,TTTT,T...,TTTT-T...,4,4,0
410809995898298|82001|2,TTTT,T...,TTTT-T...,4,4,0
410891096432139|82001|1,TTTT,TTT.,TTTT-TTT.,4,4,0
410907954800398|83001|2,TTTT,....,TTTT-....,4,4,0
410907956489770|81001|1,TTTT,TTTT,TTTT-TTTT,4,4,0
410950766270060|83001|1,TTT.,....,TTT.-....,3,3,0
410950986560144|82001|2,TTTT,T...,TTTT-T...,4,4,0
410960521980085|80001|1,T...,....,T...-....,1,1,0
410960521980085|80001|2,T...,....,T...-....,1,1,0
410962099437979|81001|2,TTTT,TTTT,TTTT-TTTT,4,4,0
412199849800877|82001|1,UUUT,EEEE,UUUT-EEEE,4,1,1
412209660700116|82001|1,TT.T,TTTT,TT.T-TTTT,3,3,0
412429510719107|81001|1,TTTT,TTTT,TTTT-TTTT,4,4,0
412614014909775|80001|1,TTTT,TTTT,TTTT-TTTT,4,4,0
412614014909775|81001|3,TTTT,....,TTTT-....,4,4,0
412751046909896|80001|4,TTTT,TTTT,TTTT-TTTT,4,4,0
413065903098621|81001|2,TTTT,TTTT,TTTT-TTTT,4,4,0
413197438700072|80001|2,TTTT,EEEN,TTTT-EEEN,4,4,0
413498549200697|81001|1,TTTT,TTTT,TTTT-TTTT,4,4,0
413913032909971|82001|1,TTTT,TTT.,TTTT-TTT.,4,4,0
414348026907698|79001|1,TUNT,NEEE,TUNT-NEEE,4,2,3
414644001908476|80001|1,TT.T,TTTT,TT.T-TTTT,3,3,0
415102800300122|83001|1,TTTT,....,TTTT-....,4,4,0
415801004909367|82001|1,TTTT,T...,TTTT-T...,4,4,0
416405610800145|82001|2,TTTT,TTTT,TTTT-TTTT,4,4,0
417768350399103|81001|2,TTUN,NNNN,TTUN-NNNN,4,2,2
419220506190924|82001|2,TTTT,TTT.,TTTT-TTT.,4,4,0
419220506190924|83001|1,NTNN,....,NTNN-....,4,1,2
420009910516095|81001|1,TTTT,TTTT,TTTT-TTTT,4,4,0
420009958076593|80001|2,TTTT,UTTT,TTTT-UTTT,4,4,0
420009982905699|82001|2,TTTT,E...,TTTT-E...,4,4,0
420009989628192|80001|2,TTTT,TTTT,TTTT-TTTT,4,4,0
420106937180894|80001|2,TTTT,TTTT,TTTT-TTTT,4,4,0
420107915164497|81001|1,TTTT,EEEE,TTTT-EEEE,4,4,0
420109915400499|80001|1,TTTT,TTTT,TTTT-TTTT,4,4,0
420109915400499|80001|4,TTTT,TTTT,TTTT-TTTT,4,4,0
420298689900970|82001|1,TT.T,E.E.,TT.T-E.E.,3,3,0
420306920063096|81001|1,TTTT,TTTT,TTTT-TTTT,4,4,0
420306928896695|83001|2,NNTE,....,NNTE-....,4,1,2
420307996717695|82001|1,TTTT,T...,TTTT-T...,4,4,0
420309921262797|80001|1,T.TT,NTTT,T.TT-NTTT,3,3,0
420309921262797|80001|2,T.NN,EEEE,T.NN-EEEE,3,1,1
420309921262797|83001|2,TTTT,....,TTTT-....,4,4,0
420398689400970|87001|2,T...,....,T...-....,1,1,0
420407932349893|80001|2,TTTT,TTTT,TTTT-TTTT,4,4,0
420409960492390|83001|2,T...,....,T...-....,1,1,0
420506922901596|82001|1,TTT.,....,TTT.-....,3,3,0
420509968839645|82001|1,T...,E...,T...-E...,1,1,0
420598489600958|87001|1,T...,....,T...-....,1,1,0
420609904988996|83001|1,TTTT,....,TTTT-....,4,4,0
420609931194399|83001|1,TUTT,....,TUTT-....,4,3,2
420609931194399|83001|2,TUTT,....,TUTT-....,4,3,2
420609965427499|81001|2,NTTT,TTTT,NTTT-TTTT,4,3,1
420609965427499|83001|2,TTTT,....,TTTT-....,4,4,0
420609968328197|81001|1,ETTT,TTTT,ETTT-TTTT,4,3,1
420609968328197|81001|2,ENTE,EEEE,ENTE-EEEE,4,1,3
420609977619193|80001|2,TTNN,ENNE,TTNN-ENNE,4,2,1
420707935110591|81001|2,TTTT,TTTT,TTTT-TTTT,4,4,0
420709926840099|80001|3,UT..,....,UT..-....,2,1,1
420709970528497|80001|2,TTTT,EEEE,TTTT-EEEE,4,4,0
420709997037598|80001|1,TTTT,EEEE,TTTT-EEEE,4,4,0
420800084645416|82001|1,TTTT,....,TTTT-....,4,4,0
420809944129492|80001|1,TTTT,TTTT,TTTT-TTTT,4,4,0
420885095612219|82001|2,TT..,....,TT..-....,2,2,0
420906915164497|82001|2,TTTT,T...,TTTT-T...,4,4,0
420907965427499|83001|2,TTTT,....,TTTT-....,4,4,0
420909925029694|82001|1,TTTT,T...,TTTT-T...,4,4,0
420920065007424|80001|2,TTTT,TTTT,TTTT-TTTT,4,4,0
420932095231169|83001|1,TTTT,....,TTTT-....,4,4,0
421366369900804|87001|2,T...,....,T...-....,1,1,0
421727043908393|82001|1,TTTT,....,TTTT-....,4,4,0
421885048909098|80001|5,NTTT,TTTT,NTTT-TTTT,4,3,1
421934094907095|82001|2,TTTT,T...,TTTT-T...,4,4,0
421960001908161|81001|2,EEET,EEEE,EEET-EEEE,4,1,1
422391679600957|83001|3,TTTT,....,TTTT-....,4,4,0
423494539000981|87001|1,T...,....,T...-....,1,1,0
423498219100919|87001|1,T...,....,T...-....,1,1,0
423499909700975|83001|2,TTTT,....,TTTT-....,4,4,0
423519410549307|82001|1,TTTT,TTTT,TTTT-TTTT,4,4,0
423519410549307|82001|2,NTTT,TTTT,NTTT-TTTT,4,3,1
423613047903490|80001|2,TTTT,NTTT,TTTT-NTTT,4,4,0
424039014907799|81001|3,TTTT,TTTT,TTTT-TTTT,4,4,0
424039014907799|81001|4,TTTT,TTTT,TTTT-TTTT,4,4,0
424092599600782|83001|1,TTTT,....,TTTT-....,4,4,0
424243051903999|83001|1,EEET,....,EEET-....,4,1,1
424296919700919|83001|2,TTTT,....,TTTT-....,4,4,0
424613045906490|82001|2,ETEE,....,ETEE-....,4,1,2
424834096909797|82001|1,TTTT,....,TTTT-....,4,4,0
426377630259004|83001|2,EENT,....,EENT-....,4,1,2
426398809600919|83001|2,T.NE,....,T.NE-....,3,1,2
426398809600919|83001|3,T.NE,....,T.NE-....,3,1,2
427461879200931|81001|1,TTTT,....,TTTT-....,4,4,0
427499519400250|82001|2,TTTT,NNN.,TTTT-NNN.,4,4,0
427599519000950|87001|2,T...,....,T...-....,1,1,0
428097969500987|83001|1,TTTT,....,TTTT-....,4,4,0
428097969500987|83001|2,TTTT,....,TTTT-....,4,4,0
428196249200964|83001|2,TTTT,....,TTTT-....,4,4,0
428299389500927|83001|1,TTTT,....,TTTT-....,4,4,0
428299389500927|87001|2,T...,....,T...-....,1,1,0
429860414650974|83001|3,TT..,....,TT..-....,2,2,0
430107946436996|80001|2,TTTT,TTTT,TTTT-TTTT,4,4,0
430107946436996|82001|2,EENT,T...,EENT-T...,4,1,2
430109948636999|80001|1,TTTT,TTTT,TTTT-TTTT,4,4,0
430109973831492|82001|1,TTTT,T...,TTTT-T...,4,4,0
430109985954599|80001|2,TTTT,TTTT,TTTT-TTTT,4,4,0
430306494691380|82001|1,TTTT,E...,TTTT-E...,4,4,0
430409912190192|81001|2,TTTT,TTTT,TTTT-TTTT,4,4,0
430409922486199|80001|1,TTTT,TTTT,TTTT-TTTT,4,4,0
430606997384497|83001|4,TEEU,....,TEEU-....,4,1,2
430609923199349|81001|1,TTTT,EE.T,TTTT-EE.T,4,4,0
430609925250391|83001|1,NTTT,....,NTTT-....,4,3,1
430609936019690|81001|1,EE.T,TTTT,EE.T-TTTT,3,1,1
430609936019690|82001|2,TTTT,E...,TTTT-E...,4,4,0
430609959424399|81001|1,T...,....,T...-....,1,1,0
430609974197494|83001|1,TTTT,....,TTTT-....,4,4,0
430609974197494|83001|2,TTTT,....,TTTT-....,4,4,0
430700056910814|81001|1,TTTT,TTTT,TTTT-TTTT,4,4,0
430706933504699|80001|2,TTTT,NTTT,TTTT-NTTT,4,4,0
430709932475592|80001|1,TTTT,TTTT,TTTT-TTTT,4,4,0
430709952684791|80001|3,TTTT,TTTT,TTTT-TTTT,4,4,0
430709953362998|81001|1,TTTT,TT..,TTTT-TT..,4,4,0
430709969612999|80001|2,EEET,TTTT,EEET-TTTT,4,1,1
430806904969992|83001|1,NNTT,....,NNTT-....,4,2,1
430806996899396|80001|1,TTTT,TTTT,TTTT-TTTT,4,4,0
430809907755896|80001|2,TTTT,TTTT,TTTT-TTTT,4,4,0
430859099628429|80001|1,TTTN,TTTT,TTTN-TTTT,4,3,1
430906912785196|82001|2,TTTT,T...,TTTT-T...,4,4,0
430906998120296|80001|1,TTTT,....,TTTT-....,4,4,0
430909909202695|83001|2,TTTT,....,TTTT-....,4,4,0
430909914286197|80001|2,EETT,UUTT,EETT-UUTT,4,2,1
430909967748094|80001|2,TTTT,.TTT,TTTT-.TTT,4,4,0
430925067708994|83001|3,T...,....,T...-....,1,1,0
430949079627429|79001|1,TTTT,EEEE,TTTT-EEEE,4,4,0
430979069627429|80001|2,TTTT,TTTT,TTTT-TTTT,4,4,0
431190259500833|81001|1,TTTT,TTTT,TTTT-TTTT,4,4,0
431190259500833|83001|3,TTTT,....,TTTT-....,4,4,0
431400017688616|80001|1,TTTT,....,TTTT-....,4,4,0
431490259400833|82001|2,TTTT,EE..,TTTT-EE..,4,4,0
431531068909398|81001|1,TTTT,TTTT,TTTT-TTTT,4,4,0
431834084907694|80001|1,UTTT,TTTT,UTTT-TTTT,4,3,1
432727044909373|83001|1,TTTT,....,TTTT-....,4,4,0
433257015905594|83001|1,EETU,....,EETU-....,4,1,2
433286067908874|79001|2,TTTT,TTTT,TTTT-TTTT,4,4,0
433374539300881|83001|1,TTTT,....,TTTT-....,4,4,0
433497269800830|80001|1,TTTT,NNNN,TTTT-NNNN,4,4,0
433672087908197|83001|1,TT..,....,TT..-....,2,2,0
434195049300691|80001|1,EEET,....,EEET-....,4,1,1
434506070100133|80001|1,TEEE,ENN.,TEEE-ENN.,4,1,1
435092809600322|81001|2,TTTT,T...,TTTT-T...,4,4,0
435097079100891|83001|2,TTTT,....,TTTT-....,4,4,0
435291329500666|80001|1,T.TT,TTTT,T.TT-TTTT,3,3,0
435291329500666|81001|1,TTTT,TTTT,TTTT-TTTT,4,4,0
435291329500666|81001|2,TTTT,TTTT,TTTT-TTTT,4,4,0
435291329500666|82001|2,TTTT,TT..,TTTT-TT..,4,4,0
435311320300166|82001|1,TTTT,TT..,TTTT-TT..,4,4,0
435837056909492|82001|2,TTTT,....,TTTT-....,4,4,0
436198809200819|80001|1,TTTT,EEEE,TTTT-EEEE,4,4,0
436198809200819|82001|2,TTTT,EE..,TTTT-EE..,4,4,0
436463409800975|80001|1,TTTT,TTTT,TTTT-TTTT,4,4,0
437199519600850|80001|1,TEET,....,TEET-....,4,2,2
437396359600308|80001|1,TEEE,....,TEEE-....,4,1,1
437396359600308|83001|1,TTTT,....,TTTT-....,4,4,0
439399909600638|83001|1,T.UT,....,T.UT-....,3,2,2
439860414650924|83001|1,TTTT,....,TTTT-....,4,4,0
439990642340980|81001|1,TTTT,TTTT,TTTT-TTTT,4,4,0
440109926708592|80001|1,UUTT,UUUT,UUTT-UUUT,4,2,1
440109978685496|82001|2,TTT.,....,TTT.-....,3,3,0
440109985845993|81001|2,TTTT,TTTT,TTTT-TTTT,4,4,0
440206942571792|81001|2,TTTT,TTTT,TTTT-TTTT,4,4,0
440209913450192|81001|1,TTT.,EEEE,TTT.-EEEE,3,3,0
440209918560493|81001|3,TNNN,TTTT,TNNN-TTTT,4,1,1
440209932475592|82001|3,TTTT,T...,TTTT-T...,4,4,0
440209952955992|82001|1,TTTT,T...,TTTT-T...,4,4,0
440209958698145|82001|2,TTTT,T...,TTTT-T...,4,4,0
440409930465795|83001|2,TTTT,....,TTTT-....,4,4,0
440477090523389|80001|1,TTTT,T.TT,TTTT-T.TT,4,4,0
440509940228295|83001|1,TTTT,....,TTTT-....,4,4,0
440509955657290|83001|2,T.TT,....,T.TT-....,3,3,0
440509975069696|82001|1,TTTT,T...,TTTT-T...,4,4,0
440515072836689|83001|1,TTT.,....,TTT.-....,3,3,0
440606905627991|80001|2,UUTT,TTTT,UUTT-TTTT,4,2,1
440607987921492|83001|1,EETT,....,EETT-....,4,2,1
440607987921492|83001|2,ETTT,....,ETTT-....,4,3,1
440609920585999|81001|1,TTTT,TTTT,TTTT-TTTT,4,4,0
440609920585999|81001|2,TTTT,TTTT,TTTT-TTTT,4,4,0
440609953470395|81001|2,TTTT,TTTT,TTTT-TTTT,4,4,0
440609980037492|82001|2,TTTT,T...,TTTT-T...,4,4,0
440709971256998|81001|2,TTTT,TTTT,TTTT-TTTT,4,4,0
440800094709917|82001|1,TTTT,T...,TTTT-T...,4,4,0
440804062058359|83001|1,T...,....,T...-....,1,1,0
440806921311599|83001|1,UUTT,....,UUTT-....,4,2,1
440809902651190|81001|2,TTTT,TTTT,TTTT-TTTT,4,4,0
440809924747591|80001|2,TTTT,TTTT,TTTT-TTTT,4,4,0
440809931212293|81001|2,TTTT,TTTT,TTTT-TTTT,4,4,0
440809935048990|82001|3,TUTT,N...,TUTT-N...,4,3,2
440809935048990|83001|1,TTTT,....,TTTT-....,4,4,0
440809936946299|80001|2,TTTT,NNNN,TTTT-NNNN,4,4,0
440809936946299|81001|2,TEEE,EEEE,TEEE-EEEE,4,1,1
440809975899899|83001|2,EETT,....,EETT-....,4,2,1
440809996585599|81001|2,TENE,.EEE,TENE-.EEE,4,1,3
440824092012359|83001|2,NTNN,....,NTNN-....,4,1,2
440860090602369|82001|2,TTTT,NNN.,TTTT-NNN.,4,4,0
440879076422719|82001|1,TTTT,TTT.,TTTT-TTT.,4,4,0
440907090537389|83001|1,TT..,....,TT..-....,2,2,0
440907090537389|83001|3,TT..,....,TT..-....,2,2,0
440909972548391|82001|1,TTTT,T...,TTTT-T...,4,4,0
440910060627369|82001|2,TTTT,....,TTTT-....,4,4,0
440954092051359|83001|2,TTTT,....,TTTT-....,4,4,0
440960090611369|80001|2,TTTT,TTTT,TTTT-TTTT,4,4,0
440980090647369|80001|2,TTTT,NNNN,TTTT-NNNN,4,4,0
440989097447289|83001|1,TT..,....,TT..-....,2,2,0
441091509600903|83001|1,TTTT,....,TTTT-....,4,4,0
441091509600903|83001|2,TTTT,....,TTTT-....,4,4,0
441570259000933|80001|1,TTTT,TTTT,TTTT-TTTT,4,4,0
442599849300977|81001|1,TTTT,TTTT,TTTT-TTTT,4,4,0
442609010467001|82001|1,TTTT,TTTT,TTTT-TTTT,4,4,0
442609010467001|83001|1,TTTT,....,TTTT-....,4,4,0
442789013905972|83001|1,TE..,....,TE..-....,2,1,1
442789018909952|82001|1,TTTT,....,TTTT-....,4,4,0
442885047906098|82001|2,TE.E,....,TE.E-....,3,1,1
442960001906171|80001|5,TTTT,....,TTTT-....,4,4,0
443490659600908|81001|1,TTTT,TTTT,TTTT-TTTT,4,4,0
443577439600972|81001|2,TTTT,TTTN,TTTT-TTTN,4,4,0
443613043908490|81001|2,TEEE,TNNT,TEEE-TNNT,4,1,1
443613043908490|82001|1,TT..,....,TT..-....,2,2,0
444296079800933|80001|1,TTTT,TUEE,TTTT-TUEE,4,4,0
444296409300931|80001|1,NNTT,NTTT,NNTT-NTTT,4,2,1
444396919100719|83001|1,TTTE,....,TTTE-....,4,3,1
444496049000926|83001|1,TTTT,....,TTTT-....,4,4,0
444813031901990|80001|3,TTTE,....,TTTE-....,4,3,1
444813037908990|82001|2,TTTT,....,TTTT-....,4,4,0
445095069800744|80001|1,TTNT,TTTT,TTNT-TTTT,4,3,2
445295069600944|81001|1,TTT.,TTTT,TTT.-TTTT,3,3,0
446095296600032|80001|1,TTTT,TTTT,TTTT-TTTT,4,4,0
446393409600975|83001|1,TTTT,....,TTTT-....,4,4,0
447199669300941|80001|1,T...,....,T...-....,1,1,0
447199669300941|81001|1,TTTT,TTTT,TTTT-TTTT,4,4,0
447199669300941|83001|1,TTTT,....,TTTT-....,4,4,0
448195909800934|82001|1,TTTT,U...,TTTT-U...,4,4,0
448293819900986|80001|1,TTTT,TTTT,TTTT-TTTT,4,4,0
448293819900986|80001|2,TTTT,TTTT,TTTT-TTTT,4,4,0
448293819900986|81001|1,TTTT,TTTT,TTTT-TTTT,4,4,0
448669950909404|81001|2,TTTT,TTTT,TTTT-TTTT,4,4,0
449210767220952|81001|2,TNTT,TTTT,TNTT-TTTT,4,3,2
449393689100996|82001|2,TTTT,E...,TTTT-E...,4,4,0
449399909400938|81001|2,TTTT,T...,TTTT-T...,4,4,0
449880619500734|81001|2,TTTT,TTTT,TTTT-TTTT,4,4,0
449880619500734|82001|1,NNTN,TT..,NNTN-TT..,4,1,2
450009937384998|81001|1,TTT.,....,TTT.-....,3,3,0
450009979935795|83001|1,TTTT,....,TTTT-....,4,4,0
450009981509899|81001|1,TTTN,....,TTTN-....,4,3,1
450069098036059|79001|3,TTTT,TTTT,TTTT-TTTT,4,4,0
450106996469692|81001|1,TTTT,TTTT,TTTT-TTTT,4,4,0
450107972077098|80001|1,EETE,EE..,EETE-EE..,4,1,2
450109948086790|81001|2,TNTT,TTTT,TNTT-TTTT,4,3,2
450409954932393|80001|2,NTTT,TTTT,NTTT-TTTT,4,3,1
450409982820594|82001|1,TTTT,T...,TTTT-T...,4,4,0
450507920467497|81001|2,TTTT,TTTT,TTTT-TTTT,4,4,0
450509953648794|80001|2,TTTT,TTTT,TTTT-TTTT,4,4,0
450509968433390|81001|1,TTTT,TTTT,TTTT-TTTT,4,4,0
450509968433390|83001|1,TTTT,....,TTTT-....,4,4,0
450509987320494|83001|2,NNTT,....,NNTT-....,4,2,1
450606963719393|83001|2,TTTT,....,TTTT-....,4,4,0
450741093535199|83001|1,ETTT,....,ETTT-....,4,3,1
450766096507919|80001|1,TTTT,TTTT,TTTT-TTTT,4,4,0
450778093617847|83001|2,TT..,....,TT..-....,2,2,0
450866096502919|80001|1,TTTT,TTTT,TTTT-TTTT,4,4,0
450923092017369|82001|1,TTTT,....,TTTT-....,4,4,0
450925098023239|83001|1,TTTT,....,TTTT-....,4,4,0
450928063643849|81001|1,TTTT,TTTT,TTTT-TTTT,4,4,0
450951093533199|81001|2,TTTT,TTTT,TTTT-TTTT,4,4,0
450958093657849|80001|2,EETT,....,EETT-....,4,2,1
450963092043389|81001|2,TT..,....,TT..-....,2,2,0
450973062023369|82001|1,TTTT,TT..,TTTT-TT..,4,4,0
450973097147459|80001|2,TTTT,TTTT,TTTT-TTTT,4,4,0
450974079025329|83001|2,TTTT,....,TTTT-....,4,4,0
450986076507919|83001|2,TT..,....,TT..-....,2,2,0
451147058909797|80001|1,TTTT,.EEE,TTTT-.EEE,4,4,0
451613041901490|82001|1,TTTT,TTTT,TTTT-TTTT,4,4,0
451613041901490|82001|2,TTTT,TTTT,TTTT-TTTT,4,4,0
451834097001707|79001|2,TTTT,TTTT,TTTT-TTTT,4,4,0
452089062907491|81001|1,TTTT,TTTT,TTTT-TTTT,4,4,0
452107120800175|82001|1,NTNN,....,NTNN-....,4,1,2
452107120800175|83001|2,TTTT,....,TTTT-....,4,4,0
452430023908594|83001|2,TTTT,....,TTTT-....,4,4,0
452672083903197|81001|2,TTTT,TTTT,TTTT-TTTT,4,4,0
453294539500381|81001|2,TTTT,....,TTTT-....,4,4,0
453308210100119|82001|1,TTTT,....,TTTT-....,4,4,0
453308210100119|83001|2,NTNN,....,NTNN-....,4,1,2
454096079800833|82001|1,TTTT,....,TTTT-....,4,4,0
454106400000131|80001|1,TTTT,TTTT,TTTT-TTTT,4,4,0
454170084909193|83001|1,TTTT,....,TTTT-....,4,4,0
454170084909193|83001|2,TTTT,....,TTTT-....,4,4,0
454348024909678|82001|4,TETT,E...,TETT-E...,4,3,2
455430025001514|81001|2,TTTT,.EEE,TTTT-.EEE,4,4,0
456095296600732|83001|1,TTTT,....,TTTT-....,4,4,0
456193129700882|81001|1,TTTT,TTTT,TTTT-TTTT,4,4,0
456247970629003|82001|1,TTTT,....,TTTT-....,4,4,0
457200340800185|80001|2,ENNT,EEEE,ENNT-EEEE,4,1,2
457301830700190|81001|1,TTTT,T...,TTTT-T...,4,4,0
458469670259402|81001|2,TTTT,TTEE,TTTT-TTEE,4,4,0
458469670259402|83001|2,TT..,....,TT..-....,2,2,0
459210923840782|82001|2,TTTT,....,TTTT-....,4,4,0
459270714200943|82001|1,TTTT,T...,TTTT-T...,4,4,0
459940631160960|81001|1,TTNT,TEET,TTNT-TEET,4,3,2
460061092604947|80001|1,TTTT,TTTT,TTTT-TTTT,4,4,0
460131008221850|80001|1,TTTT,TTTT,TTTT-TTTT,4,4,0
460161002608940|79001|2,TTTT,TTTT,TTTT-TTTT,4,4,0
460181008206850|80001|2,TTTT,E...,TTTT-E...,4,4,0
460181066902494|79001|2,TTTT,TTTT,TTTT-TTTT,4,4,0
460274061905998|83001|1,TTTT,....,TTTT-....,4,4,0
460293669900963|82001|2,TTTT,....,TTTT-....,4,4,0
460298489800958|83001|2,TTT.,....,TTT.-....,3,3,0
460399037903295|81001|4,TTTT,TTNT,TTTT-TTNT,4,4,0
460561092601946|81001|1,TTTT,TTTT,TTTT-TTTT,4,4,0
460595083903995|81001|2,TTTT,TTTT,TTTT-TTTT,4,4,0
460831098228859|80001|1,TTTT,EEEE,TTTT-EEEE,4,4,0
460849076724019|80001|1,TTTT,TTTT,TTTT-TTTT,4,4,0
460881078202859|82001|1,TTTT,TTT.,TTTT-TTT.,4,4,0
460911078223859|82001|1,TTTT,TT..,TTTT-TT..,4,4,0
460990097211459|82001|1,NTTT,TTTT,NTTT-TTTT,4,3,1
461091308600766|82001|1,TTTN,....,TTTN-....,4,3,1
461190259000233|79001|1,E..T,TTTT,E..T-TTTT,2,1,1
461273679100962|81001|1,TTTT,TTTT,TTTT-TTTT,4,4,0
461470259400733|83001|1,TTT.,....,TTT.-....,3,3,0
461680086909798|82001|2,E.TT,....,E.TT-....,3,2,1
461932608026809|81001|2,TTTT,TTTT,TTTT-TTTT,4,4,0
461934098909095|80001|2,TTTT,....,TTTT-....,4,4,0
461992100036859|87001|1,T...,....,T...-....,1,1,0
462056034909993|80001|1,EETT,.E.E,EETT-.E.E,4,2,1
462079550699306|82001|2,UTTT,....,UTTT-....,4,3,1
462272399100925|80001|1,TTTT,TTTT,TTTT-TTTT,4,4,0
462399038909295|80001|1,UTNN,....,UTNN-....,4,1,2
462399849600977|81001|1,TTTT,TTTT,TTTT-TTTT,4,4,0
462577129500975|82001|1,TTTT,....,TTTT-....,4,4,0
463063043908697|80001|3,TNNN,NNNE,TNNN-NNNE,4,1,1
463063048907697|79001|2,TTTT,TTTT,TTTT-TTTT,4,4,0
463063048907697|82001|1,TTTT,....,TTTT-....,4,4,0
463064539400981|80001|1,TTTT,TTTT,TTTT-TTTT,4,4,0
463089062904491|82001|2,TTTT,TTT.,TTTT-TTT.,4,4,0
463199909900975|83001|1,TTT.,....,TTT.-....,3,3,0
463306073906794|83001|2,TTTT,....,TTTT-....,4,4,0
463306073906794|83001|3,TTTT,....,TTTT-....,4,4,0
463350054909993|83001|1,TTTT,....,TTTT-....,4,4,0
463436005908690|80001|2,TTTT,TTTT,TTTT-TTTT,4,4,0
463468022907895|80001|2,TTTT,TTTT,TTTT-TTTT,4,4,0
463475609100974|83001|2,TTT.,....,TTT.-....,3,3,0
463938800029869|83001|1,T...,....,T...-....,1,1,0
464306400300131|83001|2,TTT.,....,TTT.-....,3,3,0
464476919000919|83001|2,TTT.,....,TTT.-....,3,3,0
464958803052859|80001|2,TTTT,TTTT,TTTT-TTTT,4,4,0
464978908033829|83001|2,T...,....,T...-....,1,1,0
465065799500911|82001|1,TTTT,....,TTTT-....,4,4,0
465398129600978|79001|2,TTTN,NTTT,TTTN-NTTT,4,3,1
465495799200911|79001|1,TTTT,TTTT,TTTT-TTTT,4,4,0
465641014909398|83001|1,TTTT,....,TTTT-....,4,4,0
465641014909398|83001|2,TTTT,....,TTTT-....,4,4,0
465908808092739|81001|2,TTTT,....,TTTT-....,4,4,0
465998809025879|82001|1,TTTT,....,TTTT-....,4,4,0
466390479700936|82001|1,TTT.,....,TTT.-....,3,3,0
466463409000975|83001|1,TTN.,....,TTN.-....,3,2,1
466849570739300|80001|1,TTTT,TTTT,TTTT-TTTT,4,4,0
466904208052779|81001|1,TTTT,EEEE,TTTT-EEEE,4,4,0
466904308079009|80001|2,TTTT,TTTT,TTTT-TTTT,4,4,0
466948702067879|80001|3,TNEE,....,TNEE-....,4,1,2
466998909036889|81001|3,TTTT,TTTT,TTTT-TTTT,4,4,0
467179519500950|81001|2,TTTT,ETTT,TTTT-ETTT,4,4,0
467296119000947|79001|1,TTTT,TTTT,TTTT-TTTT,4,4,0
467296839100958|81001|1,TTTT,UEEE,TTTT-UEEE,4,4,0
467391879600931|79001|2,TT.T,....,TT.T-....,3,3,0
467496359900908|81001|1,TTTT,....,TTTT-....,4,4,0
467908306042629|81001|2,TTTT,TTTT,TTTT-TTTT,4,4,0
467912601019219|82001|1,TTTT,TTT.,TTTT-TTT.,4,4,0
467914406000899|83001|2,TTTT,....,TTTT-....,4,4,0
467933805088688|80001|1,TTTT,TTTT,TTTT-TTTT,4,4,0
467958303037889|79001|1,TTT.,....,TTT.-....,3,3,0
468396249600964|81001|2,TTTT,TTTT,TTTT-TTTT,4,4,0
468596249500964|81001|1,TTNN,TTNT,TTNN-TTNT,4,2,1
468942203075899|81001|2,TTTT,NENE,TTTT-NENE,4,4,0
468994901002839|83001|1,ETTT,....,ETTT-....,4,3,1
469077099800929|80001|1,TTTT,....,TTTT-....,4,4,0
469120979480943|80001|1,E.TT,EEE.,E.TT-EEE.,3,2,1
469120979480943|83001|1,TTTT,....,TTTT-....,4,4,0
469120979480943|83001|2,TTTT,....,TTTT-....,4,4,0
469149010449003|80001|1,TTTT,TTTT,TTTT-TTTT,4,4,0
469220345870960|81001|1,T.E.,....,T.E.-....,2,1,1
469400364410984|81001|1,TTTT,TTTT,TTTT-TTTT,4,4,0
469450301230944|80001|2,NNNT,NUNT,NNNT-NUNT,4,1,1
469450301230944|83001|1,TTTT,....,TTTT-....,4,4,0
469457002091029|80001|2,TTTT,TTTT,TTTT-TTTT,4,4,0
469750157720923|80001|1,TTTT,TTTT,TTTT-TTTT,4,4,0
469770560960982|79001|1,TTTT,....,TTTT-....,4,4,0
469860414650784|81001|2,TNNE,....,TNNE-....,4,1,2
469880619500724|80001|2,TTTT,TTNT,TTTT-TTNT,4,4,0
469904705061729|82001|1,TTTT,T...,TTTT-T...,4,4,0
470795073903279|81001|1,EE.T,....,EE.T-....,3,1,1
470913091853999|83001|1,TTTT,....,TTTT-....,4,4,0
470914609066427|83001|1,TTTT,....,TTTT-....,4,4,0
470925093243169|80001|1,TTTT,TTTT,TTTT-TTTT,4,4,0
470935063226164|81001|1,T.TT,TTTT,T.TT-TTTT,3,3,0
470939074955919|80001|2,TTTE,EEEE,TTTE-EEEE,4,3,1
470958091437849|80001|1,TTTT,TTTT,TTTT-TTTT,4,4,0
470982205099659|81001|1,ETTT,TTTT,ETTT-TTTT,4,3,1
470982205099659|83001|1,TTTT,....,TTTT-....,4,4,0
470984064345379|83001|2,TTTT,....,TTTT-....,4,4,0
471727041800393|81001|2,TTTT,TTNT,TTTT-TTNT,4,4,0
471912906090539|81001|1,TTTT,EEEE,TTTT-EEEE,4,4,0
471966409014099|81001|1,TTTT,TTTT,TTTT-TTTT,4,4,0
471966409014099|81001|2,TTTT,TTTT,TTTT-TTTT,4,4,0
472192949200641|82001|1,TTTT,....,TTTT-....,4,4,0
472435006907897|82001|2,TTTT,....,TTTT-....,4,4,0
472958505092599|79001|2,TTTT,TTTT,TTTT-TTTT,4,4,0
472985401075588|82001|1,TTTT,....,TTTT-....,4,4,0
473056034909963|83001|2,TTTT,....,TTTT-....,4,4,0
473374539800881|81001|1,TTTT,TTTT,TTTT-TTTT,4,4,0
473374539800881|82001|2,TTTT,....,TTTT-....,4,4,0
473929710189505|81001|2,TTTT,TT..,TTTT-TT..,4,4,0
474196408000831|81001|1,TUTT,TTTT,TUTT-TTTT,4,3,2
474196408000831|81001|2,NTTT,NNNT,NTTT-NNNT,4,3,1
474396409200331|82001|2,TTTT,....,TTTT-....,4,4,0
474809084909298|80001|1,TTTT,TTTT,TTTT-TTTT,4,4,0
474809084909298|81001|1,TTTT,TTTT,TTTT-TTTT,4,4,0
474833004909268|81001|2,NTTN,NNNN,NTTN-NNNN,4,2,2
475561324600966|80001|1,TTTT,TTTT,TTTT-TTTT,4,4,0
475565064000944|83001|2,TT..,....,TT..-....,2,2,0
475941307097428|82001|2,TTT.,....,TTT.-....,3,3,0
475968709066409|82001|1,TTTN,....,TTTN-....,4,3,1
476911806044451|83001|1,EETT,....,EETT-....,4,2,1
476916309060609|81001|1,TTTT,TTTT,TTTT-TTTT,4,4,0
476916309060609|81001|2,TTTT,TTTT,TTTT-TTTT,4,4,0
476942200009689|82001|1,TTTT,TTT.,TTTT-TTT.,4,4,0
477499519400150|81001|1,TTTT,TTTT,TTTT-TTTT,4,4,0
477499519400150|82001|2,TTTT,....,TTTT-....,4,4,0
477928306047599|80001|2,TTTT,TTTT,TTTT-TTTT,4,4,0
478938204086149|79001|2,TTTT,TTTT,TTTT-TTTT,4,4,0
478938204086149|81001|1,TEEE,EEEE,TEEE-EEEE,4,1,1
478998508015467|80001|2,NTTT,....,NTTT-....,4,3,1
479010091460972|82001|1,TTTT,....,TTTT-....,4,4,0
479300389410714|81001|4,TTT.,....,TTT.-....,3,3,0
479440807350932|80001|1,TT.N,TTTT,TT.N-TTTT,3,2,1
479690113040952|82001|1,TTTT,....,TTTT-....,4,4,0
479780990030932|82001|1,TUUU,EE..,TUUU-EE..,4,1,1
479860414650953|81001|1,TTTT,TTTT,TTTT-TTTT,4,4,0
479940631160950|83001|1,TTTT,....,TTTT-....,4,4,0
479958606026529|79001|1,TTTT,TTUT,TTTT-TTUT,4,4,0
479958606026529|82001|2,TTTT,....,TTTT-....,4,4,0
479960521980973|79001|2,TTTT,NTNE,TTTT-NTNE,4,4,0
480198687700970|83001|2,T...,....,T...-....,1,1,0
480342002302750|81001|1,TTTT,TTTT,TTTT-TTTT,4,4,0
480362097622929|80001|2,TTTT,TTTT,TTTT-TTTT,4,4,0
480743095737649|83001|1,TT..,....,TT..-....,2,2,0
480903075757649|79001|1,TTTT,TTTT,TTTT-TTTT,4,4,0
480910090451059|82001|3,TTTT,EEEE,TTTT-EEEE,4,4,0
480928078907439|83001|2,TT..,....,TT..-....,2,2,0
480932072337759|83001|1,T...,....,T...-....,1,1,0
480962092307759|80001|1,TTTT,TTTT,TTTT-TTTT,4,4,0
480963075751649|80001|2,TTTT,TTTT,TTTT-TTTT,4,4,0
480982097321519|80001|3,TTUT,....,TTUT-....,4,3,2
480982097617929|80001|1,TTTT,EEEE,TTTT-EEEE,4,4,0
480992062315759|82001|1,TNNN,....,TNNN-....,4,1,1
480992072307759|80001|2,TTTT,EEEE,TTTT-EEEE,4,4,0
482365439900917|82001|1,TE..,....,TE..-....,2,1,1
482365439900917|82001|2,TE..,....,TE..-....,2,1,1
483286068909894|81001|1,TT..,....,TT..-....,2,2,0
483398219100719|82001|2,TTTT,....,TTTT-....,4,4,0
483454056909493|79001|2,TTTT,TTTT,TTTT-TTTT,4,4,0
483497269800730|83001|1,T...,....,T...-....,1,1,0
483595086909995|80001|2,TTTT,TTTT,TTTT-TTTT,4,4,0
483595086909995|81001|1,TTTT,TTTT,TTTT-TTTT,4,4,0
484292069000718|82001|1,TTTT,....,TTTT-....,4,4,0
484339710847409|80001|1,TTTT,TTTT,TTTT-TTTT,4,4,0
484363064909162|83001|1,NNNT,....,NNNT-....,4,1,1
484466919600919|80001|2,TTTT,TTTT,TTTT-TTTT,4,4,0
484468028909895|82001|2,NTT.,....,NTT.-....,3,2,1
484704055001703|80001|1,TTTT,TTTT,TTTT-TTTT,4,4,0
484764028909790|80001|3,TTTU,....,TTTU-....,4,3,1
484790008909990|80001|2,TTTT,TTTT,TTTT-TTTT,4,4,0
486298809600719|80001|2,NNTT,TTTT,NNTT-TTTT,4,2,1
488194089200455|81001|2,TTTT,....,TTTT-....,4,4,0
488369389000927|80001|1,TTTT,TTTT,TTTT-TTTT,4,4,0
488860414650944|83001|1,ETTT,....,ETTT-....,4,3,1
489170686860963|79001|2,TTTT,TTTT,TTTT-TTTT,4,4,0
489170686860963|82001|1,TTTT,....,TTTT-....,4,4,0
489180724140983|83001|2,T...,....,T...-....,1,1,0
489390918420983|80001|2,NTTN,NTN.,NTTN-NTN.,4,2,2
489599610959305|82001|1,TTTT,TT..,TTTT-TT..,4,4,0
489650003830722|81001|1,T...,....,T...-....,1,1,0
489750157720962|80001|1,TTTT,TTTT,TTTT-TTTT,4,4,0
489750666900744|83001|1,UTT.,....,UTT.-....,3,2,1
489750666900744|83001|2,TTT.,....,TTT.-....,3,3,0
489770257660943|80001|1,NTTT,NNNN,NTTT-NNNN,4,3,1
489790266360744|80001|2,TTTT,TTTT,TTTT-TTTT,4,4,0
489810245680964|79001|1,TTTT,TTTT,TTTT-TTTT,4,4,0
489830325310964|81001|1,TT..,TT.T,TT..-TT.T,2,2,0
489830325310964|83001|1,TEE.,....,TEE.-....,3,1,1
489860254230983|80001|2,TTTT,EEEE,TTTT-EEEE,4,4,0
489920317620963|79001|2,TTTT,TTTT,TTTT-TTTT,4,4,0
489940390160724|87001|1,T...,....,T...-....,1,1,0
489940390160724|87001|2,T...,....,T...-....,1,1,0
489940631160983|81001|1,TTTT,TTTT,TTTT-TTTT,4,4,0
489940631160983|81001|2,TTTT,TTTT,TTTT-TTTT,4,4,0
489940631160983|81001|3,NUTT,....,NUTT-....,4,2,2
489940851380983|81001|2,TTTT,TEET,TTTT-TEET,4,4,0
490257013001514|82001|1,TTTT,TT..,TTTT-TT..,4,4,0
490257013001514|83001|2,TTTT,....,TTTT-....,4,4,0
490785090047899|79001|2,TT.T,.T..,TT.T-.T..,3,3,0
490834092907797|87001|1,T...,....,T...-....,1,1,0
490834092907797|87001|2,T...,....,T...-....,1,1,0
490834097906797|79001|2,EEET,....,EEET-....,4,1,1
490834097906797|80001|1,TTTT,EEEE,TTTT-EEEE,4,4,0
490834097906797|80001|3,TTTN,NTNT,TTTN-NTNT,4,3,1
490852093858339|80001|2,TT..,....,TT..-....,2,2,0
490895093036659|82001|3,TT.N,....,TT.N-....,3,2,1
490915100071898|81001|1,TTTT,TT..,TTTT-TT..,4,4,0
490915100071898|81001|2,TTTT,TT..,TTTT-TT..,4,4,0
490916807008729|79001|1,TTTT,TTTT,TTTT-TTTT,4,4,0
490916807008729|81001|2,TTTT,EEEE,TTTT-EEEE,4,4,0
490922309082849|82001|2,TTTT,NNN.,TTTT-NNN.,4,4,0
490924705037997|81001|2,TTTT,....,TTTT-....,4,4,0
490928802092269|83001|1,T...,....,T...-....,1,1,0
490934807042609|81001|1,TTTE,TTTE,TTTE-TTTE,4,3,1
490943004066838|81001|1,TTNN,EEEE,TTNN-EEEE,4,2,1
490952093853339|80001|2,TTTT,TTTT,TTTT-TTTT,4,4,0
490952505022519|80001|1,TTTT,TTTN,TTTT-TTTN,4,4,0
490956207019259|82001|2,TTTT,....,TTTT-....,4,4,0
490966409080829|80001|2,T.TT,TTT.,T.TT-TTT.,3,3,0
490975093033659|81001|2,TTTN,TTTT,TTTN-TTTT,4,3,1
490986408016699|81001|2,TTTT,TTTT,TTTT-TTTT,4,4,0
490994205079779|82001|2,TTTT,N...,TTTT-N...,4,4,0
490996409039189|79001|1,NNUT,TTTT,NNUT-TTTT,4,1,2
490998602030849|81001|1,TTTT,TTTT,TTTT-TTTT,4,4,0
491863104039856|83001|1,TTTT,....,TTTT-....,4,4,0
491866104039859|82001|1,NNTT,....,NNTT-....,4,2,1
491912607055259|82001|2,TTTT,TTT.,TTTT-TTT.,4,4,0
491912908096869|87001|3,T...,....,T...-....,1,1,0
491932906028239|82001|1,TTTT,TTT.,TTTT-TTT.,4,4,0
491936906028739|83001|2,TT..,....,TT..-....,2,2,0
491938906028539|80001|2,TTTT,TTTT,TTTT-TTTT,4,4,0
491946305059619|83001|1,TTT.,....,TTT.-....,3,3,0
491971906096146|82001|1,TTTT,TTTT,TTTT-TTTT,4,4,0
491972607034887|81001|2,TTTE,EEEE,TTTE-EEEE,4,3,1
491988408051549|81001|1,TTTE,TTTT,TTTE-TTTT,4,3,1
491988408051549|81001|2,TTTT,TTTT,TTTT-TTTT,4,4,0
491997405057401|83001|1,TT..,....,TT..-....,2,2,0
491998405081749|83001|2,T...,....,T...-....,1,1,0
492118076909195|80001|2,TTTT,TTTT,TTTT-TTTT,4,4,0
492279950309004|80001|2,NNNT,NNN.,NNNT-NNN.,4,1,1
492803201056498|83001|2,TTTT,....,TTTT-....,4,4,0
492901201056493|83001|2,TTTT,....,TTTT-....,4,4,0
492903606030816|82001|2,TEEE,EE..,TEEE-EE..,4,1,1
492906102042897|83001|2,TTT.,....,TTT.-....,3,3,0
492906201056492|81001|2,TTTT,TTTT,TTTT-TTTT,4,4,0
492906201056492|81001|3,TTTT,TTTT,TTTT-TTTT,4,4,0
492906201056492|82001|1,TTTT,....,TTTT-....,4,4,0
492906607096599|82001|1,TTTT,....,TTTT-....,4,4,0
492907201056490|79001|1,TTTT,TTTT,TTTT-TTTT,4,4,0
492908203010219|79001|1,TTTT,TTTT,TTTT-TTTT,4,4,0
492908203010219|79001|2,TTTT,TTTT,TTTT-TTTT,4,4,0
492954001010869|82001|2,TTTT,T...,TTTT-T...,4,4,0
492954505092299|82001|2,TTTT,T...,TTTT-T...,4,4,0
492974009006899|82001|1,TTTT,T...,TTTT-T...,4,4,0
492976009006894|80001|2,TTTT,TTTT,TTTT-TTTT,4,4,0
492977102093858|81001|1,TTTT,UNNN,TTTT-UNNN,4,4,0
492981105016276|82001|3,TTTT,UTTT,TTTT-UTTT,4,4,0
492982203099974|80001|2,TTTT,....,TTTT-....,4,4,0
492992908083859|81001|3,TTTT,TTTT,TTTT-TTTT,4,4,0
492992908083859|87001|2,T...,....,T...-....,1,1,0
492993100085848|81001|1,TTTT,....,TTTT-....,4,4,0
492998405058119|83001|2,T...,....,T...-....,1,1,0
493833002907298|83001|2,TTTE,....,TTTE-....,4,3,1
493904509014949|83001|1,TTTT,....,TTTT-....,4,4,0
493916502081847|81001|1,TTTT,TTTT,TTTT-TTTT,4,4,0
493923700016836|82001|1,TTTT,....,TTTT-....,4,4,0
493924700024879|81001|1,TN..,....,TN..-....,2,1,1
493942405083019|82001|2,T...,....,T...-....,1,1,0
493948603054699|81001|1,TTTT,.TTT,TTTT-.TTT,4,4,0
493964708037819|82001|1,TTTT,T...,TTTT-T...,4,4,0
493964708037819|82001|7,TTTT,....,TTTT-....,4,4,0
493976900015559|80001|1,TTTT,TTNN,TTTT-TTNN,4,4,0
493982304048869|87001|1,T...,....,T...-....,1,1,0
493992802003259|80001|2,TTTT,TTTT,TTTT-TTTT,4,4,0
493992802003259|82001|1,TTTT,TTT.,TTTT-TTT.,4,4,0
493994306056907|82001|1,TTTT,T...,TTTT-T...,4,4,0
493996406073889|82001|1,TTTT,....,TTTT-....,4,4,0
493996406073889|83001|2,TTT.,....,TTT.-....,3,3,0
494350052909963|80001|2,TTTT,TT.T,TTTT-TT.T,4,4,0
494350052909963|83001|1,TTTT,....,TTTT-....,4,4,0
494641013906398|81001|2,TTTT,TTTT,TTTT-TTTT,4,4,0
494641013906398|82001|1,TTTT,TT..,TTTT-TT..,4,4,0
494641013906398|82001|2,TTTT,TT..,TTTT-TT..,4,4,0
494641016909398|80001|2,TTTT,....,TTTT-....,4,4,0
494912406029109|87001|2,T...,....,T...-....,1,1,0
494912406029804|82001|1,TTTT,.TT.,TTTT-.TT.,4,4,0
494917406029803|82001|2,TTTT,....,TTTT-....,4,4,0
494934503044739|83001|2,TTTT,....,TTTT-....,4,4,0
494944407037839|80001|1,TTTT,TTTT,TTTT-TTTT,4,4,0
494952803052859|81001|2,TTTT,....,TTTT-....,4,4,0
494952803052859|81001|3,TTTT,....,TTTT-....,4,4,0
494964009092699|82001|1,TTTT,E...,TTTT-E...,4,4,0
494964009092699|82001|2,TTTN,T...,TTTN-T...,4,3,1
494968402068449|80001|2,TTTT,TTTT,TTTT-TTTT,4,4,0
494981405093276|80001|1,NTN.,NNEE,NTN.-NNEE,3,1,2
494982100097839|80001|2,TTTT,TUU.,TTTT-TUU.,4,4,0
494995503042588|80001|1,TTTT,TTTT,TTTT-TTTT,4,4,0
495902107068969|82001|2,TTTT,TTT.,TTTT-TTT.,4,4,0
495902107068969|82001|3,TTTT,....,TTTT-....,4,4,0
495913201077648|82001|2,TTTT,NE..,TTTT-NE..,4,4,0
495923607049248|80001|1,TTTT,TTTT,TTTT-TTTT,4,4,0
495927001060785|80001|1,TTTN,....,TTTN-....,4,3,1
495927001060785|81001|1,TTTT,TTTT,TTTT-TTTT,4,4,0
495928006033939|81001|2,NNTN,TNTT,NNTN-TNTT,4,1,2
495936304092799|81001|2,TTTT,TTTT,TTTT-TTTT,4,4,0
495942000087239|83001|1,T...,....,T...-....,1,1,0
495944308090809|83001|3,TTTT,....,TTTT-....,4,4,0
495946204088569|81001|2,TTTT,.TTT,TTTT-.TTT,4,4,0
495947000087238|80001|1,TTTT,EEEE,TTTT-EEEE,4,4,0
495947000087238|80001|2,TTTT,TTTT,TTTT-TTTT,4,4,0
495947000087238|81001|1,TTTT,TTNT,TTTT-TTNT,4,4,0
495958200031629|82001|2,TTTT,....,TTTT-....,4,4,0
495958200031629|83001|1,T...,....,T...-....,1,1,0
495966403007989|79001|1,TT.T,TTTT,TT.T-TTTT,3,3,0
495966502052549|79001|1,TTTT,TTTT,TTTT-TTTT,4,4,0
495968104047719|79001|1,TTTT,TTTE,TTTT-TTTE,4,4,0
495968104047719|81001|1,ETTT,TUUE,ETTT-TUUE,4,3,1
495968104047719|83001|1,T...,....,T...-....,1,1,0
495968302089279|80001|2,TTTT,TTTT,TTTT-TTTT,4,4,0
495986905096269|79001|1,TTTT,TTTT,TTTT-TTTT,4,4,0
495994109014812|82001|2,TTTT,T...,TTTT-T...,4,4,0
495996800081799|83001|2,TTT.,....,TTT.-....,3,3,0
496099110009301|82001|2,TTTT,EEEE,TTTT-EEEE,4,4,0
496149210859305|83001|2,TTTN,....,TTTN-....,4,3,1
496892608017849|80001|2,TNTT,TTTT,TNTT-TTTT,4,3,2
496901208052978|82001|1,TENN,EEEE,TENN-EEEE,4,1,2
496913806044451|80001|2,TUNT,TTTT,TUNT-TTTT,4,2,3
496914006080839|80001|1,TTEE,TTEE,TTEE-TTEE,4,2,1
496924601025859|81001|1,TTTT,TTTT,TTTT-TTTT,4,4,0
496924601025859|82001|1,TTTT,T...,TTTT-T...,4,4,0
496924806053159|83001|2,TTTT,....,TTTT-....,4,4,0
496926503006229|82001|3,TTTT,....,TTTT-....,4,4,0
496932609058889|82001|2,E.TT,EEE.,E.TT-EEE.,3,2,1
496932809021879|82001|1,TTTT,TTT.,TTTT-TTT.,4,4,0
496942409095847|81001|1,TTTT,TTTT,TTTT-TTTT,4,4,0
496948409095844|81001|2,UUTT,....,UUTT-....,4,2,1
496953307048626|80001|1,TTTT,TTTT,TTTT-TTTT,4,4,0
496958005091239|83001|1,T...,....,T...-....,1,1,0
496963004044148|80001|1,TTTT,TTTT,TTTT-TTTT,4,4,0
496976106026819|79001|1,TEEE,EEEE,TEEE-EEEE,4,1,1
496982706082217|83001|1,TTTT,....,TTTT-....,4,4,0
496982706082217|83001|2,ETEE,....,ETEE-....,4,1,2
496993608017848|81001|2,TTNT,.EEE,TTNT-.EEE,4,3,2
497902404007729|80001|1,TNTU,EEEN,TNTU-EEEN,4,2,3
497914607059229|83001|2,TTTT,....,TTTT-....,4,4,0
497918504077449|81001|2,TTTT,TTTT,TTTT-TTTT,4,4,0
497924007061927|82001|4,TTTT,T...,TTTT-T...,4,4,0
497932000099139|80001|1,TTTU,TTUT,TTTU-TTUT,4,3,1
497934000099879|81001|2,TTTT,TTTT,TTTT-TTTT,4,4,0
497934000099879|83001|1,EETE,....,EETE-....,4,1,2
497955706027268|81001|2,TNTT,TTTT,TNTT-TTTT,4,3,2
497958206082849|82001|2,NTTN,....,NTTN-....,4,2,2
497974907092229|83001|1,TTTT,....,TTTT-....,4,4,0
497981304098438|82001|2,TTTT,NTTT,TTTT-NTTT,4,4,0
497983601046638|80001|1,TTTT,TTTT,TTTT-TTTT,4,4,0
497983601046638|80001|2,EEET,EEET,EEET-EEET,4,1,1
497983609097918|80001|2,TTTT,TNTT,TTTT-TNTT,4,4,0
498059270389404|81001|1,UTTT,EEE.,UTTT-EEE.,4,3,1
498180010240954|82001|1,TTTT,....,TTTT-....,4,4,0
498198530979407|81001|1,TTTT,TTTT,TTTT-TTTT,4,4,0
498198530979407|81001|2,TTTT,TTTT,TTTT-TTTT,4,4,0
498912102000447|87001|2,T...,....,T...-....,1,1,0
498915102000440|81001|3,TTTT,....,TTTT-....,4,4,0
498915905090438|83001|1,TTTT,....,TTTT-....,4,4,0
498923501077246|83001|2,TTTT,....,TTTT-....,4,4,0
498931204086148|80001|3,TTTT,EE..,TTTT-EE..,4,4,0
498931204086148|82001|1,T...,....,T...-....,1,1,0
498935609065286|83001|1,TTTT,....,TTTT-....,4,4,0
498952009087269|82001|2,EEET,TEE.,EEET-TEE.,4,1,1
498952208094859|87001|2,T...,....,T...-....,1,1,0
498961100015228|80001|1,EE.T,EEEE,EE.T-EEEE,3,1,1
498962100015529|80001|2,TTTT,NNNN,TTTT-NNNN,4,4,0
498974007065179|80001|1,TTTT,TTTT,TTTT-TTTT,4,4,0
498993807024508|80001|2,EE.T,....,EE.T-....,3,1,1
498994700090139|81001|1,E.TT,..EE,E.TT-..EE,3,2,1
498996106057209|79001|1,TTTT,TTTT,TTTT-TTTT,4,4,0
499030602620973|80001|2,TTTT,TTTT,TTTT-TTTT,4,4,0
499030602620973|81001|1,TTTT,TTTT,TTTT-TTTT,4,4,0
499100920950630|81001|1,TTTT,TTTT,TTTT-TTTT,4,4,0
499100998080953|80001|3,TTTT,....,TTTT-....,4,4,0
499100998080953|82001|2,TTTT,....,TTTT-....,4,4,0
499120979480973|79001|2,TTTT,TTTT,TTTT-TTTT,4,4,0
499120979480973|81001|1,TTTT,TTTT,TTTT-TTTT,4,4,0
499180425690915|83001|2,TTTT,....,TTTT-....,4,4,0
499200159750655|82001|4,TTEE,....,TTEE-....,4,2,1
499220989370953|81001|1,TNNN,NNNN,TNNN-NNNN,4,1,1
499280924720955|81001|1,TTTT,....,TTTT-....,4,4,0
499310549510732|82001|2,TTTT,TT..,TTTT-TT..,4,4,0
499320369360655|81001|1,TTTT,TTTT,TTTT-TTTT,4,4,0
499330340410973|80001|2,T...,....,T...-....,1,1,0
499330340410973|82001|2,TTNT,....,TTNT-....,4,3,2
499350947720974|83001|1,TT..,....,TT..-....,2,2,0
499400364410712|82001|1,TTTT,TTTT,TTTT-TTTT,4,4,0
499410584450685|81001|1,TTTT,TTTT,TTTT-TTTT,4,4,0
499480580480912|82001|3,TT.T,EE..,TT.T-EE..,3,3,0
499490824520675|81001|2,TTTT,TTTT,TTTT-TTTT,4,4,0
499530968230973|81001|2,ETEE,EEEE,ETEE-EEEE,4,1,2
499540492380915|82001|1,TTTT,TTTT,TTTT-TTTT,4,4,0
499540572250734|83001|2,UUTT,....,UUTT-....,4,2,1
499540572250953|81001|1,TTTT,TTTT,TTTT-TTTT,4,4,0
499580737180675|79001|2,TTTT,TTTT,TTTT-TTTT,4,4,0
499680635980973|82001|2,TTTT,....,TTTT-....,4,4,0
499680635980973|83001|2,TT..,....,TT..-....,2,2,0
499690854550915|82001|2,TTTT,TTTT,TTTT-TTTT,4,4,0
499750157720734|81001|1,TTTT,TTTT,TTTT-TTTT,4,4,0
499760000820732|82001|2,TTTT,TT..,TTTT-TT..,4,4,0
499760882610670|81001|2,UUTT,UUTT,UUTT-UUTT,4,2,1
499770113960913|80001|1,TTNN,NNNN,TTNN-NNNN,4,2,1
499770257660975|83001|2,TT..,....,TT..-....,2,2,0
499790266360913|82001|2,TTTT,TTTT,TTTT-TTTT,4,4,0
499790735590954|82001|1,TTTT,....,TTTT-....,4,4,0
499810245680914|80001|2,TTTN,NNNN,TTTN-NNNN,4,3,1
499810323980975|80001|4,TTTT,TTTT,TTTT-TTTT,4,4,0
499810323980975|81001|1,TTTT,TTTT,TTTT-TTTT,4,4,0
499860254230974|79001|2,TTTT,TTTT,TTTT-TTTT,4,4,0
499860254230974|81001|1,TEEE,E...,TEEE-E...,4,1,1
499901705061928|83001|2,TTTT,....,TTTT-....,4,4,0
499906705061927|79001|1,TTTT,EEEE,TTTT-EEEE,4,4,0
499906705061927|82001|1,TTTT,....,TTTT-....,4,4,0
499906901037739|83001|2,TTT.,....,TTT.-....,3,3,0
499907707060298|79001|2,TTTT,TTTT,TTTT-TTTT,4,4,0
499908707060599|80001|2,TNNN,NNNN,TNNN-NNNN,4,1,1
499918600013449|80001|4,TTTT,....,TTTT-....,4,4,0
499919750269305|83001|3,TTTT,....,TTTT-....,4,4,0
499930015260675|80001|2,TTTT,TTTT,TTTT-TTTT,4,4,0
499930015260675|82001|1,TTTT,....,TTTT-....,4,4,0
499936207005802|79001|1,EETE,EEEE,EETE-EEEE,4,1,2
499937207005800|83001|2,TT..,....,TT..-....,2,2,0
499942908044879|87001|1,T...,....,T...-....,1,1,0
499944600049867|83001|1,TTTT,....,TTTT-....,4,4,0
499947805005108|83001|2,TT..,....,TT..-....,2,2,0
499956905007279|81001|2,TTTT,TTTT,TTTT-TTTT,4,4,0
499956905007279|83001|1,TTT.,....,TTT.-....,3,3,0
499958407015019|80001|2,TTTT,TTTT,TTTT-TTTT,4,4,0
499966506021879|82001|1,TTTT,....,TTTT-....,4,4,0
499966703026467|79001|1,TTTT,....,TTTT-....,4,4,0
499968103052819|80001|1,TTTT,EEEE,TTTT-EEEE,4,4,0
499980910530912|83001|1,TTTN,....,TTTN-....,4,3,1
499998106098879|80001|1,TTTT,TTTT,TTTT-TTTT,4,4,0
500051207019051|81001|2,TTTT,T...,TTTT-T...,4,4,0
500116014424450|83001|2,TTTT,....,TTTT-....,4,4,0
500126004426450|79001|2,TTTT,TT.T,TTTT-TT.T,4,4,0
500164004906140|81001|1,TTTT,TTTT,TTTT-TTTT,4,4,0
500164004906140|82001|1,TTTT,....,TTTT-....,4,4,0
500409952955962|80001|2,TTTT,TTTT,TTTT-TTTT,4,4,0
500466094431459|80001|1,TUUU,E...,TUUU-E...,4,1,1
500609783456507|83001|1,TTTT,....,TTTT-....,4,4,0
500609797800169|81001|1,TTTT,TTTT,TTTT-TTTT,4,4,0
500609797800169|82001|2,TTTT,....,TTTT-....,4,4,0
500609821946684|82001|1,TTTT,....,TTTT-....,4,4,0
500609906877564|80001|1,NTUT,...E,NTUT-...E,4,2,3
500609914031111|81001|1,TTTT,TTTT,TTTT-TTTT,4,4,0
500609924831962|80001|2,TTTT,TTTT,TTTT-TTTT,4,4,0
500635091558999|80001|1,TTUU,TTTT,TTUU-TTTT,4,2,1
500734099251659|81001|2,TNNE,....,TNNE-....,4,1,2
500794099235659|81001|1,TTTT,TTTT,TTTT-TTTT,4,4,0
500806424831992|81001|1,TTTE,EEE.,TTTE-EEE.,4,3,1
500806424831992|81001|2,TTTT,....,TTTT-....,4,4,0
500838093912979|80001|1,TTTT,.EE.,TTTT-.EE.,4,4,0
500904079227659|83001|2,TT..,....,TT..-....,2,2,0
500906064455459|81001|1,TTNN,NNNN,TTNN-NNNN,4,2,1
500906064457454|80001|1,TTTT,EEEE,TTTT-EEEE,4,4,0
500907918096567|81001|2,TTNT,...E,TTNT-...E,4,3,2
500907918096567|81001|3,TTTN,...T,TTTN-...T,4,3,1
500907937384988|82001|1,TTTT,....,TTTT-....,4,4,0
500907946450485|82001|1,TTTT,....,TTTT-....,4,4,0
500914094937149|79001|1,TTTT,TTTT,TTTT-TTTT,4,4,0
500915071533999|83001|2,TTTT,....,TTTT-....,4,4,0
500928066802349|87001|1,T...,....,T...-....,1,1,0
500928066802349|87001|2,T...,....,T...-....,1,1,0
500928093941979|83001|1,TTNN,....,TTNN-....,4,2,1
500939098551489|80001|1,TEEE,EEEE,TEEE-EEEE,4,1,1
500943091123429|82001|1,TTTT,TT..,TTTT-TT..,4,4,0
500956064445459|81001|1,TTTT,TTTT,TTTT-TTTT,4,4,0
500969093931759|82001|1,TTTT,TTTT,TTTT-TTTT,4,4,0
500972090621289|83001|2,TTTT,....,TTTT-....,4,4,0
500974069233659|83001|1,TTT.,....,TTT.-....,3,3,0
500984069227659|80001|2,TTTT,TTTT,TTTT-TTTT,4,4,0
500984094911149|80001|2,ETNN,TTNT,ETNN-TTNT,4,1,2
500987091711069|80001|1,TTTT,...T,TTTT-...T,4,4,0
500988064145259|83001|1,TTTT,....,TTTT-....,4,4,0
500988064145259|83001|2,TTTT,....,TTTT-....,4,4,0
501006494100352|83001|1,TTTT,....,TTTT-....,4,4,0
501007171106966|82001|2,TTTT,TTTT,TTTT-TTTT,4,4,0
501008964106286|80001|1,TTTT,TTTT,TTTT-TTTT,4,4,0
501704502894463|82001|2,TTTT,TTTT,TTTT-TTTT,4,4,0
501900273893146|83001|1,TNTT,....,TNTT-....,4,3,2
501900453190896|80001|4,TTTT,EEEE,TTTT-EEEE,4,4,0
501903953891236|83001|2,TTTE,....,TTTE-....,4,3,1
501904651387301|83001|1,TTTT,....,TTTT-....,4,4,0
502008102042391|80001|2,TTTT,TTTT,TTTT-TTTT,4,4,0
502075401000171|83001|2,TTTT,....,TTTT-....,4,4,0
502349560129403|82001|1,TTTT,....,TTTT-....,4,4,0
502365016909066|82001|2,TTTT,....,TTTT-....,4,4,0
502365016909066|83001|1,TTT.,....,TTT.-....,3,3,0
502551033001009|82001|2,TTTT,....,TTTT-....,4,4,0
502551033001009|82001|3,TTTT,.E..,TTTT-.E..,4,4,0
502605245997140|80001|2,TTTT,TTTT,TTTT-TTTT,4,4,0
502605245997140|81001|1,TTTT,.TTT,TTTT-.TTT,4,4,0
502607693993555|80001|1,TTTT,TTTT,TTTT-TTTT,4,4,0
502609434997288|80001|1,TTTT,EEEE,TTTT-EEEE,4,4,0
502704654997304|81001|1,TTTT,TTTT,TTTT-TTTT,4,4,0
502709263794183|80001|2,TTTT,TTTT,TTTT-TTTT,4,4,0
502709263794183|80001|4,NNTT,EEEE,NNTT-EEEE,4,2,1
502794078907779|82001|2,TTT.,....,TTT.-....,3,3,0
502814027001617|82001|1,TTTT,....,TTTT-....,4,4,0
502900721998853|81001|2,TTTT,....,TTTT-....,4,4,0
502901074993338|80001|1,TTTT,TTTT,TTTT-TTTT,4,4,0
502901370996306|81001|1,TTT.,NNNN,TTT.-NNNN,3,3,0
502904500994469|87001|1,T...,....,T...-....,1,1,0
502904913992676|83001|1,TTTT,....,TTTT-....,4,4,0
502905604995556|83001|2,ETTT,....,ETTT-....,4,3,1
502906731999943|80001|2,TTTT,ENEE,TTTT-ENEE,4,4,0
502907171996967|80001|2,TEE.,EEUN,TEE.-EEUN,3,1,1
502907402998781|87001|2,T...,....,T...-....,1,1,0
502907994992858|82001|2,TTTT,TTT.,TTTT-TTT.,4,4,0
502909265994183|81001|1,TTTT,TTTT,TTTT-TTTT,4,4,0
502909350997799|81001|1,NNNT,EEEE,NNNT-EEEE,4,1,1
502977064909776|80001|1,TTTT,TTTT,TTTT-TTTT,4,4,0
503019660309301|83001|2,TTT.,....,TTT.-....,3,3,0
503606981941585|83001|1,TTTT,....,TTTT-....,4,4,0
503607483943223|80001|2,TTTT,TTTT,TTTT-TTTT,4,4,0
503608465942810|82001|1,TTTT,TT..,TTTT-TT..,4,4,0
503708963396283|83001|1,TTNN,....,TTNN-....,4,2,1
503901821691542|83001|2,TEEE,....,TEEE-....,4,1,1
503906132696425|80001|1,TTTT,TTTT,TTTT-TTTT,4,4,0
503906132696425|83001|1,TTTT,....,TTTT-....,4,4,0
503906984691582|82001|2,TNNN,NN..,TNNN-NN..,4,1,1
503909940399856|82001|2,TTTT,TT..,TTTT-TT..,4,4,0
503933038909992|80001|2,TTTT,TTTT,TTTT-TTTT,4,4,0
504600270993141|82001|1,TTTT,E...,TTTT-E...,4,4,0
504600270993141|82001|2,TTTT,T...,TTTT-T...,4,4,0
504706980991589|81001|2,TTTT,EEEE,TTTT-EEEE,4,4,0
504708853999708|83001|1,TTTT,....,TTTT-....,4,4,0
504900271483141|80001|1,TTTT,TTTT,TTTT-TTTT,4,4,0
504906491790358|83001|1,TTTT,....,TTTT-....,4,4,0
504908462792813|82001|1,TTTT,T...,TTTT-T...,4,4,0
505000372100290|82001|1,TTTT,....,TTTT-....,4,4,0
505007500109396|81001|1,TTTT,TTTT,TTTT-TTTT,4,4,0
505106085906978|82261|2,TTTT,....,TTTT-....,4,4,0
505332087001710|80001|1,TTTT,TTTT,TTTT-TTTT,4,4,0
505374035409561|80001|3,ETTT,EEEE,ETTT-EEEE,4,3,1
505602603891189|81001|2,TTNT,TTTN,TTNT-TTTN,4,3,2
505682068408860|82001|1,TTTT,....,TTTT-....,4,4,0
505682068408860|82001|2,TTTT,....,TTTT-....,4,4,0
505708462892814|83001|1,TTTT,....,TTTT-....,4,4,0
505900630593256|82001|1,TTT.,....,TTT.-....,3,3,0
505900630593256|82001|2,TTT.,....,TTT.-....,3,3,0
505901372896307|80001|1,TTTT,TTTT,TTTT-TTTT,4,4,0
505901372896307|80001|2,TTTT,TTTT,TTTT-TTTT,4,4,0
505902113699636|82001|2,TTTT,....,TTTT-....,4,4,0
505904941894383|80001|2,TTTT,TTTT,TTTT-TTTT,4,4,0
505904941894383|81001|2,TTTT,EEEE,TTTT-EEEE,4,4,0
505905263899781|82001|1,TTT.,....,TTT.-....,3,3,0
505907483593224|81001|1,ETT.,....,ETT.-....,3,2,1
505907483593224|81001|2,ETT.,....,ETT.-....,3,2,1
505909751897617|83001|1,TTTT,....,TTTT-....,4,4,0
505961071409468|81001|1,TTTT,TTTT,TTTT-TTTT,4,4,0
505961074909468|83001|1,TTTT,....,TTTT-....,4,4,0
506075103010341|83001|1,TTTT,....,TTTT-....,4,4,0
506209320269306|83001|1,TTTT,....,TTTT-....,4,4,0
506369480009006|79001|1,TTTT,TTTT,TTTT-TTTT,4,4,0
506369480009006|79001|2,TTTT,TTTT,TTTT-TTTT,4,4,0
506604454991730|79001|1,TTTT,N...,TTTT-N...,4,4,0
506606133996426|80001|2,TTTT,TTTT,TTTT-TTTT,4,4,0
506608142993253|80001|1,TTTT,TTTT,TTTT-TTTT,4,4,0
506608142993253|80001|2,TTTT,TTTT,TTTT-TTTT,4,4,0
506608884995770|81001|1,TTTT,TTTT,TTTT-TTTT,4,4,0
506608884995770|81001|2,TTTT,TTTT,TTTT-TTTT,4,4,0
506609943999850|79001|1,TTTT,TTTT,TTTT-TTTT,4,4,0
506701235993831|80001|2,TTTT,TTTT,TTTT-TTTT,4,4,0
506708393996683|80001|1,TTTT,.TTT,TTTT-.TTT,4,4,0
506708393996683|81001|2,TTTT,TTTT,TTTT-TTTT,4,4,0
506900550792866|79001|2,TTTT,....,TTTT-....,4,4,0
506901573991497|79001|1,NTTT,NNNN,NTTT-NNNN,4,3,1
506901573991497|83001|2,TTT.,....,TTT.-....,3,3,0
506902604791182|83001|2,TTT.,....,TTT.-....,3,3,0
506903441990242|81001|2,TEEE,NNNN,TEEE-NNNN,4,1,1
506904700993531|79001|1,TTTT,TTTT,TTTT-TTTT,4,4,0
506905263999789|80001|1,TTTT,ENNN,TTTT-ENNN,4,4,0
506906982791584|81001|2,TNNN,NNNN,TNNN-NNNN,4,1,1
506906982991583|79001|1,TTTT,EEEE,TTTT-EEEE,4,4,0
506908142994101|79001|2,TTTT,....,TTTT-....,4,4,0
507002074106638|82001|1,TTTT,....,TTTT-....,4,4,0
507109350107798|82001|1,TTTT,....,TTTT-....,4,4,0
507605242947143|81001|1,TNNN,NNNN,TNNN-NNNN,4,1,1
507701230593839|81001|1,ETTT,....,ETTT-....,4,3,1
507708462692813|82001|1,T.TT,....,T.TT-....,3,3,0
507708462692813|82001|2,T.TT,....,T.TT-....,3,3,0
507709263694183|83001|1,TT..,....,TT..-....,2,2,0
507900453890896|82001|1,TTTT,....,TTTT-....,4,4,0
507902075896635|79001|2,TTNE,TTTT,TTNE-TTTT,4,2,2
507904651087301|81001|1,EE.T,..EE,EE.T-..EE,3,1,1
507905171895618|79001|1,TEEE,EEEE,TEEE-EEEE,4,1,1
507906980691589|81001|1,TTTT,..TT,TTTT-..TT,4,4,0
507909350897799|83001|2,TT..,....,TT..-....,2,2,0
508169280069403|81001|1,TTTT,TTTT,TTTT-TTTT,4,4,0
508603445890240|81001|2,TTTT,....,TTTT-....,4,4,0
508604651997307|79001|2,TTTT,TTTT,TTTT-TTTT,4,4,0
508703440790249|81001|3,TTTT,TUTT,TTTT-TUTT,4,4,0
508706981791585|81001|1,TTTT,NTTT,TTTT-NTTT,4,4,0
508900551992863|80001|1,TTTT,EEEE,TTTT-EEEE,4,4,0
508903442790245|79001|1,TTTT,EEEE,TTTT-EEEE,4,4,0
508904491999467|82001|2,TTNN,....,TTNN-....,4,2,1
508905601995556|80001|1,TTTT,TTTT,TTTT-TTTT,4,4,0
508906121990938|80001|2,TTTT,TTTT,TTTT-TTTT,4,4,0
508906491990353|81001|1,TTTT,ENEE,TTTT-ENEE,4,4,0
508906981291580|80001|1,TTTT,NNNN,TTTT-NNNN,4,4,0
508907504999398|81001|1,TTT.,....,TTT.-....,3,3,0
508907771996083|82001|2,TTTT,....,TTTT-....,4,4,0
508907771996083|83001|1,T...,....,T...-....,1,1,0
508908781799513|79001|1,TTT.,TTTT,TTT.-TTTT,3,3,0
508909595997246|79001|2,TTTT,TTTT,TTTT-TTTT,4,4,0
508909595997246|80001|1,TTTT,TTTT,TTTT-TTTT,4,4,0
508909595997246|80001|2,TTTT,TTTT,TTTT-TTTT,4,4,0
509078707001161|83001|2,T...,....,T...-....,1,1,0
509580195860941|81001|1,TT..,....,TT..-....,2,2,0
509580195860941|81001|2,TT..,....,TT..-....,2,2,0
510109930465755|83001|1,TTTT,....,TTTT-....,4,4,0
510150183390043|83001|1,T...,....,T...-....,1,1,0
510162007838940|81001|2,ETTT,NTTT,ETTT-NTTT,4,3,1
510209931717137|82001|2,TTTT,....,TTTT-....,4,4,0
510209968695950|82001|2,TTTT,....,TTTT-....,4,4,0
510209970526363|81001|2,TEE.,....,TEE.-....,3,1,1
510210269230044|81001|2,TTTT,TTTT,TTTT-TTTT,4,4,0
510240092350181|83001|1,T...,....,T...-....,1,1,0
510370427690084|81001|1,TTTT,TTTT,TTTT-TTTT,4,4,0
510390150550080|82001|2,TTTT,....,TTTT-....,4,4,0
510770727840085|81001|1,TTTT,TTTT,TTTT-TTTT,4,4,0
510810091542749|82001|1,UTTT,UTT.,UTTT-UTT.,4,3,1
510823092046269|80001|1,TTTT,....,TTTT-....,4,4,0
510897063226419|80001|2,EETT,EEEE,EETT-EEEE,4,2,1
510947071223489|80001|2,TTTT,TTTT,TTTT-TTTT,4,4,0
510986095043109|80001|1,TTTT,TTTT,TTTT-TTTT,4,4,0
511397071806599|81001|2,ETTE,....,ETTE-....,4,2,2
511397077803599|82001|1,T.EE,....,T.EE-....,3,1,1
511647037800590|81001|1,EETT,E.EE,EETT-E.EE,4,2,1
511647037901590|79001|1,TTTT,T.TT,TTTT-T.TT,4,4,0
512039660099106|80001|1,TTTT,TTTT,TTTT-TTTT,4,4,0
512139092909078|82001|2,TTTT,TTT.,TTTT-TTT.,4,4,0
512139092909078|83001|1,TTTT,....,TTTT-....,4,4,0
512139092909078|83001|2,TTTT,....,TTTT-....,4,4,0
512197249100655|80001|1,TTTT,TTTT,TTTT-TTTT,4,4,0
512204360800171|81001|1,TTTT,TTTT,TTTT-TTTT,4,4,0
512512055001200|81001|1,TTTT,TTTT,TTTT-TTTT,4,4,0
512536086909790|79001|1,TTTT,TTTT,TTTT-TTTT,4,4,0
513205870200116|82001|2,TTTT,TTTT,TTTT-TTTT,4,4,0
513205870200116|83001|2,NTN.,....,NTN.-....,3,1,2
513439460379500|79001|2,TTTT,TTTT,TTTT-TTTT,4,4,0
514045204005531|80001|1,TTTT,TTTT,TTTT-TTTT,4,4,0
514045204005531|80001|2,TTTT,TTTT,TTTT-TTTT,4,4,0
514489087908375|80001|2,TTTT,EEEE,TTTT-EEEE,4,4,0
514504430100145|83001|1,TTTT,....,TTTT-....,4,4,0
514915048909892|79001|1,TTTT,TTTT,TTTT-TTTT,4,4,0
514915048909892|82001|1,TTTT,....,TTTT-....,4,4,0
514915048909892|82001|2,TTTT,....,TTTT-....,4,4,0
515122027908494|79001|1,TTTT,EEEE,TTTT-EEEE,4,4,0
515299889400816|83001|2,TTTT,....,TTTT-....,4,4,0
515647036909590|82001|1,TTTT,....,TTTT-....,4,4,0
515876062907291|80001|1,TTTT,TTTT,TTTT-TTTT,4,4,0
516102730200113|80001|2,TT..,....,TT..-....,2,2,0
516102730200113|83001|2,TTTT,....,TTTT-....,4,4,0
516867440449001|83001|3,TTTT,....,TTTT-....,4,4,0
518204950600179|81001|1,EEET,....,EEET-....,4,1,1
518299979700814|81001|2,TTTT,EEEE,TTTT-EEEE,4,4,0
519199899200807|82001|1,EETT,EEEE,EETT-EEEE,4,2,1
519199899200807|82001|2,TTTT,TTTT,TTTT-TTTT,4,4,0
520005096016799|82001|1,UT.T,....,UT.T-....,3,2,1
520009923492763|81001|1,TTTT,TTTT,TTTT-TTTT,4,4,0
520009923492763|83001|1,TTTT,....,TTTT-....,4,4,0
520109000942210|83001|1,TTTT,....,TTTT-....,4,4,0
520125006032790|81001|2,TTNE,....,TTNE-....,4,2,2
520185006016790|79001|2,TTTT,TTTT,TTTT-TTTT,4,4,0
520185006016790|79001|3,TTTT,....,TTTT-....,4,4,0
520306410890998|81001|1,TT.E,....,TT.E-....,3,2,1
520306467464494|83001|2,NTTT,....,NTTT-....,4,3,1
520306477307297|80001|2,TT.T,TTTT,TT.T-TTTT,3,3,0
520306477307297|82001|2,TTTT,....,TTTT-....,4,4,0
520306477307297|82251|1,TT..,....,TT..-....,2,2,0
520369094307266|79001|1,TTTT,NTTT,TTTT-NTTT,4,4,0
520369094307266|82001|1,TTTT,....,TTTT-....,4,4,0
520407977669580|80001|1,TTTT,TTTT,TTTT-TTTT,4,4,0
520407981846285|80001|1,EEET,N...,EEET-N...,4,1,1
520407996829581|81001|2,TTTT,T.TT,TTTT-T.TT,4,4,0
520409986352254|83001|1,TTTT,....,TTTT-....,4,4,0
520425096041799|80001|1,TTTT,....,TTTT-....,4,4,0
520509955560565|83001|1,TTEN,....,TTEN-....,4,2,2
520569094302267|80001|2,TTTT,TTTT,TTTT-TTTT,4,4,0
520609999301357|82001|1,TTTT,....,TTTT-....,4,4,0
520645096038799|83001|1,T...,....,T...-....,1,1,0
520745096047799|81001|1,TTTT,....,TTTT-....,4,4,0
520755096017799|81001|1,TTTT,TTTT,TTTT-TTTT,4,4,0
520769094301267|82001|5,TTTT,TTTT,TTTT-TTTT,4,4,0
520827092018279|79001|2,TTTE,EEEE,TTTE-EEEE,4,3,1
520846098238349|83001|2,T...,....,T...-....,1,1,0
520869094306269|82001|3,TEEE,....,TEEE-....,4,1,1
520878093518069|79001|1,TTTT,TTTT,TTTT-TTTT,4,4,0
520899660197105|81001|2,TNTT,TTT.,TNTT-TTT.,4,3,2
520899680199105|82001|2,TTTT,....,TTTT-....,4,4,0
520906098213349|81001|1,TTTT,....,TTTT-....,4,4,0
520909060945219|82001|1,TTTT,....,TTTT-....,4,4,0
520909931506167|81001|1,TTTT,TT.N,TTTT-TT.N,4,4,0
520919090943219|80001|1,TT.T,TTTT,TT.T-TTTT,3,3,0
520946098247349|83001|1,TT..,....,TT..-....,2,2,0
520979094343269|81001|1,TTTT,....,TTTT-....,4,4,0
520980069946909|81001|2,TTTT,TTTT,TTTT-TTTT,4,4,0
520986078203349|80001|2,TTTT,TUTT,TTTT-TUTT,4,4,0
520995076001799|81001|2,TTTT,TTTT,TTTT-TTTT,4,4,0
521161599300908|81001|1,TTTT,TTTT,TTTT-TTTT,4,4,0
521388087908897|80001|2,EETT,EEE.,EETT-EEE.,4,2,1
521389016909795|79001|3,TTTT,....,TTTT-....,4,4,0
521430028907693|79001|1,TTTT,TTTT,TTTT-TTTT,4,4,0
521461239800984|81001|1,TTNT,....,TTNT-....,4,3,2
521578006909697|80001|1,TTTT,TTTT,TTTT-TTTT,4,4,0
521578006909697|81001|1,TNTT,....,TNTT-....,4,3,2
521969062902098|80001|1,NTTT,...E,NTTT-...E,4,3,1
522067249500955|81001|1,TTTT,TTTT,TTTT-TTTT,4,4,0
522177248100955|80001|2,TTTT,UUUU,TTTT-UUUU,4,4,0
522293689800970|80001|1,EEET,NNEN,EEET-NNEN,4,1,1
522467249800955|87001|1,T...,....,T...-....,1,1,0
522467249800955|87001|2,T...,....,T...-....,1,1,0
523197689700950|87001|2,T...,....,T...-....,1,1,0
523199829300940|82001|2,TTTT,TTT.,TTTT-TTT.,4,4,0
523199829300940|82001|3,TTTT,TUE.,TTTT-TUE.,4,4,0
523499829600940|80001|3,TEEE,....,TEEE-....,4,1,1
523839120167304|87001|2,T...,....,T...-....,1,1,0
524290939700914|81001|2,UUTT,TTTT,UUTT-TTTT,4,2,1
524418045908393|82001|2,TTTT,....,TTTT-....,4,4,0
524539008909196|81001|1,TTTT,....,TTTT-....,4,4,0
524781076907690|83001|1,TTT.,....,TTT.-....,3,3,0
524879047001304|83001|1,TT..,....,TT..-....,2,2,0
524889077908590|83001|1,TT..,....,TT..-....,2,2,0
525099889900716|81001|1,TTTT,TTTT,TTTT-TTTT,4,4,0
525197819800998|81001|2,TTTT,TTTT,TTTT-TTTT,4,4,0
525366959500937|82001|1,TTTT,TTT.,TTTT-TTT.,4,4,0
525395279600982|83001|1,TTTN,....,TTTN-....,4,3,1
525395279700782|80001|1,TTTT,....,TTTT-....,4,4,0
525559520379501|82001|2,TTTT,TTT.,TTTT-TTT.,4,4,0
527191477100974|80001|1,TTEE,EEEE,TTEE-EEEE,4,2,1
527362189800974|80001|1,TNTN,TNTT,TNTN-TNTT,4,2,3
527363189500978|81001|1,TTTT,TTTT,TTTT-TTTT,4,4,0
529019440577003|81001|1,TT..,.NTT,TT..-.NTT,2,2,0
529096109100961|87001|1,T...,....,T...-....,1,1,0
529097599800999|83001|1,TTTT,....,TTTT-....,4,4,0
529260489900938|82001|1,TTTT,NEE.,TTTT-NEE.,4,4,0
529360889000923|81001|2,TTTT,TTTT,TTTT-TTTT,4,4,0
529450301230911|83001|1,TTTT,....,TTTT-....,4,4,0
529580195860931|80001|2,TTN.,....,TTN.-....,3,2,1
529609820589202|81001|1,TTTT,TTTT,TTTT-TTTT,4,4,0
529650059270731|80001|2,TTTT,TTTT,TTTT-TTTT,4,4,0
530109905412468|81001|1,TTTT,....,TTTT-....,4,4,0
530173095418438|79001|1,TTTT,TTTT,TTTT-TTTT,4,4,0
530209975257137|82001|1,TTTT,....,TTTT-....,4,4,0
530209996829551|82001|2,TTTT,....,TTTT-....,4,4,0
530209996829551|82001|3,TT..,....,TT..-....,2,2,0
530306475069696|83001|1,TTTT,....,TTTT-....,4,4,0
530309901265562|80001|1,TTTT,TTTT,TTTT-TTTT,4,4,0
530392729600646|80001|2,TTTN,NNNN,TTTN-NNNN,4,3,1
530609952384764|80001|1,TTTT,NTTT,TTTT-NTTT,4,4,0
530709912883768|81001|1,TTTT,TTTT,TTTT-TTTT,4,4,0
530709979244468|80001|1,TTTT,TT.T,TTTT-TT.T,4,4,0
530803095432439|81001|1,TTTT,TTTT,TTTT-TTTT,4,4,0
530809943145863|81001|2,TTTT,TTT.,TTTT-TTT.,4,4,0
530933065427434|82001|1,TTTT,....,TTTT-....,4,4,0
530934068522524|81001|1,TTTT,EEEE,TTTT-EEEE,4,4,0
530943095423439|81001|1,TTT.,NTTN,TTT.-NTTN,3,3,0
530987063348879|83001|1,T...,....,T...-....,1,1,0
531006982820594|83001|1,TTTT,....,TTTT-....,4,4,0
531013120800182|81001|2,TTTT,EEEE,TTTT-EEEE,4,4,0
531539004909196|81001|2,TTTT,TTTT,TTTT-TTTT,4,4,0
531879043001304|81001|1,TTTT,TTTT,TTTT-TTTT,4,4,0
531879043001304|82001|1,TTTT,....,TTTT-....,4,4,0
532388086907897|83001|2,TTT.,....,TTT.-....,3,3,0
532579349500848|83001|1,TTUT,....,TTUT-....,4,3,2
532905042909761|87001|1,T...,....,T...-....,1,1,0
532905042909761|87001|2,T...,....,T...-....,1,1,0
532961074909478|81001|2,TTTT,TTTT,TTTT-TTTT,4,4,0
533287098907578|83001|1,T...,....,T...-....,1,1,0
533503240300139|83001|2,NNNT,....,NNNT-....,4,1,1
533512055908290|82001|1,TTTT,....,TTTT-....,4,4,0
533625007908271|83001|1,TT..,....,TT..-....,2,2,0
535109880000116|82001|2,TTTT,TT..,TTTT-TT..,4,4,0
535197819300898|83001|2,TTTT,....,TTTT-....,4,4,0
535207030600134|80001|2,TTTT,TTTT,TTTT-TTTT,4,4,0
535207030600134|83001|1,EEET,....,EEET-....,4,1,1
535266059300955|83001|2,TTTT,....,TTTT-....,4,4,0
535499889200616|82001|1,TTTT,TT..,TTTT-TT..,4,4,0
535619077908099|82001|2,EEET,....,EEET-....,4,1,1
536619660059005|79001|1,TTTT,TTTT,TTTT-TTTT,4,4,0
537391479500874|83001|1,NTNN,....,NTNN-....,4,1,2
537492189200674|81001|2,TTTT,ENNN,TTTT-ENNN,4,4,0
537497439800840|83001|2,TTTT,....,TTTT-....,4,4,0
539197439200839|82001|1,TTTT,TT..,TTTT-TT..,4,4,0
539463049800978|83001|2,TEEE,....,TEEE-....,4,1,1
540009905627961|81001|1,TTTT,TTTT,TTTT-TTTT,4,4,0
540209940164364|81001|1,TTTT,TTTT,TTTT-TTTT,4,4,0
540209940164364|81001|2,TTTT,TTTT,TTTT-TTTT,4,4,0
540407940164384|80001|1,TTTT,TTTT,TTTT-TTTT,4,4,0
540409924593062|83001|1,TTTT,....,TTTT-....,4,4,0
540415037805991|82001|1,TTTT,....,TTTT-....,4,4,0
540415037906991|82001|2,TTTT,....,TTTT-....,4,4,0
540507942881785|80001|1,TTTT,EEEE,TTTT-EEEE,4,4,0
540507942881785|83001|1,TTTT,....,TTTT-....,4,4,0
540606482820594|81001|2,TTTT,TTTT,TTTT-TTTT,4,4,0
540809906316860|83001|1,TTTT,....,TTTT-....,4,4,0
540809939206253|82001|1,TTTT,....,TTTT-....,4,4,0
540973074127729|79001|1,TTTT,TTTT,TTTT-TTTT,4,4,0
540973074127729|80001|1,T...,NNNN,T...-NNNN,1,1,0
540973074127729|82001|3,TTTT,....,TTTT-....,4,4,0
542395509400921|83001|2,UNNT,....,UNNT-....,4,1,2
542486036907498|79001|1,E.TE,EE.E,E.TE-EE.E,3,1,2
542486036907498|80001|3,TTTT,EEEE,TTTT-EEEE,4,4,0
542486038909478|79001|1,TTTT,NNNN,TTTT-NNNN,4,4,0
542842084909073|81001|2,TTTT,TTTE,TTTT-TTTE,4,4,0
543198969800950|82001|1,ETTT,E...,ETTT-E...,4,3,1
543198969800950|83001|2,TTTT,....,TTTT-....,4,4,0
543309560707308|83001|2,TTT.,....,TTT.-....,3,3,0
543389018909795|79001|2,TTTT,EEEE,TTTT-EEEE,4,4,0
543389018909795|80001|2,TTTT,TTTT,TTTT-TTTT,4,4,0
543486035908498|80001|1,TTTT,TTTT,TTTT-TTTT,4,4,0
543682066909890|83001|2,TTT.,....,TTT.-....,3,3,0
544074031906372|82001|1,TTTT,EEEE,TTTT-EEEE,4,4,0
544090939600914|80001|1,TTTT,TTTT,TTTT-TTTT,4,4,0
544194439200945|81001|1,TTTT,TTTT,TTTT-TTTT,4,4,0
544197819700912|83001|1,TT..,....,TT..-....,2,2,0
544197819700912|83001|2,TT..,....,TT..-....,2,2,0
544729220589003|82001|2,TTTT,TT..,TTTT-TT..,4,4,0
544869098907675|82001|1,TTTT,....,TTTT-....,4,4,0
544905047901791|80001|2,TTTT,NNNN,TTTT-NNNN,4,4,0
545079889900916|81001|1,TTTT,TETT,TTTT-TETT,4,4,0
545079889900916|82001|1,TTTT,T...,TTTT-T...,4,4,0
545499889200416|83001|2,TTTT,....,TTTT-....,4,4,0
545767076909394|80001|1,TTTT,EEEE,TTTT-EEEE,4,4,0
546374229300921|80001|1,TTTT,NNNN,TTTT-NNNN,4,4,0
547071479900774|83001|2,E..T,....,E..T-....,2,1,1
547193039300953|80001|1,TTTT,TTTT,TTTT-TTTT,4,4,0
547395519800938|81001|2,EEET,TTTT,EEET-TTTT,4,1,1
547398119500944|82001|1,TTTT,T...,TTTT-T...,4,4,0
547591689300768|82001|1,TTTT,T...,TTTT-T...,4,4,0
547593039100953|80001|1,TTTT,TTTT,TTTT-TTTT,4,4,0
547593039100953|81001|1,TTTN,....,TTTN-....,4,3,1
548099977600414|81001|2,TTTT,.NNN,TTTT-.NNN,4,4,0
548099977600414|82001|2,TTTT,T...,TTTT-T...,4,4,0
548194229800944|80001|2,TTTT,TTTT,TTTT-TTTT,4,4,0
548194229800944|81001|3,NTTN,....,NTTN-....,4,2,2
548394229700944|83001|2,TTTT,....,TTTT-....,4,4,0
548396239700993|80001|2,TTTT,TTTT,TTTT-TTTT,4,4,0
549076379800769|80001|2,NTTT,....,NTTT-....,4,3,1
549076379800769|82001|1,TTTT,....,TTTT-....,4,4,0
549076379800769|82001|3,TTTT,....,TTTT-....,4,4,0
549076379800769|82001|4,TEUE,E...,TEUE-E...,4,1,3
549392499600934|83001|1,TTTT,....,TTTT-....,4,4,0
549592499500934|83001|1,TTTT,....,TTTT-....,4,4,0
549750666900931|81001|1,TTTT,TTTT,TTTT-TTTT,4,4,0
549790203580915|81001|2,TTTT,EEEE,TTTT-EEEE,4,4,0
550006491771992|83001|2,NTTT,....,NTTT-....,4,3,1
550006926590184|83001|1,TTTT,....,TTTT-....,4,4,0
550009937384968|81001|1,TTTT,EEEE,TTTT-EEEE,4,4,0
550106422665199|81001|1,TTTN,EEEE,TTTN-EEEE,4,3,1
550128002712080|83001|1,TTTT,....,TTTT-....,4,4,0
550430027909863|82001|2,TTTT,....,TTTT-....,4,4,0
550551032909069|82001|2,T.T.,TT..,T.T.-TT..,2,2,0
550609093126509|79001|1,TTTT,TTTT,TTTT-TTTT,4,4,0
550609093126509|83001|1,TTT.,....,TTT.-....,3,3,0
550762095907929|79001|1,TTTT,EEEE,TTTT-EEEE,4,4,0
550810068625374|81001|1,TTTN,....,TTTN-....,4,3,1
550920098611379|83001|1,TTNT,....,TTNT-....,4,3,2
550930075233129|80001|1,TTTT,....,TTTT-....,4,4,0
550948045001101|82001|1,TTTT,....,TTTT-....,4,4,0
550951070941859|80001|1,TT.T,TTTT,TT.T-TTTT,3,3,0
550951092303699|82001|2,TTTT,TT..,TTTT-TT..,4,4,0
550966090901319|83001|2,TTTT,....,TTTT-....,4,4,0
550967090831769|81001|2,TTTT,TTTT,TTTT-TTTT,4,4,0
550987060835769|82001|2,TTTT,....,TTTT-....,4,4,0
551647034909590|82001|1,TNNN,N...,TNNN-N...,4,1,1
552066259500854|81001|2,TTTT,.TTT,TTTT-.TTT,4,4,0
552295529200899|82001|1,TTTT,....,TTTT-....,4,4,0
552418048907393|81001|4,TTTT,....,TTTT-....,4,4,0
553374034909561|81001|1,NTTT,NTTN,NTTT-NTTN,4,3,1
553395879100516|82001|1,TTTT,....,TTTT-....,4,4,0
553399829400840|80001|2,NETT,..TT,NETT-..TT,4,2,2
553647031903590|83001|2,TTTT,....,TTTT-....,4,4,0
554093269800809|81001|1,TTNN,NNNN,TTNN-NNNN,4,2,1
554206040100137|83001|2,TTTT,....,TTTT-....,4,4,0
554270939700814|82001|1,TTTT,....,TTTT-....,4,4,0
554270939700814|82001|2,TTTT,....,TTTT-....,4,4,0
554392049900826|82001|2,TTTT,....,TTTT-....,4,4,0
554494439200345|81001|1,T.EE,TTTT,T.EE-TTTT,3,1,1
554915044909892|81001|1,TTTT,TTTT,TTTT-TTTT,4,4,0
554929460597407|81001|2,T.EE,....,T.EE-....,3,1,1
555388086909897|83001|1,TTT.,....,TTT.-....,3,3,0
555499889200116|80001|3,T...,....,T...-....,1,1,0
555502084909596|83001|2,TTTT,....,TTTT-....,4,4,0
555781073906690|81001|1,TTTT,EEEE,TTTT-EEEE,4,4,0
556204220200121|82001|2,TTTT,....,TTTT-....,4,4,0
557101470600174|81001|1,TTTT,TTTT,TTTT-TTTT,4,4,0
557496019700827|80001|1,TTTT,EEEE,TTTT-EEEE,4,4,0
557496019700827|82001|1,TTTT,....,TTTT-....,4,4,0
557561474000974|83001|1,UTTT,....,UTTT-....,4,3,1
558099979600314|82001|1,TTTT,....,TTTT-....,4,4,0
558306230400193|83001|1,EETT,....,EETT-....,4,2,1
558397609600891|80001|2,TTTT,TTTT,TTTT-TTTT,4,4,0
558492939800881|83001|2,T.TT,....,T.TT-....,3,3,0
559190889600823|80001|2,TTTT,....,TTTT-....,4,4,0
559279560777001|79001|1,TTTT,EEEE,TTTT-EEEE,4,4,0
559279560777001|83001|2,TTT.,....,TTT.-....,3,3,0
559870261470922|83001|2,TTNN,....,TTNN-....,4,2,1
560130041905190|80001|1,T.TT,TTTN,T.TT-TTTN,3,3,0
560234071708296|80001|1,TT..,....,TT..-....,2,2,0
560234071708296|81001|2,TETT,TTTT,TETT-TTTT,4,3,2
560234074904296|81001|2,TTTT,TTTT,TTTT-TTTT,4,4,0
560234075901296|80001|3,TTTT,....,TTTT-....,4,4,0
560234076909296|79001|1,TTT.,TTTT,TTT.-TTTT,3,3,0
560275659100952|83001|1,TTT.,....,TTT.-....,3,3,0
560387097246679|79001|1,TTT.,....,TTT.-....,3,3,0
560463605028089|80001|2,TTTN,EET.,TTTN-EET.,4,3,1
560527092446899|80001|1,TEEE,TEEE,TEEE-TEEE,4,1,1
560622066909494|81001|1,TTTT,TT..,TTTT-TT..,4,4,0
560763098507478|80001|1,TTTT,TTTT,TTTT-TTTT,4,4,0
560854084909792|81001|1,TTTT,TTTT,TTTT-TTTT,4,4,0
560863098501476|81001|5,TEEE,EEEE,TEEE-EEEE,4,1,1
560889096238269|79001|2,TTTT,TTTT,TTTT-TTTT,4,4,0
560889096238269|82001|1,TTTT,....,TTTT-....,4,4,0
560903098527479|80001|1,TTTT,TTTT,TTTT-TTTT,4,4,0
560910074751439|81001|2,TTTT,TTTT,TTTT-TTTT,4,4,0
560910094753439|82001|2,TTTT,TT..,TTTT-TT..,4,4,0
560918094653359|80001|2,TTTT,TTTT,TTTT-TTTT,4,4,0
560967097207679|81001|1,TTTT,TTTT,TTTT-TTTT,4,4,0
560972061035239|80001|2,TTTT,TTTT,TTTT-TTTT,4,4,0
560983078503479|81001|2,T...,TT..,T...-TT..,1,1,0
560989096233269|81001|3,TTTT,TTTT,TTTT-TTTT,4,4,0
561194259800962|79001|1,TTTT,TTTT,TTTT-TTTT,4,4,0
561194259800962|82001|2,TTTT,....,TTTT-....,4,4,0
561268579900979|80001|1,TTTT,TTTT,TTTT-TTTT,4,4,0
561391599100908|80001|2,TTTT,EEEE,TTTT-EEEE,4,4,0
561427306041089|81001|2,TUTT,EEEE,TUTT-EEEE,4,3,2
561625006909291|80001|2,NTTT,TTTT,NTTT-TTTT,4,3,1
561694068909891|80001|2,TTTT,TTTT,TTTT-TTTT,4,4,0
561869098909695|80001|2,ETTT,....,ETTT-....,4,3,1
561905043908791|81001|2,TTTT,TTTT,TTTT-TTTT,4,4,0
561905043908791|83001|1,TNNN,....,TNNN-....,4,1,1
561944401012479|80001|1,UUTT,TTTT,UUTT-TTTT,4,2,1
561954505037489|81001|2,TTTT,TTTT,TTTT-TTTT,4,4,0
562095529600999|83001|2,TT..,....,TT..-....,2,2,0
562167249500955|79001|1,TTTT,....,TTTT-....,4,4,0
562193689900970|79001|2,TTTT,TTTT,TTTT-TTTT,4,4,0
562290269800981|81001|2,TTEN,NNNN,TTEN-NNNN,4,2,2
562290269800981|83001|2,TTT.,....,TTT.-....,3,3,0
562396259100954|79001|2,TTTT,TTTT,TTTT-TTTT,4,4,0
562418046909393|81001|1,TE.N,TUET,TE.N-TUET,3,1,2
562420088909395|80001|2,TTTT,TTTT,TTTT-TTTT,4,4,0
562481008069019|82001|1,UTUU,NTTT,UTUU-NTTT,4,1,2
562490269700981|81001|3,ETTT,TTTT,ETTT-TTTT,4,3,1
562583056909791|82001|2,TTTT,....,TTTT-....,4,4,0
562599180239109|82001|2,TTTT,....,TTTT-....,4,4,0
563175076909498|81001|2,TEET,TTTT,TEET-TTTT,4,2,2
563430028909893|82001|1,T.E.,....,T.E.-....,2,1,1
563592759400915|80001|2,EETE,EEEE,EETE-EEEE,4,1,2
563864074909698|82001|2,TTTT,T...,TTTT-T...,4,4,0
563879046907394|82001|2,TTTT,....,TTTT-....,4,4,0
563915047901892|80001|1,TTTT,TTTT,TTTT-TTTT,4,4,0
563995706084439|83001|1,TTTT,....,TTTT-....,4,4,0
564175074909478|83001|2,TTTT,....,TTTT-....,4,4,0
564293077909760|80001|2,NTNU,UUUU,NTNU-UUUU,4,1,3
564498429800973|81001|1,TNNN,NNNN,TNNN-NNNN,4,1,1
564619074909099|80001|2,NTTT,TTTT,NTTT-TTTT,4,3,1
564778098909771|79001|1,TTTT,....,TTTT-....,4,4,0
564988707082609|83001|2,T...,....,T...-....,1,1,0
564992707044419|80001|2,TTNT,TTNT,TTNT-TTNT,4,3,2
565388082909867|80001|2,TTTT,TTTT,TTTT-TTTT,4,4,0
565462500055058|80001|1,TTUU,....,TTUU-....,4,2,1
565486036909498|79001|1,TTTT,TT.T,TTTT-TT.T,4,4,0
565912704081419|80001|2,TTTT,UNNT,TTTT-UNNT,4,4,0
565982103013099|87001|2,T...,....,T...-....,1,1,0
566457400045049|80001|1,NTTT,TTTT,NTTT-TTTT,4,3,1
566943702067478|80001|1,TTNN,NNNE,TTNN-NNNE,4,2,1
566943702067478|81001|1,TTTT,TTT.,TTTT-TTT.,4,4,0
566943702067478|81001|2,TTTT,TTT.,TTTT-TTT.,4,4,0
566964909062149|83001|1,TTTT,....,TTTT-....,4,4,0
567392189700974|81001|1,TTTT,TTTT,TTTT-TTTT,4,4,0
567984004013109|81001|2,TTTT,TTTT,TTTT-TTTT,4,4,0
567991106078489|80001|1,TTTT,TTTN,TTTT-TTTN,4,4,0
568464100015629|80001|2,TTTT,TTTT,TTTT-TTTT,4,4,0
568750666900961|80001|2,NNTT,EE.E,NNTT-EE.E,4,2,1
568924705029179|83001|2,TTTT,....,TTTT-....,4,4,0
568932609065089|82001|2,TTTT,TTT.,TTTT-TTT.,4,4,0
568937501077489|82001|1,TTTT,....,TTTT-....,4,4,0
568992700090439|80001|1,ETTE,EEEE,ETTE-EEEE,4,2,2
569240045430942|83001|1,TTTT,....,TTTT-....,4,4,0
569262899100924|82001|1,TTTT,....,TTTT-....,4,4,0
569360489900938|80001|1,TTTT,TTTT,TTTT-TTTT,4,4,0
569360489900938|80001|2,TTTT,TTTT,TTTT-TTTT,4,4,0
569360489900938|82001|1,TTTT,....,TTTT-....,4,4,0
569449420829006|80001|1,TTNE,TTTT,TTNE-TTTT,4,2,2
569679920637002|87001|2,T...,....,T...-....,1,1,0
569750157720961|82001|2,TTTT,....,TTTT-....,4,4,0
569750157720961|83001|1,TTT.,....,TTT.-....,3,3,0
569830325310922|83001|2,TTTN,....,TTTN-....,4,3,1
569880067480982|82001|1,TTTT,....,TTTT-....,4,4,0
569992905038449|80001|2,T...,....,T...-....,1,1,0
570015090716448|83001|1,TTT.,....,TTT.-....,3,3,0
570105007118270|83001|2,T...,....,T...-....,1,1,0
570305077116279|79001|1,TTTT,TTTT,TTTT-TTTT,4,4,0
570555090734449|82001|1,TTTT,....,TTTT-....,4,4,0
570595090706449|81001|1,TTTT,TTTT,TTTT-TTTT,4,4,0
570625097148279|81001|1,TNNT,NNTT,TNNT-NNTT,4,2,2
570695070704449|80001|2,TTTT,.TTT,TTTT-.TTT,4,4,0
570715070711448|80001|1,TTTT,EEEE,TTTT-EEEE,4,4,0
570805077114279|82001|2,TTTT,T...,TTTT-T...,4,4,0
570875090418259|79001|1,ETE.,TTTU,ETE.-TTTU,3,1,2
570885070704449|83001|1,TTTT,....,TTTT-....,4,4,0
570885070704449|83001|2,TTTT,....,TTTT-....,4,4,0
570916609066029|79001|1,TTTT,....,TTTT-....,4,4,0
570930072153599|80001|2,TTTT,.TTT,TTTT-.TTT,4,4,0
570945070741449|83001|1,TTTT,....,TTTT-....,4,4,0
570965090731449|80001|2,TTTT,TTTT,TTTT-TTTT,4,4,0
570985095743079|83001|2,T...,....,T...-....,1,1,0
570986093411289|83001|2,TTTT,....,TTTT-....,4,4,0
571033004909060|80001|2,NUT.,....,NUT.-....,3,1,2
571280018909993|79001|2,TTTT,TTTT,TTTT-TTTT,4,4,0
571388082807897|83001|1,TTTT,....,TTTT-....,4,4,0
571389012907795|83001|1,ETTT,....,ETTT-....,4,3,1
571389012907795|83001|2,ETTT,....,ETTT-....,4,3,1
571389013905795|80001|2,TTTT,EEEE,TTTT-EEEE,4,4,0
571486033908498|80001|2,TTNT,TTTT,TTNT-TTTT,4,3,2
571486033908498|80001|3,TTTT,TTTT,TTTT-TTTT,4,4,0
571486033908498|80001|4,EEUT,EEEE,EEUT-EEEE,4,1,2
571486035001408|83001|1,TTTT,....,TTTT-....,4,4,0
571902809089059|83001|1,TTT.,....,TTT.-....,3,3,0
571906604094689|82001|1,TNNN,....,TNNN-....,4,1,1
572275529300899|82001|2,TTUT,....,TTUT-....,4,3,2
572293074909770|80001|1,NNNT,NNNN,NNNT-NNNN,4,1,1
572430091908274|81001|2,EETT,....,EETT-....,4,2,1
572430091908274|83001|2,TTTT,....,TTTT-....,4,4,0
572449460079103|79001|2,TTTT,TTTT,TTTT-TTTT,4,4,0
572958505092099|81001|1,TTTT,TTTT,TTTT-TTTT,4,4,0
572988500097159|80001|1,TTTT,TTTE,TTTT-TTTE,4,4,0
573215330400144|80001|1,TT..,...T,TT..-...T,2,2,0
573215330400144|81001|2,TTT.,....,TTT.-....,3,3,0
573275339400644|82001|1,ETTT,....,ETTT-....,4,3,1
573918806051159|82001|2,TTTT,....,TTTT-....,4,4,0
573928504029599|81001|2,TTTT,TTTT,TTTT-TTTT,4,4,0
573998001096509|80001|1,ETEE,EEEE,ETEE-EEEE,4,1,2
573998001096509|81001|1,TTTT,TTTT,TTTT-TTTT,4,4,0
574026074909169|81001|2,TTTT,TTTT,TTTT-TTTT,4,4,0
574026074909169|83001|2,TTTT,....,TTTT-....,4,4,0
574874083001606|83001|1,ENTT,....,ENTT-....,4,2,2
574976502052059|80001|1,TTT.,....,TTT.-....,3,3,0
576932007013149|80001|1,TNNN,TTNT,TNNN-TTNT,4,1,1
577093189600678|80001|1,TT.T,TTTT,TT.T-TTTT,3,3,0
577210030700134|82001|2,TTT.,....,TTT.-....,3,3,0
577928007061629|79001|2,TNTT,TTTT,TNTT-TTTT,4,3,2
577976208051399|81001|2,TTTT,TTUN,TTTT-TTUN,4,4,0
578576239600893|82001|2,TTTT,....,TTTT-....,4,4,0
578918102000047|79001|1,EEET,EEEE,EEET-EEEE,4,1,1
578986406070609|80001|1,TTTT,TTTT,TTTT-TTTT,4,4,0
579120979480972|81001|1,TT.T,ETTT,TT.T-ETTT,3,3,0
579420615360972|80001|2,TTTT,TTTT,TTTT-TTTT,4,4,0
579700176580975|83001|1,TT..,....,TT..-....,2,2,0
579790735590953|83001|1,TTTT,....,TTTT-....,4,4,0
579940390160771|82001|1,T.TT,....,T.TT-....,3,3,0
579940390160771|82001|2,T.TT,....,T.TT-....,3,3,0
579956402036629|80001|4,NNNT,TTTT,NNNT-TTTT,4,1,1
580139095001008|83001|2,NNNT,....,NNNT-....,4,1,1
580168002918540|83001|2,T...,....,T...-....,1,1,0
580898092932549|80001|1,TTTT,TTTT,TTTT-TTTT,4,4,0
580929090701109|80001|2,TTTT,T...,TTTT-T...,4,4,0
580930099617509|80001|1,TTTT,NNNN,TTTT-NNNN,4,4,0
582177249100755|80001|2,TTTT,TTTT,TTTT-TTTT,4,4,0
582299560479002|82001|1,TTTT,....,TTTT-....,4,4,0
582575529000999|80001|1,TTTT,TTTT,TTTT-TTTT,4,4,0
583062759100915|83001|1,T...,....,T...-....,1,1,0
583075339800744|83001|1,T...,....,T...-....,1,1,0
583165879800916|79001|1,TTTT,TTTT,TTTT-TTTT,4,4,0
583165879800916|79001|2,TTTT,EEEE,TTTT-EEEE,4,4,0
583372759100915|80001|2,EETT,EEUE,EETT-EEUE,4,2,1
584130045908190|81001|1,EETT,TTTT,EETT-TTTT,4,2,1
584130045908190|81001|2,TTNN,TTNN,TTNN-TTNN,4,2,1
584130045908190|83001|1,TTTT,....,TTTT-....,4,4,0
584160939300914|83001|2,T...,....,T...-....,1,1,0
584176046909793|81001|2,TNEE,EEE.,TNEE-EEE.,4,1,2
584349037909765|79001|2,TTTT,TTTT,TTTT-TTTT,4,4,0
584438086909592|83001|3,TTT.,....,TTT.-....,3,3,0
584489086909395|79001|3,NNNT,....,NNNT-....,4,1,1
584489086909395|82001|2,TTTT,....,TTTT-....,4,4,0
584490388800762|80001|1,TTTT,TTTT,TTTT-TTTT,4,4,0
584842082909063|87001|2,T...,....,T...-....,1,1,0
585197819300798|81001|1,TTTT,T...,TTTT-T...,4,4,0
586197089300797|83001|1,T...,....,T...-....,1,1,0
586467089200997|82001|2,TTTT,....,TTTT-....,4,4,0
586929560269204|81001|2,TTTT,TTTT,TTTT-TTTT,4,4,0
587008110400444|82001|1,TTTT,....,TTTT-....,4,4,0
587470039000734|79001|1,TTTT,EEEE,TTTT-EEEE,4,4,0
587561689400968|83001|1,T...,....,T...-....,1,1,0
588099979600714|79001|1,TTUU,TTTT,TTUU-TTTT,4,2,1
588279979700914|82001|1,TTTT,....,TTTT-....,4,4,0
588650059270961|83001|2,ENT.,....,ENT.-....,3,1,2
588940390160981|80001|1,TTTT,T...,TTTT-T...,4,4,0
589150937580643|82001|1,TTTT,E...,TTTT-E...,4,4,0
589177599900999|80001|2,TTTT,TTTT,TTTT-TTTT,4,4,0
589190562310965|81001|2,TTTT,TTTT,TTTT-TTTT,4,4,0
589300765540942|80001|2,TTEE,....,TTEE-....,4,2,1
589310549510983|83001|1,T...,....,T...-....,1,1,0
589400611360640|80001|1,TTTT,NTTT,TTTT-NTTT,4,4,0
589440668240941|83001|1,ETTT,....,ETTT-....,4,3,1
589610834120984|82001|2,TTTU,....,TTTU-....,4,3,1
589650582700944|82001|1,T..T,....,T..T-....,2,2,0
589660541590963|82001|1,TTTT,....,TTTT-....,4,4,0
589670464440944|83001|1,TTTT,....,TTTT-....,4,4,0
589760000820942|81001|1,TTTU,EEEE,TTTU-EEEE,4,3,1
589790203580945|82001|1,TTTT,T...,TTTT-T...,4,4,0
589910972170982|82001|1,TTTT,....,TTTT-....,4,4,0
589910972170982|83001|2,T...,....,T...-....,1,1,0
589960521980961|79001|2,TT.T,TTTT,TT.T-TTTT,3,3,0
590495068909196|79001|2,TTTN,TTTT,TTTN-TTTT,4,3,1
590625002909271|80001|2,TTTT,TTTT,TTTT-TTTT,4,4,0
590647035905570|81001|1,TTTT,TTTT,TTTT-TTTT,4,4,0
590647035905570|82001|1,TTTT,....,TTTT-....,4,4,0
590826093606399|80001|2,TTTT,TTTT,TTTT-TTTT,4,4,0
590848090826679|82001|2,ENTN,....,ENTN-....,4,1,3
590926800026159|83001|1,TTT.,....,TTT.-....,3,3,0
590962106049349|80001|1,TTUT,TTTT,TTUT-TTTT,4,3,2
590964062752954|82001|2,TNTT,TTT.,TNTT-TTT.,4,3,2
590973705016586|80001|1,TTTT,EEEE,TTTT-EEEE,4,4,0
590981304039018|83001|1,TTTN,....,TTTN-....,4,3,1
590983092733759|82001|1,TTTT,TT..,TTTT-TT..,4,4,0
590986304039017|80001|1,TTTT,....,TTTT-....,4,4,0
590986304039017|81001|1,TTTT,TTTT,TTTT-TTTT,4,4,0
590994506041159|83001|1,UTUU,....,UTUU-....,4,1,2
591869092909665|87001|1,T...,....,T...-....,1,1,0
591903507092138|83001|2,TTTT,....,TTTT-....,4,4,0
591906806028139|79001|1,TTTT,TTTT,TTTT-TTTT,4,4,0
591908604094689|83001|1,T...,....,T...-....,1,1,0
591944000029109|80001|1,TT.T,TTT.,TT.T-TTT.,3,3,0
591976901092579|82001|1,TTTT,....,TTTT-....,4,4,0
591976901092579|82001|2,TTTT,....,TTTT-....,4,4,0
591982404054459|80001|1,TTTT,TTTT,TTTT-TTTT,4,4,0
591986303000167|82001|1,TTTT,....,TTTT-....,4,4,0
592388084909897|81001|1,TTTE,EEEE,TTTE-EEEE,4,3,1
592486036909468|82001|1,TTTT,....,TTTT-....,4,4,0
592619077908099|81001|1,TTTT,UUUT,TTTT-UUUT,4,4,0
592842082909063|80001|1,TTT.,....,TTT.-....,3,3,0
592902805069599|87001|2,T...,....,T...-....,1,1,0
592906201056099|79001|1,TTTT,TTTT,TTTT-TTTT,4,4,0
592906908022649|83001|1,TTT.,....,TTT.-....,3,3,0
592906908022649|83001|2,TTT.,....,TTT.-....,3,3,0
592972709050509|81001|2,TTTT,TTTT,TTTT-TTTT,4,4,0
592982008069519|80001|2,TTTT,TTTT,TTTT-TTTT,4,4,0
592982805047159|83001|1,TTTT,....,TTTT-....,4,4,0
592986401075589|82001|1,TTTT,....,TTTT-....,4,4,0
592992307075199|81001|2,TTTT,TTTT,TTTT-TTTT,4,4,0
592992307075199|83001|2,TTTT,....,TTTT-....,4,4,0
593026077906199|81001|2,TTTT,....,TTTT-....,4,4,0
593926107054019|79001|1,TTTT,....,TTTT-....,4,4,0
593926107054019|81001|2,TTTT,TTTT,TTTT-TTTT,4,4,0
593926107054019|81001|3,TTEE,....,TTEE-....,4,2,1
593944508074569|82001|1,TTTT,T...,TTTT-T...,4,4,0
593951209026118|83001|1,TTTT,....,TTTT-....,4,4,0
593961074909498|82001|2,TTNN,E...,TTNN-E...,4,2,1
593988805020049|80001|2,TTTT,N...,TTTT-N...,4,4,0
594050754740661|81001|1,TEEE,TNEE,TEEE-TNEE,4,1,1
594905403087351|80001|1,TT.U,....,TT.U-....,3,2,1
594917205024128|79001|1,TTTT,....,TTTT-....,4,4,0
594918406029409|82001|1,TTTN,....,TTTN-....,4,3,1
594922709026559|83001|2,TTTT,....,TTTT-....,4,4,0
594932704067107|80001|4,TTTT,TTTT,TTTT-TTTT,4,4,0
594933704067105|80001|1,TNTT,TTTT,TNTT-TTTT,4,3,2
594952809022179|83001|2,TNNN,....,TNNN-....,4,1,1
594955900025368|83001|2,TTTT,....,TTTT-....,4,4,0
594964009092199|83001|1,TTTT,....,TTTT-....,4,4,0
594986202043354|83001|2,TTT.,....,TTT.-....,3,3,0
594991503042586|81001|2,TTTT,TTT.,TTTT-TTT.,4,4,0
594998203002459|80001|1,TTTT,TTTT,TTTT-TTTT,4,4,0
595659860589101|80001|1,TTTT,TTTT,TTTT-TTTT,4,4,0
595902402031439|83001|2,TTTT,....,TTTT-....,4,4,0
595902402031439|87001|1,T...,....,T...-....,1,1,0
595904608003337|82001|1,TTTT,T...,TTTT-T...,4,4,0
595904608003337|82001|2,TTTT,....,TTTT-....,4,4,0
595956007074049|82001|2,N.NT,....,N.NT-....,3,1,1
595968902076679|80001|2,TTTT,TTTT,TTTT-TTTT,4,4,0
595993606000558|83001|2,UTUT,....,UTUT-....,4,2,3
596849080999303|79001|1,UUTU,EEE.,UUTU-EEE.,4,1,2
596958805025109|81001|2,TEET,TTTT,TEET-TTTT,4,2,2
596973103010348|82001|1,TTTT,TT..,TTTT-TT..,4,4,0
596989520549009|87001|1,T...,....,T...-....,1,1,0
597902608007577|82001|2,TTTT,TTT.,TTTT-TTT.,4,4,0
597902707054159|83001|1,TUTT,....,TUTT-....,4,3,2
597924800044539|81001|2,TTTE,TTTT,TTTE-TTTT,4,3,1
597936103017129|81001|1,TUTT,TNTN,TUTT-TNTN,4,3,2
597958706027369|79001|2,TTTT,TTTT,TTTT-TTTT,4,4,0
597958706027369|80001|2,TTTT,TTTT,TTTT-TTTT,4,4,0
597964208088549|82001|2,TTTT,....,TTTT-....,4,4,0
597983108066668|80001|1,TTTT,TTTT,TTTT-TTTT,4,4,0
597984904047439|81001|1,TNNN,TNTN,TNNN-TNTN,4,1,1
597998106052399|83001|1,T...,....,T...-....,1,1,0
598912507046149|83001|2,TTTT,....,TTTT-....,4,4,0
598934501077189|80001|1,EETT,....,EETT-....,4,2,1
598934501077189|83001|1,NUTT,....,NUTT-....,4,2,2
598934603030549|82001|1,TTTT,....,TTTT-....,4,4,0
598940390160931|81001|2,UTTT,NNNN,UTTT-NNNN,4,3,1
598957009087668|81001|1,TTTT,TTTT,TTTT-TTTT,4,4,0
598992705014667|83001|1,ENTT,....,ENTT-....,4,2,2
598997705014568|80001|1,TTTT,TTTT,TTTT-TTTT,4,4,0
599020940920715|83001|1,TNNN,....,TNNN-....,4,1,1
599030996100633|81001|2,TTTT,TTTT,TTTT-TTTT,4,4,0
599060133740953|80001|2,TTTT,T...,TTTT-T...,4,4,0
599080650160952|81001|1,TTTT,TTTT,TTTT-TTTT,4,4,0
599120186570633|80001|2,TTTT,NEEE,TTTT-NEEE,4,4,0
599120186570633|81001|3,TTTT,TNTT,TTTT-TNTT,4,4,0
599120788380970|81001|2,TTTT,TTTT,TTTT-TTTT,4,4,0
599140880980915|81001|2,TTTT,TTTT,TTTT-TTTT,4,4,0
599150183390913|82001|1,NTTT,NNNN,NTTT-NNNN,4,3,1
599150608760914|82001|2,TTTT,UTTU,TTTT-UTTU,4,4,0
599170258140974|82001|2,TTTT,....,TTTT-....,4,4,0
599180163440970|83001|1,TN..,....,TN..-....,2,1,1
599180724140955|81001|1,TTTT,TTTT,TTTT-TTTT,4,4,0
599230399910650|80001|2,TEEE,NNNN,TEEE-NNNN,4,1,1
599240045430915|80001|1,TTTT,...N,TTTT-...N,4,4,0
599240461700911|82001|1,TTTT,T...,TTTT-T...,4,4,0
599280992350660|81001|2,TTTT,TTTT,TTTT-TTTT,4,4,0
599300389410954|81001|1,T.TT,.TTT,T.TT-.TTT,3,3,0
599310435570973|82001|2,TTTE,....,TTTE-....,4,3,1
599330609450910|82001|1,NTE.,TTTT,NTE.-TTTT,3,1,2
599370988430910|81001|2,EETT,EEEE,EETT-EEEE,4,2,1
599380957090974|82001|1,TTEE,....,TTEE-....,4,2,1
599400601730650|80001|1,TTTT,NUNN,TTTT-NUNN,4,4,0
599400611360615|80001|2,TTTT,TTTT,TTTT-TTTT,4,4,0
599460455040654|80001|1,TTTT,TTTT,TTTT-TTTT,4,4,0
599470975010914|81001|1,TTTT,EEEE,TTTT-EEEE,4,4,0
599530453340913|81001|1,TTTT,TTTT,TTTT-TTTT,4,4,0
599530453340913|81001|2,TTTT,TTTT,TTTT-TTTT,4,4,0
599530453340913|83001|1,TTNN,....,TTNN-....,4,2,1
599540308080715|80001|2,TTTT,TTTT,TTTT-TTTT,4,4,0
599540308080715|82001|1,TTTT,TTTT,TTTT-TTTT,4,4,0
599540308080715|82001|3,TTTT,TTTT,TTTT-TTTT,4,4,0
599540308080715|83001|1,TTNE,....,TTNE-....,4,2,2
599600390240972|81001|2,TTTT,EEET,TTTT-EEET,4,4,0
599610791120715|80001|1,TTTT,TT..,TTTT-TT..,4,4,0
599610834120714|81001|1,TTTT,TTTT,TTTT-TTTT,4,4,0
599640049360975|80001|1,TTTT,....,TTTT-....,4,4,0
599670007870915|82001|1,TTTT,TTTT,TTTT-TTTT,4,4,0
599670007870915|83001|1,TTTT,....,TTTT-....,4,4,0
599740226950974|79001|2,TTTT,TTTT,TTTT-TTTT,4,4,0
599740773560673|82001|2,TTTT,....,TTTT-....,4,4,0
599770406690615|81001|1,TTTT,TTTT,TTTT-TTTT,4,4,0
599770406690615|81001|2,TTTT,TTTT,TTTT-TTTT,4,4,0
599770986790975|80001|2,TTTT,TTTT,TTTT-TTTT,4,4,0
599820609590610|82001|2,TTTT,TTTT,TTTT-TTTT,4,4,0
599860587890910|83001|2,TTTT,....,TTTT-....,4,4,0
599870424030655|82001|1,TTTT,....,TTTT-....,4,4,0
599870786840914|82001|1,TTTT,TTTT,TTTT-TTTT,4,4,0
599890045500610|80001|2,TTTT,EUEE,TTTT-EUEE,4,4,0
599900083770975|82001|1,TEEE,....,TEEE-....,4,1,1
599900827900670|83001|2,TT..,....,TT..-....,2,2,0
599906306019139|80001|1,TTTT,TTTT,TTTT-TTTT,4,4,0
599922300028379|81001|1,TTTT,TTTT,TTTT-TTTT,4,4,0
599924300028179|82001|2,TTTT,T...,TTTT-T...,4,4,0
599924309076139|81001|2,TTTT,TTTT,TTTT-TTTT,4,4,0
599930175050972|82001|1,TTTT,....,TTTT-....,4,4,0
599960320220673|79001|2,TNTU,....,TNTU-....,4,2,3
599960521980911|80001|1,TN..,....,TN..-....,2,1,1
599960521980952|83001|1,TTTT,....,TTTT-....,4,4,0
599960615770974|81001|1,TTTT,.NTT,TTTT-.NTT,4,4,0
599963909030188|80001|3,TTTT,....,TTTT-....,4,4,0
599972107002469|81001|1,TTTT,TTTT,TTTT-TTTT,4,4,0
599978409059179|83001|1,T...,....,T...-....,1,1,0
599986305049317|80001|1,TTTT,TTTT,TTTT-TTTT,4,4,0
599986305049317|80001|2,TTTT,TTTT,TTTT-TTTT,4,4,0
599990448990610|81001|1,TTTT,EEEE,TTTT-EEEE,4,4,0
600054933559000|82001|2,TTTT,....,TTTT-....,4,4,0
600067094306349|81001|1,TTTT,TTT.,TTTT-TTT.,4,4,0
600072987069370|83001|2,TTT.,....,TTT.-....,3,3,0
600106910890998|79001|2,TTTT,TTTT,TTTT-TTTT,4,4,0
600106951264596|79001|1,TTTT,TTTT,TTTT-TTTT,4,4,0
600106965087592|82001|1,TTTT,....,TTTT-....,4,4,0
600155005522550|80001|2,TTTT,TTTT,TTTT-TTTT,4,4,0
600206437383298|83001|2,TTT.,....,TTT.-....,3,3,0
600409999443672|82001|2,TT..,....,TT..-....,2,2,0
600467094333349|80001|1,TTTT,T.TT,TTTT-T.TT,4,4,0
600467094333349|83001|1,TTTT,....,TTTT-....,4,4,0
600506928593992|79001|1,TTTT,TTTT,TTTT-TTTT,4,4,0
600506928593992|79001|2,TTTT,TTTT,TTTT-TTTT,4,4,0
600506928593992|82001|2,NTEE,....,NTEE-....,4,1,2
600609724831922|82001|1,TTTT,....,TTTT-....,4,4,0
600609724831922|82001|2,TTTT,....,TTTT-....,4,4,0
600609776325472|80001|1,TT..,....,TT..-....,2,2,0
600609905887129|80001|1,TTTT,TTTT,TTTT-TTTT,4,4,0
600609912490274|81001|1,TTTT,TTTN,TTTT-TTTN,4,4,0
600609957734070|79001|3,TTTT,TTTT,TTTT-TTTT,4,4,0
600667094308349|79001|1,ETEE,EEEE,ETEE-EEEE,4,1,2
600717094351349|80001|2,TT.E,....,TT.E-....,3,2,1
600807949970299|79001|1,TTTT,.TTT,TTTT-.TTT,4,4,0
600807959424399|81001|2,TTTT,TTNT,TTTT-TTNT,4,4,0
600807959424399|82001|1,TEEE,....,TEEE-....,4,1,1
600807977669590|83001|2,T...,....,T...-....,1,1,0
600907914524795|83001|2,TTT.,....,TTT.-....,3,3,0
600907958698145|80001|1,EEET,....,EEET-....,4,1,1
600907983123375|82001|2,TTTT,....,TTTT-....,4,4,0
600907997384447|83001|1,TTT.,....,TTT.-....,3,3,0
600981065245779|82001|2,TTTT,....,TTTT-....,4,4,0
601000610103744|81001|1,TTTT,TTTT,TTTT-TTTT,4,4,0
601004110103949|83001|2,TTTT,....,TTTT-....,4,4,0
601006883108199|82001|1,TTTT,TTTT,TTTT-TTTT,4,4,0
601600632940203|83001|1,TTTT,....,TTTT-....,4,4,0
601901423892528|83001|2,TTTT,....,TTTT-....,4,4,0
601902273591089|82001|1,TTTT,TTTT,TTTT-TTTT,4,4,0
601904342898282|82001|1,NNTT,NNNN,NNTT-NNNN,4,2,1
601904344898281|83001|1,TTTT,....,TTTT-....,4,4,0
601904361899467|80001|1,TTT.,....,TTT.-....,3,3,0
601904361899467|82001|2,TTTT,UTTT,TTTT-UTTT,4,4,0
601905293592749|81001|1,TTTT,TTNT,TTTT-TTNT,4,4,0
601905293592749|83001|2,ETTT,....,ETTT-....,4,3,1
601905904893118|82001|2,TTTT,....,TTTT-....,4,4,0
601906850894786|81001|2,TTTT,TTTT,TTTT-TTTT,4,4,0
602009073409622|83001|2,TTTT,....,TTTT-....,4,4,0
602030911584200|83001|1,T...,....,T...-....,1,1,0
602139098909071|82001|2,TTTT,....,TTTT-....,4,4,0
602284038909171|79001|1,TTTT,TTTT,TTTT-TTTT,4,4,0
602455085001907|81001|2,TTTT,EEE.,TTTT-EEE.,4,4,0
602599840169001|83001|1,TTTT,....,TTTT-....,4,4,0
602602565992690|80001|1,TNEE,EEEU,TNEE-EEEU,4,1,2
602607661999623|81001|1,TTTT,TTTT,TTTT-TTTT,4,4,0
602609063994775|81001|1,NTTT,....,NTTT-....,4,3,1
602703921991609|80001|1,TNNN,NNNN,TNNN-NNNN,4,1,1
602704113793943|83001|1,TTNN,....,TTNN-....,4,2,1
602707553998078|80001|1,TTTT,TTTT,TTTT-TTTT,4,4,0
602900911479037|87001|2,T...,....,T...-....,1,1,0
602902141990582|81001|2,TTTT,TTTT,TTTT-TTTT,4,4,0
602902513990236|83001|2,TTTT,....,TTTT-....,4,4,0
602902821991543|80001|2,NTTT,TTTT,NTTT-TTTT,4,3,1
602904113993944|83001|2,T...,....,T...-....,1,1,0
602904175994581|83001|2,TTTT,....,TTTT-....,4,4,0
602906881998196|80001|2,TTUT,TTTT,TTUT-TTTT,4,3,2
602907623997954|82001|3,UTTT,EEE.,UTTT-EEE.,4,3,1
602909065994773|87001|1,T...,....,T...-....,1,1,0
602909070499629|87001|2,T...,....,T...-....,1,1,0
602909071299620|81001|2,TTTT,TTTT,TTTT-TTTT,4,4,0
602909071299620|82001|3,TTTT,TTT.,TTTT-TTT.,4,4,0
602909201996899|81001|1,TTTT,TTTT,TTTT-TTTT,4,4,0
602909883991406|83001|3,TTTT,....,TTTT-....,4,4,0
603021911269650|82001|1,TTT.,....,TTT.-....,3,3,0
603021911269650|82001|2,TTT.,....,TTT.-....,3,3,0
603043913259340|81001|1,TTTT,TTTT,TTTT-TTTT,4,4,0
603100855109051|83001|2,TNUT,....,TNUT-....,4,2,3
603102195106600|83001|2,NETT,....,NETT-....,4,2,2
603547046909360|81001|2,TTTT,TTTT,TTTT-TTTT,4,4,0
603603442896001|83001|2,TTTT,....,TTTT-....,4,4,0
603608085941370|81001|2,TTTT,TTTT,TTTT-TTTT,4,4,0
603608085941370|82001|1,TTTT,TT..,TTTT-TT..,4,4,0
603700912899033|80001|2,TTTT,TTTT,TTTT-TTTT,4,4,0
603709070899629|80001|1,TTTT,TTTT,TTTT-TTTT,4,4,0
603900610883744|81001|1,ETEE,EEEE,ETEE-EEEE,4,1,2
603900613693744|81001|1,TTTT,TTTT,TTTT-TTTT,4,4,0
603901781699382|80001|1,TTTT,TTTT,TTTT-TTTT,4,4,0
603903440696006|83001|3,UTNT,....,UTNT-....,4,2,3
603906043693477|83001|2,TTTN,....,TTTN-....,4,3,1
603908993693969|80001|1,TTTT,TTTT,TTTT-TTTT,4,4,0
603909071889625|80001|2,TTTT,TTTT,TTTT-TTTT,4,4,0
604284033409161|83001|1,TNUU,....,TNUU-....,4,1,2
604349540129403|80001|2,TTTT,TTTT,TTTT-TTTT,4,4,0
604584026909997|83001|1,TTT.,....,TTT.-....,3,3,0
604600692996753|81001|1,TTTT,TTTT,TTTT-TTTT,4,4,0
604605102992842|83001|2,TTTT,....,TTTT-....,4,4,0
604700632990209|81001|2,UTTN,NNNN,UTTN-NNNN,4,2,2
604701420992529|80001|1,TNTT,TTTT,TNTT-TTTT,4,3,2
604701420992529|82001|2,TTTT,T...,TTTT-T...,4,4,0
604807042909068|82001|2,TTTT,....,TTTT-....,4,4,0
604900964795339|82001|1,TTNN,....,TTNN-....,4,2,1
604902524793497|82001|1,TTTT,T...,TTTT-T...,4,4,0
604902524793497|83001|2,TTTT,....,TTTT-....,4,4,0
604903841794843|81001|1,TNNN,NNNN,TNNN-NNNN,4,1,1
604905564794418|83001|2,TTTT,....,TTTT-....,4,4,0
604906855799950|82001|2,TTTT,E...,TTTT-E...,4,4,0
605001422102522|81001|2,TTTT,NTNT,TTTT-NTNT,4,4,0
605101423102523|80001|2,E..T,.EEE,E..T-.EEE,2,1,1
605102562102691|83001|1,TEEE,....,TEEE-....,4,1,1
605154088907496|83001|1,T...,....,T...-....,1,1,0
605706630892799|81001|1,TTTT,TTTT,TTTT-TTTT,4,4,0
605706854399954|82001|2,T...,....,T...-....,1,1,0
605900694396752|82001|2,TTTT,....,TTTT-....,4,4,0
605902512690230|80001|2,TTTT,TTTT,TTTT-TTTT,4,4,0
605902512690230|83001|2,TTT.,....,TTT.-....,3,3,0
605902643895519|83001|2,TTTT,....,TTTT-....,4,4,0
605903291897392|80001|1,TTTT,TTTT,TTTT-TTTT,4,4,0
605903291897392|80001|2,TTTT,TTTT,TTTT-TTTT,4,4,0
605903443896006|82001|4,TTTT,....,TTTT-....,4,4,0
605903813894679|80001|1,TTTT,TTTT,TTTT-TTTT,4,4,0
605903813894679|81001|1,TTTE,TTEE,TTTE-TTEE,4,3,1
605907625897950|80001|1,TTTT,....,TTTT-....,4,4,0
605909071599620|81001|1,TTTT,EEEE,TTTT-EEEE,4,4,0
605909073599624|81001|2,TEEE,EEEE,TEEE-EEEE,4,1,1
606020943539090|83001|2,TTTT,....,TTTT-....,4,4,0
606088982439290|81001|1,TTTT,TTTT,TTTT-TTTT,4,4,0
606607623990007|80001|1,TTTT,TTTT,TTTT-TTTT,4,4,0
606700912999034|81001|2,TTTT,TTTT,TTTT-TTTT,4,4,0
606700912999034|83001|2,TTT.,....,TTT.-....,3,3,0
606701385998611|80001|1,TTTT,TTTT,TTTT-TTTT,4,4,0
606701385998611|82001|1,TTTT,....,TTTT-....,4,4,0
606900852999059|83001|1,TTT.,....,TTT.-....,3,3,0
606900911999036|79001|2,TTTT,TTTT,TTTT-TTTT,4,4,0
606901764992168|83001|1,ET..,....,ET..-....,2,1,1
606901782999386|83001|1,TTT.,....,TTT.-....,3,3,0
606902270999836|83001|2,TT..,....,TT..-....,2,2,0
606902275991081|82001|1,TTTT,....,TTTT-....,4,4,0
606903204991738|83001|2,TTT.,....,TTT.-....,3,3,0
606903440996006|82001|2,TTTT,....,TTTT-....,4,4,0
606904881797877|80001|2,TTTT,TTTT,TTTT-TTTT,4,4,0
606906855994783|79001|2,TTTT,TTTT,TTTT-TTTT,4,4,0
606908754791702|83001|1,T.T.,....,T.T.-....,2,2,0
606909014995225|83001|2,TTT.,....,TTT.-....,3,3,0
606909075999620|83001|1,TTT.,....,TTT.-....,3,3,0
607000504107178|79001|2,TTTT,TT..,TTTT-TT..,4,4,0
607009354105948|82001|1,TNNN,....,TNNN-....,4,1,1
607603442996001|80001|2,EENT,EEEE,EENT-EEEE,4,1,2
607900693696754|82001|1,TTTT,....,TTTT-....,4,4,0
607901423692523|81001|2,TTTT,TNNN,TTTT-TNNN,4,4,0
607902314698420|82001|2,TTTT,....,TTTT-....,4,4,0
607907703899587|79001|1,TTTT,TTTT,TTTT-TTTT,4,4,0
607909064694779|79001|3,TTTT,TTTT,TTTT-TTTT,4,4,0
607909071099625|81001|1,NTTN,....,NTTN-....,4,2,2
607909073599622|79001|1,TTTT,TTTT,TTTT-TTTT,4,4,0
607909883891406|82001|1,TTTT,....,TTTT-....,4,4,0
608050942524380|82001|2,TTTT,T...,TTTT-T...,4,4,0
608129240039301|82001|2,TTTT,....,TTTT-....,4,4,0
608600693996753|82001|2,TTTT,....,TTTT-....,4,4,0
608602270999831|81001|1,TTTT,TTTT,TTTT-TTTT,4,4,0
608604885997874|81001|1,TTTT,TTTT,TTTT-TTTT,4,4,0
608900610993748|80001|1,TTTT,EEEE,TTTT-EEEE,4,4,0
608900631990207|79001|1,TTTN,EEEE,TTTN-EEEE,4,3,1
608900695996755|82001|2,TTTT,....,TTTT-....,4,4,0
608902233790566|83001|2,T...,....,T...-....,1,1,0
608902523993497|80001|2,TTTT,TTTT,TTTT-TTTT,4,4,0
608902764991828|80001|3,TTTT,E...,TTTT-E...,4,4,0
608903455990234|81001|1,TTTT,TTTT,TTTT-TTTT,4,4,0
608903841994847|83001|2,T...,....,T...-....,1,1,0
608905294992749|79001|2,TTTT,TNET,TTTT-TNET,4,4,0
608906134992407|82001|2,TTT.,....,TTT.-....,3,3,0
608909013995224|80001|2,TTTT,TTTT,TTTT-TTTT,4,4,0
608909073999624|83001|1,T...,....,T...-....,1,1,0
609005901319190|82001|1,TTTT,...E,TTTT-...E,4,4,0
609240932180980|82001|1,TTTT,....,TTTT-....,4,4,0
609400186890963|81001|1,TTNE,TTTT,TTNE-TTTT,4,2,2
609760647270943|82001|1,TTTT,....,TTTT-....,4,4,0
609890045500963|80001|3,EENT,NEEE,EENT-NEEE,4,1,2
610006973396894|83001|1,TTN.,....,TTN.-....,3,2,1
610107815983143|82001|1,TTTT,....,TTTT-....,4,4,0
610144097302069|81001|1,TTT.,EEEE,TTT.-EEEE,3,3,0
610180005626190|82001|1,TTTT,....,TTTT-....,4,4,0
610180005626190|82001|2,TTTT,....,TTTT-....,4,4,0
610209940456743|83001|2,TTT.,....,TTT.-....,3,3,0
610220143070043|83001|1,TTTT,....,TTTT-....,4,4,0
610281094445779|81001|1,TTTT,TTTT,TTTT-TTTT,4,4,0
610306953924299|79001|2,TTTT,TTTT,TTTT-TTTT,4,4,0
610309934226570|79001|1,TTTT,TTTT,TTTT-TTTT,4,4,0
610309934226570|83001|1,TTT.,....,TTT.-....,3,3,0
610309934226570|83001|2,TTT.,....,TTT.-....,3,3,0
610440954010060|79001|1,TTTT,TTTT,TTTT-TTTT,4,4,0
610506975257197|80001|1,TTTT,....,TTTT-....,4,4,0
610506975257197|83001|1,TTT.,....,TTT.-....,3,3,0
610507941095597|80001|2,TTTT,TTTT,TTTT-TTTT,4,4,0
610507944462698|81001|2,TTTT,TTTT,TTTT-TTTT,4,4,0
610509962907926|81001|1,TTTT,TNNN,TTTT-TNNN,4,4,0
610570030470080|82001|1,TTTT,....,TTTT-....,4,4,0
610740812110040|81001|1,TTTT,....,TTTT-....,4,4,0
610800432700184|79001|1,TTTT,....,TTTT-....,4,4,0
610803092148129|82001|1,TTTT,....,TTTT-....,4,4,0
610806925644898|80001|1,T...,....,T...-....,1,1,0
610820609590060|80001|1,TETT,....,TETT-....,4,3,2
610844097308069|80001|2,TTTT,TTTT,TTTT-TTTT,4,4,0
610903072141129|80001|1,TT.E,EEEE,TT.E-EEEE,3,2,1
610907957701192|81001|1,TTTT,TTTT,TTTT-TTTT,4,4,0
610907985362190|79001|2,TTTT,TTTT,TTTT-TTTT,4,4,0
610907994631691|80001|1,TTTT,TTTT,TTTT-TTTT,4,4,0
610910962350084|81001|1,TTTT,ETTT,TTTT-ETTT,4,4,0
610985076201569|80001|2,TTTT,TTTT,TTTT-TTTT,4,4,0
611000062907916|81001|2,TTTN,NNNN,TTTN-NNNN,4,3,1
611013926224000|82001|3,EETE,NTE.,EETE-NTE.,4,1,2
611094569400559|81001|1,TTTT,TTTT,TTTT-TTTT,4,4,0
611149780789303|79001|2,TTTT,EEEE,TTTT-EEEE,4,4,0
611299119500672|80001|1,TTTN,NEEE,TTTN-NEEE,4,3,1
611399119400872|80001|1,TTTT,TTTT,TTTT-TTTT,4,4,0
612326048909197|81001|1,TTTT,TTTT,TTTT-TTTT,4,4,0
612391119900801|82001|1,TTTT,TTTT,TTTT-TTTT,4,4,0
612522064909679|83001|1,TTTT,....,TTTT-....,4,4,0
613014842559750|82001|2,TTTT,....,TTTT-....,4,4,0
613191938700337|80001|1,TTTT,TTTT,TTTT-TTTT,4,4,0
613191939200537|82001|1,TTTT,NTTT,TTTT-NTTT,4,4,0
613290859200803|82001|1,TTTT,....,TTTT-....,4,4,0
613919080109107|80001|1,TTTT,EEEE,TTTT-EEEE,4,4,0
614023933219500|83001|1,TTTT,....,TTTT-....,4,4,0
614039840329660|80001|2,TTTT,TTTT,TTTT-TTTT,4,4,0
614869520979001|80001|2,TUUT,TUUT,TUUT-TUUT,4,2,2
615027962369590|81001|2,TTTT,T.TT,TTTT-T.TT,4,4,0
616011827029190|80001|2,NNNT,TNNN,NNNT-TNNN,4,1,1
616116927589190|83001|1,T...,....,T...-....,1,1,0
616459740749107|82001|1,TTTT,T...,TTTT-T...,4,4,0
616459740749107|83001|1,TTTT,....,TTTT-....,4,4,0
616820528930910|82001|1,TTTT,TE.T,TTTT-TE.T,4,4,0
616867480449001|82001|3,TTTT,....,TTTT-....,4,4,0
617028932419460|83001|1,TTTT,....,TTTT-....,4,4,0
617031946019590|80001|3,TTEE,TTTT,TTEE-TTTT,4,2,1
617040918519510|82001|2,TTTT,TTTT,TTTT-TTTT,4,4,0
617071960339970|81001|2,TTTT,TTTT,TTTT-TTTT,4,4,0
617210644690980|79001|1,TTTT,TNTT,TTTT-TNTT,4,4,0
617395009600864|80001|2,TTTT,TTTT,TTTT-TTTT,4,4,0
618022901239060|81001|1,TTTT,TTTT,TTTT-TTTT,4,4,0
618048972339760|80001|2,TTTT,TTTT,TTTT-TTTT,4,4,0
618210030100163|81001|2,TTTT,..E.,TTTT-..E.,4,4,0
619001750600118|83001|1,TTTT,....,TTTT-....,4,4,0
619013966359430|80001|1,TTTT,TTTT,TTTT-TTTT,4,4,0
619013966359430|81001|1,TTTT,TTTT,TTTT-TTTT,4,4,0
619013966359430|81001|2,TTTT,TTTT,TTTT-TTTT,4,4,0
619090985519620|81001|2,TTTT,TNTN,TTTT-TNTN,4,4,0
619170798680923|83001|1,NNTT,....,NNTT-....,4,2,1
619195259500007|80001|1,TTTT,TTTT,TTTT-TTTT,4,4,0
619404090800146|81001|2,TTTT,TTTT,TTTT-TTTT,4,4,0
619640114480920|80001|1,TTTU,EEEE,TTTU-EEEE,4,3,1
619640114480920|81001|1,TTTT,TTTT,TTTT-TTTT,4,4,0
619650890090923|80001|1,TTTT,TUUU,TTTT-TUUU,4,4,0
619830273990963|80001|2,T..T,..EE,T..T-..EE,2,2,0
620001984239090|82001|1,TTTT,TT..,TTTT-TT..,4,4,0
620007922212497|80001|1,TTTT,EE..,TTTT-EE..,4,4,0
620007989716590|82001|1,TTTT,....,TTTT-....,4,4,0
620051096907178|79001|2,TTTT,....,TTTT-....,4,4,0
620051096907178|83001|1,TTT.,....,TTT.-....,3,3,0
620053925219160|83001|1,TTTT,....,TTTT-....,4,4,0
620060926339300|83001|1,UUTT,....,UUTT-....,4,2,1
620066689500994|80001|2,TTTT,TTTT,TTTT-TTTT,4,4,0
620092992029020|80001|2,TTTT,.N.N,TTTT-.N.N,4,4,0
620106933949592|79001|2,TTTT,.EEE,TTTT-.EEE,4,4,0
620106959428299|80001|1,TTNU,EEUE,TTNU-EEUE,4,2,2
620107952142296|81001|1,TTTT,TTTT,TTTT-TTTT,4,4,0
620125003846790|80001|1,TTTT,TTTT,TTTT-TTTT,4,4,0
620169659900905|87001|1,T...,....,T...-....,1,1,0
620199209600934|80001|1,TTTT,TTTT,TTTT-TTTT,4,4,0
620206901226391|83001|1,TTT.,....,TTT.-....,3,3,0
620306919163592|80001|1,TTTT,....,TTTT-....,4,4,0
620306919163592|80001|2,TTTT,....,TTTT-....,4,4,0
620306925814395|80001|2,TT..,....,TT..-....,2,2,0
620392025905695|81001|1,TTTT,TTT.,TTTT-TTT.,4,4,0
620407918421794|83001|1,TTT.,....,TTT.-....,3,3,0
620407965308093|81001|1,TTTT,TTTT,TTTT-TTTT,4,4,0
620409958698175|81001|2,T.T.,....,T.T.-....,2,2,0
620409958698175|81001|3,E.T.,....,E.T.-....,2,1,1
620409958698175|82001|1,TTTT,....,TTTT-....,4,4,0
620494074605489|82001|2,TTTT,....,TTTT-....,4,4,0
620509908651670|82001|1,TTTT,....,TTTT-....,4,4,0
620609955242621|79001|2,TTTT,TTTT,TTTT-TTTT,4,4,0
620609964265274|83001|1,TTT.,....,TTT.-....,3,3,0
620610282040070|79001|1,NNT.,....,NNT.-....,3,1,1
620661092736279|82001|2,TTTT,....,TTTT-....,4,4,0
620707908651690|79001|2,TTTT,TTTT,TTTT-TTTT,4,4,0
620707978685496|82001|2,TTTT,....,TTTT-....,4,4,0
620806937805390|79001|2,TTTT,TTTT,TTTT-TTTT,4,4,0
620853097746539|82001|1,TTTT,....,TTTT-....,4,4,0
620854094628489|82001|3,TTTT,....,TTTT-....,4,4,0
620870090016769|80001|2,TTTT,TTTT,TTTT-TTTT,4,4,0
620870098112019|87001|1,T...,....,T...-....,1,1,0
620879095238489|79001|3,TTTT,TTTT,TTTT-TTTT,4,4,0
620906957985791|83001|1,TTT.,....,TTT.-....,3,3,0
620909093841059|81001|1,NNTN,NNNN,NNTN-NNNN,4,1,2
620909093841059|82001|2,TTTT,TTTT,TTTT-TTTT,4,4,0
620911075327399|79001|1,EETU,NENN,EETU-NENN,4,1,2
620918097741339|81001|2,TTTT,EEEE,TTTT-EEEE,4,4,0
620934064638484|80001|1,TTTT,TTTT,TTTT-TTTT,4,4,0
620934064638484|82001|1,TTTT,....,TTTT-....,4,4,0
620935069722764|80001|1,TTTT,TNEE,TTTT-TNEE,4,4,0
620937027909469|83001|2,TT..,....,TT..-....,2,2,0
620943095937389|80001|1,TTTT,TTTT,TTTT-TTTT,4,4,0
620953075953389|82001|1,TTTT,EE..,TTTT-EE..,4,4,0
620953097741539|81001|1,TTTT,TTTT,TTTT-TTTT,4,4,0
620955099721769|80001|3,TTTT,TTTT,TTTT-TTTT,4,4,0
620961095343399|81001|1,TTTT,TTTT,TTTT-TTTT,4,4,0
620961095343399|81001|2,TTTT,TTTT,TTTT-TTTT,4,4,0
620975093843799|81001|2,TTTT,TTTT,TTTT-TTTT,4,4,0
620981072707279|83001|1,TT..,....,TT..-....,2,2,0
620983067725539|83001|2,TTTT,....,TTTT-....,4,4,0
620993097723539|80001|2,TTTT,TTTT,TTTT-TTTT,4,4,0
620994074603489|82001|2,TTTT,TT..,TTTT-TT..,4,4,0
621033915284960|81001|1,TTTT,TTTT,TTTT-TTTT,4,4,0
621033915284960|83001|2,T...,....,T...-....,1,1,0
621080043903395|82001|2,TTTT,....,TTTT-....,4,4,0
621099119400972|87001|2,T...,....,T...-....,1,1,0
621193129900979|83001|2,TTTT,....,TTTT-....,4,4,0
621307054909298|82001|2,TEEE,E...,TEEE-E...,4,1,1
621499119200972|82001|1,TTTT,TTT.,TTTT-TTT.,4,4,0
622035959069890|79001|2,TTTT,TTTT,TTTT-TTTT,4,4,0
622223006909161|83001|1,TTT.,....,TTT.-....,3,3,0
622253078909390|81001|1,TTTT,TNNN,TTTT-TNNN,4,4,0
622498019700924|83001|2,TTTT,....,TTTT-....,4,4,0
623052044909794|83001|3,TTTT,....,TTTT-....,4,4,0
623091099800714|87001|1,T...,....,T...-....,1,1,0
623294299100923|87001|1,T...,....,T...-....,1,1,0
623371939200737|83001|2,TTTT,....,TTTT-....,4,4,0
623807045909068|82001|2,TTTT,....,TTTT-....,4,4,0
623899840557307|81001|2,TTTT,T...,TTTT-T...,4,4,0
623899840557307|82001|2,TTTT,E...,TTTT-E...,4,4,0
624010957369270|79001|2,TTTT,....,TTTT-....,4,4,0
624010957419270|83001|2,TTTT,....,TTTT-....,4,4,0
624294031905797|83001|2,TTTN,....,TTTN-....,4,3,1
624294034909797|81001|1,TTTT,TTTT,TTTT-TTTT,4,4,0
624749098909691|82001|2,TTTT,....,TTTT-....,4,4,0
625020918319600|83001|1,TTUT,....,TTUT-....,4,3,2
625025845059560|80001|1,TTTT,TTTT,TTTT-TTTT,4,4,0
625039917339640|81001|1,TTTT,TTTT,TTTT-TTTT,4,4,0
626491909200962|83001|2,TT..,....,TT..-....,2,2,0
626591639300724|80001|1,TTTT,TTTT,TTTT-TTTT,4,4,0
626591639300724|80001|2,TTTT,NNNN,TTTT-NNNN,4,4,0
627091975344660|83001|1,TTT.,....,TTT.-....,3,3,0
627970109080970|81001|2,TNTT,TTTT,TNTT-TTTT,4,3,2
628033955224450|87001|1,T...,....,T...-....,1,1,0
628033955224450|87001|2,T...,....,T...-....,1,1,0
628071981259930|82001|2,TTTT,....,TTTT-....,4,4,0
628090039600963|81001|1,TT..,....,TT..-....,2,2,0
628091499600724|81001|2,TTTT,EEEE,TTTT-EEEE,4,4,0
628491499800924|87001|1,T...,....,T...-....,1,1,0
628493969800958|87001|1,T...,....,T...-....,1,1,0
629018979269170|80001|1,TTTT,....,TTTT-....,4,4,0
629195259000907|83001|2,TTTT,....,TTTT-....,4,4,0
629830511650910|81001|2,TETT,TTTT,TETT-TTTT,4,3,2
629830511650910|83001|1,TTTT,....,TTTT-....,4,4,0
629830511650910|83001|2,TTTT,....,TTTT-....,4,4,0
630006933405393|83001|2,UT..,....,UT..-....,2,1,1
630006991090190|79001|1,TTTT,.TTT,TTTT-.TTT,4,4,0
630006991090190|80001|3,ETEE,....,ETEE-....,4,1,2
630106980681297|80001|2,TTTT,TTTT,TTTT-TTTT,4,4,0
630106980681297|81001|2,TTTT,TTTT,TTTT-TTTT,4,4,0
630107900828295|80001|2,NTNT,TNNE,NTNT-TNNE,4,2,3
630107941982173|79001|1,TTTT,TTTT,TTTT-TTTT,4,4,0
630107948884590|82001|2,TTTT,....,TTTT-....,4,4,0
630107948884590|83001|1,NUT.,....,NUT.-....,3,1,2
630115004043870|81001|1,TTTT,TTTT,TTTT-TTTT,4,4,0
630115004043870|81001|2,TTTT,TTTT,TTTT-TTTT,4,4,0
630149001522120|81001|1,UTTT,T.TT,UTTT-T.TT,4,3,1
630159007223660|82001|1,TT.E,EE..,TT.E-EE..,3,2,1
630159107223660|83001|1,TTUE,....,TTUE-....,4,2,2
630191019918520|81001|2,TTTT,TTTT,TTTT-TTTT,4,4,0
630191019918520|83001|1,T...,....,T...-....,1,1,0
630306999443692|83001|1,TTT.,....,TTT.-....,3,3,0
630307952955992|80001|2,TTTT,TTTT,TTTT-TTTT,4,4,0
630309960881479|83001|2,TTT.,....,TTT.-....,3,3,0
630409951481477|80001|1,TTTT,TTTT,TTTT-TTTT,4,4,0
630409951481477|81001|1,TTTT,TTT.,TTTT-TTT.,4,4,0
630409951481477|82001|2,TTTT,....,TTTT-....,4,4,0
630409975257177|82001|1,TTTT,....,TTTT-....,4,4,0
630413380600134|80001|2,TNTT,....,TNTT-....,4,3,2
630413380600134|81001|2,TTTT,....,TTTT-....,4,4,0
630465092301059|80001|1,TTTT,TTTT,TTTT-TTTT,4,4,0
630465092301059|80001|2,TTTT,TTTT,TTTT-TTTT,4,4,0
630509978592073|79001|2,TTTT,TTTT,TTTT-TTTT,4,4,0
630521099918529|82001|1,TTTT,....,TTTT-....,4,4,0
630599077202669|87001|2,T...,....,T...-....,1,1,0
630606970797892|83001|1,TTT.,....,TTT.-....,3,3,0
630609831527272|82001|1,TTTT,....,TTTT-....,4,4,0
630609900890472|82001|1,TTTT,....,TTTT-....,4,4,0
630609915607678|79001|1,TTTT,TTTT,TTTT-TTTT,4,4,0
630609944477340|80001|3,TTTN,EEEE,TTTN-EEEE,4,3,1
630609978390940|81001|1,TEEE,NNEE,TEEE-NNEE,4,1,1
630623099918289|79001|4,TTT.,....,TTT.-....,3,3,0
630623099918289|82001|1,TEEE,....,TEEE-....,4,1,1
630623099918289|83001|2,T...,....,T...-....,1,1,0
630672093314699|80001|2,TTTT,TTTT,TTTT-TTTT,4,4,0
630672093314699|81001|2,TTTT,TTTT,TTTT-TTTT,4,4,0
630706900762096|80001|2,TTTT,TTTT,TTTT-TTTT,4,4,0
630706938178996|79001|1,TTTT,EEEE,TTTT-EEEE,4,4,0
630706978059698|83001|1,UTT.,....,UTT.-....,3,2,1
630709923199379|80001|1,TTUU,....,TTUU-....,4,2,1
630709923550571|82001|2,TTTT,....,TTTT-....,4,4,0
630759097221669|80001|1,TTTT,....,TTTT-....,4,4,0
630787095601999|83001|2,TTTT,....,TTTT-....,4,4,0
630806972079590|81001|2,TTTT,TTTT,TTTT-TTTT,4,4,0
630807967480592|82001|1,TTTT,....,TTTT-....,4,4,0
630821099912529|81001|1,TTT.,....,TTT.-....,3,3,0
630863099932289|80001|1,TTTT,....,TTTT-....,4,4,0
630906912902492|82001|1,TTTT,....,TTTT-....,4,4,0
630909946449975|79001|1,TTTT,TTTT,TTTT-TTTT,4,4,0
630909974529246|79001|2,TEEE,EEEE,TEEE-EEEE,4,1,1
630909992306972|83001|1,TTT.,....,TTT.-....,3,3,0
630909999139979|81001|1,TTTT,TTTT,TTTT-TTTT,4,4,0
630920092047069|79001|2,TTTT,TTTT,TTTT-TTTT,4,4,0
630930072025069|82001|1,TTTT,....,TTTT-....,4,4,0
630939061528124|82001|1,TTTT,....,TTTT-....,4,4,0
630940092007069|80001|2,TTTT,TTTT,TTTT-TTTT,4,4,0
630940092031069|80001|2,TTTT,TTTT,TTTT-TTTT,4,4,0
630976094027419|79001|2,TTTT,TTTT,TTTT-TTTT,4,4,0
630987075603999|81001|1,TTTT,TTTT,TTTT-TTTT,4,4,0
630987075603999|81001|2,TTTT,TTTT,TTTT-TTTT,4,4,0
630990092021069|80001|2,UTNN,EEEE,UTNN-EEEE,4,1,2
631000038950917|81001|1,TTTT,....,TTTT-....,4,4,0
631008901359600|81001|1,TT..,TTET,TT..-TTET,2,2,0
631019480119001|79001|1,TTTT,TTTT,TTTT-TTTT,4,4,0
631033991324580|81001|1,TTTT,EEEE,TTTT-EEEE,4,4,0
631047941359860|81001|1,TTTT,NN..,TTTT-NN..,4,4,0
631047941359860|83001|1,EEET,....,EEET-....,4,1,1
631175046909297|82001|2,TTTT,....,TTTT-....,4,4,0
631225036907094|79001|1,TTTT,NEEE,TTTT-NEEE,4,4,0
631309110900172|83001|2,ETTT,....,ETTT-....,4,3,1
631429820649408|82001|2,TTTT,TTT.,TTTT-TTT.,4,4,0
631600091090110|81001|2,TTTN,TNNN,TTTN-TNNN,4,3,1
631705056909398|83001|2,TTT.,....,TTT.-....,3,3,0
632008010600124|80001|2,TTTT,TTTT,TTTT-TTTT,4,4,0
632011959059110|80001|1,TTTT,TTTT,TTTT-TTTT,4,4,0
632938071906473|81001|1,TTTT,EEEE,TTTT-EEEE,4,4,0
632986024909568|83001|1,TTTT,....,TTTT-....,4,4,0
633044995559380|83001|1,ETEE,....,ETEE-....,4,1,2
633044995559380|83001|2,TEEE,....,TEEE-....,4,1,1
633271099400814|82001|1,T..T,TT..,T..T-TT..,2,2,0
633294012907578|83001|2,EEET,....,EEET-....,4,1,1
633522068909699|82001|3,TTTT,....,TTTT-....,4,4,0
633986023903578|81001|1,TNEE,NNNN,TNEE-NNNN,4,1,2
634819580757209|82001|1,TTTT,....,TTTT-....,4,4,0
635036944559350|81001|1,TTTT,TTTT,TTTT-TTTT,4,4,0
635291139800892|83001|1,TTTT,....,TTTT-....,4,4,0
635355095001008|83001|1,TTTT,....,TTTT-....,4,4,0
635562078909797|81001|1,TT..,....,TT..-....,2,2,0
635905034909693|83001|1,EETT,....,EETT-....,4,2,1
636375699300622|82001|2,TTTT,TN..,TTTT-TN..,4,4,0
636498179600843|83001|2,T.TT,....,T.TT-....,3,3,0
637052967459470|82001|1,TTTN,....,TTTN-....,4,3,1
637056967039470|80001|2,TTET,NNEE,TTET-NNEE,4,3,2
637056967039470|82001|1,TTTT,....,TTTT-....,4,4,0
637760422530980|80001|1,TTTT,EEEE,TTTT-EEEE,4,4,0
638100030300163|83001|1,TTTT,....,TTTT-....,4,4,0
638462449000968|80001|2,TTTT,TTTT,TTTT-TTTT,4,4,0
638462449000968|81001|2,TTTT,T...,TTTT-T...,4,4,0
638819520759009|83001|1,TTTN,....,TTTN-....,4,3,1
639060574780920|80001|1,TTTT,TTTT,TTTT-TTTT,4,4,0
639060917454240|81001|1,TTTT,TTTT,TTTT-TTTT,4,4,0
639393679600889|81001|1,T.TT,TTNT,T.TT-TTNT,3,3,0
639580737180940|81001|2,TTTT,TTTT,TTTT-TTTT,4,4,0
639630915120980|82001|2,TTTT,....,TTTT-....,4,4,0
639720642890922|80001|3,EE.T,....,EE.T-....,3,1,1
639740812110940|81001|1,TTNT,....,TTNT-....,4,3,2
639979980559007|83001|2,T...,....,T...-....,1,1,0
640006927901399|79001|2,TTT.,....,TTT.-....,3,3,0
640045944069660|79001|2,T..T,TTTT,T..T-TTTT,2,2,0
640107940456793|82001|2,TTTT,....,TTTT-....,4,4,0
640150074314149|82001|1,TTTT,....,TTTT-....,4,4,0
640209912190172|80001|2,TTTT,EEEE,TTTT-EEEE,4,4,0
640209918260175|81001|2,TTTE,E...,TTTE-E...,4,3,1
640209939935443|80001|2,TTTT,TTTT,TTTT-TTTT,4,4,0
640250094315149|81001|2,TT.T,TTTT,TT.T-TTTT,3,3,0
640506921096498|80001|2,TTTT,.EEE,TTTT-.EEE,4,4,0
640520094336149|83001|1,TTT.,....,TTT.-....,3,3,0
640557098222719|80001|1,TTTT,TETT,TTTT-TETT,4,4,0
640557098222719|81001|1,TTTT,TTTT,TTTT-TTTT,4,4,0
640590074308149|83001|1,T...,....,T...-....,1,1,0
640600094314149|80001|1,TTTT,TTTT,TTTT-TTTT,4,4,0
640606918421794|81001|1,TTTT,TET.,TTTT-TET.,4,4,0
640607936019690|81001|1,TTTT,TTTT,TTTT-TTTT,4,4,0
640706984006597|82001|1,TTTT,....,TTTT-....,4,4,0
640720094335149|81001|1,TTTT,....,TTTT-....,4,4,0
640781091347598|79001|1,TTTT,TTTT,TTTT-TTTT,4,4,0
640787098237719|82001|2,TTTT,....,TTTT-....,4,4,0
640806971037498|83001|1,TTT.,....,TTT.-....,3,3,0
640809912902472|79001|1,TTTT,EEEE,TTTT-EEEE,4,4,0
640809912902472|82001|1,TTTT,....,TTTT-....,4,4,0
640809915199174|83001|2,TTT.,....,TTT.-....,3,3,0
640847098236719|83001|1,TEE.,....,TEE.-....,3,1,1
640868098012879|83001|2,TTTT,....,TTTT-....,4,4,0
640876090432449|83001|2,TTTT,....,TTTT-....,4,4,0
640890074302149|83001|3,TTTN,....,TTTN-....,4,3,1
640909959975949|81001|1,TTTE,EEEE,TTTE-EEEE,4,3,1
640909986526573|79001|1,TTTT,TTTT,TTTT-TTTT,4,4,0
640930094357149|83001|2,TT..,....,TT..-....,2,2,0
641007984159630|83001|2,TTTT,....,TTTT-....,4,4,0
641032970029810|82001|2,TTTT,TTT.,TTTT-TTT.,4,4,0
641494569200959|83001|2,TTTT,....,TTTT-....,4,4,0
642069981319290|80001|2,TTTT,.TTN,TTTT-.TTN,4,4,0
642284036909191|82001|1,TTTT,....,TTTT-....,4,4,0
642339280399408|82001|2,TT..,....,TT..-....,2,2,0
642391119100901|81001|1,TTTT,EEEE,TTTT-EEEE,4,4,0
642807043908098|80001|2,TT..,..EE,TT..-..EE,2,2,0
643026003908293|80001|1,TTTT,TNTT,TTTT-TNTT,4,4,0
643037979359110|83001|1,TTTT,....,TTTT-....,4,4,0
643056986539840|83001|2,TTTT,....,TTTT-....,4,4,0
643139540679302|81001|1,TTTT,TTTT,TTTT-TTTT,4,4,0
643139540679302|82001|1,TTT.,T...,TTT.-T...,3,3,0
643139540679302|83001|2,TTTT,....,TTTT-....,4,4,0
643191099000914|83001|1,TTTT,....,TTTT-....,4,4,0
643496026909491|79001|1,TTTT,TTTT,TTTT-TTTT,4,4,0
644056928459920|82001|1,TTTT,....,TTTT-....,4,4,0
644091449600718|81001|2,TTTT,TTTT,TTTT-TTTT,4,4,0
644092925084780|80001|2,TTT.,EEEE,TTT.-EEEE,3,3,0
644093119600982|83001|1,TTTT,....,TTTT-....,4,4,0
645091139600292|82001|1,TTTT,T...,TTTT-T...,4,4,0
645233008909395|83001|2,T...,....,T...-....,1,1,0
645492169800925|82001|1,TTTU,....,TTTU-....,4,3,1
645492169800925|82001|2,TTTN,....,TTTN-....,4,3,1
646011928224130|80001|1,TTTT,TTTT,TTTT-TTTT,4,4,0
646031901559700|80001|1,TNNN,NNNN,TNNN-NNNN,4,1,1
646040944524760|82001|1,TTTT,TTT.,TTTT-TTT.,4,4,0
646395699800722|82001|2,TTTT,N...,TTTT-N...,4,4,0
646729240589003|80001|1,UTTT,.TTT,UTTT-.TTT,4,3,1
647051961059890|81001|1,TTTT,....,TTTT-....,4,4,0
647051961059890|82001|1,TTTT,....,TTTT-....,4,4,0
647240932180950|80001|1,NTNN,NNNN,NTNN-NNNN,4,1,2
647490356220970|82001|1,TTTT,....,TTTT-....,4,4,0
648005934559720|81001|1,TTTT,TTTT,TTTT-TTTT,4,4,0
648240932180910|82001|1,TTTT,E.NN,TTTT-E.NN,4,4,0
649093679600989|80001|1,TTTT,TTTT,TTTT-TTTT,4,4,0
649100581740913|83001|1,NNTE,....,NNTE-....,4,1,2
649100581740913|83001|2,TTTT,....,TTTT-....,4,4,0
649130589880933|83001|1,TTNN,....,TTNN-....,4,2,1
649170798680953|80001|2,E.ET,EEEE,E.ET-EEEE,3,1,1
649329440547000|83001|1,TEEE,....,TEEE-....,4,1,1
649330303540913|81001|1,NTEE,..EE,NTEE-..EE,4,1,2
649496359700914|83001|2,NTTT,....,NTTT-....,4,3,1
649580617680933|83001|1,TTTT,....,TTTT-....,4,4,0
649630915120930|81001|3,TTTT,....,TTTT-....,4,4,0
650006439306189|80001|1,TTTT,....,TTTT-....,4,4,0
650006922103190|82001|1,TTTT,....,TTTT-....,4,4,0
650090049600163|83001|1,TTTT,....,TTTT-....,4,4,0
650279520779101|81001|2,TTTT,TTTT,TTTT-TTTT,4,4,0
650307955462592|83001|1,TTT.,....,TTT.-....,3,3,0
650309924582443|83001|2,TTT.,....,TTT.-....,3,3,0
650310093716459|83001|2,TT..,....,TT..-....,2,2,0
650406980950294|80001|1,TTTT,TTTT,TTTT-TTTT,4,4,0
650450093735459|83001|2,TTTT,....,TTTT-....,4,4,0
650460093701459|82001|1,TEEE,NTTT,TEEE-NTTT,4,1,1
650496026909491|81001|4,NTNN,NNNN,NTNN-NNNN,4,1,2
650507917688696|82001|2,UTTE,....,UTTE-....,4,2,2
650609931735475|81001|2,TT.T,TTTT,TT.T-TTTT,3,3,0
650731070533229|83001|1,EENT,....,EENT-....,4,1,2
650850093738459|83001|2,T...,....,T...-....,1,1,0
650860093718459|81001|2,T.TT,..TT,T.TT-..TT,3,3,0
650860093718459|83001|2,T...,....,T...-....,1,1,0
650860093718459|83001|3,T...,....,T...-....,1,1,0
650901090551229|81001|2,TTTT,TT.T,TTTT-TT.T,4,4,0
650941090533229|82001|1,TTTT,TT..,TTTT-TT..,4,4,0
650960093713459|80001|2,T...,....,T...-....,1,1,0
650995018909297|79001|2,TTTT,TTTT,TTTT-TTTT,4,4,0
650995018909297|83001|2,T...,....,T...-....,1,1,0
651905017001708|80001|2,TTTT,TTTT,TTTT-TTTT,4,4,0
652024034909297|82001|1,TTTT,T...,TTTT-T...,4,4,0
652284035908191|81001|2,TTTT,TTTT,TTTT-TTTT,4,4,0
652522066909699|83001|2,TTT.,....,TTT.-....,3,3,0
653053974244130|83001|2,TNTT,....,TNTT-....,4,3,2
653055947019060|81001|2,TTTT,TTTT,TTTT-TTTT,4,4,0
653571099000814|81001|2,TT..,....,TT..-....,2,2,0
654032966459210|81001|1,TTTT,TTTT,TTTT-TTTT,4,4,0
654033866374210|79001|1,TTTT,N.N.,TTTT-N.N.,4,4,0
654080922244020|80001|2,ETTT,....,ETTT-....,4,3,1
654095949524640|81001|1,ETTT,....,ETTT-....,4,3,1
654160414000998|82001|2,TTTT,....,TTTT-....,4,4,0
654279520779301|83001|1,TTTT,....,TTTT-....,4,4,0
654294038909777|80001|1,TTTT,TTTT,TTTT-TTTT,4,4,0
654294038909777|83001|2,T...,....,T...-....,1,1,0
654522068909679|81001|2,TTTT,EEEE,TTTT-EEEE,4,4,0
654749093001601|81001|1,TTTN,NNN.,TTTN-NNN.,4,3,1
654749093001601|82001|2,TTTT,TT..,TTTT-TT..,4,4,0
655021911339480|82001|2,TUNT,TT..,TUNT-TT..,4,2,3
655081989259170|81001|2,TTTT,TTTT,TTTT-TTTT,4,4,0
655629026909897|83001|2,TTT.,....,TTT.-....,3,3,0
655705057908398|83001|1,TT..,....,TT..-....,2,2,0
655899480139208|83001|2,T...,....,T...-....,1,1,0
655950063908095|83001|1,TTTT,....,TTTT-....,4,4,0
656098986159830|82001|1,TTTT,....,TTTT-....,4,4,0
656170729000199|82001|2,TTTT,....,TTTT-....,4,4,0
656259780529308|83001|2,T...,....,T...-....,1,1,0
656389620429302|80001|1,TTNE,TTTT,TTNE-TTTT,4,2,2
656390729400599|80001|1,TTTT,.TTT,TTTT-.TTT,4,4,0
656570198940930|81001|3,TNNE,UUEE,TNNE-UUEE,4,1,2
657490356220920|82001|2,UUUT,ENN.,UUUT-ENN.,4,1,1
658029840859107|80001|1,EEET,....,EEET-....,4,1,1
658060982139140|80001|2,T...,....,T...-....,1,1,0
659050754740941|83001|2,TTTT,....,TTTT-....,4,4,0
659090849600861|81001|1,TTTT,TTTN,TTTT-TTTN,4,4,0
659090849600861|81001|2,TTTT,TTTU,TTTT-TTTU,4,4,0
659350932490960|82001|1,TNNN,....,TNNN-....,4,1,1
659390849000861|82001|1,TTTT,....,TTTT-....,4,4,0
659409540477007|80001|1,ETTT,....,ETTT-....,4,3,1
659440219600943|80001|1,TTTT,TTTT,TTTT-TTTT,4,4,0
659440219600943|82001|1,TTTT,T...,TTTT-T...,4,4,0
659495259200507|82001|3,TTTT,....,TTTT-....,4,4,0
659710423110923|80001|1,TTTT,TTTT,TTTT-TTTT,4,4,0
659800018720960|79001|1,TTTT,EEEE,TTTT-EEEE,4,4,0
659830557640940|80001|2,TTTT,TTTT,TTTT-TTTT,4,4,0
659850559490920|83001|1,TTTT,....,TTTT-....,4,4,0
659960396980963|82001|1,TTTT,....,TTTT-....,4,4,0
660026006909293|83001|1,TTT.,....,TTT.-....,3,3,0
660102048909994|81001|1,TTTT,TTTT,TTTT-TTTT,4,4,0
660155083908193|81001|1,TTTT,TTTT,TTTT-TTTT,4,4,0
660155083908193|81001|2,NNNT,NTNN,NNNT-NTNN,4,1,1
660223006909191|83001|1,TTT.,....,TTT.-....,3,3,0
660223006909191|83001|2,TTT.,....,TTT.-....,3,3,0
660355093906098|83001|1,ETTT,....,ETTT-....,4,3,1
660355096909098|80001|1,TTTT,TTTT,TTTT-TTTT,4,4,0
660473389600934|80001|1,TTTT,TTTT,TTTT-TTTT,4,4,0
660490629800931|79001|2,NTTT,EEEE,NTTT-EEEE,4,3,1
660545081901793|80001|1,TT..,....,TT..-....,2,2,0
660545083806793|83001|1,TTT.,....,TTT.-....,3,3,0
660545087908793|82001|5,TTTT,....,TTTT-....,4,4,0
660562075001707|82001|1,TTTT,....,TTTT-....,4,4,0
660905014909798|81001|2,TTTT,T.T.,TTTT-T.T.,4,4,0
661055971339280|81001|1,TTTT,EEEE,TTTT-EEEE,4,4,0
661842024909792|80001|2,TTTT,TTTT,TTTT-TTTT,4,4,0
661842024909792|83001|1,TTTT,....,TTTT-....,4,4,0
661905015905798|83001|1,TTTT,....,TTTT-....,4,4,0
662005087908794|79001|2,TTTT,TTTT,TTTT-TTTT,4,4,0
662005087908794|83001|1,TT..,....,TT..-....,2,2,0
662030900559060|80001|1,ETTT,EEEE,ETTT-EEEE,4,3,1
662049948124830|87001|1,T...,....,T...-....,1,1,0
662049948124830|87001|2,T...,....,T...-....,1,1,0
662253074909390|83001|2,TTTT,....,TTTT-....,4,4,0
662649068909098|81001|1,TTTT,TTTT,TTTT-TTTT,4,4,0
662821013908794|81001|2,NNNT,T.TT,NNNT-T.TT,4,1,1
662890054904393|83001|2,NUTT,....,NUTT-....,4,2,2
663096937459920|82001|1,TTTT,....,TTTT-....,4,4,0
663097094909895|83001|1,TTTT,....,TTTT-....,4,4,0
663123098909792|82001|2,TTTT,....,TTTT-....,4,4,0
663155083905193|82001|3,TTTT,T...,TTTT-T...,4,4,0
663155088904193|79001|1,TTTT,TTTT,TTTT-TTTT,4,4,0
663159020917506|87001|1,T...,....,T...-....,1,1,0
663199839700924|81001|4,TTTT,T.E.,TTTT-T.E.,4,4,0
663209180257305|79001|2,TTTT,TTTT,TTTT-TTTT,4,4,0
663259071906598|81001|1,TUNN,TTTT,TUNN-TTTT,4,1,2
663291939400937|79001|2,TTTT,TTTT,TTTT-TTTT,4,4,0
663562072907797|81001|2,TTTT,TTTT,TTTT-TTTT,4,4,0
663562073905797|80001|2,TTTT,TTTT,TTTT-TTTT,4,4,0
663719055908890|81001|2,TTTT,EEEE,TTTT-EEEE,4,4,0
663719055908890|81001|3,TTTT,EEEE,TTTT-EEEE,4,4,0
663842024907792|82001|2,TTT.,T...,TTT.-T...,3,3,0
664040957469030|82001|1,TTNE,....,TTNE-....,4,2,2
664253074907390|81001|1,TTTT,TTTE,TTTT-TTTE,4,4,0
664253074907390|83001|2,NNTT,....,NNTT-....,4,2,1
665197059700990|82001|1,TTTT,....,TTTT-....,4,4,0
665590919500403|83001|1,TTT.,....,TTT.-....,3,3,0
665644018909990|80001|1,TTTT,TTTT,TTTT-TTTT,4,4,0
665644018909990|80001|2,TTTT,EEEE,TTTT-EEEE,4,4,0
666062976084800|82001|1,TTTT,....,TTTT-....,4,4,0
666070999539200|80001|2,TTTT,TTTT,TTTT-TTTT,4,4,0
666073999284200|82001|1,TTTT,....,TTTT-....,4,4,0
666074999069200|80001|1,TTTT,T...,TTTT-T...,4,4,0
666190729500299|82001|2,TTTT,....,TTTT-....,4,4,0
666196799700964|79001|1,TTTT,....,TTTT-....,4,4,0
666495699900922|81001|2,TTTT,TTTT,TTTT-TTTT,4,4,0
666495699900922|82001|1,TTTT,....,TTTT-....,4,4,0
667033962249960|82001|1,TTTT,T...,TTTT-T...,4,4,0
667059964239880|83001|3,TTTT,....,TTTT-....,4,4,0
668065921439270|83001|1,NTTT,....,NTTT-....,4,3,1
668290039100963|82001|1,TTTT,....,TTTT-....,4,4,0
668290039100963|82001|2,TTTT,....,TTTT-....,4,4,0
669019943339410|83001|3,UNT.,....,UNT.-....,3,1,2
669050754740981|79001|1,TTTT,TTTN,TTTT-TTTN,4,4,0
669051950239150|80001|2,TTTT,EEEE,TTTT-EEEE,4,4,0
669053869289580|80001|1,EETE,EEEE,EETE-EEEE,4,1,2
669055969069580|82001|1,TTTT,....,TTTT-....,4,4,0
669055969069580|82001|2,TTTT,....,TTTT-....,4,4,0
669140325700980|79001|1,T.TT,ENNU,T.TT-ENNU,3,3,0
669191759700918|80001|2,TTT.,TTTT,TTT.-TTTT,3,3,0
669267744100852|82001|1,UNNT,....,UNNT-....,4,1,2
669291759200918|83001|1,TTT.,....,TTT.-....,3,3,0
669380976810924|82001|1,TTT.,....,TTT.-....,3,3,0
669400225820960|79001|2,TTT.,....,TTT.-....,3,3,0
669410183290983|82001|2,TTTT,....,TTTT-....,4,4,0
669450067380963|80001|1,TTTT,TTTT,TTTT-TTTT,4,4,0
669450067380963|80001|4,TTTT,TTTT,TTTT-TTTT,4,4,0
669520493800943|82001|1,TTTT,N...,TTTT-N...,4,4,0
669550562240940|81001|1,TTTT,TTTT,TTTT-TTTT,4,4,0
669630608030980|81001|2,TTEE,EEEE,TTEE-EEEE,4,2,1
669640609810960|81001|2,TTTT,TTTT,TTTT-TTTT,4,4,0
669679980639002|83001|1,T...,....,T...-....,1,1,0
669840978280940|80001|1,TTTT,TTTT,TTTT-TTTT,4,4,0
670008919419020|82001|1,TTTT,....,TTTT-....,4,4,0
670077939269210|81001|1,TNTN,TTTT,TNTN-TTTT,4,2,3
670098968239850|81001|2,E.TE,.EEE,E.TE-.EEE,3,1,2
670314072416019|83001|1,TTT.,....,TTT.-....,3,3,0
670614092416018|81001|2,TTTT,ETTT,TTTT-ETTT,4,4,0
670814072418018|83001|1,T...,....,T...-....,1,1,0
670850092456479|83001|1,TTT.,....,TTT.-....,3,3,0
670926095447769|83001|1,TT..,....,TT..-....,2,2,0
670934092437019|81001|1,TTTT,TTTT,TTTT-TTTT,4,4,0
670990092433479|80001|2,TTTT,T...,TTTT-T...,4,4,0
670994092407019|80001|1,TTTT,TTTT,TTTT-TTTT,4,4,0
670994092407019|80001|2,TTTT,TTTT,TTTT-TTTT,4,4,0
671053989284530|81001|1,TTTT,TTTT,TTTT-TTTT,4,4,0
671066905539890|82001|2,TTTT,TT..,TTTT-TT..,4,4,0
671139098909091|80001|1,TNEE,EEEE,TNEE-EEEE,4,1,2
671284038909191|80001|2,TTTT,..TT,TTTT-..TT,4,4,0
671284038909191|82001|1,TTTT,....,TTTT-....,4,4,0
672417098909372|81001|1,NTTT,TTTT,NTTT-TTTT,4,3,1
673191938700037|81001|2,TTTT,TNNN,TTTT-TNNN,4,4,0
673294034909797|83001|2,EETT,....,EETT-....,4,2,1
673332097908891|81001|2,TTTT,...E,TTTT-...E,4,4,0
673759840609109|83001|1,TTTE,....,TTTE-....,4,3,1
674053905244190|82001|1,TTTT,T...,TTTT-T...,4,4,0
674053905244190|83001|1,TTTT,....,TTTT-....,4,4,0
674059905119190|80001|3,TTTT,....,TTTT-....,4,4,0
674095962089930|79001|2,EEET,EEEE,EEET-EEEE,4,1,1
674475599600885|81001|2,TTTT,TTTT,TTTT-TTTT,4,4,0
674819240949309|80001|2,T.TT,TTTT,T.TT-TTTT,3,3,0
675002919019530|83001|1,TTTT,....,TTTT-....,4,4,0
675018944239180|81001|1,TTTT,TTTT,TTTT-TTTT,4,4,0
676037947339570|80001|1,TETT,TTT.,TETT-TTT.,4,3,2
676039847229570|81001|2,TTTT,TTTT,TTTT-TTTT,4,4,0
676080831534820|82001|1,ETTT,TT..,ETTT-TT..,4,3,1
676589280049009|79001|1,TTTT,TTTT,TTTT-TTTT,4,4,0
677029976339640|83001|1,TTTT,....,TTTT-....,4,4,0
677029976339640|83001|2,TT..,....,TT..-....,2,2,0
677499868800814|80001|1,TENN,NNNT,TENN-NNNT,4,1,2
678050954424280|80001|1,TTTT,TTTT,TTTT-TTTT,4,4,0
678059340749404|83001|2,TN..,....,TN..-....,2,1,1
678860255500910|80001|2,TTTT,TTTT,TTTT-TTTT,4,4,0
679040962990953|81001|1,TTTT,TTTT,TTTT-TTTT,4,4,0
679040988870930|81001|1,TTTT,TTTT,TTTT-TTTT,4,4,0
679250365300933|80001|1,TTTT,TTTT,TTTT-TTTT,4,4,0
679250482690952|81001|2,EETE,EEE.,EETE-EEE.,4,1,2
679280954850953|82001|2,EE.T,....,EE.T-....,3,1,1
679350932490950|82001|1,TNEE,....,TNEE-....,4,1,2
679450003680953|80001|1,T...,....,T...-....,1,1,0
679450003680953|80001|2,NTNN,NNNN,NTNN-NNNN,4,1,2
679470194970950|82001|1,TTT.,....,TTT.-....,3,3,0
679470194970950|82001|2,TTT.,....,TTT.-....,3,3,0
679610791120935|82001|1,TTTT,TT..,TTTT-TT..,4,4,0
679640600030970|81001|2,NTNN,TTTT,NTNN-TTTT,4,1,2
679660541590970|81001|1,TTTT,TUTT,TTTT-TUTT,4,4,0
679700327590932|82001|1,TTTT,TT..,TTTT-TT..,4,4,0
680006017001505|80001|2,TTTT,TTTT,TTTT-TTTT,4,4,0
680021977239280|83001|1,TTTT,....,TTTT-....,4,4,0
680269659700905|81001|1,TTTT,TTTT,TTTT-TTTT,4,4,0
680279209700934|80001|1,TTTT,....,TTTT-....,4,4,0
680279209700934|80001|2,UNTN,....,UNTN-....,4,1,3
680644014909990|80001|1,UTTT,TTTT,UTTT-TTTT,4,3,1
680850097142449|82001|2,TTTT,T.N.,TTTT-T.N.,4,4,0
680963097317179|83001|1,TT..,....,TT..-....,2,2,0
680973067313179|82001|1,TTTT,TT..,TTTT-TT..,4,4,0
680973067313179|82001|2,TTTT,TT..,TTTT-TT..,4,4,0
681071944219570|80001|1,TTTE,EEEE,TTTE-EEEE,4,3,1
681071944219570|80001|2,TTNT,TTTT,TTNT-TTTT,4,3,2
681274699400970|81001|3,T.NE,NNEE,T.NE-NNEE,3,1,2
681332097908891|81001|5,TNTT,TTTT,TNTT-TTTT,4,3,2
681394569400759|80001|1,TTTT,TTTT,TTTT-TTTT,4,4,0
681569119600972|83001|3,T...,....,T...-....,1,1,0
682059620399105|82001|1,TTTT,....,TTTT-....,4,4,0
683082954049600|81001|1,TTTT,....,TTTT-....,4,4,0
683094073908697|81001|2,TTTT,TTTT,TTTT-TTTT,4,4,0
683284036909191|83001|1,TTT.,....,TTT.-....,3,3,0
684026008907293|80001|1,TE..,UNNN,TE..-UNNN,2,1,1
684049820067207|87001|1,T...,....,T...-....,1,1,0
684050815329290|81001|2,TTTT,EEEE,TTTT-EEEE,4,4,0
684091448600718|80001|1,TTTT,UT..,TTTT-UT..,4,4,0
684124092902198|80001|1,EET.,NUUU,EET.-NUUU,3,1,1
684255086909396|80001|1,TTTT,EE.E,TTTT-EE.E,4,4,0
684266479300944|79001|1,TTTT,EE.T,TTTT-EE.T,4,4,0
684336046909096|79001|1,TTTT,TTTT,TTTT-TTTT,4,4,0
684477007909669|82001|2,TTTT,....,TTTT-....,4,4,0
684497719800438|79001|1,TTTT,TTTT,TTTT-TTTT,4,4,0
684660541590635|83001|1,ENET,....,ENET-....,4,1,3
684672056909199|82001|1,TTTT,....,TTTT-....,4,4,0
684741088909191|79001|1,TTTT,TTTT,TTTT-TTTT,4,4,0
684944043903593|81001|1,TTTT,EEEE,TTTT-EEEE,4,4,0
684963028909195|80001|1,TTTT,TTTT,TTTT-TTTT,4,4,0
685461719200955|79001|1,TTTT,TTTT,TTTT-TTTT,4,4,0
686041986584420|81001|1,TTTT,T...,TTTT-T...,4,4,0
686041986584420|83001|2,T...,....,T...-....,1,1,0
686329540309006|82001|2,TTTT,T...,TTTT-T...,4,4,0
687368979500991|80001|1,T..T,EEEE,T..T-EEEE,2,2,0
687368979500991|80001|2,T..E,EEEE,T..E-EEEE,2,1,1
687498979900791|80001|2,TTTT,....,TTTT-....,4,4,0
687830557640960|79001|1,TTTT,NNNN,TTTT-NNNN,4,4,0
688079920369010|79001|2,TTTT,TTTU,TTTT-TTTU,4,4,0
688140131100960|82001|2,NNTT,....,NNTT-....,4,2,1
688470975010920|81001|1,TTTT,EEEE,TTTT-EEEE,4,4,0
688830557640920|80001|2,TTTT,TTTT,TTTT-TTTT,4,4,0
688830557640920|81001|2,TTTT,TTTT,TTTT-TTTT,4,4,0
689061897229500|80001|1,TTTT,TTTT,TTTT-TTTT,4,4,0
689061897229500|81001|2,TTT.,....,TTT.-....,3,3,0
689061897229500|87001|2,T...,....,T...-....,1,1,0
689080126720940|82001|1,TTTT,T...,TTTT-T...,4,4,0
689087982169590|83001|1,TTT.,....,TTT.-....,3,3,0
689174349900906|80001|1,TTTT,TTTT,TTTT-TTTT,4,4,0
689230048530943|81001|1,TTTT,.ETT,TTTT-.ETT,4,4,0
689250717140983|79001|3,TTTT,NT.T,TTTT-NT.T,4,4,0
689270968620980|82001|3,TTTT,....,TTTT-....,4,4,0
689280954850960|82001|1,TTTT,....,TTTT-....,4,4,0
689320399530940|80001|1,TTNT,....,TTNT-....,4,3,2
689360458720940|82001|2,TTTT,T...,TTTT-T...,4,4,0
689400186890940|80001|1,E..T,....,E..T-....,2,1,1
689400611360960|80001|1,NNTN,EEEE,NNTN-EEEE,4,1,2
689440370740724|82001|1,TTTT,TTT.,TTTT-TTT.,4,4,0
689440422910962|80001|2,TTTT,TTTT,TTTT-TTTT,4,4,0
689480939660943|82001|1,TTTT,T...,TTTT-T...,4,4,0
689570717440980|82001|1,TTT.,....,TTT.-....,3,3,0
689580732600943|81001|2,TTTT,TTTT,TTTT-TTTT,4,4,0
689640114480980|80001|1,TTTT,TTTT,TTTT-TTTT,4,4,0
689690218440960|82001|1,TTTT,....,TTTT-....,4,4,0
689690218440960|82001|2,TTTT,....,TTTT-....,4,4,0
689700323650984|83001|1,T...,....,T...-....,1,1,0
689750447070960|82001|1,TTTT,....,TTTT-....,4,4,0
689790960510960|82001|1,TTTT,....,TTTT-....,4,4,0
689810463910962|83001|2,TTT.,....,TTT.-....,3,3,0
689840978280963|81001|1,TTTT,TTTT,TTTT-TTTT,4,4,0
689880982400962|79001|2,TE.T,TTTT,TE.T-TTTT,3,2,2
689910910630943|81001|1,TTTT,TTTT,TTTT-TTTT,4,4,0
689990307130942|81001|1,T.TT,T.TT,T.TT-T.TT,3,3,0
690131008413130|82001|1,TTTT,....,TTTT-....,4,4,0
690647097528609|79001|2,TTTN,NNNN,TTTN-NNNN,4,3,1
690811074136949|79001|1,TTTT,TTTT,TTTT-TTTT,4,4,0
690825077636069|79001|1,TTTT,TTTT,TTTT-TTTT,4,4,0
690825097638069|81001|2,TTTT,TTTT,TTTT-TTTT,4,4,0
690861098426139|81001|2,TTTT,TEEE,TTTT-TEEE,4,4,0
690905014909778|82001|2,TTTT,T...,TTTT-T...,4,4,0
690911074131949|82001|1,TTTT,TTTT,TTTT-TTTT,4,4,0
690921094113949|83001|1,TTTT,....,TTTT-....,4,4,0
690925097633069|83001|4,T...,....,T...-....,1,1,0
690938074909473|82001|1,TTTT,T...,TTTT-T...,4,4,0
690961098421139|81001|2,N..T,TTTT,N..T-TTTT,2,1,1
691417092909372|81001|2,TTTT,TTTT,TTTT-TTTT,4,4,0
691417092909372|83001|1,TTTT,....,TTTT-....,4,4,0
692050859289080|82001|2,TTTU,....,TTTU-....,4,3,1
692052047908794|80001|1,TTTT,TTTT,TTTT-TTTT,4,4,0
693008982439560|80001|2,TTTT,TTTT,TTTT-TTTT,4,4,0
693053915344140|80001|1,TTTT,TTTT,TTTT-TTTT,4,4,0
693053915344140|82001|1,TTTT,T...,TTTT-T...,4,4,0
693057933239290|81001|2,ETEE,EEEE,ETEE-EEEE,4,1,2
693089907119600|80001|2,TTTT,TTTT,TTTT-TTTT,4,4,0
693186058907798|83001|2,T...,....,T...-....,1,1,0
693821011905794|81001|2,TTTT,TTTT,TTTT-TTTT,4,4,0
694018954259760|81001|2,TUTT,TTTT,TUTT-TTTT,4,3,2
694094077906697|81001|1,ENT.,....,ENT.-....,3,1,2
694180165020645|83001|3,TTTT,....,TTTT-....,4,4,0
694821018909794|79001|1,TT..,....,TT..-....,2,2,0
694821018909794|83001|2,T...,....,T...-....,1,1,0
694995013908297|82001|1,TTTT,....,TTTT-....,4,4,0
695049983369800|80001|1,T...,....,T...-....,1,1,0
695049983369800|80001|2,T...,....,T...-....,1,1,0
695081942269920|80001|1,TTTT,TTTT,TTTT-TTTT,4,4,0
695087970359990|82001|1,TNNN,....,TNNN-....,4,1,1
696059240389304|81001|2,TTTT,EEEE,TTTT-EEEE,4,4,0
696059240389304|82001|2,TTTT,T...,TTTT-T...,4,4,0
696064998559730|82001|2,TTTT,....,TTTT-....,4,4,0
696419220409002|80001|1,TTTT,TTTT,TTTT-TTTT,4,4,0
696419220409002|82001|3,TUTT,TUU.,TUTT-TUU.,4,3,2
697009320619109|83001|1,TTTT,....,TTTT-....,4,4,0
697097922439430|81001|1,TUEE,TTTE,TUEE-TTTE,4,1,2
697240932180930|82001|1,TTTT,EE..,TTTT-EE..,4,4,0
698055996019200|81001|1,TTTT,.TTT,TTTT-.TTT,4,4,0
699000300530973|83001|1,TT..,....,TT..-....,2,2,0
699005981319700|83001|2,TTTN,....,TTTN-....,4,3,1
699040388840970|79001|2,TTTT,NNNN,TTTT-NNNN,4,4,0
699040962990910|83001|1,TNTN,....,TNTN-....,4,2,3
699100601120951|82001|2,TETT,....,TETT-....,4,3,2
699120024670972|80001|1,TTTT,TTTT,TTTT-TTTT,4,4,0
699120402290974|80001|1,TTTT,TTTT,TTTT-TTTT,4,4,0
699130589880912|81001|2,TTTT,TTTT,TTTT-TTTT,4,4,0
699150183390911|80001|2,TTNT,TTNN,TTNT-TTNN,4,3,2
699180010240950|81001|1,TTT.,TTTT,TTT.-TTTT,3,3,0
699210644690715|83001|2,TTTT,....,TTTT-....,4,4,0
699230056120972|79001|1,TTTT,TTTT,TTTT-TTTT,4,4,0
699250351020950|81001|2,TTTT,TTTT,TTTT-TTTT,4,4,0
699250717140754|80001|1,TTTT,TTTT,TTTT-TTTT,4,4,0
699250717140754|80001|2,TTTT,TTTT,TTTT-TTTT,4,4,0
699300389410911|80001|1,TTEE,EEEE,TTEE-EEEE,4,2,1
699300389410911|80001|2,TTEE,TTTT,TTEE-TTTT,4,2,1
699300988890913|83001|1,TTTT,....,TTTT-....,4,4,0
699310549510915|83001|1,TTTT,....,TTTT-....,4,4,0
699320403570910|82001|1,UTT.,UTTT,UTT.-UTTT,3,2,1
699320403570951|83001|1,TTTT,....,TTTT-....,4,4,0
699330596600971|80001|1,TTTT,....,TTTT-....,4,4,0
699370427690655|80001|2,NTTT,TTTT,NTTT-TTTT,4,3,1
699400011530973|79001|1,T.TT,TTTT,T.TT-TTTT,3,3,0
699400011530973|83001|1,TT..,....,TT..-....,2,2,0
699420615360655|83001|2,TTTT,....,TTTT-....,4,4,0
699430507980912|83001|2,TTTT,....,TTTT-....,4,4,0
699440983570953|83001|1,TTTT,....,TTTT-....,4,4,0
699460455040975|80001|1,TTTT,TTTT,TTTT-TTTT,4,4,0
699470364030953|83001|1,TEEE,....,TEEE-....,4,1,1
699480780600951|80001|1,TTTT,....,TTTT-....,4,4,0
699500669110614|80001|2,TTTT,TTTT,TTTT-TTTT,4,4,0
699510487140974|83001|2,TT..,....,TT..-....,2,2,0
699520420760914|82001|1,TTTT,TTTT,TTTT-TTTT,4,4,0
699520987050735|80001|1,T...,....,T...-....,1,1,0
699529420239000|87001|2,T...,....,T...-....,1,1,0
699530083690954|81001|2,TTTT,NNNN,TTTT-NNNN,4,4,0
699540419650972|79001|1,T..T,NTTT,T..T-NTTT,2,2,0
699540492380910|81001|2,TTTT,TTTT,TTTT-TTTT,4,4,0
699550123750614|81001|3,TTTT,....,TTTT-....,4,4,0
699570198940970|82001|1,TTTT,....,TTTT-....,4,4,0
699580209830950|81001|1,ET..,EEEE,ET..-EEEE,2,1,1
699600373840973|80001|1,TTTT,TT.T,TTTT-TT.T,4,4,0
699600373840973|81001|3,TTTT,TTTT,TTTT-TTTT,4,4,0
699600373840973|83001|1,TT..,....,TT..-....,2,2,0
699600373840973|83001|2,TT..,....,TT..-....,2,2,0
699610468590973|81001|1,TTTT,EEEE,TTTT-EEEE,4,4,0
699630605720972|83001|2,TT..,....,TT..-....,2,2,0
699640579720633|81001|2,EETE,EEEE,EETE-EEEE,4,1,2
699650169340912|83001|2,TNNU,....,TNNU-....,4,1,2
699650428680972|82001|2,TTTT,....,TTTT-....,4,4,0
699670007870913|82001|1,TTTT,TTTT,TTTT-TTTT,4,4,0
699720188900674|80001|1,TTTT,TT..,TTTT-TT..,4,4,0
699730367810971|82001|2,TTTT,....,TTTT-....,4,4,0
699740366100950|80001|1,NNTN,NNNN,NNTN-NNNN,4,1,2
699750447070910|81001|1,UNTT,EEEE,UNTT-EEEE,4,2,2
699750447070910|82001|1,TTTT,TTTT,TTTT-TTTT,4,4,0
699780514570633|81001|1,TTTT,TTTT,TTTT-TTTT,4,4,0
699800287160910|81001|1,TTTT,TTTT,TTTT-TTTT,4,4,0
699800922260910|80001|2,TTUN,TTTN,TTUN-TTTN,4,2,2
699810463910912|83001|2,TTTT,....,TTTT-....,4,4,0
699820528930915|80001|2,TTTN,TT.T,TTTN-TT.T,4,3,1
699830011470975|81001|2,TTTT,TTTT,TTTT-TTTT,4,4,0
699840978280913|81001|3,TTTT,TTTT,TTTT-TTTT,4,4,0
699870731490972|83001|2,TT..,....,TT..-....,2,2,0
699880067480953|81001|2,TTTT,TTTE,TTTT-TTTE,4,4,0
699910962350913|83001|1,TTTT,....,TTTT-....,4,4,0
699920202840635|82001|2,TTTT,TT..,TTTT-TT..,4,4,0
699930175050735|82001|1,TTTT,TT..,TTTT-TT..,4,4,0
699940631160615|82001|1,TTTT,TTTT,TTTT-TTTT,4,4,0
699940631160615|82001|2,T...,....,T...-....,1,1,0
699950708690950|81001|2,TTTT,EEEN,TTTT-EEEN,4,4,0
699950708690950|81001|4,TEEE,NNUN,TEEE-NNUN,4,1,1
699960320220911|81001|2,NTNN,....,NTNN-....,4,1,2
699960396980910|83001|2,TT.T,....,TT.T-....,3,3,0
699990057570973|79001|1,T...,E..E,T...-E..E,1,1,0
700095929519240|82001|1,TTTT,TTTT,TTTT-TTTT,4,4,0
700189004206990|81001|2,TTTT,TTTT,TTTT-TTTT,4,4,0
700209900646154|80001|2,TTTT,TTTT,TTTT-TTTT,4,4,0
700209904908585|79001|1,TTTT,T.EE,TTTT-T.EE,4,4,0
700600056102812|81001|2,T.EE,EEEE,T.EE-EEEE,3,1,1
700600080217018|81001|2,TT.T,T.TT,TT.T-T.TT,3,3,0
700609724831902|83001|5,NT..,....,NT..-....,2,1,1
700609764814184|82001|1,TTTT,....,TTTT-....,4,4,0
700609921946654|82001|1,TTTT,....,TTTT-....,4,4,0
700609921946654|82001|2,TTTT,....,TTTT-....,4,4,0
700609965629658|79001|1,TTTT,TTTT,TTTT-TTTT,4,4,0
700609994631681|82001|1,TTTT,....,TTTT-....,4,4,0
700662098136719|81001|2,TTTT,TTTT,TTTT-TTTT,4,4,0
700739210359504|83001|2,T...,....,T...-....,1,1,0
700762098131719|81001|2,TTTT,T...,TTTT-T...,4,4,0
700907975257137|79001|1,TTTT,....,TTTT-....,4,4,0
700909902188659|80001|2,TTTT,TTTT,TTTT-TTTT,4,4,0
700909924593052|82001|1,TTTT,....,TTTT-....,4,4,0
700909930465755|81001|1,TT.T,TTTT,TT.T-TTTT,3,3,0
700909930465755|81001|2,TT..,....,TT..-....,2,2,0
700909958698165|82001|1,ETE.,....,ETE.-....,3,1,2
700909979663286|81001|1,TETT,....,TETT-....,4,3,2
700918075941769|81001|2,TTTT,TTTT,TTTT-TTTT,4,4,0
700918075941769|82001|1,TTTT,TTTT,TTTT-TTTT,4,4,0
700937094953159|83001|2,T...,....,T...-....,1,1,0
700937094953159|83001|3,NNNT,....,NNNT-....,4,1,1
700963069158554|80001|3,TTTT,TTTT,TTTT-TTTT,4,4,0
701002162103927|80001|1,TTTT,TTTT,TTTT-TTTT,4,4,0
701007404104757|83001|2,TTTT,....,TTTT-....,4,4,0
701008312107588|82001|3,TTTT,NEEE,TTTT-NEEE,4,4,0
701099062902692|82001|2,TTTT,TTT.,TTTT-TTT.,4,4,0
701099065901672|80001|2,U.TT,UEEE,U.TT-UEEE,3,2,1
701203012907574|83001|1,TTTT,....,TTTT-....,4,4,0
701215018909493|83001|1,T...,....,T...-....,1,1,0
701547008909495|83001|1,T...,....,T...-....,1,1,0
701902863591149|81001|2,TTTT,....,TTTT-....,4,4,0
701903842894974|82001|1,EEET,EEEE,EEET-EEEE,4,1,1
702033811369200|81001|2,TTTT,TTTT,TTTT-TTTT,4,4,0
702601184993472|80001|1,EUTT,TTTT,EUTT-TTTT,4,2,2
702602625997210|87001|2,T...,....,T...-....,1,1,0
702604864992228|81001|2,TTTT,TTTT,TTTT-TTTT,4,4,0
702608973998377|83001|2,TTTN,....,TTTN-....,4,3,1
702703300995538|80001|1,TUTT,TTTT,TUTT-TTTT,4,3,2
702900960995188|81001|1,NTTT,TTEE,NTTT-TTEE,4,3,1
702900960995188|81001|2,TTTT,TTTT,TTTT-TTTT,4,4,0
702901183993471|81001|2,TTTT,.TTT,TTTT-.TTT,4,4,0
702901183993471|87001|2,T...,....,T...-....,1,1,0
702901643994159|80001|1,TTTT,TEEE,TTTT-TEEE,4,4,0
702901643995681|81001|2,TTTT,....,TTTT-....,4,4,0
702902044990477|80001|2,TTTT,TTTT,TTTT-TTTT,4,4,0
702903072492775|82001|2,TNEE,ENN.,TNEE-ENN.,4,1,2
702903402998053|87001|1,T...,....,T...-....,1,1,0
702906744294208|81001|5,TNNT,TTTT,TNNT-TTTT,4,2,2
702907423496766|80001|1,TTTT,UTTU,TTTT-UTTU,4,4,0
702907551990993|81001|2,TTTT,TTTT,TTTT-TTTT,4,4,0
702908160996586|87001|2,T...,....,T...-....,1,1,0
702908353999155|83001|1,EETE,....,EETE-....,4,1,2
702909415994921|81001|1,TNNN,TNNN,TNNN-TNNN,4,1,1
703602472949353|81001|2,TTTT,TTTT,TTTT-TTTT,4,4,0
703609340995962|81001|2,TTTT,....,TTTT-....,4,4,0
703609340995962|81001|3,TTTT,....,TTTT-....,4,4,0
703702620897218|82001|1,TENE,NN..,TENE-NN..,4,1,3
703900343696746|82001|1,ETEE,EE..,ETEE-EE..,4,1,2
703900343696746|83001|2,NTTT,....,NTTT-....,4,3,1
703903412692827|80001|2,TNNE,NNNE,TNNE-NNNE,4,1,2
703904214697582|80001|1,TTTT,TTTT,TTTT-TTTT,4,4,0
704063707279880|83001|1,TT..,....,TT..-....,2,2,0
704065907579880|81001|1,TTTT,TTUT,TTTT-TTUT,4,4,0
704601642994159|80001|1,TTTT,TTTT,TTTT-TTTT,4,4,0
704601893999670|83001|2,TTTT,....,TTTT-....,4,4,0
704602165993926|80001|2,TTTN,EEE.,TTTN-EEE.,4,3,1
704606563992770|80001|2,TT.T,....,TT.T-....,3,3,0
704704140797579|82001|2,TTTT,T...,TTTT-T...,4,4,0
704704811994519|81001|2,TTTN,TNTN,TTTN-TNTN,4,3,1
704708352799153|81001|2,TTTT,...T,TTTT-...T,4,4,0
704739250357404|82001|2,NEET,....,NEET-....,4,1,2
704902522790276|80001|1,TTTT,TTTT,TTTT-TTTT,4,4,0
704902571291750|83001|1,TTTT,....,TTTT-....,4,4,0
704906392790029|81001|2,TTTT,TTTT,TTTT-TTTT,4,4,0
704909254793709|81001|1,TTTT,TTTT,TTTT-TTTT,4,4,0
704909254793709|81001|2,TTTT,TTTT,TTTT-TTTT,4,4,0
705004984101668|82001|2,TTTT,....,TTTT-....,4,4,0
705006185107851|83001|1,TTTT,....,TTTT-....,4,4,0
705100340106748|81001|1,TT..,....,TT..-....,2,2,0
705104140107578|81001|1,TT..,TTTT,TT..-TTTT,2,2,0
705104140107578|81001|2,TT..,TTTT,TT..-TTTT,2,2,0
705547006909495|83001|1,TTT.,....,TTT.-....,3,3,0
705606595898080|80001|1,TTTT,TTTT,TTTT-TTTT,4,4,0
705607603892519|82001|2,TTTT,....,TTTT-....,4,4,0
705607603892519|83001|2,TTTT,....,TTTT-....,4,4,0
705702163893923|81001|3,TTNU,....,TTNU-....,4,2,2
705900963595185|82001|2,ETTT,....,ETTT-....,4,3,1
705902571891755|81001|1,TT.T,TT.T,TT.T-TT.T,3,3,0
705902622897212|83001|1,TTTT,....,TTTT-....,4,4,0
705902622897212|83001|3,TTTT,....,TTTT-....,4,4,0
705902624897211|80001|2,TTTT,TTEE,TTTT-TTEE,4,4,0
705903353892804|80001|2,TTTT,TTTT,TTTT-TTTT,4,4,0
705904674894202|80001|2,TTTE,EEEE,TTTE-EEEE,4,3,1
705907171391312|82001|1,TTTT,....,TTTT-....,4,4,0
705907171391312|82001|2,TTTT,....,TTTT-....,4,4,0
705908315697581|83001|1,TTTT,....,TTTT-....,4,4,0
705908315697581|83001|2,TTTT,....,TTTT-....,4,4,0
705909253593709|83001|1,TTTT,....,TTTT-....,4,4,0
706065950419590|80001|2,UNTN,NNNN,UNTN-NNNN,4,1,3
706209310269306|82001|2,TTTT,TTTT,TTTT-TTTT,4,4,0
706439310359003|80001|1,T.TT,TTTT,T.TT-TTTT,3,3,0
706600064995847|82001|1,TTTT,....,TTTT-....,4,4,0
706608355999156|83001|1,NT..,....,NT..-....,2,1,1
706700295998905|83001|1,TTT.,....,TTT.-....,3,3,0
706702122994220|80001|2,TTTT,TTTT,TTTT-TTTT,4,4,0
706708642990884|83001|1,TTT.,....,TTT.-....,3,3,0
706849550369300|82001|1,TTTT,....,TTTT-....,4,4,0
706849550369300|83001|1,TTTT,....,TTTT-....,4,4,0
706869150449309|81001|1,TTTT,EE..,TTTT-EE..,4,4,0
706899710909001|81001|2,TTTT,TTTT,TTTT-TTTT,4,4,0
706899710909001|83001|1,TTTT,....,TTTT-....,4,4,0
706900964995182|82001|2,TTTT,....,TTTT-....,4,4,0
706901183993476|79001|2,TTT.,....,TTT.-....,3,3,0
706901641995687|79001|1,TTTT,TTTT,TTTT-TTTT,4,4,0
706901683993736|82001|3,NNTN,....,NNTN-....,4,1,2
706902335991171|83001|2,TTT.,....,TTT.-....,3,3,0
706904813794514|81001|1,TTTN,TTTT,TTTN-TTTT,4,3,1
706904813794514|81001|2,TTTT,TTTT,TTTT-TTTT,4,4,0
706905030998445|80001|3,TTTT,TTTT,TTTT-TTTT,4,4,0
706905853994827|80001|2,TTTT,TTTT,TTTT-TTTT,4,4,0
706906594998087|83001|2,TT..,....,TT..-....,2,2,0
706907021997227|79001|1,TTTT,TTTT,TTTT-TTTT,4,4,0
706908351999152|80001|1,TTTT,TTTT,TTTT-TTTT,4,4,0
706908351999152|80001|2,TTTT,TTTT,TTTT-TTTT,4,4,0
706908634990459|81001|2,T...,EEEE,T...-EEEE,1,1,0
706908634990459|83001|1,TTT.,....,TTT.-....,3,3,0
706909220993752|83001|1,TTT.,....,TTT.-....,3,3,0
706909321993947|79001|1,TTTT,TTTT,TTTT-TTTT,4,4,0
706909321993947|79001|2,TTTT,TTTT,TTTT-TTTT,4,4,0
707003922109432|81001|1,TTT.,....,TTT.-....,3,3,0
707102160103928|82001|2,TTTT,....,TTTT-....,4,4,0
707104002103537|80001|2,TTTT,EEEE,TTTT-EEEE,4,4,0
707902524890276|82001|2,TTTT,....,TTTT-....,4,4,0
707902624897214|80001|1,TTTT,EEEE,TTTT-EEEE,4,4,0
707903073692778|79001|1,TTTT,TTTT,TTTT-TTTT,4,4,0
707903074892772|79001|1,TTTT,....,TTTT-....,4,4,0
707906452892880|83001|3,TT..,....,TT..-....,2,2,0
707906563692776|79001|1,TTTT,TTTT,TTTT-TTTT,4,4,0
707909415894921|80001|1,TTTT,TTTT,TTTT-TTTT,4,4,0
708007400204756|83001|2,T...,....,T...-....,1,1,0
708059986279410|80001|5,NTUU,EEEE,NTUU-EEEE,4,1,2
708480780600981|79001|2,TTTN,TNTT,TTTN-TNTT,4,3,1
708499230289002|81001|1,TEEE,TETE,TEEE-TETE,4,1,1
708499230289002|81001|2,TTTT,TTTT,TTTT-TTTT,4,4,0
708601685993730|82001|2,TTTT,....,TTTT-....,4,4,0
708603402998053|82001|2,TTTT,....,TTTT-....,4,4,0
708603841994973|79001|2,TTTT,EEEE,TTTT-EEEE,4,4,0
708604145997570|82001|2,TTTT,....,TTTT-....,4,4,0
708604520999892|79001|2,T...,....,T...-....,1,1,0
708709884795860|83001|1,T...,....,T...-....,1,1,0
708900292998902|80001|4,TNNN,NNNN,TNNN-NNNN,4,1,1
708900961995186|80001|2,TTTT,TTTT,TTTT-TTTT,4,4,0
708901894799679|80001|2,EETT,NNNN,EETT-NNNN,4,2,1
708901894799679|81001|2,TTTT,TTTT,TTTT-TTTT,4,4,0
708902123994229|80001|1,TTTT,TTTT,TTTT-TTTT,4,4,0
708902474799354|79001|2,TTTT,TTTT,TTTT-TTTT,4,4,0
708903072992776|82001|4,TTTT,....,TTTT-....,4,4,0
708904112997256|83001|1,T...,....,T...-....,1,1,0
708904141997575|83001|2,T...,....,T...-....,1,1,0
708905063991319|80001|1,TTTT,TTTT,TTTT-TTTT,4,4,0
708905803999524|83001|2,T...,....,T...-....,1,1,0
708906594998085|82001|1,TTTT,....,TTTT-....,4,4,0
708906614999298|79001|1,TT.T,TTTT,TT.T-TTTT,3,3,0
708909253993709|79001|1,TTTN,NNNN,TTTN-NNNN,4,3,1
708909414994920|81001|2,TTTT,TTTT,TTTT-TTTT,4,4,0
708909503999380|83001|1,T...,....,T...-....,1,1,0
709013963339490|80001|1,TTTT,TETT,TTTT-TETT,4,4,0
709013963339490|80001|2,TNTT,ETTT,TNTT-ETTT,4,3,2
709014763479490|79001|1,TTTT,....,TTTT-....,4,4,0
709014863429490|81001|1,TTTT,....,TTTT-....,4,4,0
709969250679009|82001|2,TTTT,....,TTTT-....,4,4,0
710000024593012|82001|2,ETEE,....,ETEE-....,4,1,2
710000066270041|83001|3,TTTT,....,TTTT-....,4,4,0
710001086352214|80001|2,EE.T,TTTT,EE.T-TTTT,3,1,1
710007994691380|83001|3,TT..,....,TT..-....,2,2,0
710009961804984|79001|1,TTTT,TTTT,TTTT-TTTT,4,4,0
710009975257157|80001|2,TTTT,EEEE,TTTT-EEEE,4,4,0
710009975257157|83001|1,TT..,....,TT..-....,2,2,0
710009975257157|83001|2,TT..,....,TT..-....,2,2,0
710020689810043|82001|1,TTTT,N...,TTTT-N...,4,4,0
710021829469950|81001|1,TTTT,TTTT,TTTT-TTTT,4,4,0
710021829469950|83001|1,TTT.,....,TTT.-....,3,3,0
710078926379720|82001|1,TTTT,....,TTTT-....,4,4,0
710109805457784|80001|1,TTTT,....,TTTT-....,4,4,0
710196977700356|81001|1,TT..,....,TT..-....,2,2,0
710200005085916|82001|1,TTTT,....,TTTT-....,4,4,0
710200477460041|80001|2,UTTT,TTTT,UTTT-TTTT,4,3,1
710209902317967|81001|1,TTT.,.TTT,TTT.-.TTT,3,3,0
710209902317967|82001|1,T...,....,T...-....,1,1,0
710209913888569|79001|1,TTTT,TTTT,TTTT-TTTT,4,4,0
710209925097200|83001|2,TT..,....,TT..-....,2,2,0
710209931506187|81001|2,TTTT,....,TTTT-....,4,4,0
710209944462688|79001|2,TTTT,TTTT,TTTT-TTTT,4,4,0
710209993263988|79001|2,TTTT,EEEE,TTTT-EEEE,4,4,0
710240932180044|80001|2,UTTT,TTTT,UTTT-TTTT,4,3,1
710269070697506|83001|2,TT..,....,TT..-....,2,2,0
710300032884412|83001|1,TT..,....,TT..-....,2,2,0
710300056089513|80001|1,TTTT,TTTT,TTTT-TTTT,4,4,0
710300056089513|80001|2,NTTT,TTTT,NTTT-TTTT,4,3,1
710440954010043|81001|1,TTTT,TTTT,TTTT-TTTT,4,4,0
710440954010043|81001|2,TTTT,TTTT,TTTT-TTTT,4,4,0
710500018096517|79001|2,TTTT,TTTT,TTTT-TTTT,4,4,0
710507975069616|79001|1,TTTT,TTTT,TTTT-TTTT,4,4,0
710630293840083|82001|1,TTTT,....,TTTT-....,4,4,0
710700069555814|83001|1,TT..,....,TT..-....,2,2,0
710709877669510|79001|1,TTT.,.EEE,TTT.-.EEE,3,3,0
710709877669510|81001|3,TTTN,TTUE,TTTN-TTUE,4,3,1
710709877669510|82001|1,EEET,....,EEET-....,4,1,1
710709877669510|83001|1,TT..,....,TT..-....,2,2,0
710709877669510|83001|2,TT..,....,TT..-....,2,2,0
710709923161182|82001|2,T...,....,T...-....,1,1,0
710709984815680|80001|1,TTTT,TTTT,TTTT-TTTT,4,4,0
710709989628182|81001|1,UNUT,TTTT,UNUT-TTTT,4,1,3
710710637400083|81001|1,TTTT,NNNU,TTTT-NNNU,4,4,0
710800047561419|81001|1,TTTT,TTTT,TTTT-TTTT,4,4,0
710800432700063|82001|1,TTTT,....,TTTT-....,4,4,0
710809991336288|82001|1,TTTE,....,TTTE-....,4,3,1
710851099928729|82001|1,TTTN,....,TTTN-....,4,3,1
710870549650081|79001|2,TTT.,....,TTT.-....,3,3,0
710899077001607|82001|2,TTTT,....,TTTT-....,4,4,0
710906405457794|79001|3,TNUU,....,TNUU-....,4,1,2
710906422901596|79001|1,TTTT,TTTT,TTTT-TTTT,4,4,0
710906422901596|79001|2,TTTT,TTTT,TTTT-TTTT,4,4,0
710912094057709|81001|1,TTNT,TNUT,TTNT-TNUT,4,3,2
710923061902309|80001|1,TTTT,T.TT,TTTT-T.TT,4,4,0
710923061902309|80001|2,TTTT,T.TT,TTTT-T.TT,4,4,0
710932094713529|81001|1,TTTT,TTTT,TTTT-TTTT,4,4,0
710932094713529|83001|1,EETT,....,EETT-....,4,2,1
711013826369000|80001|1,TTTT,T...,TTTT-T...,4,4,0
711034907239000|83001|1,TET.,....,TET.-....,3,2,2
711149730789303|80001|1,TTTT,TTUN,TTTT-TTUN,4,4,0
711604025808194|80001|1,TTTT,UTTT,TTTT-UTTT,4,4,0
712017940279690|82001|2,TTTT,....,TTTT-....,4,4,0
712039650099106|80001|1,NTTT,TTTT,NTTT-TTTT,4,3,1
712073804269460|80001|1,TTTT,TTTT,TTTT-TTTT,4,4,0
712073804269460|80001|2,TTTT,....,TTTT-....,4,4,0
712092566600743|81001|1,TTTT,TTTT,TTTT-TTTT,4,4,0
713199289600805|81001|2,TTTT,TTTT,TTTT-TTTT,4,4,0
713269008909195|82001|1,TTT.,....,TTT.-....,3,3,0
713392609900835|82001|1,TTTT,TTTT,TTTT-TTTT,4,4,0
713685057001404|83001|4,TT..,....,TT..-....,2,2,0
713919030109107|80001|1,TTTT,TTEE,TTTT-TTEE,4,4,0
714027933239500|83001|2,TTTT,....,TTTT-....,4,4,0
714035966579010|79001|2,TTTT,TTTT,TTTT-TTTT,4,4,0
714127086909493|81001|2,EUTT,EEEE,EUTT-EEEE,4,2,2
714215015001413|82001|1,TTTT,....,TTTT-....,4,4,0
714316038909570|79001|1,TTTT,TTTT,TTTT-TTTT,4,4,0
714569584000916|83001|1,TTTT,....,TTTT-....,4,4,0
715193598100679|82001|2,TTTT,TTTT,TTTT-TTTT,4,4,0
715294039600856|82001|1,TTTT,TTTT,TTTT-TTTT,4,4,0
715617076909699|80001|1,TTTT,TTT.,TTTT-TTT.,4,4,0
715617076909699|82001|1,TTTT,....,TTTT-....,4,4,0
715700074909872|80001|1,TNTT,TTTT,TNTT-TTTT,4,3,2
716015927519190|83001|1,T...,....,T...-....,1,1,0
716098589600846|81001|1,TTTT,TTTT,TTTT-TTTT,4,4,0
716196958000860|82001|2,TTTT,TTTT,TTTT-TTTT,4,4,0
716398779800899|83001|2,TTTN,....,TTTN-....,4,3,1
717075759900612|80001|1,TTTT,TTTT,TTTT-TTTT,4,4,0
717290779500623|80001|1,TTTT,TTTT,TTTT-TTTT,4,4,0
717394269600667|83001|1,TTTE,....,TTTE-....,4,3,1
717394269600667|83001|2,NTNN,....,NTNN-....,4,1,2
718048772359760|83001|1,TTTT,....,TTTT-....,4,4,0
718390133280961|83001|2,TTT.,....,TTT.-....,3,3,0
719090585169620|83001|1,TTT.,....,TTT.-....,3,3,0
719092785379620|79001|1,TTTT,TTTT,TTTT-TTTT,4,4,0
719095985479620|83001|2,TT..,....,TT..-....,2,2,0
719480780600981|81001|1,TTTT,.NNN,TTTT-.NNN,4,4,0
720014075512529|82001|1,TT..,.T..,TT..-.T..,2,2,0
720106490730399|80001|2,EEET,T..T,EEET-T..T,4,1,1
720106490730399|83001|2,TT..,....,TT..-....,2,2,0
720114075516529|79001|1,TTTT,TTTT,TTTT-TTTT,4,4,0
720164015556520|81001|1,ETTT,TTTT,ETTT-TTTT,4,3,1
720214095513529|80001|1,TTUT,TNTT,TTUT-TNTT,4,3,2
720296979400956|81001|2,TTTN,EEEE,TTTN-EEEE,4,3,1
720300003091916|81001|1,TTTT,TTTT,TTTT-TTTT,4,4,0
720306469256296|83001|1,TT..,....,TT..-....,2,2,0
720339081909362|81001|1,TTTT,TTTT,TTTT-TTTT,4,4,0
720409938845654|83001|2,TN..,....,TN..-....,2,1,1
720409944503887|80001|2,TTNN,N.E.,TTNN-N.E.,4,2,1
720409948884560|83001|1,TT..,....,TT..-....,2,2,0
720497929200750|81001|1,TTTT,TTTT,TTTT-TTTT,4,4,0
720509922103160|80001|1,TTTT,TTTT,TTTT-TTTT,4,4,0
720609955242601|83001|2,TT..,....,TT..-....,2,2,0
720706450626099|80001|1,TTTT,TTTT,TTTT-TTTT,4,4,0
720707939720288|81001|2,TNNN,TTTT,TNNN-TTTT,4,1,1
720707939720288|82001|1,TTTT,....,TTTT-....,4,4,0
720709907344558|83001|1,TT..,....,TT..-....,2,2,0
720759070951079|80001|1,TTTT,.UUN,TTTT-.UUN,4,4,0
720787006919063|79001|1,TTTT,T...,TTTT-T...,4,4,0
720809999139989|80001|1,TTTT,....,TTTT-....,4,4,0
720822097001405|79001|2,TTTT,TTT.,TTTT-TTT.,4,4,0
720899650197105|80001|2,TTTT,TTTT,TTTT-TTTT,4,4,0
720900095949312|79001|2,TTNN,....,TTNN-....,4,2,1
720909979165980|79001|1,TTTT,TNNN,TTTT-TNNN,4,4,0
720909994278383|80001|2,TTTT,TTTT,TTTT-TTTT,4,4,0
720917072957569|79001|2,TTTT,TTTT,TTTT-TTTT,4,4,0
720964098907889|80001|1,T...,....,T...-....,1,1,0
720986094347039|82001|2,T.T.,....,T.T.-....,2,2,0
721003811389290|82001|2,EEET,....,EEET-....,4,1,1
721139007906792|81001|2,TTTT,TTTT,TTTT-TTTT,4,4,0
721171032809791|87001|2,T...,....,T...-....,1,1,0
721360599000962|80001|1,TNTT,EEEE,TNTT-EEEE,4,3,2
721412032904695|80001|2,TTTT,TTTT,TTTT-TTTT,4,4,0
721494829600935|87001|2,T...,....,T...-....,1,1,0
721743042904094|81001|1,TTTT,TTTT,TTTT-TTTT,4,4,0
721744016002805|82001|1,TTTT,....,TTTT-....,4,4,0
721808078909294|81001|1,TTTT,TTTT,TTTT-TTTT,4,4,0
721902021903095|80001|1,TTTN,....,TTTN-....,4,3,1
721995066907092|80001|2,TTTT,TTTT,TTTT-TTTT,4,4,0
721995066907092|81001|1,TTTT,TTTT,TTTT-TTTT,4,4,0
722498669200781|83001|1,TTTT,....,TTTT-....,4,4,0
722498669200781|83001|2,TTTT,....,TTTT-....,4,4,0
722743044909094|81001|1,TT..,....,TT..-....,2,2,0
722919810569104|81001|2,TTTT,TTTT,TTTT-TTTT,4,4,0
722919810569104|83001|2,TEEE,....,TEEE-....,4,1,1
723099066907692|81001|1,TTE.,....,TTE.-....,3,2,1
723119310479205|81001|1,TTTT,....,TTTT-....,4,4,0
723199289100705|80001|3,NNTN,UUEN,NNTN-UUEN,4,1,2
723521078907795|80001|2,TTTT,TTTT,TTTT-TTTT,4,4,0
723739930809502|80001|2,NNTU,N...,NNTU-N...,4,1,2
724032077908797|83001|2,TT..,....,TT..-....,2,2,0
724055076909497|82001|1,TTTT,....,TTTT-....,4,4,0
724055076909497|82001|2,TTTT,....,TTTT-....,4,4,0
724099068902692|81001|3,UETT,....,UETT-....,4,2,2
724165129700989|82001|2,TTTT,....,TTTT-....,4,4,0
724291589600957|83001|2,TUUT,....,TUUT-....,4,2,2
724341008909396|83001|2,T...,....,T...-....,1,1,0
724511046909599|79001|2,TTTT,TTTT,TTTT-TTTT,4,4,0
724644025908790|83001|1,TTTT,....,TTTT-....,4,4,0
724674055001606|83001|2,TTTT,....,TTTT-....,4,4,0
724729094909297|81001|1,NNTE,NNNE,NNTE-NNNE,4,1,2
725024955439470|80001|2,TTTT,TTTT,TTTT-TTTT,4,4,0
725031984339490|83001|1,TTTT,....,TTTT-....,4,4,0
725053912339050|83001|2,TTUT,....,TTUT-....,4,3,2
725059912039050|83001|1,TTET,....,TTET-....,4,3,2
725394609700924|80001|1,TTTT,TTTT,TTTT-TTTT,4,4,0
726209830679301|83001|2,TTEE,....,TTEE-....,4,2,1
726249010589002|82001|2,TTTT,NNNN,TTTT-NNNN,4,4,0
726296149400930|80001|1,T.TT,TTTT,T.TT-TTTT,3,3,0
726497509500918|81001|1,TTTT,E.TT,TTTT-E.TT,4,4,0
727095759400912|81001|1,TTTT,TTTT,TTTT-TTTT,4,4,0
727195759800912|83001|2,TTNN,....,TTNN-....,4,2,1
727239410339207|80001|1,T...,....,T...-....,1,1,0
727294269900967|80001|1,TTTT,.TTT,TTTT-.TTT,4,4,0
727399230829100|80001|1,TTTT,TTTT,TTTT-TTTT,4,4,0
728480780600971|82001|2,TTTT,....,TTTT-....,4,4,0
729019430577003|80001|2,TTTT,TTTT,TTTT-TTTT,4,4,0
729039946179940|82001|1,TTTT,....,TTTT-....,4,4,0
729609810589202|82001|1,TUEE,....,TUEE-....,4,1,2
730100094473315|81001|1,TTTT,TTTT,TTTT-TTTT,4,4,0
730106431194399|80001|1,TTTT,TTTT,TTTT-TTTT,4,4,0
730200053453413|81001|1,TTTT,TNNT,TTTT-TNNT,4,4,0
730200860400102|81001|2,EEET,EEEE,EEET-EEEE,4,1,1
730209940164334|80001|1,TTTT,NNNE,TTTT-NNNE,4,4,0
730209940164334|80001|2,TTTT,TTTT,TTTT-TTTT,4,4,0
730300016000113|80001|1,TTTT,TTTT,TTTT-TTTT,4,4,0
730300043145813|82001|1,TTTT,....,TTTT-....,4,4,0
730307994853881|81001|1,TTTT,TTTT,TTTT-TTTT,4,4,0
730309931826481|79001|1,TTTT,TTTT,TTTT-TTTT,4,4,0
730309931826481|81001|2,TTTT,EEEE,TTTT-EEEE,4,4,0
730309931826481|81001|3,TTET,EEEE,TTET-EEEE,4,3,2
730309931826481|82001|1,TTTT,....,TTTT-....,4,4,0
730409961804984|83001|1,TT..,....,TT..-....,2,2,0
730509905457784|80001|1,TTTT,TTTT,TTTT-TTTT,4,4,0
730509905457784|80001|2,TTTT,TTTT,TTTT-TTTT,4,4,0
730609908227186|80001|1,TEEE,EEEE,TEEE-EEEE,4,1,1
730609925063385|82001|1,EE.T,....,EE.T-....,3,1,1
730609925644868|82001|2,TTTN,....,TTTN-....,4,3,1
730609931527262|79001|1,TTTT,TTTT,TTTT-TTTT,4,4,0
730609931527262|79001|2,TTTT,TTTT,TTTT-TTTT,4,4,0
730609940988186|82001|2,TTTT,....,TTTT-....,4,4,0
730609972079580|80001|1,TTTT,TTTT,TTTT-TTTT,4,4,0
730609980037432|82001|2,EEET,....,EEET-....,4,1,1
730609986516484|82001|1,TTTT,....,TTTT-....,4,4,0
730609986516484|82001|2,TTTT,....,TTTT-....,4,4,0
730609991563962|82001|1,TTTT,....,TTTT-....,4,4,0
730609991563962|82001|2,TTTT,....,TTTT-....,4,4,0
730609991563962|83001|1,ET..,....,ET..-....,2,1,1
730700065463119|81001|3,TTTT,....,TTTT-....,4,4,0
730799050909303|81001|1,TTTT,TTTT,TTTT-TTTT,4,4,0
730809926708582|83001|1,TT..,....,TT..-....,2,2,0
730809963211985|79001|1,TTTT,TTTT,TTTT-TTTT,4,4,0
730866091102409|82001|1,TTTT,TTT.,TTTT-TTT.,4,4,0
730909900344686|80001|3,TTTT,T...,TTTT-T...,4,4,0
730909900344686|83001|1,TT..,....,TT..-....,2,2,0
730909910487551|80001|3,TNNE,TETT,TNNE-TETT,4,1,2
730909910487551|83001|2,T...,....,T...-....,1,1,0
730909912222386|80001|2,TTTT,T...,TTTT-T...,4,4,0
730909912222386|82001|2,TTTT,....,TTTT-....,4,4,0
730909989450558|82001|2,TTTT,....,TTTT-....,4,4,0
730909989450558|83001|1,TT..,....,TT..-....,2,2,0
730966091111409|81001|2,NTTT,NTTT,NTTT-NTTT,4,3,1
730966091111409|83001|1,TTNN,....,TTNN-....,4,2,1
730968090633749|80001|2,TTTT,..E.,TTTT-..E.,4,4,0
730976071127409|80001|2,TTTT,EEEE,TTTT-EEEE,4,4,0
730978098511629|82001|2,TTTT,TTTT,TTTT-TTTT,4,4,0
730988090631749|80001|1,TTTT,TTTT,TTTT-TTTT,4,4,0
731019430119001|81001|2,TTTT,U...,TTTT-U...,4,4,0
731031391128580|80001|2,TTEE,EEEE,TTEE-EEEE,4,2,1
731206922486199|82001|2,TTTT,....,TTTT-....,4,4,0
731394829600835|81001|1,TTTT,TTTT,TTTT-TTTT,4,4,0
731500008909991|82001|1,TTTT,....,TTTT-....,4,4,0
731776008909598|79001|2,TNNT,NNNN,TNNT-NNNN,4,2,2
731776008909598|80001|2,TTTT,TTTT,TTTT-TTTT,4,4,0
731776008909598|82001|1,TTTT,....,TTTT-....,4,4,0
732092569600643|80001|1,TTTT,TTTT,TTTT-TTTT,4,4,0
733037927239420|80001|2,TTTT,TT..,TTTT-TT..,4,4,0
733054274439200|83001|1,TUUU,....,TUUU-....,4,1,1
733215013409463|82001|1,TTTT,TT..,TTTT-TT..,4,4,0
733215013409463|82001|2,TTTT,TT..,TTTT-TT..,4,4,0
733412031908675|81001|1,TTTT,TTTT,TTTT-TTTT,4,4,0
733412031908675|81001|2,TTTT,TTTT,TTTT-TTTT,4,4,0
733429032909775|80001|2,EUTT,TTTT,EUTT-TTTT,4,2,2
733429034909795|80001|2,ENNT,ENTT,ENNT-ENTT,4,1,2
733490599200828|83001|2,TTTT,....,TTTT-....,4,4,0
733551025906970|81001|2,TETT,TTTT,TETT-TTTT,4,3,2
733551026904970|79001|1,TTTT,TNTT,TTTT-TNTT,4,4,0
733551026904970|79001|3,TTTT,....,TTTT-....,4,4,0
733551026904970|83001|2,TTT.,....,TTT.-....,3,3,0
735094039600656|82001|2,TTTT,TT..,TTTT-TT..,4,4,0
735140031906394|83001|2,TTT.,....,TTT.-....,3,3,0
735193599100379|83001|1,TTTT,....,TTTT-....,4,4,0
735198619200300|80001|1,TTTT,ET.E,TTTT-ET.E,4,4,0
735226004909197|82001|1,TTTT,T...,TTTT-T...,4,4,0
735464609700924|80001|2,TTTT,TTTT,TTTT-TTTT,4,4,0
735499043908199|82001|1,TNNN,.N..,TNNN-.N..,4,1,1
736083930519500|80001|1,TT.T,TTTT,TT.T-TTTT,3,3,0
736096148400830|81001|1,TTT.,....,TTT.-....,3,3,0
736190869600822|82001|2,TTTT,TT..,TTTT-TT..,4,4,0
737023950319890|80001|1,TTTT,TTTT,TTTT-TTTT,4,4,0
737029950019890|83001|2,TT..,....,TT..-....,2,2,0
737109910219303|82001|2,TTTT,EEEE,TTTT-EEEE,4,4,0
737393689100819|82001|1,TTTT,TT..,TTTT-TT..,4,4,0
737989730149107|80001|2,UNTT,E...,UNTT-E...,4,2,2
739293209600846|80001|1,TTTT,TTTT,TTTT-TTTT,4,4,0
739293209600846|80001|2,TTTT,EEEE,TTTT-EEEE,4,4,0
739293209600846|82001|2,TTTT,TT..,TTTT-TT..,4,4,0
740009942231866|82001|2,TTTT,....,TTTT-....,4,4,0
740071547128550|80001|2,TEEE,EEEE,TEEE-EEEE,4,1,1
740079947079550|81001|1,TTTT,....,TTTT-....,4,4,0
740107981846285|82001|2,TTTT,....,TTTT-....,4,4,0
740107985845983|82001|1,TTTT,....,TTTT-....,4,4,0
740163004711230|83001|2,TTTT,....,TTTT-....,4,4,0
740176093905596|82001|2,TTTT,EE..,TTTT-EE..,4,4,0
740209912902482|81001|2,TNTT,TTTT,TNTT-TTTT,4,3,2
740209977307287|81001|2,TTTT,.TTT,TTTT-.TTT,4,4,0
740280002441670|82001|2,TTTT,....,TTTT-....,4,4,0
740341002902396|83001|2,TNNN,....,TNNN-....,4,1,1
740341004807396|80001|2,TTTT,TTTT,TTTT-TTTT,4,4,0
740399089600993|80001|1,TTTT,ETTT,TTTT-ETTT,4,4,0
740407924593082|82001|2,TTTT,....,TTTT-....,4,4,0
740409921262787|81001|2,TTTT,TTTT,TTTT-TTTT,4,4,0
740501065596010|82001|1,TTTT,....,TTTT-....,4,4,0
740509918260185|82001|2,TTTT,....,TTTT-....,4,4,0
740700078059618|80001|2,TTTT,TTTT,TTTT-TTTT,4,4,0
740700078059618|83001|2,TT..,....,TT..-....,2,2,0
740700088990415|83001|1,TT..,....,TT..-....,2,2,0
740800008227116|81001|2,TEEE,EEEE,TEEE-EEEE,4,1,1
740802091946899|81001|1,TTTT,TT..,TTTT-TT..,4,4,0
740809915199154|82001|1,TTTT,....,TTTT-....,4,4,0
740809925207584|81001|2,TTTT,TTTT,TTTT-TTTT,4,4,0
740809928558984|81001|1,T.TT,TUT.,T.TT-TUT.,3,3,0
740809929037005|82001|1,TTTT,....,TTTT-....,4,4,0
740862098912509|82001|1,TTTT,TTT.,TTTT-TTT.,4,4,0
740862098912509|82001|2,TTTT,TTT.,TTTT-TTT.,4,4,0
740873094716237|81001|2,TUTT,TTTT,TUTT-TTTT,4,3,2
740900092423679|83001|1,TTTT,....,TTTT-....,4,4,0
740902061954894|80001|2,T.TN,....,T.TN-....,3,2,1
740903094743239|83001|1,TTTT,....,TTTT-....,4,4,0
740909926708552|80001|1,TTTT,TTTT,TTTT-TTTT,4,4,0
740909936971687|81001|1,TTTT,TTTT,TTTT-TTTT,4,4,0
740952098903509|81001|1,TTTT,....,TTTT-....,4,4,0
740952098903509|83001|2,TTTT,....,TTTT-....,4,4,0
740960092407679|83001|1,TT..,....,TT..-....,2,2,0
741073815289320|79001|2,TTTT,TTT.,TTTT-TTT.,4,4,0
741073815289320|83001|1,T...,....,T...-....,1,1,0
741073915239320|80001|1,UUUT,TTTT,UUUT-TTTT,4,1,1
741074815469320|80001|2,T.TT,TTTT,T.TT-TTTT,3,3,0
742215012909473|81001|1,TTTT,TTTT,TTTT-TTTT,4,4,0
742399709700987|81001|1,TTTT,TTTT,TTTT-TTTT,4,4,0
742521074909775|82001|4,TT..,....,TT..-....,2,2,0
743099065905692|82001|2,TTTT,....,TTTT-....,4,4,0
743215018909493|83001|2,T...,....,T...-....,1,1,0
743226004909197|80001|1,TTTT,TTTT,TTTT-TTTT,4,4,0
743292609600935|81001|4,NNTE,TTTT,NNTE-TTTT,4,1,2
743344061906392|82001|2,TTTT,E...,TTTT-E...,4,4,0
743392119700941|80001|1,TTTT,TTTT,TTTT-TTTT,4,4,0
743490599500928|82001|2,TTTT,E...,TTTT-E...,4,4,0
744079639900983|80001|1,TNTT,ETTT,TNTT-ETTT,4,3,2
744079639900983|83001|1,T.EE,....,T.EE-....,3,1,1
744099062907672|81001|1,TTTT,TTTT,TTTT-TTTT,4,4,0
744099062907672|87001|1,T...,....,T...-....,1,1,0
744139150959305|80001|1,TE..,....,TE..-....,2,1,1
744299639500983|83001|1,TTTT,....,TTTT-....,4,4,0
744370779300955|83001|1,TTTT,....,TTTT-....,4,4,0
744390779000955|80001|1,ENT.,....,ENT.-....,3,1,2
744492039800927|81001|1,TTEN,NNNN,TTEN-NNNN,4,2,2
744494999800913|82001|1,NTTT,....,NTTT-....,4,3,1
744808075908294|83001|1,NTTT,....,NTTT-....,4,3,1
745086967519340|83001|2,TTNT,....,TTNT-....,4,3,2
745097541229300|81001|1,TTTT,....,TTTT-....,4,4,0
745097641269300|83001|1,TTT.,....,TTT.-....,3,3,0
745296499000908|81001|2,TTTT,TTTE,TTTT-TTTE,4,4,0
745412032909665|87001|1,T...,....,T...-....,1,1,0
745594539500914|82001|1,TTTT,U...,TTTT-U...,4,4,0
745760073908199|83001|1,TTTT,....,TTTT-....,4,4,0
745776002909568|81001|1,TTTT,TTTT,TTTT-TTTT,4,4,0
746043789279100|80001|1,TTTT,TTTT,TTTT-TTTT,4,4,0
746043789279100|80001|2,TTTT,TTTT,TTTT-TTTT,4,4,0
746043889229100|81001|2,TTTT,TTTT,TTTT-TTTT,4,4,0
746043889229100|82001|1,TT.T,TTT.,TT.T-TTT.,3,3,0
746049889069100|79001|2,TN..,...N,TN..-...N,2,1,1
746090679800949|81001|2,TTTT,TTTT,TTTT-TTTT,4,4,0
746090679800949|82001|2,EEET,N...,EEET-N...,4,1,1
746496959500960|81001|1,TTTT,TTTT,TTTT-TTTT,4,4,0
747063738259390|81001|1,T.EE,.EEE,T.EE-.EEE,3,1,1
747073449800960|83001|1,EETT,....,EETT-....,4,2,1
747272509700939|80001|1,TTTT,TTTT,TTTT-TTTT,4,4,0
747573449100960|81001|2,TTTT,EEEE,TTTT-EEEE,4,4,0
748023932279650|82001|2,TTTT,....,TTTT-....,4,4,0
749072922079580|82001|2,TTTT,....,TTTT-....,4,4,0
750006431826491|79001|3,EETE,ENEE,EETE-ENEE,4,1,2
750055989419150|83001|2,TTTE,....,TTTE-....,4,3,1
750109924215284|79001|2,TTTT,EEE.,TTTT-EEE.,4,4,0
750161006728950|82001|1,TT..,....,TT..-....,2,2,0
750185008846730|82001|2,TTTT,....,TTTT-....,4,4,0
750252038909291|81001|1,TTTT,TTTT,TTTT-TTTT,4,4,0
750252038909291|81001|2,TTTT,UTTT,TTTT-UTTT,4,4,0
750301001265512|81001|4,TTTT,.ENN,TTTT-.ENN,4,4,0
750500860000102|82001|2,TTTT,....,TTTT-....,4,4,0
750606442613695|81001|2,TTTT,EEEE,TTTT-EEEE,4,4,0
750607953362988|79001|2,TTTT,TTTT,TTTT-TTTT,4,4,0
750607953362988|82001|2,TTTT,....,TTTT-....,4,4,0
750609908659887|83001|1,TT..,....,TT..-....,2,2,0
750609961291781|80001|2,TTTT,TTTN,TTTT-TTTN,4,4,0
750609961291781|82001|1,TTNT,....,TTNT-....,4,3,2
750609961291781|82001|2,TTNT,....,TTNT-....,4,3,2
750904063427499|82001|1,TTTT,....,TTTT-....,4,4,0
750904063427499|82001|2,TTTT,....,TTTT-....,4,4,0
750904093421499|80001|2,TTEE,....,TTEE-....,4,2,1
750921065005864|80001|2,TTTT,TTTT,TTTT-TTTT,4,4,0
750944097737639|81001|1,TTTT,TTTT,TTTT-TTTT,4,4,0
750944097737639|81001|2,TTTT,TTTT,TTTT-TTTT,4,4,0
750969065953999|83001|1,TTTT,....,TTTT-....,4,4,0
750971076727959|82001|1,TTTT,....,TTTT-....,4,4,0
750978095331529|82001|2,TTTT,TTTT,TTTT-TTTT,4,4,0
750986165144549|83001|1,TTTT,....,TTTT-....,4,4,0
751043857329420|80001|2,TTTT,TTTT,TTTT-TTTT,4,4,0
751043857329420|81001|1,TTTT,TTTT,TTTT-TTTT,4,4,0
751063894369820|83001|2,TTT.,....,TTT.-....,3,3,0
751070803169420|79001|2,ETT.,....,ETT.-....,3,2,1
751071103149420|83001|1,T...,....,T...-....,1,1,0
751071103149420|83001|2,T...,....,T...-....,1,1,0
751408510477107|83001|2,TTT.,....,TTT.-....,3,3,0
751408530479107|80001|1,TTTT,TTTT,TTTT-TTTT,4,4,0
751429034909765|81001|1,TTTT,TTTT,TTTT-TTTT,4,4,0
751521071903775|80001|3,TT..,....,TT..-....,2,2,0
751521071903775|81001|2,TTTT,TTTT,TTTT-TTTT,4,4,0
751521076902775|80001|2,TEEE,EEEE,TEEE-EEEE,4,1,1
751521076902775|81001|3,TTTT,....,TTTT-....,4,4,0
751808075908294|83001|1,N.TT,....,N.TT-....,3,2,1
752049930079440|82001|2,TTTT,....,TTTT-....,4,4,0
752279530779401|83001|2,TTTT,....,TTTT-....,4,4,0
752298669500581|80001|1,ETTT,TTTT,ETTT-TTTT,4,3,1
752298669500581|80001|2,ETTT,TTTT,ETTT-TTTT,4,3,1
752498749400880|81001|2,E.TT,ENNN,E.TT-ENNN,3,2,1
752498749400880|83001|1,TTTT,....,TTTT-....,4,4,0
752709710659408|83001|2,EEET,....,EEET-....,4,1,1
752899450139408|83001|1,TTTT,....,TTTT-....,4,4,0
753071997319290|83001|2,TTTT,....,TTTT-....,4,4,0
753199289100005|80001|1,UTTT,TTTT,UTTT-TTTT,4,3,1
753604025908194|80001|1,TTTT,TTTT,TTTT-TTTT,4,4,0
753919530909505|83001|1,TEET,....,TEET-....,4,2,2
754034666469210|82001|1,TTTT,....,TTTT-....,4,4,0
754034666469210|82001|2,TTTT,....,TTTT-....,4,4,0
754039766079210|82001|1,TTTT,....,TTTT-....,4,4,0
754039866029210|80001|2,TTTT,EEEE,TTTT-EEEE,4,4,0
754096078909099|80001|1,TTTT,TTTT,TTTT-TTTT,4,4,0
754199639000883|81001|1,TTT.,....,TTT.-....,3,3,0
754496809200814|83001|1,ETTE,....,ETTE-....,4,2,2
754769550927400|82001|1,TTTT,....,TTTT-....,4,4,0
755004080600187|82001|1,TTTT,....,TTTT-....,4,4,0
755073599900879|80001|1,EE.T,EEEE,EE.T-EEEE,3,1,1
755073599900879|80001|2,TT.E,TEEE,TT.E-TEEE,3,2,1
755609850799208|80001|1,TTTT,TTET,TTTT-TTET,4,4,0
755609850799208|82001|1,T...,....,T...-....,1,1,0
756247910629003|80001|2,TTTT,TTTT,TTTT-TTTT,4,4,0
756529850489309|80001|2,TTTT,NEEE,TTTT-NEEE,4,4,0
757059497079930|81001|1,TTTT,....,TTTT-....,4,4,0
757059797019930|83001|3,ETNT,....,ETNT-....,4,2,3
757095759100812|82001|1,NTTN,....,NTTN-....,4,2,2
758063882269140|83001|1,TTT.,....,TTT.-....,3,3,0
759000962279450|79001|1,TTTT,TTTT,TTTT-TTTT,4,4,0
759510267070924|83001|3,TTTT,....,TTTT-....,4,4,0
760051927519590|83001|2,TTT.,....,TTT.-....,3,3,0
760076979800956|83001|1,TTT.,....,TTT.-....,3,3,0
760120087701890|81001|1,TTTE,EEEE,TTTE-EEEE,4,3,1
760125064904997|83001|2,EEET,....,EEET-....,4,1,1
760125066909997|79001|1,TTTE,....,TTTE-....,4,3,1
760188095548039|81001|1,TTTT,TTTT,TTTT-TTTT,4,4,0
760252035001201|81001|1,TTTT,TTTT,TTTT-TTTT,4,4,0
760252035001201|81001|2,TTTT,TTTT,TTTT-TTTT,4,4,0
760288095543039|80001|1,TTTT,TTTT,TTTT-TTTT,4,4,0
760288095543039|80001|2,TTTT,NNNN,TTTT-NNNN,4,4,0
760362098134269|83001|1,TTTE,....,TTTE-....,4,3,1
760987095447279|80001|2,TTTT,TTTT,TTTT-TTTT,4,4,0
760987095447279|81001|1,TTTT,TTTT,TTTT-TTTT,4,4,0
762021959579770|80001|2,TTTT,TTT.,TTTT-TTT.,4,4,0
762099709600987|80001|3,NTTN,....,NTTN-....,4,2,2
762120088909890|83001|2,T...,....,T...-....,1,1,0
762304085908290|83001|2,TTTT,....,TTTT-....,4,4,0
762479010489401|80001|1,TTTT,TTTT,TTTT-TTTT,4,4,0
762524038907896|79001|2,TTTT,NTTT,TTTT-NTTT,4,4,0
762760012907299|87001|1,T...,....,T...-....,1,1,0
762760012907299|87001|2,T...,....,T...-....,1,1,0
763063805389390|81001|1,TTTT,TTTT,TTTT-TTTT,4,4,0
763063905339390|81001|2,TTTT,TTTT,TTTT-TTTT,4,4,0
763097949100915|79001|2,TTTT,TTTT,TTTT-TTTT,4,4,0
763209130257305|82001|2,TTTT,T...,TTTT-T...,4,4,0
763226006909197|79001|4,TTTT,TTTT,TTTT-TTTT,4,4,0
763252037906291|82001|2,TTTT,....,TTTT-....,4,4,0
763304082904290|83001|2,EENT,....,EENT-....,4,1,2
763361026907898|83001|2,TTT.,....,TTT.-....,3,3,0
763597549400976|81001|2,TNT.,EEEE,TNT.-EEEE,3,2,2
763978076909260|80001|2,TTTT,TTTT,TTTT-TTTT,4,4,0
764269004909165|81001|2,TTTT,TTTT,TTTT-TTTT,4,4,0
764296809600914|79001|3,T.TT,EEEE,T.TT-EEEE,3,3,0
764304082909270|80001|2,TTTT,TTTT,TTTT-TTTT,4,4,0
764304084909290|80001|2,TTTT,EETT,TTTT-EETT,4,4,0
764468339800967|83001|1,TTT.,....,TTT.-....,3,3,0
764490779200955|80001|1,TTTT,TTTT,TTTT-TTTT,4,4,0
764490779200955|80001|2,TTTT,TTTT,TTTT-TTTT,4,4,0
764591589500957|82001|1,TUUU,....,TUUU-....,4,1,1
764743048909094|81001|1,T...,....,T...-....,1,1,0
765215016909463|81001|2,TTTT,T.TT,TTTT-T.TT,4,4,0
765799046909496|80001|2,TTTT,TT.T,TTTT-TT.T,4,4,0
765808075409264|83001|2,TTTT,....,TTTT-....,4,4,0
766029530539303|80001|2,NTTT,TTTT,NTTT-TTTT,4,3,1
766063822329950|83001|1,TTTN,....,TTTN-....,4,3,1
766063822329950|83001|2,TTTT,....,TTTT-....,4,4,0
766067842269310|80001|2,TTTT,TTTT,TTTT-TTTT,4,4,0
766072499319200|80001|1,TTTT,....,TTTT-....,4,4,0
766075999119200|80001|2,TEET,ETEE,TEET-ETEE,4,2,2
766076149800930|82001|2,TTTT,....,TTTT-....,4,4,0
766090826529010|80001|2,TTTT,TTTT,TTTT-TTTT,4,4,0
766492039800913|82001|1,TTTT,....,TTTT-....,4,4,0
767039662069960|82001|1,TTTT,....,TTTT-....,4,4,0
767096809600923|82001|1,TEEE,....,TEEE-....,4,1,1
767099506029560|82001|1,TTTT,....,TTTT-....,4,4,0
767165759500912|80001|2,TTTT,TTTT,TTTT-TTTT,4,4,0
767199619900911|82001|4,EEET,....,EEET-....,4,1,1
767393449600960|83001|3,TTT.,....,TTT.-....,3,3,0
768071929579320|83001|2,NT..,....,NT..-....,2,1,1
768518170949403|79001|1,NNTN,NNNN,NNTN-NNNN,4,1,2
768679770097005|81001|1,TTTT,TTTT,TTTT-TTTT,4,4,0
769019943019410|81001|2,TTTT,TTTT,TTTT-TTTT,4,4,0
769054069429580|81001|1,T.NN,NNNN,T.NN-NNNN,3,1,1
769149070447003|83001|1,TN..,....,TN..-....,2,1,1
769300635710962|81001|1,TTTT,TTTT,TTTT-TTTT,4,4,0
769492589700927|80001|1,NNTN,NNNN,NNTN-NNNN,4,1,2
769510267070964|83001|2,UTT.,....,UTT.-....,3,2,1
769530453340961|80001|1,TTTT,TTTT,TTTT-TTTT,4,4,0
769530453340961|82001|1,TTTT,....,TTTT-....,4,4,0
770003538369540|79001|1,TTTT,EEEN,TTTT-EEEN,4,4,0
770003538369540|83001|2,TNE.,....,TNE.-....,3,1,2
770119007058610|79001|2,TTTT,TTTT,TTTT-TTTT,4,4,0
770153007108710|83001|1,T...,....,T...-....,1,1,0
770168000608750|83001|1,T...,....,T...-....,1,1,0
770366090502849|82001|2,TTTT,TTT.,TTTT-TTT.,4,4,0
770666090534849|81001|2,TTTT,....,TTTT-....,4,4,0
770724094315409|80001|1,TTTT,....,TTTT-....,4,4,0
770864074342409|81001|2,TTTT,TTTT,TTTT-TTTT,4,4,0
770919097003619|81001|1,TTTT,TTTT,TTTT-TTTT,4,4,0
770925091447489|83001|2,TT..,....,TT..-....,2,2,0
770956094943949|83001|1,TTTT,....,TTTT-....,4,4,0
770964096503299|83001|2,TTTT,....,TTTT-....,4,4,0
770966090537849|80001|2,TTTT,....,TTTT-....,4,4,0
770966094923949|80001|1,TTTT,TTTT,TTTT-TTTT,4,4,0
771060805189890|82001|2,TTTT,....,TTTT-....,4,4,0
771061705178890|79001|3,ETEE,....,ETEE-....,4,1,2
771065905419890|83001|1,TEEE,....,TEEE-....,4,1,1
771181066909995|79001|2,TTTT,TTTT,TTTT-TTTT,4,4,0
771181066909995|80001|1,NTNN,NNNN,NTNN-NNNN,4,1,2
771181066909995|83001|2,TTT.,....,TTT.-....,3,3,0
771547007909465|79001|2,TTTT,TTTT,TTTT-TTTT,4,4,0
772024927219160|82001|1,TT..,..E.,TT..-..E.,2,2,0
772092566600443|80001|4,TTTN,NNEE,TTTN-NNEE,4,3,1
772092567600543|81001|2,TTTT,TTTT,TTTT-TTTT,4,4,0
772099068909672|83001|1,T...,....,T...-....,1,1,0
772139006909762|79001|1,TTTT,TTTT,TTTT-TTTT,4,4,0
772139006909762|79001|2,TTTT,TTTT,TTTT-TTTT,4,4,0
772341002909376|87001|2,T...,....,T...-....,1,1,0
773064994219720|82001|2,TTTT,TTTT,TTTT-TTTT,4,4,0
773187065908296|82001|1,TTTT,....,TTTT-....,4,4,0
773211970700116|80001|1,TTTT,TTTT,TTTT-TTTT,4,4,0
773304088909290|79001|2,TTTT,TT.T,TTTT-TT.T,4,4,0
773391057001105|81001|1,TTTT,TTTT,TTTT-TTTT,4,4,0
773914074907494|82001|1,NTNT,E...,NTNT-E...,4,2,3
774054505489190|82001|2,TTTT,....,TTTT-....,4,4,0
774059905039190|82001|2,TNNT,.T..,TNNT-.T..,4,2,2
774091985539300|81001|1,TTTT,TTTT,TTTT-TTTT,4,4,0
774120086909890|81001|1,TTTT,NNNN,TTTT-NNNN,4,4,0
775013590800179|79001|2,TTTT,E..E,TTTT-E..E,4,4,0
775013590800179|81001|2,TTTT,TTTT,TTTT-TTTT,4,4,0
776176959500160|79001|2,NNNT,....,NNNT-....,4,1,1
776196959500560|80001|1,TTTT,TTTT,TTTT-TTTT,4,4,0
776376959200660|82001|2,TTTT,....,TTTT-....,4,4,0
776376959200660|83001|1,TT..,....,TT..-....,2,2,0
776396959400660|83001|2,TT..,....,TT..-....,2,2,0
776490679900649|83001|1,TT..,....,TT..-....,2,2,0
776490679900649|83001|3,TT..,....,TT..-....,2,2,0
776589230049009|80001|4,TT..,....,TT..-....,2,2,0
776589230049009|80001|5,TTT.,....,TTT.-....,3,3,0
777390779800623|83001|1,TE..,....,TE..-....,2,1,1
778044780279860|83001|1,TT..,....,TT..-....,2,2,0
778068945039350|80001|1,TTTT,....,TTTT-....,4,4,0
779029993179430|79001|2,NNTT,....,NNTT-....,4,2,1
779045934179780|79001|1,TTTT,TTTT,TTTT-TTTT,4,4,0
779061923519210|82001|2,TTTT,TTTT,TTTT-TTTT,4,4,0
779559450227005|82001|1,TTTT,....,TTTT-....,4,4,0
779820247130972|80001|2,TTTT,TTTT,TTTT-TTTT,4,4,0
780147012528910|82001|3,EETT,....,EETT-....,4,2,1
780215016907493|79001|2,TTTT,TTTT,TTTT-TTTT,4,4,0
780226004909177|81001|2,TTTT,TTTT,TTTT-TTTT,4,4,0
780229028909498|81001|1,TTTT,TTTT,TTTT-TTTT,4,4,0
780229028909498|81001|2,TTTT,TTTT,TTTT-TTTT,4,4,0
780628094718329|83001|1,T...,....,T...-....,1,1,0
780694099328239|83001|1,T...,....,T...-....,1,1,0
780710066321439|80001|2,TTTT,TTNN,TTTT-TTNN,4,4,0
780911095101249|82001|1,TTTT,TTTT,TTTT-TTTT,4,4,0
780920096327439|82001|1,TTTN,....,TTTN-....,4,3,1
780927062513919|82001|2,TTTT,TT..,TTTT-TT..,4,4,0
780927092521919|83001|2,TTTT,....,TTTT-....,4,4,0
780957062807299|80001|1,NNTN,....,NNTN-....,4,1,2
780978093911169|80001|1,TTTT,EEEE,TTTT-EEEE,4,4,0
780978093911169|83001|1,TTTT,....,TTTT-....,4,4,0
781014942239750|82001|1,TTTT,EE..,TTTT-EE..,4,4,0
782221002909668|80001|1,TTTT,TTTT,TTTT-TTTT,4,4,0
782362569900943|81001|3,TTTT,....,TTTT-....,4,4,0
782568669500981|80001|1,TTTT,TTTT,TTTT-TTTT,4,4,0
782568749600980|80001|1,TTTT,UNNN,TTTT-UNNN,4,4,0
782749450359409|82001|1,TTTT,....,TTTT-....,4,4,0
782760014909299|82001|1,TTTT,....,TTTT-....,4,4,0
783007572249920|81001|1,TTTE,EEEE,TTTE-EEEE,4,3,1
783069289500905|81001|2,TTTT,TTTT,TTTT-TTTT,4,4,0
783392119600241|79001|2,TTTT,....,TTTT-....,4,4,0
783392119600241|82001|2,TTTT,....,TTTT-....,4,4,0
783529430327504|82001|1,TTTT,TT..,TTTT-TT..,4,4,0
784019961179700|83001|1,TT..,....,TT..-....,2,2,0
784365129000989|82001|1,TTTT,....,TTTT-....,4,4,0
784399024909396|83001|4,ETTT,....,ETTT-....,4,3,1
784917091808995|82001|2,TTTT,TTTT,TTTT-TTTT,4,4,0
785005983519400|80001|1,TTTT,TTUT,TTTT-TTUT,4,4,0
785021942379960|81001|1,T...,....,T...-....,1,1,0
785025939539360|80001|2,EENT,....,EENT-....,4,1,2
786043686389420|83001|2,T...,....,T...-....,1,1,0
786096148400730|81001|1,TEEE,EEEE,TEEE-EEEE,4,1,1
786476959400960|81001|1,TTTT,TTTT,TTTT-TTTT,4,4,0
786929550269204|81001|1,TTTE,TTTT,TTTE-TTTT,4,3,1
786949030689301|80001|1,TTNE,EEEE,TTNE-EEEE,4,2,2
787395759200712|80001|2,ENNT,NNNE,ENNT-NNNE,4,1,2
787464269800967|83001|2,T...,....,T...-....,1,1,0
787562879400974|82001|1,TTTT,....,TTTT-....,4,4,0
787562879400974|82001|2,TTTT,....,TTTT-....,4,4,0
788179610269308|80001|1,TTTT,EEEE,TTTT-EEEE,4,4,0
788179610269308|80001|2,TTTT,TTTT,TTTT-TTTT,4,4,0
789035922579170|79001|1,TTTT,....,TTTT-....,4,4,0
789039929179360|79001|1,ET..,....,ET..-....,2,1,1
789064354200979|79001|2,TNEN,UNN.,TNEN-UNN.,4,1,3
789200477460961|79001|2,TTTT,TTTT,TTTT-TTTT,4,4,0
789230581190961|79001|1,EEET,EEEE,EEET-EEEE,4,1,1
789240932180964|82001|1,TTET,....,TTET-....,4,3,2
789330305710984|81001|1,TTTT,EENU,TTTT-EENU,4,4,0
789340723320782|81001|1,TUEE,.NEE,TUEE-.NEE,4,1,2
789363949700922|82001|1,TTTN,....,TTTN-....,4,3,1
789380556200981|81001|1,TEEE,NEUT,TEEE-NEUT,4,1,1
789410581840981|83001|2,T...,....,T...-....,1,1,0
789919570337001|79001|1,TTTT,TTTT,TTTT-TTTT,4,4,0
789940390160962|79001|2,TTTT,....,TTTT-....,4,4,0
789940658810984|80001|1,TTTT,EEEE,TTTT-EEEE,4,4,0
789960751770961|82001|2,TTTT,....,TTTT-....,4,4,0
790055074909477|83001|1,TTTT,....,TTTT-....,4,4,0
790172008238400|80001|2,TTTT,TTTT,TTTT-TTTT,4,4,0
790172008238400|82001|2,TTTT,....,TTTT-....,4,4,0
790203011905594|80001|1,TTTT,....,TTTT-....,4,4,0
790203012909574|87001|2,T...,....,T...-....,1,1,0
790341007001316|79001|1,TTTT,NTTN,TTTT-NTTN,4,4,0
790341007001316|81001|2,TEEE,T...,TEEE-T...,4,1,1
790412031908675|83001|1,TEEE,....,TEEE-....,4,1,1
790429031905795|81001|1,TTTT,TTTT,TTTT-TTTT,4,4,0
790429031905795|81001|2,TTTT,TTTT,TTTT-TTTT,4,4,0
790547001906495|80001|1,TTTT,TTTT,TTTT-TTTT,4,4,0
790604026907174|82001|1,TNUN,....,TNUN-....,4,1,3
790862098232409|83001|3,TTTT,....,TTTT-....,4,4,0
790904093827759|82001|2,TTTT,....,TTTT-....,4,4,0
790912098251409|82001|1,TTTT,TTTT,TTTT-TTTT,4,4,0
790922097541009|81001|1,TTTT,TTTT,TTTT-TTTT,4,4,0
790922097541009|81001|2,TTTT,TTTT,TTTT-TTTT,4,4,0
790922097541009|82001|2,NTTT,TTTT,NTTT-TTTT,4,3,1
790964093821759|80001|1,TTTT,TTTT,TTTT-TTTT,4,4,0
790984097123539|83001|2,TTTT,....,TTTT-....,4,4,0
791001995339550|80001|1,ETTT,TTTT,ETTT-TTTT,4,3,1
791039052907291|82001|1,TTTT,TTT.,TTTT-TTT.,4,4,0
791044889269270|79001|1,TTTT,.T.E,TTTT-.T.E,4,4,0
791044889269270|82001|3,TTTT,....,TTTT-....,4,4,0
792031979419280|83001|1,TT..,....,TT..-....,2,2,0
792099610909002|81001|1,TTT.,....,TTT.-....,3,3,0
793041913519190|82001|2,TTTT,....,TTTT-....,4,4,0
793044513429080|82001|2,NUUT,NNN.,NUUT-NNN.,4,1,2
793226005905197|83001|1,TTTT,....,TTTT-....,4,4,0
793338053908394|82001|1,TTTT,....,TTTT-....,4,4,0
793338053908394|83001|1,TTTT,....,TTTT-....,4,4,0
793412037909665|82001|2,TTTT,....,TTTT-....,4,4,0
793490065909965|83001|2,TTTT,....,TTTT-....,4,4,0
793524034909896|81001|1,TTTT,....,TTTT-....,4,4,0
794529450239300|83001|2,TTTT,....,TTTT-....,4,4,0
794640609810662|81001|2,TTTT,NNNN,TTTT-NNNN,4,4,0
794659810589301|80001|1,TTTT,TTTT,TTTT-TTTT,4,4,0
794699470017403|79001|1,TTTT,NNNN,TTTT-NNNN,4,4,0
795080770219990|80001|1,TTTT,TT..,TTTT-TT..,4,4,0
796020670169550|80001|1,UTTU,NEEE,UTTU-NEEE,4,2,2
796020670169550|82001|2,TTTT,....,TTTT-....,4,4,0
796456720899001|87001|2,T...,....,T...-....,1,1,0
797007350619109|83001|4,NTTN,....,NTTN-....,4,2,2
797090922239430|80001|1,TTTT,TTTT,TTTT-TTTT,4,4,0
797090922239430|83001|2,T.TT,....,T.TT-....,3,3,0
797699550339308|83001|1,TTTT,....,TTTT-....,4,4,0
798054406439810|80001|2,TEET,TUET,TEET-TUET,4,2,2
799002802089690|80001|2,TTTT,NNNN,TTTT-NNNN,4,4,0
799060852940971|80001|2,TTTT,EEEE,TTTT-EEEE,4,4,0
799070183400752|80001|3,ETTT,....,ETTT-....,4,3,1
799070548430952|80001|1,TTTT,....,TTTT-....,4,4,0
799070939030913|80001|1,TTTT,TTTT,TTTT-TTTT,4,4,0
799070993080913|80001|1,TTTT,TTTT,TTTT-TTTT,4,4,0
799080225860914|82001|1,TTTT,....,TTTT-....,4,4,0
799100015650913|81001|1,TTTT,EEEE,TTTT-EEEE,4,4,0
799130589880732|80001|2,UEET,TTTT,UEET-TTTT,4,1,2
799140325700951|81001|1,TTTT,TTTT,TTTT-TTTT,4,4,0
799190562310952|81001|1,NTNN,TTNN,NTNN-TTNN,4,1,2
799220707270953|83001|2,TTTT,....,TTTT-....,4,4,0
799240533190971|80001|2,TTTT,TTTN,TTTT-TTTN,4,4,0
799240533190971|82001|2,TTTT,....,TTTT-....,4,4,0
799270057220971|81001|1,TTTT,....,TTTT-....,4,4,0
799300635710732|80001|1,TTNT,....,TTNT-....,4,3,2
799420772150973|82001|2,TEEE,....,TEEE-....,4,1,1
799440954010913|82001|2,TTTT,TTTT,TTTT-TTTT,4,4,0
799460010140914|80001|2,TTTT,TTTN,TTTT-TTTN,4,4,0
799530104940914|80001|2,TTTT,TTTT,TTTT-TTTT,4,4,0
799560583900612|81001|2,TTTT,E...,TTTT-E...,4,4,0
799570102170732|81001|1,TTEE,TTTT,TTEE-TTTT,4,2,1
799580416740971|79001|1,TTTT,TTTT,TTTT-TTTT,4,4,0
799590099870653|83001|1,TTTT,....,TTTT-....,4,4,0
799620264640974|79001|1,TTTT,TTTT,TTTT-TTTT,4,4,0
799630216640712|80001|1,NTT.,....,NTT.-....,3,2,1
799650169340951|81001|1,TTNN,NNNN,TTNN-NNNN,4,2,1
799650169340951|81001|2,TTTT,TTNN,TTTT-TTNN,4,4,0
799650428680913|82001|1,T..E,E...,T..E-E...,2,1,1
799650777340633|83001|2,TTTT,....,TTTT-....,4,4,0
799670295140673|82001|2,TNTT,....,TNTT-....,4,3,2
799690666740672|81001|1,TTTT,TTEE,TTTT-TTEE,4,4,0
799699410019003|80001|2,TTTT,TTTT,TTTT-TTTT,4,4,0
799700426140952|82001|2,TT..,....,TT..-....,2,2,0
799710990780712|83001|2,TTTT,....,TTTT-....,4,4,0
799830280540752|80001|2,TTTT,TTTT,TTTT-TTTT,4,4,0
799850559490973|79001|3,TTTT,ETTT,TTTT-ETTT,4,4,0
799850559490973|82001|1,TTTE,....,TTTE-....,4,3,1
799900339070972|79001|1,TTTT,TTTT,TTTT-TTTT,4,4,0
799900339070972|79001|2,TTTT,TTTT,TTTT-TTTT,4,4,0
799910467190972|79001|1,TTTT,TTTT,TTTT-TTTT,4,4,0
799920743610911|80001|2,TTNN,NNNN,TTNN-NNNN,4,2,1
799940631160732|81001|1,TTTT,TTTT,TTTT-TTTT,4,4,0
799980164760952|80001|2,TTTT,TTTT,TTTT-TTTT,4,4,0
799980164760952|83001|1,TTTT,....,TTTT-....,4,4,0
800109965070995|82001|1,TTTT,....,TTTT-....,4,4,0
800182005908570|81001|1,TTTT,TTTT,TTTT-TTTT,4,4,0
800400031145529|79001|2,TTTT,...N,TTTT-...N,4,4,0
800409874061376|81001|2,TTTT,EEEE,TTTT-EEEE,4,4,0
800409922103190|79001|1,TTTT,TTTT,TTTT-TTTT,4,4,0
800506943392997|83001|1,T...,....,T...-....,1,1,0
800509912883778|81001|1,TTTT,TTTT,TTTT-TTTT,4,4,0
800600040613621|83001|1,T...,....,T...-....,1,1,0
800609649252316|80001|2,TTTT,NEEE,TTTT-NEEE,4,4,0
800609649252316|82001|1,EEET,....,EEET-....,4,1,1
800609931145599|79001|1,TTTT,TTTT,TTTT-TTTT,4,4,0
800609936257498|81001|2,TTTT,EEEE,TTTT-EEEE,4,4,0
800609939750975|80001|1,NTNT,TTTT,NTNT-TTTT,4,2,3
800609939750975|80001|2,TTTT,TTTT,TTTT-TTTT,4,4,0
800609940988196|80001|1,ETTT,TTTT,ETTT-TTTT,4,3,1
800609944016299|80001|2,TTTT,TTTT,TTTT-TTTT,4,4,0
800609947716592|83001|1,T...,....,T...-....,1,1,0
800609947716592|83001|2,T...,....,T...-....,1,1,0
800807905457794|80001|1,TTTT,TTTT,TTTT-TTTT,4,4,0
800807958061491|82001|1,TTTT,....,TTTT-....,4,4,0
800807967303796|81001|1,NNNT,UNNN,NNNT-UNNN,4,1,1
800807967303796|81001|2,NNTT,UTTT,NNTT-UTTT,4,2,1
800869120446509|87001|1,T...,....,T...-....,1,1,0
800869120446509|87001|2,T...,....,T...-....,1,1,0
800882075904579|81001|2,TTTT,T...,TTTT-T...,4,4,0
800907910003791|79001|2,TENN,EEEE,TENN-EEEE,4,1,2
800907986516494|81001|1,NNTT,TTTT,NNTT-TTTT,4,2,1
800909924067471|79001|7,TTE.,....,TTE.-....,3,2,1
800909940164394|80001|2,TTTT,TTTT,TTTT-TTTT,4,4,0
800909969256296|80001|2,TNNT,TTTT,TNNT-TTTT,4,2,2
800929220619505|80001|1,TTTT,TTTT,TTTT-TTTT,4,4,0
801603290998792|83001|1,TT..,....,TT..-....,2,2,0
801649760819501|80001|1,TTTT,TTTT,TTTT-TTTT,4,4,0
801769720789300|81001|2,TTTT,TTTT,TTTT-TTTT,4,4,0
801900550897281|82001|1,TTTT,TTTT,TTTT-TTTT,4,4,0
801902170580806|81001|4,TTTT,TEEE,TTTT-TEEE,4,4,0
801904123594051|82001|1,TTTT,TTTT,TTTT-TTTT,4,4,0
801904771594152|83001|1,TTTT,....,TTTT-....,4,4,0
801906074896151|83001|2,TTTT,....,TTTT-....,4,4,0
801906290896656|81001|2,TEEE,EEEE,TEEE-EEEE,4,1,1
801906992890036|80001|1,TT.E,NNNN,TT.E-NNNN,3,2,1
801907202592397|81001|2,TTTT,TTTT,TTTT-TTTT,4,4,0
801907552893229|80001|2,TTTT,TTTT,TTTT-TTTT,4,4,0
801908721899843|80001|1,TTTT,TTTT,TTTT-TTTT,4,4,0
801908965897173|82001|1,NTTT,TTTT,NTTT-TTTT,4,3,1
801909063897950|81001|1,TTTT,TTTT,TTTT-TTTT,4,4,0
802016062909964|82001|2,TTTT,TTT.,TTTT-TTT.,4,4,0
802172026909462|79001|1,TTTT,TTTT,TTTT-TTTT,4,4,0
802172026909462|79001|2,TTTT,TTTT,TTTT-TTTT,4,4,0
802602170990805|81001|1,TTTT,TTTT,TTTT-TTTT,4,4,0
802604955993994|80001|1,TTTU,TTTT,TTTU-TTTT,4,3,1
802604955993994|80001|2,TTTU,TTTT,TTTU-TTTT,4,3,1
802624014909397|81001|2,TTTT,TTTT,TTTT-TTTT,4,4,0
802624014909397|82001|1,TTTT,N...,TTTT-N...,4,4,0
802701582996947|80001|1,TT.T,TTTT,TT.T-TTTT,3,3,0
802704512992170|87001|2,T...,....,T...-....,1,1,0
802707202992397|82001|1,TTTT,EEE.,TTTT-EEE.,4,4,0
802743063908370|80001|1,TTTT,TTTT,TTTT-TTTT,4,4,0
802903290295826|87001|2,T...,....,T...-....,1,1,0
802904144992698|81001|2,TTTT,TTTT,TTTT-TTTT,4,4,0
802904881993046|81001|1,TTTT,TTTT,TTTT-TTTT,4,4,0
802904881993046|81001|2,TTTT,TTTT,TTTT-TTTT,4,4,0
802904953993998|80001|1,TUUU,TTTT,TUUU-TTTT,4,1,1
802904953993998|80001|2,TTUU,EEEE,TTUU-EEEE,4,2,1
802906443998255|80001|1,TTTT,TTTT,TTTT-TTTT,4,4,0
802906844994338|80001|2,EETE,EENE,EETE-EENE,4,1,2
802907820997026|80001|1,TTEE,EEEE,TTEE-EEEE,4,2,1
802907820997026|83001|1,TNEE,....,TNEE-....,4,1,2
802907880999046|82001|1,TTTT,TTT.,TTTT-TTT.,4,4,0
802907932992485|87001|1,T...,....,T...-....,1,1,0
802907932992485|87001|2,T...,....,T...-....,1,1,0
802908244996649|83001|2,TT.T,....,TT.T-....,3,3,0
803032052909968|87001|2,T...,....,T...-....,1,1,0
803470068909497|80001|2,EEET,EEEE,EEET-EEEE,4,1,1
803549420739508|87001|1,T...,....,T...-....,1,1,0
803559027909468|82001|1,TTTT,....,TTTT-....,4,4,0
803607935892480|81001|2,NNET,T...,NNET-T...,4,1,2
803704622896444|82001|1,TTTT,NN..,TTTT-NN..,4,4,0
803903290875826|80001|2,TNTT,.TTT,TNTT-.TTT,4,3,2
803904504395899|82001|1,TTTT,TT..,TTTT-TT..,4,4,0
803908653692604|82001|1,TTTT,....,TTTT-....,4,4,0
804589160999308|82001|1,TTTT,....,TTTT-....,4,4,0
804603842999373|80001|1,TTTT,TTTT,TTTT-TTTT,4,4,0
804603842999373|81001|2,NTNN,NNNN,NTNN-NNNN,4,1,2
804605212990768|81001|1,TTTT,TTTT,TTTT-TTTT,4,4,0
804605212990768|81001|2,TTTT,TTTT,TTTT-TTTT,4,4,0
804706383998412|82001|1,TTTT,T...,TTTT-T...,4,4,0
804885076909567|82001|1,TTTT,....,TTTT-....,4,4,0
804902633499936|81001|2,TTTT,TTTT,TTTT-TTTT,4,4,0
804902660799276|82001|1,TTTT,T...,TTTT-T...,4,4,0
804905402795489|82001|3,ENTE,E...,ENTE-E...,4,1,3
804906443498251|81001|1,TTTT,TTTT,TTTT-TTTT,4,4,0
805003453100237|81001|1,TTTT,....,TTTT-....,4,4,0
805108353108872|82001|1,TTEE,....,TTEE-....,4,2,1
805231062909778|81001|1,TTTT,TTTT,TTTT-TTTT,4,4,0
805231062909778|83001|2,NTEN,....,NTEN-....,4,1,3
805612174990800|81001|2,TTTT,TTTT,TTTT-TTTT,4,4,0
805900550897286|80001|1,TTTT,TTTT,TTTT-TTTT,4,4,0
805901120894314|83001|1,TTTT,....,TTTT-....,4,4,0
805902443694797|83001|2,TTT.,....,TTT.-....,3,3,0
805903290595826|81001|2,TTTE,TTTT,TTTE-TTTT,4,3,1
805904990391576|81001|2,TTTT,TTTT,TTTT-TTTT,4,4,0
805908833697127|82001|2,NNNT,....,NNNT-....,4,1,1
806219060119006|83001|1,TTT.,....,TTT.-....,3,3,0
806219060119006|83001|2,TTT.,....,TTT.-....,3,3,0
806369420009006|81001|2,EEET,EEEE,EEET-EEEE,4,1,1
806399940719203|80001|2,TTTT,TTTT,TTTT-TTTT,4,4,0
806399940719203|83001|2,TTTT,....,TTTT-....,4,4,0
806704954993996|80001|2,TTTT,TTTT,TTTT-TTTT,4,4,0
806704954993996|83001|1,TTT.,....,TTT.-....,3,3,0
806759760219201|79001|1,TTTT,TTTT,TTTT-TTTT,4,4,0
806759760219201|82001|1,TT..,....,TT..-....,2,2,0
806901124994315|82001|1,TTTT,....,TTTT-....,4,4,0
806901760999506|79001|2,TTTT,TTTT,TTTT-TTTT,4,4,0
806901760999506|82001|1,TTTT,....,TTTT-....,4,4,0
806903065992811|80001|2,TTTT,TTTT,TTTT-TTTT,4,4,0
806903364992917|82001|1,T.ET,....,T.ET-....,3,2,2
806903364992917|83001|1,TTT.,....,TTT.-....,3,3,0
806904142992690|79001|3,NNNT,....,NNNT-....,4,1,1
806904221999118|83001|2,TTT.,....,TTT.-....,3,3,0
806904623996446|79001|5,EEET,EEEE,EEET-EEEE,4,1,1
806904623996446|83001|1,TTT.,....,TTT.-....,3,3,0
806906290796656|82001|1,TT..,....,TT..-....,2,2,0
806906294996658|83001|1,TT..,....,TT..-....,2,2,0
806908352798873|80001|2,TTTT,TTTT,TTTT-TTTT,4,4,0
806908501993072|82001|1,TTTT,....,TTTT-....,4,4,0
806909491994993|82001|1,TTTT,....,TTTT-....,4,4,0
807002143109397|82001|1,TTTT,....,TTTT-....,4,4,0
807004682108276|79001|2,TTTT,TTTN,TTTT-TTTN,4,4,0
807005404105482|82001|1,TTTT,....,TTTT-....,4,4,0
807349580127203|80001|1,TTTT,TTTT,TTTT-TTTT,4,4,0
807603622949533|81001|1,TTTT,TTTT,TTTT-TTTT,4,4,0
807603622949533|81001|2,TTTT,TNTE,TTTT-TNTE,4,4,0
807705313590213|82001|1,TTTT,....,TTTT-....,4,4,0
807900893891721|81001|2,TNNN,NNNT,TNNN-NNNT,4,1,1
807900893891721|83001|2,TT..,....,TT..-....,2,2,0
807903361892918|82001|2,TTTT,....,TTTT-....,4,4,0
807905401695482|79001|2,TTTT,TT..,TTTT-TT..,4,4,0
808159620229208|80001|2,TTTT,TT..,TTTT-TT..,4,4,0
808604994991570|79001|2,TTTT,TTTT,TTTT-TTTT,4,4,0
808604994991570|82001|1,TTTT,....,TTTT-....,4,4,0
808606073996150|79001|1,TTTT,TTTT,TTTT-TTTT,4,4,0
808606073996150|79001|2,TTTT,TTTT,TTTT-TTTT,4,4,0
808608902999103|83001|1,T...,....,T...-....,1,1,0
808608980992951|83001|2,T...,....,T...-....,1,1,0
808900594996788|79001|3,TTTT,....,TTTT-....,4,4,0
808900894791720|82001|2,TTTT,....,TTTT-....,4,4,0
808901120794316|81001|2,TTEE,EEEE,TTEE-EEEE,4,2,1
808902170860806|82001|1,TTTT,....,TTTT-....,4,4,0
808902172990806|82001|2,TTTT,....,TTTT-....,4,4,0
808902570994366|81001|1,TTTT,TTTT,TTTT-TTTT,4,4,0
808902571794362|82001|1,TT..,....,TT..-....,2,2,0
808903295995824|79001|1,NNTN,NNNN,NNTN-NNNN,4,1,2
808903295995824|79001|2,NNTN,TNTN,NNTN-TNTN,4,1,2
808903295995824|82001|1,TTTT,....,TTTT-....,4,4,0
808903453790237|80001|1,TTTT,TTTT,TTTT-TTTT,4,4,0
808904620992598|82001|1,TTTT,....,TTTT-....,4,4,0
808905013994727|83001|2,T...,....,T...-....,1,1,0
808905311990213|80001|1,TTTT,TTTT,TTTT-TTTT,4,4,0
808905311990213|80001|3,TTTT,T...,TTTT-T...,4,4,0
808905313790213|82001|2,TTTT,....,TTTT-....,4,4,0
808905313790213|83001|2,T...,....,T...-....,1,1,0
808908830797125|81001|1,TTTT,TT..,TTTT-TT..,4,4,0
808908902999106|81001|3,UUTT,EEEE,UUTT-EEEE,4,2,1
809060810630984|83001|2,T...,....,T...-....,1,1,0
809410467170964|79001|2,TTTT,TTTT,TTTT-TTTT,4,4,0
810007954572592|79001|1,TTTT,TTTT,TTTT-TTTT,4,4,0
810009905457794|83001|1,T...,....,T...-....,1,1,0
810010503830084|82001|1,TTTT,....,TTTT-....,4,4,0
810010503830084|82001|2,TTTT,....,TTTT-....,4,4,0
810060391350041|82001|1,UTTT,E...,UTTT-E...,4,3,1
810107914027325|79001|2,TTT.,....,TTT.-....,3,3,0
810150183390140|81001|1,TTTT,TTT.,TTTT-TTT.,4,4,0
810150937580080|81001|1,TT..,....,TT..-....,2,2,0
810172004738850|83001|1,T...,....,T...-....,1,1,0
810209905340897|81001|1,TTTT,....,TTTT-....,4,4,0
810209905627991|81001|1,TTTT,TTTT,TTTT-TTTT,4,4,0
810209905627991|82001|1,TTTT,....,TTTT-....,4,4,0
810209931717177|81001|2,TTTT,TTTT,TTTT-TTTT,4,4,0
810209954800398|79001|1,TTTE,TTTT,TTTE-TTTT,4,3,1
810209954800398|81001|2,TTTT,TTTT,TTTT-TTTT,4,4,0
810209954800398|83001|1,T...,....,T...-....,1,1,0
810209967381496|81001|1,TTTT,TTTT,TTTT-TTTT,4,4,0
810209990730399|83001|1,T...,....,T...-....,1,1,0
810220287640084|82001|2,TTTT,....,TTTT-....,4,4,0
810222046907590|82001|2,NNNT,....,NNNT-....,4,1,1
810269040699506|80001|1,T..E,EEEE,T..E-EEEE,2,1,1
810270459680063|79001|2,EN.T,EEEE,EN.T-EEEE,3,1,2
810270976250140|81001|1,TTTT,TTTT,TTTT-TTTT,4,4,0
810309908777695|82001|2,TNEE,....,TNEE-....,4,1,2
810309916830494|80001|1,E.TT,...E,E.TT-...E,3,2,1
810309921838492|82001|2,TTTT,....,TTTT-....,4,4,0
810309925250391|81001|1,TTTT,....,TTTT-....,4,4,0
810309931408070|79001|1,TTTT,....,TTTT-....,4,4,0
810309940534796|80001|2,EEET,T...,EEET-T...,4,1,1
810309958770976|81001|1,TTTT,....,TTTT-....,4,4,0
810309963211995|79001|1,TTT.,....,TTT.-....,3,3,0
810309986055295|80001|2,TTTT,....,TTTT-....,4,4,0
810390150550084|80001|1,TTTT,TTTT,TTTT-TTTT,4,4,0
810390150550084|82001|2,TT.T,....,TT.T-....,3,3,0
810400753640044|82001|2,TTTT,T...,TTTT-T...,4,4,0
810407420800195|82001|2,TTTT,TTTT,TTTT-TTTT,4,4,0
810464910306501|81001|2,TEEN,EEEE,TEEN-EEEE,4,1,2
810507975069696|80001|1,TTTT,TTTT,TTTT-TTTT,4,4,0
810509824593092|81001|3,TTTT,TTTT,TTTT-TTTT,4,4,0
810509824593092|81001|4,TTTT,TTTT,TTTT-TTTT,4,4,0
810509996829541|81001|2,TTT.,.EEE,TTT.-.EEE,3,3,0
810609918096597|79001|1,TTTT,EEEE,TTTT-EEEE,4,4,0
810709748086790|81001|1,TTTT,TTTT,TTTT-TTTT,4,4,0
810709803091926|79001|2,TTTT,EEEN,TTTT-EEEN,4,4,0
810709932663379|80001|1,TTTT,TTTT,TTTT-TTTT,4,4,0
810709932663379|83001|2,T...,....,T...-....,1,1,0
810709933125292|79001|2,ETEE,EEEE,ETEE-EEEE,4,1,2
810709957985771|79001|1,TTTT,TTTT,TTTT-TTTT,4,4,0
810709999139999|80001|2,TTTT,TTTT,TTTT-TTTT,4,4,0
810809928302194|79001|1,TNNN,NNNN,TNNN-NNNN,4,1,1
810809965752099|81001|2,TTTT,EEEE,TTTT-EEEE,4,4,0
810841065456479|80001|2,UNNT,NEEE,UNNT-NEEE,4,1,2
810873092516919|80001|2,TTTT,TTTT,TTTT-TTTT,4,4,0
810900024215214|83001|1,T...,....,T...-....,1,1,0
810900024215214|83001|2,T...,....,T...-....,1,1,0
810907924215294|80001|3,TTET,TTTT,TTET-TTTT,4,3,2
810907964643099|82001|2,TTTT,....,TTTT-....,4,4,0
810907983979293|83001|1,T...,....,T...-....,1,1,0
810907990787093|79001|1,TTTT,TTTT,TTTT-TTTT,4,4,0
810909916217090|80001|2,TT.T,TTTT,TT.T-TTTT,3,3,0
810909953924299|81001|1,TTTT,TTTT,TTTT-TTTT,4,4,0
810934073457509|82001|2,TTTT,....,TTTT-....,4,4,0
810950799710044|80001|1,TTTT,TTTT,TTTT-TTTT,4,4,0
810961095447479|81001|1,NTNT,NNNT,NTNT-NNNT,4,2,3
810961095447479|82001|1,TTTT,....,TTTT-....,4,4,0
810962094717859|83001|1,TT..,....,TT..-....,2,2,0
810962094717859|83001|2,TT..,....,TT..-....,2,2,0
810970096323099|81001|1,TTTT,TTTT,TTTT-TTTT,4,4,0
810981095407479|83001|1,TT..,....,TT..-....,2,2,0
810986068847779|82001|2,TTTT,....,TTTT-....,4,4,0
810987066423369|83001|2,TTTT,....,TTTT-....,4,4,0
811169720919401|87001|2,T...,....,T...-....,1,1,0
811529120319509|80001|2,TNNN,NNNN,TNNN-NNNN,4,1,1
812309260779109|80001|1,TTTT,TTTT,TTTT-TTTT,4,4,0
812579540099004|81001|1,TTTT,.TTT,TTTT-.TTT,4,4,0
812579540099004|81001|2,TTNT,.TTT,TTNT-.TTT,4,3,2
813113047908797|83001|1,TT..,....,TT..-....,2,2,0
813113047908797|83001|2,TT..,....,TT..-....,2,2,0
813167088909795|81001|2,TTTT,TTTT,TTTT-TTTT,4,4,0
813192669200655|81001|1,TTTT,TTTT,TTTT-TTTT,4,4,0
813192669200655|82001|1,EETE,EEE.,EETE-EEE.,4,1,2
813282008909590|82001|1,TTTT,....,TTTT-....,4,4,0
813469940307201|80001|2,TTTT,TTTT,TTTT-TTTT,4,4,0
813492669900855|80001|2,TTTT,TTTT,TTTT-TTTT,4,4,0
813769530836202|80001|2,NNET,NN..,NNET-NN..,4,1,2
813845048909191|81001|1,TTTT,EEEE,TTTT-EEEE,4,4,0
813866014909697|80001|2,TTTT,TTTT,TTTT-TTTT,4,4,0
814269080697406|82001|1,TTTT,....,TTTT-....,4,4,0
814269080697406|82001|2,TTTT,....,TTTT-....,4,4,0
814299260769303|81001|2,TNNT,T.NT,TNNT-T.NT,4,2,2
814769320399203|82001|1,TTTT,....,TTTT-....,4,4,0
815167085001705|81001|2,EE.T,.E.E,EE.T-.E.E,3,1,1
815167085001705|83001|2,TTTT,....,TTTT-....,4,4,0
815204610300128|81001|2,TTTT,TTTT,TTTT-TTTT,4,4,0
815204610300128|82001|2,ETTT,TTTT,ETTT-TTTT,4,3,1
815204610300128|83001|1,TTTT,....,TTTT-....,4,4,0
815622098909277|81001|1,TTTT,TTTT,TTTT-TTTT,4,4,0
816049440969002|82001|3,TTTT,T...,TTTT-T...,4,4,0
816049440969002|82001|4,TTTT,T...,TTTT-T...,4,4,0
816169720919301|81001|2,TTTT,TTTT,TTTT-TTTT,4,4,0
816169720919301|87001|2,T...,....,T...-....,1,1,0
817095639600154|80001|1,TTTT,TTTT,TTTT-TTTT,4,4,0
817139560109205|80001|2,TTTT,TTTT,TTTT-TTTT,4,4,0
817768380399103|79001|2,TTTT,TTTT,TTTT-TTTT,4,4,0
818293579300888|82001|2,T.TT,TTTT,T.TT-TTTT,3,3,0
818293579400688|80001|2,TTTT,TTTT,TTTT-TTTT,4,4,0
818293579400688|83001|1,TTTT,....,TTTT-....,4,4,0
818299840169404|83001|1,TTTT,....,TTTT-....,4,4,0
818589420609102|81001|2,TTTT,ETTT,TTTT-ETTT,4,4,0
818889460059106|79001|2,TTTT,TTTT,TTTT-TTTT,4,4,0
819179520149208|82001|1,TTTT,EEE.,TTTT-EEE.,4,4,0
819260529000869|81001|2,TTTT,TTTT,TTTT-TTTT,4,4,0
819289020876300|80001|2,TTTT,TTTT,TTTT-TTTT,4,4,0
819290035700924|87001|1,T...,....,T...-....,1,1,0
819459780747007|83001|2,T...,....,T...-....,1,1,0
819460373200964|80001|2,TT..,....,TT..-....,2,2,0
820007931826491|79001|1,TTTT,NTTT,TTTT-NTTT,4,4,0
820007931826491|80001|1,NTTT,NTNT,NTTT-NTNT,4,3,1
820007931826491|81001|1,TTTT,TTTT,TTTT-TTTT,4,4,0
820007939753891|80001|1,TTTT,EEEE,TTTT-EEEE,4,4,0
820009955643292|79001|1,TTTT,TTTT,TTTT-TTTT,4,4,0
820009955643292|83001|1,T...,....,T...-....,1,1,0
820009994932397|79001|1,TTT.,....,TTT.-....,3,3,0
820054034909866|80001|1,TTTT,TTTT,TTTT-TTTT,4,4,0
820068999200958|87001|1,T...,....,T...-....,1,1,0
820068999200958|87001|2,T...,....,T...-....,1,1,0
820106953986093|79001|1,TTTT,TTTT,TTTT-TTTT,4,4,0
820106953986093|79001|2,TTTT,TTTT,TTTT-TTTT,4,4,0
820106960392196|81001|2,TEEE,EEEE,TEEE-EEEE,4,1,1
820109930840796|79001|2,TTTT,EEEE,TTTT-EEEE,4,4,0
820134002452530|87001|2,T...,....,T...-....,1,1,0
820191549700968|81001|2,TTTT,TT..,TTTT-TT..,4,4,0
820209901694091|82001|2,TTTN,....,TTTN-....,4,3,1
820209961491199|81001|1,TTTT,....,TTTT-....,4,4,0
820209985954599|81001|2,ENET,EENE,ENET-EENE,4,1,3
820306418421784|79001|1,TTTT,TTTT,TTTT-TTTT,4,4,0
820407973396894|81001|2,T.TT,TTTT,T.TT-TTTT,3,3,0
820409918421794|82001|1,TTTT,....,TTTT-....,4,4,0
820409994631691|80001|1,TTTT,EENE,TTTT-EENE,4,4,0
820430495640074|79001|1,TTTT,TTTT,TTTT-TTTT,4,4,0
820509905326393|81001|2,TTTT,EEEE,TTTT-EEEE,4,4,0
820509913127574|82001|2,TTTT,....,TTTT-....,4,4,0
820509924593092|83001|1,T...,....,T...-....,1,1,0
820509960492370|83001|2,T...,....,T...-....,1,1,0
820509965713298|82001|1,TTTT,....,TTTT-....,4,4,0
820509965713298|82001|2,EEET,....,EEET-....,4,1,1
820509965713298|83001|1,T...,....,T...-....,1,1,0
820517004909079|82001|1,TTTT,T...,TTTT-T...,4,4,0
820609907084193|79001|3,TTTT,TTTE,TTTT-TTTE,4,4,0
820609935934992|80001|2,TTT.,....,TTT.-....,3,3,0
820609947799194|81001|1,TTTT,....,TTTT-....,4,4,0
820609957701142|80001|2,E.TE,EEEE,E.TE-EEEE,3,1,2
820609965990890|83001|2,T...,....,T...-....,1,1,0
820609968466990|80001|2,TT..,NNNN,TT..-NNNN,2,2,0
820609985245093|83001|2,T...,....,T...-....,1,1,0
820707960492390|79001|1,TTNU,NNNU,TTNU-NNNU,4,2,2
820707972971794|82001|3,TTTT,....,TTTT-....,4,4,0
820709908651690|80001|2,TTTT,TTTT,TTTT-TTTT,4,4,0
820709935110541|82001|3,TTTT,....,TTTT-....,4,4,0
820709989920696|80001|1,TTTT,TT.T,TTTT-TT.T,4,4,0
820806985308992|80001|2,TTTT,.TT.,TTTT-.TT.,4,4,0
820806992216397|82001|1,TTTT,....,TTTT-....,4,4,0
820909925696391|80001|3,TNEN,....,TNEN-....,4,1,3
820909925696391|83001|3,T...,....,T...-....,1,1,0
820909938178996|81001|1,TTTT,TTTT,TTTT-TTTT,4,4,0
820909966817792|80001|2,TTTT,NNNN,TTTT-NNNN,4,4,0
820909993570195|82001|1,TTTT,....,TTTT-....,4,4,0
820909997277972|81001|1,TTTT,TTTT,TTTT-TTTT,4,4,0
820909997277972|81001|2,TTTT,TTTT,TTTT-TTTT,4,4,0
820909997277972|82001|2,TTTT,....,TTTT-....,4,4,0
820911094137939|83001|1,TT..,....,TT..-....,2,2,0
820912090707789|81001|2,TTTT,EEEE,TTTT-EEEE,4,4,0
820912090707789|83001|1,TT..,....,TT..-....,2,2,0
820924095121159|83001|3,NTTN,....,NTTN-....,4,2,2
821017460579103|83001|1,TTT.,....,TTT.-....,3,3,0
821119360479405|83001|1,TUE.,....,TUE.-....,3,1,2
821196209300710|83001|1,E.TT,....,E.TT-....,3,2,1
821229840479509|82001|1,TT.T,E...,TT.T-E...,3,3,0
821293159600269|83001|1,TTTT,....,TTTT-....,4,4,0
821293159600269|87001|1,T...,....,T...-....,1,1,0
821396479300927|83001|1,TTTT,....,TTTT-....,4,4,0
821493969800927|82001|1,TTEE,....,TTEE-....,4,2,1
821579880567309|82001|1,TTTT,....,TTTT-....,4,4,0
821719033906698|80001|2,TTTT,TTTT,TTTT-TTTT,4,4,0
821899036909890|81001|1,TTTT,TTTT,TTTT-TTTT,4,4,0
822019460579103|82001|1,TTTT,....,TTTT-....,4,4,0
822109920389405|87001|1,T...,....,T...-....,1,1,0
822192899700916|82001|2,TTTT,TTT.,TTTT-TTT.,4,4,0
822290859800993|82001|1,TTTT,TTT.,TTTT-TTT.,4,4,0
822495349800955|87001|1,T...,....,T...-....,1,1,0
822497389000956|80001|1,TN.E,T...,TN.E-T...,3,1,2
822839660069407|81001|2,TTTT,TTTT,TTTT-TTTT,4,4,0
822959360949102|81001|2,TTTT,TTTT,TTTT-TTTT,4,4,0
824392079900743|83001|4,NNTT,....,NNTT-....,4,2,1
824395009400729|80001|2,TEEE,EEEE,TEEE-EEEE,4,1,1
824395009400729|82001|2,TTNN,NNN.,TTNN-NNN.,4,2,1
824469789700920|87001|2,T...,....,T...-....,1,1,0
824709520129303|82001|1,UTTT,TTT.,UTTT-TTT.,4,3,1
825189360539103|80001|1,TTTT,TTTT,TTTT-TTTT,4,4,0
825197259300980|82001|2,TTTT,....,TTTT-....,4,4,0
826149460299204|82001|2,TTTT,....,TTTT-....,4,4,0
826539160279302|79001|1,TEEE,EEEE,TEEE-EEEE,4,1,1
826579060367403|83001|1,TTT.,....,TTT.-....,3,3,0
826659220079304|80001|2,TTTT,TTTT,TTTT-TTTT,4,4,0
826769620539204|80001|2,TEEE,.TTT,TEEE-.TTT,4,1,1
827095639600954|80001|3,TTTT,T.T.,TTTT-T.T.,4,4,0
827249940459308|82001|2,TTTN,....,TTTN-....,4,3,1
827294589000926|81001|2,TTTT,TTTT,TTTT-TTTT,4,4,0
827689040229309|83001|2,TT..,....,TT..-....,2,2,0
828001700600202|83001|2,TTTT,....,TTTT-....,4,4,0
828092929600253|82001|2,TTTT,NNN.,TTTT-NNN.,4,4,0
828191709800902|81001|1,TTTT,....,TTTT-....,4,4,0
828365099900954|83001|1,TTTT,....,TTTT-....,4,4,0
828499989500912|80001|2,TTT.,....,TTT.-....,3,3,0
828563579600988|83001|1,TTE.,....,TTE.-....,3,2,1
828591709600902|81001|1,EE.T,....,EE.T-....,3,1,1
829090529600269|87001|2,T...,....,T...-....,1,1,0
829190529700969|83001|1,TTTT,....,TTTT-....,4,4,0
829195999900966|80001|1,E..T,T.E.,E..T-T.E.,2,1,1
829390919400785|81001|1,TTTT,EEEE,TTTT-EEEE,4,4,0
829491029800911|83001|1,TTTT,....,TTTT-....,4,4,0
829709560129303|79001|2,TTTT,EEEE,TTTT-EEEE,4,4,0
829809240999308|82001|1,TTTT,T...,TTTT-T...,4,4,0
830006902317997|79001|2,TTTN,EEEE,TTTN-EEEE,4,3,1
830006938402496|83001|1,T...,....,T...-....,1,1,0
830009943274793|79001|3,TTT.,....,TTT.-....,3,3,0
830009943274793|82001|1,TTTT,....,TTTT-....,4,4,0
830009943274793|82001|2,TTTT,....,TTTT-....,4,4,0
830109941982173|83001|1,T...,....,T...-....,1,1,0
830135011128930|81001|1,TTTT,TTTT,TTTT-TTTT,4,4,0
830209994691340|82001|2,TTTT,....,TTTT-....,4,4,0
830292739000670|82001|2,TTTT,TT..,TTTT-TT..,4,4,0
830307910003791|79001|2,ETEE,EEEE,ETEE-EEEE,4,1,2
830307910003791|83001|1,T...,....,T...-....,1,1,0
830309915983193|80001|2,TTTT,TTTT,TTTT-TTTT,4,4,0
830309935147276|79001|1,TTTT,....,TTTT-....,4,4,0
830309952955992|82001|2,TTTT,....,TTTT-....,4,4,0
830309966945591|81001|2,TTTT,....,TTTT-....,4,4,0
830409913127594|81001|2,TTTT,TTTT,TTTT-TTTT,4,4,0
830409933144370|80001|1,TT.E,....,TT.E-....,3,2,1
830409957499198|82001|1,TTTT,....,TTTT-....,4,4,0
830409957499198|82001|2,TTTT,....,TTTT-....,4,4,0
830509957414777|81001|2,TTTT,EEEE,TTTT-EEEE,4,4,0
830577095648969|79001|1,TTTT,.TTT,TTTT-.TTT,4,4,0
830577095648969|79001|2,TTTT,....,TTTT-....,4,4,0
830592092946799|81001|2,TTTT,TTTT,TTTT-TTTT,4,4,0
830609905412498|79001|1,TTTN,EEEE,TTTN-EEEE,4,3,1
830609933405393|82001|2,TTTT,....,TTTT-....,4,4,0
830609947604376|82001|1,TTTT,....,TTTT-....,4,4,0
830609964108699|82001|5,UTNN,....,UTNN-....,4,1,2
830609983979273|82001|2,TTTT,....,TTTT-....,4,4,0
830692092936799|79001|2,TTTT,TTTT,TTTT-TTTT,4,4,0
830692092936799|83001|1,TTT.,....,TTT.-....,3,3,0
830706947799194|80001|1,TTTT,TTTT,TTTT-TTTT,4,4,0
830709943018977|80001|2,TTEE,....,TTEE-....,4,2,1
830709980622992|80001|1,TTE.,....,TTE.-....,3,2,1
830777095647969|79001|1,TT.T,....,TT.T-....,3,3,0
830805095022899|81001|2,TTTT,....,TTTT-....,4,4,0
830807920557199|83001|1,T...,....,T...-....,1,1,0
830807957985791|80001|1,TTEE,....,TTEE-....,4,2,1
830807957985791|80001|2,TTTT,....,TTTT-....,4,4,0
830809922103170|79001|2,TTTT,TTTT,TTTT-TTTT,4,4,0
830877095642969|82001|2,TTTT,EEN.,TTTT-EEN.,4,4,0
830906943754192|82001|1,TTTT,....,TTTT-....,4,4,0
830906943754192|82001|2,TTTT,....,TTTT-....,4,4,0
830906943754192|83001|1,T...,....,T...-....,1,1,0
830906961975795|82001|1,TTTT,....,TTTT-....,4,4,0
830906983227996|79001|1,TTTT,TTTT,TTTT-TTTT,4,4,0
830909987921492|83001|2,T...,....,T...-....,1,1,0
830909996585599|83001|2,T...,....,T...-....,1,1,0
830927063206384|80001|2,UETU,EEEE,UETU-EEEE,4,1,3
830927063206384|83001|1,TTT.,....,TTT.-....,3,3,0
830952091707889|80001|2,TTTT,TTTT,TTTT-TTTT,4,4,0
831079460749506|79001|1,TTT.,....,TTT.-....,3,3,0
831396479800627|80001|2,EEET,EEET,EEET-EEET,4,1,1
831491439200807|81001|1,TTTT,TTTT,TTTT-TTTT,4,4,0
831491439200807|83001|1,TTTT,....,TTTT-....,4,4,0
831491439200807|83001|2,TTTT,....,TTTT-....,4,4,0
831789053908591|81001|1,TTTT,TTTT,TTTT-TTTT,4,4,0
831816006909992|80001|1,TTTT,TTTT,TTTT-TTTT,4,4,0
833106910300141|82001|1,TTTT,TT..,TTTT-TT..,4,4,0
833106910300141|82001|3,TTTT,TT..,TTTT-TT..,4,4,0
833816002909962|81001|2,NTEE,NNEN,NTEE-NNEN,4,1,2
833816002909962|83001|2,TTTT,....,TTTT-....,4,4,0
834491669400145|83001|3,TTTT,....,TTTT-....,4,4,0
835279460997502|80001|1,TTTT,TTTT,TTTT-TTTT,4,4,0
835739120559504|87001|2,T...,....,T...-....,1,1,0
835869820599206|87001|2,T...,....,T...-....,1,1,0
836089060279004|82001|2,TT.E,....,TT.E-....,3,2,1
836089060279004|83001|2,TTT.,....,TTT.-....,3,3,0
836739140557504|81001|1,TTTT,TTTT,TTTT-TTTT,4,4,0
836739140557504|81001|2,TTTT,TTTE,TTTT-TTTE,4,4,0
838495099900354|81001|1,TTTT,.TTT,TTTT-.TTT,4,4,0
839495459200859|81001|1,TTTT,TTTT,TTTT-TTTT,4,4,0
839609260797200|80001|1,TTTT,TTTT,TTTT-TTTT,4,4,0
839940337290924|83001|1,TEUE,....,TEUE-....,4,1,3
840006957499198|82001|1,TTTT,....,TTTT-....,4,4,0
840009941969194|80001|2,TTTT,TTTT,TTTT-TTTT,4,4,0
840009961965498|79001|2,TTTT,TTTT,TTTT-TTTT,4,4,0
840139140959305|81001|3,TTTU,TT.T,TTTU-TT.T,4,3,1
840162005732340|83001|2,NTNN,....,NTNN-....,4,1,2
840163003502930|82001|1,TTTT,TTT.,TTTT-TTT.,4,4,0
840209910201691|80001|1,TTTT,TTTT,TTTT-TTTT,4,4,0
840209910201691|82001|1,TTTT,....,TTTT-....,4,4,0
840209910466499|79001|1,TTTT,TTTT,TTTT-TTTT,4,4,0
840209974111892|79001|1,TTTT,TTTT,TTTT-TTTT,4,4,0
840209978526995|80001|1,TTTT,TTTT,TTTT-TTTT,4,4,0
840329480546500|79001|1,TTTT,TTTT,TTTT-TTTT,4,4,0
840409941095597|79001|1,TTTT,TTTT,TTTT-TTTT,4,4,0
840409944462698|80001|1,TTTT,TTTT,TTTT-TTTT,4,4,0
840409994691390|82001|1,TTTT,....,TTTT-....,4,4,0
840447073941389|81001|3,TTTT,TTTT,TTTT-TTTT,4,4,0
840507937926497|82001|1,TTTT,....,TTTT-....,4,4,0
840507952955992|79001|3,TTTT,....,TTTT-....,4,4,0
840507969256296|80001|2,TTTT,TTTT,TTTT-TTTT,4,4,0
840509979907690|82001|1,TTTT,....,TTTT-....,4,4,0
840606965596090|82001|2,TTTT,....,TTTT-....,4,4,0
840607916000193|80001|1,TTTT,EEEE,TTTT-EEEE,4,4,0
840607916000193|80001|2,TTTT,TTTT,TTTT-TTTT,4,4,0
840609935147296|79001|2,TUTT,EEEE,TUTT-EEEE,4,3,2
840709921946674|81001|1,TTTT,.TTT,TTTT-.TTT,4,4,0
840740073341199|83001|2,TTUU,....,TTUU-....,4,2,1
840743093531939|82001|1,TTTT,TTTT,TTTT-TTTT,4,4,0
840806991618996|80001|1,TTTT,TTTT,TTTT-TTTT,4,4,0
840809912490875|80001|1,TTTT,TTTT,TTTT-TTTT,4,4,0
840809920674497|81001|2,TNTT,TEEE,TNTT-TEEE,4,3,2
840809920674497|81001|3,TN..,....,TN..-....,2,1,1
840809925696391|83001|2,T...,....,T...-....,1,1,0
840809941741192|83001|1,T...,....,T...-....,1,1,0
840809959815091|81001|1,TTTT,....,TTTT-....,4,4,0
840827099418379|83001|2,T...,....,T...-....,1,1,0
840837069425374|80001|1,TTTT,TTTT,TTTT-TTTT,4,4,0
840837069425374|82001|2,TTTT,....,TTTT-....,4,4,0
840897090116039|80001|2,NTNN,NNNN,NTNN-NNNN,4,1,2
840900063333199|80001|1,TTTT,TTTT,TTTT-TTTT,4,4,0
840907063955389|81001|1,TTTT,TTTT,TTTT-TTTT,4,4,0
840909967189977|80001|2,T...,....,T...-....,1,1,0
840909977906446|83001|2,T...,....,T...-....,1,1,0
840940093337199|82001|1,TTT.,....,TTT.-....,3,3,0
840957079455379|82001|1,TTTT,....,TTTT-....,4,4,0
840961056909598|81001|1,TTTT,TTTT,TTTT-TTTT,4,4,0
840967069453379|81001|1,TTTT,TTTT,TTTT-TTTT,4,4,0
840978090347329|82001|1,TTTT,....,TTTT-....,4,4,0
840985063525579|82001|1,TT..,....,TT..-....,2,2,0
841576479300927|81001|1,TTTT,TTTT,TTTT-TTTT,4,4,0
841576479300927|81001|2,TTTT,TTTT,TTTT-TTTT,4,4,0
842020073001006|83001|1,TNT.,....,TNT.-....,3,2,2
842020075908096|80001|3,TTTT,EEEE,TTTT-EEEE,4,4,0
842453076907192|80001|2,TTTT,....,TTTT-....,4,4,0
842565344000855|80001|1,NETT,EEET,NETT-EEET,4,2,2
842795027908177|81001|1,UTTT,T...,UTTT-T...,4,3,1
842961056907598|80001|1,TT.T,TTTT,TT.T-TTTT,3,3,0
843075026909296|79001|1,TT.E,E...,TT.E-E...,3,2,1
843397919400913|82001|1,TTTT,E...,TTTT-E...,4,4,0
843839820459206|87001|2,T...,....,T...-....,1,1,0
843866014011607|80001|2,TTTT,TTTT,TTTT-TTTT,4,4,0
844095269900923|83001|1,EETT,....,EETT-....,4,2,1
844392029000958|81001|1,TTTT,TTTU,TTTT-TTTU,4,4,0
844392029000958|82001|1,TTTT,T...,TTTT-T...,4,4,0
844392029000958|82001|2,TTTT,E...,TTTT-E...,4,4,0
844659320489307|82001|2,TT.N,....,TT.N-....,3,2,1
844816007908972|82001|1,TTTT,....,TTTT-....,4,4,0
844889160569402|80001|1,TTTT,TTTT,TTTT-TTTT,4,4,0
844889160569402|81001|2,TNNN,NNNN,TNNN-NNNN,4,1,1
844889160569402|83001|2,TTT.,....,TTT.-....,3,3,0
844889520359309|87001|1,T...,....,T...-....,1,1,0
845194619700928|80001|2,TTTT,TTTT,TTTT-TTTT,4,4,0
845199069800996|81001|1,TTTT,TTTT,TTTT-TTTT,4,4,0
845199069800996|83001|2,TTTT,....,TTTT-....,4,4,0
845199089900949|80001|1,TTTT,TTTT,TTTT-TTTT,4,4,0
845392339600931|82001|1,TTTT,T...,TTTT-T...,4,4,0
845392339600931|82001|2,TTTT,E...,TTTT-E...,4,4,0
845474619400928|80001|1,TNTT,TTTT,TNTT-TTTT,4,3,2
845595569500920|82001|2,TTTT,T...,TTTT-T...,4,4,0
846088920559300|80001|3,NNTT,NNNN,NNTT-NNNN,4,2,1
846198449300743|80001|1,ETTT,TTTT,ETTT-TTTT,4,3,1
846198449300743|80001|2,TTTT,TTTT,TTTT-TTTT,4,4,0
846309020649006|80001|1,TNTT,TNNN,TNTT-TNNN,4,3,2
846309020649006|83001|1,TNTN,....,TNTN-....,4,2,3
846309060649106|82001|3,T...,....,T...-....,1,1,0
847979240289106|81001|2,TTTT,EEEE,TTTT-EEEE,4,4,0
848090279200972|82001|3,TTTT,T...,TTTT-T...,4,4,0
848099989600712|81001|2,ETT.,.TTT,ETT.-.TTT,3,2,1
848389260719102|82001|1,TTTT,....,TTTT-....,4,4,0
848389260719102|83001|2,TTT.,....,TTT.-....,3,3,0
848449660599409|82001|2,TTTT,....,TTTT-....,4,4,0
848499960239006|80001|2,TTTT,TTTT,TTTT-TTTT,4,4,0
848499960239006|82001|1,UTTT,....,UTTT-....,4,3,1
848809520999400|83001|2,TTTT,....,TTTT-....,4,4,0
848950799710934|82001|2,TTTT,TT..,TTTT-TT..,4,4,0
848950799710934|83001|2,TT..,....,TT..-....,2,2,0
849120402290934|80001|2,TTTT,....,TTTT-....,4,4,0
850006912190192|80001|1,EEET,EEEE,EEET-EEEE,4,1,1
850006912190192|80001|3,TEEE,EEEE,TEEE-EEEE,4,1,1
850006931735495|79001|1,EETT,TTT.,EETT-TTT.,4,2,1
850006931735495|82001|1,TTTT,....,TTTT-....,4,4,0
850006999443692|81001|2,TTTT,.EE.,TTTT-.EE.,4,4,0
850009905340897|81001|1,TTTT,TTTT,TTTT-TTTT,4,4,0
850009961291791|83001|1,T...,....,T...-....,1,1,0
850106941969194|81001|1,TTTT,TTTT,TTTT-TTTT,4,4,0
850107997268292|83001|1,T...,....,T...-....,1,1,0
850109949779599|79001|2,EETT,TTTN,EETT-TTTN,4,2,1
850109953610990|82001|1,TTTT,....,TTTT-....,4,4,0
850109953610990|82001|3,TNNE,....,TNNE-....,4,1,2
850109956102872|82001|1,TTTT,....,TTTT-....,4,4,0
850109963211995|80001|2,TTTT,EEEE,TTTT-EEEE,4,4,0
850167005702910|80001|2,NUTT,TUTT,NUTT-TUTT,4,2,2
850306979165990|81001|1,NNTN,ENEN,NNTN-ENEN,4,1,2
850389660427102|79001|1,TTTT,....,TTTT-....,4,4,0
850406941584594|79001|2,TTTT,....,TTTT-....,4,4,0
850406987488796|83001|1,T...,....,T...-....,1,1,0
850406998120296|82001|2,TTTT,....,TTTT-....,4,4,0
850409923345096|80001|2,TTTT,.TTT,TTTT-.TTT,4,4,0
850409924593092|83001|2,T...,....,T...-....,1,1,0
850409936257498|81001|1,TTT.,....,TTT.-....,3,3,0
850507938402496|80001|1,TTTT,....,TTTT-....,4,4,0
850507953924299|82001|2,TNTN,....,TNTN-....,4,2,3
850507959175291|83001|2,T...,....,T...-....,1,1,0
850509946696192|79001|1,TTTT,TTTT,TTTT-TTTT,4,4,0
850509985954599|80001|1,TTTT,TTTT,TTTT-TTTT,4,4,0
850566099538599|83001|1,T...,....,T...-....,1,1,0
850606951481497|80001|2,TTTT,....,TTTT-....,4,4,0
850606951481497|81001|2,EEET,EEEE,EEET-EEEE,4,1,1
850606974087892|82001|1,TTTT,....,TTTT-....,4,4,0
850606974087892|82001|2,TTTT,....,TTTT-....,4,4,0
850609915950599|79001|1,T.TU,TTTT,T.TU-TTTT,3,2,1
850609948086790|82001|2,T...,....,T...-....,1,1,0
850609995762796|82001|1,TTTT,....,TTTT-....,4,4,0
850627092446169|83001|1,TTT.,....,TTT.-....,3,3,0
850679073422199|83001|1,TTTT,....,TTTT-....,4,4,0
850679093424199|80001|2,TTTT,TTET,TTTT-TTET,4,4,0
850745099945669|81001|1,TTTT,TTTT,TTTT-TTTT,4,4,0
850787095717919|79001|2,TTTT,TTTT,TTTT-TTTT,4,4,0
850800062928599|79001|2,TTTT,....,TTTT-....,4,4,0
850805079956669|83001|2,TTT.,....,TTT.-....,3,3,0
850807072426169|79001|2,TTTN,NNNN,TTTN-NNNN,4,3,1
850905079951669|83001|1,TTTT,....,TTTT-....,4,4,0
850913068225409|81001|1,TTTT,TTTT,TTTT-TTTT,4,4,0
850925090943069|82001|2,TT..,....,TT..-....,2,2,0
850925090943069|83001|1,TTTT,....,TTTT-....,4,4,0
850925090943069|83001|2,TTTT,....,TTTT-....,4,4,0
850927065743919|82001|1,TTTT,TT..,TTTT-TT..,4,4,0
850940062957599|82001|1,TTTT,....,TTTT-....,4,4,0
850952091103769|82001|1,TTTT,TT..,TTTT-TT..,4,4,0
850974064928734|82001|2,EETE,....,EETE-....,4,1,2
850980077905859|82001|2,TTTT,....,TTTT-....,4,4,0
850980097907859|80001|1,TTTT,TTTT,TTTT-TTTT,4,4,0
850984094943739|83001|2,TTTT,....,TTTT-....,4,4,0
851399529900842|81001|1,TTTT,TTTT,TTTT-TTTT,4,4,0
852008480100190|80001|2,TTTT,EEEE,TTTT-EEEE,4,4,0
852231065908798|80001|1,TTNN,NNNN,TTNN-NNNN,4,2,1
852279160869109|83001|2,TTT.,....,TTT.-....,3,3,0
852949520319109|82001|1,TTTT,TTT.,TTTT-TTT.,4,4,0
852961054909598|82001|1,T...,N...,T...-N...,1,1,0
853007030600191|83001|1,TTEE,....,TTEE-....,4,2,1
854279560779201|83001|2,TTT.,....,TTT.-....,3,3,0
854459360337204|82001|1,TTTT,....,TTTT-....,4,4,0
854595009400829|83001|1,TTTT,....,TTTT-....,4,4,0
854609820019306|87001|2,T...,....,T...-....,1,1,0
854679740769302|81001|2,TT..,....,TT..-....,2,2,0
854843006909894|79001|1,TTTT,NNNN,TTTT-NNNN,4,4,0
855002330900131|80001|2,TTTT,T.TT,TTTT-T.TT,4,4,0
855002330900131|83001|2,TTT.,....,TTT.-....,3,3,0
855070062907797|80001|3,TTTT,....,TTTT-....,4,4,0
855099459600899|83001|2,TTTT,....,TTTT-....,4,4,0
855279520776101|82001|2,TN..,....,TN..-....,2,1,1
855467052909473|81001|1,TTTT,TTTT,TTTT-TTTT,4,4,0
856101040700125|82001|1,TTTT,....,TTTT-....,4,4,0
856101040700125|82001|2,TTTT,....,TTTT-....,4,4,0
856309660159009|83001|2,TTT.,....,TTT.-....,3,3,0
856469060709206|79001|2,TTTT,TTTT,TTTT-TTTT,4,4,0
856529320109305|87001|1,T...,....,T...-....,1,1,0
857095637600054|83001|1,TTTT,....,TTTT-....,4,4,0
857501850100176|83001|2,EE.T,....,EE.T-....,3,1,1
858091707600502|81001|2,TTTT,TTTT,TTTT-TTTT,4,4,0
858092929600553|80001|1,TTTT,TTTT,TTTT-TTTT,4,4,0
858461709001902|81001|2,TTTT,TTTT,TTTT-TTTT,4,4,0
858569940459108|80001|1,TTTT,UUEE,TTTT-UUEE,4,4,0
859110369450944|81001|2,TTTN,NNNT,TTTN-NNNT,4,3,1
859529820489309|83001|1,TTTT,....,TTTT-....,4,4,0
859900083770924|83001|1,TU..,....,TU..-....,2,1,1
860039960529408|80001|1,TTTT,TTTT,TTTT-TTTT,4,4,0
860078094718008|81001|2,TTTT,TTTT,TTTT-TTTT,4,4,0
860178094718009|81001|2,TTTT,TT.T,TTTT-TT.T,4,4,0
860456097821129|82001|2,TTTT,EEEE,TTTT-EEEE,4,4,0
860521097012059|81001|1,TTTT,....,TTTT-....,4,4,0
860565092426929|83001|1,T...,....,T...-....,1,1,0
860591699500957|83001|1,TTT.,....,TTT.-....,3,3,0
860621097016059|80001|2,UUUT,TTTT,UUUT-TTTT,4,1,1
860743064909390|83001|1,ENTU,....,ENTU-....,4,1,3
860763095027939|80001|2,TTTT,TTTT,TTTT-TTTT,4,4,0
860778094715009|80001|2,TTTT,..TT,TTTT-..TT,4,4,0
860852092128499|81001|1,TTTT,TTTT,TTTT-TTTT,4,4,0
860852092128499|83001|3,T...,....,T...-....,1,1,0
860869060856502|81001|2,TTTT,TTTT,TTTT-TTTT,4,4,0
860922062137499|80001|1,TTTT,TTTT,TTTT-TTTT,4,4,0
860922062137499|80001|2,TTTT,TTTT,TTTT-TTTT,4,4,0
860977044907294|82001|2,TTTN,T...,TTTN-T...,4,3,1
860977044907294|83001|1,TTTT,....,TTTT-....,4,4,0
861032055908998|82001|2,TTTT,....,TTTT-....,4,4,0
861113043908797|80001|1,UTUT,....,UTUT-....,4,2,3
861879006909894|82001|1,TTTT,....,TTTT-....,4,4,0
861879006909894|82001|2,TTTT,....,TTTT-....,4,4,0
862040038909091|80001|2,TTTT,TTTT,TTTT-TTTT,4,4,0
862499640299106|81001|1,TTTN,TTTT,TTTN-TTTT,4,3,1
862575349600955|80001|1,TTTT,TTTT,TTTT-TTTT,4,4,0
862679740099305|82001|1,T.TT,E...,T.TT-E...,3,3,0
863064559100902|80001|2,TTTT,....,TTTT-....,4,4,0
863194959300982|82001|1,TTTT,....,TTTT-....,4,4,0
863282006902590|80001|1,TEEE,....,TEEE-....,4,1,1
863397919600913|79001|2,TTTE,ETTT,TTTE-ETTT,4,3,1
863453073908192|83001|1,UNNT,....,UNNT-....,4,1,2
863743064909360|80001|1,EETT,EETT,EETT-EETT,4,2,1
863891047908690|82001|3,TETT,....,TETT-....,4,3,2
864159060917206|83001|1,TTT.,....,TTT.-....,3,3,0
864275269400923|83001|1,TTT.,....,TTT.-....,3,3,0
864449440829406|83001|1,EUTT,....,EUTT-....,4,2,2
864594239100978|82001|2,TTTT,....,TTTT-....,4,4,0
864891046909690|82001|2,NTEE,....,NTEE-....,4,1,2
865148020449103|83001|2,TTTT,....,TTTT-....,4,4,0
865148020449103|83001|3,TTTT,....,TTTT-....,4,4,0
865194619000928|81001|4,TTEE,EEEE,TTEE-EEEE,4,2,1
865449440829106|81001|1,T.TT,TTTT,T.TT-TTTT,3,3,0
866092739600992|79001|2,TTTT,TTTT,TTTT-TTTT,4,4,0
866179960059009|80001|1,TTTT,TTTT,TTTT-TTTT,4,4,0
866179960059009|80001|2,TTTT,TTTT,TTTT-TTTT,4,4,0
866197629200912|80001|2,TTTT,....,TTTT-....,4,4,0
866569520349009|80001|1,TT..,NNNN,TT..-NNNN,2,2,0
866592009100925|81001|1,TTTT,EEEE,TTTT-EEEE,4,4,0
866592739400992|80001|1,TTTT,TTTT,TTTT-TTTT,4,4,0
866599160239309|79001|2,TTTT,TTTT,TTTT-TTTT,4,4,0
866599160239309|83001|1,TTT.,....,TTT.-....,3,3,0
866909460299009|80001|2,TTTT,TTTT,TTTT-TTTT,4,4,0
867089020129101|87001|1,T...,....,T...-....,1,1,0
867398529700945|79001|2,TTTT,EEEE,TTTT-EEEE,4,4,0
867398529700945|81001|2,TTTT,TTTT,TTTT-TTTT,4,4,0
867460649700950|81001|1,ENTT,EEEE,ENTT-EEEE,4,2,2
867677780099105|79001|1,TTTT,NNNN,TTTT-NNNN,4,4,0
867949260209104|79001|2,TTTT,TTTT,TTTT-TTTT,4,4,0
868092929800953|80001|2,TTTT,EEEN,TTTT-EEEN,4,4,0
868092929800953|80001|3,TTTT,....,TTTT-....,4,4,0
868292929700953|80001|1,TTTT,TTTT,TTTT-TTTT,4,4,0
868577249300998|79001|1,TTTT,....,TTTT-....,4,4,0
868789720149302|83001|2,TTTT,....,TTTT-....,4,4,0
868839520909402|81001|2,TTTT,....,TTTT-....,4,4,0
869120895040944|82001|1,TTTT,....,TTTT-....,4,4,0
869395459800959|82001|1,TTTT,....,TTTT-....,4,4,0
869430495640964|80001|1,TTTT,UNTN,TTTT-UNTN,4,4,0
869449480827006|79001|4,TTTT,....,TTTT-....,4,4,0
869449480827006|80001|1,TTTT,....,TTTT-....,4,4,0
870110000752750|83001|1,TTTT,....,TTTT-....,4,4,0
870180099044739|81001|1,TTTN,TTTT,TTTN-TTTT,4,3,1
870580099042739|80001|2,TTTT,EEEE,TTTT-EEEE,4,4,0
870594097808029|83001|1,T...,....,T...-....,1,1,0
870754097825029|80001|1,TTTT,NNNN,TTTT-NNNN,4,4,0
870819260949409|83001|2,TTT.,....,TTT.-....,3,3,0
870828097528579|82001|1,TTUN,....,TTUN-....,4,2,2
870830091556419|83001|2,TTT.,....,TTT.-....,3,3,0
870834067838029|82001|1,TTTT,....,TTTT-....,4,4,0
870935090111899|82001|2,ENTN,.EEE,ENTN-.EEE,4,1,3
870965090103899|82001|2,TTTT,EE..,TTTT-EE..,4,4,0
870965096547029|80001|1,TEEE,....,TEEE-....,4,1,1
870970099017739|81001|2,TNTT,TTTT,TNTT-TTTT,4,3,2
870988067523579|81001|2,TTTT,TTTT,TTTT-TTTT,4,4,0
871068014909292|83001|2,TTTT,....,TTTT-....,4,4,0
871197029200517|80001|2,TTTT,TTTT,TTTT-TTTT,4,4,0
871496078909292|82001|2,TTTT,....,TTTT-....,4,4,0
871929720189305|80001|2,TTTT,TTTT,TTTT-TTTT,4,4,0
871982096909865|79001|2,TEEE,UEEE,TEEE-UEEE,4,1,1
872093709600640|82001|2,TTTT,....,TTTT-....,4,4,0
872295349500655|82001|2,TTTT,....,TTTT-....,4,4,0
872298489600690|81001|2,TTUT,TTUT,TTUT-TTUT,4,3,2
872384026001201|82001|1,TTTT,....,TTTT-....,4,4,0
872384026001201|82001|2,TTTT,....,TTTT-....,4,4,0
873254078909790|81001|1,TTTT,TTTT,TTTT-TTTT,4,4,0
873398006909996|83001|1,TTT.,....,TTT.-....,3,3,0
873709840579106|81001|1,TTTT,TTTT,TTTT-TTTT,4,4,0
873961056909598|81001|2,TTTT,TTTT,TTTT-TTTT,4,4,0
875095569100620|80001|2,TTTT,T...,TTTT-T...,4,4,0
875474619100828|83001|2,TT..,....,TT..-....,2,2,0
875819220949209|83001|1,TTTT,....,TTTT-....,4,4,0
875819220949209|83001|2,TTTT,....,TTTT-....,4,4,0
876079240099005|82001|2,TTTT,T...,TTTT-T...,4,4,0
876139840687409|81001|1,TTTT,T...,TTTT-T...,4,4,0
877095637600654|82001|2,TTTT,....,TTTT-....,4,4,0
877247360349107|79001|1,TTTT,TTTT,TTTT-TTTT,4,4,0
877247360349107|79001|2,TTTT,NTTT,TTTT-NTTT,4,4,0
877629060749104|82001|2,TTTT,....,TTTT-....,4,4,0
878139860686209|80001|1,TTTT,EEEE,TTTT-EEEE,4,4,0
878189340309409|82001|2,UTTT,T...,UTTT-T...,4,3,1
879110369450934|81001|1,TTTT,....,TTTT-....,4,4,0
879770560960770|83001|1,T...,....,T...-....,1,1,0
879870261470973|81001|2,NTTT,....,NTTT-....,4,3,1
879870424030974|83001|1,TT..,....,TT..-....,2,2,0
880163001538890|79001|2,TTET,TTTT,TTET-TTTT,4,3,2
880163001538890|82001|1,TTTT,....,TTTT-....,4,4,0
880163001538890|82001|2,TTTT,....,TTTT-....,4,4,0
880177008718460|83001|2,T...,....,T...-....,1,1,0
880560094134969|82001|4,T...,....,T...-....,1,1,0
880560094134969|82001|5,T...,....,T...-....,1,1,0
880823091516899|83001|1,TTT.,....,TTT.-....,3,3,0
880829091812669|81001|1,TTTT,TTTT,TTTT-TTTT,4,4,0
880871094518419|83001|1,T...,....,T...-....,1,1,0
880949091857669|82001|2,TTTT,....,TTTT-....,4,4,0
880956098501979|82001|2,TTTT,TTTT,TTTT-TTTT,4,4,0
880967061646664|82001|2,TTTT,....,TTTT-....,4,4,0
880973071523899|82001|1,TTTT,TT..,TTTT-TT..,4,4,0
880977091623669|83001|1,TTTT,....,TTTT-....,4,4,0
881215006909399|81001|1,TNNN,NNNN,TNNN-NNNN,4,1,1
881489760689307|79001|1,TTTT,NTTT,TTTT-NTTT,4,4,0
882040036909091|83001|2,TTT.,....,TTT.-....,3,3,0
882079440279108|80001|2,TNNN,NTNN,TNNN-NTNN,4,1,1
882172026909492|81001|1,T.TE,NN.E,T.TE-NN.E,3,2,1
882179660269408|82001|1,TTTT,....,TTTT-....,4,4,0
882179660269408|83001|1,TTT.,....,TTT.-....,3,3,0
883097039600791|79001|2,TTTT,TTTT,TTTT-TTTT,4,4,0
883419060179505|80001|1,TTTT,....,TTTT-....,4,4,0
883679820659504|81001|1,TTTT,TTTT,TTTT-TTTT,4,4,0
883849840047505|82001|2,TTTT,T...,TTTT-T...,4,4,0
884022074909696|81001|1,TTTT,TTTT,TTTT-TTTT,4,4,0
884022074909696|81001|2,TTTT,TTTT,TTTT-TTTT,4,4,0
884071669900945|82001|2,T.TT,....,T.TT-....,3,3,0
884375058909196|81001|1,TTTT,TTTT,TTTT-TTTT,4,4,0
884375058909196|81001|2,TTTT,TTTT,TTTT-TTTT,4,4,0
884409034909095|81001|4,TTTT,....,TTTT-....,4,4,0
884458120719004|81001|2,TTTT,TTTT,TTTT-TTTT,4,4,0
884459160716504|79001|1,TTTT,NNNN,TTTT-NNNN,4,4,0
884470067001407|79001|2,TTTT,NNNN,TTTT-NNNN,4,4,0
884663066909194|83001|2,TEE.,....,TEE.-....,3,1,1
884868018909699|79001|1,TTTN,..TT,TTTN-..TT,4,3,1
884904053001302|82001|1,TT..,....,TT..-....,2,2,0
885109240989206|83001|1,TTTT,....,TTTT-....,4,4,0
885719260659401|79001|2,TTNN,NNNN,TTNN-NNNN,4,2,1
886329520309206|80001|2,TTNT,TEEE,TTNT-TEEE,4,3,2
886329560309306|80001|1,TTTT,TTTT,TTTT-TTTT,4,4,0
886959320369200|80001|2,TTTT,TTTT,TTTT-TTTT,4,4,0
886959320369200|82001|1,TTTT,TTT.,TTTT-TTT.,4,4,0
886959320369200|82001|2,TTTE,EEE.,TTTE-EEE.,4,3,1
887065299200994|80001|1,TTNE,....,TTNE-....,4,2,2
887065299200994|81001|2,TTTT,TTTT,TTTT-TTTT,4,4,0
887879740589205|82001|2,TTTT,T...,TTTT-T...,4,4,0
888110369450924|82001|1,TTTT,TTT.,TTTT-TTT.,4,4,0
888209160939405|81001|2,TTTT,TTTT,TTTT-TTTT,4,4,0
888209160939405|83001|1,TTT.,....,TTT.-....,3,3,0
888730126030964|83001|2,T.E.,....,T.E.-....,2,1,1
889100920950743|82001|1,TTTT,T...,TTTT-T...,4,4,0
889294679000755|81001|1,UETT,E...,UETT-E...,4,2,2
889490279090940|82001|2,TTTT,T...,TTTT-T...,4,4,0
889490279090940|82001|3,TTTE,E...,TTTE-E...,4,3,1
889520987050740|81001|2,EETE,EEEE,EETE-EEEE,4,1,2
889529060959409|80001|2,TTTT,TTTT,TTTT-TTTT,4,4,0
889630915120720|82001|2,TTTT,NNN.,TTTT-NNN.,4,4,0
889690256620983|80001|2,TTTT,TTTT,TTTT-TTTT,4,4,0
889690449060984|83001|2,T...,....,T...-....,1,1,0
889940851380943|83001|2,EETT,....,EETT-....,4,2,1
889990642340960|83001|1,TTT.,....,TTT.-....,3,3,0
890019880767105|82001|1,TTTT,....,TTTT-....,4,4,0
890019880767105|82001|2,TTTT,....,TTTT-....,4,4,0
890379380467108|79001|2,TTTE,TTTT,TTTE-TTTT,4,3,1
890426095513039|80001|2,NTTT,EEEE,NTTT-EEEE,4,3,1
890602097144089|82001|2,TTTT,T...,TTTT-T...,4,4,0
890698420017103|80001|1,TTTT,TTTT,TTTT-TTTT,4,4,0
890816008909972|79001|1,TTTT,....,TTTT-....,4,4,0
890824091812809|87001|2,T...,....,T...-....,1,1,0
890826096548519|81001|2,TEEE,....,TEEE-....,4,1,1
890916075735409|80001|1,NTTT,NTTT,NTTT-NTTT,4,3,1
890916095737409|80001|1,TTTN,....,TTTN-....,4,3,1
890983061243099|80001|1,TTTT,....,TTTT-....,4,4,0
890997096947179|82001|2,TTTT,....,TTTT-....,4,4,0
890997096947179|83001|1,NT..,....,NT..-....,2,1,1
892035002909361|80001|2,TTTT,TTTT,TTTT-TTTT,4,4,0
892069034909992|81001|1,TTTT,....,TTTT-....,4,4,0
892109042907793|80001|2,TTTT,EEET,TTTT-EEET,4,4,0
892609140149200|83001|1,TTTT,....,TTTT-....,4,4,0
892859440239404|82001|2,TTTT,T...,TTTT-T...,4,4,0
893039086907295|79001|2,TTNT,TTTT,TTNT-TTTT,4,3,2
893172023001402|81001|1,TTTT,TTTT,TTTT-TTTT,4,4,0
893516096909894|81001|1,TTTT,TTTT,TTTT-TTTT,4,4,0
893609160149500|81001|1,TTNN,NNNN,TTNN-NNNN,4,2,1
894149220856505|80001|1,T...,....,T...-....,1,1,0
894379340467208|80001|2,TTNN,NNNN,TTNN-NNNN,4,2,1
895528440239100|81001|1,NT..,....,NT..-....,2,1,1
895579820329100|81001|1,TTTT,EEEE,TTTT-EEEE,4,4,0
895579880326100|82001|1,TTTT,....,TTTT-....,4,4,0
896009320616409|81001|1,TTTT,TTTT,TTTT-TTTT,4,4,0
896019820769505|82001|1,EEET,....,EEET-....,4,1,1
896339240959003|82001|2,TTTT,E...,TTTT-E...,4,4,0
896457720899001|82001|2,TTTT,TTT.,TTTT-TTT.,4,4,0
896679860459501|83001|2,TTT.,....,TTT.-....,3,3,0
896849020999303|81001|1,TTTT,....,TTTT-....,4,4,0
897129320999103|82001|1,NTTT,EUU.,NTTT-EUU.,4,3,1
898980411620934|81001|2,TTTN,..TT,TTTN-..TT,4,3,1
899000225880954|83001|2,NTTT,....,NTTT-....,4,3,1
899020829980951|83001|2,TTTT,....,TTTT-....,4,4,0
899060391350733|82001|2,TTTT,TT..,TTTT-TT..,4,4,0
899060391350733|83001|1,TTTT,....,TTTT-....,4,4,0
899060391350733|83001|2,TTTT,....,TTTT-....,4,4,0
899060772520974|80001|1,TTTT,TTTT,TTTT-TTTT,4,4,0
899060772520974|82001|2,T...,....,T...-....,1,1,0
899060964830911|80001|1,TTTT,TTTT,TTTT-TTTT,4,4,0
899070856570950|80001|1,UTTT,NTTT,UTTT-NTTT,4,3,1
899080511340974|80001|1,TTTT,EE..,TTTT-EE..,4,4,0
899090746670674|81001|1,E.TT,EEEE,E.TT-EEEE,3,2,1
899090746670674|81001|2,T.TT,TTTT,T.TT-TTTT,3,3,0
899100535320910|82001|1,TTTT,TTTT,TTTT-TTTT,4,4,0
899110396050954|80001|1,TTTT,TTTT,TTTT-TTTT,4,4,0
899110928240672|80001|1,TTTT,TTTT,TTTT-TTTT,4,4,0
899120326220974|82001|2,TTTT,....,TTTT-....,4,4,0
899140358870971|81001|2,TTTT,TTTT,TTTT-TTTT,4,4,0
899170689670954|83001|1,TNEE,....,TNEE-....,4,1,2
899200096130954|80001|2,TT..,....,TT..-....,2,2,0
899230056120911|82001|2,NTTT,EEEE,NTTT-EEEE,4,3,1
899240461700634|80001|1,EEET,TTTT,EEET-TTTT,4,1,1
899270486510653|80001|1,TTTT,TTTT,TTTT-TTTT,4,4,0
899280758500633|81001|1,TTTT,TTTT,TTTT-TTTT,4,4,0
899300822940684|82001|1,TTT.,....,TTT.-....,3,3,0
899350045960972|82001|2,TTTT,....,TTTT-....,4,4,0
899360756980954|82001|2,TNEE,....,TNEE-....,4,1,2
899370869140951|81001|1,TTTT,.TUE,TTTT-.TUE,4,4,0
899380406240611|81001|2,TTTT,TTTT,TTTT-TTTT,4,4,0
899400186890952|82001|2,TTT.,....,TTT.-....,3,3,0
899420772150971|81001|1,TTTT,TTTT,TTTT-TTTT,4,4,0
899440168890974|80001|1,TTTT,TTTT,TTTT-TTTT,4,4,0
899440954010911|82001|1,TTTT,TTTT,TTTT-TTTT,4,4,0
899460455040710|81001|2,TTTT,TTTT,TTTT-TTTT,4,4,0
899470602920911|80001|2,TEEE,TEEE,TEEE-TEEE,4,1,1
899490941790974|79001|1,TTTT,TTTT,TTTT-TTTT,4,4,0
899520110060914|83001|3,TTTT,....,TTTT-....,4,4,0
899520246210953|82001|1,TTTT,....,TTTT-....,4,4,0
899529440237000|83001|1,TTTT,....,TTTT-....,4,4,0
899529440237000|83001|2,TTTT,....,TTTT-....,4,4,0
899530477400974|79001|2,TTTT,TTTT,TTTT-TTTT,4,4,0
899540572250970|80001|1,TTTT,UEEE,TTTT-UEEE,4,4,0
899550242360951|80001|2,UTTT,NTTN,UTTT-NTTN,4,3,1
899560802210750|81001|2,TTTT,TTTT,TTTT-TTTT,4,4,0
899560802210913|81001|1,TTTT,TTTT,TTTT-TTTT,4,4,0
899560802210970|80001|2,TTTT,NNNN,TTTT-NNNN,4,4,0
899570686390954|83001|1,TTTT,....,TTTT-....,4,4,0
899570686390954|83001|2,TTTT,....,TTTT-....,4,4,0
899630915120972|82001|1,EETT,....,EETT-....,4,2,1
899640114480951|80001|2,TTTT,TTTT,TTTT-TTTT,4,4,0
899640609810971|79001|2,TTTT,TTTT,TTTT-TTTT,4,4,0
899700985580750|83001|1,TTTT,....,TTTT-....,4,4,0
899710637400670|82001|2,TTTT,....,TTTT-....,4,4,0
899730432180674|79001|2,TTTT,TTTT,TTTT-TTTT,4,4,0
899740637400910|82001|1,TTTT,.TTT,TTTT-.TTT,4,4,0
899740812110973|82001|1,TTTT,....,TTTT-....,4,4,0
899740812110973|82001|2,TTTT,....,TTTT-....,4,4,0
899740812110973|83001|1,TT..,....,TT..-....,2,2,0
899760603850971|82001|2,TTTT,....,TTTT-....,4,4,0
899770563710684|80001|2,TTTT,....,TTTT-....,4,4,0
899770788790954|82001|2,NNTE,....,NNTE-....,4,1,2
899820176620612|80001|1,TTTT,TTTT,TTTT-TTTT,4,4,0
899830093250750|83001|1,TTTT,....,TTTT-....,4,4,0
899830714720951|82001|1,TTTT,....,TTTT-....,4,4,0
899830714720951|82001|2,TTTT,....,TTTT-....,4,4,0
899840486430674|83001|2,TT..,....,TT..-....,2,2,0
899850891090913|82001|2,TTTT,TTTT,TTTT-TTTT,4,4,0
899860254230730|82001|2,TTTT,TT..,TTTT-TT..,4,4,0
899870422190951|81001|1,TTTT,....,TTTT-....,4,4,0
899910190000971|79001|2,TTTT,TTTT,TTTT-TTTT,4,4,0
899910190000971|80001|1,TTUT,TTTT,TTUT-TTTT,4,3,2
899910238630673|82001|1,TTTN,....,TTTN-....,4,3,1
899920743610950|81001|2,TTTT,TTTT,TTTT-TTTT,4,4,0
899960632730652|81001|2,TTTT,TTTN,TTTT-TTTN,4,4,0
899980910530970|81001|1,TTTT,TTTT,TTTT-TTTT,4,4,0
899980910530970|83001|2,TT..,....,TT..-....,2,2,0
899990625650954|83001|1,TTTT,....,TTTT-....,4,4,0
900014766379850|82001|2,EEET,....,EEET-....,4,1,1
900017856349780|80001|2,ENET,....,ENET-....,4,1,3
900056933379000|82001|2,E..T,....,E..T-....,2,1,1
900067838129610|81001|1,TTTT,TTTT,TTTT-TTTT,4,4,0
900068838448610|81001|2,TTTN,NNNN,TTTN-NNNN,4,3,1
900092829149240|81001|3,TTTT,TTTU,TTTT-TTTU,4,4,0
900095929539240|81001|1,TTT.,....,TTT.-....,3,3,0
900095929539240|81001|2,TTT.,....,TTT.-....,3,3,0
900162001208440|83001|2,T...,....,T...-....,1,1,0
900197000913830|83001|1,TTTT,....,TTTT-....,4,4,0
900374720776502|83001|1,TTTT,....,TTTT-....,4,4,0
900426099207099|83001|1,T...,....,T...-....,1,1,0
900626099206099|79001|2,TTTT,TT.T,TTTT-TT.T,4,4,0
900726099201099|82001|1,TTTT,TTTT,TTTT-TTTT,4,4,0
900726099201099|83001|2,TTTN,....,TTTN-....,4,3,1
900829097408239|81001|2,UTTT,TTTT,UTTT-TTTT,4,3,1
900900071923889|82001|1,TTTT,TT..,TTTT-TT..,4,4,0
900926065005269|83001|2,UTTT,....,UTTT-....,4,3,1
900958067903309|81001|2,TTTT,TTTT,TTTT-TTTT,4,4,0
900969230676509|82001|1,TTTT,TT..,TTTT-TT..,4,4,0
901001945103311|82001|2,TTTT,NTTT,TTTT-NTTT,4,4,0
901004243103597|82001|2,TNNN,NNNN,TNNN-NNNN,4,1,1
901004243103597|83001|2,TTTT,....,TTTT-....,4,4,0
901005044106336|83001|2,TTTT,....,TTTT-....,4,4,0
901006361109483|83001|1,TTTT,....,TTTT-....,4,4,0
901006361109483|83001|2,TTTT,....,TTTT-....,4,4,0
901006404104698|82001|1,TTTT,TTTT,TTTT-TTTT,4,4,0
901008870101056|80001|1,TTTT,TTTT,TTTT-TTTT,4,4,0
901008870101056|80001|2,TTTT,TTTT,TTTT-TTTT,4,4,0
901024840329810|82001|1,TTTT,TTT.,TTTT-TTT.,4,4,0
901026940059810|83001|2,TTTT,....,TTTT-....,4,4,0
901051765019630|83001|1,TTTT,....,TTTT-....,4,4,0
901051965579630|83001|2,T...,....,T...-....,1,1,0
901055965539630|81001|2,TTTT,TTTT,TTTT-TTTT,4,4,0
901056765059630|82001|1,TTTT,....,TTTT-....,4,4,0
901071981279920|81001|2,TTTT,TTTT,TTTT-TTTT,4,4,0
901076941239010|81001|1,TTTT,TTTT,TTTT-TTTT,4,4,0
901079941159010|83001|1,TTTT,....,TTTT-....,4,4,0
901079941159010|83001|2,TTTT,....,TTTT-....,4,4,0
901092888129480|81001|1,TTTT,....,TTTT-....,4,4,0
901092888129480|87001|2,T...,....,T...-....,1,1,0
901092959279020|83001|1,TT..,....,TT..-....,2,2,0
901098959359020|81001|1,TUEE,....,TUEE-....,4,1,2
901139740526205|82001|1,TTTT,E...,TTTT-E...,4,4,0
901359870987302|81001|2,TTUU,EEEE,TTUU-EEEE,4,2,1
901369310809306|81001|1,TTTT,TTTT,TTTT-TTTT,4,4,0
901606071808695|81001|2,TTTT,TTTT,TTTT-TTTT,4,4,0
901606072907695|80001|2,TTTT,TTTT,TTTT-TTTT,4,4,0
901606077906695|80001|2,TTTT,TTTT,TTTT-TTTT,4,4,0
901619510879306|82001|1,NTTT,NTTT,NTTT-NTTT,4,3,1
901649730649303|83001|1,TTTT,....,TTTT-....,4,4,0
901700154896884|83001|1,TT..,....,TT..-....,2,2,0
901707524690654|81001|1,TTTT,NNNN,TTTT-NNNN,4,4,0
901819710307503|80001|2,TTTT,TTTT,TTTT-TTTT,4,4,0
901901855894393|80001|1,TTTT,....,TTTT-....,4,4,0
901901855894393|82001|1,UTTT,.TTT,UTTT-.TTT,4,3,1
901901855894393|83001|1,TTTT,....,TTTT-....,4,4,0
901901880896029|80001|3,NU.T,NN.E,NU.T-NN.E,3,1,2
901908490890056|82001|2,TTTT,TTTT,TTTT-TTTT,4,4,0
901908490890056|82001|5,UTTT,....,UTTT-....,4,3,1
901979550539201|81001|1,TTTT,TTTT,TTTT-TTTT,4,4,0
901994580866207|81001|1,TTTT,.TTT,TTTT-.TTT,4,4,0
902019070139107|79001|2,TTTT,TTTT,TTTT-TTTT,4,4,0
902034711339200|80001|1,TTTT,TTTT,TTTT-TTTT,4,4,0
902362046909799|80001|2,TTTT,TTTT,TTTT-TTTT,4,4,0
902493094909295|82001|1,TTTT,E...,TTTT-E...,4,4,0
902549410736108|82001|2,TT.T,TTTT,TT.T-TTTT,3,3,0
902601082996640|82001|2,TTTT,TTT.,TTTT-TTT.,4,4,0
902602783998279|83001|1,TTTT,....,TTTT-....,4,4,0
902606322994708|80001|2,TTTT,TTTT,TTTT-TTTT,4,4,0
902706082999329|81001|1,TTTT,TTTT,TTTT-TTTT,4,4,0
902706082999329|81001|2,TTTT,....,TTTT-....,4,4,0
902707520790659|81001|1,TTTT,TTTT,TTTT-TTTT,4,4,0
902707523990652|87001|2,T...,....,T...-....,1,1,0
902708402990267|82001|1,TTTT,TTT.,TTTT-TTT.,4,4,0
902901453995316|81001|1,TTTT,TTTT,TTTT-TTTT,4,4,0
902901610996501|80001|1,TTTT,TTTT,TTTT-TTTT,4,4,0
902901610996501|87001|2,T...,....,T...-....,1,1,0
902901841993305|83001|2,TTNT,....,TTNT-....,4,3,2
902903083492581|83001|1,TTTT,....,TTTT-....,4,4,0
902904003994157|82001|2,TTTT,TTN.,TTTT-TTN.,4,4,0
902904665994103|83001|1,TTTT,....,TTTT-....,4,4,0
902904665994103|83001|2,TTTT,....,TTTT-....,4,4,0
902904865991220|83001|1,TTEE,....,TTEE-....,4,2,1
902906591996899|83001|1,TT.T,....,TT.T-....,3,3,0
902906651991223|82001|1,TTTT,TTT.,TTTT-TTT.,4,4,0
902907833999227|82001|1,TTTT,TTT.,TTTT-TTT.,4,4,0
902907833999227|83001|1,E.TT,....,E.TT-....,3,2,1
902907834499229|83001|1,TTTT,....,TTTT-....,4,4,0
902908041993588|82001|2,TTTT,TTT.,TTTT-TTT.,4,4,0
902908041993588|87001|2,T...,....,T...-....,1,1,0
902908871991052|81001|2,TTTT,TTTT,TTTT-TTTT,4,4,0
902909011993279|82001|2,NTNN,NNN.,NTNN-NNN.,4,1,2
902909050296826|87001|2,T...,....,T...-....,1,1,0
902909051996827|82001|1,TTTT,TTT.,TTTT-TTT.,4,4,0
903019670307301|82001|2,TTTT,....,TTTT-....,4,4,0
903022863469780|80001|2,TTTT,TTTT,TTTT-TTTT,4,4,0
903022863469780|82001|1,TTTT,....,TTTT-....,4,4,0
903055951059950|82001|2,TTTT,....,TTTT-....,4,4,0
903083940179100|83001|1,NT..,....,NT..-....,2,1,1
903239730266204|82001|1,TTTT,TT..,TTTT-TT..,4,4,0
903266062909865|80001|1,TTTT,TTTT,TTTT-TTTT,4,4,0
903349510126203|83001|1,TTTN,....,TTTN-....,4,3,1
903349530129503|80001|2,TTTT,.T.T,TTTT-.T.T,4,4,0
903419570909104|83001|2,TT..,....,TT..-....,2,2,0
903509330909109|82001|2,TNNN,TT..,TNNN-TT..,4,1,1
903539110769101|80001|1,TTTT,TTTT,TTTT-TTTT,4,4,0
903900801590273|83001|1,TTTT,....,TTTT-....,4,4,0
903905573591203|80001|1,TTNT,TNNN,TTNT-TNNN,4,3,2
903924280616205|80001|1,TTTT,TTTT,TTTT-TTTT,4,4,0
904007970259410|80001|2,EEET,NEEE,EEET-NEEE,4,1,1
904045985539880|82001|2,TTTT,TT..,TTTT-TT..,4,4,0
904062707119880|83001|2,TT.E,....,TT.E-....,3,2,1
904066907159880|82001|1,TTTT,....,TTTT-....,4,4,0
904069907179880|79001|2,TTTT,TTTT,TTTT-TTTT,4,4,0
904081991579290|80001|1,TTTT,NN.N,TTTT-NN.N,4,4,0
904159610226508|83001|1,TTNN,....,TTNN-....,4,2,1
904239750269204|80001|2,TTTT,TT.E,TTTT-TT.E,4,4,0
904339910969001|80001|1,TTTT,TTTT,TTTT-TTTT,4,4,0
904349550127403|83001|1,TTTT,....,TTTT-....,4,4,0
904379750779302|82001|1,TTTT,....,TTTT-....,4,4,0
904499250289202|80001|1,EETT,....,EETT-....,4,2,1
904549450739508|80001|1,TTTT,TTTT,TTTT-TTTT,4,4,0
904589110999308|82001|2,TTTT,TTTT,TTTT-TTTT,4,4,0
904601394999992|82001|2,TTTT,T...,TTTT-T...,4,4,0
904603114995218|83001|1,NNTN,....,NNTN-....,4,1,2
904605043996337|82001|1,TTTT,....,TTTT-....,4,4,0
904607980990595|82001|1,TTTT,T...,TTTT-T...,4,4,0
904607980990595|82001|2,TTTT,T...,TTTT-T...,4,4,0
904608494990057|82001|3,TTTT,T...,TTTT-T...,4,4,0
904701885996026|81001|1,TTTT,TTTT,TTTT-TTTT,4,4,0
904703062991393|80001|1,TTTT,EETT,TTTT-EETT,4,4,0
904704272994659|83001|3,TTT.,....,TTT.-....,3,3,0
904704634991655|80001|2,TTTT,NNNE,TTTT-NNNE,4,4,0
904738210359404|81001|3,ETT.,....,ETT.-....,3,2,1
904899710909301|83001|2,TTTN,....,TTTN-....,4,3,1
904904244793592|81001|2,TTTT,TTTT,TTTT-TTTT,4,4,0
904907520790659|81001|1,TTTT,EEEE,TTTT-EEEE,4,4,0
904907520790659|81001|2,TTTT,TTTT,TTTT-TTTT,4,4,0
904919250229304|81001|2,TT..,....,TT..-....,2,2,0
904921084909868|83001|1,TTTT,....,TTTT-....,4,4,0
904921084909868|83001|2,TTTT,....,TTTT-....,4,4,0
905008861469210|81001|1,T..E,....,T..E-....,2,1,1
905577022909563|83001|1,TTTT,....,TTTT-....,4,4,0
905603300999071|81001|1,T.EE,EEEE,T.EE-EEEE,3,1,1
905689630999009|82001|1,TTTT,TT..,TTTT-TT..,4,4,0
905707521890650|81001|2,TTTT,NNNN,TTTT-NNNN,4,4,0
905707982890590|81001|2,TTTT,TTTT,TTTT-TTTT,4,4,0
905904270894656|80001|2,TTTT,TTTT,TTTT-TTTT,4,4,0
905905092898815|81001|1,TTTT,TTTT,TTTT-TTTT,4,4,0
905907151893082|81001|1,TTTT,TT.T,TTTT-TT.T,4,4,0
905907151893082|81001|2,TTTT,TT.T,TTTT-TT.T,4,4,0
905907524590652|80001|1,TTTT,TTTT,TTTT-TTTT,4,4,0
905907524590652|80001|2,TTTT,TTTT,TTTT-TTTT,4,4,0
905907833899229|80001|1,NUTU,NNNN,NUTU-NNNN,4,1,3
905908493690056|81001|2,TTTT,TTTT,TTTT-TTTT,4,4,0
905908813894608|81001|1,TTUT,TTTT,TTUT-TTTT,4,3,2
905909540895856|82001|2,TTTT,....,TTTT-....,4,4,0
905989270959406|79001|3,TE..,....,TE..-....,2,1,1
906006536089400|80001|1,EEET,EEEE,EEET-EEEE,4,1,1
906006536089400|80001|2,EEET,EEEE,EEET-EEEE,4,1,1
906006536329400|83001|1,TTTT,....,TTTT-....,4,4,0
906008736059400|80001|2,TTTT,TTTT,TTTT-TTTT,4,4,0
906019070139207|82001|2,TTTT,....,TTTT-....,4,4,0
906024843349090|80001|3,TTEE,EE.T,TTEE-EE.T,4,2,1
906032743159830|81001|1,TTEN,NNNN,TTEN-NNNN,4,2,2
906052469119890|82001|1,TTTT,TTTT,TTTT-TTTT,4,4,0
906052969138890|83001|1,EEET,....,EEET-....,4,1,1
906068713479200|82001|1,ENTN,....,ENTN-....,4,1,3
906219050119106|80001|2,NNTN,NNTN,NNTN-NNTN,4,1,2
906269370579206|79001|2,NTNN,NNNN,NTNN-NNNN,4,1,2
906279610089500|82001|2,TTTT,TTTT,TTTT-TTTT,4,4,0
906439850629304|82001|1,TTTT,....,TTTT-....,4,4,0
906549430739508|82001|1,TTTT,TT..,TTTT-TT..,4,4,0
906549430739508|82001|2,TTTT,TT..,TTTT-TT..,4,4,0
906549430739508|83001|1,NNTT,....,NNTT-....,4,2,1
906579770479305|82001|2,TTTT,....,TTTT-....,4,4,0
906601853994399|81001|1,TTTT,TTTT,TTTT-TTTT,4,4,0
906601853994399|81001|2,TTTT,TTTT,TTTT-TTTT,4,4,0
906608292998028|79001|2,TTTT,TTTT,TTTT-TTTT,4,4,0
906609014993270|80001|1,TTTT,TTTT,TTTT-TTTT,4,4,0
906609241992533|79001|2,TTTT,....,TTTT-....,4,4,0
906708872991050|82001|2,TTTT,....,TTTT-....,4,4,0
906729630289505|82001|1,TTTT,TT..,TTTT-TT..,4,4,0
906849310799205|83001|1,TTTT,....,TTTT-....,4,4,0
906879930359402|81001|1,TTTT,TTTT,TTTT-TTTT,4,4,0
906901393799999|80001|1,TTTT,TTTT,TTTT-TTTT,4,4,0
906901572998867|80001|1,TTTT,TTTT,TTTT-TTTT,4,4,0
906901615996504|83001|2,TTT.,....,TTT.-....,3,3,0
906901843993300|83001|2,TTT.,....,TTT.-....,3,3,0
906901881996023|80001|1,TTTT,TTTT,TTTT-TTTT,4,4,0
906901881996023|80001|2,TTTT,TTTT,TTTT-TTTT,4,4,0
906902170995676|79001|1,TTTT,TTTT,TTTT-TTTT,4,4,0
906904485994141|80001|2,TTTT,TTTT,TTTT-TTTT,4,4,0
906906634993322|83001|1,TTT.,....,TTT.-....,3,3,0
906907521990655|81001|1,TTNN,....,TTNN-....,4,2,1
906907524990654|83001|2,TTT.,....,TTT.-....,3,3,0
906908000471976|79001|2,TTTT,TTTT,TTTT-TTTT,4,4,0
906908172991652|81001|2,TNNN,TNN.,TNNN-TNN.,4,1,1
906908304997548|80001|1,TTTT,TTTT,TTTT-TTTT,4,4,0
906908304997548|80001|2,TTTT,TTTT,TTTT-TTTT,4,4,0
906908493990054|79001|1,T.TT,TTTT,T.TT-TTTT,3,3,0
906908883795136|82001|2,TTTT,....,TTTT-....,4,4,0
906908994993401|82001|2,TTTT,....,TTTT-....,4,4,0
906909383998067|83001|1,TTT.,....,TTT.-....,3,3,0
906909543995858|82001|1,TTTT,....,TTTT-....,4,4,0
906909721996678|80001|1,TTTT,....,TTTT-....,4,4,0
906909721996678|80001|2,TTTT,....,TTTT-....,4,4,0
906909723996677|82001|1,TTT.,....,TTT.-....,3,3,0
906919230229304|82001|1,TTTT,TT..,TTTT-TT..,4,4,0
906979930079306|80001|1,TTTT,TTTT,TTTT-TTTT,4,4,0
907005611104478|82001|2,TTTT,....,TTTT-....,4,4,0
907006239379890|79001|2,TTTT,T.TT,TTTT-T.TT,4,4,0
907006239379890|83001|1,TT..,....,TT..-....,2,2,0
907059430599405|80001|2,NTTN,TTTT,NTTN-TTTT,4,2,2
907059430599405|83001|2,TEEE,....,TEEE-....,4,1,1
907072796439900|81001|2,TTTT,EEEE,TTTT-EEEE,4,4,0
907076996479900|79001|2,TTTT,TTTT,TTTT-TTTT,4,4,0
907092765159760|81001|1,TTTT,....,TTTT-....,4,4,0
907096805049270|81001|2,TTTT,TTTT,TTTT-TTTT,4,4,0
907096805049270|81001|3,TTTT,....,TTTT-....,4,4,0
907096805049270|82001|1,TTTT,T...,TTTT-T...,4,4,0
907096805049270|83001|2,TTTT,....,TTTT-....,4,4,0
907097365129760|80001|1,TTTT,EEEE,TTTT-EEEE,4,4,0
907097965137760|83001|1,TTTT,....,TTTT-....,4,4,0
907164460986206|82001|2,TTTT,....,TTTT-....,4,4,0
907339910969301|82001|1,NTTT,NTTT,NTTT-NTTT,4,3,1
907608405940261|80001|3,TTTT,TTTT,TTTT-TTTT,4,4,0
907614863991222|82001|1,TTTT,....,TTTT-....,4,4,0
907614863991222|82001|2,TTTT,....,TTTT-....,4,4,0
907729640286405|81001|2,TTTT,...T,TTTT-...T,4,4,0
907900155696880|83001|2,TT..,....,TT..-....,2,2,0
907901392899998|82001|1,T.T.,....,T.T.-....,2,2,0
907901392899998|83001|3,TT..,....,TT..-....,2,2,0
907902444597908|79001|2,TTTT,EEEE,TTTT-EEEE,4,4,0
907902444597908|81001|2,TTTT,TTTT,TTTT-TTTT,4,4,0
907903302899072|81001|1,TTTT,TTTT,TTTT-TTTT,4,4,0
907903624893517|80001|1,TTTT,....,TTTT-....,4,4,0
907905573691203|82001|1,TTTT,....,TTTT-....,4,4,0
907909361898673|81001|3,TTTT,....,TTTT-....,4,4,0
907919270229204|79001|2,TTTT,TTTT,TTTT-TTTT,4,4,0
907919270229204|80001|2,EETT,EEEE,EETT-EEEE,4,2,1
907919470219306|80001|2,TTTT,....,TTTT-....,4,4,0
908000801200273|82001|2,TTTT,....,TTTT-....,4,4,0
908046859129270|80001|1,TUEE,TTT.,TUEE-TTT.,4,1,2
908052986179410|82001|5,TTTT,....,TTTT-....,4,4,0
908054942359380|81001|1,TTTT,TTTT,TTTT-TTTT,4,4,0
908054942359380|81001|2,TTTT,TTTT,TTTT-TTTT,4,4,0
908058886169410|79001|3,TTEE,EEEE,TTEE-EEEE,4,2,1
908058886169410|82001|2,TTTT,....,TTTT-....,4,4,0
908058886169410|83001|2,TTT.,....,TTT.-....,3,3,0
908070507289320|81001|1,E.TT,TTTT,E.TT-TTTT,3,2,1
908070707279320|81001|1,TTTT,TTTT,TTTT-TTTT,4,4,0
908159650227008|81001|2,TTTT,NNNN,TTTT-NNNN,4,4,0
908169470989106|82001|2,TTTT,....,TTTT-....,4,4,0
908429730719409|82001|1,TTTT,.E..,TTTT-.E..,4,4,0
908539150769101|81001|1,TTTT,TTNN,TTTT-TTNN,4,4,0
908549470739208|83001|1,TT..,....,TT..-....,2,2,0
908604004994152|81001|2,TTTT,TTTT,TTTT-TTTT,4,4,0
908604633991650|83001|1,T...,....,T...-....,1,1,0
908605850999205|79001|1,TTTT,.TTT,TTTT-.TTT,4,4,0
908609430947752|79001|2,TTTT,TTTT,TTTT-TTTT,4,4,0
908879810039406|82001|2,TEEE,EEEE,TEEE-EEEE,4,1,1
908900160992446|79001|2,TTTT,EN.N,TTTT-EN.N,4,4,0
908900651998777|81001|1,TTTT,TT..,TTTT-TT..,4,4,0
908901081996647|83001|2,T...,....,T...-....,1,1,0
908901843793304|82001|1,TTTT,....,TTTT-....,4,4,0
908904001794153|81001|1,ENNT,N...,ENNT-N...,4,1,2
908904001994152|80001|2,TTTT,TTT.,TTTT-TTT.,4,4,0
908904775799351|79001|1,TTTT,EEEE,TTTT-EEEE,4,4,0
908904932998121|79001|2,TTTT,TTTT,TTTT-TTTT,4,4,0
908905852995960|80001|2,TTTT,TTTT,TTTT-TTTT,4,4,0
908906631793327|80001|1,TTTT,TTTT,TTTT-TTTT,4,4,0
908906631793327|80001|2,TTTT,TTTT,TTTT-TTTT,4,4,0
908906631793327|83001|1,T...,....,T...-....,1,1,0
908907624998352|79001|2,TTTT,TTTT,TTTT-TTTT,4,4,0
908909505995156|82001|2,TTTT,....,TTTT-....,4,4,0
908909545995855|80001|1,TTTT,TTTT,TTTT-TTTT,4,4,0
908909545995855|80001|2,TTTT,TTTT,TTTT-TTTT,4,4,0
908909700992498|79001|1,TTTU,TTTN,TTTU-TTTN,4,3,1
909001901539190|80001|1,TTTT,TNNN,TTTT-TNNN,4,4,0
909006701019190|80001|2,TT..,....,TT..-....,2,2,0
909006801349190|82001|1,TTTT,T...,TTTT-T...,4,4,0
909006801349190|82001|2,TTTT,T...,TTTT-T...,4,4,0
909008801089190|81001|4,TTTT,....,TTTT-....,4,4,0
909014963059490|80001|1,TTTT,TTTT,TTTT-TTTT,4,4,0
909015963138490|80001|2,TTTT,NN..,TTTT-NN..,4,4,0
909021623329620|87001|1,T...,....,T...-....,1,1,0
909026723319620|81001|1,TTTT,TTTT,TTTT-TTTT,4,4,0
909056839389810|82001|1,TTTU,....,TTTU-....,4,3,1
909062639449110|82001|2,ETTT,E...,ETTT-E...,4,3,1
909063755159830|82001|1,TTTT,....,TTTT-....,4,4,0
909063755159830|82001|2,TTTT,....,TTTT-....,4,4,0
909063755159830|82001|3,TTTT,....,TTTT-....,4,4,0
909279910159306|82001|1,TTTT,TTTT,TTTT-TTTT,4,4,0
909309150389205|80001|1,TNNN,NNNN,TNNN-NNNN,4,1,1
909329870429101|81001|2,NNTT,TTTT,NNTT-TTTT,4,2,1
909329970259203|83001|2,TT..,....,TT..-....,2,2,0
909579270819104|79001|2,TTTT,TTTT,TTTT-TTTT,4,4,0
909579710479005|82001|1,TTTT,.T..,TTTT-.T..,4,4,0
909589150999308|81001|1,TTTT,TTTT,TTTT-TTTT,4,4,0
909589150999308|81001|2,TTTT,TTTT,TTTT-TTTT,4,4,0
909929270617005|82001|1,TTTT,....,TTTT-....,4,4,0
909969230679309|83001|1,TTT.,....,TTT.-....,3,3,0
910004099318609|83001|2,T...,....,T...-....,1,1,0
910009801329640|87001|1,T...,....,T...-....,1,1,0
910022829289950|83001|1,T...,....,T...-....,1,1,0
910024873329520|87001|2,T...,....,T...-....,1,1,0
910025373289520|81001|1,TTTT,....,TTTT-....,4,4,0
910025373289520|81001|2,TTTT,....,TTTT-....,4,4,0
910026929479950|80001|2,TTTT,....,TTTT-....,4,4,0
910028973139520|82001|1,TTTT,TT..,TTTT-TT..,4,4,0
910029873369520|81001|1,TTTT,TTTT,TTTT-TTTT,4,4,0
910029873369520|81001|2,TTTT,TTTT,TTTT-TTTT,4,4,0
910029873369520|81001|3,TTTT,TTT.,TTTT-TTT.,4,4,0
910031945359810|81001|2,TTTT,TTTT,TTTT-TTTT,4,4,0
910031957359930|81001|1,TTTT,TTTT,TTTT-TTTT,4,4,0
910031957359930|81001|2,TTTT,TTTT,TTTT-TTTT,4,4,0
910038953259690|81001|2,TTTT,TTT.,TTTT-TTT.,4,4,0
910039957139930|80001|2,TTTT,TTTT,TTTT-TTTT,4,4,0
910043860569190|81001|1,TTTT,TTEE,TTTT-TTEE,4,4,0
910044760279190|79001|1,TTTT,TTTT,TTTT-TTTT,4,4,0
910044860229190|83001|2,TTT.,....,TTT.-....,3,3,0
910046960579190|79001|2,TTTT,TTTT,TTTT-TTTT,4,4,0
910050323630064|83001|2,TTT.,....,TTT.-....,3,3,0
910056839069650|82001|2,TTTT,....,TTTT-....,4,4,0
910071869349520|81001|1,TTTT,TTTT,TTTT-TTTT,4,4,0
910079326369720|83001|1,TTT.,....,TTT.-....,3,3,0
910081897589590|81001|1,TTTT,TTTT,TTTT-TTTT,4,4,0
910081897589590|83001|2,T...,....,T...-....,1,1,0
910081997539590|82001|1,TTTT,....,TTTT-....,4,4,0
910114009306600|83001|1,TTT.,....,TTT.-....,3,3,0
910150478740042|80001|2,TTTT,....,TTTT-....,4,4,0
910179510146508|80001|1,TTNN,EEEE,TTNN-EEEE,4,2,1
910199149000536|83001|1,ETTT,....,ETTT-....,4,3,1
910291619000893|81001|2,TN..,....,TN..-....,2,1,1
910291619000893|82001|1,TTTT,.EEE,TTTT-.EEE,4,4,0
910304099312609|80001|2,TTTT,EEEE,TTTT-EEEE,4,4,0
910319092909969|87001|5,T...,....,T...-....,1,1,0
910419010076201|83001|1,TT..,....,TT..-....,2,2,0
910443090921069|83001|1,TTTT,....,TTTT-....,4,4,0
910473090913069|83001|2,EUTN,....,EUTN-....,4,1,3
910499450619403|83001|2,TTTT,....,TTTT-....,4,4,0
910589650467504|83001|2,TTTT,....,TTTT-....,4,4,0
910610515750082|83001|2,T...,....,T...-....,1,1,0
910770406690044|81001|2,TTTT,TTTT,TTTT-TTTT,4,4,0
910780229570082|82001|2,T...,....,T...-....,1,1,0
910790601520084|82001|2,TTTT,....,TTTT-....,4,4,0
910843070922069|82001|1,ETTT,EEE.,ETTT-EEE.,4,3,1
910844079342609|87001|1,T...,....,T...-....,1,1,0
910906092041419|81001|2,TTUT,....,TTUT-....,4,3,2
910907096243459|82001|1,TTT.,TT..,TTT.-TT..,3,3,0
910911076127499|80001|2,TTTT,TTTT,TTTT-TTTT,4,4,0
910957096247459|80001|1,TTTT,....,TTTT-....,4,4,0
910970592260121|80001|1,NTTT,TTTT,NTTT-TTTT,4,3,1
910986072007419|79001|2,TTTT,TTTE,TTTT-TTTE,4,4,0
910990668870082|82001|1,TTTT,....,TTTT-....,4,4,0
910990668870082|82001|2,TTTT,....,TTTT-....,4,4,0
910993060926064|81001|1,ETTT,EEEE,ETTT-EEEE,4,3,1
911006997239010|80001|1,TTTT,TTTT,TTTT-TTTT,4,4,0
911006997239010|80001|2,TTTT,TTTT,TTTT-TTTT,4,4,0
911011701039430|80001|2,TTTT,TTTT,TTTT-TTTT,4,4,0
911016926159000|80001|2,TTTT,T.TE,TTTT-T.TE,4,4,0
911036507349000|82001|1,TEEE,E...,TEEE-E...,4,1,1
911038707079000|79001|2,TTTT,TTTT,TTTT-TTTT,4,4,0
911060684200915|83001|2,TTTT,....,TTTT-....,4,4,0
911070945259080|83001|2,TT..,....,TT..-....,2,2,0
911078845469080|81001|2,TTTT,....,TTTT-....,4,4,0
911112960000158|83001|1,TTTT,....,TTTT-....,4,4,0
911299210767503|82001|1,ETTE,EEEE,ETTE-EEEE,4,2,2
911299210767503|83001|1,TTTT,....,TTTT-....,4,4,0
911469970309201|82001|1,TUTT,....,TUTT-....,4,3,2
911689570789507|81001|2,TNNN,NNNN,TNNN-NNNN,4,1,1
911819030546204|81001|1,TTTT,TTTT,TTTT-TTTT,4,4,0
911819030546204|81001|2,TTTT,TTTT,TTTT-TTTT,4,4,0
912071404178460|83001|1,TT..,....,TT..-....,2,2,0
912079604049460|81001|1,TTTT,TTTT,TTTT-TTTT,4,4,0
912089170406402|81001|1,TTTT,TUTT,TTTT-TUTT,4,4,0
912197779200892|81001|2,TTTT,TNNT,TTTT-TNNT,4,4,0
912199610029100|80001|2,TTTT,EN..,TTTT-EN..,4,4,0
912390629900893|81001|1,ETEE,EEEE,ETEE-EEEE,4,1,2
912409570829404|79001|1,TTTT,TTTT,TTTT-TTTT,4,4,0
912499650409007|81001|1,TTTT,TTT.,TTTT-TTT.,4,4,0
912649250539106|81001|3,TTNE,....,TTNE-....,4,2,2
912799670579106|82001|2,TTTT,....,TTTT-....,4,4,0
913027804329120|83001|1,TTTT,....,TTTT-....,4,4,0
913029504229120|80001|4,EETT,EEEE,EETT-EEEE,4,2,1
913029504229120|81001|1,TTTT,TTTT,TTTT-TTTT,4,4,0
913139110826304|83001|1,UTTT,....,UTTT-....,4,3,1
913139110826304|83001|2,TTTT,....,TTTT-....,4,4,0
913206027908495|81001|1,NNNT,TTTT,NNNT-TTTT,4,1,1
913414860026200|82001|1,TTT.,....,TTT.-....,3,3,0
913414860026200|82001|2,TTT.,....,TTT.-....,3,3,0
913496026909199|80001|2,TTTT,TTTT,TTTT-TTTT,4,4,0
913499430619303|83001|1,TUTT,....,TUTT-....,4,3,2
913675072909266|80001|2,TTTT,TTTT,TTTT-TTTT,4,4,0
913769350397203|80001|1,TTTT,.T.E,TTTT-.T.E,4,4,0
914024633449500|80001|2,TNTT,TTTT,TNTT-TTTT,4,3,2
914024833389500|80001|2,T...,TTTT,T...-TTTT,1,1,0
914024933339500|82001|1,TTTT,TT..,TTTT-TT..,4,4,0
914024933339500|82001|3,TTT.,....,TTT.-....,3,3,0
914025033129500|81001|1,TTTT,TTTT,TTTT-TTTT,4,4,0
914025233119500|82001|2,EENT,EEEE,EENT-EEEE,4,1,2
914025733138500|83001|1,TTTT,....,TTTT-....,4,4,0
914036866069010|83001|2,TTT.,....,TTT.-....,3,3,0
914039832149690|80001|1,T.EE,....,T.EE-....,3,1,1
914039932379690|80001|2,TTTT,TTTT,TTTT-TTTT,4,4,0
914056448239190|82001|2,TTTT,EE..,TTTT-EE..,4,4,0
914056930379010|80001|3,TTTT,.T.N,TTTT-.T.N,4,4,0
914079098909794|82001|2,TTTT,....,TTTT-....,4,4,0
914089945259180|82001|1,TTTT,....,TTTT-....,4,4,0
914098759200622|82001|2,TTTT,TTTT,TTTT-TTTT,4,4,0
915011904559860|80001|2,ETTT,TTTT,ETTT-TTTT,4,3,1
915012828489230|80001|2,TTTT,TT.T,TTTT-TT.T,4,4,0
915012828489230|83001|1,T...,....,T...-....,1,1,0
915027926179540|80001|2,TTTT,TTTT,TTTT-TTTT,4,4,0
915028648429310|81001|2,NTNN,NNNE,NTNN-NNNE,4,1,2
915029710429207|80001|1,TTTT,TTTT,TTTT-TTTT,4,4,0
915049967139280|83001|1,TTTT,....,TTTT-....,4,4,0
915419810029100|81001|3,TTTT,....,TTTT-....,4,4,0
915459770749307|81001|1,TTTT,EEEE,TTTT-EEEE,4,4,0
916046174289940|79001|2,TTTT,TTTT,TTTT-TTTT,4,4,0
916054995379640|82001|2,TTTT,....,TTTT-....,4,4,0
916092855489680|80001|2,TTTT,TTTT,TTTT-TTTT,4,4,0
916179530149508|81001|1,TTTT,TTTT,TTTT-TTTT,4,4,0
916239910846509|80001|2,TTTT,TTTT,TTTT-TTTT,4,4,0
916299230769403|80001|2,TTTT,TTNN,TTTT-TTNN,4,4,0
916419850029000|80001|2,TTTT,TTTT,TTTT-TTTT,4,4,0
916429550717407|82001|1,TTTT,....,TTTT-....,4,4,0
916459830679204|80001|2,TTTT,TTTE,TTTT-TTTE,4,4,0
916459830679204|82001|2,TTTT,....,TTTT-....,4,4,0
916497619100694|83001|1,ENET,....,ENET-....,4,1,3
916569170579405|79001|2,NTTT,TTTT,NTTT-TTTT,4,3,1
916649010139006|80001|1,TTTU,EEEE,TTTU-EEEE,4,3,1
916905572991203|83011|2,T...,....,T...-....,1,1,0
917032946139590|80001|2,ETTT,TTTT,ETTT-TTTT,4,3,1
917032946139590|81001|2,TTTT,TTTT,TTTT-TTTT,4,4,0
917046918539510|83001|1,TTTT,....,TTTT-....,4,4,0
917046918539510|83001|2,TTTT,....,TTTT-....,4,4,0
917049370789309|81001|2,TTTT,....,TTTT-....,4,4,0
917052992179850|83001|1,T...,....,T...-....,1,1,0
917073960159970|80001|1,TTTT,TTTT,TTTT-TTTT,4,4,0
917469310667202|83001|1,TTTT,....,TTTT-....,4,4,0
917519010569300|80001|1,TTTT,TTTT,TTTT-TTTT,4,4,0
917589470609102|79001|1,TTTT,EEEE,TTTT-EEEE,4,4,0
917729270489202|79001|2,TTTT,TTTT,TTTT-TTTT,4,4,0
917869410449201|81001|1,TTTT,..EE,TTTT-..EE,4,4,0
918009971139270|80001|2,T.ET,EE..,T.ET-EE..,3,2,2
918042970479310|83001|1,TT..,....,TT..-....,2,2,0
918042972479760|83001|3,TT..,....,TT..-....,2,2,0
918044872369760|80001|2,TTTT,NTNT,TTTT-NTNT,4,4,0
918046970579310|81001|1,TTTT,TTTT,TTTT-TTTT,4,4,0
918046997279730|83001|2,TT..,....,TT..-....,2,2,0
918047970379310|82001|1,TTTT,....,TTTT-....,4,4,0
918048772379760|82001|2,TTTT,....,TTTT-....,4,4,0
918061955559310|83001|1,ET..,....,ET..-....,2,1,1
918066055029310|80001|1,TTTN,....,TTTN-....,4,3,1
918066855369310|80001|1,TNNN,NNNN,TNNN-NNNN,4,1,1
918289050877000|83001|1,TTTT,....,TTTT-....,4,4,0
918519010569100|80001|2,TTTT,EEEE,TTTT-EEEE,4,4,0
918569110579305|80001|2,TTTT,TTTT,TTTT-TTTT,4,4,0
918819870579401|80001|1,TTTT,TTTT,TTTT-TTTT,4,4,0
918819870579401|82001|2,T.EE,....,T.EE-....,3,1,1
918849410879402|80001|1,TTTT,TTTT,TTTT-TTTT,4,4,0
918869410449001|82001|2,EUTT,EEEE,EUTT-EEEE,4,2,2
918949770069400|83001|2,TT..,....,TT..-....,2,2,0
919014866389430|79001|1,TTTT,EEEE,TTTT-EEEE,4,4,0
919032988259450|82001|1,TTTT,....,TTTT-....,4,4,0
919032988259450|82001|2,TTTT,....,TTTT-....,4,4,0
919035588249450|82001|1,T.EE,....,T.EE-....,3,1,1
919039988379450|79001|1,ETTT,TTTE,ETTT-TTTE,4,3,1
919059110547109|80001|2,TTTT,TTTT,TTTT-TTTT,4,4,0
919059130549109|80001|1,NTTT,T.EE,NTTT-T.EE,4,3,1
919076977079650|81001|1,TTT.,....,TTT.-....,3,3,0
919077877169650|81001|2,TTTT,TTTT,TTTT-TTTT,4,4,0
919077977259650|82001|1,TTTT,....,TTTT-....,4,4,0
919077977259650|82001|2,TTTT,....,TTTT-....,4,4,0
919090077600518|83001|3,TTTT,....,TTTT-....,4,4,0
919094885329620|82001|1,TTT.,EEE.,TTT.-EEE.,3,3,0
919095885169620|82001|2,TTTT,....,TTTT-....,4,4,0
919309270779309|81001|2,TTTT,TTTT,TTTT-TTTT,4,4,0
919393999900891|81001|3,TNEE,.NNT,TNEE-.NNT,4,1,2
919494409800872|80001|4,TTTT,TTTT,TTTT-TTTT,4,4,0
919499410619403|83001|1,TTN.,....,TTN.-....,3,2,1
919829530549303|80001|2,TTTT,TTTT,TTTT-TTTT,4,4,0
920016813369930|80001|2,TT.T,TTTT,TT.T-TTTT,3,3,0
920017713319930|82001|1,TTTT,EE.E,TTTT-EE.E,4,4,0
920019430579103|81001|2,TTTT,TTTT,TTTT-TTTT,4,4,0
920019430579103|82001|1,TTTT,TT..,TTTT-TT..,4,4,0
920052825169160|81001|2,TTTT,TTTT,TTTT-TTTT,4,4,0
920053925539160|81001|2,TTTT,TTTT,TTTT-TTTT,4,4,0
920064926379300|82001|2,TTTT,....,TTTT-....,4,4,0
920066526329300|80001|2,TTTT,TTTT,TTTT-TTTT,4,4,0
920068626449300|83001|3,TTTT,....,TTTT-....,4,4,0
920096799359460|83001|2,TTTT,....,TTTT-....,4,4,0
920177009522620|81001|2,TEEN,....,TEEN-....,4,1,2
920199149500236|82001|2,TETT,TTT.,TETT-TTT.,4,3,2
920269149300936|83001|2,TTTT,....,TTTT-....,4,4,0
920291589300993|82001|1,TTTT,....,TTTT-....,4,4,0
920291589400793|82001|1,TNTT,EEE.,TNTT-EEE.,4,3,2
920297129200962|82001|1,TTTT,NNT.,TTTT-NNT.,4,4,0
920318077016538|79001|1,TTTT,EE..,TTTT-EE..,4,4,0
920459870717207|79001|2,TT..,TTTT,TT..-TTTT,2,2,0
920529370367209|80001|1,TTTT,TTTT,TTTT-TTTT,4,4,0
920529370367209|80001|2,TTTT,TTTT,TTTT-TTTT,4,4,0
920536038904996|79001|2,TTNN,NNNN,TTNN-NNNN,4,2,1
920709510126503|82001|1,TTTT,TTTT,TTTT-TTTT,4,4,0
920709510126503|83001|2,TTTT,....,TTTT-....,4,4,0
920813098048539|82001|1,TTTT,....,TTTT-....,4,4,0
920898077006539|81001|1,T.TT,TTTT,T.TT-TTTT,3,3,0
920913054921379|80001|1,TTEE,....,TTEE-....,4,2,1
920918097011539|81001|2,TTTT,T...,TTTT-T...,4,4,0
920938067022534|82001|2,EEET,EEE.,EEET-EEE.,4,1,1
920950096327409|79001|2,T...,....,T...-....,1,1,0
920958067013539|81001|4,TTTT,TT..,TTTT-TT..,4,4,0
920958097021539|83001|1,TTTT,....,TTTT-....,4,4,0
920960066358404|82001|2,TTTT,....,TTTT-....,4,4,0
920979030759303|83001|1,T.TT,....,T.TT-....,3,3,0
920979030759303|83001|2,T.TT,....,T.TT-....,3,3,0
920998077001539|81001|1,TTTT,TTTT,TTTT-TTTT,4,4,0
921001941359350|82001|2,TTTT,....,TTTT-....,4,4,0
921002911459290|83001|1,TUU.,....,TUU.-....,3,1,1
921005941459350|80001|2,TTT.,TTTT,TTT.-TTTT,3,3,0
921018956439900|82001|1,TTTT,T...,TTTT-T...,4,4,0
921026894389200|82001|1,EE.T,....,EE.T-....,3,1,1
921026994479200|83001|1,TE..,....,TE..-....,2,1,1
921028494439200|81001|2,TTEE,EEEE,TTEE-EEEE,4,2,1
921034815349960|82001|1,TTTT,E...,TTTT-E...,4,4,0
921069895389790|81001|1,TTTT,EETT,TTTT-EETT,4,4,0
921069995479790|79001|2,TTTT,TTTE,TTTT-TTTE,4,4,0
921079960379970|82001|1,NTN.,....,NTN.-....,3,1,2
921209170166203|81001|3,TTTT,TTTT,TTTT-TTTT,4,4,0
921214047906294|82001|1,TTTT,....,TTTT-....,4,4,0
921249050589002|82001|2,TTTT,....,TTTT-....,4,4,0
921295349500988|80001|1,TTNN,....,TTNN-....,4,2,1
921296749700974|87001|1,T...,....,T...-....,1,1,0
921372968200758|87001|2,T...,....,T...-....,1,1,0
921392969200258|80001|1,TTTT,EEEE,TTTT-EEEE,4,4,0
921392969200258|82001|2,TTTT,TTT.,TTTT-TTT.,4,4,0
921393149000966|80001|2,TNNN,NNNN,TNNN-NNNN,4,1,1
921393149000966|81001|2,TTTT,....,TTTT-....,4,4,0
921429008909092|80001|1,TTTT,TTTT,TTTT-TTTT,4,4,0
921739540056210|82001|1,TTTT,T...,TTTT-T...,4,4,0
921739540056210|82001|2,TTTT,T...,TTTT-T...,4,4,0
921739540056210|83001|1,TTTT,....,TTTT-....,4,4,0
921805056907396|82001|1,TEEE,....,TEEE-....,4,1,1
921819310956200|80001|1,TTTT,TTTT,TTTT-TTTT,4,4,0
922016389056430|81001|3,ETUE,EEEE,ETUE-EEEE,4,1,3
922016389056430|83001|1,TTTT,....,TTTT-....,4,4,0
922016389056430|83001|2,NNNT,....,NNNT-....,4,1,1
922031966079490|81001|1,NTNT,ETTT,NTNT-ETTT,4,2,3
922031966079490|83001|2,TT..,....,TT..-....,2,2,0
922032750379490|79001|1,TTTT,TTTT,TTTT-TTTT,4,4,0
922032750379490|79001|2,TTTT,....,TTTT-....,4,4,0
922032859189890|83001|1,T...,....,T...-....,1,1,0
922034650269490|80001|2,TTTT,EEEE,TTTT-EEEE,4,4,0
922035050189490|83001|5,T...,....,T...-....,1,1,0
922035250179490|83001|2,TT..,....,TT..-....,2,2,0
922089675429600|80001|1,TTTT,TTTT,TTTT-TTTT,4,4,0
922109940386205|80001|1,NNTT,TTTT,NNTT-TTTT,4,2,1
922197119200997|83001|1,TTUT,....,TTUT-....,4,3,2
922208098909790|83001|2,T...,....,T...-....,1,1,0
922309510369403|80001|2,TTTT,TTTT,TTTT-TTTT,4,4,0
922519070099209|82001|1,TTTT,....,TTTT-....,4,4,0
922590419100949|87001|1,T...,....,T...-....,1,1,0
922899630199405|80001|1,TTTT,..EE,TTTT-..EE,4,4,0
922899630199405|82001|1,TTTT,TT..,TTTT-TT..,4,4,0
922979050759403|83001|1,TTTT,....,TTTT-....,4,4,0
923059945139270|80001|1,TTTT,TTTT,TTTT-TTTT,4,4,0
923064924259700|83001|2,TTTT,....,TTTT-....,4,4,0
923066824529700|81001|2,TTTT,ETTT,TTTT-ETTT,4,4,0
923066824529700|87001|1,T...,....,T...-....,1,1,0
923076952358120|82001|1,UUET,....,UUET-....,4,1,2
923092895489340|83001|1,T...,....,T...-....,1,1,0
923109820301185|83001|1,EENT,....,EENT-....,4,1,2
923173062907373|83001|2,TTTT,....,TTTT-....,4,4,0
923173064907393|82001|1,TTTT,T...,TTTT-T...,4,4,0
923173064907393|82001|2,TTTT,T...,TTTT-T...,4,4,0
923184360536203|82001|1,TTTT,....,TTTT-....,4,4,0
923209130219101|82001|1,TTTT,....,TTTT-....,4,4,0
923497849800932|83001|1,TTTT,....,TTTT-....,4,4,0
923894660196205|80001|1,EUTT,TTTT,EUTT-TTTT,4,2,2
924007894169260|83001|2,TTT.,....,TTT.-....,3,3,0
924012957479270|79001|1,TTTT,TTTT,TTTT-TTTT,4,4,0
924012957479270|81001|2,TTTT,TTTT,TTTT-TTTT,4,4,0
924013857569270|82001|2,TNNT,....,TNNT-....,4,2,2
924017957379270|79001|1,TTTT,TTTT,TTTT-TTTT,4,4,0
924019470579403|83001|2,TT..,....,TT..-....,2,2,0
924038927439620|81001|2,TTTT,TTTT,TTTT-TTTT,4,4,0
924038927439620|82001|2,TTTT,T...,TTTT-T...,4,4,0
924092814169420|82001|1,TTTT,....,TTTT-....,4,4,0
924229850479509|82001|4,TTTT,....,TTTT-....,4,4,0
924285091903196|81001|1,TTTT,TTTU,TTTT-TTTU,4,4,0
924519050099209|83001|4,TTTT,....,TTTT-....,4,4,0
924589650369505|81001|1,TTTT,TTTT,TTTT-TTTT,4,4,0
924589650369505|81001|2,TTTN,TTTN,TTTN-TTTN,4,3,1
924683097908099|83001|2,TT..,....,TT..-....,2,2,0
924819065908797|82001|2,TUUU,....,TUUU-....,4,1,1
925016871269700|79001|2,TTT.,....,TTT.-....,3,3,0
925019430576303|81001|2,TTTT,....,TTTT-....,4,4,0
925019430579003|80001|1,TETT,TTTT,TETT-TTTT,4,3,2
925020730439410|81001|1,TEEE,....,TEEE-....,4,1,1
925021755159470|83001|2,TTTT,....,TTTT-....,4,4,0
925023918179600|82001|1,TT..,....,TT..-....,2,2,0
925024955359470|82001|2,TTTT,....,TTTT-....,4,4,0
925025955059470|83001|1,TTTT,....,TTTT-....,4,4,0
925026045029560|81001|1,TTTT,UT.U,TTTT-UT.U,4,4,0
925026918339600|81001|1,ETNE,EEEE,ETNE-EEEE,4,1,3
925027930259410|80001|1,TUEE,....,TUEE-....,4,1,2
925027930259410|82001|1,TTTT,....,TTTT-....,4,4,0
925027930259410|82001|2,TNUT,....,TNUT-....,4,2,3
925028918079600|79001|2,TNTT,NN..,TNTT-NN..,4,3,2
925038917239640|80001|1,EETT,TTTT,EETT-TTTT,4,2,1
925054999379250|81001|2,T...,....,T...-....,1,1,0
925059999279250|83001|1,TT..,....,TT..-....,2,2,0
925061930559010|82001|2,TT..,....,TT..-....,2,2,0
925066807349830|81001|1,TTTT,TTTT,TTTT-TTTT,4,4,0
925379640256004|81001|2,TTTT,TTTT,TTTT-TTTT,4,4,0
925899650199205|83001|1,TTT.,....,TTT.-....,3,3,0
925899870559207|80001|2,TTTT,TTTT,TTTT-TTTT,4,4,0
926006742019180|80001|1,TTTT,TTTT,TTTT-TTTT,4,4,0
926009945379780|79001|2,TTTT,TTTT,TTTT-TTTT,4,4,0
926029570496406|79001|2,TTTT,....,TTTT-....,4,4,0
926051876569180|81001|2,T...,....,T...-....,1,1,0
926058442479650|82001|2,TTTT,....,TTTT-....,4,4,0
926109930389205|82001|2,TTTT,TT..,TTTT-TT..,4,4,0
926149410299204|82001|2,TTTT,TTTT,TTTT-TTTT,4,4,0
926199850609302|80001|2,TTTT,TTTT,TTTT-TTTT,4,4,0
926199850609302|82001|1,TTTT,....,TTTT-....,4,4,0
926259670639300|80001|2,TTTT,TTTT,TTTT-TTTT,4,4,0
926296259500777|83001|1,TT..,....,TT..-....,2,2,0
926389210899505|80001|2,TTTT,TTTT,TTTT-TTTT,4,4,0
926396259400977|80001|1,TTTT,TTTT,TTTT-TTTT,4,4,0
926396259400977|82001|1,TTTT,TTT.,TTTT-TTT.,4,4,0
926419810416507|82001|2,ETTT,EE.E,ETTT-EE.E,4,3,1
926499969800938|80001|3,TTET,....,TTET-....,4,3,2
926578559000796|80001|1,TTNU,EEEE,TTNU-EEEE,4,2,2
926591149300934|80001|1,TTTU,....,TTTU-....,4,3,1
926659210079404|82001|1,TTTT,TTTT,TTTT-TTTT,4,4,0
926659270079104|82001|4,NTTT,....,NTTT-....,4,3,1
926769630536204|81001|2,TTTT,TTTT,TTTT-TTTT,4,4,0
926769830949204|82001|2,TTTT,TT..,TTTT-TT..,4,4,0
926769870949304|83001|2,TT..,....,TT..-....,2,2,0
926869570869204|80001|2,TTUT,TNTT,TTUT-TNTT,4,3,2
926869570869204|81001|2,TTTT,.EEE,TTTT-.EEE,4,4,0
926889150399403|82001|2,TTTT,....,TTTT-....,4,4,0
926889230409205|80001|2,TUUT,.NUT,TUUT-.NUT,4,2,2
927062818469680|81001|1,TTT.,TTEN,TTT.-TTEN,3,3,0
927075908539480|83001|2,NTTT,....,NTTT-....,4,3,1
927079708079480|81001|1,TTTT,TTTT,TTTT-TTTT,4,4,0
927079708079480|81001|2,TTTE,TTTT,TTTE-TTTT,4,3,1
927195599300907|81001|2,TTTT,....,TTTT-....,4,4,0
927369870789301|80001|1,TTTT,....,TTTT-....,4,4,0
927369870789301|81001|2,NUUT,....,NUUT-....,4,1,2
927492909700980|83001|1,T.TT,....,T.TT-....,3,3,0
927492909700980|83001|2,E.TT,....,E.TT-....,3,2,1
927579070369303|81001|2,UTTT,UTTT,UTTT-UTTT,4,3,1
927589630369305|83001|1,TNTT,....,TNTT-....,4,3,2
927989750219304|83001|1,TTTT,....,TTTT-....,4,4,0
928027980159060|82001|2,TTTT,....,TTTT-....,4,4,0
928058989439380|81001|2,TTTT,NNNN,TTTT-NNNN,4,4,0
928058989439380|83001|1,TTTT,....,TTTT-....,4,4,0
928076804069030|83001|1,TTT.,....,TTT.-....,3,3,0
928085839549500|80001|1,TUTT,TTTT,TUTT-TTTT,4,3,2
928109370479002|83001|1,TT..,....,TT..-....,2,2,0
928219270629403|79001|1,TT..,....,TT..-....,2,2,0
928219270629403|83001|1,TT..,....,TT..-....,2,2,0
928495209800942|81001|2,TTTT,EEEN,TTTT-EEEN,4,4,0
928495209800942|82001|2,NNTT,TTT.,NNTT-TTT.,4,2,1
928519070096209|79001|1,TTTT,TTTT,TTTT-TTTT,4,4,0
928669530896416|83001|1,TTTT,....,TTTT-....,4,4,0
928709530129103|82001|1,TTTT,TT..,TTTT-TT..,4,4,0
928769610536204|82001|1,TTTT,....,TTTT-....,4,4,0
929015979239170|80001|1,TTNT,TTTT,TTNT-TTTT,4,3,2
929015979239170|83001|1,T.NT,....,T.NT-....,3,2,2
929056930339440|81001|1,TTTT,TTTT,TTTT-TTTT,4,4,0
929081922559760|80001|1,TTTT,TTTT,TTTT-TTTT,4,4,0
929096630249090|80001|2,TTTT,TT..,TTTT-TT..,4,4,0
929096630249090|83001|2,TTTT,....,TTTT-....,4,4,0
929149470299304|80001|1,TTTT,T...,TTTT-T...,4,4,0
929189350537003|81001|1,UTTT,EEEE,UTTT-EEEE,4,3,1
929209770177106|81001|1,TTTT,TTTT,TTTT-TTTT,4,4,0
929229970329301|81001|1,UUUT,UUUT,UUUT-UUUT,4,1,1
929459810716307|81001|2,TEEE,TTTT,TEEE-TTTT,4,1,1
929499759800771|80001|1,TTTT,....,TTTT-....,4,4,0
929809730729109|82001|1,TTTT,EE..,TTTT-EE..,4,4,0
929809730729109|83001|2,TTT.,....,TTT.-....,3,3,0
929899870559407|81001|1,TTTT,TTTT,TTTT-TTTT,4,4,0
929899870559407|81001|2,TTTT,TTTT,TTTT-TTTT,4,4,0
930011947539400|81001|2,TEET,....,TEET-....,4,2,2
930024072034529|81001|1,TEE.,....,TEE.-....,3,1,1
930037944239630|82001|2,TTTT,....,TTTT-....,4,4,0
930045801589780|81001|2,TTTT,TTTT,TTTT-TTTT,4,4,0
930062633149520|82001|1,TTTT,T...,TTTT-T...,4,4,0
930074941038630|80001|3,TTTT,NNN.,TTTT-NNN.,4,4,0
930074941279630|81001|2,TTTT,TTNT,TTTT-TTNT,4,4,0
930082815429920|80001|1,TTTT,TTTT,TTTT-TTTT,4,4,0
930087935139100|82001|3,TTTT,....,TTTT-....,4,4,0
930089935259100|80001|1,TTT.,TTTT,TTT.-TTTT,3,3,0
930091589800893|81001|2,TTTT,TTTT,TTTT-TTTT,4,4,0
930099019600310|81001|2,TTTT,TTTT,TTTT-TTTT,4,4,0
930168002902520|83001|1,TT..,....,TT..-....,2,2,0
930197129200862|82001|3,TTTT,TT..,TTTT-TT..,4,4,0
930199149500036|80001|2,UTT.,NNNN,UTT.-NNNN,3,2,1
930302260600132|80001|3,TTTT,TTTT,TTTT-TTTT,4,4,0
930324002038520|81001|1,TNNT,.EEE,TNNT-.EEE,4,2,2
930491619200893|80001|3,TTTT,...N,TTTT-...N,4,4,0
930491619200893|80001|4,UUTU,...N,UUTU-...N,4,1,2
930504092016529|80001|3,TTTT,TTTT,TTTT-TTTT,4,4,0
930704092015529|83001|2,TTTT,....,TTTT-....,4,4,0
930744092035529|80001|2,NT..,....,NT..-....,2,1,1
930744092035529|81001|1,TTNT,TTTT,TTNT-TTTT,4,3,2
930754072013529|83001|3,TTT.,....,TTT.-....,3,3,0
930836090312519|83001|1,EEET,....,EEET-....,4,1,1
930889770859408|83001|1,TT..,....,TT..-....,2,2,0
930894065438829|83001|1,T...,....,T...-....,1,1,0
930964095401829|80001|1,TNNN,NNNN,TNNN-NNNN,4,1,1
930968092937529|80001|1,TTTT,TTTT,TTTT-TTTT,4,4,0
930975097617419|80001|1,TTTT,TTTT,TTTT-TTTT,4,4,0
930979830769401|81001|1,TTTT,....,TTTT-....,4,4,0
930984092011529|82001|1,TTTT,TTTT,TTTT-TTTT,4,4,0
930986070333519|82001|2,TTTT,TT..,TTTT-TT..,4,4,0
931003701359600|83001|2,TTTT,....,TTTT-....,4,4,0
931031591189580|79001|1,TTTT,...E,TTTT-...E,4,4,0
931031991157580|82001|1,TTT.,....,TTT.-....,3,3,0
931032991159580|83001|3,TTTT,....,TTTT-....,4,4,0
931035991079580|79001|2,TTTT,TTTT,TTTT-TTTT,4,4,0
931039891049580|81001|2,TEEE,TTTT,TEEE-TTTT,4,1,1
931044941379860|83001|1,TT..,....,TT..-....,2,2,0
931044941379860|83001|2,TT..,....,TT..-....,2,2,0
931090689200815|81001|1,TTTT,TTTT,TTTT-TTTT,4,4,0
931139050579406|83001|1,ETTT,....,ETTT-....,4,3,1
931192969000658|80001|1,TTTT,.TTT,TTTT-.TTT,4,4,0
931192969000658|83001|1,TTTT,....,TTTT-....,4,4,0
931362044909799|83001|1,TEEE,....,TEEE-....,4,1,1
931395349900888|80001|2,ENUT,TTT.,ENUT-TTT.,4,1,3
931428086909395|82001|1,TTTT,....,TTTT-....,4,4,0
931460038909595|80001|1,TTTT,TTTT,TTTT-TTTT,4,4,0
931493096909295|83001|1,TTT.,....,TTT.-....,3,3,0
931529110819000|82001|2,TTTT,TTTT,TTTT-TTTT,4,4,0
931619670059505|82001|2,TTEE,....,TTEE-....,4,2,1
931805057001306|80001|2,TTTT,TTTT,TTTT-TTTT,4,4,0
931847056909096|79001|1,TTTT,TTTT,TTTT-TTTT,4,4,0
931847056909096|82001|1,TTTT,....,TTTT-....,4,4,0
931855068909196|81001|2,TTTT,NNNN,TTTT-NNNN,4,4,0
932002871129240|81001|1,TTTT,TTTT,TTTT-TTTT,4,4,0
932006936079580|81001|1,TNNT,.TTT,TNNT-.TTT,4,2,2
932017995179430|82001|1,T.TT,....,T.TT-....,3,3,0
932021821369920|82001|1,TTTT,....,TTTT-....,4,4,0
932022754279480|82001|2,TTTT,....,TTTT-....,4,4,0
932259230119408|83001|1,TTTT,....,TTTT-....,4,4,0
932299279600356|80001|2,TTTT,ETTT,TTTT-ETTT,4,4,0
932309710909409|81001|1,TTTT,EEEE,TTTT-EEEE,4,4,0
932619630059205|80001|2,TTTT,NNNE,TTTT-NNNE,4,4,0
932959470329203|83001|1,TT..,....,TT..-....,2,2,0
933024981359930|82001|2,TTTT,....,TTTT-....,4,4,0
933025881589930|81001|1,TTTT,EEEE,TTTT-EEEE,4,4,0
933044795319380|82001|2,TTT.,....,TTT.-....,3,3,0
933068822449900|80001|1,NNNT,TTTT,NNNT-TTTT,4,1,1
933071940379410|83001|1,TT..,....,TT..-....,2,2,0
933071940379410|83001|2,TT..,....,TT..-....,2,2,0
933078940259410|80001|2,ETTT,EEEE,ETTT-EEEE,4,3,1
933078940259410|82001|1,TTTT,....,TTTT-....,4,4,0
933095938059240|80001|1,TTTT,.T..,TTTT-.T..,4,4,0
933095938059240|80001|2,TETT,.T..,TETT-.T..,4,3,2
933095938059240|83001|1,TTTT,....,TTTT-....,4,4,0
933529150817300|81001|1,TTTN,NNNN,TTTN-NNNN,4,3,1
934021991379180|83001|2,TT..,....,TT..-....,2,2,0
934022991179180|79001|2,TTTT,TTTT,TTTT-TTTT,4,4,0
934026791339180|81001|1,TT..,....,TT..-....,2,2,0
934028103469670|83001|2,TTT.,....,TTT.-....,3,3,0
934040927439370|83001|1,TTTT,....,TTTT-....,4,4,0
934042927179370|80001|1,TTTT,TTTT,TTTT-TTTT,4,4,0
934045927339370|82001|2,TTTT,TT..,TTTT-TT..,4,4,0
934047027169370|83001|2,ETE.,....,ETE.-....,3,1,2
934052618469340|82001|1,TTTT,....,TTTT-....,4,4,0
934054818349340|80001|1,TTTT,TTTT,TTTT-TTTT,4,4,0
934056979359480|83001|1,NNTE,....,NNTE-....,4,1,2
934058979439480|82001|2,TTTT,TT..,TTTT-TT..,4,4,0
934066780359500|82001|2,TEEE,....,TEEE-....,4,1,1
934839950329301|83001|1,TTTT,....,TTTT-....,4,4,0
935022993279430|82001|3,TTTT,....,TTTT-....,4,4,0
935023193549430|81001|2,TTTT,.TTT,TTTT-.TTT,4,4,0
935024993259430|80001|2,ETTN,EEEE,ETTN-EEEE,4,2,2
935034844289350|82001|2,TTTT,....,TTTT-....,4,4,0
935037144188350|80001|2,TTTT,TTTT,TTTT-TTTT,4,4,0
935066890229380|81001|1,NTTT,NNNN,NTTT-NNNN,4,3,1
935068105489870|82001|2,TTTU,....,TTTU-....,4,3,1
935086961339750|81001|2,TTTT,EEEE,TTTT-EEEE,4,4,0
935292589500878|80001|2,TTTT,....,TTTT-....,4,4,0
935297039500815|80001|1,TTTT,TTTT,TTTT-TTTT,4,4,0
935649950799302|82001|3,NNTT,....,NNTT-....,4,2,1
935649980796002|80001|1,TTTT,TTTT,TTTT-TTTT,4,4,0
936005941239910|83001|4,TTTT,....,TTTT-....,4,4,0
936008841069910|79001|2,TTTT,EEEE,TTTT-EEEE,4,4,0
936023932159940|83001|1,TTTT,....,TTTT-....,4,4,0
936028532129940|82001|1,TTTT,TTT.,TTTT-TTT.,4,4,0
936028732119940|81001|2,TTTT,....,TTTT-....,4,4,0
936051988579840|83001|2,TT..,....,TT..-....,2,2,0
936079330449008|81001|1,TTTT,TTTT,TTTT-TTTT,4,4,0
936082943279070|80001|2,TTTT,TTTT,TTTT-TTTT,4,4,0
936086943379070|80001|2,TTTT,TTTT,TTTT-TTTT,4,4,0
936086943379070|81001|1,TTTT,TTTT,TTTT-TTTT,4,4,0
936091973539310|80001|1,TTTT,TTTT,TTTT-TTTT,4,4,0
936091973539310|80001|2,TTTN,EEEE,TTTN-EEEE,4,3,1
936094873229310|83001|3,EEUT,....,EEUT-....,4,1,2
936094873229310|83001|4,TTUE,....,TTUE-....,4,2,2
936097373169310|83001|1,TTT.,....,TTT.-....,3,3,0
936097473158310|82001|1,TTTT,....,TTTT-....,4,4,0
936103350200140|82001|1,TT.T,TT..,TT.T-TT..,3,3,0
936399969900638|82001|2,TTTT,TT..,TTTT-TT..,4,4,0
936478559400896|80001|1,TTTT,TTTT,TTTT-TTTT,4,4,0
936478559400896|82001|3,EEET,NE..,EEET-NE..,4,1,1
936699450119306|80001|2,TTTT,TTTT,TTTT-TTTT,4,4,0
936699470117506|79001|1,TTTT,TTTT,TTTT-TTTT,4,4,0
936989770149207|83001|1,NT..,....,NT..-....,2,1,1
937002824089990|79001|1,TTTT,TTTT,TTTT-TTTT,4,4,0
937016414379120|81001|3,TTTT,NNNN,TTTT-NNNN,4,4,0
937016614369120|81001|1,TTTT,.T.U,TTTT-.T.U,4,4,0
937016814029120|82001|2,TTTT,T...,TTTT-T...,4,4,0
937021837469860|81001|1,TTTT,TTTT,TTTT-TTTT,4,4,0
937021837469860|81001|2,TTTT,TTTT,TTTT-TTTT,4,4,0
937026950159890|81001|1,UTTT,....,UTTT-....,4,3,1
937027957159360|81001|1,TTTT,TTTT,TTTT-TTTT,4,4,0
937029950039890|82001|2,TTTT,....,TTTT-....,4,4,0
937029957239360|80001|3,TTTT,....,TTTT-....,4,4,0
937054867529470|83001|2,TTTT,....,TTTT-....,4,4,0
937055882549900|81001|1,TTTT,TTTT,TTTT-TTTT,4,4,0
937055882549900|82001|1,TTTT,T...,TTTT-T...,4,4,0
937066853489020|82001|2,TTTT,....,TTTT-....,4,4,0
937067953379020|80001|2,TTTT,TTTT,TTTT-TTTT,4,4,0
937088956179600|81001|2,TTTT,TTTT,TTTT-TTTT,4,4,0
937091951259470|82001|2,TTTT,....,TTTT-....,4,4,0
937091951259470|83001|1,TTTT,....,TTTT-....,4,4,0
937095661269710|79001|1,TTTT,.EEE,TTTT-.EEE,4,4,0
937095661269710|83001|2,TTT.,....,TTT.-....,3,3,0
937309710909309|80001|2,TTTT,EENE,TTTT-EENE,4,4,0
937409630339204|82001|1,TTTT,TT..,TTTT-TT..,4,4,0
937409640336304|83001|2,TTTT,....,TTTT-....,4,4,0
937568479600943|83001|1,TTTT,....,TTTT-....,4,4,0
937679050929404|82001|2,TTTT,....,TTTT-....,4,4,0
937818550759109|81001|1,TTTT,....,TTTT-....,4,4,0
937909630986308|80001|2,TTTT,ENTT,TTTT-ENTT,4,4,0
938001919559370|81001|1,TTTT,TTTT,TTTT-TTTT,4,4,0
938028961459360|80001|1,TTTT,TTT.,TTTT-TTT.,4,4,0
938028961459360|83001|1,TTTT,....,TTTT-....,4,4,0
938056820249540|81001|5,TTTT,TTTT,TTTT-TTTT,4,4,0
938059920259540|81001|1,TTTT,....,TTTT-....,4,4,0
938069955459620|81001|1,TTTT,TT.E,TTTT-TT.E,4,4,0
938094931539170|81001|1,TTTT,....,TTTT-....,4,4,0
938098814489160|80001|1,TTTT,....,TTTT-....,4,4,0
938098914439165|80051|1,TTTT,....,TTTT-....,4,4,0
938129270489404|83001|2,TN..,....,TN..-....,2,1,1
938439570756409|80001|2,UTTT,TTTT,UTTT-TTTT,4,3,1
938439570756409|83001|1,TT..,....,TT..-....,2,2,0
938739650299406|83001|1,T..E,....,T..E-....,2,1,1
938869830599306|82001|1,TTTT,....,TTTT-....,4,4,0
938959070199407|83001|1,NT..,....,NT..-....,2,1,1
939000070600118|81001|1,TTTT,TTTT,TTTT-TTTT,4,4,0
939000070600118|83001|1,TTTT,....,TTTT-....,4,4,0
939068917059240|81001|1,TTTT,TT..,TTTT-TT..,4,4,0
939088758439290|83001|1,TTTT,....,TTTT-....,4,4,0
939099069200320|80001|1,TNTT,TTTT,TNTT-TTTT,4,3,2
939193999800891|82001|1,TTTT,TT..,TTTT-TT..,4,4,0
939193999800891|83001|2,TTTT,....,TTTT-....,4,4,0
939889910279101|81001|2,TTTT,TTTT,TTTT-TTTT,4,4,0
939889910279101|83001|1,TTEE,....,TTEE-....,4,2,1
940028884429160|80001|2,TNNN,..TT,TNNN-..TT,4,1,1
940071947179550|79001|3,TTT.,....,TTT.-....,3,3,0
940076547149550|83001|1,EE.T,....,EE.T-....,3,1,1
940076685349670|80001|3,T...,....,T...-....,1,1,0
940076812389320|82001|3,NNTT,....,NNTT-....,4,2,1
940076947079550|81001|1,NNNT,NTTN,NNNT-NTTN,4,1,1
940076985379670|79001|1,TTTT,TTTT,TTTT-TTTT,4,4,0
940078947059550|82001|2,TTTT,....,TTTT-....,4,4,0
940082939179660|79001|1,TTTT,TTTT,TTTT-TTTT,4,4,0
940099459600943|81001|2,TTTT,.EEE,TTTT-.EEE,4,4,0
940199230369207|81001|1,TTTT,.TTT,TTTT-.TTT,4,4,0
940199230369207|81001|2,TTTT,.TTT,TTTT-.TTT,4,4,0
940199459200743|83001|1,TETT,....,TETT-....,4,3,2
940309030646306|81001|1,TTTT,EEEE,TTTT-EEEE,4,4,0
940499149200236|80001|2,TTTT,TTTT,TTTT-TTTT,4,4,0
940629570849308|79001|2,TTTT,TTTT,TTTT-TTTT,4,4,0
940741090027619|79001|2,TTTT,NN.T,TTTT-NN.T,4,4,0
940804580996400|83001|2,T...,....,T...-....,1,1,0
940884130566502|83001|2,TNEE,....,TNEE-....,4,1,2
940929095107279|82001|1,TTTT,....,TTTT-....,4,4,0
941011775479050|79001|2,TTTT,TTTT,TTTT-TTTT,4,4,0
941012775279050|80001|1,NNTT,.NNN,NNTT-.NNN,4,2,1
941014847389820|82001|1,TTTT,....,TTTT-....,4,4,0
941017975359050|80001|3,EETT,TTTT,EETT-TTTT,4,2,1
941032970059810|81001|1,TTEE,EEEE,TTEE-EEEE,4,2,1
941032970059810|81001|2,TTTE,TTTT,TTTE-TTTT,4,3,1
941062350189690|80001|2,TTTT,TTTT,TTTT-TTTT,4,4,0
941075984379840|81001|1,TTTT,....,TTTT-....,4,4,0
941289510397208|83001|2,TTTT,....,TTTT-....,4,4,0
941864820356308|80001|2,TTTT,TTTT,TTTT-TTTT,4,4,0
941919310977508|80001|1,TTTU,UTTT,TTTU-UTTT,4,3,1
942026985259850|80001|2,TTTT,TTTT,TTTT-TTTT,4,4,0
942026985259850|82001|2,TTTT,....,TTTT-....,4,4,0
942059722359410|83001|2,TTTT,....,TTTT-....,4,4,0
942059859389990|82001|2,TTTT,....,TTTT-....,4,4,0
942067996479140|79001|2,EET.,....,EET.-....,3,1,1
942074399800964|81001|2,TTTN,NNTN,TTTN-NNTN,4,3,1
942074929559820|81001|2,TT..,....,TT..-....,2,2,0
942086759359850|82001|1,TTTT,....,TTTT-....,4,4,0
942087972279210|81001|2,TTTT,TTTT,TTTT-TTTT,4,4,0
942094706259520|82001|2,TTTT,....,TTTT-....,4,4,0
942149310359208|80001|1,TTTT,TTTE,TTTT-TTTE,4,4,0
942149310359208|81001|1,TTTT,TT.T,TTTT-TT.T,4,4,0
942149310359208|82001|1,TTNU,EETT,TTNU-EETT,4,2,2
942173066909393|80001|2,TNTT,TTTT,TNTT-TTTT,4,3,2
942173066909393|80001|3,T...,....,T...-....,1,1,0
942173066909393|83001|1,TTT.,....,TTT.-....,3,3,0
942285095409166|82001|2,TTT.,....,TTT.-....,3,3,0
942454070226000|80001|2,NTNN,NNNN,NTNN-NNNN,4,1,2
942589710969105|80001|1,TTNE,EEEE,TTNE-EEEE,4,2,2
942590829400924|83001|1,TTTN,....,TTTN-....,4,3,1
942665077908097|82001|1,TTTT,....,TTTT-....,4,4,0
942999230719104|81001|2,TTTT,TTTT,TTTT-TTTT,4,4,0
943054486239840|80001|2,TTTT,....,TTTT-....,4,4,0
943054486239840|81001|1,TTTT,T..T,TTTT-T..T,4,4,0
943057286119840|81001|3,TN..,....,TN..-....,2,1,1
943057786177840|79001|2,TTTT,TTTT,TTTT-TTTT,4,4,0
943058786039840|80001|2,TTTT,TTTU,TTTT-TTTU,4,4,0
943058786039840|80001|3,TTTT,TTTT,TTTT-TTTT,4,4,0
943079092907794|87001|2,T...,....,T...-....,1,1,0
943139150959305|82001|1,TTTT,....,TTTT-....,4,4,0
943139150959305|83001|3,TTTT,....,TTTT-....,4,4,0
943139550677302|83001|1,TTTT,....,TTTT-....,4,4,0
943194629900971|81001|1,TTTT,TTT.,TTTT-TTT.,4,4,0
943606077906695|79001|1,TTTT,TT.T,TTTT-TT.T,4,4,0
943606077906695|81001|1,TT.T,TTTT,TT.T-TTTT,3,3,0
943884160566202|80001|1,TNNN,....,TNNN-....,4,1,1
943884160566202|80001|2,TTTT,....,TTTT-....,4,4,0
944006633329760|87001|1,T...,....,T...-....,1,1,0
944006833028760|80001|1,TTTT,.TTT,TTTT-.TTT,4,4,0
944007962139460|81001|2,TTTT,TTTT,TTTT-TTTT,4,4,0
944042713359060|83001|1,TTTT,....,TTTT-....,4,4,0
944044513449060|82001|2,TTTT,T...,TTTT-T...,4,4,0
944044913379060|80001|3,TTTT,....,TTTT-....,4,4,0
944044913379060|82001|1,TTTT,....,TTTT-....,4,4,0
944045213159060|81001|2,TEEE,ETEE,TEEE-ETEE,4,1,1
944045513149060|80001|1,TTTT,TTTT,TTTT-TTTT,4,4,0
944048955439180|81001|2,TTTT,TTTT,TTTT-TTTT,4,4,0
944049413019060|81001|1,EETT,TTTT,EETT-TTTT,4,2,1
944049813049060|82001|2,TTTT,T...,TTTT-T...,4,4,0
944057983479140|83001|2,TT..,....,TT..-....,2,2,0
944075999579670|82001|2,TTTT,....,TTTT-....,4,4,0
944096971339790|80001|1,TTTT,TTTT,TTTT-TTTT,4,4,0
944098981479640|79001|1,TTNE,....,TTNE-....,4,2,2
944126061903670|81001|2,EETT,....,EETT-....,4,2,1
944126063903690|80001|3,TTT.,....,TTT.-....,3,3,0
944138150959005|83001|2,TTTT,....,TTTT-....,4,4,0
944239570779409|79001|3,TTTT,...E,TTTT-...E,4,4,0
944285095001116|81001|3,T...,....,T...-....,1,1,0
944285095001116|81001|4,T...,....,T...-....,1,1,0
944839850459206|83001|1,TTTT,....,TTTT-....,4,4,0
944889110569402|80001|1,TTTT,TTTT,TTTT-TTTT,4,4,0
945043837529280|81001|1,TTTT,TTTT,TTTT-TTTT,4,4,0
945046037389280|83001|2,T...,....,T...-....,1,1,0
945084767379340|81001|1,TTTT,TTTT,TTTT-TTTT,4,4,0
945093229600921|81001|2,TEEE,EEEE,TEEE-EEEE,4,1,1
945139130959305|82001|2,TTTT,TT..,TTTT-TT..,4,4,0
945139130959305|83001|1,TTTT,....,TTTT-....,4,4,0
945149370359208|83001|2,TT..,....,TT..-....,2,2,0
945239570779109|82001|2,TTTT,....,TTTT-....,4,4,0
945271769300967|81001|1,TTTT,....,TTTT-....,4,4,0
945329370856000|80001|2,TTTT,TTTT,TTTT-TTTT,4,4,0
945444620596509|87001|1,T...,....,T...-....,1,1,0
945673053908565|80001|1,TNEE,....,TNEE-....,4,1,2
945999910896004|80001|1,TTTT,TTTT,TTTT-TTTT,4,4,0
946045844449760|82001|2,TTTT,T...,TTTT-T...,4,4,0
946046281057410|83001|1,TTTT,....,TTTT-....,4,4,0
946046681087410|79001|1,TTTT,TTTT,TTTT-TTTT,4,4,0
946046681087410|79001|3,TTTT,TNNT,TTTT-TNNT,4,4,0
946046781037410|82001|1,TTTT,....,TTTT-....,4,4,0
946046781037410|82001|3,TTTT,EE..,TTTT-EE..,4,4,0
946047881269410|83001|1,T.T.,....,T.T.-....,2,2,0
946052622129460|83001|1,TTTT,....,TTTT-....,4,4,0
946056822029460|83001|1,TTTT,....,TTTT-....,4,4,0
946056822029460|87001|2,T...,....,T...-....,1,1,0
946078883469170|83001|2,TTT.,....,TTT.-....,3,3,0
946086470019740|82001|1,TTTT,....,TTTT-....,4,4,0
946239550779309|83001|1,EETT,....,EETT-....,4,2,1
946289570359400|79001|2,TTTT,ENNN,TTTT-ENNN,4,4,0
946309770849005|79001|2,TTTT,EEEE,TTTT-EEEE,4,4,0
946559850329204|83001|4,ET..,....,ET..-....,2,1,1
946579270189303|81001|1,TTTT,TTTT,TTTT-TTTT,4,4,0
946579270189303|81001|2,TTEE,EEEE,TTEE-EEEE,4,2,1
946589710969205|83001|2,TTTU,....,TTTU-....,4,3,1
946629510849308|81001|1,TTTT,TTTT,TTTT-TTTT,4,4,0
946629510849308|81001|2,TTTT,TTTT,TTTT-TTTT,4,4,0
946729270309001|83001|2,TT..,....,TT..-....,2,2,0
946729270589003|80001|2,TTTT,TTTT,TTTT-TTTT,4,4,0
946729270589003|82001|1,TTTT,....,TTTT-....,4,4,0
946749170216301|79001|3,TTNT,....,TTNT-....,4,3,2
946999270719304|80001|2,TNNN,TTTT,TNNN-TTTT,4,1,1
947012905039360|81001|2,TTTU,TTTT,TTTU-TTTT,4,3,1
947016898269250|83001|2,TTT.,....,TTT.-....,3,3,0
947019997339270|80001|1,TTTT,TTTT,TTTT-TTTT,4,4,0
947063738279390|83001|1,TT..,....,TT..-....,2,2,0
947063838229390|81001|1,TTTT,TTTT,TTTT-TTTT,4,4,0
947066938379390|83001|3,TT..,....,TT..-....,2,2,0
947068738039390|83001|2,NNT.,....,NNT.-....,3,1,1
947074655369700|82001|1,TTTT,....,TTTT-....,4,4,0
947076914059490|82001|1,TTTT,....,TTTT-....,4,4,0
947077814389490|83001|2,T...,....,T...-....,1,1,0
947080941239060|81001|1,TTTT,TTTT,TTTT-TTTT,4,4,0
947094129600949|81001|1,ET..,....,ET..-....,2,1,1
947239230439302|80001|1,TTTT,TTTT,TTTT-TTTT,4,4,0
947239230439302|80001|2,TTTT,NTTT,TTTT-NTTT,4,4,0
947239510776309|83001|1,TTTT,....,TTTT-....,4,4,0
947492909500980|81001|2,TTTN,...T,TTTN-...T,4,3,1
947492909500980|81001|3,TTTT,...T,TTTT-...T,4,4,0
947492909500980|82001|1,TNTT,....,TNTT-....,4,3,2
947492909500980|82001|2,TTTT,....,TTTT-....,4,4,0
947598479400943|80001|1,TTTT,TTTT,TTTT-TTTT,4,4,0
947598479400943|80001|2,TTTT,TTTT,TTTT-TTTT,4,4,0
947639530599300|83001|1,TTTT,....,TTTT-....,4,4,0
948001892449050|83001|2,TTTT,....,TTTT-....,4,4,0
948004892369050|79001|2,TTT.,NNNN,TTT.-NNNN,3,3,0
948009834369720|81001|1,TTTT,TTTT,TTTT-TTTT,4,4,0
948021932459650|83001|2,TTTT,....,TTTT-....,4,4,0
948024832249650|83001|1,TTTT,....,TTTT-....,4,4,0
948149310356208|81001|2,TTTT,TTTT,TTTT-TTTT,4,4,0
948299050949407|81001|1,TTTT,TTTT,TTTT-TTTT,4,4,0
948309070649406|80001|2,T...,....,T...-....,1,1,0
948309070649406|83001|1,TN..,....,TN..-....,2,1,1
948709970666407|83001|2,TT..,....,TT..-....,2,2,0
948949970179409|80001|1,TTTT,TTTT,TTTT-TTTT,4,4,0
949090076600818|83001|1,TTTT,....,TTTT-....,4,4,0
949139570676302|81001|2,TTTT,EETT,TTTT-EETT,4,4,0
949193999200991|82001|2,TTTT,T...,TTTT-T...,4,4,0
949479010569102|83001|1,TTNN,....,TTNN-....,4,2,1
949639510599300|81001|1,TTTT,TTTT,TTTT-TTTT,4,4,0
949639510599300|81001|2,EEET,UNUT,EEET-UNUT,4,1,1
949670987910953|80001|1,TTTT,..TT,TTTT-..TT,4,4,0
949809570996300|80001|1,TTTT,TTTT,TTTT-TTTT,4,4,0
949889150569402|83001|1,NNNT,....,NNNT-....,4,1,1
949929930199306|82001|2,TTTT,TT..,TTTT-TT..,4,4,0
950017901479720|80001|1,UUTT,TTTT,UUTT-TTTT,4,2,1
950017901479720|80001|2,TTTT,TTTT,TTTT-TTTT,4,4,0
950019701279720|79001|1,TTTT,TTTT,TTTT-TTTT,4,4,0
950076676029870|87001|1,T...,....,T...-....,1,1,0
950077824189550|83001|2,T...,....,T...-....,1,1,0
950086982339020|82001|1,TTT.,....,TTT.-....,3,3,0
950088882229020|82001|1,TTTT,TTT.,TTTT-TTT.,4,4,0
950199149500536|80001|2,T.TT,TTTT,T.TT-TTTT,3,3,0
950269950669502|80001|1,TTNT,NNNN,TTNT-NNNN,4,3,2
950269950669502|83001|2,TEEE,....,TEEE-....,4,1,1
950279550779101|80001|1,TTTT,ETTT,TTTT-ETTT,4,4,0
950309610159309|83001|2,TTTU,....,TTTU-....,4,3,1
950449010899403|83001|2,TUNN,....,TUNN-....,4,1,2
950462094531189|83001|1,E.T.,....,E.T.-....,2,1,1
950663092108359|79001|2,TTTT,TNUN,TTTT-TNUN,4,4,0
950719070419405|80001|2,TTTT,TTTT,TTTT-TTTT,4,4,0
950729350599507|82001|1,TTTT,....,TTTT-....,4,4,0
950739950139208|80001|2,TENN,EE.E,TENN-EE.E,4,1,2
950872063328399|81001|1,NNT.,....,NNT.-....,3,1,1
950899470136508|79001|1,TTTT,TTTT,TTTT-TTTT,4,4,0
950899470136508|81001|2,TEEE,EEEE,TEEE-EEEE,4,1,1
950915070751269|80001|1,TTTT,TTTN,TTTT-TTTN,4,4,0
950930097001200|83001|1,TT..,....,TT..-....,2,2,0
950979099347489|83001|2,TT..,....,TT..-....,2,2,0
950979280416308|79001|2,TTTT,....,TTTT-....,4,4,0
950979630439202|82001|2,TTTT,EE..,TTTT-EE..,4,4,0
951030925479030|82001|1,TTTT,....,TTTT-....,4,4,0
951042657129420|82001|2,TTTT,NTN.,TTTT-NTN.,4,4,0
951044957379420|82001|1,TTTT,....,TTTT-....,4,4,0
951064906379500|82001|2,TTTT,....,TTTT-....,4,4,0
951069994039820|82001|1,TTTT,TT..,TTTT-TT..,4,4,0
951070903139420|82001|2,TTTT,TT..,TTTT-TT..,4,4,0
951071703139420|80001|1,TTTT,TTN.,TTTT-TTN.,4,4,0
951071703139420|80001|3,TTTT,TTN.,TTTT-TTN.,4,4,0
951072803169420|80001|1,TEEE,....,TEEE-....,4,1,1
951149470409309|82001|1,TTTT,....,TTTT-....,4,4,0
951272969400858|80001|1,TTTT,TTTT,TTTT-TTTT,4,4,0
951272969400858|80001|2,EEET,TTTT,EEET-TTTT,4,1,1
951285093905196|82001|1,TTTT,TT..,TTTT-TT..,4,4,0
951392969200558|82001|1,TTTT,....,TTTT-....,4,4,0
951401680800342|83001|2,TTTU,....,TTTU-....,4,3,1
951419370206201|79001|2,TTTT,....,TTTT-....,4,4,0
951589430236005|81001|1,TTTT,EENN,TTTT-EENN,4,4,0
951606072909665|87001|4,T...,....,T...-....,1,1,0
951679970649500|81001|2,TTTT,TTTT,TTTT-TTTT,4,4,0
951829770969004|80001|1,EE.T,....,EE.T-....,3,1,1
951829770969004|82001|1,TTTT,....,TTTT-....,4,4,0
952019510216005|81001|2,TTTT,....,TTTT-....,4,4,0
952036703339560|81001|1,TTTT,TTTT,TTTT-TTTT,4,4,0
952036803049560|81001|3,TTTT,TTTT,TTTT-TTTT,4,4,0
952043930159440|82001|1,TNNN,....,TNNN-....,4,1,1
952044883349510|82001|2,TTEE,T...,TTEE-T...,4,2,1
952052831169390|83001|1,TTT.,....,TTT.-....,3,3,0
952052831169390|83001|2,TTT.,....,TTT.-....,3,3,0
952056531049390|82001|1,EETE,....,EETE-....,4,1,2
952078900439930|82001|1,TTTT,TT..,TTTT-TT..,4,4,0
952079900379930|83001|1,TT..,....,TT..-....,2,2,0
952084173049240|80001|1,EN.T,....,EN.T-....,3,1,2
952095877229350|87001|2,T...,....,T...-....,1,1,0
952096977259350|83001|1,TTTT,....,TTTT-....,4,4,0
952099997039450|82001|1,TTTT,EE..,TTTT-EE..,4,4,0
952109970086007|83001|1,TT..,....,TT..-....,2,2,0
952209900600103|82001|1,TTTT,....,TTTT-....,4,4,0
952209900600103|82001|2,TTTT,....,TTTT-....,4,4,0
952209900600103|83001|2,TTTT,....,TTTT-....,4,4,0
952239670879104|82001|1,T...,....,T...-....,1,1,0
952386066909598|82001|2,EEET,....,EEET-....,4,1,1
952567114000997|83001|1,ETTT,....,ETTT-....,4,3,1
952577023906593|80001|3,TTTT,EEEE,TTTT-EEEE,4,4,0
952597022907594|80001|2,TT.T,....,TT.T-....,3,3,0
952739910509209|81001|2,TTN.,..T.,TTN.-..T.,3,2,1
952939810709409|81001|2,NTTT,....,NTTT-....,4,3,1
953002879129950|80001|2,TTTT,TTTT,TTTT-TTTT,4,4,0
953002879129950|81001|1,TTTT,TTTT,TTTT-TTTT,4,4,0
953006679049950|82001|1,TTNN,....,TTNN-....,4,2,1
953020808469960|82001|2,TTTT,....,TTTT-....,4,4,0
953053847269060|83001|1,TTT.,....,TTT.-....,3,3,0
953053974259130|80001|1,TTTT,TTTT,TTTT-TTTT,4,4,0
953056347069060|82001|2,TTTT,....,TTTT-....,4,4,0
953077616269030|80001|1,TTTT,TTTT,TTTT-TTTT,4,4,0
953077716219030|80001|1,TTTT,TTTT,TTTT-TTTT,4,4,0
953077913439300|80001|1,TTTT,NNNN,TTTT-NNNN,4,4,0
953097960339540|81001|2,TTTT,TTTT,TTTT-TTTT,4,4,0
953098860189540|81001|1,TTTT,TTTT,TTTT-TTTT,4,4,0
953237032909669|80001|1,TTT.,....,TTT.-....,3,3,0
953237032909669|83001|1,TTTU,....,TTTU-....,4,3,1
953409570477307|80001|1,TTTT,TTTT,TTTT-TTTT,4,4,0
953449670509204|79001|2,TTTT,....,TTTT-....,4,4,0
953464624000971|81001|1,TTTT,....,TTTT-....,4,4,0
953464624000971|81001|2,TTTT,....,TTTT-....,4,4,0
953584420236205|80001|2,TTTT,EEEE,TTTT-EEEE,4,4,0
953679750769102|81001|1,TTTT,EEEE,TTTT-EEEE,4,4,0
953949550319109|81001|1,TNNN,NNNN,TNNN-NNNN,4,1,1
954001844449650|81001|2,TTTT,TTTT,TTTT-TTTT,4,4,0
954016987179280|79001|2,TTTT,TTTT,TTTT-TTTT,4,4,0
954076811289950|81001|1,TTTT,....,TTTT-....,4,4,0
954081922059020|83001|1,ETEE,....,ETEE-....,4,1,2
954086122049020|81001|1,TTTT,....,TTTT-....,4,4,0
954099849129640|83001|1,TEEE,....,TEEE-....,4,1,1
954159070257202|82001|1,TTTT,....,TTTT-....,4,4,0
954249910629503|80001|2,E.TE,EEEE,E.TE-EEEE,3,1,2
954389670429402|81001|2,TTTT,TT..,TTTT-TT..,4,4,0
954449610509304|82001|1,ETTT,TEEE,ETTT-TEEE,4,3,1
954449610509304|82001|3,TTTT,TTTT,TTTT-TTTT,4,4,0
954449610509304|83001|2,TTTT,....,TTTT-....,4,4,0
954459370339304|83001|3,TT..,....,TT..-....,2,2,0
954609850799308|83001|2,TNNN,....,TNNN-....,4,1,1
954769570929200|81001|1,TTTN,NNNN,TTTN-NNNN,4,3,1
955006743219370|80001|1,ETTT,TTTT,ETTT-TTTT,4,3,1
955006743219370|80001|2,TTTT,TTTT,TTTT-TTTT,4,4,0
955030061905591|80001|2,TTNT,NNNN,TTNT-NNNN,4,3,2
955030061905591|81001|1,TTTT,TTTT,TTTT-TTTT,4,4,0
955080461179890|79001|1,TTTN,NNNN,TTTN-NNNN,4,3,1
955083989179170|81001|1,TTTT,TTTT,TTTT-TTTT,4,4,0
955084661369890|80001|1,TETE,ENE.,TETE-ENE.,4,2,3
955084661369890|83001|1,TTT.,....,TTT.-....,3,3,0
955086989479170|80001|1,TTTT,....,TTTT-....,4,4,0
955086989479170|80001|2,TTTT,....,TTTT-....,4,4,0
955089630556002|82001|1,TTTT,TT..,TTTT-TT..,4,4,0
955419350209401|82001|2,TTTT,....,TTTT-....,4,4,0
955419750817402|81001|2,TTTT,TTTT,TTTT-TTTT,4,4,0
955419770819402|80001|1,TTTT,TTTT,TTTT-TTTT,4,4,0
955419770819402|81001|3,NNUT,NNNN,NNUT-NNNN,4,1,2
955595049300826|83001|1,TTTT,....,TTTT-....,4,4,0
955609850799008|81001|1,TTTT,TTTT,TTTT-TTTT,4,4,0
955609850799008|82001|1,TTTT,....,TTTT-....,4,4,0
955609850799008|82001|2,TTTT,....,TTTT-....,4,4,0
955665074909097|81001|2,TTTT,EEEU,TTTT-EEEU,4,4,0
955699470509502|79001|1,TTTT,....,TTTT-....,4,4,0
956016329089310|83001|2,T...,....,T...-....,1,1,0
956016942279790|80001|1,EEET,TTTT,EEET-TTTT,4,1,1
956030974379620|79001|2,TTTT,T.TT,TTTT-T.TT,4,4,0
956053955139410|80001|2,NNTN,NNNN,NNTN-NNNN,4,1,2
956095586289830|82001|3,TTTT,....,TTTT-....,4,4,0
956095886229830|80001|1,TTTT,TTTT,TTTT-TTTT,4,4,0
956209970129409|81001|1,TTTT,TTTT,TTTT-TTTT,4,4,0
956309610159009|81001|1,TTTT,EEEE,TTTT-EEEE,4,4,0
956449010367407|82001|1,TTTT,TTTT,TTTT-TTTT,4,4,0
956529850489109|81001|2,TTTT,TTTT,TTTT-TTTT,4,4,0
956596259000877|80001|1,TTTT,TTTT,TTTT-TTTT,4,4,0
956679710769302|83001|2,EETT,....,EETT-....,4,2,1
956679770769002|79001|2,TTTT,TTTT,TTTT-TTTT,4,4,0
956709710659308|80001|1,T...,....,T...-....,1,1,0
956979250419308|83001|1,TTTT,....,TTTT-....,4,4,0
957051197149930|81001|1,TTTT,EEEE,TTTT-EEEE,4,4,0
957054997459930|80001|2,TTTT,TTTT,TTTT-TTTT,4,4,0
957054997459930|83001|2,TTTT,....,TTTT-....,4,4,0
957056997579930|81001|2,TTTT,TTTT,TTTT-TTTT,4,4,0
957061759319820|83001|1,TTNT,....,TTNT-....,4,3,2
957062700119180|80001|1,TTTT,TTTT,TTTT-TTTT,4,4,0
957149410409309|80001|1,TTTT,TTTT,TTTT-TTTT,4,4,0
957529330106105|83001|2,TTTT,....,TTTT-....,4,4,0
957539930059101|82001|2,TTTT,TT..,TTTT-TT..,4,4,0
957539930059101|83001|1,TTET,....,TTET-....,4,3,2
957719470889303|79001|1,TTTT,TTTT,TTTT-TTTT,4,4,0
957789350459308|83001|1,T...,....,T...-....,1,1,0
957789350459308|83001|2,T...,....,T...-....,1,1,0
958035613229320|87001|1,T...,....,T...-....,1,1,0
958048899469590|81001|1,TTTT,....,TTTT-....,4,4,0
958056000369940|83001|1,TTT.,....,TTT.-....,3,3,0
958056500349940|81001|2,ETTT,TTTT,ETTT-TTTT,4,3,1
958056700339940|80001|1,T..E,T..T,T..E-T..T,2,1,1
958063982239140|81001|2,TTTT,NNNN,TTTT-NNNN,4,4,0
958064882469140|82001|1,UUTU,....,UUTU-....,4,1,2
958068882049140|81001|1,TTTT,EEEE,TTTT-EEEE,4,4,0
958202440900193|83001|1,TTTT,....,TTTT-....,4,4,0
958569970459308|82001|1,TTTT,....,TTTT-....,4,4,0
958609830796208|80001|2,TTTT,TTTT,TTTT-TTTT,4,4,0
958609830796208|81001|2,TTTT,...T,TTTT-...T,4,4,0
959022912139230|82001|1,TTTT,TT..,TTTT-TT..,4,4,0
959022912279230|80001|2,TTTT,TTTT,TTTT-TTTT,4,4,0
959022912279230|83001|1,TT..,....,TT..-....,2,2,0
959029810859207|80001|2,TTTT,TTTT,TTTT-TTTT,4,4,0
959030743419470|83001|2,TTTT,....,TTTT-....,4,4,0
959051987039820|80001|2,TTTT,....,TTTT-....,4,4,0
959076976139610|81001|2,TNNN,E...,TNNN-E...,4,1,1
959080225860922|82001|2,NNTN,NNN.,NNTN-NNN.,4,1,2
959080225860922|87001|1,T...,....,T...-....,1,1,0
959150183390780|83001|2,T...,....,T...-....,1,1,0
959440668240920|83001|2,TTTT,....,TTTT-....,4,4,0
959449050369307|82001|2,ETTT,....,ETTT-....,4,3,1
960015909039390|83001|1,TTTT,....,TTTT-....,4,4,0
960017509167390|79001|1,TTTT,TTTT,TTTT-TTTT,4,4,0
960017509167390|83001|1,TTT.,....,TTT.-....,3,3,0
960039910529408|80001|1,TTTT,...E,TTTT-...E,4,4,0
960046736079040|81001|2,TTTT,TTTT,TTTT-TTTT,4,4,0
960052678469750|82001|1,TTTT,....,TTTT-....,4,4,0
960059709279580|83001|2,TT..,....,TT..-....,2,2,0
960079510699106|80001|2,TTTT,TTTT,TTTT-TTTT,4,4,0
960091589900993|83001|2,TTT.,....,TTT.-....,3,3,0
960123003548060|82001|2,TTTT,....,TTTT-....,4,4,0
960165016046500|82001|1,TTTT,....,TTTT-....,4,4,0
960165016046500|82001|2,TTTT,....,TTTT-....,4,4,0
960168001516070|83001|1,ETT.,....,ETT.-....,3,2,1
960179370789403|80001|1,TTTT,TTTT,TTTT-TTTT,4,4,0
960218071515079|83001|1,T...,....,T...-....,1,1,0
960229140726107|80001|3,TTTT,TTTT,TTTT-TTTT,4,4,0
960229140726107|83001|1,TTTT,....,TTTT-....,4,4,0
960235084605892|81001|2,T...,....,T...-....,1,1,0
960379650339200|80001|1,TTTT,TTTT,TTTT-TTTT,4,4,0
960483094447459|80001|1,TTTE,EEEE,TTTE-EEEE,4,3,1
960497091737889|82001|2,TTTT,....,TTTT-....,4,4,0
960554560506505|81001|2,TTTT,TTTT,TTTT-TTTT,4,4,0
960554560506505|82001|1,TEEE,....,TEEE-....,4,1,1
960554560506505|82001|2,ETTT,....,ETTT-....,4,3,1
960593689400955|80001|1,TTTT,TTTT,TTTT-TTTT,4,4,0
960593689400955|80001|2,TTTT,TTTT,TTTT-TTTT,4,4,0
960593689400955|83001|2,TTT.,....,TTT.-....,3,3,0
960597091732889|81001|1,TTTT,TTTT,TTTT-TTTT,4,4,0
960697091544929|82001|2,EETE,E...,EETE-E...,4,1,2
960708091511079|83001|1,TTTT,....,TTTT-....,4,4,0
960838092656859|83001|1,TTT.,....,TTT.-....,3,3,0
960887071504929|82001|2,TTTT,....,TTTT-....,4,4,0
960938072625859|80001|2,UTT.,....,UTT.-....,3,2,1
960938091531079|83001|1,TT.T,....,TT.T-....,3,3,0
960938091531079|83001|2,TT.T,....,TT.T-....,3,3,0
960941052809897|81001|2,T...,....,T...-....,1,1,0
960941053706897|83001|1,TTTT,....,TTTT-....,4,4,0
960988062633859|80001|2,TTTT,.TTT,TTTT-.TTT,4,4,0
960993073503069|80001|2,TTTT,TTTT,TTTT-TTTT,4,4,0
960997091547929|80001|3,TTTT,TTTT,TTTT-TTTT,4,4,0
960998091501079|80001|1,EEET,EEEE,EEET-EEEE,4,1,1
961055871469280|83001|1,TEE.,....,TEE.-....,3,1,1
961079510696206|81001|2,TTTT,TTTT,TTTT-TTTT,4,4,0
961084866369780|80001|2,TTTT,TTTT,TTTT-TTTT,4,4,0
961085666269780|81001|3,TTT.,....,TTT.-....,3,3,0
961086966439780|81001|1,TNNN,TEEN,TNNN-TEEN,4,1,1
961192968500758|83001|1,TTT.,....,TTT.-....,3,3,0
961192968500758|83001|2,TTT.,....,TTT.-....,3,3,0
961393149500966|81001|1,T...,EEEE,T...-EEEE,1,1,0
961437050557107|80001|1,TTTT,....,TTTT-....,4,4,0
961439910236201|83001|2,TTTT,....,TTTT-....,4,4,0
961499630299406|80001|1,TTTT,TTTT,TTTT-TTTT,4,4,0
961499630299406|80001|2,TTTT,EEEE,TTTT-EEEE,4,4,0
961639270939403|82001|1,TTTT,....,TTTT-....,4,4,0
961899970099503|79001|1,TTTT,EEEE,TTTT-EEEE,4,4,0
961949250209504|81001|1,TTTT,TTTT,TTTT-TTTT,4,4,0
961949250209504|81001|2,TTTT,NNNN,TTTT-NNNN,4,4,0
962010895529200|81001|1,EE.T,....,EE.T-....,3,1,1
962012820469350|81001|1,TTTN,TTTT,TTTN-TTTT,4,3,1
962012920179350|82001|2,TTTT,....,TTTT-....,4,4,0
962015920479350|80001|2,ETTT,EEEE,ETTT-EEEE,4,3,1
962026959259770|80001|1,TTTT,TTTT,TTTT-TTTT,4,4,0
962042948259830|83001|2,TTTT,....,TTTT-....,4,4,0
962052630149340|83001|2,ETTT,....,ETTT-....,4,3,1
962079330419005|80001|1,UEUT,UEEE,UEUT-UEEE,4,1,3
962089050129401|80001|2,NTTT,NUUE,NTTT-NUUE,4,3,1
962283086909391|82001|2,TTTE,....,TTTE-....,4,3,1
962283086909391|83001|1,TTT.,....,TTT.-....,3,3,0
962288007908992|82001|2,TTTT,....,TTTT-....,4,4,0
962309670489109|80001|2,TTTT,TTTT,TTTT-TTTT,4,4,0
962394399400464|80001|2,T..N,ENN.,T..N-ENN.,2,1,1
962590829600924|81001|2,TEEE,TNNN,TEEE-TNNN,4,1,1
962884880746300|83001|1,T...,....,T...-....,1,1,0
963026805389850|79001|1,TTTT,TTTT,TTTT-TTTT,4,4,0
963026805389850|81001|1,TTTT,TT.T,TTTT-TT.T,4,4,0
963072812489540|80001|1,TTTT,TTTT,TTTT-TTTT,4,4,0
963079450617303|80001|2,TTTT,TTTT,TTTT-TTTT,4,4,0
963082719179870|80001|2,TTTT,TTTT,TTTT-TTTT,4,4,0
963082819129870|81001|2,TTTT,TTTT,TTTT-TTTT,4,4,0
963082981439700|80001|2,TU..,....,TU..-....,2,1,1
963084919579870|81001|2,NNTT,ENNN,NNTT-ENNN,4,2,1
963086619429870|80001|2,TTTT,TTTT,TTTT-TTTT,4,4,0
963086981059700|82001|1,TTTT,....,TTTT-....,4,4,0
963092637169920|80001|1,TTTT,TTTT,TTTT-TTTT,4,4,0
963206023906495|82001|1,NNNT,NT..,NNNT-NT..,4,1,1
963266064909895|83001|3,EEET,....,EEET-....,4,1,1
963439010559207|81001|1,TTTT,EEEE,TTTT-EEEE,4,4,0
963439010559207|82001|1,TTTT,TTTT,TTTT-TTTT,4,4,0
963444480826306|83001|2,T...,....,T...-....,1,1,0
963559530506205|83001|1,TTTT,....,TTTT-....,4,4,0
963579310326207|82001|1,NTNT,NNTT,NTNT-NNTT,4,2,3
963679930639102|83001|2,UNTT,....,UNTT-....,4,2,2
963709050629100|81001|2,TTTT,TTTT,TTTT-TTTT,4,4,0
963869030859202|82001|2,ETTT,EE..,ETTT-EE..,4,3,1
963913023906993|83001|1,TTTT,....,TTTT-....,4,4,0
963913026909993|81001|1,TTTT,EEEE,TTTT-EEEE,4,4,0
964027823489950|82001|1,TTTT,....,TTTT-....,4,4,0
964029010639300|82001|1,TTTT,TTTT,TTTT-TTTT,4,4,0
964047857389030|82001|2,TTNT,....,TTNT-....,4,3,2
964079430619003|82001|1,TTTT,UE..,TTTT-UE..,4,4,0
964079510699306|83001|2,TTTT,....,TTTT-....,4,4,0
964106038909096|79001|1,TTTT,TTTT,TTTT-TTTT,4,4,0
964359370829309|80001|1,TTTT,TTTT,TTTT-TTTT,4,4,0
964419870349301|82001|3,TTTT,....,TTTT-....,4,4,0
964792087908393|82001|1,TTTT,....,TTTT-....,4,4,0
964792087908393|82001|2,TTTT,....,TTTT-....,4,4,0
965003979559870|80001|2,NUTT,NTTT,NUTT-NTTT,4,2,2
965006879389870|80001|2,TTTT,TTTT,TTTT-TTTT,4,4,0
965022912139240|80001|2,TTTT,TTTT,TTTT-TTTT,4,4,0
965025912439240|83001|1,TTTT,....,TTTT-....,4,4,0
965031820389620|83001|1,T...,....,T...-....,1,1,0
965037896429780|81001|2,TTTT,TTTT,TTTT-TTTT,4,4,0
965040820249810|83001|2,TTTT,....,TTTT-....,4,4,0
965049625229160|82001|1,TTTT,ETT.,TTTT-ETT.,4,4,0
965059810119504|83001|2,TTTT,....,TTTT-....,4,4,0
965079550699106|83001|1,TTTT,....,TTTT-....,4,4,0
965439030559307|82001|2,TNTT,TT..,TNTT-TT..,4,3,2
965459930826002|82001|2,TTTT,TT..,TTTT-TT..,4,4,0
965649450409002|83001|3,UTTT,....,UTTT-....,4,3,1
966036937459700|82001|2,TTTT,....,TTTT-....,4,4,0
966059870119004|82001|1,TTTT,....,TTTT-....,4,4,0
966068559500996|83001|2,TTT.,....,TTT.-....,3,3,0
966070399169200|81001|1,T.TT,TTTT,T.TT-TTTT,3,3,0
966070499119200|80001|1,TTTT,....,TTTT-....,4,4,0
966071999039200|80001|1,TTTT,TTTT,TTTT-TTTT,4,4,0
966071999039200|81001|1,TTTT,NENN,TTTT-NENN,4,4,0
966072699469200|82001|4,TTTT,....,TTTT-....,4,4,0
966074899349200|81001|1,TUTT,TTTT,TUTT-TTTT,4,3,2
966074899349200|82001|2,TTTT,T...,TTTT-T...,4,4,0
966077846129960|83001|1,EUUT,....,EUUT-....,4,1,2
966094526429010|81001|3,TTTT,TTTU,TTTT-TTTU,4,4,0
966096926339010|82001|1,TTTT,.T..,TTTT-.T..,4,4,0
966179910056309|81001|1,TTTT,TTTT,TTTT-TTTT,4,4,0
966179910056309|81001|2,TTTT,TTTT,TTTT-TTTT,4,4,0
966179910059009|83001|1,TTTT,....,TTTT-....,4,4,0
966189110399204|83001|2,TTTT,....,TTTT-....,4,4,0
966229730869009|80001|3,TTTT,TTTT,TTTT-TTTT,4,4,0
966299969000938|79001|2,TEEE,NNNN,TEEE-NNNN,4,1,1
966299969000938|82001|1,TEEE,....,TEEE-....,4,1,1
966439010559507|80001|2,TTTT,TTTT,TTTT-TTTT,4,4,0
966559570509305|82001|1,TTTT,....,TTTT-....,4,4,0
967039562049960|80001|1,TTTT,TTTT,TTTT-TTTT,4,4,0
967039562049960|82001|1,TTTT,T...,TTTT-T...,4,4,0
967041960579950|82001|1,TTTT,....,TTTT-....,4,4,0
967053988159770|81001|2,TTTT,TTTT,TTTT-TTTT,4,4,0
967072599489780|82001|1,TTTT,....,TTTT-....,4,4,0
967072899189780|80001|2,TTTT,TTTT,TTTT-TTTT,4,4,0
967075999579780|80001|1,TTTT,TTTT,TTTT-TTTT,4,4,0
967076999379780|83001|1,ET..,....,ET..-....,2,1,1
967079530699206|80001|1,TTTT,TTTT,TTTT-TTTT,4,4,0
967079831349180|81001|1,TTTT,TTTT,TTTT-TTTT,4,4,0
967086922039600|81001|2,TTTT,TTTT,TTTT-TTTT,4,4,0
967089170636400|80001|1,TTTT,TTTT,TTTT-TTTT,4,4,0
967092806389560|79001|3,TT..,....,TT..-....,2,2,0
967092806389560|82001|1,TTTT,....,TTTT-....,4,4,0
967092906339560|80001|2,TTT.,....,TTT.-....,3,3,0
967092906339560|83001|2,TTTT,....,TTTT-....,4,4,0
967099452419420|81001|2,TTTT,TTTT,TTTT-TTTT,4,4,0
967099452419420|83001|2,TT.T,....,TT.T-....,3,3,0
967149070447203|79001|1,TTTT,TTTT,TTTT-TTTT,4,4,0
967190949900997|82001|2,TE..,....,TE..-....,2,1,1
967299310839209|80001|2,TTTT,EEEE,TTTT-EEEE,4,4,0
967299310839209|83001|2,TTTT,....,TTTT-....,4,4,0
967359170929303|82001|2,TTTT,....,TTTT-....,4,4,0
967395599700907|82001|2,TTTN,....,TTTN-....,4,3,1
967429010776404|83001|2,TTNN,....,TTNN-....,4,2,1
967439750919308|82001|2,TTTT,....,TTTT-....,4,4,0
967449450829306|83001|2,TTTT,....,TTTT-....,4,4,0
967469730449104|83001|1,NTEE,....,NTEE-....,4,1,2
967495599200907|79001|2,TTTT,TTTT,TTTT-TTTT,4,4,0
967509110029407|80001|2,TTTT,TTNE,TTTT-TTNE,4,4,0
967649430409102|82001|2,TTTT,TT..,TTTT-TT..,4,4,0
967699850479201|80001|2,TTTT,TTTT,TTTT-TTTT,4,4,0
967699850479201|83001|1,TT..,....,TT..-....,2,2,0
968007952179410|83001|1,TT..,....,TT..-....,2,2,0
968066821369270|82001|2,TE.E,....,TE.E-....,3,1,1
968081847369780|80001|2,TTTT,TTTT,TTTT-TTTT,4,4,0
968087947159780|80001|1,TTTT,TTTT,TTTT-TTTT,4,4,0
968194999300949|83001|3,TTT.,....,TTT.-....,3,3,0
968309610489109|82001|1,TTTT,TTTT,TTTT-TTTT,4,4,0
968493619700923|82001|3,T...,....,T...-....,1,1,0
968493619700923|82001|4,T...,....,T...-....,1,1,0
968549730919404|81001|3,TTTT,TTTT,TTTT-TTTT,4,4,0
968569510617002|80001|2,TTNN,NNNN,TTNN-NNNN,4,2,1
968689350329401|81001|1,TTTT,TTTT,TTTT-TTTT,4,4,0
968689350329401|81001|2,TEEE,EEEN,TEEE-EEEN,4,1,1
968689350329401|82001|1,TTTT,....,TTTT-....,4,4,0
968899970099003|81001|2,NTTT,EEEE,NTTT-EEEE,4,3,1
969018943379410|83001|2,TT..,....,TT..-....,2,2,0
969019943039410|81001|2,TTTT,TTTT,TTTT-TTTT,4,4,0
969032604169530|81001|2,TTTT,TTTT,TTTT-TTTT,4,4,0
969047695449320|80001|1,TTTT,TTTT,TTTT-TTTT,4,4,0
969047995339320|80001|2,EETT,..EE,EETT-..EE,4,2,1
969058950459130|80001|2,TTTT,TTTT,TTTT-TTTT,4,4,0
969058950459130|81001|1,EEET,TTTT,EEET-TTTT,4,1,1
969058950459130|81001|2,TTTT,TTTT,TTTT-TTTT,4,4,0
969058950459130|83001|2,TTTT,....,TTTT-....,4,4,0
969058958479830|80001|1,TTTT,TTTT,TTTT-TTTT,4,4,0
969058958479830|81001|1,TTTT,TTTT,TTTT-TTTT,4,4,0
969079450617003|81001|2,TTTT,....,TTTT-....,4,4,0
969090076600318|80001|2,TTTT,TTTT,TTTT-TTTT,4,4,0
969150194910963|82001|2,TTNT,....,TTNT-....,4,3,2
969220214870963|82001|2,TTTT,....,TTTT-....,4,4,0
969299370837109|80001|2,TTTT,TTTT,TTTT-TTTT,4,4,0
969359150929303|82001|2,TTTT,....,TTTT-....,4,4,0
969440668240960|79001|1,TTTT,T.TT,TTTT-T.TT,4,4,0
969499410176307|82001|1,TTTT,TTTT,TTTT-TTTT,4,4,0
969499758800771|82001|1,TTTT,....,TTTT-....,4,4,0
969499758800771|82001|2,TTTT,....,TTTT-....,4,4,0
969570717440960|81001|1,TTT.,TTTT,TTT.-TTTT,3,3,0
969579330329207|83001|2,TTTT,....,TTTT-....,4,4,0
969649230619206|81001|2,TTTT,TTTT,TTTT-TTTT,4,4,0
969649230619206|82001|1,T.TT,TT..,T.TT-TT..,3,3,0
969704660046103|79001|1,TTTT,TTTT,TTTT-TTTT,4,4,0
969750666900980|82001|3,TTTT,....,TTTT-....,4,4,0
969940373820982|79001|2,TUUU,.EEE,TUUU-.EEE,4,1,1
969940390160960|79001|1,TTTT,TTTT,TTTT-TTTT,4,4,0
969960521980720|81001|1,TTTT,TTTT,TTTT-TTTT,4,4,0
970003838329540|82001|1,TTTT,TTT.,TTTT-TTT.,4,4,0
970021909379970|80001|1,TTTT,TTTT,TTTT-TTTT,4,4,0
970021909379970|80001|2,TTTT,TTTT,TTTT-TTTT,4,4,0
970029989139720|83001|2,TT..,....,TT..-....,2,2,0
970071939459210|83001|2,TTT.,....,TTT.-....,3,3,0
970072839169210|83001|2,TTT.,....,TTT.-....,3,3,0
970079739439210|81001|1,TTTT,TTTT,TTTT-TTTT,4,4,0
970079739439210|82001|2,TTTT,TT..,TTTT-TT..,4,4,0
970095768259850|83001|4,TNNN,....,TNNN-....,4,1,1
970099860289230|83001|1,T...,....,T...-....,1,1,0
970120007818720|83001|1,T...,....,T...-....,1,1,0
970125092212009|80001|2,TTTT,TTT.,TTTT-TTT.,4,4,0
970249330349407|82001|2,TTTT,TT..,TTTT-TT..,4,4,0
970559450229105|81001|1,TTNT,TTTT,TTNT-TTTT,4,3,2
970559450229105|83001|1,EETT,....,EETT-....,4,2,1
970819250949509|81001|1,TTTT,TTTT,TTTT-TTTT,4,4,0
970985099741199|81001|1,TTTT,TTTT,TTTT-TTTT,4,4,0
970985099741199|81001|2,TTTT,TTTT,TTTT-TTTT,4,4,0
971021936559940|81001|2,TTTT,..EE,TTTT-..EE,4,4,0
971021936559940|81001|3,NNNT,..NE,NNNT-..NE,4,1,1
971057389188530|82001|2,TEEE,....,TEEE-....,4,1,1
971058989059530|83001|3,TTTT,....,TTTT-....,4,4,0
971061005189890|79001|2,TTTT,....,TTTT-....,4,4,0
971069821449480|83001|2,TTTT,....,TTTT-....,4,4,0
971173063708393|82001|1,TTTT,TT..,TTTT-TT..,4,4,0
971173068707393|79001|1,TTTT,TTTT,TTTT-TTTT,4,4,0
971277969700852|82001|2,TTT.,....,TTT.-....,3,3,0
971449048909596|83001|2,T...,....,T...-....,1,1,0
971449410079003|82001|2,TEEE,EEEE,TEEE-EEEE,4,1,1
971469470199506|83001|1,TT..,....,TT..-....,2,2,0
971499470537303|82001|1,TTTT,....,TTTT-....,4,4,0
971559470229505|79001|2,TTTT,TTTT,TTTT-TTTT,4,4,0
971579450399201|82001|2,TTTT,....,TTTT-....,4,4,0
971665077801097|83001|1,TT..,....,TT..-....,2,2,0
971679930176300|80001|2,TTTT,TTTT,TTTT-TTTT,4,4,0
971749270019500|79001|1,TTTT,TTTT,TTTT-TTTT,4,4,0
971939650719406|81001|1,TTTT,....,TTTT-....,4,4,0
972012947239510|80001|3,TTN.,TTTT,TTN.-TTTT,3,2,1
972016847389510|82001|1,TTTT,....,TTTT-....,4,4,0
972016847389510|82001|2,TTTT,....,TTTT-....,4,4,0
972025827229160|81001|1,TTTT,TTTT,TTTT-TTTT,4,4,0
972026920239750|83001|3,TUET,....,TUET-....,4,2,3
972027920179750|83001|3,TT..,....,TT..-....,2,2,0
972040964239070|83001|2,TTTT,....,TTTT-....,4,4,0
972046964079070|82001|2,TTTT,....,TTTT-....,4,4,0
972079210099405|83001|2,TTTT,....,TTTT-....,4,4,0
972079944339060|81001|2,TTTT,TTTT,TTTT-TTTT,4,4,0
972149710509109|80001|2,TTTT,TTTT,TTTT-TTTT,4,4,0
972161077001317|81001|2,TTTT,TTTT,TTTT-TTTT,4,4,0
972197779200592|83001|2,ET..,....,ET..-....,2,1,1
972235086909892|79001|2,TTTT,EEEE,TTTT-EEEE,4,4,0
972269430976205|81001|1,T.T.,....,T.T.-....,2,2,0
972319320016019|80001|1,TTUT,TTTT,TTUT-TTTT,4,3,2
972319320016019|80001|2,TTUT,TTTT,TTUT-TTTT,4,3,2
972389150399401|80001|1,T...,....,T...-....,1,1,0
972469030389103|81001|2,TTTT,TTTT,TTTT-TTTT,4,4,0
972469040386203|83001|1,T...,....,T...-....,1,1,0
972469070389203|82001|1,TTTT,....,TTTT-....,4,4,0
972549240216407|80001|2,TTTT,TTTT,TTTT-TTTT,4,4,0
972725097908176|83001|1,ET..,....,ET..-....,2,1,1
972959370949103|79001|3,TT..,NNNN,TT..-NNNN,2,2,0
973019996379670|83001|1,TT..,....,TT..-....,2,2,0
973075729239540|80001|1,T.TT,T.TT,T.TT-T.TT,3,3,0
973075929179540|82001|3,UTUU,....,UTUU-....,4,1,2
973209610419103|80001|2,TNTT,NNNN,TNTT-NNNN,4,3,2
973237038909699|82001|1,TTTT,....,TTTT-....,4,4,0
973249310349207|80001|2,EETT,....,EETT-....,4,2,1
973506076909868|82001|1,TTTT,....,TTTT-....,4,4,0
973568007908798|80001|2,TTTT,TTTT,TTTT-TTTT,4,4,0
973568007908798|82001|1,TTTT,....,TTTT-....,4,4,0
973599350509101|83001|1,TT.E,....,TT.E-....,3,2,1
973879750659108|82001|2,TTTT,....,TTTT-....,4,4,0
973913026907993|80001|1,T...,.EUN,T...-.EUN,1,1,0
973983098909696|81001|1,TTTT,TTTT,TTTT-TTTT,4,4,0
974019974179160|83001|1,TT..,....,TT..-....,2,2,0
974021939259390|80001|2,TTTT,TTTT,TTTT-TTTT,4,4,0
974033558589400|79001|1,TTTT,TTTT,TTTT-TTTT,4,4,0
974036958539400|83001|1,TTTT,....,TTTT-....,4,4,0
974036958539400|83001|2,TTTT,....,TTTT-....,4,4,0
974047920379700|79001|1,TTTT,.TTT,TTTT-.TTT,4,4,0
974054305469190|81001|1,TTTT,TT..,TTTT-TT..,4,4,0
974054305469190|81001|2,TTTE,TT..,TTTE-TT..,4,3,1
974506071906898|80001|1,TTTT,TTTT,TTTT-TTTT,4,4,0
974778035909564|83001|1,TTTT,....,TTTT-....,4,4,0
974939630719306|81001|1,N.ET,TTTT,N.ET-TTTT,3,1,2
975007572429160|81001|1,UTNN,NNNT,UTNN-NNNT,4,1,2
975015847489820|83001|1,T...,....,T...-....,1,1,0
975016787359830|80001|2,TTTT,TTTT,TTTT-TTTT,4,4,0
975018987379830|80001|1,TTTT,TTTT,TTTT-TTTT,4,4,0
975041647148710|83001|2,TTTT,....,TTTT-....,4,4,0
975045947379710|83001|1,TT..,....,TT..-....,2,2,0
975046747379710|83001|2,NT..,....,NT..-....,2,1,1
975046947039710|83001|1,TTTT,....,TTTT-....,4,4,0
975046947559710|80001|1,TTTT,TTTT,TTTT-TTTT,4,4,0
975048904479370|80001|2,TTTT,TTTT,TTTT-TTTT,4,4,0
975063986539810|81001|1,TTTT,T...,TTTT-T...,4,4,0
975068924479770|81001|1,TTTT,....,TTTT-....,4,4,0
975068924479770|82001|1,TTTT,....,TTTT-....,4,4,0
975069986379810|83001|2,TT..,....,TT..-....,2,2,0
975289230666401|81001|1,TTTT,TTTT,TTTT-TTTT,4,4,0
975289230666401|82001|2,TTTT,....,TTTT-....,4,4,0
975389140396301|82001|2,TTTT,N...,TTTT-N...,4,4,0
975589230049009|81001|1,TTTT,TTT.,TTTT-TTT.,4,4,0
975679470356307|83001|2,TT..,....,TT..-....,2,2,0
975959310946003|80001|2,TTUE,NNNN,TTUE-NNNN,4,2,2
976080970239700|81001|1,TTTT,EEEE,TTTT-EEEE,4,4,0
976086931579820|81001|1,TTTT,T...,TTTT-T...,4,4,0
976088041429690|81001|1,NTT.,EEEE,NTT.-EEEE,3,2,1
976088741438690|83001|2,TTTT,....,TTTT-....,4,4,0
976371149300634|79001|1,TTTT,TNTT,TTTT-TNTT,4,4,0
976469530739207|83001|1,TTTT,....,TTTT-....,4,4,0
976469530739207|83001|2,TTTT,....,TTTT-....,4,4,0
976529510499209|82001|2,TTTT,TTTT,TTTT-TTTT,4,4,0
976629070749004|80001|2,TTTT,TTTT,TTTT-TTTT,4,4,0
976629070749004|83001|2,TT..,....,TT..-....,2,2,0
976799150219509|81001|1,TTTT,EEEE,TTTT-EEEE,4,4,0
976989370399302|79001|2,TEEE,TTTT,TEEE-TTTT,4,1,1
977007974439540|83001|2,TT..,....,TT..-....,2,2,0
977041806569430|82001|2,TTTT,....,TTTT-....,4,4,0
977047906359430|83001|2,ETTT,....,ETTT-....,4,3,1
977051993279020|80001|1,TTTT,TTTT,TTTT-TTTT,4,4,0
977054993539020|83001|1,TTTT,....,TTTT-....,4,4,0
977060891489830|82001|1,UTEE,....,UTEE-....,4,1,2
977067911379190|79001|1,TTTT,TTTT,TTTT-TTTT,4,4,0
977070321189550|81001|1,TTTT,NNNN,TTTT-NNNN,4,4,0
977070421139550|81001|1,TTTT,TTTN,TTTT-TTTN,4,4,0
977072021329550|80001|1,TT.T,T.T.,TT.T-T.T.,3,3,0
977072021329550|82001|2,TTTT,....,TTTT-....,4,4,0
977072521449550|83001|2,TTTT,....,TTTT-....,4,4,0
977072832289700|81001|1,NETE,NNNN,NETE-NNNN,4,1,3
977073932559700|83001|1,TTTT,....,TTTT-....,4,4,0
977074821269550|79001|2,T...,E...,T...-E...,1,1,0
977077921279550|79001|2,TTTT,NNN.,TTTT-NNN.,4,4,0
977086947359720|83001|2,NETT,....,NETT-....,4,2,2
977091628400832|80001|2,TTTT,TTTT,TTTT-TTTT,4,4,0
977799150219309|82001|1,TTTT,....,TTTT-....,4,4,0
977819270947209|82001|1,TTTT,....,TTTT-....,4,4,0
977819270947209|82001|2,TTTT,....,TTTT-....,4,4,0
977969170557207|82001|1,TTTT,....,TTTT-....,4,4,0
978017532289240|80001|2,TTTT,TTTT,TTTT-TTTT,4,4,0
978018832169240|80001|1,TTTT,TTTT,TTTT-TTTT,4,4,0
978059370749404|80001|2,TTNT,NNNN,TTNT-NNNN,4,3,2
978066345047350|81001|3,TTTT,TTTT,TTTT-TTTT,4,4,0
978069945239350|82001|2,TTTT,TT..,TTTT-TT..,4,4,0
978080795459680|82001|2,TTTT,....,TTTT-....,4,4,0
978081967579510|83001|2,TT..,....,TT..-....,2,2,0
978081967579510|83001|3,TT..,....,TT..-....,2,2,0
978159070867009|80001|2,TTTT,TTTT,TTTT-TTTT,4,4,0
978159070867009|82001|2,TTTT,....,TTTT-....,4,4,0
978189330739408|82001|1,TTTT,EE..,TTTT-EE..,4,4,0
978189330739408|83001|1,TTTT,....,TTTT-....,4,4,0
978259770769404|81001|2,TTTT,TTTT,TTTT-TTTT,4,4,0
978529770627009|80001|1,TTTT,TTTT,TTTT-TTTT,4,4,0
978809610479205|83001|1,TTTT,....,TTTT-....,4,4,0
978809650479305|80001|1,NT.T,TNNU,NT.T-TNNU,3,2,1
978819270949409|83001|2,TT..,....,TT..-....,2,2,0
979000646430933|80001|2,UUUT,T.TT,UUUT-T.TT,4,1,1
979013994179160|79001|1,TUTT,TTTT,TUTT-TTTT,4,3,2
979013994179160|83001|1,TT..,....,TT..-....,2,2,0
979016833249900|81001|2,TTTT,TTTT,TTTT-TTTT,4,4,0
979028393429430|82001|1,TTTT,TTT.,TTTT-TTT.,4,4,0
979030098960974|81001|1,TTTT,TTTT,TTTT-TTTT,4,4,0
979053978159170|80001|1,TTTT,TTTT,TTTT-TTTT,4,4,0
979056970379950|81001|1,TEEE,EEEE,TEEE-EEEE,4,1,1
979061923539210|81001|1,TTTT,TTTT,TTTT-TTTT,4,4,0
979064623049210|80001|1,TTTT,NTTT,TTTT-NTTT,4,4,0
979093979139400|83001|1,TTTT,....,TTTT-....,4,4,0
979097908379020|81001|2,TTTT,TTTT,TTTT-TTTT,4,4,0
979109370259106|80001|1,TTTT,TTTT,TTTT-TTTT,4,4,0
979150183390770|80001|1,TTTT,EEE.,TTTT-EEE.,4,4,0
979180163440974|80001|1,TTTT,TTTT,TTTT-TTTT,4,4,0
979189330309309|81001|2,TTTT,....,TTTT-....,4,4,0
979220214870954|82001|1,TTTT,....,TTTT-....,4,4,0
979263004100937|81001|3,TTTT,TTTT,TTTT-TTTT,4,4,0
979299670199105|79001|2,TTTE,EEEE,TTTE-EEEE,4,3,1
979299770279209|83001|1,TT..,....,TT..-....,2,2,0
979540564780931|83001|1,TTTT,....,TTTT-....,4,4,0
979619970279300|80001|2,TTTT,TTTT,TTTT-TTTT,4,4,0
979619970279300|83001|2,TT..,....,TT..-....,2,2,0
979740882700970|82001|2,TTTT,....,TTTT-....,4,4,0
979750666900710|83001|2,TTTT,....,TTTT-....,4,4,0
979790735590710|81001|1,TUTE,EEEE,TUTE-EEEE,4,2,3
979799050889107|81001|1,TTTT,TTTT,TTTT-TTTT,4,4,0
979940373820932|80001|2,TTTT,TTTT,TTTT-TTTT,4,4,0
979940373820932|81001|2,TTTT,TTTT,TTTT-TTTT,4,4,0
979950436300932|82001|2,TTT.,....,TTT.-....,3,3,0
979950436300932|82001|3,UNNT,....,UNNT-....,4,1,2
979969110557107|82001|2,TTTN,EEEE,TTTN-EEEE,4,3,1
980022944479510|81001|1,TETT,TTTT,TETT-TTTT,4,3,2
980022944479510|82001|2,TTTT,....,TTTT-....,4,4,0
980026844349510|81001|1,TT..,....,TT..-....,2,2,0
980043835549740|80001|1,NNTN,NTNN,NNTN-NTNN,4,1,2
980047435239740|82001|1,TTTT,TT..,TTTT-TT..,4,4,0
980086096142479|80001|1,TTTT,....,TTTT-....,4,4,0
980086979359480|81001|1,NTNE,NNNN,NTNE-NNNN,4,1,3
980099760479390|82001|2,TTTT,....,TTTT-....,4,4,0
980139030946303|80001|1,NNTT,TTTN,NNTT-TTTN,4,2,1
980169740796309|81001|1,TTTT,....,TTTT-....,4,4,0
980173062907373|80001|1,TTTT,....,TTTT-....,4,4,0
980179630269408|83001|1,UTTT,....,UTTT-....,4,3,1
980235086909892|83001|1,TTT.,....,TTT.-....,3,3,0
980269459700943|80001|2,TTTT,TTTT,TTTT-TTTT,4,4,0
980408075115659|81001|2,TT.E,EE..,TT.E-EE..,3,2,1
980699004909294|83001|2,NTNT,....,NTNT-....,4,2,3
980709430886409|82001|1,TTTT,TT..,TTTT-TT..,4,4,0
980709430886409|82001|2,TTTT,TT..,TTTT-TT..,4,4,0
980725092909176|82001|2,TTTT,TTT.,TTTT-TTT.,4,4,0
980728095147659|80001|2,TTTT,TTTT,TTTT-TTTT,4,4,0
980782095441039|83001|2,TTTN,....,TTTN-....,4,3,1
980828095142659|80001|1,TTTT,EEEE,TTTT-EEEE,4,4,0
980864094708729|83001|1,T...,....,T...-....,1,1,0
980864094708729|83001|2,T...,....,T...-....,1,1,0
980915090753919|80001|2,NNNT,NNEE,NNNT-NNEE,4,1,1
981003789379090|81001|1,TETE,EEET,TETE-EEET,4,2,3
981003889329090|80001|4,TTNT,TTTT,TTNT-TTTT,4,3,2
981003889329090|83001|2,TTTT,....,TTTT-....,4,4,0
981003989179090|79001|2,TT.E,TTTT,TT.E-TTTT,3,2,1
981009510659009|83001|1,TTTT,....,TTTT-....,4,4,0
981020749259120|80001|2,TNN.,....,TNN.-....,3,1,1
981022849429120|87001|3,T...,....,T...-....,1,1,0
981027949179120|81001|1,TTTT,.TTT,TTTT-.TTT,4,4,0
981036587329280|80001|2,TTTT,.ENN,TTTT-.ENN,4,4,0
981066987339790|82001|1,ETTT,ET..,ETTT-ET..,4,3,1
981068987459790|81001|1,TTTT,ENNN,TTTT-ENNN,4,4,0
981069487379790|83001|2,TT..,....,TT..-....,2,2,0
981076366389500|81001|1,TNNU,ETTT,TNNU-ETTT,4,1,2
981076366389500|81001|2,TNTT,TTTT,TNTT-TTTT,4,3,2
981076666329500|83001|1,TT..,....,TT..-....,2,2,0
981076966359500|80001|1,TTTT,TTTT,TTTT-TTTT,4,4,0
981078966439500|82001|1,TTTN,T...,TTTN-T...,4,3,1
981078966439500|82001|2,TTTN,T...,TTTN-T...,4,3,1
981319098907999|82001|1,T...,....,T...-....,1,1,0
981399710746004|81001|2,TTTT,TTT.,TTTT-TTT.,4,4,0
981606073908695|82001|2,TTTT,TT..,TTTT-TT..,4,4,0
981619910689408|82001|3,TTTT,EE..,TTTT-EE..,4,4,0
981751078909394|82001|1,TT..,....,TT..-....,2,2,0
981805054909396|81001|2,TTTT,TTTT,TTTT-TTTT,4,4,0
981941053001807|82001|1,TTTT,.E..,TTTT-.E..,4,4,0
982009530659409|83001|2,TTTT,....,TTTT-....,4,4,0
982013950379130|82001|2,NNNT,....,NNNT-....,4,1,1
982015950259130|82001|1,TTTT,....,TTTT-....,4,4,0
982046868369540|80001|1,UETT,NTTT,UETT-NTTT,4,2,2
982051907059850|80001|2,UTNT,NNNN,UTNT-NNNN,4,2,3
982052907479850|81001|1,TTTT,TTTT,TTTT-TTTT,4,4,0
982058973459250|81001|1,TTTT,TTTT,TTTT-TTTT,4,4,0
982159410529201|83001|1,TTTN,....,TTTN-....,4,3,1
982214044909294|83001|1,TTTT,....,TTTT-....,4,4,0
982244780496005|83001|1,T...,....,T...-....,1,1,0
982559270706209|79001|2,TTTT,TTTT,TTTT-TTTT,4,4,0
982569630199405|83001|2,T..E,....,T..E-....,2,1,1
982799030379100|82001|1,ENTT,EE..,ENTT-EE..,4,2,2
982929530269404|83001|1,TTTT,....,TTTT-....,4,4,0
983022814269110|79001|2,TTTT,EEEE,TTTT-EEEE,4,4,0
983024714019110|83001|2,TTTT,....,TTTT-....,4,4,0
983026914079110|82001|1,TTTT,....,TTTT-....,4,4,0
983044829389910|80001|2,TTTT,TTTT,TTTT-TTTT,4,4,0
983044929339910|82001|2,TTTT,....,TTTT-....,4,4,0
983214048909294|82001|1,TTTT,....,TTTT-....,4,4,0
983362044909769|80001|1,TTTT,.TTT,TTTT-.TTT,4,4,0
983362044909769|80001|2,TTTT,.TTT,TTTT-.TTT,4,4,0
983464629000971|81001|1,TTTT,TTTT,TTTT-TTTT,4,4,0
984009855289840|80001|1,TTTT,....,TTTT-....,4,4,0
984009955239840|83001|1,TTTT,....,TTTT-....,4,4,0
984024846449460|80001|2,NNTT,NENE,NNTT-NENE,4,2,1
984025846289460|83001|1,T...,....,T...-....,1,1,0
984049850067207|82001|2,TTTT,....,TTTT-....,4,4,0
984078891429080|80001|1,TTTT,TTTT,TTTT-TTTT,4,4,0
984096943259050|80001|1,TTTT,TTTT,TTTT-TTTT,4,4,0
984106036909096|80001|1,TTTT,N..T,TTTT-N..T,4,4,0
984218055908893|80001|1,ETTT,EEEE,ETTT-EEEE,4,3,1
984459110719204|82001|2,TTTT,TTTT,TTTT-TTTT,4,4,0
984480006909995|81001|2,TN..,....,TN..-....,2,1,1
984506078909898|83001|2,T...,....,T...-....,1,1,0
984619710689306|80001|2,TTTT,TTTT,TTTT-TTTT,4,4,0
984729250939309|81001|1,TT.E,TTTT,TT.E-TTTT,3,2,1
984729250939309|81001|2,TT.E,TTTT,TT.E-TTTT,3,2,1
984731084909391|81001|1,TTTT,TTTT,TTTT-TTTT,4,4,0
985005983539400|83001|1,TTTT,....,TTTT-....,4,4,0
985005983539400|83001|2,EETT,....,EETT-....,4,2,1
985021939359360|81001|1,TTT.,....,TTT.-....,3,3,0
985024939379360|80001|2,EEET,EEEE,EEET-EEEE,4,1,1
985090941239790|83001|2,TTTT,....,TTTT-....,4,4,0
985093228600921|81001|2,TTTT,EEEE,TTTT-EEEE,4,4,0
985096241019790|80001|2,TTTT,TTTT,TTTT-TTTT,4,4,0
985096541087790|79001|2,TTTT,TTTT,TTTT-TTTT,4,4,0
985097941259790|83001|2,TTT.,....,TTT.-....,3,3,0
985139070949003|82001|1,UTUT,....,UTUT-....,4,2,3
985429230969201|80001|2,TTTT,TTTT,TTTT-TTTT,4,4,0
985462589000978|83001|2,T...,....,T...-....,1,1,0
985879030559509|82001|2,TTTT,TT..,TTTT-TT..,4,4,0
985989610789005|80001|2,EETT,TTNT,EETT-TTNT,4,2,1
986030972579510|82001|1,TTTT,....,TTTT-....,4,4,0
986039900179670|83001|1,TT..,....,TT..-....,2,2,0
986042986259420|80001|2,TTTE,....,TTTE-....,4,3,1
986054882329060|81001|1,TTTT,....,TTTT-....,4,4,0
986056894289160|79001|1,TTTT,EEEE,TTTT-EEEE,4,4,0
986059610399105|80001|2,TTTE,E...,TTTE-E...,4,3,1
986059610399105|82001|1,TTTT,TTTT,TTTT-TTTT,4,4,0
986062884469520|81001|2,TTET,EEEE,TTET-EEEE,4,3,2
986109210989506|80001|1,TTTT,....,TTTT-....,4,4,0
986109210989506|81001|1,TTTT,TTTT,TTTT-TTTT,4,4,0
986359250449007|80001|2,TTTT,UEEE,TTTT-UEEE,4,4,0
986368559200996|80001|2,TTTT,TTTT,TTTT-TTTT,4,4,0
986409410889303|80001|1,TEUU,TTT.,TEUU-TTT.,4,1,2
986492439700759|80001|2,TEEE,TTTT,TEEE-TTTT,4,1,1
986529450329504|82001|1,TTT.,....,TTT.-....,3,3,0
986562089400921|80001|1,TTTT,TTTT,TTTT-TTTT,4,4,0
986729230939309|82001|1,TTTT,TT..,TTTT-TT..,4,4,0
986809530979001|81001|2,TTTT,TTTT,TTTT-TTTT,4,4,0
986849270519107|80001|2,TTTT,TTTT,TTTT-TTTT,4,4,0
986879030559309|83001|2,TTTT,....,TTTT-....,4,4,0
986919510339101|82001|1,ETNE,ENEN,ETNE-ENEN,4,1,3
987048924479940|81001|2,TTEE,EEEE,TTEE-EEEE,4,2,1
987066929359150|83001|1,TTTT,....,TTTT-....,4,4,0
987079210899201|81001|1,TTTT,T.TT,TTTT-T.TT,4,4,0
987079210899201|81001|2,ETTT,T.NT,ETTT-T.NT,4,3,1
987129710659104|81001|2,TTTT,TTTT,TTTT-TTTT,4,4,0
987139950957204|81001|1,TTEE,....,TTEE-....,4,2,1
987139950957204|81001|2,TTTE,TTTT,TTTE-TTTT,4,3,1
987261629800932|79001|1,TTTN,TTTT,TTTN-TTTT,4,3,1
987369730619104|82001|1,NTTT,NT..,NTTT-NT..,4,3,1
987409070069403|80001|1,TTTT,EEEE,TTTT-EEEE,4,4,0
987409070069403|80001|2,TTTT,TTTT,TTTT-TTTT,4,4,0
987419070179305|79001|2,TTTT,TTTT,TTTT-TTTT,4,4,0
987489750689107|80001|1,NTTT,..TT,NTTT-..TT,4,3,1
987709250829107|80001|1,TTTT,TTTT,TTTT-TTTT,4,4,0
987709250829107|80001|3,NTTT,....,NTTT-....,4,3,1
988006945579950|83001|1,TT..,....,TT..-....,2,2,0
988009345389950|82001|1,TTTT,....,TTTT-....,4,4,0
988053988259730|82001|2,TTTT,....,TTTT-....,4,4,0
988090921479890|83001|1,TT..,....,TT..-....,2,2,0
988096921039890|82001|1,TTTT,EE..,TTTT-EE..,4,4,0
988096935038220|80001|1,TTNT,....,TTNT-....,4,3,2
988179650269208|82001|1,TTTT,....,TTTT-....,4,4,0
988369730616204|80001|1,TTTT,TTTT,TTTT-TTTT,4,4,0
988429250769402|80001|2,TTTT,TTTT,TTTT-TTTT,4,4,0
988479650929405|83001|1,EE.T,....,EE.T-....,3,1,1
988689910109400|83001|4,TTTT,....,TTTT-....,4,4,0
988879050557009|83001|1,TTTT,....,TTTT-....,4,4,0
988879050557009|83001|2,TTTT,....,TTTT-....,4,4,0
988919570339401|79001|2,TTTT,.TTT,TTTT-.TTT,4,4,0
988949170326101|79001|2,TTTT,TTTT,TTTT-TTTT,4,4,0
989027730139220|82001|1,TTTT,TT..,TTTT-TT..,4,4,0
989027730139220|82001|2,TTTT,TT..,TTTT-TT..,4,4,0
989049870069107|79001|2,TTTT,TTTT,TTTT-TTTT,4,4,0
989050323630740|81001|2,TTTT,NNNN,TTTT-NNNN,4,4,0
989065932539130|80001|1,TTTT,....,TTTT-....,4,4,0
989087776339960|83001|2,TTTT,....,TTTT-....,4,4,0
989089976259960|80001|2,TEEE,....,TEEE-....,4,1,1
989090079600218|82001|1,TTTT,....,TTTT-....,4,4,0
989120402290623|87001|2,T...,....,T...-....,1,1,0
989150183390720|80001|2,TTTT,TTTT,TTTT-TTTT,4,4,0
989150183390720|82001|1,TTTT,TTT.,TTTT-TTT.,4,4,0
989220194680663|79001|1,TTTT,TTTT,TTTT-TTTT,4,4,0
989250391660942|81001|1,TTTT,EEEN,TTTT-EEEN,4,4,0
989290994550983|82001|2,TTTT,....,TTTT-....,4,4,0
989339730846109|80001|1,TTTT,TTTT,TTTT-TTTT,4,4,0
989359210449307|83001|2,TTTT,....,TTTT-....,4,4,0
989370251140662|82001|2,TTT.,....,TTT.-....,3,3,0
989460061340623|81001|1,T.TT,TTTT,T.TT-TTTT,3,3,0
989460061340623|81001|2,E.TT,TTTT,E.TT-TTTT,3,2,1
989460373200981|83001|1,T...,....,T...-....,1,1,0
989460373200981|83001|2,T...,....,T...-....,1,1,0
989469770209305|80001|2,TTTT,TTTT,TTTT-TTTT,4,4,0
989470010690643|80001|1,TTTT,TTTT,TTTT-TTTT,4,4,0
989470010690643|80001|2,TTTT,TTTT,TTTT-TTTT,4,4,0
989529070959109|83001|2,TT..,....,TT..-....,2,2,0
989639130039300|81001|1,TTTT,NNNN,TTTT-NNNN,4,4,0
989650777340622|82001|2,TTTT,EEE.,TTTT-EEE.,4,4,0
989689030716302|83001|2,TTTT,....,TTTT-....,4,4,0
989780093250980|82001|2,TTUU,....,TTUU-....,4,2,1
989839230249104|81001|2,TTTT,.TTT,TTTT-.TTT,4,4,0
989890626090963|80001|1,TTTT,TTTT,TTTT-TTTT,4,4,0
989890626090963|81001|1,TTTT,....,TTTT-....,4,4,0
990002510189750|82001|3,TNNE,....,TNNE-....,4,1,2
990076881089580|80001|1,NTNN,TTNN,NTNN-TTNN,4,1,2
990076981039580|80001|2,TTTT,TTTT,TTTT-TTTT,4,4,0
990092880489540|82001|2,TTTT,....,TTTT-....,4,4,0
990096888469220|82001|1,TTTT,....,TTTT-....,4,4,0
990096988039220|81001|1,TTTT,....,TTTT-....,4,4,0
990096988039220|82001|2,TTTT,TT..,TTTT-TT..,4,4,0
990098880429540|81001|1,T.TT,..EE,T.TT-..EE,3,3,0
990126066909690|79001|2,TTTT,TTTT,TTTT-TTTT,4,4,0
990157004146740|83001|2,TTT.,....,TTT.-....,3,3,0
990560094338899|79001|2,TTTT,TTTT,TTTT-TTTT,4,4,0
990597024907594|81001|1,TTTT,TTTT,TTTT-TTTT,4,4,0
990597028904574|79001|2,TNNN,NNNN,TNNN-NNNN,4,1,1
990679870459501|82001|1,TTTT,....,TTTT-....,4,4,0
990695091136149|80001|3,ETEE,EEEE,ETEE-EEEE,4,1,2
990749870836502|79001|1,TTTT,TTTT,TTTT-TTTT,4,4,0
990779070276408|82001|1,T...,....,T...-....,1,1,0
990793090047689|83001|2,TT..,....,TT..-....,2,2,0
990860094308899|81001|1,TTTT,TTTT,TTTT-TTTT,4,4,0
990863092332199|87001|2,T...,....,T...-....,1,1,0
990873092312199|81001|1,TTTE,E...,TTTE-E...,4,3,1
990907064145749|80001|2,TTTT,TTTT,TTTT-TTTT,4,4,0
990914066223399|80001|1,TTTT,TTTT,TTTT-TTTT,4,4,0
990935091117149|80001|2,TTTT,TTTT,TTTT-TTTT,4,4,0
990935091117149|81001|1,TTTT,TTTT,TTTT-TTTT,4,4,0
990970099031329|81001|2,TTTT,TT..,TTTT-TT..,4,4,0
990993070011689|80001|2,TTUU,TTTT,TTUU-TTTT,4,2,1
991003944179500|83001|1,TT..,....,TT..-....,2,2,0
991040989559270|81001|1,TTTT,....,TTTT-....,4,4,0
991041904559660|80001|2,NNTN,NNNN,NNTN-NNNN,4,1,2
991044989239270|81001|2,TTTT,T.TT,TTTT-T.TT,4,4,0
991086485339380|80001|2,TTTT,TTTT,TTTT-TTTT,4,4,0
991086685329380|87001|1,T...,....,T...-....,1,1,0
991089985379380|79001|2,TTTT,TTT.,TTTT-TTT.,4,4,0
991539270409507|79001|1,TTTT,TTTT,TTTT-TTTT,4,4,0
991619910776009|80001|2,TNNN,NNNN,TNNN-NNNN,4,1,1
991759910986500|80001|2,TTTT,TTTT,TTTT-TTTT,4,4,0
991759910986500|81001|1,TTTT,TTTT,TTTT-TTTT,4,4,0
991909530189507|82001|2,TTTT,EE..,TTTT-EE..,4,4,0
991957046909390|83001|2,TTT.,....,TTT.-....,3,3,0
992000680429640|82001|2,TTTT,TTT.,TTTT-TTT.,4,4,0
992008916479720|81001|2,UNUT,TT..,UNUT-TT..,4,1,3
992015024909662|83001|2,TTTT,....,TTTT-....,4,4,0
992038879369280|80001|1,TTTT,TTTT,TTTT-TTTT,4,4,0
992039479379280|80001|1,TTTT,TTTT,TTTT-TTTT,4,4,0
992052863169150|82001|2,TTTT,....,TTTT-....,4,4,0
992059961159260|83001|1,TTTT,....,TTTT-....,4,4,0
992059961159260|83001|2,TTTT,....,TTTT-....,4,4,0
992062884169750|81001|1,TTTE,EEEE,TTTE-EEEE,4,3,1
992065941239280|81001|3,TTTT,TTTT,TTTT-TTTT,4,4,0
992065941239280|83001|1,TEET,....,TEET-....,4,2,2
992065984559750|82001|3,TTTT,....,TTTT-....,4,4,0
992072951139050|81001|2,TTTT,TTTT,TTTT-TTTT,4,4,0
992096813329390|82001|2,TTTT,TTT.,TTTT-TTT.,4,4,0
992360004907792|83001|1,TTTT,....,TTTT-....,4,4,0
992379330469108|80001|1,TTTT,TTTT,TTTT-TTTT,4,4,0
992493097001205|81001|1,TTTT,TTTT,TTTT-TTTT,4,4,0
992689650509109|82001|5,TTN.,....,TTN.-....,3,2,1
993022878449560|80001|1,TTTT,TTTT,TTTT-TTTT,4,4,0
993022878449560|83001|1,E.TT,....,E.TT-....,3,2,1
993039350669205|83001|2,TTTT,....,TTTT-....,4,4,0
993040613529080|81001|2,TTTT,TTTT,TTTT-TTTT,4,4,0
993051914439980|80001|2,TTTT,TNNT,TTTT-TNNT,4,4,0
993053915359140|81001|1,TTTN,NNNN,TTTN-NNNN,4,3,1
993054715359140|80001|1,TTTT,NNTN,TTTT-NNTN,4,4,0
993054715359140|83001|1,TTTT,....,TTTT-....,4,4,0
993055915339140|82001|2,TTTT,TT..,TTTT-TT..,4,4,0
993055915339140|82001|3,TTTT,....,TTTT-....,4,4,0
993057914279980|80001|2,TT..,....,TT..-....,2,2,0
993119570499101|80001|2,TTTT,TTTT,TTTT-TTTT,4,4,0
993566018909097|79001|1,TTTT,TTTT,TTTT-TTTT,4,4,0
993659550129102|80001|1,TTTT,TTTT,TTTT-TTTT,4,4,0
993819070809109|79001|4,EEET,EEEE,EEET-EEEE,4,1,1
993819750869507|82001|3,T.TT,....,T.TT-....,3,3,0
993829870569206|80001|2,TTTT,TTTT,TTTT-TTTT,4,4,0
993847054909096|80001|2,TTTT,EEEE,TTTT-EEEE,4,4,0
993847054909096|83001|1,TTTT,....,TTTT-....,4,4,0
994063869189830|83001|2,T...,....,T...-....,1,1,0
994459770899501|83001|2,TT..,....,TT..-....,2,2,0
994529650409301|81001|1,TTTT,TTTT,TTTT-TTTT,4,4,0
994529650409301|81001|2,TTTT,TTTT,TTTT-TTTT,4,4,0
994529650409301|83001|1,TTTT,....,TTTT-....,4,4,0
994529650409301|83001|2,UTTT,....,UTTT-....,4,3,1
994819068907797|81001|2,TTTT,TTTT,TTTT-TTTT,4,4,0
994859410239504|80001|1,TTT.,.EEE,TTT.-.EEE,3,3,0
995001950559400|82001|2,TTTT,....,TTTT-....,4,4,0
995009330619009|80001|1,TTTT,TTTT,TTTT-TTTT,4,4,0
995014916239060|81001|2,TTTT,TT.T,TTTT-TT.T,4,4,0
995015916079060|79001|2,TTTT,TTTT,TTTT-TTTT,4,4,0
995039996379760|82001|2,TTTT,....,TTTT-....,4,4,0
995042993179370|79001|1,TTTT,TTTT,TTTT-TTTT,4,4,0
995046993279370|79001|2,TTTT,TTTT,TTTT-TTTT,4,4,0
995066054369410|79001|2,TTTN,TTTT,TTTN-TTTT,4,3,1
995066054369410|83001|3,TTT.,....,TTT.-....,3,3,0
995066554349410|83001|1,TTTT,....,TTTT-....,4,4,0
995066754339410|81001|3,TTT.,....,TTT.-....,3,3,0
995066754479410|83001|2,TT..,....,TT..-....,2,2,0
995085970459990|82001|1,EENT,....,EENT-....,4,1,2
995089870479402|81001|2,EEET,UUUU,EEET-UUUU,4,1,1
995569570069500|81001|2,TTTT,TTT.,TTTT-TTT.,4,4,0
996009310616509|83001|1,TTEE,....,TTEE-....,4,2,1
996011811429710|80001|1,TTTE,TTTT,TTTE-TTTT,4,3,1
996016811329710|87001|2,T...,....,T...-....,1,1,0
996018903039080|82001|2,TTTT,.T..,TTTT-.T..,4,4,0
996019870769305|79001|3,TTUN,....,TTUN-....,4,2,2
996024970279550|80001|2,TTTT,TTTT,TTTT-TTTT,4,4,0
996029110869004|80001|2,TTNT,NTTT,TTNT-NTTT,4,3,2
996029870089550|80001|1,TTTT,TTTT,TTTT-TTTT,4,4,0
996029969279910|81001|1,TTTT,TTTT,TTTT-TTTT,4,4,0
996036960239440|82001|1,TTTT,TT..,TTTT-TT..,4,4,0
996037941159560|82001|1,TTTT,....,TTTT-....,4,4,0
996039370669105|80001|2,TTTT,TTTT,TTTT-TTTT,4,4,0
996047874469820|83001|1,TTT.,....,TTT.-....,3,3,0
996061998479730|79001|1,TTTT,TTTT,TTTT-TTTT,4,4,0
996076825089470|79001|1,TTTT,EEEN,TTTT-EEEN,4,4,0
996076825089470|81001|1,TTTT,.ENN,TTTT-.ENN,4,4,0
996077944379520|80001|1,TTTT,TTTT,TTTT-TTTT,4,4,0
996078944039520|81001|1,TTTT,TTTT,TTTT-TTTT,4,4,0
996086716019400|83001|2,TTTT,....,TTTT-....,4,4,0
996088916179400|82001|2,TTTT,....,TTTT-....,4,4,0
996179450479004|83001|1,TTTT,....,TTTT-....,4,4,0
996459770899001|79001|1,TTTT,TTTT,TTTT-TTTT,4,4,0
996469010029303|81001|3,TTTT,NNNN,TTTT-NNNN,4,4,0
996469770519202|79001|2,TTTT,TTTT,TTTT-TTTT,4,4,0
996529870239309|79001|1,TTU.,EEE.,TTU.-EEE.,3,2,1
996579850329100|81001|1,E.TT,EE..,E.TT-EE..,3,2,1
996629410239206|80001|1,TTTT,TTTT,TTTT-TTTT,4,4,0
996679810459501|81001|1,TTTT,TTTT,TTTT-TTTT,4,4,0
996679810459501|81001|2,TTTT,TTTT,TTTT-TTTT,4,4,0
996779010279108|80001|2,NNNT,TTTT,NNNT-TTTT,4,1,1
996809770309209|82001|1,TTTT,....,TTTT-....,4,4,0
997028945459680|80001|1,TTTT,UTTT,TTTT-UTTT,4,4,0
997129350999303|82001|1,TTEE,....,TTEE-....,4,2,1
997179430479304|81001|2,TTTT,EEEE,TTTT-EEEE,4,4,0
997369450999102|81001|1,TNTT,TTTT,TNTT-TTTT,4,3,2
997719650329301|81001|1,TTTT,TTTT,TTTT-TTTT,4,4,0
998077818229650|82001|1,TTTT,TTT.,TTTT-TTT.,4,4,0
998419270509408|83001|2,TT..,....,TT..-....,2,2,0
998589370326300|80001|1,TTTT,TTTT,TTTT-TTTT,4,4,0
998589370326300|80001|2,TTTT,TTTT,TTTT-TTTT,4,4,0
998589370326300|83001|1,TT..,....,TT..-....,2,2,0
998739510296402|81001|2,TTTT,.TTT,TTTT-.TTT,4,4,0
998819750869407|83001|1,TTTT,....,TTTT-....,4,4,0
998919750269005|82001|1,TTT.,....,TTT.-....,3,3,0
999006581029700|81001|1,T...,....,T...-....,1,1,0
999006781019700|81001|2,TTTT,TTTT,TTTT-TTTT,4,4,0
999007881289700|81001|2,TTTT,EE..,TTTT-EE..,4,4,0
999009881269700|80001|1,TTTT,....,TTTT-....,4,4,0
999010503830952|81001|2,TTTT,....,TTTT-....,4,4,0
999020190140971|83001|2,TT..,....,TT..-....,2,2,0
999030602620711|83001|1,TTTT,....,TTTT-....,4,4,0
999040703140912|82001|2,TTTT,TTTT,TTTT-TTTT,4,4,0
999050049980673|83001|1,TT..,....,TT..-....,2,2,0
999055955379680|83001|1,TT..,....,TT..-....,2,2,0
999078917458590|83001|1,TTTT,....,TTTT-....,4,4,0
999090731350711|80001|2,TTTT,TTTT,TTTT-TTTT,4,4,0
999090731350711|83001|1,TTTT,....,TTTT-....,4,4,0
999090731350711|83001|2,TTTT,....,TTTT-....,4,4,0
999150478740953|83001|1,TETT,....,TETT-....,4,3,2
999160103000974|80001|1,TTTT,TTTT,TTTT-TTTT,4,4,0
999170756000653|81001|2,TTTU,EEEE,TTTU-EEEE,4,3,1
999180597600951|80001|2,TTTT,....,TTTT-....,4,4,0
999190072760973|81001|1,TTTT,....,TTTT-....,4,4,0
999210644690673|79001|1,TTT.,EEEE,TTT.-EEEE,3,3,0
999290302530972|81001|1,TTTT,TTTT,TTTT-TTTT,4,4,0
999330542990913|83001|2,TTTU,....,TTTU-....,4,3,1
999350246710673|80001|2,TTTT,TTTT,TTTT-TTTT,4,4,0
999350246710673|81001|2,TTTT,TTTT,TTTT-TTTT,4,4,0
999350246710970|81001|1,TTTT,TTTT,TTTT-TTTT,4,4,0
999350246710970|81001|2,TTTT,EEEE,TTTT-EEEE,4,4,0
999350937540912|80001|2,TTTT,TTEE,TTTT-TTEE,4,4,0
999360677190973|81001|2,TTEE,TTTT,TTEE-TTTT,4,2,1
999360709800611|81001|1,TTUT,TTTT,TTUT-TTTT,4,3,2
999370106880673|82001|1,TTTT,....,TTTT-....,4,4,0
999370106880673|82001|2,TTTT,....,TTTT-....,4,4,0
999370988430631|83001|2,TTTT,....,TTTT-....,4,4,0
999379870006309|79001|4,TTT.,EEET,TTT.-EEET,3,3,0
999400541810652|82001|1,TTTT,....,TTTT-....,4,4,0
999400753640953|81001|1,TTTT,TTTT,TTTT-TTTT,4,4,0
999400753640953|81001|2,TTTT,TTTT,TTTT-TTTT,4,4,0
999420598510912|83001|1,TTTT,....,TTTT-....,4,4,0
999420598510912|83001|2,TTTT,....,TTTT-....,4,4,0
999430152470683|82001|2,TTTT,....,TTTT-....,4,4,0
999430917800912|80001|1,NUTT,TTTT,NUTT-TTTT,4,2,2
999430917800912|80001|2,TTTT,TTTT,TTTT-TTTT,4,4,0
999440668240730|81001|2,TTTT,EEEE,TTTT-EEEE,4,4,0
999450301230973|81001|1,EEET,.E..,EEET-.E..,4,1,1
999480548050973|83001|2,TT..,....,TT..-....,2,2,0
999520493800613|81001|1,TTTT,TTTT,TTTT-TTTT,4,4,0
999530453340972|80001|1,ETTT,TTTT,ETTT-TTTT,4,3,1
999550131790973|80001|2,TTTT,TTTT,TTTT-TTTT,4,4,0
999550641220951|83001|2,NTTT,....,NTTT-....,4,3,1
999560742310633|80001|1,NNNT,NNNN,NNNT-NNNN,4,1,1
999570660920672|81001|1,TTTT,TTTT,TTTT-TTTT,4,4,0
999570781590662|79001|1,TTTT,TTTT,TTTT-TTTT,4,4,0
999609310897100|81001|2,TTTT,TTTT,TTTT-TTTT,4,4,0
999650059270710|82001|2,EETT,EE.E,EETT-EE.E,4,2,1
999660078300971|79001|1,TTTT,TTTT,TTTT-TTTT,4,4,0
999660078300971|79001|2,TTTT,TTTT,TTTT-TTTT,4,4,0
999670582040973|81001|4,TTTT,TNTT,TTTT-TNTT,4,4,0
999670582040973|83001|2,TT..,....,TT..-....,2,2,0
999690113040730|80001|1,TTTT,TTTE,TTTT-TTTE,4,4,0
999690113040730|80001|2,TTTT,TTTE,TTTT-TTTE,4,4,0
999699530339208|83001|1,TTTT,....,TTTT-....,4,4,0
999699730226305|83001|1,TTTT,....,TTTT-....,4,4,0
999699770229105|79001|2,TTTT,T...,TTTT-T...,4,4,0
999699770229105|83001|2,TT..,....,TT..-....,2,2,0
999700245640911|80001|2,TTTT,EEEE,TTTT-EEEE,4,4,0
999720341850654|80001|1,TTUU,EEUN,TTUU-EEUN,4,2,1
999770406690751|80001|2,TTTT,EEEE,TTTT-EEEE,4,4,0
999770504750951|81001|5,TTEE,....,TTEE-....,4,2,1
999770504750951|81001|6,TTUE,....,TTUE-....,4,2,2
999780990030673|82001|1,TTTT,....,TTTT-....,4,4,0
999800287160633|80001|2,TNEE,NNNN,TNEE-NNNN,4,1,2
999800287160633|83001|1,ETTT,....,ETTT-....,4,3,1
999800287160633|83001|2,UEET,....,UEET-....,4,1,2
999820491520911|80001|2,TTT.,....,TTT.-....,3,3,0
999820524080951|80001|2,TTTT,TTTT,TTTT-TTTT,4,4,0
999830273990951|83001|1,TTTT,....,TTTT-....,4,4,0
999840951380913|80001|1,TTTT,TTTT,TTTT-TTTT,4,4,0
999860414650950|81001|1,TTTT,TTTT,TTTT-TTTT,4,4,0
999910976640751|82001|1,TTTT,....,TTTT-....,4,4,0
999940042530911|83001|2,TTTT,....,TTTT-....,4,4,0
999960799600731|80001|1,ENNT,TTTT,ENNT-TTTT,4,1,2
999990398540913|80001|2,TTTT,TTTT,TTTT-TTTT,4,4,0
999990668870952|81001|1,NNTT,....,NNTT-....,4,2,1
